<?xml version="1.0" standalone="yes"?>
<NewDataSet>
  <xs:schema id="NewDataSet" xmlns="" xmlns:xs="http://www.w3.org/2001/XMLSchema" xmlns:msdata="urn:schemas-microsoft-com:xml-msdata">
    <xs:element name="NewDataSet" msdata:IsDataSet="true" msdata:UseCurrentLocale="true">
      <xs:complexType>
        <xs:choice minOccurs="0" maxOccurs="unbounded">
          <xs:element name="Fabbisogno">
            <xs:complexType>
              <xs:sequence>
                <xs:element name="Data" type="xs:string" minOccurs="0" />
                <xs:element name="Mercato" type="xs:string" minOccurs="0" />
                <xs:element name="Ora" type="xs:string" minOccurs="0" />
                <xs:element name="Italia" type="xs:string" minOccurs="0" />
                <xs:element name="CNOR" type="xs:string" minOccurs="0" />
                <xs:element name="CSUD" type="xs:string" minOccurs="0" />
                <xs:element name="NORD" type="xs:string" minOccurs="0" />
                <xs:element name="SARD" type="xs:string" minOccurs="0" />
                <xs:element name="SICI" type="xs:string" minOccurs="0" />
                <xs:element name="SUD" type="xs:string" minOccurs="0" />
              </xs:sequence>
            </xs:complexType>
          </xs:element>
        </xs:choice>
      </xs:complexType>
    </xs:element>
  </xs:schema>
  <Fabbisogno>
    <Data>20170227</Data>
    <Mercato>MGP</Mercato>
    <Ora>1</Ora>
    <Italia>23363,853</Italia>
    <CNOR>2531,087</CNOR>
    <CSUD>3987,3</CSUD>
    <NORD>12428,715</NORD>
    <SARD>818,718</SARD>
    <SICI>1546,785</SICI>
    <SUD>2051,248</SUD>
  </Fabbisogno>
  <Fabbisogno>
    <Data>20170227</Data>
    <Mercato>MGP</Mercato>
    <Ora>2</Ora>
    <Italia>22055,689</Italia>
    <CNOR>2407,587</CNOR>
    <CSUD>3737,338</CSUD>
    <NORD>11749,348</NORD>
    <SARD>789,075</SARD>
    <SICI>1436,821</SICI>
    <SUD>1935,52</SUD>
  </Fabbisogno>
  <Fabbisogno>
    <Data>20170227</Data>
    <Mercato>MGP</Mercato>
    <Ora>3</Ora>
    <Italia>21478,809</Italia>
    <CNOR>2337,658</CNOR>
    <CSUD>3582,051</CSUD>
    <NORD>11526,424</NORD>
    <SARD>764,694</SARD>
    <SICI>1374,951</SICI>
    <SUD>1893,031</SUD>
  </Fabbisogno>
  <Fabbisogno>
    <Data>20170227</Data>
    <Mercato>MGP</Mercato>
    <Ora>4</Ora>
    <Italia>21371,276</Italia>
    <CNOR>2312,589</CNOR>
    <CSUD>3538,953</CSUD>
    <NORD>11578,255</NORD>
    <SARD>756,705</SARD>
    <SICI>1350,05</SICI>
    <SUD>1834,724</SUD>
  </Fabbisogno>
  <Fabbisogno>
    <Data>20170227</Data>
    <Mercato>MGP</Mercato>
    <Ora>5</Ora>
    <Italia>21816,719</Italia>
    <CNOR>2357,11</CNOR>
    <CSUD>3585,824</CSUD>
    <NORD>11891,571</NORD>
    <SARD>765,455</SARD>
    <SICI>1363,517</SICI>
    <SUD>1853,242</SUD>
  </Fabbisogno>
  <Fabbisogno>
    <Data>20170227</Data>
    <Mercato>MGP</Mercato>
    <Ora>6</Ora>
    <Italia>23801,671</Italia>
    <CNOR>2517,534</CNOR>
    <CSUD>3860,032</CSUD>
    <NORD>13303,158</NORD>
    <SARD>782,376</SARD>
    <SICI>1407,76</SICI>
    <SUD>1930,811</SUD>
  </Fabbisogno>
  <Fabbisogno>
    <Data>20170227</Data>
    <Mercato>MGP</Mercato>
    <Ora>7</Ora>
    <Italia>29496,706</Italia>
    <CNOR>2979,832</CNOR>
    <CSUD>4395,406</CSUD>
    <NORD>17517,027</NORD>
    <SARD>890,739</SARD>
    <SICI>1582,725</SICI>
    <SUD>2130,977</SUD>
  </Fabbisogno>
  <Fabbisogno>
    <Data>20170227</Data>
    <Mercato>MGP</Mercato>
    <Ora>8</Ora>
    <Italia>35471,325</Italia>
    <CNOR>3684,411</CNOR>
    <CSUD>5266,458</CSUD>
    <NORD>21048,99</NORD>
    <SARD>1052,435</SARD>
    <SICI>1869,868</SICI>
    <SUD>2549,163</SUD>
  </Fabbisogno>
  <Fabbisogno>
    <Data>20170227</Data>
    <Mercato>MGP</Mercato>
    <Ora>9</Ora>
    <Italia>39962,07</Italia>
    <CNOR>4187,59</CNOR>
    <CSUD>5922,973</CSUD>
    <NORD>23768,492</NORD>
    <SARD>1134,069</SARD>
    <SICI>2142,668</SICI>
    <SUD>2806,278</SUD>
  </Fabbisogno>
  <Fabbisogno>
    <Data>20170227</Data>
    <Mercato>MGP</Mercato>
    <Ora>10</Ora>
    <Italia>41226,948</Italia>
    <CNOR>4328,122</CNOR>
    <CSUD>6031,12</CSUD>
    <NORD>24725,057</NORD>
    <SARD>1124,233</SARD>
    <SICI>2194,069</SICI>
    <SUD>2824,347</SUD>
  </Fabbisogno>
  <Fabbisogno>
    <Data>20170227</Data>
    <Mercato>MGP</Mercato>
    <Ora>11</Ora>
    <Italia>40917,618</Italia>
    <CNOR>4320,249</CNOR>
    <CSUD>6037,492</CSUD>
    <NORD>24625,979</NORD>
    <SARD>1088,763</SARD>
    <SICI>2131,712</SICI>
    <SUD>2713,423</SUD>
  </Fabbisogno>
  <Fabbisogno>
    <Data>20170227</Data>
    <Mercato>MGP</Mercato>
    <Ora>12</Ora>
    <Italia>40329,833</Italia>
    <CNOR>4300,863</CNOR>
    <CSUD>5962,938</CSUD>
    <NORD>24250,361</NORD>
    <SARD>1073,142</SARD>
    <SICI>2095,755</SICI>
    <SUD>2646,774</SUD>
  </Fabbisogno>
  <Fabbisogno>
    <Data>20170227</Data>
    <Mercato>MGP</Mercato>
    <Ora>13</Ora>
    <Italia>38344,362</Italia>
    <CNOR>3958,231</CNOR>
    <CSUD>5860,17</CSUD>
    <NORD>22740,026</NORD>
    <SARD>1059,807</SARD>
    <SICI>2067,743</SICI>
    <SUD>2658,385</SUD>
  </Fabbisogno>
  <Fabbisogno>
    <Data>20170227</Data>
    <Mercato>MGP</Mercato>
    <Ora>14</Ora>
    <Italia>38097,384</Italia>
    <CNOR>3867,467</CNOR>
    <CSUD>5750,529</CSUD>
    <NORD>22823,527</NORD>
    <SARD>1027,273</SARD>
    <SICI>2039,371</SICI>
    <SUD>2589,217</SUD>
  </Fabbisogno>
  <Fabbisogno>
    <Data>20170227</Data>
    <Mercato>MGP</Mercato>
    <Ora>15</Ora>
    <Italia>39224,863</Italia>
    <CNOR>4066,35</CNOR>
    <CSUD>5820,811</CSUD>
    <NORD>23717,255</NORD>
    <SARD>1006,598</SARD>
    <SICI>2038,212</SICI>
    <SUD>2575,637</SUD>
  </Fabbisogno>
  <Fabbisogno>
    <Data>20170227</Data>
    <Mercato>MGP</Mercato>
    <Ora>16</Ora>
    <Italia>39773,909</Italia>
    <CNOR>4219,95</CNOR>
    <CSUD>5915,053</CSUD>
    <NORD>23874,537</NORD>
    <SARD>1015,599</SARD>
    <SICI>2080,824</SICI>
    <SUD>2667,946</SUD>
  </Fabbisogno>
  <Fabbisogno>
    <Data>20170227</Data>
    <Mercato>MGP</Mercato>
    <Ora>17</Ora>
    <Italia>39818,842</Italia>
    <CNOR>4315,449</CNOR>
    <CSUD>5996,219</CSUD>
    <NORD>23468,247</NORD>
    <SARD>1041,948</SARD>
    <SICI>2162,244</SICI>
    <SUD>2834,735</SUD>
  </Fabbisogno>
  <Fabbisogno>
    <Data>20170227</Data>
    <Mercato>MGP</Mercato>
    <Ora>18</Ora>
    <Italia>40376,439</Italia>
    <CNOR>4378,686</CNOR>
    <CSUD>6340,418</CSUD>
    <NORD>23114,01</NORD>
    <SARD>1123,375</SARD>
    <SICI>2279,834</SICI>
    <SUD>3140,116</SUD>
  </Fabbisogno>
  <Fabbisogno>
    <Data>20170227</Data>
    <Mercato>MGP</Mercato>
    <Ora>19</Ora>
    <Italia>41996,733</Italia>
    <CNOR>4613,961</CNOR>
    <CSUD>6894,992</CSUD>
    <NORD>23216,413</NORD>
    <SARD>1206,767</SARD>
    <SICI>2535,647</SICI>
    <SUD>3528,953</SUD>
  </Fabbisogno>
  <Fabbisogno>
    <Data>20170227</Data>
    <Mercato>MGP</Mercato>
    <Ora>20</Ora>
    <Italia>41385,268</Italia>
    <CNOR>4550,809</CNOR>
    <CSUD>7017,37</CSUD>
    <NORD>22469,735</NORD>
    <SARD>1238,761</SARD>
    <SICI>2590,936</SICI>
    <SUD>3517,657</SUD>
  </Fabbisogno>
  <Fabbisogno>
    <Data>20170227</Data>
    <Mercato>MGP</Mercato>
    <Ora>21</Ora>
    <Italia>39360,448</Italia>
    <CNOR>4232,391</CNOR>
    <CSUD>6702,702</CSUD>
    <NORD>21251,834</NORD>
    <SARD>1217,566</SARD>
    <SICI>2544,749</SICI>
    <SUD>3411,206</SUD>
  </Fabbisogno>
  <Fabbisogno>
    <Data>20170227</Data>
    <Mercato>MGP</Mercato>
    <Ora>22</Ora>
    <Italia>36550,025</Italia>
    <CNOR>3897,952</CNOR>
    <CSUD>6165,669</CSUD>
    <NORD>19858,158</NORD>
    <SARD>1123,929</SARD>
    <SICI>2374,602</SICI>
    <SUD>3129,715</SUD>
  </Fabbisogno>
  <Fabbisogno>
    <Data>20170227</Data>
    <Mercato>MGP</Mercato>
    <Ora>23</Ora>
    <Italia>32486,677</Italia>
    <CNOR>3436,893</CNOR>
    <CSUD>5500,738</CSUD>
    <NORD>17651,583</NORD>
    <SARD>1021,571</SARD>
    <SICI>2108,76</SICI>
    <SUD>2767,132</SUD>
  </Fabbisogno>
  <Fabbisogno>
    <Data>20170227</Data>
    <Mercato>MGP</Mercato>
    <Ora>24</Ora>
    <Italia>29467,341</Italia>
    <CNOR>3049,843</CNOR>
    <CSUD>4792,319</CSUD>
    <NORD>16427,501</NORD>
    <SARD>917,967</SARD>
    <SICI>1872,664</SICI>
    <SUD>2407,047</SUD>
  </Fabbisogno>
</NewDataSet>