<?xml version="1.0" standalone="yes"?>
<NewDataSet>
  <xs:schema id="NewDataSet" xmlns="" xmlns:xs="http://www.w3.org/2001/XMLSchema" xmlns:msdata="urn:schemas-microsoft-com:xml-msdata">
    <xs:element name="NewDataSet" msdata:IsDataSet="true" msdata:UseCurrentLocale="true">
      <xs:complexType>
        <xs:choice minOccurs="0" maxOccurs="unbounded">
          <xs:element name="Fabbisogno">
            <xs:complexType>
              <xs:sequence>
                <xs:element name="Data" type="xs:string" minOccurs="0" />
                <xs:element name="Mercato" type="xs:string" minOccurs="0" />
                <xs:element name="Ora" type="xs:string" minOccurs="0" />
                <xs:element name="Italia" type="xs:string" minOccurs="0" />
                <xs:element name="CNOR" type="xs:string" minOccurs="0" />
                <xs:element name="CSUD" type="xs:string" minOccurs="0" />
                <xs:element name="NORD" type="xs:string" minOccurs="0" />
                <xs:element name="SARD" type="xs:string" minOccurs="0" />
                <xs:element name="SICI" type="xs:string" minOccurs="0" />
                <xs:element name="SUD" type="xs:string" minOccurs="0" />
              </xs:sequence>
            </xs:complexType>
          </xs:element>
        </xs:choice>
      </xs:complexType>
    </xs:element>
  </xs:schema>
  <Fabbisogno>
    <Data>20170213</Data>
    <Mercato>MGP</Mercato>
    <Ora>1</Ora>
    <Italia>24049,781</Italia>
    <CNOR>2467,626</CNOR>
    <CSUD>3972,008</CSUD>
    <NORD>13124,157</NORD>
    <SARD>771,017</SARD>
    <SICI>1663,931</SICI>
    <SUD>2051,042</SUD>
  </Fabbisogno>
  <Fabbisogno>
    <Data>20170213</Data>
    <Mercato>MGP</Mercato>
    <Ora>2</Ora>
    <Italia>22497,939</Italia>
    <CNOR>2357,737</CNOR>
    <CSUD>3657,647</CSUD>
    <NORD>12348,746</NORD>
    <SARD>725,513</SARD>
    <SICI>1516,643</SICI>
    <SUD>1891,653</SUD>
  </Fabbisogno>
  <Fabbisogno>
    <Data>20170213</Data>
    <Mercato>MGP</Mercato>
    <Ora>3</Ora>
    <Italia>21980,871</Italia>
    <CNOR>2260,599</CNOR>
    <CSUD>3487,835</CSUD>
    <NORD>12278,46</NORD>
    <SARD>703,238</SARD>
    <SICI>1437,581</SICI>
    <SUD>1813,158</SUD>
  </Fabbisogno>
  <Fabbisogno>
    <Data>20170213</Data>
    <Mercato>MGP</Mercato>
    <Ora>4</Ora>
    <Italia>21850,736</Italia>
    <CNOR>2303,138</CNOR>
    <CSUD>3460,559</CSUD>
    <NORD>12186,119</NORD>
    <SARD>698,253</SARD>
    <SICI>1406,324</SICI>
    <SUD>1796,343</SUD>
  </Fabbisogno>
  <Fabbisogno>
    <Data>20170213</Data>
    <Mercato>MGP</Mercato>
    <Ora>5</Ora>
    <Italia>22193,682</Italia>
    <CNOR>2323,322</CNOR>
    <CSUD>3485,373</CSUD>
    <NORD>12456,757</NORD>
    <SARD>703,803</SARD>
    <SICI>1411,771</SICI>
    <SUD>1812,656</SUD>
  </Fabbisogno>
  <Fabbisogno>
    <Data>20170213</Data>
    <Mercato>MGP</Mercato>
    <Ora>6</Ora>
    <Italia>24104,823</Italia>
    <CNOR>2505,961</CNOR>
    <CSUD>3749,453</CSUD>
    <NORD>13716,565</NORD>
    <SARD>737,409</SARD>
    <SICI>1490,831</SICI>
    <SUD>1904,604</SUD>
  </Fabbisogno>
  <Fabbisogno>
    <Data>20170213</Data>
    <Mercato>MGP</Mercato>
    <Ora>7</Ora>
    <Italia>29877,973</Italia>
    <CNOR>3053,063</CNOR>
    <CSUD>4470,878</CSUD>
    <NORD>17611,678</NORD>
    <SARD>854,517</SARD>
    <SICI>1683,731</SICI>
    <SUD>2204,106</SUD>
  </Fabbisogno>
  <Fabbisogno>
    <Data>20170213</Data>
    <Mercato>MGP</Mercato>
    <Ora>8</Ora>
    <Italia>36011,08</Italia>
    <CNOR>3768,467</CNOR>
    <CSUD>5313,795</CSUD>
    <NORD>21341,009</NORD>
    <SARD>1010,433</SARD>
    <SICI>1998,844</SICI>
    <SUD>2578,532</SUD>
  </Fabbisogno>
  <Fabbisogno>
    <Data>20170213</Data>
    <Mercato>MGP</Mercato>
    <Ora>9</Ora>
    <Italia>41158,026</Italia>
    <CNOR>4444,614</CNOR>
    <CSUD>5943,13</CSUD>
    <NORD>24503,354</NORD>
    <SARD>1088,058</SARD>
    <SICI>2286,265</SICI>
    <SUD>2892,605</SUD>
  </Fabbisogno>
  <Fabbisogno>
    <Data>20170213</Data>
    <Mercato>MGP</Mercato>
    <Ora>10</Ora>
    <Italia>42344,41</Italia>
    <CNOR>4607,736</CNOR>
    <CSUD>6187,529</CSUD>
    <NORD>25228,402</NORD>
    <SARD>1088,049</SARD>
    <SICI>2342,522</SICI>
    <SUD>2890,172</SUD>
  </Fabbisogno>
  <Fabbisogno>
    <Data>20170213</Data>
    <Mercato>MGP</Mercato>
    <Ora>11</Ora>
    <Italia>41944,192</Italia>
    <CNOR>4611,289</CNOR>
    <CSUD>6170,606</CSUD>
    <NORD>25024,385</NORD>
    <SARD>1047,824</SARD>
    <SICI>2293,957</SICI>
    <SUD>2796,131</SUD>
  </Fabbisogno>
  <Fabbisogno>
    <Data>20170213</Data>
    <Mercato>MGP</Mercato>
    <Ora>12</Ora>
    <Italia>41374,218</Italia>
    <CNOR>4579,173</CNOR>
    <CSUD>6094,081</CSUD>
    <NORD>24682,244</NORD>
    <SARD>1023,494</SARD>
    <SICI>2244,307</SICI>
    <SUD>2750,919</SUD>
  </Fabbisogno>
  <Fabbisogno>
    <Data>20170213</Data>
    <Mercato>MGP</Mercato>
    <Ora>13</Ora>
    <Italia>39519,603</Italia>
    <CNOR>4291,046</CNOR>
    <CSUD>5985,448</CSUD>
    <NORD>23261,485</NORD>
    <SARD>1013,664</SARD>
    <SICI>2217,774</SICI>
    <SUD>2750,186</SUD>
  </Fabbisogno>
  <Fabbisogno>
    <Data>20170213</Data>
    <Mercato>MGP</Mercato>
    <Ora>14</Ora>
    <Italia>39322,935</Italia>
    <CNOR>4198,01</CNOR>
    <CSUD>5816,714</CSUD>
    <NORD>23478,759</NORD>
    <SARD>978,465</SARD>
    <SICI>2182,016</SICI>
    <SUD>2668,971</SUD>
  </Fabbisogno>
  <Fabbisogno>
    <Data>20170213</Data>
    <Mercato>MGP</Mercato>
    <Ora>15</Ora>
    <Italia>40584,413</Italia>
    <CNOR>4443,885</CNOR>
    <CSUD>5894,513</CSUD>
    <NORD>24424,672</NORD>
    <SARD>959,593999999999</SARD>
    <SICI>2203,557</SICI>
    <SUD>2658,192</SUD>
  </Fabbisogno>
  <Fabbisogno>
    <Data>20170213</Data>
    <Mercato>MGP</Mercato>
    <Ora>16</Ora>
    <Italia>41085,719</Italia>
    <CNOR>4484,828</CNOR>
    <CSUD>5998,748</CSUD>
    <NORD>24638,801</NORD>
    <SARD>984,008</SARD>
    <SICI>2211,309</SICI>
    <SUD>2768,025</SUD>
  </Fabbisogno>
  <Fabbisogno>
    <Data>20170213</Data>
    <Mercato>MGP</Mercato>
    <Ora>17</Ora>
    <Italia>41646,364</Italia>
    <CNOR>4599,376</CNOR>
    <CSUD>6159,567</CSUD>
    <NORD>24602,36</NORD>
    <SARD>1017,503</SARD>
    <SICI>2316,812</SICI>
    <SUD>2950,746</SUD>
  </Fabbisogno>
  <Fabbisogno>
    <Data>20170213</Data>
    <Mercato>MGP</Mercato>
    <Ora>18</Ora>
    <Italia>42619,389</Italia>
    <CNOR>4702,47</CNOR>
    <CSUD>6527,086</CSUD>
    <NORD>24553,456</NORD>
    <SARD>1069,243</SARD>
    <SICI>2460,897</SICI>
    <SUD>3306,237</SUD>
  </Fabbisogno>
  <Fabbisogno>
    <Data>20170213</Data>
    <Mercato>MGP</Mercato>
    <Ora>19</Ora>
    <Italia>44014,677</Italia>
    <CNOR>4848,677</CNOR>
    <CSUD>7027,738</CSUD>
    <NORD>24678,58</NORD>
    <SARD>1169,831</SARD>
    <SICI>2706,377</SICI>
    <SUD>3583,474</SUD>
  </Fabbisogno>
  <Fabbisogno>
    <Data>20170213</Data>
    <Mercato>MGP</Mercato>
    <Ora>20</Ora>
    <Italia>42748,805</Italia>
    <CNOR>4701,812</CNOR>
    <CSUD>7066,144</CSUD>
    <NORD>23466,65</NORD>
    <SARD>1196,984</SARD>
    <SICI>2754,778</SICI>
    <SUD>3562,437</SUD>
  </Fabbisogno>
  <Fabbisogno>
    <Data>20170213</Data>
    <Mercato>MGP</Mercato>
    <Ora>21</Ora>
    <Italia>40374,748</Italia>
    <CNOR>4354,286</CNOR>
    <CSUD>6717,576</CSUD>
    <NORD>21974,802</NORD>
    <SARD>1176,021</SARD>
    <SICI>2680,177</SICI>
    <SUD>3471,886</SUD>
  </Fabbisogno>
  <Fabbisogno>
    <Data>20170213</Data>
    <Mercato>MGP</Mercato>
    <Ora>22</Ora>
    <Italia>37552,182</Italia>
    <CNOR>4050,758</CNOR>
    <CSUD>6301,186</CSUD>
    <NORD>20425,65</NORD>
    <SARD>1092,91</SARD>
    <SICI>2498,057</SICI>
    <SUD>3183,621</SUD>
  </Fabbisogno>
  <Fabbisogno>
    <Data>20170213</Data>
    <Mercato>MGP</Mercato>
    <Ora>23</Ora>
    <Italia>33578,518</Italia>
    <CNOR>3543,881</CNOR>
    <CSUD>5609,96</CSUD>
    <NORD>18362,353</NORD>
    <SARD>993,091</SARD>
    <SICI>2241,568</SICI>
    <SUD>2827,665</SUD>
  </Fabbisogno>
  <Fabbisogno>
    <Data>20170213</Data>
    <Mercato>MGP</Mercato>
    <Ora>24</Ora>
    <Italia>30240,02</Italia>
    <CNOR>3125,854</CNOR>
    <CSUD>4800,227</CSUD>
    <NORD>17045,575</NORD>
    <SARD>886,01</SARD>
    <SICI>1938,666</SICI>
    <SUD>2443,688</SUD>
  </Fabbisogno>
</NewDataSet>