<?xml version="1.0" standalone="yes"?>
<NewDataSet>
  <xs:schema id="NewDataSet" xmlns="" xmlns:xs="http://www.w3.org/2001/XMLSchema" xmlns:msdata="urn:schemas-microsoft-com:xml-msdata">
    <xs:element name="NewDataSet" msdata:IsDataSet="true" msdata:UseCurrentLocale="true">
      <xs:complexType>
        <xs:choice minOccurs="0" maxOccurs="unbounded">
          <xs:element name="Fabbisogno">
            <xs:complexType>
              <xs:sequence>
                <xs:element name="Data" type="xs:string" minOccurs="0" />
                <xs:element name="Mercato" type="xs:string" minOccurs="0" />
                <xs:element name="Ora" type="xs:string" minOccurs="0" />
                <xs:element name="Italia" type="xs:string" minOccurs="0" />
                <xs:element name="CNOR" type="xs:string" minOccurs="0" />
                <xs:element name="CSUD" type="xs:string" minOccurs="0" />
                <xs:element name="NORD" type="xs:string" minOccurs="0" />
                <xs:element name="SARD" type="xs:string" minOccurs="0" />
                <xs:element name="SICI" type="xs:string" minOccurs="0" />
                <xs:element name="SUD" type="xs:string" minOccurs="0" />
              </xs:sequence>
            </xs:complexType>
          </xs:element>
        </xs:choice>
      </xs:complexType>
    </xs:element>
  </xs:schema>
  <Fabbisogno>
    <Data>20170220</Data>
    <Mercato>MGP</Mercato>
    <Ora>1</Ora>
    <Italia>23479,131</Italia>
    <CNOR>2510,315</CNOR>
    <CSUD>3928,507</CSUD>
    <NORD>12692,255</NORD>
    <SARD>778,306</SARD>
    <SICI>1525,408</SICI>
    <SUD>2044,34</SUD>
  </Fabbisogno>
  <Fabbisogno>
    <Data>20170220</Data>
    <Mercato>MGP</Mercato>
    <Ora>2</Ora>
    <Italia>21973,189</Italia>
    <CNOR>2377,267</CNOR>
    <CSUD>3637,705</CSUD>
    <NORD>11930,835</NORD>
    <SARD>733,56</SARD>
    <SICI>1393,47</SICI>
    <SUD>1900,352</SUD>
  </Fabbisogno>
  <Fabbisogno>
    <Data>20170220</Data>
    <Mercato>MGP</Mercato>
    <Ora>3</Ora>
    <Italia>21543,014</Italia>
    <CNOR>2363,913</CNOR>
    <CSUD>3495,71</CSUD>
    <NORD>11809,58</NORD>
    <SARD>712,136</SARD>
    <SICI>1317,363</SICI>
    <SUD>1844,312</SUD>
  </Fabbisogno>
  <Fabbisogno>
    <Data>20170220</Data>
    <Mercato>MGP</Mercato>
    <Ora>4</Ora>
    <Italia>21403,49</Italia>
    <CNOR>2319,287</CNOR>
    <CSUD>3463,348</CSUD>
    <NORD>11795,105</NORD>
    <SARD>710,5</SARD>
    <SICI>1294,653</SICI>
    <SUD>1820,597</SUD>
  </Fabbisogno>
  <Fabbisogno>
    <Data>20170220</Data>
    <Mercato>MGP</Mercato>
    <Ora>5</Ora>
    <Italia>21766,553</Italia>
    <CNOR>2339,115</CNOR>
    <CSUD>3486,33</CSUD>
    <NORD>12111,717</NORD>
    <SARD>709,769</SARD>
    <SICI>1294,776</SICI>
    <SUD>1824,846</SUD>
  </Fabbisogno>
  <Fabbisogno>
    <Data>20170220</Data>
    <Mercato>MGP</Mercato>
    <Ora>6</Ora>
    <Italia>23810,214</Italia>
    <CNOR>2519,032</CNOR>
    <CSUD>3740,872</CSUD>
    <NORD>13518,612</NORD>
    <SARD>743,158</SARD>
    <SICI>1368,37</SICI>
    <SUD>1920,17</SUD>
  </Fabbisogno>
  <Fabbisogno>
    <Data>20170220</Data>
    <Mercato>MGP</Mercato>
    <Ora>7</Ora>
    <Italia>29653,905</Italia>
    <CNOR>3059,615</CNOR>
    <CSUD>4412,326</CSUD>
    <NORD>17567,249</NORD>
    <SARD>859,344</SARD>
    <SICI>1566,199</SICI>
    <SUD>2189,172</SUD>
  </Fabbisogno>
  <Fabbisogno>
    <Data>20170220</Data>
    <Mercato>MGP</Mercato>
    <Ora>8</Ora>
    <Italia>35736,374</Italia>
    <CNOR>3701,643</CNOR>
    <CSUD>5301,559</CSUD>
    <NORD>21335,201</NORD>
    <SARD>1008,85</SARD>
    <SICI>1855,83</SICI>
    <SUD>2533,291</SUD>
  </Fabbisogno>
  <Fabbisogno>
    <Data>20170220</Data>
    <Mercato>MGP</Mercato>
    <Ora>9</Ora>
    <Italia>40310,708</Italia>
    <CNOR>4288,059</CNOR>
    <CSUD>5846,343</CSUD>
    <NORD>24125,723</NORD>
    <SARD>1090,124</SARD>
    <SICI>2105,482</SICI>
    <SUD>2854,977</SUD>
  </Fabbisogno>
  <Fabbisogno>
    <Data>20170220</Data>
    <Mercato>MGP</Mercato>
    <Ora>10</Ora>
    <Italia>41347,707</Italia>
    <CNOR>4434,126</CNOR>
    <CSUD>6109,256</CSUD>
    <NORD>24647,549</NORD>
    <SARD>1098,32</SARD>
    <SICI>2177,91</SICI>
    <SUD>2880,546</SUD>
  </Fabbisogno>
  <Fabbisogno>
    <Data>20170220</Data>
    <Mercato>MGP</Mercato>
    <Ora>11</Ora>
    <Italia>40714,491</Italia>
    <CNOR>4398,858</CNOR>
    <CSUD>6108,86</CSUD>
    <NORD>24200,713</NORD>
    <SARD>1068,685</SARD>
    <SICI>2127,462</SICI>
    <SUD>2809,913</SUD>
  </Fabbisogno>
  <Fabbisogno>
    <Data>20170220</Data>
    <Mercato>MGP</Mercato>
    <Ora>12</Ora>
    <Italia>40343,514</Italia>
    <CNOR>4398,065</CNOR>
    <CSUD>6038,741</CSUD>
    <NORD>23957,025</NORD>
    <SARD>1050,468</SARD>
    <SICI>2098,683</SICI>
    <SUD>2800,532</SUD>
  </Fabbisogno>
  <Fabbisogno>
    <Data>20170220</Data>
    <Mercato>MGP</Mercato>
    <Ora>13</Ora>
    <Italia>38278,591</Italia>
    <CNOR>4056,638</CNOR>
    <CSUD>5967,799</CSUD>
    <NORD>22352,221</NORD>
    <SARD>1042,216</SARD>
    <SICI>2071,912</SICI>
    <SUD>2787,805</SUD>
  </Fabbisogno>
  <Fabbisogno>
    <Data>20170220</Data>
    <Mercato>MGP</Mercato>
    <Ora>14</Ora>
    <Italia>38084,707</Italia>
    <CNOR>3974,335</CNOR>
    <CSUD>5797,368</CSUD>
    <NORD>22552,674</NORD>
    <SARD>1007,034</SARD>
    <SICI>2056,726</SICI>
    <SUD>2696,57</SUD>
  </Fabbisogno>
  <Fabbisogno>
    <Data>20170220</Data>
    <Mercato>MGP</Mercato>
    <Ora>15</Ora>
    <Italia>39473,985</Italia>
    <CNOR>4197,044</CNOR>
    <CSUD>5885,805</CSUD>
    <NORD>23595,603</NORD>
    <SARD>995,265</SARD>
    <SICI>2109,258</SICI>
    <SUD>2691,01</SUD>
  </Fabbisogno>
  <Fabbisogno>
    <Data>20170220</Data>
    <Mercato>MGP</Mercato>
    <Ora>16</Ora>
    <Italia>39995,11</Italia>
    <CNOR>4291,149</CNOR>
    <CSUD>6013</CSUD>
    <NORD>23773,345</NORD>
    <SARD>1006,849</SARD>
    <SICI>2134,827</SICI>
    <SUD>2775,94</SUD>
  </Fabbisogno>
  <Fabbisogno>
    <Data>20170220</Data>
    <Mercato>MGP</Mercato>
    <Ora>17</Ora>
    <Italia>40719,004</Italia>
    <CNOR>4404,104</CNOR>
    <CSUD>6200,735</CSUD>
    <NORD>23936,114</NORD>
    <SARD>1029,163</SARD>
    <SICI>2219,912</SICI>
    <SUD>2928,976</SUD>
  </Fabbisogno>
  <Fabbisogno>
    <Data>20170220</Data>
    <Mercato>MGP</Mercato>
    <Ora>18</Ora>
    <Italia>41931,476</Italia>
    <CNOR>4545,844</CNOR>
    <CSUD>6626,264</CSUD>
    <NORD>23950,652</NORD>
    <SARD>1101,756</SARD>
    <SICI>2393,026</SICI>
    <SUD>3313,934</SUD>
  </Fabbisogno>
  <Fabbisogno>
    <Data>20170220</Data>
    <Mercato>MGP</Mercato>
    <Ora>19</Ora>
    <Italia>43443,415</Italia>
    <CNOR>4806,626</CNOR>
    <CSUD>7127,668</CSUD>
    <NORD>24102,816</NORD>
    <SARD>1196,748</SARD>
    <SICI>2623,965</SICI>
    <SUD>3585,592</SUD>
  </Fabbisogno>
  <Fabbisogno>
    <Data>20170220</Data>
    <Mercato>MGP</Mercato>
    <Ora>20</Ora>
    <Italia>42447,597</Italia>
    <CNOR>4639,586</CNOR>
    <CSUD>7134,953</CSUD>
    <NORD>23214,371</NORD>
    <SARD>1212,158</SARD>
    <SICI>2661,929</SICI>
    <SUD>3584,6</SUD>
  </Fabbisogno>
  <Fabbisogno>
    <Data>20170220</Data>
    <Mercato>MGP</Mercato>
    <Ora>21</Ora>
    <Italia>40412,007</Italia>
    <CNOR>4331,259</CNOR>
    <CSUD>6853,704</CSUD>
    <NORD>21957,161</NORD>
    <SARD>1190,344</SARD>
    <SICI>2605,447</SICI>
    <SUD>3474,092</SUD>
  </Fabbisogno>
  <Fabbisogno>
    <Data>20170220</Data>
    <Mercato>MGP</Mercato>
    <Ora>22</Ora>
    <Italia>37424,277</Italia>
    <CNOR>4028,085</CNOR>
    <CSUD>6293,694</CSUD>
    <NORD>20393,415</NORD>
    <SARD>1100,463</SARD>
    <SICI>2438,747</SICI>
    <SUD>3169,873</SUD>
  </Fabbisogno>
  <Fabbisogno>
    <Data>20170220</Data>
    <Mercato>MGP</Mercato>
    <Ora>23</Ora>
    <Italia>33389,835</Italia>
    <CNOR>3580,428</CNOR>
    <CSUD>5638,269</CSUD>
    <NORD>18144,223</NORD>
    <SARD>995,904</SARD>
    <SICI>2206,092</SICI>
    <SUD>2824,919</SUD>
  </Fabbisogno>
  <Fabbisogno>
    <Data>20170220</Data>
    <Mercato>MGP</Mercato>
    <Ora>24</Ora>
    <Italia>30089,716</Italia>
    <CNOR>3088,684</CNOR>
    <CSUD>4786,235</CSUD>
    <NORD>17021,257</NORD>
    <SARD>890,094</SARD>
    <SICI>1886,585</SICI>
    <SUD>2416,861</SUD>
  </Fabbisogno>
</NewDataSet>