<?xml version="1.0" standalone="yes"?>
<NewDataSet>
  <xs:schema id="NewDataSet" xmlns="" xmlns:xs="http://www.w3.org/2001/XMLSchema" xmlns:msdata="urn:schemas-microsoft-com:xml-msdata">
    <xs:element name="NewDataSet" msdata:IsDataSet="true" msdata:UseCurrentLocale="true">
      <xs:complexType>
        <xs:choice minOccurs="0" maxOccurs="unbounded">
          <xs:element name="Fabbisogno">
            <xs:complexType>
              <xs:sequence>
                <xs:element name="Data" type="xs:string" minOccurs="0" />
                <xs:element name="Mercato" type="xs:string" minOccurs="0" />
                <xs:element name="Ora" type="xs:string" minOccurs="0" />
                <xs:element name="Italia" type="xs:string" minOccurs="0" />
                <xs:element name="CNOR" type="xs:string" minOccurs="0" />
                <xs:element name="CSUD" type="xs:string" minOccurs="0" />
                <xs:element name="NORD" type="xs:string" minOccurs="0" />
                <xs:element name="SARD" type="xs:string" minOccurs="0" />
                <xs:element name="SICI" type="xs:string" minOccurs="0" />
                <xs:element name="SUD" type="xs:string" minOccurs="0" />
              </xs:sequence>
            </xs:complexType>
          </xs:element>
        </xs:choice>
      </xs:complexType>
    </xs:element>
  </xs:schema>
  <Fabbisogno>
    <Data>20170203</Data>
    <Mercato>MGP</Mercato>
    <Ora>1</Ora>
    <Italia>27567,112</Italia>
    <CNOR>2838,741</CNOR>
    <CSUD>4056,116</CSUD>
    <NORD>16207,553</NORD>
    <SARD>779,727</SARD>
    <SICI>1612,651</SICI>
    <SUD>2072,324</SUD>
  </Fabbisogno>
  <Fabbisogno>
    <Data>20170203</Data>
    <Mercato>MGP</Mercato>
    <Ora>2</Ora>
    <Italia>25887,77</Italia>
    <CNOR>2659,206</CNOR>
    <CSUD>3711,734</CSUD>
    <NORD>15402,669</NORD>
    <SARD>726,496</SARD>
    <SICI>1446,185</SICI>
    <SUD>1941,48</SUD>
  </Fabbisogno>
  <Fabbisogno>
    <Data>20170203</Data>
    <Mercato>MGP</Mercato>
    <Ora>3</Ora>
    <Italia>25086,821</Italia>
    <CNOR>2563,4</CNOR>
    <CSUD>3545,652</CSUD>
    <NORD>15036,469</NORD>
    <SARD>703,495</SARD>
    <SICI>1367,183</SICI>
    <SUD>1870,622</SUD>
  </Fabbisogno>
  <Fabbisogno>
    <Data>20170203</Data>
    <Mercato>MGP</Mercato>
    <Ora>4</Ora>
    <Italia>24780,901</Italia>
    <CNOR>2554,946</CNOR>
    <CSUD>3477,011</CSUD>
    <NORD>14894,897</NORD>
    <SARD>697,441</SARD>
    <SICI>1342,06</SICI>
    <SUD>1814,546</SUD>
  </Fabbisogno>
  <Fabbisogno>
    <Data>20170203</Data>
    <Mercato>MGP</Mercato>
    <Ora>5</Ora>
    <Italia>25528,699</Italia>
    <CNOR>2727,816</CNOR>
    <CSUD>3652,767</CSUD>
    <NORD>15223,867</NORD>
    <SARD>707,357</SARD>
    <SICI>1364,665</SICI>
    <SUD>1852,227</SUD>
  </Fabbisogno>
  <Fabbisogno>
    <Data>20170203</Data>
    <Mercato>MGP</Mercato>
    <Ora>6</Ora>
    <Italia>27098,671</Italia>
    <CNOR>2918,214</CNOR>
    <CSUD>3907,725</CSUD>
    <NORD>16131,222</NORD>
    <SARD>743,241</SARD>
    <SICI>1447,203</SICI>
    <SUD>1951,066</SUD>
  </Fabbisogno>
  <Fabbisogno>
    <Data>20170203</Data>
    <Mercato>MGP</Mercato>
    <Ora>7</Ora>
    <Italia>31854,992</Italia>
    <CNOR>3183</CNOR>
    <CSUD>4524,868</CSUD>
    <NORD>19486,434</NORD>
    <SARD>857,349</SARD>
    <SICI>1637,59</SICI>
    <SUD>2165,751</SUD>
  </Fabbisogno>
  <Fabbisogno>
    <Data>20170203</Data>
    <Mercato>MGP</Mercato>
    <Ora>8</Ora>
    <Italia>38484,286</Italia>
    <CNOR>4037,266</CNOR>
    <CSUD>5625,095</CSUD>
    <NORD>23099,102</NORD>
    <SARD>1044,485</SARD>
    <SICI>2018,173</SICI>
    <SUD>2660,165</SUD>
  </Fabbisogno>
  <Fabbisogno>
    <Data>20170203</Data>
    <Mercato>MGP</Mercato>
    <Ora>9</Ora>
    <Italia>41929,686</Italia>
    <CNOR>4432,187</CNOR>
    <CSUD>5900,895</CSUD>
    <NORD>25390,607</NORD>
    <SARD>1120,541</SARD>
    <SICI>2214,389</SICI>
    <SUD>2871,067</SUD>
  </Fabbisogno>
  <Fabbisogno>
    <Data>20170203</Data>
    <Mercato>MGP</Mercato>
    <Ora>10</Ora>
    <Italia>42635,938</Italia>
    <CNOR>4576,475</CNOR>
    <CSUD>6043,436</CSUD>
    <NORD>25782,637</NORD>
    <SARD>1090,091</SARD>
    <SICI>2260,978</SICI>
    <SUD>2882,321</SUD>
  </Fabbisogno>
  <Fabbisogno>
    <Data>20170203</Data>
    <Mercato>MGP</Mercato>
    <Ora>11</Ora>
    <Italia>41913,569</Italia>
    <CNOR>4422,076</CNOR>
    <CSUD>5926,37</CSUD>
    <NORD>25574,512</NORD>
    <SARD>1031,966</SARD>
    <SICI>2180,32</SICI>
    <SUD>2778,325</SUD>
  </Fabbisogno>
  <Fabbisogno>
    <Data>20170203</Data>
    <Mercato>MGP</Mercato>
    <Ora>12</Ora>
    <Italia>41246,979</Italia>
    <CNOR>4314,198</CNOR>
    <CSUD>5890,547</CSUD>
    <NORD>25249,57</NORD>
    <SARD>996,174</SARD>
    <SICI>2123,548</SICI>
    <SUD>2672,942</SUD>
  </Fabbisogno>
  <Fabbisogno>
    <Data>20170203</Data>
    <Mercato>MGP</Mercato>
    <Ora>13</Ora>
    <Italia>38913,406</Italia>
    <CNOR>4013,157</CNOR>
    <CSUD>5746,283</CSUD>
    <NORD>23382,207</NORD>
    <SARD>981,294</SARD>
    <SICI>2106,09</SICI>
    <SUD>2684,375</SUD>
  </Fabbisogno>
  <Fabbisogno>
    <Data>20170203</Data>
    <Mercato>MGP</Mercato>
    <Ora>14</Ora>
    <Italia>38283,971</Italia>
    <CNOR>3884,196</CNOR>
    <CSUD>5647,64</CSUD>
    <NORD>23161,583</NORD>
    <SARD>957,015999999999</SARD>
    <SICI>2055,219</SICI>
    <SUD>2578,317</SUD>
  </Fabbisogno>
  <Fabbisogno>
    <Data>20170203</Data>
    <Mercato>MGP</Mercato>
    <Ora>15</Ora>
    <Italia>39618,465</Italia>
    <CNOR>4145,861</CNOR>
    <CSUD>5627,791</CSUD>
    <NORD>24307,25</NORD>
    <SARD>932,481</SARD>
    <SICI>2056,439</SICI>
    <SUD>2548,643</SUD>
  </Fabbisogno>
  <Fabbisogno>
    <Data>20170203</Data>
    <Mercato>MGP</Mercato>
    <Ora>16</Ora>
    <Italia>40175,232</Italia>
    <CNOR>4252,934</CNOR>
    <CSUD>5771,193</CSUD>
    <NORD>24428,854</NORD>
    <SARD>950,862</SARD>
    <SICI>2104,235</SICI>
    <SUD>2667,154</SUD>
  </Fabbisogno>
  <Fabbisogno>
    <Data>20170203</Data>
    <Mercato>MGP</Mercato>
    <Ora>17</Ora>
    <Italia>40972,827</Italia>
    <CNOR>4382,455</CNOR>
    <CSUD>5939,861</CSUD>
    <NORD>24597,588</NORD>
    <SARD>993,66</SARD>
    <SICI>2220,993</SICI>
    <SUD>2838,27</SUD>
  </Fabbisogno>
  <Fabbisogno>
    <Data>20170203</Data>
    <Mercato>MGP</Mercato>
    <Ora>18</Ora>
    <Italia>41945,656</Italia>
    <CNOR>4486,178</CNOR>
    <CSUD>6364,067</CSUD>
    <NORD>24378,725</NORD>
    <SARD>1070,686</SARD>
    <SICI>2408,661</SICI>
    <SUD>3237,339</SUD>
  </Fabbisogno>
  <Fabbisogno>
    <Data>20170203</Data>
    <Mercato>MGP</Mercato>
    <Ora>19</Ora>
    <Italia>43512,233</Italia>
    <CNOR>4680,127</CNOR>
    <CSUD>6826,198</CSUD>
    <NORD>24704,187</NORD>
    <SARD>1187,707</SARD>
    <SICI>2606,086</SICI>
    <SUD>3507,928</SUD>
  </Fabbisogno>
  <Fabbisogno>
    <Data>20170203</Data>
    <Mercato>MGP</Mercato>
    <Ora>20</Ora>
    <Italia>42297,11</Italia>
    <CNOR>4582,857</CNOR>
    <CSUD>6881,119</CSUD>
    <NORD>23523,829</NORD>
    <SARD>1195,913</SARD>
    <SICI>2639,599</SICI>
    <SUD>3473,793</SUD>
  </Fabbisogno>
  <Fabbisogno>
    <Data>20170203</Data>
    <Mercato>MGP</Mercato>
    <Ora>21</Ora>
    <Italia>39724,247</Italia>
    <CNOR>4183,863</CNOR>
    <CSUD>6568,504</CSUD>
    <NORD>21904,292</NORD>
    <SARD>1167,9</SARD>
    <SICI>2563,798</SICI>
    <SUD>3335,89</SUD>
  </Fabbisogno>
  <Fabbisogno>
    <Data>20170203</Data>
    <Mercato>MGP</Mercato>
    <Ora>22</Ora>
    <Italia>36999,241</Italia>
    <CNOR>3940,637</CNOR>
    <CSUD>6115,741</CSUD>
    <NORD>20404,891</NORD>
    <SARD>1083,645</SARD>
    <SICI>2386,874</SICI>
    <SUD>3067,453</SUD>
  </Fabbisogno>
  <Fabbisogno>
    <Data>20170203</Data>
    <Mercato>MGP</Mercato>
    <Ora>23</Ora>
    <Italia>33409,047</Italia>
    <CNOR>3477,03</CNOR>
    <CSUD>5435,872</CSUD>
    <NORD>18574,097</NORD>
    <SARD>992,22</SARD>
    <SICI>2184,035</SICI>
    <SUD>2745,793</SUD>
  </Fabbisogno>
  <Fabbisogno>
    <Data>20170203</Data>
    <Mercato>MGP</Mercato>
    <Ora>24</Ora>
    <Italia>29935,413</Italia>
    <CNOR>3063,787</CNOR>
    <CSUD>4731,76</CSUD>
    <NORD>17039,407</NORD>
    <SARD>883,033</SARD>
    <SICI>1864,831</SICI>
    <SUD>2352,595</SUD>
  </Fabbisogno>
</NewDataSet>