<?xml version="1.0" standalone="yes"?>
<NewDataSet>
  <xs:schema id="NewDataSet" xmlns="" xmlns:xs="http://www.w3.org/2001/XMLSchema" xmlns:msdata="urn:schemas-microsoft-com:xml-msdata">
    <xs:element name="NewDataSet" msdata:IsDataSet="true" msdata:UseCurrentLocale="true">
      <xs:complexType>
        <xs:choice minOccurs="0" maxOccurs="unbounded">
          <xs:element name="Fabbisogno">
            <xs:complexType>
              <xs:sequence>
                <xs:element name="Data" type="xs:string" minOccurs="0" />
                <xs:element name="Mercato" type="xs:string" minOccurs="0" />
                <xs:element name="Ora" type="xs:string" minOccurs="0" />
                <xs:element name="Italia" type="xs:string" minOccurs="0" />
                <xs:element name="CNOR" type="xs:string" minOccurs="0" />
                <xs:element name="CSUD" type="xs:string" minOccurs="0" />
                <xs:element name="NORD" type="xs:string" minOccurs="0" />
                <xs:element name="SARD" type="xs:string" minOccurs="0" />
                <xs:element name="SICI" type="xs:string" minOccurs="0" />
                <xs:element name="SUD" type="xs:string" minOccurs="0" />
              </xs:sequence>
            </xs:complexType>
          </xs:element>
        </xs:choice>
      </xs:complexType>
    </xs:element>
  </xs:schema>
  <Fabbisogno>
    <Data>20170208</Data>
    <Mercato>MGP</Mercato>
    <Ora>1</Ora>
    <Italia>27348,991</Italia>
    <CNOR>2843,276</CNOR>
    <CSUD>4207,516</CSUD>
    <NORD>15583,418</NORD>
    <SARD>811,318</SARD>
    <SICI>1697,635</SICI>
    <SUD>2205,828</SUD>
  </Fabbisogno>
  <Fabbisogno>
    <Data>20170208</Data>
    <Mercato>MGP</Mercato>
    <Ora>2</Ora>
    <Italia>25745,031</Italia>
    <CNOR>2713,425</CNOR>
    <CSUD>3849,115</CSUD>
    <NORD>14814,301</NORD>
    <SARD>756,637</SARD>
    <SICI>1547,028</SICI>
    <SUD>2064,525</SUD>
  </Fabbisogno>
  <Fabbisogno>
    <Data>20170208</Data>
    <Mercato>MGP</Mercato>
    <Ora>3</Ora>
    <Italia>24959,233</Italia>
    <CNOR>2623,841</CNOR>
    <CSUD>3660,273</CSUD>
    <NORD>14525,822</NORD>
    <SARD>726,767</SARD>
    <SICI>1447,12</SICI>
    <SUD>1975,41</SUD>
  </Fabbisogno>
  <Fabbisogno>
    <Data>20170208</Data>
    <Mercato>MGP</Mercato>
    <Ora>4</Ora>
    <Italia>24669,975</Italia>
    <CNOR>2631,421</CNOR>
    <CSUD>3592,98</CSUD>
    <NORD>14361,585</NORD>
    <SARD>718,919</SARD>
    <SICI>1423,06</SICI>
    <SUD>1942,01</SUD>
  </Fabbisogno>
  <Fabbisogno>
    <Data>20170208</Data>
    <Mercato>MGP</Mercato>
    <Ora>5</Ora>
    <Italia>24942,771</Italia>
    <CNOR>2642,332</CNOR>
    <CSUD>3633,795</CSUD>
    <NORD>14544,38</NORD>
    <SARD>726,004</SARD>
    <SICI>1425,855</SICI>
    <SUD>1970,405</SUD>
  </Fabbisogno>
  <Fabbisogno>
    <Data>20170208</Data>
    <Mercato>MGP</Mercato>
    <Ora>6</Ora>
    <Italia>26664,085</Italia>
    <CNOR>2811,131</CNOR>
    <CSUD>3853,735</CSUD>
    <NORD>15657,245</NORD>
    <SARD>757,882</SARD>
    <SICI>1519,37</SICI>
    <SUD>2064,722</SUD>
  </Fabbisogno>
  <Fabbisogno>
    <Data>20170208</Data>
    <Mercato>MGP</Mercato>
    <Ora>7</Ora>
    <Italia>31473,202</Italia>
    <CNOR>3154,924</CNOR>
    <CSUD>4554,055</CSUD>
    <NORD>18844,527</NORD>
    <SARD>878,113</SARD>
    <SICI>1727,055</SICI>
    <SUD>2314,528</SUD>
  </Fabbisogno>
  <Fabbisogno>
    <Data>20170208</Data>
    <Mercato>MGP</Mercato>
    <Ora>8</Ora>
    <Italia>37625,726</Italia>
    <CNOR>3902,195</CNOR>
    <CSUD>5296,007</CSUD>
    <NORD>22507,325</NORD>
    <SARD>1061,069</SARD>
    <SICI>2106,416</SICI>
    <SUD>2752,714</SUD>
  </Fabbisogno>
  <Fabbisogno>
    <Data>20170208</Data>
    <Mercato>MGP</Mercato>
    <Ora>9</Ora>
    <Italia>41818,369</Italia>
    <CNOR>4468,253</CNOR>
    <CSUD>5869,939</CSUD>
    <NORD>25040,191</NORD>
    <SARD>1132,053</SARD>
    <SICI>2306,031</SICI>
    <SUD>3001,902</SUD>
  </Fabbisogno>
  <Fabbisogno>
    <Data>20170208</Data>
    <Mercato>MGP</Mercato>
    <Ora>10</Ora>
    <Italia>43616,948</Italia>
    <CNOR>4756,338</CNOR>
    <CSUD>6188,149</CSUD>
    <NORD>26139,311</NORD>
    <SARD>1145,957</SARD>
    <SICI>2363,298</SICI>
    <SUD>3023,895</SUD>
  </Fabbisogno>
  <Fabbisogno>
    <Data>20170208</Data>
    <Mercato>MGP</Mercato>
    <Ora>11</Ora>
    <Italia>43238,264</Italia>
    <CNOR>4608,363</CNOR>
    <CSUD>6130,375</CSUD>
    <NORD>26138,55</NORD>
    <SARD>1114,129</SARD>
    <SICI>2302,454</SICI>
    <SUD>2944,393</SUD>
  </Fabbisogno>
  <Fabbisogno>
    <Data>20170208</Data>
    <Mercato>MGP</Mercato>
    <Ora>12</Ora>
    <Italia>42635,902</Italia>
    <CNOR>4565,085</CNOR>
    <CSUD>6158,049</CSUD>
    <NORD>25760,149</NORD>
    <SARD>1091,746</SARD>
    <SICI>2235,111</SICI>
    <SUD>2825,762</SUD>
  </Fabbisogno>
  <Fabbisogno>
    <Data>20170208</Data>
    <Mercato>MGP</Mercato>
    <Ora>13</Ora>
    <Italia>40012,748</Italia>
    <CNOR>4252,914</CNOR>
    <CSUD>5926,152</CSUD>
    <NORD>23722,002</NORD>
    <SARD>1078,408</SARD>
    <SICI>2212,817</SICI>
    <SUD>2820,455</SUD>
  </Fabbisogno>
  <Fabbisogno>
    <Data>20170208</Data>
    <Mercato>MGP</Mercato>
    <Ora>14</Ora>
    <Italia>39342,945</Italia>
    <CNOR>4054,992</CNOR>
    <CSUD>5746,168</CSUD>
    <NORD>23651,729</NORD>
    <SARD>1034,288</SARD>
    <SICI>2171,047</SICI>
    <SUD>2684,721</SUD>
  </Fabbisogno>
  <Fabbisogno>
    <Data>20170208</Data>
    <Mercato>MGP</Mercato>
    <Ora>15</Ora>
    <Italia>40765,965</Italia>
    <CNOR>4315,214</CNOR>
    <CSUD>5780,78</CSUD>
    <NORD>24736,535</NORD>
    <SARD>1035,304</SARD>
    <SICI>2206,686</SICI>
    <SUD>2691,446</SUD>
  </Fabbisogno>
  <Fabbisogno>
    <Data>20170208</Data>
    <Mercato>MGP</Mercato>
    <Ora>16</Ora>
    <Italia>41483,82</Italia>
    <CNOR>4416,516</CNOR>
    <CSUD>5931,577</CSUD>
    <NORD>25041,594</NORD>
    <SARD>1052,393</SARD>
    <SICI>2242,456</SICI>
    <SUD>2799,284</SUD>
  </Fabbisogno>
  <Fabbisogno>
    <Data>20170208</Data>
    <Mercato>MGP</Mercato>
    <Ora>17</Ora>
    <Italia>41996,178</Italia>
    <CNOR>4523,017</CNOR>
    <CSUD>6022,874</CSUD>
    <NORD>25080,668</NORD>
    <SARD>1076,262</SARD>
    <SICI>2348,76</SICI>
    <SUD>2944,597</SUD>
  </Fabbisogno>
  <Fabbisogno>
    <Data>20170208</Data>
    <Mercato>MGP</Mercato>
    <Ora>18</Ora>
    <Italia>43269,347</Italia>
    <CNOR>4694,286</CNOR>
    <CSUD>6437,078</CSUD>
    <NORD>25029,083</NORD>
    <SARD>1133,5</SARD>
    <SICI>2536,834</SICI>
    <SUD>3438,566</SUD>
  </Fabbisogno>
  <Fabbisogno>
    <Data>20170208</Data>
    <Mercato>MGP</Mercato>
    <Ora>19</Ora>
    <Italia>44510,608</Italia>
    <CNOR>4858,174</CNOR>
    <CSUD>6945,628</CSUD>
    <NORD>25080,674</NORD>
    <SARD>1229,181</SARD>
    <SICI>2712,49</SICI>
    <SUD>3684,461</SUD>
  </Fabbisogno>
  <Fabbisogno>
    <Data>20170208</Data>
    <Mercato>MGP</Mercato>
    <Ora>20</Ora>
    <Italia>42937,534</Italia>
    <CNOR>4704,689</CNOR>
    <CSUD>6976,874</CSUD>
    <NORD>23634,944</NORD>
    <SARD>1233,499</SARD>
    <SICI>2751,429</SICI>
    <SUD>3636,099</SUD>
  </Fabbisogno>
  <Fabbisogno>
    <Data>20170208</Data>
    <Mercato>MGP</Mercato>
    <Ora>21</Ora>
    <Italia>40464,174</Italia>
    <CNOR>4332,662</CNOR>
    <CSUD>6648,637</CSUD>
    <NORD>22073,67</NORD>
    <SARD>1216,353</SARD>
    <SICI>2695,236</SICI>
    <SUD>3497,616</SUD>
  </Fabbisogno>
  <Fabbisogno>
    <Data>20170208</Data>
    <Mercato>MGP</Mercato>
    <Ora>22</Ora>
    <Italia>37579,626</Italia>
    <CNOR>4117,179</CNOR>
    <CSUD>6223,063</CSUD>
    <NORD>20351,989</NORD>
    <SARD>1127,22</SARD>
    <SICI>2529,872</SICI>
    <SUD>3230,303</SUD>
  </Fabbisogno>
  <Fabbisogno>
    <Data>20170208</Data>
    <Mercato>MGP</Mercato>
    <Ora>23</Ora>
    <Italia>33865,618</Italia>
    <CNOR>3633,26</CNOR>
    <CSUD>5538,961</CSUD>
    <NORD>18504,956</NORD>
    <SARD>1024,167</SARD>
    <SICI>2291,971</SICI>
    <SUD>2872,303</SUD>
  </Fabbisogno>
  <Fabbisogno>
    <Data>20170208</Data>
    <Mercato>MGP</Mercato>
    <Ora>24</Ora>
    <Italia>30323,605</Italia>
    <CNOR>3080,427</CNOR>
    <CSUD>4796,661</CSUD>
    <NORD>17073,413</NORD>
    <SARD>908,72</SARD>
    <SICI>1986,467</SICI>
    <SUD>2477,917</SUD>
  </Fabbisogno>
</NewDataSet>