<?xml version="1.0" standalone="yes"?>
<NewDataSet>
  <xs:schema id="NewDataSet" xmlns="" xmlns:xs="http://www.w3.org/2001/XMLSchema" xmlns:msdata="urn:schemas-microsoft-com:xml-msdata">
    <xs:element name="NewDataSet" msdata:IsDataSet="true" msdata:UseCurrentLocale="true">
      <xs:complexType>
        <xs:choice minOccurs="0" maxOccurs="unbounded">
          <xs:element name="Fabbisogno">
            <xs:complexType>
              <xs:sequence>
                <xs:element name="Data" type="xs:string" minOccurs="0" />
                <xs:element name="Mercato" type="xs:string" minOccurs="0" />
                <xs:element name="Ora" type="xs:string" minOccurs="0" />
                <xs:element name="Italia" type="xs:string" minOccurs="0" />
                <xs:element name="CNOR" type="xs:string" minOccurs="0" />
                <xs:element name="CSUD" type="xs:string" minOccurs="0" />
                <xs:element name="NORD" type="xs:string" minOccurs="0" />
                <xs:element name="SARD" type="xs:string" minOccurs="0" />
                <xs:element name="SICI" type="xs:string" minOccurs="0" />
                <xs:element name="SUD" type="xs:string" minOccurs="0" />
              </xs:sequence>
            </xs:complexType>
          </xs:element>
        </xs:choice>
      </xs:complexType>
    </xs:element>
  </xs:schema>
  <Fabbisogno>
    <Data>20170225</Data>
    <Mercato>MGP</Mercato>
    <Ora>1</Ora>
    <Italia>27533,253</Italia>
    <CNOR>2866,592</CNOR>
    <CSUD>4335,413</CSUD>
    <NORD>15678,076</NORD>
    <SARD>843,352</SARD>
    <SICI>1679,737</SICI>
    <SUD>2130,083</SUD>
  </Fabbisogno>
  <Fabbisogno>
    <Data>20170225</Data>
    <Mercato>MGP</Mercato>
    <Ora>2</Ora>
    <Italia>25659,223</Italia>
    <CNOR>2669,356</CNOR>
    <CSUD>4031,167</CSUD>
    <NORD>14635,028</NORD>
    <SARD>804,283</SARD>
    <SICI>1530,105</SICI>
    <SUD>1989,284</SUD>
  </Fabbisogno>
  <Fabbisogno>
    <Data>20170225</Data>
    <Mercato>MGP</Mercato>
    <Ora>3</Ora>
    <Italia>24503,398</Italia>
    <CNOR>2562,699</CNOR>
    <CSUD>3811,408</CSUD>
    <NORD>14022,526</NORD>
    <SARD>769,11</SARD>
    <SICI>1438,319</SICI>
    <SUD>1899,336</SUD>
  </Fabbisogno>
  <Fabbisogno>
    <Data>20170225</Data>
    <Mercato>MGP</Mercato>
    <Ora>4</Ora>
    <Italia>23986,865</Italia>
    <CNOR>2442,411</CNOR>
    <CSUD>3718,811</CSUD>
    <NORD>13841,625</NORD>
    <SARD>754,709</SARD>
    <SICI>1377,926</SICI>
    <SUD>1851,383</SUD>
  </Fabbisogno>
  <Fabbisogno>
    <Data>20170225</Data>
    <Mercato>MGP</Mercato>
    <Ora>5</Ora>
    <Italia>23938,906</Italia>
    <CNOR>2414,548</CNOR>
    <CSUD>3711,2</CSUD>
    <NORD>13798,876</NORD>
    <SARD>764,315</SARD>
    <SICI>1388,371</SICI>
    <SUD>1861,596</SUD>
  </Fabbisogno>
  <Fabbisogno>
    <Data>20170225</Data>
    <Mercato>MGP</Mercato>
    <Ora>6</Ora>
    <Italia>24715,093</Italia>
    <CNOR>2457,882</CNOR>
    <CSUD>3891,68</CSUD>
    <NORD>14203,365</NORD>
    <SARD>787,361</SARD>
    <SICI>1440,772</SICI>
    <SUD>1934,033</SUD>
  </Fabbisogno>
  <Fabbisogno>
    <Data>20170225</Data>
    <Mercato>MGP</Mercato>
    <Ora>7</Ora>
    <Italia>27076,836</Italia>
    <CNOR>2725,557</CNOR>
    <CSUD>4150,698</CSUD>
    <NORD>15696,957</NORD>
    <SARD>862,453</SARD>
    <SICI>1543,726</SICI>
    <SUD>2097,445</SUD>
  </Fabbisogno>
  <Fabbisogno>
    <Data>20170225</Data>
    <Mercato>MGP</Mercato>
    <Ora>8</Ora>
    <Italia>30064,158</Italia>
    <CNOR>3059,202</CNOR>
    <CSUD>4650,998</CSUD>
    <NORD>17271,61</NORD>
    <SARD>954,704</SARD>
    <SICI>1730,425</SICI>
    <SUD>2397,219</SUD>
  </Fabbisogno>
  <Fabbisogno>
    <Data>20170225</Data>
    <Mercato>MGP</Mercato>
    <Ora>9</Ora>
    <Italia>32814,487</Italia>
    <CNOR>3488,96</CNOR>
    <CSUD>5213,69</CSUD>
    <NORD>18468,492</NORD>
    <SARD>1033,287</SARD>
    <SICI>1976,949</SICI>
    <SUD>2633,109</SUD>
  </Fabbisogno>
  <Fabbisogno>
    <Data>20170225</Data>
    <Mercato>MGP</Mercato>
    <Ora>10</Ora>
    <Italia>33921,649</Italia>
    <CNOR>3547,446</CNOR>
    <CSUD>5436,08</CSUD>
    <NORD>19179,149</NORD>
    <SARD>1026,875</SARD>
    <SICI>2066,25</SICI>
    <SUD>2665,849</SUD>
  </Fabbisogno>
  <Fabbisogno>
    <Data>20170225</Data>
    <Mercato>MGP</Mercato>
    <Ora>11</Ora>
    <Italia>34067,022</Italia>
    <CNOR>3634,323</CNOR>
    <CSUD>5532,825</CSUD>
    <NORD>19248,228</NORD>
    <SARD>1000,628</SARD>
    <SICI>2043,33</SICI>
    <SUD>2607,688</SUD>
  </Fabbisogno>
  <Fabbisogno>
    <Data>20170225</Data>
    <Mercato>MGP</Mercato>
    <Ora>12</Ora>
    <Italia>33003,074</Italia>
    <CNOR>3421,39</CNOR>
    <CSUD>5384,751</CSUD>
    <NORD>18697,142</NORD>
    <SARD>962,568</SARD>
    <SICI>1983,47</SICI>
    <SUD>2553,753</SUD>
  </Fabbisogno>
  <Fabbisogno>
    <Data>20170225</Data>
    <Mercato>MGP</Mercato>
    <Ora>13</Ora>
    <Italia>31238,646</Italia>
    <CNOR>3173,808</CNOR>
    <CSUD>5309,538</CSUD>
    <NORD>17224,707</NORD>
    <SARD>969,021</SARD>
    <SICI>1980,615</SICI>
    <SUD>2580,957</SUD>
  </Fabbisogno>
  <Fabbisogno>
    <Data>20170225</Data>
    <Mercato>MGP</Mercato>
    <Ora>14</Ora>
    <Italia>29917,499</Italia>
    <CNOR>3038,651</CNOR>
    <CSUD>5112,727</CSUD>
    <NORD>16400,735</NORD>
    <SARD>940,618</SARD>
    <SICI>1967,837</SICI>
    <SUD>2456,931</SUD>
  </Fabbisogno>
  <Fabbisogno>
    <Data>20170225</Data>
    <Mercato>MGP</Mercato>
    <Ora>15</Ora>
    <Italia>29774,868</Italia>
    <CNOR>3066,218</CNOR>
    <CSUD>5059,197</CSUD>
    <NORD>16361,128</NORD>
    <SARD>944,923</SARD>
    <SICI>1954,429</SICI>
    <SUD>2388,973</SUD>
  </Fabbisogno>
  <Fabbisogno>
    <Data>20170225</Data>
    <Mercato>MGP</Mercato>
    <Ora>16</Ora>
    <Italia>29938,725</Italia>
    <CNOR>3101,622</CNOR>
    <CSUD>5103,784</CSUD>
    <NORD>16358,603</NORD>
    <SARD>932,856</SARD>
    <SICI>1976,13</SICI>
    <SUD>2465,73</SUD>
  </Fabbisogno>
  <Fabbisogno>
    <Data>20170225</Data>
    <Mercato>MGP</Mercato>
    <Ora>17</Ora>
    <Italia>30866,736</Italia>
    <CNOR>3237,214</CNOR>
    <CSUD>5262,324</CSUD>
    <NORD>16716,715</NORD>
    <SARD>977,501</SARD>
    <SICI>2056,546</SICI>
    <SUD>2616,436</SUD>
  </Fabbisogno>
  <Fabbisogno>
    <Data>20170225</Data>
    <Mercato>MGP</Mercato>
    <Ora>18</Ora>
    <Italia>33404,31</Italia>
    <CNOR>3527,443</CNOR>
    <CSUD>5791,75100000001</CSUD>
    <NORD>17748,946</NORD>
    <SARD>1056,28</SARD>
    <SICI>2231,876</SICI>
    <SUD>3048,014</SUD>
  </Fabbisogno>
  <Fabbisogno>
    <Data>20170225</Data>
    <Mercato>MGP</Mercato>
    <Ora>19</Ora>
    <Italia>36283,298</Italia>
    <CNOR>3966,53</CNOR>
    <CSUD>6458,485</CSUD>
    <NORD>18824,623</NORD>
    <SARD>1150,259</SARD>
    <SICI>2495,044</SICI>
    <SUD>3388,357</SUD>
  </Fabbisogno>
  <Fabbisogno>
    <Data>20170225</Data>
    <Mercato>MGP</Mercato>
    <Ora>20</Ora>
    <Italia>36864,682</Italia>
    <CNOR>4052,571</CNOR>
    <CSUD>6615,201</CSUD>
    <NORD>18979,316</NORD>
    <SARD>1203,959</SARD>
    <SICI>2576,745</SICI>
    <SUD>3436,89</SUD>
  </Fabbisogno>
  <Fabbisogno>
    <Data>20170225</Data>
    <Mercato>MGP</Mercato>
    <Ora>21</Ora>
    <Italia>34844,552</Italia>
    <CNOR>3769,467</CNOR>
    <CSUD>6315,931</CSUD>
    <NORD>17723,18</NORD>
    <SARD>1186,472</SARD>
    <SICI>2520,975</SICI>
    <SUD>3328,527</SUD>
  </Fabbisogno>
  <Fabbisogno>
    <Data>20170225</Data>
    <Mercato>MGP</Mercato>
    <Ora>22</Ora>
    <Italia>32115,238</Italia>
    <CNOR>3441,322</CNOR>
    <CSUD>5717,611</CSUD>
    <NORD>16567,726</NORD>
    <SARD>1087,272</SARD>
    <SICI>2307,938</SICI>
    <SUD>2993,369</SUD>
  </Fabbisogno>
  <Fabbisogno>
    <Data>20170225</Data>
    <Mercato>MGP</Mercato>
    <Ora>23</Ora>
    <Italia>29511,418</Italia>
    <CNOR>3141,041</CNOR>
    <CSUD>5196,636</CSUD>
    <NORD>15373,367</NORD>
    <SARD>1004,471</SARD>
    <SICI>2101,497</SICI>
    <SUD>2694,406</SUD>
  </Fabbisogno>
  <Fabbisogno>
    <Data>20170225</Data>
    <Mercato>MGP</Mercato>
    <Ora>24</Ora>
    <Italia>27048,479</Italia>
    <CNOR>2750,505</CNOR>
    <CSUD>4626,005</CSUD>
    <NORD>14499,949</NORD>
    <SARD>911,146</SARD>
    <SICI>1889,614</SICI>
    <SUD>2371,26</SUD>
  </Fabbisogno>
</NewDataSet>