<?xml version="1.0" standalone="yes"?>
<NewDataSet>
  <xs:schema id="NewDataSet" xmlns="" xmlns:xs="http://www.w3.org/2001/XMLSchema" xmlns:msdata="urn:schemas-microsoft-com:xml-msdata">
    <xs:element name="NewDataSet" msdata:IsDataSet="true" msdata:UseCurrentLocale="true">
      <xs:complexType>
        <xs:choice minOccurs="0" maxOccurs="unbounded">
          <xs:element name="Fabbisogno">
            <xs:complexType>
              <xs:sequence>
                <xs:element name="Data" type="xs:string" minOccurs="0" />
                <xs:element name="Mercato" type="xs:string" minOccurs="0" />
                <xs:element name="Ora" type="xs:string" minOccurs="0" />
                <xs:element name="Italia" type="xs:string" minOccurs="0" />
                <xs:element name="CNOR" type="xs:string" minOccurs="0" />
                <xs:element name="CSUD" type="xs:string" minOccurs="0" />
                <xs:element name="NORD" type="xs:string" minOccurs="0" />
                <xs:element name="SARD" type="xs:string" minOccurs="0" />
                <xs:element name="SICI" type="xs:string" minOccurs="0" />
                <xs:element name="SUD" type="xs:string" minOccurs="0" />
              </xs:sequence>
            </xs:complexType>
          </xs:element>
        </xs:choice>
      </xs:complexType>
    </xs:element>
  </xs:schema>
  <Fabbisogno>
    <Data>20170216</Data>
    <Mercato>MGP</Mercato>
    <Ora>1</Ora>
    <Italia>27311,805</Italia>
    <CNOR>2825,652</CNOR>
    <CSUD>4130,184</CSUD>
    <NORD>15939,811</NORD>
    <SARD>774,245</SARD>
    <SICI>1545,388</SICI>
    <SUD>2096,525</SUD>
  </Fabbisogno>
  <Fabbisogno>
    <Data>20170216</Data>
    <Mercato>MGP</Mercato>
    <Ora>2</Ora>
    <Italia>26090,227</Italia>
    <CNOR>2864,043</CNOR>
    <CSUD>3962,389</CSUD>
    <NORD>15128,356</NORD>
    <SARD>729,276</SARD>
    <SICI>1421,15</SICI>
    <SUD>1985,013</SUD>
  </Fabbisogno>
  <Fabbisogno>
    <Data>20170216</Data>
    <Mercato>MGP</Mercato>
    <Ora>3</Ora>
    <Italia>25258,622</Italia>
    <CNOR>2719,736</CNOR>
    <CSUD>3785,452</CSUD>
    <NORD>14784,144</NORD>
    <SARD>705,802</SARD>
    <SICI>1347,821</SICI>
    <SUD>1915,667</SUD>
  </Fabbisogno>
  <Fabbisogno>
    <Data>20170216</Data>
    <Mercato>MGP</Mercato>
    <Ora>4</Ora>
    <Italia>25039,046</Italia>
    <CNOR>2705,469</CNOR>
    <CSUD>3721,902</CSUD>
    <NORD>14705,533</NORD>
    <SARD>701,035</SARD>
    <SICI>1315,831</SICI>
    <SUD>1889,276</SUD>
  </Fabbisogno>
  <Fabbisogno>
    <Data>20170216</Data>
    <Mercato>MGP</Mercato>
    <Ora>5</Ora>
    <Italia>25271,603</Italia>
    <CNOR>2704,178</CNOR>
    <CSUD>3732,907</CSUD>
    <NORD>14902,342</NORD>
    <SARD>708,174</SARD>
    <SICI>1323,541</SICI>
    <SUD>1900,461</SUD>
  </Fabbisogno>
  <Fabbisogno>
    <Data>20170216</Data>
    <Mercato>MGP</Mercato>
    <Ora>6</Ora>
    <Italia>26625,363</Italia>
    <CNOR>2745,824</CNOR>
    <CSUD>3830,703</CSUD>
    <NORD>15948,087</NORD>
    <SARD>746,494</SARD>
    <SICI>1388,272</SICI>
    <SUD>1965,983</SUD>
  </Fabbisogno>
  <Fabbisogno>
    <Data>20170216</Data>
    <Mercato>MGP</Mercato>
    <Ora>7</Ora>
    <Italia>31328,997</Italia>
    <CNOR>3152,294</CNOR>
    <CSUD>4395,006</CSUD>
    <NORD>19173,573</NORD>
    <SARD>861,107</SARD>
    <SICI>1582,036</SICI>
    <SUD>2164,981</SUD>
  </Fabbisogno>
  <Fabbisogno>
    <Data>20170216</Data>
    <Mercato>MGP</Mercato>
    <Ora>8</Ora>
    <Italia>37069,47</Italia>
    <CNOR>3865,811</CNOR>
    <CSUD>5300,568</CSUD>
    <NORD>22423,208</NORD>
    <SARD>1024,207</SARD>
    <SICI>1890,573</SICI>
    <SUD>2565,103</SUD>
  </Fabbisogno>
  <Fabbisogno>
    <Data>20170216</Data>
    <Mercato>MGP</Mercato>
    <Ora>9</Ora>
    <Italia>40727,513</Italia>
    <CNOR>4310,637</CNOR>
    <CSUD>5773,86000000001</CSUD>
    <NORD>24612,095</NORD>
    <SARD>1102,447</SARD>
    <SICI>2123,674</SICI>
    <SUD>2804,8</SUD>
  </Fabbisogno>
  <Fabbisogno>
    <Data>20170216</Data>
    <Mercato>MGP</Mercato>
    <Ora>10</Ora>
    <Italia>41525,719</Italia>
    <CNOR>4383,56</CNOR>
    <CSUD>5928,547</CSUD>
    <NORD>25134,397</NORD>
    <SARD>1075,299</SARD>
    <SICI>2182,991</SICI>
    <SUD>2820,925</SUD>
  </Fabbisogno>
  <Fabbisogno>
    <Data>20170216</Data>
    <Mercato>MGP</Mercato>
    <Ora>11</Ora>
    <Italia>40363,594</Italia>
    <CNOR>4318,105</CNOR>
    <CSUD>5857,523</CSUD>
    <NORD>24351,153</NORD>
    <SARD>1016,027</SARD>
    <SICI>2154,761</SICI>
    <SUD>2666,025</SUD>
  </Fabbisogno>
  <Fabbisogno>
    <Data>20170216</Data>
    <Mercato>MGP</Mercato>
    <Ora>12</Ora>
    <Italia>39604,606</Italia>
    <CNOR>4175,613</CNOR>
    <CSUD>5807,308</CSUD>
    <NORD>23878,897</NORD>
    <SARD>990,204</SARD>
    <SICI>2096,03</SICI>
    <SUD>2656,554</SUD>
  </Fabbisogno>
  <Fabbisogno>
    <Data>20170216</Data>
    <Mercato>MGP</Mercato>
    <Ora>13</Ora>
    <Italia>37454,519</Italia>
    <CNOR>3871,499</CNOR>
    <CSUD>5739,348</CSUD>
    <NORD>22163,408</NORD>
    <SARD>980,744</SARD>
    <SICI>2053,749</SICI>
    <SUD>2645,771</SUD>
  </Fabbisogno>
  <Fabbisogno>
    <Data>20170216</Data>
    <Mercato>MGP</Mercato>
    <Ora>14</Ora>
    <Italia>36968,175</Italia>
    <CNOR>3838,015</CNOR>
    <CSUD>5513,78</CSUD>
    <NORD>22151,586</NORD>
    <SARD>953,269</SARD>
    <SICI>1965,67</SICI>
    <SUD>2545,855</SUD>
  </Fabbisogno>
  <Fabbisogno>
    <Data>20170216</Data>
    <Mercato>MGP</Mercato>
    <Ora>15</Ora>
    <Italia>38293,063</Italia>
    <CNOR>4053,079</CNOR>
    <CSUD>5581,485</CSUD>
    <NORD>23216,234</NORD>
    <SARD>955,087</SARD>
    <SICI>1962,217</SICI>
    <SUD>2524,961</SUD>
  </Fabbisogno>
  <Fabbisogno>
    <Data>20170216</Data>
    <Mercato>MGP</Mercato>
    <Ora>16</Ora>
    <Italia>38918,601</Italia>
    <CNOR>4114,047</CNOR>
    <CSUD>5723,743</CSUD>
    <NORD>23504,051</NORD>
    <SARD>972,519999999999</SARD>
    <SICI>1993,575</SICI>
    <SUD>2610,665</SUD>
  </Fabbisogno>
  <Fabbisogno>
    <Data>20170216</Data>
    <Mercato>MGP</Mercato>
    <Ora>17</Ora>
    <Italia>39802,302</Italia>
    <CNOR>4296,084</CNOR>
    <CSUD>5834,051</CSUD>
    <NORD>23733,258</NORD>
    <SARD>1022,271</SARD>
    <SICI>2117,034</SICI>
    <SUD>2799,604</SUD>
  </Fabbisogno>
  <Fabbisogno>
    <Data>20170216</Data>
    <Mercato>MGP</Mercato>
    <Ora>18</Ora>
    <Italia>40912,28</Italia>
    <CNOR>4388,535</CNOR>
    <CSUD>6263,584</CSUD>
    <NORD>23729,402</NORD>
    <SARD>1088,31</SARD>
    <SICI>2266,465</SICI>
    <SUD>3175,984</SUD>
  </Fabbisogno>
  <Fabbisogno>
    <Data>20170216</Data>
    <Mercato>MGP</Mercato>
    <Ora>19</Ora>
    <Italia>43526,89</Italia>
    <CNOR>4799,069</CNOR>
    <CSUD>6903,716</CSUD>
    <NORD>24640,471</NORD>
    <SARD>1208,514</SARD>
    <SICI>2519,038</SICI>
    <SUD>3456,082</SUD>
  </Fabbisogno>
  <Fabbisogno>
    <Data>20170216</Data>
    <Mercato>MGP</Mercato>
    <Ora>20</Ora>
    <Italia>42760,43</Italia>
    <CNOR>4597,492</CNOR>
    <CSUD>6974,977</CSUD>
    <NORD>23926,664</NORD>
    <SARD>1235,449</SARD>
    <SICI>2567,763</SICI>
    <SUD>3458,085</SUD>
  </Fabbisogno>
  <Fabbisogno>
    <Data>20170216</Data>
    <Mercato>MGP</Mercato>
    <Ora>21</Ora>
    <Italia>40323,525</Italia>
    <CNOR>4192,189</CNOR>
    <CSUD>6756,143</CSUD>
    <NORD>22323,337</NORD>
    <SARD>1218,127</SARD>
    <SICI>2484,33</SICI>
    <SUD>3349,399</SUD>
  </Fabbisogno>
  <Fabbisogno>
    <Data>20170216</Data>
    <Mercato>MGP</Mercato>
    <Ora>22</Ora>
    <Italia>37230,157</Italia>
    <CNOR>3942,586</CNOR>
    <CSUD>6011,986</CSUD>
    <NORD>20870,767</NORD>
    <SARD>1104,058</SARD>
    <SICI>2318,515</SICI>
    <SUD>2982,245</SUD>
  </Fabbisogno>
  <Fabbisogno>
    <Data>20170216</Data>
    <Mercato>MGP</Mercato>
    <Ora>23</Ora>
    <Italia>32976,084</Italia>
    <CNOR>3294,258</CNOR>
    <CSUD>5349,794</CSUD>
    <NORD>18585,999</NORD>
    <SARD>1002,438</SARD>
    <SICI>2109,322</SICI>
    <SUD>2634,273</SUD>
  </Fabbisogno>
  <Fabbisogno>
    <Data>20170216</Data>
    <Mercato>MGP</Mercato>
    <Ora>24</Ora>
    <Italia>29911,21</Italia>
    <CNOR>2905,513</CNOR>
    <CSUD>4579,635</CSUD>
    <NORD>17432,056</NORD>
    <SARD>891,611</SARD>
    <SICI>1829,808</SICI>
    <SUD>2272,587</SUD>
  </Fabbisogno>
</NewDataSet>