<?xml version="1.0" standalone="yes"?>
<NewDataSet>
  <xs:schema id="NewDataSet" xmlns="" xmlns:xs="http://www.w3.org/2001/XMLSchema" xmlns:msdata="urn:schemas-microsoft-com:xml-msdata">
    <xs:element name="NewDataSet" msdata:IsDataSet="true" msdata:UseCurrentLocale="true">
      <xs:complexType>
        <xs:choice minOccurs="0" maxOccurs="unbounded">
          <xs:element name="Fabbisogno">
            <xs:complexType>
              <xs:sequence>
                <xs:element name="Data" type="xs:string" minOccurs="0" />
                <xs:element name="Mercato" type="xs:string" minOccurs="0" />
                <xs:element name="Ora" type="xs:string" minOccurs="0" />
                <xs:element name="Italia" type="xs:string" minOccurs="0" />
                <xs:element name="CNOR" type="xs:string" minOccurs="0" />
                <xs:element name="CSUD" type="xs:string" minOccurs="0" />
                <xs:element name="NORD" type="xs:string" minOccurs="0" />
                <xs:element name="SARD" type="xs:string" minOccurs="0" />
                <xs:element name="SICI" type="xs:string" minOccurs="0" />
                <xs:element name="SUD" type="xs:string" minOccurs="0" />
              </xs:sequence>
            </xs:complexType>
          </xs:element>
        </xs:choice>
      </xs:complexType>
    </xs:element>
  </xs:schema>
  <Fabbisogno>
    <Data>20170201</Data>
    <Mercato>MGP</Mercato>
    <Ora>1</Ora>
    <Italia>28543,297</Italia>
    <CNOR>3044,118</CNOR>
    <CSUD>4463,712</CSUD>
    <NORD>16329,183</NORD>
    <SARD>816,557</SARD>
    <SICI>1675,648</SICI>
    <SUD>2214,079</SUD>
  </Fabbisogno>
  <Fabbisogno>
    <Data>20170201</Data>
    <Mercato>MGP</Mercato>
    <Ora>2</Ora>
    <Italia>26502,081</Italia>
    <CNOR>2787,504</CNOR>
    <CSUD>4016,461</CSUD>
    <NORD>15398,152</NORD>
    <SARD>758,442</SARD>
    <SICI>1504,805</SICI>
    <SUD>2036,717</SUD>
  </Fabbisogno>
  <Fabbisogno>
    <Data>20170201</Data>
    <Mercato>MGP</Mercato>
    <Ora>3</Ora>
    <Italia>25635,828</Italia>
    <CNOR>2752,713</CNOR>
    <CSUD>3828,368</CSUD>
    <NORD>14939,78</NORD>
    <SARD>731,424</SARD>
    <SICI>1414,886</SICI>
    <SUD>1968,657</SUD>
  </Fabbisogno>
  <Fabbisogno>
    <Data>20170201</Data>
    <Mercato>MGP</Mercato>
    <Ora>4</Ora>
    <Italia>25425,785</Italia>
    <CNOR>2701,831</CNOR>
    <CSUD>3766,497</CSUD>
    <NORD>14973,927</NORD>
    <SARD>721,91</SARD>
    <SICI>1373,888</SICI>
    <SUD>1887,732</SUD>
  </Fabbisogno>
  <Fabbisogno>
    <Data>20170201</Data>
    <Mercato>MGP</Mercato>
    <Ora>5</Ora>
    <Italia>25547,993</Italia>
    <CNOR>2680,616</CNOR>
    <CSUD>3779,895</CSUD>
    <NORD>15095,244</NORD>
    <SARD>730,36</SARD>
    <SICI>1381,751</SICI>
    <SUD>1880,127</SUD>
  </Fabbisogno>
  <Fabbisogno>
    <Data>20170201</Data>
    <Mercato>MGP</Mercato>
    <Ora>6</Ora>
    <Italia>27334,814</Italia>
    <CNOR>2871,247</CNOR>
    <CSUD>4025,712</CSUD>
    <NORD>16221,016</NORD>
    <SARD>768,091</SARD>
    <SICI>1459,252</SICI>
    <SUD>1989,496</SUD>
  </Fabbisogno>
  <Fabbisogno>
    <Data>20170201</Data>
    <Mercato>MGP</Mercato>
    <Ora>7</Ora>
    <Italia>32213,689</Italia>
    <CNOR>3305,131</CNOR>
    <CSUD>4774,058</CSUD>
    <NORD>19273,654</NORD>
    <SARD>907,585</SARD>
    <SICI>1678,888</SICI>
    <SUD>2274,373</SUD>
  </Fabbisogno>
  <Fabbisogno>
    <Data>20170201</Data>
    <Mercato>MGP</Mercato>
    <Ora>8</Ora>
    <Italia>38588,906</Italia>
    <CNOR>4026,735</CNOR>
    <CSUD>5597,667</CSUD>
    <NORD>23145,635</NORD>
    <SARD>1073,009</SARD>
    <SICI>2050,199</SICI>
    <SUD>2695,661</SUD>
  </Fabbisogno>
  <Fabbisogno>
    <Data>20170201</Data>
    <Mercato>MGP</Mercato>
    <Ora>9</Ora>
    <Italia>42879,844</Italia>
    <CNOR>4523,806</CNOR>
    <CSUD>6077,764</CSUD>
    <NORD>25976,798</NORD>
    <SARD>1137,633</SARD>
    <SICI>2254,455</SICI>
    <SUD>2909,388</SUD>
  </Fabbisogno>
  <Fabbisogno>
    <Data>20170201</Data>
    <Mercato>MGP</Mercato>
    <Ora>10</Ora>
    <Italia>43936,763</Italia>
    <CNOR>4747,083</CNOR>
    <CSUD>6350,921</CSUD>
    <NORD>26525,98</NORD>
    <SARD>1119,642</SARD>
    <SICI>2297,556</SICI>
    <SUD>2895,581</SUD>
  </Fabbisogno>
  <Fabbisogno>
    <Data>20170201</Data>
    <Mercato>MGP</Mercato>
    <Ora>11</Ora>
    <Italia>43551,468</Italia>
    <CNOR>4615,311</CNOR>
    <CSUD>6330,516</CSUD>
    <NORD>26512,232</NORD>
    <SARD>1064,475</SARD>
    <SICI>2235,825</SICI>
    <SUD>2793,109</SUD>
  </Fabbisogno>
  <Fabbisogno>
    <Data>20170201</Data>
    <Mercato>MGP</Mercato>
    <Ora>12</Ora>
    <Italia>42971,053</Italia>
    <CNOR>4612,234</CNOR>
    <CSUD>6351,822</CSUD>
    <NORD>26074,246</NORD>
    <SARD>1037,148</SARD>
    <SICI>2166,417</SICI>
    <SUD>2729,186</SUD>
  </Fabbisogno>
  <Fabbisogno>
    <Data>20170201</Data>
    <Mercato>MGP</Mercato>
    <Ora>13</Ora>
    <Italia>40343,757</Italia>
    <CNOR>4230,169</CNOR>
    <CSUD>6125,95</CSUD>
    <NORD>24082,088</NORD>
    <SARD>1023,629</SARD>
    <SICI>2139,77</SICI>
    <SUD>2742,151</SUD>
  </Fabbisogno>
  <Fabbisogno>
    <Data>20170201</Data>
    <Mercato>MGP</Mercato>
    <Ora>14</Ora>
    <Italia>39811,433</Italia>
    <CNOR>4106,212</CNOR>
    <CSUD>6030,02000000001</CSUD>
    <NORD>23933,8</NORD>
    <SARD>994,222</SARD>
    <SICI>2091,002</SICI>
    <SUD>2656,177</SUD>
  </Fabbisogno>
  <Fabbisogno>
    <Data>20170201</Data>
    <Mercato>MGP</Mercato>
    <Ora>15</Ora>
    <Italia>41141,582</Italia>
    <CNOR>4361,6</CNOR>
    <CSUD>6002,762</CSUD>
    <NORD>25065,531</NORD>
    <SARD>972,357</SARD>
    <SICI>2124,352</SICI>
    <SUD>2614,98</SUD>
  </Fabbisogno>
  <Fabbisogno>
    <Data>20170201</Data>
    <Mercato>MGP</Mercato>
    <Ora>16</Ora>
    <Italia>41801,084</Italia>
    <CNOR>4501,25</CNOR>
    <CSUD>6136,571</CSUD>
    <NORD>25232,565</NORD>
    <SARD>1002,517</SARD>
    <SICI>2187,828</SICI>
    <SUD>2740,353</SUD>
  </Fabbisogno>
  <Fabbisogno>
    <Data>20170201</Data>
    <Mercato>MGP</Mercato>
    <Ora>17</Ora>
    <Italia>42581,327</Italia>
    <CNOR>4540,209</CNOR>
    <CSUD>6285,457</CSUD>
    <NORD>25458,034</NORD>
    <SARD>1040,484</SARD>
    <SICI>2296,959</SICI>
    <SUD>2960,184</SUD>
  </Fabbisogno>
  <Fabbisogno>
    <Data>20170201</Data>
    <Mercato>MGP</Mercato>
    <Ora>18</Ora>
    <Italia>43315,05</Italia>
    <CNOR>4756,05</CNOR>
    <CSUD>6710,897</CSUD>
    <NORD>24882,075</NORD>
    <SARD>1103,384</SARD>
    <SICI>2481,324</SICI>
    <SUD>3381,32</SUD>
  </Fabbisogno>
  <Fabbisogno>
    <Data>20170201</Data>
    <Mercato>MGP</Mercato>
    <Ora>19</Ora>
    <Italia>44911,501</Italia>
    <CNOR>4901,815</CNOR>
    <CSUD>7152,728</CSUD>
    <NORD>25339,122</NORD>
    <SARD>1213,255</SARD>
    <SICI>2715,192</SICI>
    <SUD>3589,389</SUD>
  </Fabbisogno>
  <Fabbisogno>
    <Data>20170201</Data>
    <Mercato>MGP</Mercato>
    <Ora>20</Ora>
    <Italia>43545,927</Italia>
    <CNOR>4710,937</CNOR>
    <CSUD>7197,114</CSUD>
    <NORD>24099,574</NORD>
    <SARD>1241,879</SARD>
    <SICI>2739,12</SICI>
    <SUD>3557,303</SUD>
  </Fabbisogno>
  <Fabbisogno>
    <Data>20170201</Data>
    <Mercato>MGP</Mercato>
    <Ora>21</Ora>
    <Italia>41160,123</Italia>
    <CNOR>4359,174</CNOR>
    <CSUD>6846,136</CSUD>
    <NORD>22635,111</NORD>
    <SARD>1208,133</SARD>
    <SICI>2663,245</SICI>
    <SUD>3448,324</SUD>
  </Fabbisogno>
  <Fabbisogno>
    <Data>20170201</Data>
    <Mercato>MGP</Mercato>
    <Ora>22</Ora>
    <Italia>38483,727</Italia>
    <CNOR>4097,056</CNOR>
    <CSUD>6386,97</CSUD>
    <NORD>21232,906</NORD>
    <SARD>1119,399</SARD>
    <SICI>2479,209</SICI>
    <SUD>3168,187</SUD>
  </Fabbisogno>
  <Fabbisogno>
    <Data>20170201</Data>
    <Mercato>MGP</Mercato>
    <Ora>23</Ora>
    <Italia>34642,453</Italia>
    <CNOR>3643,298</CNOR>
    <CSUD>5791,49</CSUD>
    <NORD>19137,952</NORD>
    <SARD>1020,692</SARD>
    <SICI>2221,73</SICI>
    <SUD>2827,291</SUD>
  </Fabbisogno>
  <Fabbisogno>
    <Data>20170201</Data>
    <Mercato>MGP</Mercato>
    <Ora>24</Ora>
    <Italia>31125,322</Italia>
    <CNOR>3258,274</CNOR>
    <CSUD>5039,062</CSUD>
    <NORD>17507,704</NORD>
    <SARD>911,496</SARD>
    <SICI>1927,639</SICI>
    <SUD>2481,147</SUD>
  </Fabbisogno>
</NewDataSet>