<?xml version="1.0" standalone="yes"?>
<NewDataSet>
  <xs:schema id="NewDataSet" xmlns="" xmlns:xs="http://www.w3.org/2001/XMLSchema" xmlns:msdata="urn:schemas-microsoft-com:xml-msdata">
    <xs:element name="NewDataSet" msdata:IsDataSet="true" msdata:UseCurrentLocale="true">
      <xs:complexType>
        <xs:choice minOccurs="0" maxOccurs="unbounded">
          <xs:element name="Fabbisogno">
            <xs:complexType>
              <xs:sequence>
                <xs:element name="Data" type="xs:string" minOccurs="0" />
                <xs:element name="Mercato" type="xs:string" minOccurs="0" />
                <xs:element name="Ora" type="xs:string" minOccurs="0" />
                <xs:element name="Italia" type="xs:string" minOccurs="0" />
                <xs:element name="CNOR" type="xs:string" minOccurs="0" />
                <xs:element name="CSUD" type="xs:string" minOccurs="0" />
                <xs:element name="NORD" type="xs:string" minOccurs="0" />
                <xs:element name="SARD" type="xs:string" minOccurs="0" />
                <xs:element name="SICI" type="xs:string" minOccurs="0" />
                <xs:element name="SUD" type="xs:string" minOccurs="0" />
              </xs:sequence>
            </xs:complexType>
          </xs:element>
        </xs:choice>
      </xs:complexType>
    </xs:element>
  </xs:schema>
  <Fabbisogno>
    <Data>20170204</Data>
    <Mercato>MGP</Mercato>
    <Ora>1</Ora>
    <Italia>27708,613</Italia>
    <CNOR>2843,744</CNOR>
    <CSUD>4174,195</CSUD>
    <NORD>16170,841</NORD>
    <SARD>791,747</SARD>
    <SICI>1634,679</SICI>
    <SUD>2093,407</SUD>
  </Fabbisogno>
  <Fabbisogno>
    <Data>20170204</Data>
    <Mercato>MGP</Mercato>
    <Ora>2</Ora>
    <Italia>26150,531</Italia>
    <CNOR>2811,839</CNOR>
    <CSUD>3937,089</CSUD>
    <NORD>15181,919</NORD>
    <SARD>744,787</SARD>
    <SICI>1513,497</SICI>
    <SUD>1961,4</SUD>
  </Fabbisogno>
  <Fabbisogno>
    <Data>20170204</Data>
    <Mercato>MGP</Mercato>
    <Ora>3</Ora>
    <Italia>25030,646</Italia>
    <CNOR>2720,712</CNOR>
    <CSUD>3730,919</CSUD>
    <NORD>14561,658</NORD>
    <SARD>710,556</SARD>
    <SICI>1419,45</SICI>
    <SUD>1887,351</SUD>
  </Fabbisogno>
  <Fabbisogno>
    <Data>20170204</Data>
    <Mercato>MGP</Mercato>
    <Ora>4</Ora>
    <Italia>24466,872</Italia>
    <CNOR>2600,296</CNOR>
    <CSUD>3584,684</CSUD>
    <NORD>14393,98</NORD>
    <SARD>695,82</SARD>
    <SICI>1373,503</SICI>
    <SUD>1818,589</SUD>
  </Fabbisogno>
  <Fabbisogno>
    <Data>20170204</Data>
    <Mercato>MGP</Mercato>
    <Ora>5</Ora>
    <Italia>24792,618</Italia>
    <CNOR>2633,63</CNOR>
    <CSUD>3731,252</CSUD>
    <NORD>14450,457</NORD>
    <SARD>705,469</SARD>
    <SICI>1399,73</SICI>
    <SUD>1872,08</SUD>
  </Fabbisogno>
  <Fabbisogno>
    <Data>20170204</Data>
    <Mercato>MGP</Mercato>
    <Ora>6</Ora>
    <Italia>25441,088</Italia>
    <CNOR>2678,595</CNOR>
    <CSUD>3841,34</CSUD>
    <NORD>14794,439</NORD>
    <SARD>729,783</SARD>
    <SICI>1454,138</SICI>
    <SUD>1942,793</SUD>
  </Fabbisogno>
  <Fabbisogno>
    <Data>20170204</Data>
    <Mercato>MGP</Mercato>
    <Ora>7</Ora>
    <Italia>27340,812</Italia>
    <CNOR>2748,541</CNOR>
    <CSUD>4034,665</CSUD>
    <NORD>16138,082</NORD>
    <SARD>804,645</SARD>
    <SICI>1542,657</SICI>
    <SUD>2072,222</SUD>
  </Fabbisogno>
  <Fabbisogno>
    <Data>20170204</Data>
    <Mercato>MGP</Mercato>
    <Ora>8</Ora>
    <Italia>31181,362</Italia>
    <CNOR>3255,902</CNOR>
    <CSUD>4798,404</CSUD>
    <NORD>17925,446</NORD>
    <SARD>950,318</SARD>
    <SICI>1811,584</SICI>
    <SUD>2439,708</SUD>
  </Fabbisogno>
  <Fabbisogno>
    <Data>20170204</Data>
    <Mercato>MGP</Mercato>
    <Ora>9</Ora>
    <Italia>32877,018</Italia>
    <CNOR>3349,622</CNOR>
    <CSUD>5008,494</CSUD>
    <NORD>19045,129</NORD>
    <SARD>974,981</SARD>
    <SICI>1971,575</SICI>
    <SUD>2527,217</SUD>
  </Fabbisogno>
  <Fabbisogno>
    <Data>20170204</Data>
    <Mercato>MGP</Mercato>
    <Ora>10</Ora>
    <Italia>34163,714</Italia>
    <CNOR>3531,231</CNOR>
    <CSUD>5241,977</CSUD>
    <NORD>19834,508</NORD>
    <SARD>982,183</SARD>
    <SICI>2056,749</SICI>
    <SUD>2517,066</SUD>
  </Fabbisogno>
  <Fabbisogno>
    <Data>20170204</Data>
    <Mercato>MGP</Mercato>
    <Ora>11</Ora>
    <Italia>33576,589</Italia>
    <CNOR>3447,309</CNOR>
    <CSUD>5249,04</CSUD>
    <NORD>19504,41</NORD>
    <SARD>963,007</SARD>
    <SICI>2016,34</SICI>
    <SUD>2396,483</SUD>
  </Fabbisogno>
  <Fabbisogno>
    <Data>20170204</Data>
    <Mercato>MGP</Mercato>
    <Ora>12</Ora>
    <Italia>32633,925</Italia>
    <CNOR>3362,281</CNOR>
    <CSUD>5178,291</CSUD>
    <NORD>18806,243</NORD>
    <SARD>913,269</SARD>
    <SICI>1987,696</SICI>
    <SUD>2386,145</SUD>
  </Fabbisogno>
  <Fabbisogno>
    <Data>20170204</Data>
    <Mercato>MGP</Mercato>
    <Ora>13</Ora>
    <Italia>31181,59</Italia>
    <CNOR>3252,319</CNOR>
    <CSUD>5072,832</CSUD>
    <NORD>17604,419</NORD>
    <SARD>917,016</SARD>
    <SICI>1971,335</SICI>
    <SUD>2363,669</SUD>
  </Fabbisogno>
  <Fabbisogno>
    <Data>20170204</Data>
    <Mercato>MGP</Mercato>
    <Ora>14</Ora>
    <Italia>29654,924</Italia>
    <CNOR>3017,573</CNOR>
    <CSUD>4896,696</CSUD>
    <NORD>16679,5</NORD>
    <SARD>900,756</SARD>
    <SICI>1927,767</SICI>
    <SUD>2232,632</SUD>
  </Fabbisogno>
  <Fabbisogno>
    <Data>20170204</Data>
    <Mercato>MGP</Mercato>
    <Ora>15</Ora>
    <Italia>29416,996</Italia>
    <CNOR>3014,707</CNOR>
    <CSUD>4807,99</CSUD>
    <NORD>16592,18</NORD>
    <SARD>889,291</SARD>
    <SICI>1915,789</SICI>
    <SUD>2197,039</SUD>
  </Fabbisogno>
  <Fabbisogno>
    <Data>20170204</Data>
    <Mercato>MGP</Mercato>
    <Ora>16</Ora>
    <Italia>29764,91</Italia>
    <CNOR>3047,119</CNOR>
    <CSUD>4911,755</CSUD>
    <NORD>16666,759</NORD>
    <SARD>887,377</SARD>
    <SICI>1945,439</SICI>
    <SUD>2306,461</SUD>
  </Fabbisogno>
  <Fabbisogno>
    <Data>20170204</Data>
    <Mercato>MGP</Mercato>
    <Ora>17</Ora>
    <Italia>30903,56</Italia>
    <CNOR>3247,414</CNOR>
    <CSUD>5040,113</CSUD>
    <NORD>17104,373</NORD>
    <SARD>919,369</SARD>
    <SICI>2051,84</SICI>
    <SUD>2540,451</SUD>
  </Fabbisogno>
  <Fabbisogno>
    <Data>20170204</Data>
    <Mercato>MGP</Mercato>
    <Ora>18</Ora>
    <Italia>33436,886</Italia>
    <CNOR>3570,963</CNOR>
    <CSUD>5651,716</CSUD>
    <NORD>17873,778</NORD>
    <SARD>1019,581</SARD>
    <SICI>2296,368</SICI>
    <SUD>3024,48</SUD>
  </Fabbisogno>
  <Fabbisogno>
    <Data>20170204</Data>
    <Mercato>MGP</Mercato>
    <Ora>19</Ora>
    <Italia>36492,37</Italia>
    <CNOR>3914,852</CNOR>
    <CSUD>6194,977</CSUD>
    <NORD>19462,166</NORD>
    <SARD>1123,399</SARD>
    <SICI>2485,501</SICI>
    <SUD>3311,475</SUD>
  </Fabbisogno>
  <Fabbisogno>
    <Data>20170204</Data>
    <Mercato>MGP</Mercato>
    <Ora>20</Ora>
    <Italia>36834,331</Italia>
    <CNOR>4037,863</CNOR>
    <CSUD>6485,454</CSUD>
    <NORD>19235,996</NORD>
    <SARD>1167,619</SARD>
    <SICI>2532,219</SICI>
    <SUD>3375,18</SUD>
  </Fabbisogno>
  <Fabbisogno>
    <Data>20170204</Data>
    <Mercato>MGP</Mercato>
    <Ora>21</Ora>
    <Italia>34972,227</Italia>
    <CNOR>3832,406</CNOR>
    <CSUD>6203,857</CSUD>
    <NORD>18011,892</NORD>
    <SARD>1144,32</SARD>
    <SICI>2495,904</SICI>
    <SUD>3283,848</SUD>
  </Fabbisogno>
  <Fabbisogno>
    <Data>20170204</Data>
    <Mercato>MGP</Mercato>
    <Ora>22</Ora>
    <Italia>32394,743</Italia>
    <CNOR>3517,395</CNOR>
    <CSUD>5630,92</CSUD>
    <NORD>16988,392</NORD>
    <SARD>1046,644</SARD>
    <SICI>2283,914</SICI>
    <SUD>2927,478</SUD>
  </Fabbisogno>
  <Fabbisogno>
    <Data>20170204</Data>
    <Mercato>MGP</Mercato>
    <Ora>23</Ora>
    <Italia>29978,8</Italia>
    <CNOR>3172,944</CNOR>
    <CSUD>5152,759</CSUD>
    <NORD>15940,721</NORD>
    <SARD>967,189</SARD>
    <SICI>2069,451</SICI>
    <SUD>2675,736</SUD>
  </Fabbisogno>
  <Fabbisogno>
    <Data>20170204</Data>
    <Mercato>MGP</Mercato>
    <Ora>24</Ora>
    <Italia>27280,099</Italia>
    <CNOR>2825,652</CNOR>
    <CSUD>4598,34</CSUD>
    <NORD>14781,96</NORD>
    <SARD>872,881</SARD>
    <SICI>1840,096</SICI>
    <SUD>2361,17</SUD>
  </Fabbisogno>
</NewDataSet>