<?xml version="1.0" standalone="yes"?>
<NewDataSet>
  <xs:schema id="NewDataSet" xmlns="" xmlns:xs="http://www.w3.org/2001/XMLSchema" xmlns:msdata="urn:schemas-microsoft-com:xml-msdata">
    <xs:element name="NewDataSet" msdata:IsDataSet="true" msdata:UseCurrentLocale="true">
      <xs:complexType>
        <xs:choice minOccurs="0" maxOccurs="unbounded">
          <xs:element name="Fabbisogno">
            <xs:complexType>
              <xs:sequence>
                <xs:element name="Data" type="xs:string" minOccurs="0" />
                <xs:element name="Mercato" type="xs:string" minOccurs="0" />
                <xs:element name="Ora" type="xs:string" minOccurs="0" />
                <xs:element name="Italia" type="xs:string" minOccurs="0" />
                <xs:element name="CNOR" type="xs:string" minOccurs="0" />
                <xs:element name="CSUD" type="xs:string" minOccurs="0" />
                <xs:element name="NORD" type="xs:string" minOccurs="0" />
                <xs:element name="SARD" type="xs:string" minOccurs="0" />
                <xs:element name="SICI" type="xs:string" minOccurs="0" />
                <xs:element name="SUD" type="xs:string" minOccurs="0" />
              </xs:sequence>
            </xs:complexType>
          </xs:element>
        </xs:choice>
      </xs:complexType>
    </xs:element>
  </xs:schema>
  <Fabbisogno>
    <Data>20170206</Data>
    <Mercato>MGP</Mercato>
    <Ora>1</Ora>
    <Italia>24021,136</Italia>
    <CNOR>2671,901</CNOR>
    <CSUD>4002,148</CSUD>
    <NORD>12886,88</NORD>
    <SARD>772,739</SARD>
    <SICI>1647,686</SICI>
    <SUD>2039,782</SUD>
  </Fabbisogno>
  <Fabbisogno>
    <Data>20170206</Data>
    <Mercato>MGP</Mercato>
    <Ora>2</Ora>
    <Italia>22588,483</Italia>
    <CNOR>2523,034</CNOR>
    <CSUD>3689,211</CSUD>
    <NORD>12261,644</NORD>
    <SARD>727,285</SARD>
    <SICI>1485,009</SICI>
    <SUD>1902,3</SUD>
  </Fabbisogno>
  <Fabbisogno>
    <Data>20170206</Data>
    <Mercato>MGP</Mercato>
    <Ora>3</Ora>
    <Italia>21878,36</Italia>
    <CNOR>2383,526</CNOR>
    <CSUD>3514,342</CSUD>
    <NORD>12043,475</NORD>
    <SARD>703,149</SARD>
    <SICI>1396,064</SICI>
    <SUD>1837,804</SUD>
  </Fabbisogno>
  <Fabbisogno>
    <Data>20170206</Data>
    <Mercato>MGP</Mercato>
    <Ora>4</Ora>
    <Italia>21702,56</Italia>
    <CNOR>2394,959</CNOR>
    <CSUD>3465,855</CSUD>
    <NORD>11960,815</NORD>
    <SARD>697,777000000001</SARD>
    <SICI>1366,18</SICI>
    <SUD>1816,974</SUD>
  </Fabbisogno>
  <Fabbisogno>
    <Data>20170206</Data>
    <Mercato>MGP</Mercato>
    <Ora>5</Ora>
    <Italia>22218,874</Italia>
    <CNOR>2458,003</CNOR>
    <CSUD>3507,54</CSUD>
    <NORD>12344,606</NORD>
    <SARD>705,438</SARD>
    <SICI>1373,562</SICI>
    <SUD>1829,725</SUD>
  </Fabbisogno>
  <Fabbisogno>
    <Data>20170206</Data>
    <Mercato>MGP</Mercato>
    <Ora>6</Ora>
    <Italia>24303,654</Italia>
    <CNOR>2657,875</CNOR>
    <CSUD>3771,121</CSUD>
    <NORD>13753,607</NORD>
    <SARD>740,819</SARD>
    <SICI>1452,926</SICI>
    <SUD>1927,306</SUD>
  </Fabbisogno>
  <Fabbisogno>
    <Data>20170206</Data>
    <Mercato>MGP</Mercato>
    <Ora>7</Ora>
    <Italia>30076,189</Italia>
    <CNOR>3153,995</CNOR>
    <CSUD>4518,728</CSUD>
    <NORD>17685,233</NORD>
    <SARD>862,652</SARD>
    <SICI>1650,026</SICI>
    <SUD>2205,555</SUD>
  </Fabbisogno>
  <Fabbisogno>
    <Data>20170206</Data>
    <Mercato>MGP</Mercato>
    <Ora>8</Ora>
    <Italia>36581,64</Italia>
    <CNOR>3899,115</CNOR>
    <CSUD>5401,167</CSUD>
    <NORD>21609,956</NORD>
    <SARD>1055,147</SARD>
    <SICI>2014,943</SICI>
    <SUD>2601,312</SUD>
  </Fabbisogno>
  <Fabbisogno>
    <Data>20170206</Data>
    <Mercato>MGP</Mercato>
    <Ora>9</Ora>
    <Italia>41093,064</Italia>
    <CNOR>4503,894</CNOR>
    <CSUD>5909,099</CSUD>
    <NORD>24438,66</NORD>
    <SARD>1127,874</SARD>
    <SICI>2250,409</SICI>
    <SUD>2863,128</SUD>
  </Fabbisogno>
  <Fabbisogno>
    <Data>20170206</Data>
    <Mercato>MGP</Mercato>
    <Ora>10</Ora>
    <Italia>42537,577</Italia>
    <CNOR>4720,63</CNOR>
    <CSUD>6240,159</CSUD>
    <NORD>25223,764</NORD>
    <SARD>1121,061</SARD>
    <SICI>2326,881</SICI>
    <SUD>2905,082</SUD>
  </Fabbisogno>
  <Fabbisogno>
    <Data>20170206</Data>
    <Mercato>MGP</Mercato>
    <Ora>11</Ora>
    <Italia>42310,806</Italia>
    <CNOR>4539,249</CNOR>
    <CSUD>6204,182</CSUD>
    <NORD>25388,657</NORD>
    <SARD>1081,723</SARD>
    <SICI>2299,871</SICI>
    <SUD>2797,124</SUD>
  </Fabbisogno>
  <Fabbisogno>
    <Data>20170206</Data>
    <Mercato>MGP</Mercato>
    <Ora>12</Ora>
    <Italia>41969,642</Italia>
    <CNOR>4553,627</CNOR>
    <CSUD>6230,238</CSUD>
    <NORD>25121,102</NORD>
    <SARD>1042,974</SARD>
    <SICI>2258,045</SICI>
    <SUD>2763,656</SUD>
  </Fabbisogno>
  <Fabbisogno>
    <Data>20170206</Data>
    <Mercato>MGP</Mercato>
    <Ora>13</Ora>
    <Italia>39684,35</Italia>
    <CNOR>4265,319</CNOR>
    <CSUD>6064,023</CSUD>
    <NORD>23281,073</NORD>
    <SARD>1037,525</SARD>
    <SICI>2271,939</SICI>
    <SUD>2764,471</SUD>
  </Fabbisogno>
  <Fabbisogno>
    <Data>20170206</Data>
    <Mercato>MGP</Mercato>
    <Ora>14</Ora>
    <Italia>39279,692</Italia>
    <CNOR>4200,969</CNOR>
    <CSUD>5889,684</CSUD>
    <NORD>23294,327</NORD>
    <SARD>1006,159</SARD>
    <SICI>2219,009</SICI>
    <SUD>2669,544</SUD>
  </Fabbisogno>
  <Fabbisogno>
    <Data>20170206</Data>
    <Mercato>MGP</Mercato>
    <Ora>15</Ora>
    <Italia>40792,075</Italia>
    <CNOR>4406,032</CNOR>
    <CSUD>5963,184</CSUD>
    <NORD>24573,5</NORD>
    <SARD>993,673</SARD>
    <SICI>2233,406</SICI>
    <SUD>2622,28</SUD>
  </Fabbisogno>
  <Fabbisogno>
    <Data>20170206</Data>
    <Mercato>MGP</Mercato>
    <Ora>16</Ora>
    <Italia>41619,803</Italia>
    <CNOR>4550,851</CNOR>
    <CSUD>6068,849</CSUD>
    <NORD>25023,37</NORD>
    <SARD>1019,228</SARD>
    <SICI>2245,097</SICI>
    <SUD>2712,408</SUD>
  </Fabbisogno>
  <Fabbisogno>
    <Data>20170206</Data>
    <Mercato>MGP</Mercato>
    <Ora>17</Ora>
    <Italia>42050,077</Italia>
    <CNOR>4655,472</CNOR>
    <CSUD>6214,77300000001</CSUD>
    <NORD>24960,344</NORD>
    <SARD>1056,773</SARD>
    <SICI>2324,37</SICI>
    <SUD>2838,345</SUD>
  </Fabbisogno>
  <Fabbisogno>
    <Data>20170206</Data>
    <Mercato>MGP</Mercato>
    <Ora>18</Ora>
    <Italia>42767,358</Italia>
    <CNOR>4806,29</CNOR>
    <CSUD>6576,619</CSUD>
    <NORD>24508,333</NORD>
    <SARD>1108,162</SARD>
    <SICI>2496,357</SICI>
    <SUD>3271,597</SUD>
  </Fabbisogno>
  <Fabbisogno>
    <Data>20170206</Data>
    <Mercato>MGP</Mercato>
    <Ora>19</Ora>
    <Italia>44091,599</Italia>
    <CNOR>4879,16</CNOR>
    <CSUD>7005,798</CSUD>
    <NORD>24754,391</NORD>
    <SARD>1193,277</SARD>
    <SICI>2708,475</SICI>
    <SUD>3550,498</SUD>
  </Fabbisogno>
  <Fabbisogno>
    <Data>20170206</Data>
    <Mercato>MGP</Mercato>
    <Ora>20</Ora>
    <Italia>42523,3</Italia>
    <CNOR>4733,878</CNOR>
    <CSUD>7005,216</CSUD>
    <NORD>23311,967</NORD>
    <SARD>1217,313</SARD>
    <SICI>2755,243</SICI>
    <SUD>3499,683</SUD>
  </Fabbisogno>
  <Fabbisogno>
    <Data>20170206</Data>
    <Mercato>MGP</Mercato>
    <Ora>21</Ora>
    <Italia>40083,27</Italia>
    <CNOR>4353,122</CNOR>
    <CSUD>6644,481</CSUD>
    <NORD>21839,481</NORD>
    <SARD>1190,718</SARD>
    <SICI>2680,245</SICI>
    <SUD>3375,223</SUD>
  </Fabbisogno>
  <Fabbisogno>
    <Data>20170206</Data>
    <Mercato>MGP</Mercato>
    <Ora>22</Ora>
    <Italia>37511,154</Italia>
    <CNOR>4137,976</CNOR>
    <CSUD>6230,723</CSUD>
    <NORD>20408,306</NORD>
    <SARD>1099,844</SARD>
    <SICI>2513,76</SICI>
    <SUD>3120,545</SUD>
  </Fabbisogno>
  <Fabbisogno>
    <Data>20170206</Data>
    <Mercato>MGP</Mercato>
    <Ora>23</Ora>
    <Italia>33525,397</Italia>
    <CNOR>3640,496</CNOR>
    <CSUD>5581,297</CSUD>
    <NORD>18283,499</NORD>
    <SARD>998,046</SARD>
    <SICI>2254,262</SICI>
    <SUD>2767,797</SUD>
  </Fabbisogno>
  <Fabbisogno>
    <Data>20170206</Data>
    <Mercato>MGP</Mercato>
    <Ora>24</Ora>
    <Italia>30193,796</Italia>
    <CNOR>3259,1</CNOR>
    <CSUD>4864,936</CSUD>
    <NORD>16807,588</NORD>
    <SARD>888,977</SARD>
    <SICI>1951,523</SICI>
    <SUD>2421,672</SUD>
  </Fabbisogno>
</NewDataSet>