<?xml version="1.0" standalone="yes"?>
<NewDataSet>
  <xs:schema id="NewDataSet" xmlns="" xmlns:xs="http://www.w3.org/2001/XMLSchema" xmlns:msdata="urn:schemas-microsoft-com:xml-msdata">
    <xs:element name="NewDataSet" msdata:IsDataSet="true" msdata:MainDataTable="marketintervaldetail" msdata:UseCurrentLocale="true">
      <xs:complexType>
        <xs:choice minOccurs="0" maxOccurs="unbounded">
          <xs:element name="marketintervaldetail">
            <xs:complexType>
              <xs:sequence>
                <xs:element name="Data" type="xs:string" minOccurs="0" />
                <xs:element name="Mercato" type="xs:string" minOccurs="0" />
                <xs:element name="Ora" type="xs:string" minOccurs="0" />
                <xs:element name="Totale" type="xs:string" minOccurs="0" />
                <xs:element name="CNOR" type="xs:string" minOccurs="0" />
                <xs:element name="CSUD" type="xs:string" minOccurs="0" />
                <xs:element name="NORD" type="xs:string" minOccurs="0" />
                <xs:element name="SARD" type="xs:string" minOccurs="0" />
                <xs:element name="SICI" type="xs:string" minOccurs="0" />
                <xs:element name="SUD" type="xs:string" minOccurs="0" />
              </xs:sequence>
            </xs:complexType>
          </xs:element>
        </xs:choice>
      </xs:complexType>
    </xs:element>
  </xs:schema>
  <marketintervaldetail>
    <Data>20180527</Data>
    <Mercato>MGP</Mercato>
    <Ora>01</Ora>
    <Totale>24794</Totale>
    <CNOR>2606</CNOR>
    <CSUD>4073</CSUD>
    <NORD>13043</NORD>
    <SARD>911</SARD>
    <SICI>1683</SICI>
    <SUD>2478</SUD>
  </marketintervaldetail>
  <marketintervaldetail>
    <Data>20180527</Data>
    <Mercato>MGP</Mercato>
    <Ora>02</Ora>
    <Totale>23103</Totale>
    <CNOR>2409</CNOR>
    <CSUD>3829</CSUD>
    <NORD>12298</NORD>
    <SARD>860</SARD>
    <SICI>1542</SICI>
    <SUD>2165</SUD>
  </marketintervaldetail>
  <marketintervaldetail>
    <Data>20180527</Data>
    <Mercato>MGP</Mercato>
    <Ora>03</Ora>
    <Totale>21818</Totale>
    <CNOR>2315</CNOR>
    <CSUD>3546</CSUD>
    <NORD>11603</NORD>
    <SARD>827</SARD>
    <SICI>1431</SICI>
    <SUD>2096</SUD>
  </marketintervaldetail>
  <marketintervaldetail>
    <Data>20180527</Data>
    <Mercato>MGP</Mercato>
    <Ora>04</Ora>
    <Totale>21143</Totale>
    <CNOR>2289</CNOR>
    <CSUD>3377</CSUD>
    <NORD>11243</NORD>
    <SARD>808</SARD>
    <SICI>1393</SICI>
    <SUD>2033</SUD>
  </marketintervaldetail>
  <marketintervaldetail>
    <Data>20180527</Data>
    <Mercato>MGP</Mercato>
    <Ora>05</Ora>
    <Totale>21018</Totale>
    <CNOR>2254</CNOR>
    <CSUD>3325</CSUD>
    <NORD>11273</NORD>
    <SARD>807</SARD>
    <SICI>1352</SICI>
    <SUD>2007</SUD>
  </marketintervaldetail>
  <marketintervaldetail>
    <Data>20180527</Data>
    <Mercato>MGP</Mercato>
    <Ora>06</Ora>
    <Totale>20745</Totale>
    <CNOR>2266</CNOR>
    <CSUD>3250</CSUD>
    <NORD>11174</NORD>
    <SARD>809</SARD>
    <SICI>1349</SICI>
    <SUD>1897</SUD>
  </marketintervaldetail>
  <marketintervaldetail>
    <Data>20180527</Data>
    <Mercato>MGP</Mercato>
    <Ora>07</Ora>
    <Totale>20007</Totale>
    <CNOR>2151</CNOR>
    <CSUD>3155</CSUD>
    <NORD>10743</NORD>
    <SARD>804</SARD>
    <SICI>1316</SICI>
    <SUD>1838</SUD>
  </marketintervaldetail>
  <marketintervaldetail>
    <Data>20180527</Data>
    <Mercato>MGP</Mercato>
    <Ora>08</Ora>
    <Totale>21204</Totale>
    <CNOR>2303</CNOR>
    <CSUD>3401</CSUD>
    <NORD>11207</NORD>
    <SARD>841</SARD>
    <SICI>1453</SICI>
    <SUD>1999</SUD>
  </marketintervaldetail>
  <marketintervaldetail>
    <Data>20180527</Data>
    <Mercato>MGP</Mercato>
    <Ora>09</Ora>
    <Totale>22884</Totale>
    <CNOR>2451</CNOR>
    <CSUD>3715</CSUD>
    <NORD>12004</NORD>
    <SARD>880</SARD>
    <SICI>1613</SICI>
    <SUD>2221</SUD>
  </marketintervaldetail>
  <marketintervaldetail>
    <Data>20180527</Data>
    <Mercato>MGP</Mercato>
    <Ora>10</Ora>
    <Totale>24282</Totale>
    <CNOR>2658</CNOR>
    <CSUD>4074</CSUD>
    <NORD>12605</NORD>
    <SARD>906</SARD>
    <SICI>1657</SICI>
    <SUD>2382</SUD>
  </marketintervaldetail>
  <marketintervaldetail>
    <Data>20180527</Data>
    <Mercato>MGP</Mercato>
    <Ora>11</Ora>
    <Totale>24984</Totale>
    <CNOR>2776</CNOR>
    <CSUD>4305</CSUD>
    <NORD>13074</NORD>
    <SARD>908</SARD>
    <SICI>1571</SICI>
    <SUD>2350</SUD>
  </marketintervaldetail>
  <marketintervaldetail>
    <Data>20180527</Data>
    <Mercato>MGP</Mercato>
    <Ora>12</Ora>
    <Totale>25437</Totale>
    <CNOR>2791</CNOR>
    <CSUD>4286</CSUD>
    <NORD>13452</NORD>
    <SARD>867</SARD>
    <SICI>1655</SICI>
    <SUD>2386</SUD>
  </marketintervaldetail>
  <marketintervaldetail>
    <Data>20180527</Data>
    <Mercato>MGP</Mercato>
    <Ora>13</Ora>
    <Totale>25032</Totale>
    <CNOR>2711</CNOR>
    <CSUD>4247</CSUD>
    <NORD>13229</NORD>
    <SARD>887</SARD>
    <SICI>1627</SICI>
    <SUD>2331</SUD>
  </marketintervaldetail>
  <marketintervaldetail>
    <Data>20180527</Data>
    <Mercato>MGP</Mercato>
    <Ora>14</Ora>
    <Totale>23837</Totale>
    <CNOR>2532</CNOR>
    <CSUD>4089</CSUD>
    <NORD>12468</NORD>
    <SARD>875</SARD>
    <SICI>1541</SICI>
    <SUD>2332</SUD>
  </marketintervaldetail>
  <marketintervaldetail>
    <Data>20180527</Data>
    <Mercato>MGP</Mercato>
    <Ora>15</Ora>
    <Totale>23389</Totale>
    <CNOR>2477</CNOR>
    <CSUD>4034</CSUD>
    <NORD>12387</NORD>
    <SARD>759</SARD>
    <SICI>1526</SICI>
    <SUD>2206</SUD>
  </marketintervaldetail>
  <marketintervaldetail>
    <Data>20180527</Data>
    <Mercato>MGP</Mercato>
    <Ora>16</Ora>
    <Totale>23233</Totale>
    <CNOR>2393</CNOR>
    <CSUD>4083</CSUD>
    <NORD>12410</NORD>
    <SARD>799</SARD>
    <SICI>1529</SICI>
    <SUD>2019</SUD>
  </marketintervaldetail>
  <marketintervaldetail>
    <Data>20180527</Data>
    <Mercato>MGP</Mercato>
    <Ora>17</Ora>
    <Totale>23573</Totale>
    <CNOR>2514</CNOR>
    <CSUD>4174</CSUD>
    <NORD>12474</NORD>
    <SARD>871</SARD>
    <SICI>1561</SICI>
    <SUD>1979</SUD>
  </marketintervaldetail>
  <marketintervaldetail>
    <Data>20180527</Data>
    <Mercato>MGP</Mercato>
    <Ora>18</Ora>
    <Totale>24205</Totale>
    <CNOR>2600</CNOR>
    <CSUD>4250</CSUD>
    <NORD>12668</NORD>
    <SARD>922</SARD>
    <SICI>1600</SICI>
    <SUD>2165</SUD>
  </marketintervaldetail>
  <marketintervaldetail>
    <Data>20180527</Data>
    <Mercato>MGP</Mercato>
    <Ora>19</Ora>
    <Totale>25845</Totale>
    <CNOR>2825</CNOR>
    <CSUD>4301</CSUD>
    <NORD>13733</NORD>
    <SARD>980</SARD>
    <SICI>1695</SICI>
    <SUD>2311</SUD>
  </marketintervaldetail>
  <marketintervaldetail>
    <Data>20180527</Data>
    <Mercato>MGP</Mercato>
    <Ora>20</Ora>
    <Totale>27417</Totale>
    <CNOR>2997</CNOR>
    <CSUD>4431</CSUD>
    <NORD>14681</NORD>
    <SARD>1015</SARD>
    <SICI>1816</SICI>
    <SUD>2477</SUD>
  </marketintervaldetail>
  <marketintervaldetail>
    <Data>20180527</Data>
    <Mercato>MGP</Mercato>
    <Ora>21</Ora>
    <Totale>28689</Totale>
    <CNOR>3139</CNOR>
    <CSUD>4743</CSUD>
    <NORD>14851</NORD>
    <SARD>1077</SARD>
    <SICI>2068</SICI>
    <SUD>2811</SUD>
  </marketintervaldetail>
  <marketintervaldetail>
    <Data>20180527</Data>
    <Mercato>MGP</Mercato>
    <Ora>22</Ora>
    <Totale>29496</Totale>
    <CNOR>3207</CNOR>
    <CSUD>4896</CSUD>
    <NORD>15272</NORD>
    <SARD>1086</SARD>
    <SICI>2116</SICI>
    <SUD>2919</SUD>
  </marketintervaldetail>
  <marketintervaldetail>
    <Data>20180527</Data>
    <Mercato>MGP</Mercato>
    <Ora>23</Ora>
    <Totale>27907</Totale>
    <CNOR>2977</CNOR>
    <CSUD>4619</CSUD>
    <NORD>14629</NORD>
    <SARD>1040</SARD>
    <SICI>2037</SICI>
    <SUD>2605</SUD>
  </marketintervaldetail>
  <marketintervaldetail>
    <Data>20180527</Data>
    <Mercato>MGP</Mercato>
    <Ora>24</Ora>
    <Totale>25363</Totale>
    <CNOR>2686</CNOR>
    <CSUD>4212</CSUD>
    <NORD>13344</NORD>
    <SARD>963</SARD>
    <SICI>1778</SICI>
    <SUD>2380</SUD>
  </marketintervaldetail>
</NewDataSet>