<?xml version="1.0" standalone="yes"?>
<NewDataSet>
  <xs:schema id="NewDataSet" xmlns="" xmlns:xs="http://www.w3.org/2001/XMLSchema" xmlns:msdata="urn:schemas-microsoft-com:xml-msdata">
    <xs:element name="NewDataSet" msdata:IsDataSet="true" msdata:MainDataTable="marketintervaldetail" msdata:UseCurrentLocale="true">
      <xs:complexType>
        <xs:choice minOccurs="0" maxOccurs="unbounded">
          <xs:element name="marketintervaldetail">
            <xs:complexType>
              <xs:sequence>
                <xs:element name="Data" type="xs:string" minOccurs="0" />
                <xs:element name="Mercato" type="xs:string" minOccurs="0" />
                <xs:element name="Ora" type="xs:string" minOccurs="0" />
                <xs:element name="Totale" type="xs:string" minOccurs="0" />
                <xs:element name="CNOR" type="xs:string" minOccurs="0" />
                <xs:element name="CSUD" type="xs:string" minOccurs="0" />
                <xs:element name="NORD" type="xs:string" minOccurs="0" />
                <xs:element name="SARD" type="xs:string" minOccurs="0" />
                <xs:element name="SICI" type="xs:string" minOccurs="0" />
                <xs:element name="SUD" type="xs:string" minOccurs="0" />
              </xs:sequence>
            </xs:complexType>
          </xs:element>
        </xs:choice>
      </xs:complexType>
    </xs:element>
  </xs:schema>
  <marketintervaldetail>
    <Data>20180523</Data>
    <Mercato>MGP</Mercato>
    <Ora>01</Ora>
    <Totale>28139</Totale>
    <CNOR>3001</CNOR>
    <CSUD>4131</CSUD>
    <NORD>16163</NORD>
    <SARD>791</SARD>
    <SICI>1673</SICI>
    <SUD>2380</SUD>
  </marketintervaldetail>
  <marketintervaldetail>
    <Data>20180523</Data>
    <Mercato>MGP</Mercato>
    <Ora>02</Ora>
    <Totale>26436</Totale>
    <CNOR>2788</CNOR>
    <CSUD>3828</CSUD>
    <NORD>15297</NORD>
    <SARD>756</SARD>
    <SICI>1538</SICI>
    <SUD>2229</SUD>
  </marketintervaldetail>
  <marketintervaldetail>
    <Data>20180523</Data>
    <Mercato>MGP</Mercato>
    <Ora>03</Ora>
    <Totale>25436</Totale>
    <CNOR>2665</CNOR>
    <CSUD>3614</CSUD>
    <NORD>14838</NORD>
    <SARD>755</SARD>
    <SICI>1471</SICI>
    <SUD>2093</SUD>
  </marketintervaldetail>
  <marketintervaldetail>
    <Data>20180523</Data>
    <Mercato>MGP</Mercato>
    <Ora>04</Ora>
    <Totale>24959</Totale>
    <CNOR>2619</CNOR>
    <CSUD>3521</CSUD>
    <NORD>14583</NORD>
    <SARD>749</SARD>
    <SICI>1441</SICI>
    <SUD>2046</SUD>
  </marketintervaldetail>
  <marketintervaldetail>
    <Data>20180523</Data>
    <Mercato>MGP</Mercato>
    <Ora>05</Ora>
    <Totale>25185</Totale>
    <CNOR>2619</CNOR>
    <CSUD>3561</CSUD>
    <NORD>14748</NORD>
    <SARD>757</SARD>
    <SICI>1437</SICI>
    <SUD>2063</SUD>
  </marketintervaldetail>
  <marketintervaldetail>
    <Data>20180523</Data>
    <Mercato>MGP</Mercato>
    <Ora>06</Ora>
    <Totale>26128</Totale>
    <CNOR>2672</CNOR>
    <CSUD>3701</CSUD>
    <NORD>15429</NORD>
    <SARD>777</SARD>
    <SICI>1472</SICI>
    <SUD>2077</SUD>
  </marketintervaldetail>
  <marketintervaldetail>
    <Data>20180523</Data>
    <Mercato>MGP</Mercato>
    <Ora>07</Ora>
    <Totale>29308</Totale>
    <CNOR>3065</CNOR>
    <CSUD>4073</CSUD>
    <NORD>17516</NORD>
    <SARD>833</SARD>
    <SICI>1556</SICI>
    <SUD>2265</SUD>
  </marketintervaldetail>
  <marketintervaldetail>
    <Data>20180523</Data>
    <Mercato>MGP</Mercato>
    <Ora>08</Ora>
    <Totale>34664</Totale>
    <CNOR>3789</CNOR>
    <CSUD>4814</CSUD>
    <NORD>20533</NORD>
    <SARD>925</SARD>
    <SICI>1854</SICI>
    <SUD>2749</SUD>
  </marketintervaldetail>
  <marketintervaldetail>
    <Data>20180523</Data>
    <Mercato>MGP</Mercato>
    <Ora>09</Ora>
    <Totale>38454</Totale>
    <CNOR>4252</CNOR>
    <CSUD>5331</CSUD>
    <NORD>22868</NORD>
    <SARD>1009</SARD>
    <SICI>2019</SICI>
    <SUD>2975</SUD>
  </marketintervaldetail>
  <marketintervaldetail>
    <Data>20180523</Data>
    <Mercato>MGP</Mercato>
    <Ora>10</Ora>
    <Totale>39113</Totale>
    <CNOR>4291</CNOR>
    <CSUD>5539</CSUD>
    <NORD>23304</NORD>
    <SARD>1027</SARD>
    <SICI>2015</SICI>
    <SUD>2937</SUD>
  </marketintervaldetail>
  <marketintervaldetail>
    <Data>20180523</Data>
    <Mercato>MGP</Mercato>
    <Ora>11</Ora>
    <Totale>39103</Totale>
    <CNOR>4411</CNOR>
    <CSUD>5572</CSUD>
    <NORD>23347</NORD>
    <SARD>1008</SARD>
    <SICI>1927</SICI>
    <SUD>2838</SUD>
  </marketintervaldetail>
  <marketintervaldetail>
    <Data>20180523</Data>
    <Mercato>MGP</Mercato>
    <Ora>12</Ora>
    <Totale>38967</Totale>
    <CNOR>4521</CNOR>
    <CSUD>5790</CSUD>
    <NORD>23112</NORD>
    <SARD>981</SARD>
    <SICI>1881</SICI>
    <SUD>2682</SUD>
  </marketintervaldetail>
  <marketintervaldetail>
    <Data>20180523</Data>
    <Mercato>MGP</Mercato>
    <Ora>13</Ora>
    <Totale>36343</Totale>
    <CNOR>4213</CNOR>
    <CSUD>5589</CSUD>
    <NORD>21204</NORD>
    <SARD>912</SARD>
    <SICI>1824</SICI>
    <SUD>2601</SUD>
  </marketintervaldetail>
  <marketintervaldetail>
    <Data>20180523</Data>
    <Mercato>MGP</Mercato>
    <Ora>14</Ora>
    <Totale>35812</Totale>
    <CNOR>3969</CNOR>
    <CSUD>5484</CSUD>
    <NORD>21266</NORD>
    <SARD>884</SARD>
    <SICI>1769</SICI>
    <SUD>2440</SUD>
  </marketintervaldetail>
  <marketintervaldetail>
    <Data>20180523</Data>
    <Mercato>MGP</Mercato>
    <Ora>15</Ora>
    <Totale>36983</Totale>
    <CNOR>4156</CNOR>
    <CSUD>5499</CSUD>
    <NORD>22167</NORD>
    <SARD>852</SARD>
    <SICI>1720</SICI>
    <SUD>2589</SUD>
  </marketintervaldetail>
  <marketintervaldetail>
    <Data>20180523</Data>
    <Mercato>MGP</Mercato>
    <Ora>16</Ora>
    <Totale>37803</Totale>
    <CNOR>4188</CNOR>
    <CSUD>5548</CSUD>
    <NORD>22870</NORD>
    <SARD>869</SARD>
    <SICI>1714</SICI>
    <SUD>2614</SUD>
  </marketintervaldetail>
  <marketintervaldetail>
    <Data>20180523</Data>
    <Mercato>MGP</Mercato>
    <Ora>17</Ora>
    <Totale>38348</Totale>
    <CNOR>4372</CNOR>
    <CSUD>5643</CSUD>
    <NORD>22956</NORD>
    <SARD>859</SARD>
    <SICI>1788</SICI>
    <SUD>2730</SUD>
  </marketintervaldetail>
  <marketintervaldetail>
    <Data>20180523</Data>
    <Mercato>MGP</Mercato>
    <Ora>18</Ora>
    <Totale>37599</Totale>
    <CNOR>4338</CNOR>
    <CSUD>5681</CSUD>
    <NORD>22005</NORD>
    <SARD>907</SARD>
    <SICI>1898</SICI>
    <SUD>2770</SUD>
  </marketintervaldetail>
  <marketintervaldetail>
    <Data>20180523</Data>
    <Mercato>MGP</Mercato>
    <Ora>19</Ora>
    <Totale>36738</Totale>
    <CNOR>4226</CNOR>
    <CSUD>5558</CSUD>
    <NORD>21160</NORD>
    <SARD>954</SARD>
    <SICI>1985</SICI>
    <SUD>2855</SUD>
  </marketintervaldetail>
  <marketintervaldetail>
    <Data>20180523</Data>
    <Mercato>MGP</Mercato>
    <Ora>20</Ora>
    <Totale>37038</Totale>
    <CNOR>4032</CNOR>
    <CSUD>5603</CSUD>
    <NORD>21320</NORD>
    <SARD>1037</SARD>
    <SICI>2109</SICI>
    <SUD>2937</SUD>
  </marketintervaldetail>
  <marketintervaldetail>
    <Data>20180523</Data>
    <Mercato>MGP</Mercato>
    <Ora>21</Ora>
    <Totale>37879</Totale>
    <CNOR>4060</CNOR>
    <CSUD>5869</CSUD>
    <NORD>21231</NORD>
    <SARD>1120</SARD>
    <SICI>2370</SICI>
    <SUD>3229</SUD>
  </marketintervaldetail>
  <marketintervaldetail>
    <Data>20180523</Data>
    <Mercato>MGP</Mercato>
    <Ora>22</Ora>
    <Totale>37124</Totale>
    <CNOR>3955</CNOR>
    <CSUD>5727</CSUD>
    <NORD>20780</NORD>
    <SARD>1106</SARD>
    <SICI>2386</SICI>
    <SUD>3170</SUD>
  </marketintervaldetail>
  <marketintervaldetail>
    <Data>20180523</Data>
    <Mercato>MGP</Mercato>
    <Ora>23</Ora>
    <Totale>33917</Totale>
    <CNOR>3570</CNOR>
    <CSUD>5210</CSUD>
    <NORD>19155</NORD>
    <SARD>1027</SARD>
    <SICI>2126</SICI>
    <SUD>2829</SUD>
  </marketintervaldetail>
  <marketintervaldetail>
    <Data>20180523</Data>
    <Mercato>MGP</Mercato>
    <Ora>24</Ora>
    <Totale>30703</Totale>
    <CNOR>3225</CNOR>
    <CSUD>4657</CSUD>
    <NORD>17432</NORD>
    <SARD>941</SARD>
    <SICI>1887</SICI>
    <SUD>2561</SUD>
  </marketintervaldetail>
</NewDataSet>