<?xml version="1.0" standalone="yes"?>
<NewDataSet>
  <xs:schema id="NewDataSet" xmlns="" xmlns:xs="http://www.w3.org/2001/XMLSchema" xmlns:msdata="urn:schemas-microsoft-com:xml-msdata">
    <xs:element name="NewDataSet" msdata:IsDataSet="true" msdata:MainDataTable="marketintervaldetail" msdata:UseCurrentLocale="true">
      <xs:complexType>
        <xs:choice minOccurs="0" maxOccurs="unbounded">
          <xs:element name="marketintervaldetail">
            <xs:complexType>
              <xs:sequence>
                <xs:element name="Data" type="xs:string" minOccurs="0" />
                <xs:element name="Mercato" type="xs:string" minOccurs="0" />
                <xs:element name="Ora" type="xs:string" minOccurs="0" />
                <xs:element name="Totale" type="xs:string" minOccurs="0" />
                <xs:element name="CNOR" type="xs:string" minOccurs="0" />
                <xs:element name="CSUD" type="xs:string" minOccurs="0" />
                <xs:element name="NORD" type="xs:string" minOccurs="0" />
                <xs:element name="SARD" type="xs:string" minOccurs="0" />
                <xs:element name="SICI" type="xs:string" minOccurs="0" />
                <xs:element name="SUD" type="xs:string" minOccurs="0" />
              </xs:sequence>
            </xs:complexType>
          </xs:element>
        </xs:choice>
      </xs:complexType>
    </xs:element>
  </xs:schema>
  <marketintervaldetail>
    <Data>20180517</Data>
    <Mercato>MGP</Mercato>
    <Ora>01</Ora>
    <Totale>28326</Totale>
    <CNOR>3051</CNOR>
    <CSUD>3989</CSUD>
    <NORD>16310</NORD>
    <SARD>838</SARD>
    <SICI>1647</SICI>
    <SUD>2491</SUD>
  </marketintervaldetail>
  <marketintervaldetail>
    <Data>20180517</Data>
    <Mercato>MGP</Mercato>
    <Ora>02</Ora>
    <Totale>26602</Totale>
    <CNOR>2880</CNOR>
    <CSUD>3675</CSUD>
    <NORD>15470</NORD>
    <SARD>806</SARD>
    <SICI>1516</SICI>
    <SUD>2255</SUD>
  </marketintervaldetail>
  <marketintervaldetail>
    <Data>20180517</Data>
    <Mercato>MGP</Mercato>
    <Ora>03</Ora>
    <Totale>25690</Totale>
    <CNOR>2771</CNOR>
    <CSUD>3509</CSUD>
    <NORD>15007</NORD>
    <SARD>785</SARD>
    <SICI>1435</SICI>
    <SUD>2183</SUD>
  </marketintervaldetail>
  <marketintervaldetail>
    <Data>20180517</Data>
    <Mercato>MGP</Mercato>
    <Ora>04</Ora>
    <Totale>25285</Totale>
    <CNOR>2697</CNOR>
    <CSUD>3471</CSUD>
    <NORD>14758</NORD>
    <SARD>762</SARD>
    <SICI>1413</SICI>
    <SUD>2184</SUD>
  </marketintervaldetail>
  <marketintervaldetail>
    <Data>20180517</Data>
    <Mercato>MGP</Mercato>
    <Ora>05</Ora>
    <Totale>25509</Totale>
    <CNOR>2698</CNOR>
    <CSUD>3499</CSUD>
    <NORD>14923</NORD>
    <SARD>761</SARD>
    <SICI>1425</SICI>
    <SUD>2203</SUD>
  </marketintervaldetail>
  <marketintervaldetail>
    <Data>20180517</Data>
    <Mercato>MGP</Mercato>
    <Ora>06</Ora>
    <Totale>27000</Totale>
    <CNOR>2883</CNOR>
    <CSUD>3679</CSUD>
    <NORD>15943</NORD>
    <SARD>794</SARD>
    <SICI>1458</SICI>
    <SUD>2243</SUD>
  </marketintervaldetail>
  <marketintervaldetail>
    <Data>20180517</Data>
    <Mercato>MGP</Mercato>
    <Ora>07</Ora>
    <Totale>30176</Totale>
    <CNOR>3100</CNOR>
    <CSUD>4046</CSUD>
    <NORD>18344</NORD>
    <SARD>852</SARD>
    <SICI>1551</SICI>
    <SUD>2283</SUD>
  </marketintervaldetail>
  <marketintervaldetail>
    <Data>20180517</Data>
    <Mercato>MGP</Mercato>
    <Ora>08</Ora>
    <Totale>36031</Totale>
    <CNOR>3677</CNOR>
    <CSUD>4895</CSUD>
    <NORD>21879</NORD>
    <SARD>957</SARD>
    <SICI>1958</SICI>
    <SUD>2665</SUD>
  </marketintervaldetail>
  <marketintervaldetail>
    <Data>20180517</Data>
    <Mercato>MGP</Mercato>
    <Ora>09</Ora>
    <Totale>40203</Totale>
    <CNOR>4136</CNOR>
    <CSUD>5428</CSUD>
    <NORD>24599</NORD>
    <SARD>1009</SARD>
    <SICI>2105</SICI>
    <SUD>2926</SUD>
  </marketintervaldetail>
  <marketintervaldetail>
    <Data>20180517</Data>
    <Mercato>MGP</Mercato>
    <Ora>10</Ora>
    <Totale>40942</Totale>
    <CNOR>4145</CNOR>
    <CSUD>5605</CSUD>
    <NORD>25130</NORD>
    <SARD>976</SARD>
    <SICI>2096</SICI>
    <SUD>2990</SUD>
  </marketintervaldetail>
  <marketintervaldetail>
    <Data>20180517</Data>
    <Mercato>MGP</Mercato>
    <Ora>11</Ora>
    <Totale>40695</Totale>
    <CNOR>4117</CNOR>
    <CSUD>5700</CSUD>
    <NORD>24908</NORD>
    <SARD>981</SARD>
    <SICI>2030</SICI>
    <SUD>2959</SUD>
  </marketintervaldetail>
  <marketintervaldetail>
    <Data>20180517</Data>
    <Mercato>MGP</Mercato>
    <Ora>12</Ora>
    <Totale>40392</Totale>
    <CNOR>4089</CNOR>
    <CSUD>5651</CSUD>
    <NORD>24655</NORD>
    <SARD>955</SARD>
    <SICI>1973</SICI>
    <SUD>3069</SUD>
  </marketintervaldetail>
  <marketintervaldetail>
    <Data>20180517</Data>
    <Mercato>MGP</Mercato>
    <Ora>13</Ora>
    <Totale>38271</Totale>
    <CNOR>3909</CNOR>
    <CSUD>5713</CSUD>
    <NORD>22801</NORD>
    <SARD>906</SARD>
    <SICI>1987</SICI>
    <SUD>2955</SUD>
  </marketintervaldetail>
  <marketintervaldetail>
    <Data>20180517</Data>
    <Mercato>MGP</Mercato>
    <Ora>14</Ora>
    <Totale>37599</Totale>
    <CNOR>4074</CNOR>
    <CSUD>5598</CSUD>
    <NORD>22114</NORD>
    <SARD>833</SARD>
    <SICI>2014</SICI>
    <SUD>2966</SUD>
  </marketintervaldetail>
  <marketintervaldetail>
    <Data>20180517</Data>
    <Mercato>MGP</Mercato>
    <Ora>15</Ora>
    <Totale>38698</Totale>
    <CNOR>4256</CNOR>
    <CSUD>5482</CSUD>
    <NORD>23338</NORD>
    <SARD>785</SARD>
    <SICI>1991</SICI>
    <SUD>2846</SUD>
  </marketintervaldetail>
  <marketintervaldetail>
    <Data>20180517</Data>
    <Mercato>MGP</Mercato>
    <Ora>16</Ora>
    <Totale>39006</Totale>
    <CNOR>4603</CNOR>
    <CSUD>5593</CSUD>
    <NORD>23276</NORD>
    <SARD>779</SARD>
    <SICI>1987</SICI>
    <SUD>2768</SUD>
  </marketintervaldetail>
  <marketintervaldetail>
    <Data>20180517</Data>
    <Mercato>MGP</Mercato>
    <Ora>17</Ora>
    <Totale>39082</Totale>
    <CNOR>4431</CNOR>
    <CSUD>5397</CSUD>
    <NORD>23339</NORD>
    <SARD>813</SARD>
    <SICI>2074</SICI>
    <SUD>3028</SUD>
  </marketintervaldetail>
  <marketintervaldetail>
    <Data>20180517</Data>
    <Mercato>MGP</Mercato>
    <Ora>18</Ora>
    <Totale>38007</Totale>
    <CNOR>4429</CNOR>
    <CSUD>5213</CSUD>
    <NORD>22471</NORD>
    <SARD>842</SARD>
    <SICI>2096</SICI>
    <SUD>2956</SUD>
  </marketintervaldetail>
  <marketintervaldetail>
    <Data>20180517</Data>
    <Mercato>MGP</Mercato>
    <Ora>19</Ora>
    <Totale>37003</Totale>
    <CNOR>4305</CNOR>
    <CSUD>5184</CSUD>
    <NORD>21584</NORD>
    <SARD>827</SARD>
    <SICI>2136</SICI>
    <SUD>2967</SUD>
  </marketintervaldetail>
  <marketintervaldetail>
    <Data>20180517</Data>
    <Mercato>MGP</Mercato>
    <Ora>20</Ora>
    <Totale>37122</Totale>
    <CNOR>4213</CNOR>
    <CSUD>5317</CSUD>
    <NORD>21320</NORD>
    <SARD>886</SARD>
    <SICI>2308</SICI>
    <SUD>3078</SUD>
  </marketintervaldetail>
  <marketintervaldetail>
    <Data>20180517</Data>
    <Mercato>MGP</Mercato>
    <Ora>21</Ora>
    <Totale>37897</Totale>
    <CNOR>4072</CNOR>
    <CSUD>5599</CSUD>
    <NORD>21351</NORD>
    <SARD>985</SARD>
    <SICI>2452</SICI>
    <SUD>3438</SUD>
  </marketintervaldetail>
  <marketintervaldetail>
    <Data>20180517</Data>
    <Mercato>MGP</Mercato>
    <Ora>22</Ora>
    <Totale>37601</Totale>
    <CNOR>4019</CNOR>
    <CSUD>5537</CSUD>
    <NORD>21275</NORD>
    <SARD>999</SARD>
    <SICI>2404</SICI>
    <SUD>3367</SUD>
  </marketintervaldetail>
  <marketintervaldetail>
    <Data>20180517</Data>
    <Mercato>MGP</Mercato>
    <Ora>23</Ora>
    <Totale>34209</Totale>
    <CNOR>3661</CNOR>
    <CSUD>5054</CSUD>
    <NORD>19299</NORD>
    <SARD>917</SARD>
    <SICI>2191</SICI>
    <SUD>3087</SUD>
  </marketintervaldetail>
  <marketintervaldetail>
    <Data>20180517</Data>
    <Mercato>MGP</Mercato>
    <Ora>24</Ora>
    <Totale>30748</Totale>
    <CNOR>3252</CNOR>
    <CSUD>4524</CSUD>
    <NORD>17496</NORD>
    <SARD>831</SARD>
    <SICI>1930</SICI>
    <SUD>2715</SUD>
  </marketintervaldetail>
</NewDataSet>