<?xml version="1.0" standalone="yes"?>
<NewDataSet>
  <xs:schema id="NewDataSet" xmlns="" xmlns:xs="http://www.w3.org/2001/XMLSchema" xmlns:msdata="urn:schemas-microsoft-com:xml-msdata">
    <xs:element name="NewDataSet" msdata:IsDataSet="true" msdata:MainDataTable="marketintervaldetail" msdata:UseCurrentLocale="true">
      <xs:complexType>
        <xs:choice minOccurs="0" maxOccurs="unbounded">
          <xs:element name="marketintervaldetail">
            <xs:complexType>
              <xs:sequence>
                <xs:element name="Data" type="xs:string" minOccurs="0" />
                <xs:element name="Mercato" type="xs:string" minOccurs="0" />
                <xs:element name="Ora" type="xs:string" minOccurs="0" />
                <xs:element name="Totale" type="xs:string" minOccurs="0" />
                <xs:element name="CNOR" type="xs:string" minOccurs="0" />
                <xs:element name="CSUD" type="xs:string" minOccurs="0" />
                <xs:element name="NORD" type="xs:string" minOccurs="0" />
                <xs:element name="SARD" type="xs:string" minOccurs="0" />
                <xs:element name="SICI" type="xs:string" minOccurs="0" />
                <xs:element name="SUD" type="xs:string" minOccurs="0" />
              </xs:sequence>
            </xs:complexType>
          </xs:element>
        </xs:choice>
      </xs:complexType>
    </xs:element>
  </xs:schema>
  <marketintervaldetail>
    <Data>20180520</Data>
    <Mercato>MGP</Mercato>
    <Ora>01</Ora>
    <Totale>24808</Totale>
    <CNOR>2598</CNOR>
    <CSUD>3913</CSUD>
    <NORD>13510</NORD>
    <SARD>859</SARD>
    <SICI>1763</SICI>
    <SUD>2165</SUD>
  </marketintervaldetail>
  <marketintervaldetail>
    <Data>20180520</Data>
    <Mercato>MGP</Mercato>
    <Ora>02</Ora>
    <Totale>22878</Totale>
    <CNOR>2339</CNOR>
    <CSUD>3606</CSUD>
    <NORD>12440</NORD>
    <SARD>826</SARD>
    <SICI>1667</SICI>
    <SUD>2000</SUD>
  </marketintervaldetail>
  <marketintervaldetail>
    <Data>20180520</Data>
    <Mercato>MGP</Mercato>
    <Ora>03</Ora>
    <Totale>21751</Totale>
    <CNOR>2202</CNOR>
    <CSUD>3405</CSUD>
    <NORD>11848</NORD>
    <SARD>794</SARD>
    <SICI>1610</SICI>
    <SUD>1892</SUD>
  </marketintervaldetail>
  <marketintervaldetail>
    <Data>20180520</Data>
    <Mercato>MGP</Mercato>
    <Ora>04</Ora>
    <Totale>21291</Totale>
    <CNOR>2184</CNOR>
    <CSUD>3280</CSUD>
    <NORD>11697</NORD>
    <SARD>783</SARD>
    <SICI>1537</SICI>
    <SUD>1810</SUD>
  </marketintervaldetail>
  <marketintervaldetail>
    <Data>20180520</Data>
    <Mercato>MGP</Mercato>
    <Ora>05</Ora>
    <Totale>21087</Totale>
    <CNOR>2166</CNOR>
    <CSUD>3174</CSUD>
    <NORD>11702</NORD>
    <SARD>789</SARD>
    <SICI>1469</SICI>
    <SUD>1787</SUD>
  </marketintervaldetail>
  <marketintervaldetail>
    <Data>20180520</Data>
    <Mercato>MGP</Mercato>
    <Ora>06</Ora>
    <Totale>20977</Totale>
    <CNOR>2162</CNOR>
    <CSUD>3141</CSUD>
    <NORD>11618</NORD>
    <SARD>800</SARD>
    <SICI>1444</SICI>
    <SUD>1812</SUD>
  </marketintervaldetail>
  <marketintervaldetail>
    <Data>20180520</Data>
    <Mercato>MGP</Mercato>
    <Ora>07</Ora>
    <Totale>20342</Totale>
    <CNOR>2075</CNOR>
    <CSUD>3084</CSUD>
    <NORD>11151</NORD>
    <SARD>790</SARD>
    <SICI>1468</SICI>
    <SUD>1774</SUD>
  </marketintervaldetail>
  <marketintervaldetail>
    <Data>20180520</Data>
    <Mercato>MGP</Mercato>
    <Ora>08</Ora>
    <Totale>21878</Totale>
    <CNOR>2233</CNOR>
    <CSUD>3414</CSUD>
    <NORD>11899</NORD>
    <SARD>813</SARD>
    <SICI>1657</SICI>
    <SUD>1862</SUD>
  </marketintervaldetail>
  <marketintervaldetail>
    <Data>20180520</Data>
    <Mercato>MGP</Mercato>
    <Ora>09</Ora>
    <Totale>23674</Totale>
    <CNOR>2494</CNOR>
    <CSUD>3866</CSUD>
    <NORD>12628</NORD>
    <SARD>861</SARD>
    <SICI>1825</SICI>
    <SUD>2000</SUD>
  </marketintervaldetail>
  <marketintervaldetail>
    <Data>20180520</Data>
    <Mercato>MGP</Mercato>
    <Ora>10</Ora>
    <Totale>25136</Totale>
    <CNOR>2437</CNOR>
    <CSUD>4150</CSUD>
    <NORD>13502</NORD>
    <SARD>872</SARD>
    <SICI>2010</SICI>
    <SUD>2165</SUD>
  </marketintervaldetail>
  <marketintervaldetail>
    <Data>20180520</Data>
    <Mercato>MGP</Mercato>
    <Ora>11</Ora>
    <Totale>25831</Totale>
    <CNOR>2551</CNOR>
    <CSUD>4242</CSUD>
    <NORD>14038</NORD>
    <SARD>851</SARD>
    <SICI>1979</SICI>
    <SUD>2170</SUD>
  </marketintervaldetail>
  <marketintervaldetail>
    <Data>20180520</Data>
    <Mercato>MGP</Mercato>
    <Ora>12</Ora>
    <Totale>25962</Totale>
    <CNOR>2612</CNOR>
    <CSUD>4238</CSUD>
    <NORD>14207</NORD>
    <SARD>849</SARD>
    <SICI>1914</SICI>
    <SUD>2142</SUD>
  </marketintervaldetail>
  <marketintervaldetail>
    <Data>20180520</Data>
    <Mercato>MGP</Mercato>
    <Ora>13</Ora>
    <Totale>25939</Totale>
    <CNOR>2673</CNOR>
    <CSUD>4372</CSUD>
    <NORD>14180</NORD>
    <SARD>832</SARD>
    <SICI>1762</SICI>
    <SUD>2120</SUD>
  </marketintervaldetail>
  <marketintervaldetail>
    <Data>20180520</Data>
    <Mercato>MGP</Mercato>
    <Ora>14</Ora>
    <Totale>24801</Totale>
    <CNOR>2764</CNOR>
    <CSUD>4175</CSUD>
    <NORD>13360</NORD>
    <SARD>789</SARD>
    <SICI>1599</SICI>
    <SUD>2114</SUD>
  </marketintervaldetail>
  <marketintervaldetail>
    <Data>20180520</Data>
    <Mercato>MGP</Mercato>
    <Ora>15</Ora>
    <Totale>24083</Totale>
    <CNOR>3036</CNOR>
    <CSUD>4035</CSUD>
    <NORD>12816</NORD>
    <SARD>759</SARD>
    <SICI>1515</SICI>
    <SUD>1922</SUD>
  </marketintervaldetail>
  <marketintervaldetail>
    <Data>20180520</Data>
    <Mercato>MGP</Mercato>
    <Ora>16</Ora>
    <Totale>24119</Totale>
    <CNOR>2876</CNOR>
    <CSUD>4055</CSUD>
    <NORD>12665</NORD>
    <SARD>733</SARD>
    <SICI>1671</SICI>
    <SUD>2119</SUD>
  </marketintervaldetail>
  <marketintervaldetail>
    <Data>20180520</Data>
    <Mercato>MGP</Mercato>
    <Ora>17</Ora>
    <Totale>24620</Totale>
    <CNOR>2741</CNOR>
    <CSUD>4022</CSUD>
    <NORD>13308</NORD>
    <SARD>777</SARD>
    <SICI>1687</SICI>
    <SUD>2085</SUD>
  </marketintervaldetail>
  <marketintervaldetail>
    <Data>20180520</Data>
    <Mercato>MGP</Mercato>
    <Ora>18</Ora>
    <Totale>25729</Totale>
    <CNOR>2661</CNOR>
    <CSUD>4010</CSUD>
    <NORD>14250</NORD>
    <SARD>851</SARD>
    <SICI>1762</SICI>
    <SUD>2195</SUD>
  </marketintervaldetail>
  <marketintervaldetail>
    <Data>20180520</Data>
    <Mercato>MGP</Mercato>
    <Ora>19</Ora>
    <Totale>26612</Totale>
    <CNOR>2861</CNOR>
    <CSUD>4131</CSUD>
    <NORD>14660</NORD>
    <SARD>893</SARD>
    <SICI>1845</SICI>
    <SUD>2222</SUD>
  </marketintervaldetail>
  <marketintervaldetail>
    <Data>20180520</Data>
    <Mercato>MGP</Mercato>
    <Ora>20</Ora>
    <Totale>27995</Totale>
    <CNOR>3148</CNOR>
    <CSUD>4356</CSUD>
    <NORD>15374</NORD>
    <SARD>921</SARD>
    <SICI>1821</SICI>
    <SUD>2375</SUD>
  </marketintervaldetail>
  <marketintervaldetail>
    <Data>20180520</Data>
    <Mercato>MGP</Mercato>
    <Ora>21</Ora>
    <Totale>29068</Totale>
    <CNOR>3272</CNOR>
    <CSUD>4687</CSUD>
    <NORD>15361</NORD>
    <SARD>965</SARD>
    <SICI>2007</SICI>
    <SUD>2776</SUD>
  </marketintervaldetail>
  <marketintervaldetail>
    <Data>20180520</Data>
    <Mercato>MGP</Mercato>
    <Ora>22</Ora>
    <Totale>29744</Totale>
    <CNOR>3334</CNOR>
    <CSUD>4833</CSUD>
    <NORD>15739</NORD>
    <SARD>982</SARD>
    <SICI>2028</SICI>
    <SUD>2828</SUD>
  </marketintervaldetail>
  <marketintervaldetail>
    <Data>20180520</Data>
    <Mercato>MGP</Mercato>
    <Ora>23</Ora>
    <Totale>28156</Totale>
    <CNOR>3045</CNOR>
    <CSUD>4614</CSUD>
    <NORD>15033</NORD>
    <SARD>920</SARD>
    <SICI>1944</SICI>
    <SUD>2600</SUD>
  </marketintervaldetail>
  <marketintervaldetail>
    <Data>20180520</Data>
    <Mercato>MGP</Mercato>
    <Ora>24</Ora>
    <Totale>25957</Totale>
    <CNOR>2848</CNOR>
    <CSUD>4254</CSUD>
    <NORD>13835</NORD>
    <SARD>853</SARD>
    <SICI>1834</SICI>
    <SUD>2333</SUD>
  </marketintervaldetail>
</NewDataSet>