<?xml version="1.0" standalone="yes"?>
<NewDataSet>
  <xs:schema id="NewDataSet" xmlns="" xmlns:xs="http://www.w3.org/2001/XMLSchema" xmlns:msdata="urn:schemas-microsoft-com:xml-msdata">
    <xs:element name="NewDataSet" msdata:IsDataSet="true" msdata:MainDataTable="marketintervaldetail" msdata:UseCurrentLocale="true">
      <xs:complexType>
        <xs:choice minOccurs="0" maxOccurs="unbounded">
          <xs:element name="marketintervaldetail">
            <xs:complexType>
              <xs:sequence>
                <xs:element name="Data" type="xs:string" minOccurs="0" />
                <xs:element name="Mercato" type="xs:string" minOccurs="0" />
                <xs:element name="Ora" type="xs:string" minOccurs="0" />
                <xs:element name="Totale" type="xs:string" minOccurs="0" />
                <xs:element name="CNOR" type="xs:string" minOccurs="0" />
                <xs:element name="CSUD" type="xs:string" minOccurs="0" />
                <xs:element name="NORD" type="xs:string" minOccurs="0" />
                <xs:element name="SARD" type="xs:string" minOccurs="0" />
                <xs:element name="SICI" type="xs:string" minOccurs="0" />
                <xs:element name="SUD" type="xs:string" minOccurs="0" />
              </xs:sequence>
            </xs:complexType>
          </xs:element>
        </xs:choice>
      </xs:complexType>
    </xs:element>
  </xs:schema>
  <marketintervaldetail>
    <Data>20180507</Data>
    <Mercato>MGP</Mercato>
    <Ora>01</Ora>
    <Totale>23285</Totale>
    <CNOR>2465</CNOR>
    <CSUD>3689</CSUD>
    <NORD>12563</NORD>
    <SARD>865</SARD>
    <SICI>1489</SICI>
    <SUD>2214</SUD>
  </marketintervaldetail>
  <marketintervaldetail>
    <Data>20180507</Data>
    <Mercato>MGP</Mercato>
    <Ora>02</Ora>
    <Totale>21930</Totale>
    <CNOR>2283</CNOR>
    <CSUD>3400</CSUD>
    <NORD>12043</NORD>
    <SARD>821</SARD>
    <SICI>1365</SICI>
    <SUD>2018</SUD>
  </marketintervaldetail>
  <marketintervaldetail>
    <Data>20180507</Data>
    <Mercato>MGP</Mercato>
    <Ora>03</Ora>
    <Totale>21310</Totale>
    <CNOR>2203</CNOR>
    <CSUD>3237</CSUD>
    <NORD>11795</NORD>
    <SARD>802</SARD>
    <SICI>1319</SICI>
    <SUD>1954</SUD>
  </marketintervaldetail>
  <marketintervaldetail>
    <Data>20180507</Data>
    <Mercato>MGP</Mercato>
    <Ora>04</Ora>
    <Totale>21161</Totale>
    <CNOR>2177</CNOR>
    <CSUD>3201</CSUD>
    <NORD>11732</NORD>
    <SARD>799</SARD>
    <SICI>1301</SICI>
    <SUD>1951</SUD>
  </marketintervaldetail>
  <marketintervaldetail>
    <Data>20180507</Data>
    <Mercato>MGP</Mercato>
    <Ora>05</Ora>
    <Totale>21728</Totale>
    <CNOR>2240</CNOR>
    <CSUD>3254</CSUD>
    <NORD>12125</NORD>
    <SARD>784</SARD>
    <SICI>1321</SICI>
    <SUD>2004</SUD>
  </marketintervaldetail>
  <marketintervaldetail>
    <Data>20180507</Data>
    <Mercato>MGP</Mercato>
    <Ora>06</Ora>
    <Totale>23303</Totale>
    <CNOR>2385</CNOR>
    <CSUD>3440</CSUD>
    <NORD>13278</NORD>
    <SARD>803</SARD>
    <SICI>1379</SICI>
    <SUD>2018</SUD>
  </marketintervaldetail>
  <marketintervaldetail>
    <Data>20180507</Data>
    <Mercato>MGP</Mercato>
    <Ora>07</Ora>
    <Totale>27137</Totale>
    <CNOR>2844</CNOR>
    <CSUD>3916</CSUD>
    <NORD>15994</NORD>
    <SARD>863</SARD>
    <SICI>1434</SICI>
    <SUD>2086</SUD>
  </marketintervaldetail>
  <marketintervaldetail>
    <Data>20180507</Data>
    <Mercato>MGP</Mercato>
    <Ora>08</Ora>
    <Totale>33321</Totale>
    <CNOR>3561</CNOR>
    <CSUD>4701</CSUD>
    <NORD>19922</NORD>
    <SARD>981</SARD>
    <SICI>1647</SICI>
    <SUD>2509</SUD>
  </marketintervaldetail>
  <marketintervaldetail>
    <Data>20180507</Data>
    <Mercato>MGP</Mercato>
    <Ora>09</Ora>
    <Totale>38826</Totale>
    <CNOR>4255</CNOR>
    <CSUD>5367</CSUD>
    <NORD>23523</NORD>
    <SARD>1041</SARD>
    <SICI>1798</SICI>
    <SUD>2842</SUD>
  </marketintervaldetail>
  <marketintervaldetail>
    <Data>20180507</Data>
    <Mercato>MGP</Mercato>
    <Ora>10</Ora>
    <Totale>40708</Totale>
    <CNOR>4487</CNOR>
    <CSUD>5645</CSUD>
    <NORD>24811</NORD>
    <SARD>1024</SARD>
    <SICI>1826</SICI>
    <SUD>2915</SUD>
  </marketintervaldetail>
  <marketintervaldetail>
    <Data>20180507</Data>
    <Mercato>MGP</Mercato>
    <Ora>11</Ora>
    <Totale>40511</Totale>
    <CNOR>4385</CNOR>
    <CSUD>5706</CSUD>
    <NORD>24877</NORD>
    <SARD>997</SARD>
    <SICI>1749</SICI>
    <SUD>2797</SUD>
  </marketintervaldetail>
  <marketintervaldetail>
    <Data>20180507</Data>
    <Mercato>MGP</Mercato>
    <Ora>12</Ora>
    <Totale>40252</Totale>
    <CNOR>4297</CNOR>
    <CSUD>5606</CSUD>
    <NORD>24921</NORD>
    <SARD>1018</SARD>
    <SICI>1736</SICI>
    <SUD>2674</SUD>
  </marketintervaldetail>
  <marketintervaldetail>
    <Data>20180507</Data>
    <Mercato>MGP</Mercato>
    <Ora>13</Ora>
    <Totale>38382</Totale>
    <CNOR>4278</CNOR>
    <CSUD>5625</CSUD>
    <NORD>23225</NORD>
    <SARD>1013</SARD>
    <SICI>1712</SICI>
    <SUD>2529</SUD>
  </marketintervaldetail>
  <marketintervaldetail>
    <Data>20180507</Data>
    <Mercato>MGP</Mercato>
    <Ora>14</Ora>
    <Totale>37262</Totale>
    <CNOR>3903</CNOR>
    <CSUD>5356</CSUD>
    <NORD>22830</NORD>
    <SARD>981</SARD>
    <SICI>1739</SICI>
    <SUD>2453</SUD>
  </marketintervaldetail>
  <marketintervaldetail>
    <Data>20180507</Data>
    <Mercato>MGP</Mercato>
    <Ora>15</Ora>
    <Totale>37915</Totale>
    <CNOR>3850</CNOR>
    <CSUD>5268</CSUD>
    <NORD>23233</NORD>
    <SARD>950</SARD>
    <SICI>1769</SICI>
    <SUD>2845</SUD>
  </marketintervaldetail>
  <marketintervaldetail>
    <Data>20180507</Data>
    <Mercato>MGP</Mercato>
    <Ora>16</Ora>
    <Totale>38445</Totale>
    <CNOR>3958</CNOR>
    <CSUD>5375</CSUD>
    <NORD>23513</NORD>
    <SARD>945</SARD>
    <SICI>1727</SICI>
    <SUD>2927</SUD>
  </marketintervaldetail>
  <marketintervaldetail>
    <Data>20180507</Data>
    <Mercato>MGP</Mercato>
    <Ora>17</Ora>
    <Totale>38430</Totale>
    <CNOR>4174</CNOR>
    <CSUD>5337</CSUD>
    <NORD>23241</NORD>
    <SARD>947</SARD>
    <SICI>1759</SICI>
    <SUD>2972</SUD>
  </marketintervaldetail>
  <marketintervaldetail>
    <Data>20180507</Data>
    <Mercato>MGP</Mercato>
    <Ora>18</Ora>
    <Totale>37288</Totale>
    <CNOR>4145</CNOR>
    <CSUD>5251</CSUD>
    <NORD>22270</NORD>
    <SARD>962</SARD>
    <SICI>1767</SICI>
    <SUD>2893</SUD>
  </marketintervaldetail>
  <marketintervaldetail>
    <Data>20180507</Data>
    <Mercato>MGP</Mercato>
    <Ora>19</Ora>
    <Totale>36423</Totale>
    <CNOR>4194</CNOR>
    <CSUD>5301</CSUD>
    <NORD>21253</NORD>
    <SARD>980</SARD>
    <SICI>1823</SICI>
    <SUD>2872</SUD>
  </marketintervaldetail>
  <marketintervaldetail>
    <Data>20180507</Data>
    <Mercato>MGP</Mercato>
    <Ora>20</Ora>
    <Totale>36889</Totale>
    <CNOR>4205</CNOR>
    <CSUD>5494</CSUD>
    <NORD>21177</NORD>
    <SARD>1013</SARD>
    <SICI>2033</SICI>
    <SUD>2967</SUD>
  </marketintervaldetail>
  <marketintervaldetail>
    <Data>20180507</Data>
    <Mercato>MGP</Mercato>
    <Ora>21</Ora>
    <Totale>38136</Totale>
    <CNOR>4204</CNOR>
    <CSUD>5759</CSUD>
    <NORD>21436</NORD>
    <SARD>1122</SARD>
    <SICI>2313</SICI>
    <SUD>3302</SUD>
  </marketintervaldetail>
  <marketintervaldetail>
    <Data>20180507</Data>
    <Mercato>MGP</Mercato>
    <Ora>22</Ora>
    <Totale>37264</Totale>
    <CNOR>4113</CNOR>
    <CSUD>5550</CSUD>
    <NORD>21066</NORD>
    <SARD>1100</SARD>
    <SICI>2230</SICI>
    <SUD>3205</SUD>
  </marketintervaldetail>
  <marketintervaldetail>
    <Data>20180507</Data>
    <Mercato>MGP</Mercato>
    <Ora>23</Ora>
    <Totale>33642</Totale>
    <CNOR>3666</CNOR>
    <CSUD>5072</CSUD>
    <NORD>18877</NORD>
    <SARD>1035</SARD>
    <SICI>2031</SICI>
    <SUD>2961</SUD>
  </marketintervaldetail>
  <marketintervaldetail>
    <Data>20180507</Data>
    <Mercato>MGP</Mercato>
    <Ora>24</Ora>
    <Totale>30493</Totale>
    <CNOR>3330</CNOR>
    <CSUD>4524</CSUD>
    <NORD>17146</NORD>
    <SARD>960</SARD>
    <SICI>1830</SICI>
    <SUD>2703</SUD>
  </marketintervaldetail>
</NewDataSet>