<?xml version="1.0" standalone="yes"?>
<NewDataSet>
  <xs:schema id="NewDataSet" xmlns="" xmlns:xs="http://www.w3.org/2001/XMLSchema" xmlns:msdata="urn:schemas-microsoft-com:xml-msdata">
    <xs:element name="NewDataSet" msdata:IsDataSet="true" msdata:MainDataTable="marketintervaldetail" msdata:UseCurrentLocale="true">
      <xs:complexType>
        <xs:choice minOccurs="0" maxOccurs="unbounded">
          <xs:element name="marketintervaldetail">
            <xs:complexType>
              <xs:sequence>
                <xs:element name="Data" type="xs:string" minOccurs="0" />
                <xs:element name="Mercato" type="xs:string" minOccurs="0" />
                <xs:element name="Ora" type="xs:string" minOccurs="0" />
                <xs:element name="Totale" type="xs:string" minOccurs="0" />
                <xs:element name="CNOR" type="xs:string" minOccurs="0" />
                <xs:element name="CSUD" type="xs:string" minOccurs="0" />
                <xs:element name="NORD" type="xs:string" minOccurs="0" />
                <xs:element name="SARD" type="xs:string" minOccurs="0" />
                <xs:element name="SICI" type="xs:string" minOccurs="0" />
                <xs:element name="SUD" type="xs:string" minOccurs="0" />
              </xs:sequence>
            </xs:complexType>
          </xs:element>
        </xs:choice>
      </xs:complexType>
    </xs:element>
  </xs:schema>
  <marketintervaldetail>
    <Data>20180502</Data>
    <Mercato>MGP</Mercato>
    <Ora>01</Ora>
    <Totale>21897</Totale>
    <CNOR>2280</CNOR>
    <CSUD>3827</CSUD>
    <NORD>11123</NORD>
    <SARD>812</SARD>
    <SICI>1566</SICI>
    <SUD>2289</SUD>
  </marketintervaldetail>
  <marketintervaldetail>
    <Data>20180502</Data>
    <Mercato>MGP</Mercato>
    <Ora>02</Ora>
    <Totale>20478</Totale>
    <CNOR>2104</CNOR>
    <CSUD>3448</CSUD>
    <NORD>10617</NORD>
    <SARD>764</SARD>
    <SICI>1415</SICI>
    <SUD>2130</SUD>
  </marketintervaldetail>
  <marketintervaldetail>
    <Data>20180502</Data>
    <Mercato>MGP</Mercato>
    <Ora>03</Ora>
    <Totale>19696</Totale>
    <CNOR>2051</CNOR>
    <CSUD>3210</CSUD>
    <NORD>10289</NORD>
    <SARD>740</SARD>
    <SICI>1307</SICI>
    <SUD>2099</SUD>
  </marketintervaldetail>
  <marketintervaldetail>
    <Data>20180502</Data>
    <Mercato>MGP</Mercato>
    <Ora>04</Ora>
    <Totale>19439</Totale>
    <CNOR>2027</CNOR>
    <CSUD>3099</CSUD>
    <NORD>10215</NORD>
    <SARD>742</SARD>
    <SICI>1258</SICI>
    <SUD>2098</SUD>
  </marketintervaldetail>
  <marketintervaldetail>
    <Data>20180502</Data>
    <Mercato>MGP</Mercato>
    <Ora>05</Ora>
    <Totale>19980</Totale>
    <CNOR>2072</CNOR>
    <CSUD>3135</CSUD>
    <NORD>10657</NORD>
    <SARD>755</SARD>
    <SICI>1267</SICI>
    <SUD>2094</SUD>
  </marketintervaldetail>
  <marketintervaldetail>
    <Data>20180502</Data>
    <Mercato>MGP</Mercato>
    <Ora>06</Ora>
    <Totale>21993</Totale>
    <CNOR>2207</CNOR>
    <CSUD>3361</CSUD>
    <NORD>12084</NORD>
    <SARD>772</SARD>
    <SICI>1355</SICI>
    <SUD>2214</SUD>
  </marketintervaldetail>
  <marketintervaldetail>
    <Data>20180502</Data>
    <Mercato>MGP</Mercato>
    <Ora>07</Ora>
    <Totale>25929</Totale>
    <CNOR>2604</CNOR>
    <CSUD>3804</CSUD>
    <NORD>14824</NORD>
    <SARD>811</SARD>
    <SICI>1495</SICI>
    <SUD>2391</SUD>
  </marketintervaldetail>
  <marketintervaldetail>
    <Data>20180502</Data>
    <Mercato>MGP</Mercato>
    <Ora>08</Ora>
    <Totale>31671</Totale>
    <CNOR>3321</CNOR>
    <CSUD>4599</CSUD>
    <NORD>18224</NORD>
    <SARD>902</SARD>
    <SICI>1818</SICI>
    <SUD>2807</SUD>
  </marketintervaldetail>
  <marketintervaldetail>
    <Data>20180502</Data>
    <Mercato>MGP</Mercato>
    <Ora>09</Ora>
    <Totale>36496</Totale>
    <CNOR>3880</CNOR>
    <CSUD>5415</CSUD>
    <NORD>21100</NORD>
    <SARD>959</SARD>
    <SICI>1998</SICI>
    <SUD>3144</SUD>
  </marketintervaldetail>
  <marketintervaldetail>
    <Data>20180502</Data>
    <Mercato>MGP</Mercato>
    <Ora>10</Ora>
    <Totale>38006</Totale>
    <CNOR>4112</CNOR>
    <CSUD>5724</CSUD>
    <NORD>22152</NORD>
    <SARD>958</SARD>
    <SICI>2053</SICI>
    <SUD>3007</SUD>
  </marketintervaldetail>
  <marketintervaldetail>
    <Data>20180502</Data>
    <Mercato>MGP</Mercato>
    <Ora>11</Ora>
    <Totale>38032</Totale>
    <CNOR>4117</CNOR>
    <CSUD>5819</CSUD>
    <NORD>22257</NORD>
    <SARD>923</SARD>
    <SICI>2071</SICI>
    <SUD>2845</SUD>
  </marketintervaldetail>
  <marketintervaldetail>
    <Data>20180502</Data>
    <Mercato>MGP</Mercato>
    <Ora>12</Ora>
    <Totale>37945</Totale>
    <CNOR>4089</CNOR>
    <CSUD>5794</CSUD>
    <NORD>22188</NORD>
    <SARD>877</SARD>
    <SICI>2019</SICI>
    <SUD>2978</SUD>
  </marketintervaldetail>
  <marketintervaldetail>
    <Data>20180502</Data>
    <Mercato>MGP</Mercato>
    <Ora>13</Ora>
    <Totale>36339</Totale>
    <CNOR>3913</CNOR>
    <CSUD>5663</CSUD>
    <NORD>20869</NORD>
    <SARD>849</SARD>
    <SICI>1973</SICI>
    <SUD>3072</SUD>
  </marketintervaldetail>
  <marketintervaldetail>
    <Data>20180502</Data>
    <Mercato>MGP</Mercato>
    <Ora>14</Ora>
    <Totale>36100</Totale>
    <CNOR>3963</CNOR>
    <CSUD>5658</CSUD>
    <NORD>20735</NORD>
    <SARD>817</SARD>
    <SICI>1938</SICI>
    <SUD>2989</SUD>
  </marketintervaldetail>
  <marketintervaldetail>
    <Data>20180502</Data>
    <Mercato>MGP</Mercato>
    <Ora>15</Ora>
    <Totale>36938</Totale>
    <CNOR>3749</CNOR>
    <CSUD>5613</CSUD>
    <NORD>21814</NORD>
    <SARD>936</SARD>
    <SICI>1831</SICI>
    <SUD>2995</SUD>
  </marketintervaldetail>
  <marketintervaldetail>
    <Data>20180502</Data>
    <Mercato>MGP</Mercato>
    <Ora>16</Ora>
    <Totale>37193</Totale>
    <CNOR>3765</CNOR>
    <CSUD>5774</CSUD>
    <NORD>21831</NORD>
    <SARD>998</SARD>
    <SICI>1810</SICI>
    <SUD>3015</SUD>
  </marketintervaldetail>
  <marketintervaldetail>
    <Data>20180502</Data>
    <Mercato>MGP</Mercato>
    <Ora>17</Ora>
    <Totale>37567</Totale>
    <CNOR>4039</CNOR>
    <CSUD>5845</CSUD>
    <NORD>21676</NORD>
    <SARD>996</SARD>
    <SICI>1829</SICI>
    <SUD>3182</SUD>
  </marketintervaldetail>
  <marketintervaldetail>
    <Data>20180502</Data>
    <Mercato>MGP</Mercato>
    <Ora>18</Ora>
    <Totale>37099</Totale>
    <CNOR>3973</CNOR>
    <CSUD>5852</CSUD>
    <NORD>21123</NORD>
    <SARD>998</SARD>
    <SICI>1903</SICI>
    <SUD>3250</SUD>
  </marketintervaldetail>
  <marketintervaldetail>
    <Data>20180502</Data>
    <Mercato>MGP</Mercato>
    <Ora>19</Ora>
    <Totale>36490</Totale>
    <CNOR>3984</CNOR>
    <CSUD>5791</CSUD>
    <NORD>20560</NORD>
    <SARD>982</SARD>
    <SICI>1943</SICI>
    <SUD>3230</SUD>
  </marketintervaldetail>
  <marketintervaldetail>
    <Data>20180502</Data>
    <Mercato>MGP</Mercato>
    <Ora>20</Ora>
    <Totale>36593</Totale>
    <CNOR>3988</CNOR>
    <CSUD>5779</CSUD>
    <NORD>20352</NORD>
    <SARD>973</SARD>
    <SICI>2110</SICI>
    <SUD>3391</SUD>
  </marketintervaldetail>
  <marketintervaldetail>
    <Data>20180502</Data>
    <Mercato>MGP</Mercato>
    <Ora>21</Ora>
    <Totale>36889</Totale>
    <CNOR>3987</CNOR>
    <CSUD>5968</CSUD>
    <NORD>20020</NORD>
    <SARD>1013</SARD>
    <SICI>2250</SICI>
    <SUD>3651</SUD>
  </marketintervaldetail>
  <marketintervaldetail>
    <Data>20180502</Data>
    <Mercato>MGP</Mercato>
    <Ora>22</Ora>
    <Totale>36455</Totale>
    <CNOR>3979</CNOR>
    <CSUD>5663</CSUD>
    <NORD>20172</NORD>
    <SARD>969</SARD>
    <SICI>2195</SICI>
    <SUD>3477</SUD>
  </marketintervaldetail>
  <marketintervaldetail>
    <Data>20180502</Data>
    <Mercato>MGP</Mercato>
    <Ora>23</Ora>
    <Totale>33064</Totale>
    <CNOR>3639</CNOR>
    <CSUD>5185</CSUD>
    <NORD>18148</NORD>
    <SARD>898</SARD>
    <SICI>1984</SICI>
    <SUD>3210</SUD>
  </marketintervaldetail>
  <marketintervaldetail>
    <Data>20180502</Data>
    <Mercato>MGP</Mercato>
    <Ora>24</Ora>
    <Totale>30108</Totale>
    <CNOR>3206</CNOR>
    <CSUD>4672</CSUD>
    <NORD>16610</NORD>
    <SARD>855</SARD>
    <SICI>1810</SICI>
    <SUD>2955</SUD>
  </marketintervaldetail>
</NewDataSet>