<?xml version="1.0" standalone="yes"?>
<NewDataSet>
  <xs:schema id="NewDataSet" xmlns="" xmlns:xs="http://www.w3.org/2001/XMLSchema" xmlns:msdata="urn:schemas-microsoft-com:xml-msdata">
    <xs:element name="NewDataSet" msdata:IsDataSet="true" msdata:MainDataTable="marketintervaldetail" msdata:UseCurrentLocale="true">
      <xs:complexType>
        <xs:choice minOccurs="0" maxOccurs="unbounded">
          <xs:element name="marketintervaldetail">
            <xs:complexType>
              <xs:sequence>
                <xs:element name="Data" type="xs:string" minOccurs="0" />
                <xs:element name="Mercato" type="xs:string" minOccurs="0" />
                <xs:element name="Ora" type="xs:string" minOccurs="0" />
                <xs:element name="Totale" type="xs:string" minOccurs="0" />
                <xs:element name="CNOR" type="xs:string" minOccurs="0" />
                <xs:element name="CSUD" type="xs:string" minOccurs="0" />
                <xs:element name="NORD" type="xs:string" minOccurs="0" />
                <xs:element name="SARD" type="xs:string" minOccurs="0" />
                <xs:element name="SICI" type="xs:string" minOccurs="0" />
                <xs:element name="SUD" type="xs:string" minOccurs="0" />
              </xs:sequence>
            </xs:complexType>
          </xs:element>
        </xs:choice>
      </xs:complexType>
    </xs:element>
  </xs:schema>
  <marketintervaldetail>
    <Data>20180526</Data>
    <Mercato>MGP</Mercato>
    <Ora>01</Ora>
    <Totale>28458</Totale>
    <CNOR>2902</CNOR>
    <CSUD>4319</CSUD>
    <NORD>16144</NORD>
    <SARD>864</SARD>
    <SICI>1757</SICI>
    <SUD>2472</SUD>
  </marketintervaldetail>
  <marketintervaldetail>
    <Data>20180526</Data>
    <Mercato>MGP</Mercato>
    <Ora>02</Ora>
    <Totale>26863</Totale>
    <CNOR>2748</CNOR>
    <CSUD>3952</CSUD>
    <NORD>15380</NORD>
    <SARD>816</SARD>
    <SICI>1649</SICI>
    <SUD>2318</SUD>
  </marketintervaldetail>
  <marketintervaldetail>
    <Data>20180526</Data>
    <Mercato>MGP</Mercato>
    <Ora>03</Ora>
    <Totale>25448</Totale>
    <CNOR>2623</CNOR>
    <CSUD>3719</CSUD>
    <NORD>14542</NORD>
    <SARD>792</SARD>
    <SICI>1551</SICI>
    <SUD>2221</SUD>
  </marketintervaldetail>
  <marketintervaldetail>
    <Data>20180526</Data>
    <Mercato>MGP</Mercato>
    <Ora>04</Ora>
    <Totale>24779</Totale>
    <CNOR>2538</CNOR>
    <CSUD>3592</CSUD>
    <NORD>14158</NORD>
    <SARD>785</SARD>
    <SICI>1512</SICI>
    <SUD>2194</SUD>
  </marketintervaldetail>
  <marketintervaldetail>
    <Data>20180526</Data>
    <Mercato>MGP</Mercato>
    <Ora>05</Ora>
    <Totale>24521</Totale>
    <CNOR>2477</CNOR>
    <CSUD>3553</CSUD>
    <NORD>14018</NORD>
    <SARD>781</SARD>
    <SICI>1485</SICI>
    <SUD>2207</SUD>
  </marketintervaldetail>
  <marketintervaldetail>
    <Data>20180526</Data>
    <Mercato>MGP</Mercato>
    <Ora>06</Ora>
    <Totale>23949</Totale>
    <CNOR>2417</CNOR>
    <CSUD>3453</CSUD>
    <NORD>13645</NORD>
    <SARD>795</SARD>
    <SICI>1471</SICI>
    <SUD>2168</SUD>
  </marketintervaldetail>
  <marketintervaldetail>
    <Data>20180526</Data>
    <Mercato>MGP</Mercato>
    <Ora>07</Ora>
    <Totale>24519</Totale>
    <CNOR>2458</CNOR>
    <CSUD>3583</CSUD>
    <NORD>14005</NORD>
    <SARD>816</SARD>
    <SICI>1486</SICI>
    <SUD>2171</SUD>
  </marketintervaldetail>
  <marketintervaldetail>
    <Data>20180526</Data>
    <Mercato>MGP</Mercato>
    <Ora>08</Ora>
    <Totale>27743</Totale>
    <CNOR>2829</CNOR>
    <CSUD>4118</CSUD>
    <NORD>15720</NORD>
    <SARD>895</SARD>
    <SICI>1714</SICI>
    <SUD>2467</SUD>
  </marketintervaldetail>
  <marketintervaldetail>
    <Data>20180526</Data>
    <Mercato>MGP</Mercato>
    <Ora>09</Ora>
    <Totale>30560</Totale>
    <CNOR>3192</CNOR>
    <CSUD>4657</CSUD>
    <NORD>17174</NORD>
    <SARD>938</SARD>
    <SICI>1858</SICI>
    <SUD>2741</SUD>
  </marketintervaldetail>
  <marketintervaldetail>
    <Data>20180526</Data>
    <Mercato>MGP</Mercato>
    <Ora>10</Ora>
    <Totale>32200</Totale>
    <CNOR>3391</CNOR>
    <CSUD>4949</CSUD>
    <NORD>18190</NORD>
    <SARD>928</SARD>
    <SICI>1900</SICI>
    <SUD>2842</SUD>
  </marketintervaldetail>
  <marketintervaldetail>
    <Data>20180526</Data>
    <Mercato>MGP</Mercato>
    <Ora>11</Ora>
    <Totale>32609</Totale>
    <CNOR>3497</CNOR>
    <CSUD>5019</CSUD>
    <NORD>18239</NORD>
    <SARD>898</SARD>
    <SICI>1909</SICI>
    <SUD>3047</SUD>
  </marketintervaldetail>
  <marketintervaldetail>
    <Data>20180526</Data>
    <Mercato>MGP</Mercato>
    <Ora>12</Ora>
    <Totale>32036</Totale>
    <CNOR>3467</CNOR>
    <CSUD>4975</CSUD>
    <NORD>17734</NORD>
    <SARD>875</SARD>
    <SICI>1889</SICI>
    <SUD>3096</SUD>
  </marketintervaldetail>
  <marketintervaldetail>
    <Data>20180526</Data>
    <Mercato>MGP</Mercato>
    <Ora>13</Ora>
    <Totale>30530</Totale>
    <CNOR>3291</CNOR>
    <CSUD>4933</CSUD>
    <NORD>16544</NORD>
    <SARD>855</SARD>
    <SICI>1843</SICI>
    <SUD>3064</SUD>
  </marketintervaldetail>
  <marketintervaldetail>
    <Data>20180526</Data>
    <Mercato>MGP</Mercato>
    <Ora>14</Ora>
    <Totale>28908</Totale>
    <CNOR>3082</CNOR>
    <CSUD>4706</CSUD>
    <NORD>15661</NORD>
    <SARD>812</SARD>
    <SICI>1773</SICI>
    <SUD>2874</SUD>
  </marketintervaldetail>
  <marketintervaldetail>
    <Data>20180526</Data>
    <Mercato>MGP</Mercato>
    <Ora>15</Ora>
    <Totale>28008</Totale>
    <CNOR>2831</CNOR>
    <CSUD>4520</CSUD>
    <NORD>15302</NORD>
    <SARD>813</SARD>
    <SICI>1681</SICI>
    <SUD>2861</SUD>
  </marketintervaldetail>
  <marketintervaldetail>
    <Data>20180526</Data>
    <Mercato>MGP</Mercato>
    <Ora>16</Ora>
    <Totale>28155</Totale>
    <CNOR>2927</CNOR>
    <CSUD>4587</CSUD>
    <NORD>15377</NORD>
    <SARD>799</SARD>
    <SICI>1774</SICI>
    <SUD>2691</SUD>
  </marketintervaldetail>
  <marketintervaldetail>
    <Data>20180526</Data>
    <Mercato>MGP</Mercato>
    <Ora>17</Ora>
    <Totale>28376</Totale>
    <CNOR>2976</CNOR>
    <CSUD>4655</CSUD>
    <NORD>15523</NORD>
    <SARD>824</SARD>
    <SICI>1859</SICI>
    <SUD>2539</SUD>
  </marketintervaldetail>
  <marketintervaldetail>
    <Data>20180526</Data>
    <Mercato>MGP</Mercato>
    <Ora>18</Ora>
    <Totale>28794</Totale>
    <CNOR>2994</CNOR>
    <CSUD>4638</CSUD>
    <NORD>15638</NORD>
    <SARD>863</SARD>
    <SICI>1911</SICI>
    <SUD>2750</SUD>
  </marketintervaldetail>
  <marketintervaldetail>
    <Data>20180526</Data>
    <Mercato>MGP</Mercato>
    <Ora>19</Ora>
    <Totale>29351</Totale>
    <CNOR>3017</CNOR>
    <CSUD>4692</CSUD>
    <NORD>16015</NORD>
    <SARD>917</SARD>
    <SICI>1942</SICI>
    <SUD>2768</SUD>
  </marketintervaldetail>
  <marketintervaldetail>
    <Data>20180526</Data>
    <Mercato>MGP</Mercato>
    <Ora>20</Ora>
    <Totale>30276</Totale>
    <CNOR>3170</CNOR>
    <CSUD>4874</CSUD>
    <NORD>16352</NORD>
    <SARD>961</SARD>
    <SICI>2053</SICI>
    <SUD>2866</SUD>
  </marketintervaldetail>
  <marketintervaldetail>
    <Data>20180526</Data>
    <Mercato>MGP</Mercato>
    <Ora>21</Ora>
    <Totale>30916</Totale>
    <CNOR>3279</CNOR>
    <CSUD>5109</CSUD>
    <NORD>16160</NORD>
    <SARD>1024</SARD>
    <SICI>2237</SICI>
    <SUD>3107</SUD>
  </marketintervaldetail>
  <marketintervaldetail>
    <Data>20180526</Data>
    <Mercato>MGP</Mercato>
    <Ora>22</Ora>
    <Totale>30983</Totale>
    <CNOR>3301</CNOR>
    <CSUD>4975</CSUD>
    <NORD>16391</NORD>
    <SARD>1031</SARD>
    <SICI>2234</SICI>
    <SUD>3051</SUD>
  </marketintervaldetail>
  <marketintervaldetail>
    <Data>20180526</Data>
    <Mercato>MGP</Mercato>
    <Ora>23</Ora>
    <Totale>29301</Totale>
    <CNOR>3164</CNOR>
    <CSUD>4649</CSUD>
    <NORD>15662</NORD>
    <SARD>991</SARD>
    <SICI>2049</SICI>
    <SUD>2786</SUD>
  </marketintervaldetail>
  <marketintervaldetail>
    <Data>20180526</Data>
    <Mercato>MGP</Mercato>
    <Ora>24</Ora>
    <Totale>27114</Totale>
    <CNOR>2890</CNOR>
    <CSUD>4278</CSUD>
    <NORD>14582</NORD>
    <SARD>919</SARD>
    <SICI>1897</SICI>
    <SUD>2548</SUD>
  </marketintervaldetail>
</NewDataSet>