<?xml version="1.0" standalone="yes"?>
<NewDataSet>
  <xs:schema id="NewDataSet" xmlns="" xmlns:xs="http://www.w3.org/2001/XMLSchema" xmlns:msdata="urn:schemas-microsoft-com:xml-msdata">
    <xs:element name="NewDataSet" msdata:IsDataSet="true" msdata:MainDataTable="Fabbisogno" msdata:UseCurrentLocale="true">
      <xs:complexType>
        <xs:choice minOccurs="0" maxOccurs="unbounded">
          <xs:element name="Fabbisogno">
            <xs:complexType>
              <xs:sequence>
                <xs:element name="Data" type="xs:string" minOccurs="0" />
                <xs:element name="Mercato" type="xs:string" minOccurs="0" />
                <xs:element name="Ora" type="xs:string" minOccurs="0" />
                <xs:element name="Totale" type="xs:string" minOccurs="0" />
                <xs:element name="CNOR" type="xs:string" minOccurs="0" />
                <xs:element name="CSUD" type="xs:string" minOccurs="0" />
                <xs:element name="NORD" type="xs:string" minOccurs="0" />
                <xs:element name="SARD" type="xs:string" minOccurs="0" />
                <xs:element name="SICI" type="xs:string" minOccurs="0" />
                <xs:element name="SUD" type="xs:string" minOccurs="0" />
              </xs:sequence>
            </xs:complexType>
          </xs:element>
        </xs:choice>
      </xs:complexType>
    </xs:element>
  </xs:schema>
  <Fabbisogno>
    <Data>20180524</Data>
    <Mercato>MGP</Mercato>
    <Ora>01</Ora>
    <Totale>28914</Totale>
    <CNOR>2922</CNOR>
    <CSUD>4413</CSUD>
    <NORD>16580</NORD>
    <SARD>892</SARD>
    <SICI>1768</SICI>
    <SUD>2339</SUD>
  </Fabbisogno>
  <Fabbisogno>
    <Data>20180524</Data>
    <Mercato>MGP</Mercato>
    <Ora>02</Ora>
    <Totale>27269</Totale>
    <CNOR>2716</CNOR>
    <CSUD>4134</CSUD>
    <NORD>15844</NORD>
    <SARD>848</SARD>
    <SICI>1622</SICI>
    <SUD>2105</SUD>
  </Fabbisogno>
  <Fabbisogno>
    <Data>20180524</Data>
    <Mercato>MGP</Mercato>
    <Ora>03</Ora>
    <Totale>26195</Totale>
    <CNOR>2599</CNOR>
    <CSUD>3900</CSUD>
    <NORD>15470</NORD>
    <SARD>812</SARD>
    <SICI>1551</SICI>
    <SUD>1863</SUD>
  </Fabbisogno>
  <Fabbisogno>
    <Data>20180524</Data>
    <Mercato>MGP</Mercato>
    <Ora>04</Ora>
    <Totale>26093</Totale>
    <CNOR>2540</CNOR>
    <CSUD>3895</CSUD>
    <NORD>15345</NORD>
    <SARD>798</SARD>
    <SICI>1517</SICI>
    <SUD>1998</SUD>
  </Fabbisogno>
  <Fabbisogno>
    <Data>20180524</Data>
    <Mercato>MGP</Mercato>
    <Ora>05</Ora>
    <Totale>26203</Totale>
    <CNOR>2553</CNOR>
    <CSUD>3951</CSUD>
    <NORD>15324</NORD>
    <SARD>775</SARD>
    <SICI>1505</SICI>
    <SUD>2095</SUD>
  </Fabbisogno>
  <Fabbisogno>
    <Data>20180524</Data>
    <Mercato>MGP</Mercato>
    <Ora>06</Ora>
    <Totale>26960</Totale>
    <CNOR>2600</CNOR>
    <CSUD>4045</CSUD>
    <NORD>15969</NORD>
    <SARD>786</SARD>
    <SICI>1530</SICI>
    <SUD>2030</SUD>
  </Fabbisogno>
  <Fabbisogno>
    <Data>20180524</Data>
    <Mercato>MGP</Mercato>
    <Ora>07</Ora>
    <Totale>29285</Totale>
    <CNOR>2934</CNOR>
    <CSUD>4257</CSUD>
    <NORD>17788</NORD>
    <SARD>751</SARD>
    <SICI>1601</SICI>
    <SUD>1954</SUD>
  </Fabbisogno>
  <Fabbisogno>
    <Data>20180524</Data>
    <Mercato>MGP</Mercato>
    <Ora>08</Ora>
    <Totale>34492</Totale>
    <CNOR>3544</CNOR>
    <CSUD>4971</CSUD>
    <NORD>20833</NORD>
    <SARD>831</SARD>
    <SICI>1930</SICI>
    <SUD>2383</SUD>
  </Fabbisogno>
  <Fabbisogno>
    <Data>20180524</Data>
    <Mercato>MGP</Mercato>
    <Ora>09</Ora>
    <Totale>39121</Totale>
    <CNOR>4072</CNOR>
    <CSUD>5558</CSUD>
    <NORD>23760</NORD>
    <SARD>950</SARD>
    <SICI>2040</SICI>
    <SUD>2741</SUD>
  </Fabbisogno>
  <Fabbisogno>
    <Data>20180524</Data>
    <Mercato>MGP</Mercato>
    <Ora>10</Ora>
    <Totale>40683</Totale>
    <CNOR>4237</CNOR>
    <CSUD>5831</CSUD>
    <NORD>24981</NORD>
    <SARD>998</SARD>
    <SICI>1998</SICI>
    <SUD>2638</SUD>
  </Fabbisogno>
  <Fabbisogno>
    <Data>20180524</Data>
    <Mercato>MGP</Mercato>
    <Ora>11</Ora>
    <Totale>41379</Totale>
    <CNOR>4335</CNOR>
    <CSUD>5870</CSUD>
    <NORD>25442</NORD>
    <SARD>982</SARD>
    <SICI>1919</SICI>
    <SUD>2831</SUD>
  </Fabbisogno>
  <Fabbisogno>
    <Data>20180524</Data>
    <Mercato>MGP</Mercato>
    <Ora>12</Ora>
    <Totale>41191</Totale>
    <CNOR>4271</CNOR>
    <CSUD>5842</CSUD>
    <NORD>25294</NORD>
    <SARD>984</SARD>
    <SICI>1880</SICI>
    <SUD>2920</SUD>
  </Fabbisogno>
  <Fabbisogno>
    <Data>20180524</Data>
    <Mercato>MGP</Mercato>
    <Ora>13</Ora>
    <Totale>38444</Totale>
    <CNOR>4250</CNOR>
    <CSUD>5838</CSUD>
    <NORD>22523</NORD>
    <SARD>989</SARD>
    <SICI>1821</SICI>
    <SUD>3023</SUD>
  </Fabbisogno>
  <Fabbisogno>
    <Data>20180524</Data>
    <Mercato>MGP</Mercato>
    <Ora>14</Ora>
    <Totale>37854</Totale>
    <CNOR>4086</CNOR>
    <CSUD>5686</CSUD>
    <NORD>22273</NORD>
    <SARD>954</SARD>
    <SICI>1852</SICI>
    <SUD>3003</SUD>
  </Fabbisogno>
  <Fabbisogno>
    <Data>20180524</Data>
    <Mercato>MGP</Mercato>
    <Ora>15</Ora>
    <Totale>39020</Totale>
    <CNOR>4149</CNOR>
    <CSUD>5667</CSUD>
    <NORD>23605</NORD>
    <SARD>863</SARD>
    <SICI>1798</SICI>
    <SUD>2938</SUD>
  </Fabbisogno>
  <Fabbisogno>
    <Data>20180524</Data>
    <Mercato>MGP</Mercato>
    <Ora>16</Ora>
    <Totale>40037</Totale>
    <CNOR>4369</CNOR>
    <CSUD>5747</CSUD>
    <NORD>24368</NORD>
    <SARD>808</SARD>
    <SICI>1823</SICI>
    <SUD>2922</SUD>
  </Fabbisogno>
  <Fabbisogno>
    <Data>20180524</Data>
    <Mercato>MGP</Mercato>
    <Ora>17</Ora>
    <Totale>40359</Totale>
    <CNOR>4526</CNOR>
    <CSUD>5801</CSUD>
    <NORD>24371</NORD>
    <SARD>895</SARD>
    <SICI>1886</SICI>
    <SUD>2880</SUD>
  </Fabbisogno>
  <Fabbisogno>
    <Data>20180524</Data>
    <Mercato>MGP</Mercato>
    <Ora>18</Ora>
    <Totale>39481</Totale>
    <CNOR>4495</CNOR>
    <CSUD>5846</CSUD>
    <NORD>23353</NORD>
    <SARD>950</SARD>
    <SICI>1987</SICI>
    <SUD>2850</SUD>
  </Fabbisogno>
  <Fabbisogno>
    <Data>20180524</Data>
    <Mercato>MGP</Mercato>
    <Ora>19</Ora>
    <Totale>38925</Totale>
    <CNOR>4436</CNOR>
    <CSUD>5877</CSUD>
    <NORD>22700</NORD>
    <SARD>1001</SARD>
    <SICI>2106</SICI>
    <SUD>2805</SUD>
  </Fabbisogno>
  <Fabbisogno>
    <Data>20180524</Data>
    <Mercato>MGP</Mercato>
    <Ora>20</Ora>
    <Totale>39138</Totale>
    <CNOR>4479</CNOR>
    <CSUD>5993</CSUD>
    <NORD>22456</NORD>
    <SARD>1040</SARD>
    <SICI>2225</SICI>
    <SUD>2945</SUD>
  </Fabbisogno>
  <Fabbisogno>
    <Data>20180524</Data>
    <Mercato>MGP</Mercato>
    <Ora>21</Ora>
    <Totale>39025</Totale>
    <CNOR>4261</CNOR>
    <CSUD>6190</CSUD>
    <NORD>21865</NORD>
    <SARD>1096</SARD>
    <SICI>2371</SICI>
    <SUD>3242</SUD>
  </Fabbisogno>
  <Fabbisogno>
    <Data>20180524</Data>
    <Mercato>MGP</Mercato>
    <Ora>22</Ora>
    <Totale>38187</Totale>
    <CNOR>4007</CNOR>
    <CSUD>6010</CSUD>
    <NORD>21347</NORD>
    <SARD>1107</SARD>
    <SICI>2428</SICI>
    <SUD>3288</SUD>
  </Fabbisogno>
  <Fabbisogno>
    <Data>20180524</Data>
    <Mercato>MGP</Mercato>
    <Ora>23</Ora>
    <Totale>35276</Totale>
    <CNOR>3661</CNOR>
    <CSUD>5485</CSUD>
    <NORD>19836</NORD>
    <SARD>1048</SARD>
    <SICI>2246</SICI>
    <SUD>3000</SUD>
  </Fabbisogno>
  <Fabbisogno>
    <Data>20180524</Data>
    <Mercato>MGP</Mercato>
    <Ora>24</Ora>
    <Totale>31874</Totale>
    <CNOR>3241</CNOR>
    <CSUD>4948</CSUD>
    <NORD>18030</NORD>
    <SARD>1004</SARD>
    <SICI>2009</SICI>
    <SUD>2642</SUD>
  </Fabbisogno>
</NewDataSet>