<?xml version="1.0" standalone="yes"?>
<NewDataSet>
  <xs:schema id="NewDataSet" xmlns="" xmlns:xs="http://www.w3.org/2001/XMLSchema" xmlns:msdata="urn:schemas-microsoft-com:xml-msdata">
    <xs:element name="NewDataSet" msdata:IsDataSet="true" msdata:MainDataTable="marketintervaldetail" msdata:UseCurrentLocale="true">
      <xs:complexType>
        <xs:choice minOccurs="0" maxOccurs="unbounded">
          <xs:element name="marketintervaldetail">
            <xs:complexType>
              <xs:sequence>
                <xs:element name="Data" type="xs:string" minOccurs="0" />
                <xs:element name="Mercato" type="xs:string" minOccurs="0" />
                <xs:element name="Ora" type="xs:string" minOccurs="0" />
                <xs:element name="Totale" type="xs:string" minOccurs="0" />
                <xs:element name="CNOR" type="xs:string" minOccurs="0" />
                <xs:element name="CSUD" type="xs:string" minOccurs="0" />
                <xs:element name="NORD" type="xs:string" minOccurs="0" />
                <xs:element name="SARD" type="xs:string" minOccurs="0" />
                <xs:element name="SICI" type="xs:string" minOccurs="0" />
                <xs:element name="SUD" type="xs:string" minOccurs="0" />
              </xs:sequence>
            </xs:complexType>
          </xs:element>
        </xs:choice>
      </xs:complexType>
    </xs:element>
  </xs:schema>
  <marketintervaldetail>
    <Data>20180501</Data>
    <Mercato>MGP</Mercato>
    <Ora>01</Ora>
    <Totale>24803</Totale>
    <CNOR>2723</CNOR>
    <CSUD>3954</CSUD>
    <NORD>13460</NORD>
    <SARD>861</SARD>
    <SICI>1553</SICI>
    <SUD>2252</SUD>
  </marketintervaldetail>
  <marketintervaldetail>
    <Data>20180501</Data>
    <Mercato>MGP</Mercato>
    <Ora>02</Ora>
    <Totale>22919</Totale>
    <CNOR>2470</CNOR>
    <CSUD>3617</CSUD>
    <NORD>12523</NORD>
    <SARD>805</SARD>
    <SICI>1439</SICI>
    <SUD>2065</SUD>
  </marketintervaldetail>
  <marketintervaldetail>
    <Data>20180501</Data>
    <Mercato>MGP</Mercato>
    <Ora>03</Ora>
    <Totale>21819</Totale>
    <CNOR>2314</CNOR>
    <CSUD>3429</CSUD>
    <NORD>11862</NORD>
    <SARD>774</SARD>
    <SICI>1389</SICI>
    <SUD>2051</SUD>
  </marketintervaldetail>
  <marketintervaldetail>
    <Data>20180501</Data>
    <Mercato>MGP</Mercato>
    <Ora>04</Ora>
    <Totale>21173</Totale>
    <CNOR>2199</CNOR>
    <CSUD>3335</CSUD>
    <NORD>11491</NORD>
    <SARD>766</SARD>
    <SICI>1315</SICI>
    <SUD>2067</SUD>
  </marketintervaldetail>
  <marketintervaldetail>
    <Data>20180501</Data>
    <Mercato>MGP</Mercato>
    <Ora>05</Ora>
    <Totale>21064</Totale>
    <CNOR>2218</CNOR>
    <CSUD>3340</CSUD>
    <NORD>11394</NORD>
    <SARD>763</SARD>
    <SICI>1305</SICI>
    <SUD>2044</SUD>
  </marketintervaldetail>
  <marketintervaldetail>
    <Data>20180501</Data>
    <Mercato>MGP</Mercato>
    <Ora>06</Ora>
    <Totale>21109</Totale>
    <CNOR>2220</CNOR>
    <CSUD>3287</CSUD>
    <NORD>11407</NORD>
    <SARD>771</SARD>
    <SICI>1340</SICI>
    <SUD>2084</SUD>
  </marketintervaldetail>
  <marketintervaldetail>
    <Data>20180501</Data>
    <Mercato>MGP</Mercato>
    <Ora>07</Ora>
    <Totale>20265</Totale>
    <CNOR>2099</CNOR>
    <CSUD>3176</CSUD>
    <NORD>10813</NORD>
    <SARD>794</SARD>
    <SICI>1285</SICI>
    <SUD>2098</SUD>
  </marketintervaldetail>
  <marketintervaldetail>
    <Data>20180501</Data>
    <Mercato>MGP</Mercato>
    <Ora>08</Ora>
    <Totale>20809</Totale>
    <CNOR>2111</CNOR>
    <CSUD>3383</CSUD>
    <NORD>10915</NORD>
    <SARD>807</SARD>
    <SICI>1367</SICI>
    <SUD>2226</SUD>
  </marketintervaldetail>
  <marketintervaldetail>
    <Data>20180501</Data>
    <Mercato>MGP</Mercato>
    <Ora>09</Ora>
    <Totale>22296</Totale>
    <CNOR>2327</CNOR>
    <CSUD>3948</CSUD>
    <NORD>11244</NORD>
    <SARD>853</SARD>
    <SICI>1464</SICI>
    <SUD>2460</SUD>
  </marketintervaldetail>
  <marketintervaldetail>
    <Data>20180501</Data>
    <Mercato>MGP</Mercato>
    <Ora>10</Ora>
    <Totale>24069</Totale>
    <CNOR>2612</CNOR>
    <CSUD>4304</CSUD>
    <NORD>12064</NORD>
    <SARD>876</SARD>
    <SICI>1584</SICI>
    <SUD>2629</SUD>
  </marketintervaldetail>
  <marketintervaldetail>
    <Data>20180501</Data>
    <Mercato>MGP</Mercato>
    <Ora>11</Ora>
    <Totale>24836</Totale>
    <CNOR>2620</CNOR>
    <CSUD>4417</CSUD>
    <NORD>12730</NORD>
    <SARD>866</SARD>
    <SICI>1568</SICI>
    <SUD>2635</SUD>
  </marketintervaldetail>
  <marketintervaldetail>
    <Data>20180501</Data>
    <Mercato>MGP</Mercato>
    <Ora>12</Ora>
    <Totale>24354</Totale>
    <CNOR>2474</CNOR>
    <CSUD>4465</CSUD>
    <NORD>12320</NORD>
    <SARD>856</SARD>
    <SICI>1542</SICI>
    <SUD>2697</SUD>
  </marketintervaldetail>
  <marketintervaldetail>
    <Data>20180501</Data>
    <Mercato>MGP</Mercato>
    <Ora>13</Ora>
    <Totale>24254</Totale>
    <CNOR>2605</CNOR>
    <CSUD>4512</CSUD>
    <NORD>12284</NORD>
    <SARD>841</SARD>
    <SICI>1422</SICI>
    <SUD>2590</SUD>
  </marketintervaldetail>
  <marketintervaldetail>
    <Data>20180501</Data>
    <Mercato>MGP</Mercato>
    <Ora>14</Ora>
    <Totale>23749</Totale>
    <CNOR>2501</CNOR>
    <CSUD>4360</CSUD>
    <NORD>12282</NORD>
    <SARD>792</SARD>
    <SICI>1370</SICI>
    <SUD>2444</SUD>
  </marketintervaldetail>
  <marketintervaldetail>
    <Data>20180501</Data>
    <Mercato>MGP</Mercato>
    <Ora>15</Ora>
    <Totale>23580</Totale>
    <CNOR>2650</CNOR>
    <CSUD>4218</CSUD>
    <NORD>12145</NORD>
    <SARD>772</SARD>
    <SICI>1374</SICI>
    <SUD>2421</SUD>
  </marketintervaldetail>
  <marketintervaldetail>
    <Data>20180501</Data>
    <Mercato>MGP</Mercato>
    <Ora>16</Ora>
    <Totale>23205</Totale>
    <CNOR>2678</CNOR>
    <CSUD>4106</CSUD>
    <NORD>11887</NORD>
    <SARD>802</SARD>
    <SICI>1319</SICI>
    <SUD>2413</SUD>
  </marketintervaldetail>
  <marketintervaldetail>
    <Data>20180501</Data>
    <Mercato>MGP</Mercato>
    <Ora>17</Ora>
    <Totale>23211</Totale>
    <CNOR>2713</CNOR>
    <CSUD>4026</CSUD>
    <NORD>11924</NORD>
    <SARD>812</SARD>
    <SICI>1251</SICI>
    <SUD>2485</SUD>
  </marketintervaldetail>
  <marketintervaldetail>
    <Data>20180501</Data>
    <Mercato>MGP</Mercato>
    <Ora>18</Ora>
    <Totale>23806</Totale>
    <CNOR>2690</CNOR>
    <CSUD>4061</CSUD>
    <NORD>12439</NORD>
    <SARD>846</SARD>
    <SICI>1266</SICI>
    <SUD>2504</SUD>
  </marketintervaldetail>
  <marketintervaldetail>
    <Data>20180501</Data>
    <Mercato>MGP</Mercato>
    <Ora>19</Ora>
    <Totale>25354</Totale>
    <CNOR>2731</CNOR>
    <CSUD>4200</CSUD>
    <NORD>13661</NORD>
    <SARD>912</SARD>
    <SICI>1294</SICI>
    <SUD>2556</SUD>
  </marketintervaldetail>
  <marketintervaldetail>
    <Data>20180501</Data>
    <Mercato>MGP</Mercato>
    <Ora>20</Ora>
    <Totale>26756</Totale>
    <CNOR>2913</CNOR>
    <CSUD>4437</CSUD>
    <NORD>14244</NORD>
    <SARD>960</SARD>
    <SICI>1509</SICI>
    <SUD>2693</SUD>
  </marketintervaldetail>
  <marketintervaldetail>
    <Data>20180501</Data>
    <Mercato>MGP</Mercato>
    <Ora>21</Ora>
    <Totale>29097</Totale>
    <CNOR>3147</CNOR>
    <CSUD>4826</CSUD>
    <NORD>15396</NORD>
    <SARD>1021</SARD>
    <SICI>1889</SICI>
    <SUD>2818</SUD>
  </marketintervaldetail>
  <marketintervaldetail>
    <Data>20180501</Data>
    <Mercato>MGP</Mercato>
    <Ora>22</Ora>
    <Totale>29036</Totale>
    <CNOR>3157</CNOR>
    <CSUD>4896</CSUD>
    <NORD>15230</NORD>
    <SARD>1034</SARD>
    <SICI>1890</SICI>
    <SUD>2829</SUD>
  </marketintervaldetail>
  <marketintervaldetail>
    <Data>20180501</Data>
    <Mercato>MGP</Mercato>
    <Ora>23</Ora>
    <Totale>27391</Totale>
    <CNOR>2946</CNOR>
    <CSUD>4574</CSUD>
    <NORD>14479</NORD>
    <SARD>965</SARD>
    <SICI>1769</SICI>
    <SUD>2658</SUD>
  </marketintervaldetail>
  <marketintervaldetail>
    <Data>20180501</Data>
    <Mercato>MGP</Mercato>
    <Ora>24</Ora>
    <Totale>25269</Totale>
    <CNOR>2683</CNOR>
    <CSUD>4131</CSUD>
    <NORD>13518</NORD>
    <SARD>889</SARD>
    <SICI>1571</SICI>
    <SUD>2477</SUD>
  </marketintervaldetail>
</NewDataSet>