<?xml version="1.0" standalone="yes"?>
<NewDataSet>
  <xs:schema id="NewDataSet" xmlns="" xmlns:xs="http://www.w3.org/2001/XMLSchema" xmlns:msdata="urn:schemas-microsoft-com:xml-msdata">
    <xs:element name="NewDataSet" msdata:IsDataSet="true" msdata:MainDataTable="marketintervaldetail" msdata:UseCurrentLocale="true">
      <xs:complexType>
        <xs:choice minOccurs="0" maxOccurs="unbounded">
          <xs:element name="marketintervaldetail">
            <xs:complexType>
              <xs:sequence>
                <xs:element name="Data" type="xs:string" minOccurs="0" />
                <xs:element name="Mercato" type="xs:string" minOccurs="0" />
                <xs:element name="Ora" type="xs:string" minOccurs="0" />
                <xs:element name="Totale" type="xs:string" minOccurs="0" />
                <xs:element name="CNOR" type="xs:string" minOccurs="0" />
                <xs:element name="CSUD" type="xs:string" minOccurs="0" />
                <xs:element name="NORD" type="xs:string" minOccurs="0" />
                <xs:element name="SARD" type="xs:string" minOccurs="0" />
                <xs:element name="SICI" type="xs:string" minOccurs="0" />
                <xs:element name="SUD" type="xs:string" minOccurs="0" />
              </xs:sequence>
            </xs:complexType>
          </xs:element>
        </xs:choice>
      </xs:complexType>
    </xs:element>
  </xs:schema>
  <marketintervaldetail>
    <Data>20180511</Data>
    <Mercato>MGP</Mercato>
    <Ora>01</Ora>
    <Totale>28824</Totale>
    <CNOR>3018</CNOR>
    <CSUD>4098</CSUD>
    <NORD>16892</NORD>
    <SARD>844</SARD>
    <SICI>1669</SICI>
    <SUD>2303</SUD>
  </marketintervaldetail>
  <marketintervaldetail>
    <Data>20180511</Data>
    <Mercato>MGP</Mercato>
    <Ora>02</Ora>
    <Totale>27354</Totale>
    <CNOR>2794</CNOR>
    <CSUD>3833</CSUD>
    <NORD>16189</NORD>
    <SARD>803</SARD>
    <SICI>1549</SICI>
    <SUD>2186</SUD>
  </marketintervaldetail>
  <marketintervaldetail>
    <Data>20180511</Data>
    <Mercato>MGP</Mercato>
    <Ora>03</Ora>
    <Totale>26299</Totale>
    <CNOR>2689</CNOR>
    <CSUD>3640</CSUD>
    <NORD>15610</NORD>
    <SARD>773</SARD>
    <SICI>1463</SICI>
    <SUD>2124</SUD>
  </marketintervaldetail>
  <marketintervaldetail>
    <Data>20180511</Data>
    <Mercato>MGP</Mercato>
    <Ora>04</Ora>
    <Totale>26033</Totale>
    <CNOR>2684</CNOR>
    <CSUD>3568</CSUD>
    <NORD>15523</NORD>
    <SARD>770</SARD>
    <SICI>1421</SICI>
    <SUD>2067</SUD>
  </marketintervaldetail>
  <marketintervaldetail>
    <Data>20180511</Data>
    <Mercato>MGP</Mercato>
    <Ora>05</Ora>
    <Totale>26168</Totale>
    <CNOR>2703</CNOR>
    <CSUD>3584</CSUD>
    <NORD>15588</NORD>
    <SARD>777</SARD>
    <SICI>1426</SICI>
    <SUD>2090</SUD>
  </marketintervaldetail>
  <marketintervaldetail>
    <Data>20180511</Data>
    <Mercato>MGP</Mercato>
    <Ora>06</Ora>
    <Totale>27136</Totale>
    <CNOR>2805</CNOR>
    <CSUD>3717</CSUD>
    <NORD>16241</NORD>
    <SARD>797</SARD>
    <SICI>1507</SICI>
    <SUD>2069</SUD>
  </marketintervaldetail>
  <marketintervaldetail>
    <Data>20180511</Data>
    <Mercato>MGP</Mercato>
    <Ora>07</Ora>
    <Totale>30044</Totale>
    <CNOR>3135</CNOR>
    <CSUD>4063</CSUD>
    <NORD>18202</NORD>
    <SARD>855</SARD>
    <SICI>1599</SICI>
    <SUD>2190</SUD>
  </marketintervaldetail>
  <marketintervaldetail>
    <Data>20180511</Data>
    <Mercato>MGP</Mercato>
    <Ora>08</Ora>
    <Totale>34981</Totale>
    <CNOR>3726</CNOR>
    <CSUD>4765</CSUD>
    <NORD>20894</NORD>
    <SARD>982</SARD>
    <SICI>1913</SICI>
    <SUD>2701</SUD>
  </marketintervaldetail>
  <marketintervaldetail>
    <Data>20180511</Data>
    <Mercato>MGP</Mercato>
    <Ora>09</Ora>
    <Totale>39028</Totale>
    <CNOR>4185</CNOR>
    <CSUD>5368</CSUD>
    <NORD>23441</NORD>
    <SARD>1070</SARD>
    <SICI>2085</SICI>
    <SUD>2879</SUD>
  </marketintervaldetail>
  <marketintervaldetail>
    <Data>20180511</Data>
    <Mercato>MGP</Mercato>
    <Ora>10</Ora>
    <Totale>40077</Totale>
    <CNOR>4373</CNOR>
    <CSUD>5759</CSUD>
    <NORD>23818</NORD>
    <SARD>1094</SARD>
    <SICI>2157</SICI>
    <SUD>2876</SUD>
  </marketintervaldetail>
  <marketintervaldetail>
    <Data>20180511</Data>
    <Mercato>MGP</Mercato>
    <Ora>11</Ora>
    <Totale>39835</Totale>
    <CNOR>4439</CNOR>
    <CSUD>5716</CSUD>
    <NORD>23575</NORD>
    <SARD>1109</SARD>
    <SICI>2136</SICI>
    <SUD>2860</SUD>
  </marketintervaldetail>
  <marketintervaldetail>
    <Data>20180511</Data>
    <Mercato>MGP</Mercato>
    <Ora>12</Ora>
    <Totale>39640</Totale>
    <CNOR>4420</CNOR>
    <CSUD>5792</CSUD>
    <NORD>23600</NORD>
    <SARD>1091</SARD>
    <SICI>2017</SICI>
    <SUD>2720</SUD>
  </marketintervaldetail>
  <marketintervaldetail>
    <Data>20180511</Data>
    <Mercato>MGP</Mercato>
    <Ora>13</Ora>
    <Totale>37809</Totale>
    <CNOR>4151</CNOR>
    <CSUD>5735</CSUD>
    <NORD>22211</NORD>
    <SARD>1031</SARD>
    <SICI>2000</SICI>
    <SUD>2681</SUD>
  </marketintervaldetail>
  <marketintervaldetail>
    <Data>20180511</Data>
    <Mercato>MGP</Mercato>
    <Ora>14</Ora>
    <Totale>36865</Totale>
    <CNOR>4096</CNOR>
    <CSUD>5660</CSUD>
    <NORD>21543</NORD>
    <SARD>986</SARD>
    <SICI>1988</SICI>
    <SUD>2592</SUD>
  </marketintervaldetail>
  <marketintervaldetail>
    <Data>20180511</Data>
    <Mercato>MGP</Mercato>
    <Ora>15</Ora>
    <Totale>37236</Totale>
    <CNOR>3976</CNOR>
    <CSUD>5595</CSUD>
    <NORD>22401</NORD>
    <SARD>954</SARD>
    <SICI>1846</SICI>
    <SUD>2464</SUD>
  </marketintervaldetail>
  <marketintervaldetail>
    <Data>20180511</Data>
    <Mercato>MGP</Mercato>
    <Ora>16</Ora>
    <Totale>38083</Totale>
    <CNOR>4242</CNOR>
    <CSUD>5631</CSUD>
    <NORD>22901</NORD>
    <SARD>914</SARD>
    <SICI>1950</SICI>
    <SUD>2445</SUD>
  </marketintervaldetail>
  <marketintervaldetail>
    <Data>20180511</Data>
    <Mercato>MGP</Mercato>
    <Ora>17</Ora>
    <Totale>38171</Totale>
    <CNOR>4404</CNOR>
    <CSUD>5568</CSUD>
    <NORD>22632</NORD>
    <SARD>883</SARD>
    <SICI>2018</SICI>
    <SUD>2666</SUD>
  </marketintervaldetail>
  <marketintervaldetail>
    <Data>20180511</Data>
    <Mercato>MGP</Mercato>
    <Ora>18</Ora>
    <Totale>38131</Totale>
    <CNOR>4488</CNOR>
    <CSUD>5597</CSUD>
    <NORD>22371</NORD>
    <SARD>904</SARD>
    <SICI>2110</SICI>
    <SUD>2661</SUD>
  </marketintervaldetail>
  <marketintervaldetail>
    <Data>20180511</Data>
    <Mercato>MGP</Mercato>
    <Ora>19</Ora>
    <Totale>37266</Totale>
    <CNOR>4502</CNOR>
    <CSUD>5721</CSUD>
    <NORD>21274</NORD>
    <SARD>945</SARD>
    <SICI>2155</SICI>
    <SUD>2669</SUD>
  </marketintervaldetail>
  <marketintervaldetail>
    <Data>20180511</Data>
    <Mercato>MGP</Mercato>
    <Ora>20</Ora>
    <Totale>37353</Totale>
    <CNOR>4399</CNOR>
    <CSUD>5872</CSUD>
    <NORD>21077</NORD>
    <SARD>1000</SARD>
    <SICI>2215</SICI>
    <SUD>2790</SUD>
  </marketintervaldetail>
  <marketintervaldetail>
    <Data>20180511</Data>
    <Mercato>MGP</Mercato>
    <Ora>21</Ora>
    <Totale>38125</Totale>
    <CNOR>4298</CNOR>
    <CSUD>5978</CSUD>
    <NORD>21188</NORD>
    <SARD>1063</SARD>
    <SICI>2349</SICI>
    <SUD>3249</SUD>
  </marketintervaldetail>
  <marketintervaldetail>
    <Data>20180511</Data>
    <Mercato>MGP</Mercato>
    <Ora>22</Ora>
    <Totale>37297</Totale>
    <CNOR>4008</CNOR>
    <CSUD>5672</CSUD>
    <NORD>21107</NORD>
    <SARD>1062</SARD>
    <SICI>2281</SICI>
    <SUD>3167</SUD>
  </marketintervaldetail>
  <marketintervaldetail>
    <Data>20180511</Data>
    <Mercato>MGP</Mercato>
    <Ora>23</Ora>
    <Totale>34191</Totale>
    <CNOR>3746</CNOR>
    <CSUD>5226</CSUD>
    <NORD>19346</NORD>
    <SARD>980</SARD>
    <SICI>2064</SICI>
    <SUD>2829</SUD>
  </marketintervaldetail>
  <marketintervaldetail>
    <Data>20180511</Data>
    <Mercato>MGP</Mercato>
    <Ora>24</Ora>
    <Totale>30979</Totale>
    <CNOR>3362</CNOR>
    <CSUD>4732</CSUD>
    <NORD>17588</NORD>
    <SARD>900</SARD>
    <SICI>1826</SICI>
    <SUD>2571</SUD>
  </marketintervaldetail>
</NewDataSet>