<?xml version="1.0" standalone="yes"?>
<NewDataSet>
  <xs:schema id="NewDataSet" xmlns="" xmlns:xs="http://www.w3.org/2001/XMLSchema" xmlns:msdata="urn:schemas-microsoft-com:xml-msdata">
    <xs:element name="NewDataSet" msdata:IsDataSet="true" msdata:MainDataTable="marketintervaldetail" msdata:UseCurrentLocale="true">
      <xs:complexType>
        <xs:choice minOccurs="0" maxOccurs="unbounded">
          <xs:element name="marketintervaldetail">
            <xs:complexType>
              <xs:sequence>
                <xs:element name="Data" type="xs:string" minOccurs="0" />
                <xs:element name="Mercato" type="xs:string" minOccurs="0" />
                <xs:element name="Ora" type="xs:string" minOccurs="0" />
                <xs:element name="Totale" type="xs:string" minOccurs="0" />
                <xs:element name="CNOR" type="xs:string" minOccurs="0" />
                <xs:element name="CSUD" type="xs:string" minOccurs="0" />
                <xs:element name="NORD" type="xs:string" minOccurs="0" />
                <xs:element name="SARD" type="xs:string" minOccurs="0" />
                <xs:element name="SICI" type="xs:string" minOccurs="0" />
                <xs:element name="SUD" type="xs:string" minOccurs="0" />
              </xs:sequence>
            </xs:complexType>
          </xs:element>
        </xs:choice>
      </xs:complexType>
    </xs:element>
  </xs:schema>
  <marketintervaldetail>
    <Data>20180531</Data>
    <Mercato>MGP</Mercato>
    <Ora>01</Ora>
    <Totale>29606</Totale>
    <CNOR>3121</CNOR>
    <CSUD>4379</CSUD>
    <NORD>16955</NORD>
    <SARD>780</SARD>
    <SICI>1768</SICI>
    <SUD>2603</SUD>
  </marketintervaldetail>
  <marketintervaldetail>
    <Data>20180531</Data>
    <Mercato>MGP</Mercato>
    <Ora>02</Ora>
    <Totale>28001</Totale>
    <CNOR>2874</CNOR>
    <CSUD>4053</CSUD>
    <NORD>16292</NORD>
    <SARD>753</SARD>
    <SICI>1566</SICI>
    <SUD>2463</SUD>
  </marketintervaldetail>
  <marketintervaldetail>
    <Data>20180531</Data>
    <Mercato>MGP</Mercato>
    <Ora>03</Ora>
    <Totale>26758</Totale>
    <CNOR>2718</CNOR>
    <CSUD>3880</CSUD>
    <NORD>15511</NORD>
    <SARD>750</SARD>
    <SICI>1533</SICI>
    <SUD>2366</SUD>
  </marketintervaldetail>
  <marketintervaldetail>
    <Data>20180531</Data>
    <Mercato>MGP</Mercato>
    <Ora>04</Ora>
    <Totale>26290</Totale>
    <CNOR>2713</CNOR>
    <CSUD>3790</CSUD>
    <NORD>15270</NORD>
    <SARD>740</SARD>
    <SICI>1483</SICI>
    <SUD>2294</SUD>
  </marketintervaldetail>
  <marketintervaldetail>
    <Data>20180531</Data>
    <Mercato>MGP</Mercato>
    <Ora>05</Ora>
    <Totale>26458</Totale>
    <CNOR>2713</CNOR>
    <CSUD>3813</CSUD>
    <NORD>15382</NORD>
    <SARD>748</SARD>
    <SICI>1485</SICI>
    <SUD>2317</SUD>
  </marketintervaldetail>
  <marketintervaldetail>
    <Data>20180531</Data>
    <Mercato>MGP</Mercato>
    <Ora>06</Ora>
    <Totale>26949</Totale>
    <CNOR>2773</CNOR>
    <CSUD>3803</CSUD>
    <NORD>15770</NORD>
    <SARD>758</SARD>
    <SICI>1528</SICI>
    <SUD>2317</SUD>
  </marketintervaldetail>
  <marketintervaldetail>
    <Data>20180531</Data>
    <Mercato>MGP</Mercato>
    <Ora>07</Ora>
    <Totale>29848</Totale>
    <CNOR>3065</CNOR>
    <CSUD>4191</CSUD>
    <NORD>17812</NORD>
    <SARD>796</SARD>
    <SICI>1645</SICI>
    <SUD>2339</SUD>
  </marketintervaldetail>
  <marketintervaldetail>
    <Data>20180531</Data>
    <Mercato>MGP</Mercato>
    <Ora>08</Ora>
    <Totale>35119</Totale>
    <CNOR>3694</CNOR>
    <CSUD>4904</CSUD>
    <NORD>21157</NORD>
    <SARD>906</SARD>
    <SICI>1836</SICI>
    <SUD>2622</SUD>
  </marketintervaldetail>
  <marketintervaldetail>
    <Data>20180531</Data>
    <Mercato>MGP</Mercato>
    <Ora>09</Ora>
    <Totale>38900</Totale>
    <CNOR>4151</CNOR>
    <CSUD>5476</CSUD>
    <NORD>23411</NORD>
    <SARD>970</SARD>
    <SICI>1992</SICI>
    <SUD>2900</SUD>
  </marketintervaldetail>
  <marketintervaldetail>
    <Data>20180531</Data>
    <Mercato>MGP</Mercato>
    <Ora>10</Ora>
    <Totale>40818</Totale>
    <CNOR>4444</CNOR>
    <CSUD>5681</CSUD>
    <NORD>24546</NORD>
    <SARD>972</SARD>
    <SICI>2128</SICI>
    <SUD>3047</SUD>
  </marketintervaldetail>
  <marketintervaldetail>
    <Data>20180531</Data>
    <Mercato>MGP</Mercato>
    <Ora>11</Ora>
    <Totale>41643</Totale>
    <CNOR>4600</CNOR>
    <CSUD>5883</CSUD>
    <NORD>24642</NORD>
    <SARD>1005</SARD>
    <SICI>2200</SICI>
    <SUD>3313</SUD>
  </marketintervaldetail>
  <marketintervaldetail>
    <Data>20180531</Data>
    <Mercato>MGP</Mercato>
    <Ora>12</Ora>
    <Totale>41465</Totale>
    <CNOR>4753</CNOR>
    <CSUD>5985</CSUD>
    <NORD>24277</NORD>
    <SARD>971</SARD>
    <SICI>2193</SICI>
    <SUD>3286</SUD>
  </marketintervaldetail>
  <marketintervaldetail>
    <Data>20180531</Data>
    <Mercato>MGP</Mercato>
    <Ora>13</Ora>
    <Totale>39577</Totale>
    <CNOR>4270</CNOR>
    <CSUD>5914</CSUD>
    <NORD>23158</NORD>
    <SARD>967</SARD>
    <SICI>2025</SICI>
    <SUD>3243</SUD>
  </marketintervaldetail>
  <marketintervaldetail>
    <Data>20180531</Data>
    <Mercato>MGP</Mercato>
    <Ora>14</Ora>
    <Totale>38713</Totale>
    <CNOR>3952</CNOR>
    <CSUD>5897</CSUD>
    <NORD>22827</NORD>
    <SARD>921</SARD>
    <SICI>1993</SICI>
    <SUD>3123</SUD>
  </marketintervaldetail>
  <marketintervaldetail>
    <Data>20180531</Data>
    <Mercato>MGP</Mercato>
    <Ora>15</Ora>
    <Totale>39284</Totale>
    <CNOR>4266</CNOR>
    <CSUD>5539</CSUD>
    <NORD>23696</NORD>
    <SARD>800</SARD>
    <SICI>1986</SICI>
    <SUD>2997</SUD>
  </marketintervaldetail>
  <marketintervaldetail>
    <Data>20180531</Data>
    <Mercato>MGP</Mercato>
    <Ora>16</Ora>
    <Totale>40536</Totale>
    <CNOR>4578</CNOR>
    <CSUD>5675</CSUD>
    <NORD>24439</NORD>
    <SARD>838</SARD>
    <SICI>2015</SICI>
    <SUD>2991</SUD>
  </marketintervaldetail>
  <marketintervaldetail>
    <Data>20180531</Data>
    <Mercato>MGP</Mercato>
    <Ora>17</Ora>
    <Totale>41017</Totale>
    <CNOR>4789</CNOR>
    <CSUD>5773</CSUD>
    <NORD>24529</NORD>
    <SARD>843</SARD>
    <SICI>2116</SICI>
    <SUD>2967</SUD>
  </marketintervaldetail>
  <marketintervaldetail>
    <Data>20180531</Data>
    <Mercato>MGP</Mercato>
    <Ora>18</Ora>
    <Totale>40524</Totale>
    <CNOR>4839</CNOR>
    <CSUD>5869</CSUD>
    <NORD>23815</NORD>
    <SARD>926</SARD>
    <SICI>2125</SICI>
    <SUD>2950</SUD>
  </marketintervaldetail>
  <marketintervaldetail>
    <Data>20180531</Data>
    <Mercato>MGP</Mercato>
    <Ora>19</Ora>
    <Totale>39428</Totale>
    <CNOR>4570</CNOR>
    <CSUD>5711</CSUD>
    <NORD>23044</NORD>
    <SARD>1016</SARD>
    <SICI>2142</SICI>
    <SUD>2945</SUD>
  </marketintervaldetail>
  <marketintervaldetail>
    <Data>20180531</Data>
    <Mercato>MGP</Mercato>
    <Ora>20</Ora>
    <Totale>39472</Totale>
    <CNOR>4506</CNOR>
    <CSUD>5760</CSUD>
    <NORD>23036</NORD>
    <SARD>1002</SARD>
    <SICI>2166</SICI>
    <SUD>3002</SUD>
  </marketintervaldetail>
  <marketintervaldetail>
    <Data>20180531</Data>
    <Mercato>MGP</Mercato>
    <Ora>21</Ora>
    <Totale>39273</Totale>
    <CNOR>4535</CNOR>
    <CSUD>5887</CSUD>
    <NORD>22216</NORD>
    <SARD>1022</SARD>
    <SICI>2282</SICI>
    <SUD>3331</SUD>
  </marketintervaldetail>
  <marketintervaldetail>
    <Data>20180531</Data>
    <Mercato>MGP</Mercato>
    <Ora>22</Ora>
    <Totale>39286</Totale>
    <CNOR>4536</CNOR>
    <CSUD>6002</CSUD>
    <NORD>22055</NORD>
    <SARD>1005</SARD>
    <SICI>2303</SICI>
    <SUD>3385</SUD>
  </marketintervaldetail>
  <marketintervaldetail>
    <Data>20180531</Data>
    <Mercato>MGP</Mercato>
    <Ora>23</Ora>
    <Totale>36584</Totale>
    <CNOR>4261</CNOR>
    <CSUD>5557</CSUD>
    <NORD>20493</NORD>
    <SARD>940</SARD>
    <SICI>2165</SICI>
    <SUD>3168</SUD>
  </marketintervaldetail>
  <marketintervaldetail>
    <Data>20180531</Data>
    <Mercato>MGP</Mercato>
    <Ora>24</Ora>
    <Totale>33257</Totale>
    <CNOR>3928</CNOR>
    <CSUD>5024</CSUD>
    <NORD>18641</NORD>
    <SARD>857</SARD>
    <SICI>1960</SICI>
    <SUD>2847</SUD>
  </marketintervaldetail>
</NewDataSet>