<?xml version="1.0" standalone="yes"?>
<NewDataSet>
  <xs:schema id="NewDataSet" xmlns="" xmlns:xs="http://www.w3.org/2001/XMLSchema" xmlns:msdata="urn:schemas-microsoft-com:xml-msdata">
    <xs:element name="NewDataSet" msdata:IsDataSet="true" msdata:MainDataTable="marketintervaldetail" msdata:UseCurrentLocale="true">
      <xs:complexType>
        <xs:choice minOccurs="0" maxOccurs="unbounded">
          <xs:element name="marketintervaldetail">
            <xs:complexType>
              <xs:sequence>
                <xs:element name="Data" type="xs:string" minOccurs="0" />
                <xs:element name="Mercato" type="xs:string" minOccurs="0" />
                <xs:element name="Ora" type="xs:string" minOccurs="0" />
                <xs:element name="Totale" type="xs:string" minOccurs="0" />
                <xs:element name="CNOR" type="xs:string" minOccurs="0" />
                <xs:element name="CSUD" type="xs:string" minOccurs="0" />
                <xs:element name="NORD" type="xs:string" minOccurs="0" />
                <xs:element name="SARD" type="xs:string" minOccurs="0" />
                <xs:element name="SICI" type="xs:string" minOccurs="0" />
                <xs:element name="SUD" type="xs:string" minOccurs="0" />
              </xs:sequence>
            </xs:complexType>
          </xs:element>
        </xs:choice>
      </xs:complexType>
    </xs:element>
  </xs:schema>
  <marketintervaldetail>
    <Data>20180518</Data>
    <Mercato>MGP</Mercato>
    <Ora>01</Ora>
    <Totale>27812</Totale>
    <CNOR>2983</CNOR>
    <CSUD>4069</CSUD>
    <NORD>15967</NORD>
    <SARD>791</SARD>
    <SICI>1641</SICI>
    <SUD>2361</SUD>
  </marketintervaldetail>
  <marketintervaldetail>
    <Data>20180518</Data>
    <Mercato>MGP</Mercato>
    <Ora>02</Ora>
    <Totale>26088</Totale>
    <CNOR>2784</CNOR>
    <CSUD>3759</CSUD>
    <NORD>15072</NORD>
    <SARD>753</SARD>
    <SICI>1521</SICI>
    <SUD>2199</SUD>
  </marketintervaldetail>
  <marketintervaldetail>
    <Data>20180518</Data>
    <Mercato>MGP</Mercato>
    <Ora>03</Ora>
    <Totale>24942</Totale>
    <CNOR>2613</CNOR>
    <CSUD>3526</CSUD>
    <NORD>14492</NORD>
    <SARD>758</SARD>
    <SICI>1455</SICI>
    <SUD>2098</SUD>
  </marketintervaldetail>
  <marketintervaldetail>
    <Data>20180518</Data>
    <Mercato>MGP</Mercato>
    <Ora>04</Ora>
    <Totale>24549</Totale>
    <CNOR>2569</CNOR>
    <CSUD>3405</CSUD>
    <NORD>14355</NORD>
    <SARD>746</SARD>
    <SICI>1427</SICI>
    <SUD>2047</SUD>
  </marketintervaldetail>
  <marketintervaldetail>
    <Data>20180518</Data>
    <Mercato>MGP</Mercato>
    <Ora>05</Ora>
    <Totale>24763</Totale>
    <CNOR>2565</CNOR>
    <CSUD>3420</CSUD>
    <NORD>14530</NORD>
    <SARD>752</SARD>
    <SICI>1424</SICI>
    <SUD>2072</SUD>
  </marketintervaldetail>
  <marketintervaldetail>
    <Data>20180518</Data>
    <Mercato>MGP</Mercato>
    <Ora>06</Ora>
    <Totale>25430</Totale>
    <CNOR>2607</CNOR>
    <CSUD>3496</CSUD>
    <NORD>15024</NORD>
    <SARD>776</SARD>
    <SICI>1444</SICI>
    <SUD>2083</SUD>
  </marketintervaldetail>
  <marketintervaldetail>
    <Data>20180518</Data>
    <Mercato>MGP</Mercato>
    <Ora>07</Ora>
    <Totale>28063</Totale>
    <CNOR>2927</CNOR>
    <CSUD>3792</CSUD>
    <NORD>16794</NORD>
    <SARD>826</SARD>
    <SICI>1515</SICI>
    <SUD>2209</SUD>
  </marketintervaldetail>
  <marketintervaldetail>
    <Data>20180518</Data>
    <Mercato>MGP</Mercato>
    <Ora>08</Ora>
    <Totale>33465</Totale>
    <CNOR>3572</CNOR>
    <CSUD>4540</CSUD>
    <NORD>19899</NORD>
    <SARD>922</SARD>
    <SICI>1805</SICI>
    <SUD>2727</SUD>
  </marketintervaldetail>
  <marketintervaldetail>
    <Data>20180518</Data>
    <Mercato>MGP</Mercato>
    <Ora>09</Ora>
    <Totale>37579</Totale>
    <CNOR>4078</CNOR>
    <CSUD>5087</CSUD>
    <NORD>22428</NORD>
    <SARD>1014</SARD>
    <SICI>1980</SICI>
    <SUD>2992</SUD>
  </marketintervaldetail>
  <marketintervaldetail>
    <Data>20180518</Data>
    <Mercato>MGP</Mercato>
    <Ora>10</Ora>
    <Totale>38542</Totale>
    <CNOR>4202</CNOR>
    <CSUD>5229</CSUD>
    <NORD>23011</NORD>
    <SARD>1015</SARD>
    <SICI>2060</SICI>
    <SUD>3025</SUD>
  </marketintervaldetail>
  <marketintervaldetail>
    <Data>20180518</Data>
    <Mercato>MGP</Mercato>
    <Ora>11</Ora>
    <Totale>38566</Totale>
    <CNOR>4376</CNOR>
    <CSUD>5347</CSUD>
    <NORD>22878</NORD>
    <SARD>1000</SARD>
    <SICI>2081</SICI>
    <SUD>2884</SUD>
  </marketintervaldetail>
  <marketintervaldetail>
    <Data>20180518</Data>
    <Mercato>MGP</Mercato>
    <Ora>12</Ora>
    <Totale>39071</Totale>
    <CNOR>4482</CNOR>
    <CSUD>5627</CSUD>
    <NORD>23224</NORD>
    <SARD>969</SARD>
    <SICI>2030</SICI>
    <SUD>2739</SUD>
  </marketintervaldetail>
  <marketintervaldetail>
    <Data>20180518</Data>
    <Mercato>MGP</Mercato>
    <Ora>13</Ora>
    <Totale>37147</Totale>
    <CNOR>4121</CNOR>
    <CSUD>5764</CSUD>
    <NORD>21477</NORD>
    <SARD>916</SARD>
    <SICI>2062</SICI>
    <SUD>2807</SUD>
  </marketintervaldetail>
  <marketintervaldetail>
    <Data>20180518</Data>
    <Mercato>MGP</Mercato>
    <Ora>14</Ora>
    <Totale>36450</Totale>
    <CNOR>3843</CNOR>
    <CSUD>5616</CSUD>
    <NORD>21397</NORD>
    <SARD>861</SARD>
    <SICI>2004</SICI>
    <SUD>2729</SUD>
  </marketintervaldetail>
  <marketintervaldetail>
    <Data>20180518</Data>
    <Mercato>MGP</Mercato>
    <Ora>15</Ora>
    <Totale>37743</Totale>
    <CNOR>4226</CNOR>
    <CSUD>5810</CSUD>
    <NORD>22164</NORD>
    <SARD>883</SARD>
    <SICI>1963</SICI>
    <SUD>2697</SUD>
  </marketintervaldetail>
  <marketintervaldetail>
    <Data>20180518</Data>
    <Mercato>MGP</Mercato>
    <Ora>16</Ora>
    <Totale>37070</Totale>
    <CNOR>4041</CNOR>
    <CSUD>5819</CSUD>
    <NORD>21674</NORD>
    <SARD>868</SARD>
    <SICI>1906</SICI>
    <SUD>2762</SUD>
  </marketintervaldetail>
  <marketintervaldetail>
    <Data>20180518</Data>
    <Mercato>MGP</Mercato>
    <Ora>17</Ora>
    <Totale>37005</Totale>
    <CNOR>4198</CNOR>
    <CSUD>5876</CSUD>
    <NORD>21314</NORD>
    <SARD>888</SARD>
    <SICI>1841</SICI>
    <SUD>2888</SUD>
  </marketintervaldetail>
  <marketintervaldetail>
    <Data>20180518</Data>
    <Mercato>MGP</Mercato>
    <Ora>18</Ora>
    <Totale>36249</Totale>
    <CNOR>4038</CNOR>
    <CSUD>5772</CSUD>
    <NORD>20701</NORD>
    <SARD>947</SARD>
    <SICI>1813</SICI>
    <SUD>2978</SUD>
  </marketintervaldetail>
  <marketintervaldetail>
    <Data>20180518</Data>
    <Mercato>MGP</Mercato>
    <Ora>19</Ora>
    <Totale>35116</Totale>
    <CNOR>3774</CNOR>
    <CSUD>5634</CSUD>
    <NORD>19967</NORD>
    <SARD>996</SARD>
    <SICI>1908</SICI>
    <SUD>2837</SUD>
  </marketintervaldetail>
  <marketintervaldetail>
    <Data>20180518</Data>
    <Mercato>MGP</Mercato>
    <Ora>20</Ora>
    <Totale>34894</Totale>
    <CNOR>3726</CNOR>
    <CSUD>5548</CSUD>
    <NORD>19705</NORD>
    <SARD>1023</SARD>
    <SICI>1985</SICI>
    <SUD>2907</SUD>
  </marketintervaldetail>
  <marketintervaldetail>
    <Data>20180518</Data>
    <Mercato>MGP</Mercato>
    <Ora>21</Ora>
    <Totale>35709</Totale>
    <CNOR>3879</CNOR>
    <CSUD>5753</CSUD>
    <NORD>19544</NORD>
    <SARD>1070</SARD>
    <SICI>2276</SICI>
    <SUD>3187</SUD>
  </marketintervaldetail>
  <marketintervaldetail>
    <Data>20180518</Data>
    <Mercato>MGP</Mercato>
    <Ora>22</Ora>
    <Totale>36028</Totale>
    <CNOR>3970</CNOR>
    <CSUD>5737</CSUD>
    <NORD>19759</NORD>
    <SARD>1066</SARD>
    <SICI>2266</SICI>
    <SUD>3230</SUD>
  </marketintervaldetail>
  <marketintervaldetail>
    <Data>20180518</Data>
    <Mercato>MGP</Mercato>
    <Ora>23</Ora>
    <Totale>33180</Totale>
    <CNOR>3625</CNOR>
    <CSUD>5209</CSUD>
    <NORD>18417</NORD>
    <SARD>981</SARD>
    <SICI>2083</SICI>
    <SUD>2865</SUD>
  </marketintervaldetail>
  <marketintervaldetail>
    <Data>20180518</Data>
    <Mercato>MGP</Mercato>
    <Ora>24</Ora>
    <Totale>30089</Totale>
    <CNOR>3280</CNOR>
    <CSUD>4707</CSUD>
    <NORD>16699</NORD>
    <SARD>904</SARD>
    <SICI>1882</SICI>
    <SUD>2617</SUD>
  </marketintervaldetail>
</NewDataSet>