<?xml version="1.0" standalone="yes"?>
<NewDataSet>
  <xs:schema id="NewDataSet" xmlns="" xmlns:xs="http://www.w3.org/2001/XMLSchema" xmlns:msdata="urn:schemas-microsoft-com:xml-msdata">
    <xs:element name="NewDataSet" msdata:IsDataSet="true" msdata:MainDataTable="Fabbisogno" msdata:UseCurrentLocale="true">
      <xs:complexType>
        <xs:choice minOccurs="0" maxOccurs="unbounded">
          <xs:element name="Fabbisogno">
            <xs:complexType>
              <xs:sequence>
                <xs:element name="Data" type="xs:string" minOccurs="0" />
                <xs:element name="Mercato" type="xs:string" minOccurs="0" />
                <xs:element name="Ora" type="xs:string" minOccurs="0" />
                <xs:element name="Totale" type="xs:string" minOccurs="0" />
                <xs:element name="CNOR" type="xs:string" minOccurs="0" />
                <xs:element name="CSUD" type="xs:string" minOccurs="0" />
                <xs:element name="NORD" type="xs:string" minOccurs="0" />
                <xs:element name="SARD" type="xs:string" minOccurs="0" />
                <xs:element name="SICI" type="xs:string" minOccurs="0" />
                <xs:element name="SUD" type="xs:string" minOccurs="0" />
              </xs:sequence>
            </xs:complexType>
          </xs:element>
        </xs:choice>
      </xs:complexType>
    </xs:element>
  </xs:schema>
  <Fabbisogno>
    <Data>20180512</Data>
    <Mercato>MGP</Mercato>
    <Ora>01</Ora>
    <Totale>28124</Totale>
    <CNOR>2943</CNOR>
    <CSUD>4132</CSUD>
    <NORD>16130</NORD>
    <SARD>901</SARD>
    <SICI>1634</SICI>
    <SUD>2384</SUD>
  </Fabbisogno>
  <Fabbisogno>
    <Data>20180512</Data>
    <Mercato>MGP</Mercato>
    <Ora>02</Ora>
    <Totale>26254</Totale>
    <CNOR>2757</CNOR>
    <CSUD>3790</CSUD>
    <NORD>15149</NORD>
    <SARD>855</SARD>
    <SICI>1502</SICI>
    <SUD>2201</SUD>
  </Fabbisogno>
  <Fabbisogno>
    <Data>20180512</Data>
    <Mercato>MGP</Mercato>
    <Ora>03</Ora>
    <Totale>25127</Totale>
    <CNOR>2610</CNOR>
    <CSUD>3582</CSUD>
    <NORD>14541</NORD>
    <SARD>827</SARD>
    <SICI>1440</SICI>
    <SUD>2127</SUD>
  </Fabbisogno>
  <Fabbisogno>
    <Data>20180512</Data>
    <Mercato>MGP</Mercato>
    <Ora>04</Ora>
    <Totale>24720</Totale>
    <CNOR>2573</CNOR>
    <CSUD>3483</CSUD>
    <NORD>14303</NORD>
    <SARD>818</SARD>
    <SICI>1428</SICI>
    <SUD>2115</SUD>
  </Fabbisogno>
  <Fabbisogno>
    <Data>20180512</Data>
    <Mercato>MGP</Mercato>
    <Ora>05</Ora>
    <Totale>24635</Totale>
    <CNOR>2578</CNOR>
    <CSUD>3457</CSUD>
    <NORD>14238</NORD>
    <SARD>820</SARD>
    <SICI>1429</SICI>
    <SUD>2113</SUD>
  </Fabbisogno>
  <Fabbisogno>
    <Data>20180512</Data>
    <Mercato>MGP</Mercato>
    <Ora>06</Ora>
    <Totale>24514</Totale>
    <CNOR>2549</CNOR>
    <CSUD>3458</CSUD>
    <NORD>14122</NORD>
    <SARD>839</SARD>
    <SICI>1461</SICI>
    <SUD>2085</SUD>
  </Fabbisogno>
  <Fabbisogno>
    <Data>20180512</Data>
    <Mercato>MGP</Mercato>
    <Ora>07</Ora>
    <Totale>24924</Totale>
    <CNOR>2602</CNOR>
    <CSUD>3542</CSUD>
    <NORD>14363</NORD>
    <SARD>855</SARD>
    <SICI>1468</SICI>
    <SUD>2094</SUD>
  </Fabbisogno>
  <Fabbisogno>
    <Data>20180512</Data>
    <Mercato>MGP</Mercato>
    <Ora>08</Ora>
    <Totale>28249</Totale>
    <CNOR>3042</CNOR>
    <CSUD>4086</CSUD>
    <NORD>16158</NORD>
    <SARD>935</SARD>
    <SICI>1655</SICI>
    <SUD>2373</SUD>
  </Fabbisogno>
  <Fabbisogno>
    <Data>20180512</Data>
    <Mercato>MGP</Mercato>
    <Ora>09</Ora>
    <Totale>31367</Totale>
    <CNOR>3490</CNOR>
    <CSUD>4650</CSUD>
    <NORD>17671</NORD>
    <SARD>997</SARD>
    <SICI>1873</SICI>
    <SUD>2686</SUD>
  </Fabbisogno>
  <Fabbisogno>
    <Data>20180512</Data>
    <Mercato>MGP</Mercato>
    <Ora>10</Ora>
    <Totale>33122</Totale>
    <CNOR>3679</CNOR>
    <CSUD>5013</CSUD>
    <NORD>18579</NORD>
    <SARD>987</SARD>
    <SICI>1934</SICI>
    <SUD>2930</SUD>
  </Fabbisogno>
  <Fabbisogno>
    <Data>20180512</Data>
    <Mercato>MGP</Mercato>
    <Ora>11</Ora>
    <Totale>33142</Totale>
    <CNOR>3686</CNOR>
    <CSUD>5057</CSUD>
    <NORD>18681</NORD>
    <SARD>961</SARD>
    <SICI>1925</SICI>
    <SUD>2832</SUD>
  </Fabbisogno>
  <Fabbisogno>
    <Data>20180512</Data>
    <Mercato>MGP</Mercato>
    <Ora>12</Ora>
    <Totale>32396</Totale>
    <CNOR>3563</CNOR>
    <CSUD>4933</CSUD>
    <NORD>18429</NORD>
    <SARD>951</SARD>
    <SICI>1818</SICI>
    <SUD>2702</SUD>
  </Fabbisogno>
  <Fabbisogno>
    <Data>20180512</Data>
    <Mercato>MGP</Mercato>
    <Ora>13</Ora>
    <Totale>30749</Totale>
    <CNOR>3255</CNOR>
    <CSUD>4898</CSUD>
    <NORD>16957</NORD>
    <SARD>948</SARD>
    <SICI>1790</SICI>
    <SUD>2901</SUD>
  </Fabbisogno>
  <Fabbisogno>
    <Data>20180512</Data>
    <Mercato>MGP</Mercato>
    <Ora>14</Ora>
    <Totale>29214</Totale>
    <CNOR>2929</CNOR>
    <CSUD>4752</CSUD>
    <NORD>16107</NORD>
    <SARD>927</SARD>
    <SICI>1749</SICI>
    <SUD>2750</SUD>
  </Fabbisogno>
  <Fabbisogno>
    <Data>20180512</Data>
    <Mercato>MGP</Mercato>
    <Ora>15</Ora>
    <Totale>28556</Totale>
    <CNOR>2907</CNOR>
    <CSUD>4498</CSUD>
    <NORD>15903</NORD>
    <SARD>938</SARD>
    <SICI>1674</SICI>
    <SUD>2636</SUD>
  </Fabbisogno>
  <Fabbisogno>
    <Data>20180512</Data>
    <Mercato>MGP</Mercato>
    <Ora>16</Ora>
    <Totale>28620</Totale>
    <CNOR>3158</CNOR>
    <CSUD>4649</CSUD>
    <NORD>15713</NORD>
    <SARD>904</SARD>
    <SICI>1651</SICI>
    <SUD>2545</SUD>
  </Fabbisogno>
  <Fabbisogno>
    <Data>20180512</Data>
    <Mercato>MGP</Mercato>
    <Ora>17</Ora>
    <Totale>28888</Totale>
    <CNOR>3182</CNOR>
    <CSUD>4744</CSUD>
    <NORD>15913</NORD>
    <SARD>910</SARD>
    <SICI>1725</SICI>
    <SUD>2414</SUD>
  </Fabbisogno>
  <Fabbisogno>
    <Data>20180512</Data>
    <Mercato>MGP</Mercato>
    <Ora>18</Ora>
    <Totale>29196</Totale>
    <CNOR>3094</CNOR>
    <CSUD>4765</CSUD>
    <NORD>16012</NORD>
    <SARD>931</SARD>
    <SICI>1816</SICI>
    <SUD>2578</SUD>
  </Fabbisogno>
  <Fabbisogno>
    <Data>20180512</Data>
    <Mercato>MGP</Mercato>
    <Ora>19</Ora>
    <Totale>29691</Totale>
    <CNOR>3232</CNOR>
    <CSUD>4793</CSUD>
    <NORD>16070</NORD>
    <SARD>964</SARD>
    <SICI>1887</SICI>
    <SUD>2745</SUD>
  </Fabbisogno>
  <Fabbisogno>
    <Data>20180512</Data>
    <Mercato>MGP</Mercato>
    <Ora>20</Ora>
    <Totale>30493</Totale>
    <CNOR>3340</CNOR>
    <CSUD>4906</CSUD>
    <NORD>16335</NORD>
    <SARD>999</SARD>
    <SICI>1976</SICI>
    <SUD>2937</SUD>
  </Fabbisogno>
  <Fabbisogno>
    <Data>20180512</Data>
    <Mercato>MGP</Mercato>
    <Ora>21</Ora>
    <Totale>31729</Totale>
    <CNOR>3456</CNOR>
    <CSUD>5212</CSUD>
    <NORD>16526</NORD>
    <SARD>1072</SARD>
    <SICI>2202</SICI>
    <SUD>3261</SUD>
  </Fabbisogno>
  <Fabbisogno>
    <Data>20180512</Data>
    <Mercato>MGP</Mercato>
    <Ora>22</Ora>
    <Totale>31126</Totale>
    <CNOR>3329</CNOR>
    <CSUD>4968</CSUD>
    <NORD>16479</NORD>
    <SARD>1084</SARD>
    <SICI>2166</SICI>
    <SUD>3100</SUD>
  </Fabbisogno>
  <Fabbisogno>
    <Data>20180512</Data>
    <Mercato>MGP</Mercato>
    <Ora>23</Ora>
    <Totale>29123</Totale>
    <CNOR>3037</CNOR>
    <CSUD>4629</CSUD>
    <NORD>15648</NORD>
    <SARD>1024</SARD>
    <SICI>1993</SICI>
    <SUD>2792</SUD>
  </Fabbisogno>
  <Fabbisogno>
    <Data>20180512</Data>
    <Mercato>MGP</Mercato>
    <Ora>24</Ora>
    <Totale>26888</Totale>
    <CNOR>2782</CNOR>
    <CSUD>4241</CSUD>
    <NORD>14498</NORD>
    <SARD>951</SARD>
    <SICI>1839</SICI>
    <SUD>2577</SUD>
  </Fabbisogno>
</NewDataSet>