<?xml version="1.0" standalone="yes"?>
<NewDataSet>
  <xs:schema id="NewDataSet" xmlns="" xmlns:xs="http://www.w3.org/2001/XMLSchema" xmlns:msdata="urn:schemas-microsoft-com:xml-msdata">
    <xs:element name="NewDataSet" msdata:IsDataSet="true" msdata:MainDataTable="marketintervaldetail" msdata:UseCurrentLocale="true">
      <xs:complexType>
        <xs:choice minOccurs="0" maxOccurs="unbounded">
          <xs:element name="marketintervaldetail">
            <xs:complexType>
              <xs:sequence>
                <xs:element name="Data" type="xs:string" minOccurs="0" />
                <xs:element name="Mercato" type="xs:string" minOccurs="0" />
                <xs:element name="Ora" type="xs:string" minOccurs="0" />
                <xs:element name="Totale" type="xs:string" minOccurs="0" />
                <xs:element name="CNOR" type="xs:string" minOccurs="0" />
                <xs:element name="CSUD" type="xs:string" minOccurs="0" />
                <xs:element name="NORD" type="xs:string" minOccurs="0" />
                <xs:element name="SARD" type="xs:string" minOccurs="0" />
                <xs:element name="SICI" type="xs:string" minOccurs="0" />
                <xs:element name="SUD" type="xs:string" minOccurs="0" />
              </xs:sequence>
            </xs:complexType>
          </xs:element>
        </xs:choice>
      </xs:complexType>
    </xs:element>
  </xs:schema>
  <marketintervaldetail>
    <Data>20180522</Data>
    <Mercato>MGP</Mercato>
    <Ora>01</Ora>
    <Totale>27984</Totale>
    <CNOR>2947</CNOR>
    <CSUD>4090</CSUD>
    <NORD>16037</NORD>
    <SARD>783</SARD>
    <SICI>1721</SICI>
    <SUD>2406</SUD>
  </marketintervaldetail>
  <marketintervaldetail>
    <Data>20180522</Data>
    <Mercato>MGP</Mercato>
    <Ora>02</Ora>
    <Totale>26176</Totale>
    <CNOR>2763</CNOR>
    <CSUD>3772</CSUD>
    <NORD>15129</NORD>
    <SARD>735</SARD>
    <SICI>1588</SICI>
    <SUD>2189</SUD>
  </marketintervaldetail>
  <marketintervaldetail>
    <Data>20180522</Data>
    <Mercato>MGP</Mercato>
    <Ora>03</Ora>
    <Totale>25305</Totale>
    <CNOR>2588</CNOR>
    <CSUD>3555</CSUD>
    <NORD>14728</NORD>
    <SARD>731</SARD>
    <SICI>1535</SICI>
    <SUD>2168</SUD>
  </marketintervaldetail>
  <marketintervaldetail>
    <Data>20180522</Data>
    <Mercato>MGP</Mercato>
    <Ora>04</Ora>
    <Totale>24771</Totale>
    <CNOR>2538</CNOR>
    <CSUD>3480</CSUD>
    <NORD>14423</NORD>
    <SARD>723</SARD>
    <SICI>1507</SICI>
    <SUD>2100</SUD>
  </marketintervaldetail>
  <marketintervaldetail>
    <Data>20180522</Data>
    <Mercato>MGP</Mercato>
    <Ora>05</Ora>
    <Totale>25024</Totale>
    <CNOR>2555</CNOR>
    <CSUD>3493</CSUD>
    <NORD>14636</NORD>
    <SARD>737</SARD>
    <SICI>1502</SICI>
    <SUD>2101</SUD>
  </marketintervaldetail>
  <marketintervaldetail>
    <Data>20180522</Data>
    <Mercato>MGP</Mercato>
    <Ora>06</Ora>
    <Totale>26098</Totale>
    <CNOR>2664</CNOR>
    <CSUD>3631</CSUD>
    <NORD>15341</NORD>
    <SARD>768</SARD>
    <SICI>1519</SICI>
    <SUD>2175</SUD>
  </marketintervaldetail>
  <marketintervaldetail>
    <Data>20180522</Data>
    <Mercato>MGP</Mercato>
    <Ora>07</Ora>
    <Totale>29398</Totale>
    <CNOR>2977</CNOR>
    <CSUD>3961</CSUD>
    <NORD>17752</NORD>
    <SARD>813</SARD>
    <SICI>1577</SICI>
    <SUD>2318</SUD>
  </marketintervaldetail>
  <marketintervaldetail>
    <Data>20180522</Data>
    <Mercato>MGP</Mercato>
    <Ora>08</Ora>
    <Totale>35098</Totale>
    <CNOR>3680</CNOR>
    <CSUD>4780</CSUD>
    <NORD>21225</NORD>
    <SARD>896</SARD>
    <SICI>1769</SICI>
    <SUD>2748</SUD>
  </marketintervaldetail>
  <marketintervaldetail>
    <Data>20180522</Data>
    <Mercato>MGP</Mercato>
    <Ora>09</Ora>
    <Totale>39513</Totale>
    <CNOR>4317</CNOR>
    <CSUD>5367</CSUD>
    <NORD>23797</NORD>
    <SARD>968</SARD>
    <SICI>1999</SICI>
    <SUD>3065</SUD>
  </marketintervaldetail>
  <marketintervaldetail>
    <Data>20180522</Data>
    <Mercato>MGP</Mercato>
    <Ora>10</Ora>
    <Totale>40811</Totale>
    <CNOR>4457</CNOR>
    <CSUD>5546</CSUD>
    <NORD>24287</NORD>
    <SARD>987</SARD>
    <SICI>2123</SICI>
    <SUD>3411</SUD>
  </marketintervaldetail>
  <marketintervaldetail>
    <Data>20180522</Data>
    <Mercato>MGP</Mercato>
    <Ora>11</Ora>
    <Totale>40616</Totale>
    <CNOR>4221</CNOR>
    <CSUD>5613</CSUD>
    <NORD>24582</NORD>
    <SARD>947</SARD>
    <SICI>2184</SICI>
    <SUD>3069</SUD>
  </marketintervaldetail>
  <marketintervaldetail>
    <Data>20180522</Data>
    <Mercato>MGP</Mercato>
    <Ora>12</Ora>
    <Totale>40732</Totale>
    <CNOR>4470</CNOR>
    <CSUD>5823</CSUD>
    <NORD>24264</NORD>
    <SARD>924</SARD>
    <SICI>2121</SICI>
    <SUD>3130</SUD>
  </marketintervaldetail>
  <marketintervaldetail>
    <Data>20180522</Data>
    <Mercato>MGP</Mercato>
    <Ora>13</Ora>
    <Totale>38489</Totale>
    <CNOR>4115</CNOR>
    <CSUD>5869</CSUD>
    <NORD>22442</NORD>
    <SARD>922</SARD>
    <SICI>2237</SICI>
    <SUD>2904</SUD>
  </marketintervaldetail>
  <marketintervaldetail>
    <Data>20180522</Data>
    <Mercato>MGP</Mercato>
    <Ora>14</Ora>
    <Totale>38620</Totale>
    <CNOR>4129</CNOR>
    <CSUD>5772</CSUD>
    <NORD>22776</NORD>
    <SARD>897</SARD>
    <SICI>2119</SICI>
    <SUD>2927</SUD>
  </marketintervaldetail>
  <marketintervaldetail>
    <Data>20180522</Data>
    <Mercato>MGP</Mercato>
    <Ora>15</Ora>
    <Totale>40051</Totale>
    <CNOR>4291</CNOR>
    <CSUD>5931</CSUD>
    <NORD>23938</NORD>
    <SARD>871</SARD>
    <SICI>2076</SICI>
    <SUD>2944</SUD>
  </marketintervaldetail>
  <marketintervaldetail>
    <Data>20180522</Data>
    <Mercato>MGP</Mercato>
    <Ora>16</Ora>
    <Totale>40091</Totale>
    <CNOR>4335</CNOR>
    <CSUD>5866</CSUD>
    <NORD>24025</NORD>
    <SARD>870</SARD>
    <SICI>1969</SICI>
    <SUD>3026</SUD>
  </marketintervaldetail>
  <marketintervaldetail>
    <Data>20180522</Data>
    <Mercato>MGP</Mercato>
    <Ora>17</Ora>
    <Totale>40031</Totale>
    <CNOR>4479</CNOR>
    <CSUD>5803</CSUD>
    <NORD>23750</NORD>
    <SARD>902</SARD>
    <SICI>1975</SICI>
    <SUD>3122</SUD>
  </marketintervaldetail>
  <marketintervaldetail>
    <Data>20180522</Data>
    <Mercato>MGP</Mercato>
    <Ora>18</Ora>
    <Totale>38952</Totale>
    <CNOR>4340</CNOR>
    <CSUD>5746</CSUD>
    <NORD>22889</NORD>
    <SARD>954</SARD>
    <SICI>1966</SICI>
    <SUD>3057</SUD>
  </marketintervaldetail>
  <marketintervaldetail>
    <Data>20180522</Data>
    <Mercato>MGP</Mercato>
    <Ora>19</Ora>
    <Totale>37699</Totale>
    <CNOR>4105</CNOR>
    <CSUD>5623</CSUD>
    <NORD>21899</NORD>
    <SARD>1001</SARD>
    <SICI>2035</SICI>
    <SUD>3036</SUD>
  </marketintervaldetail>
  <marketintervaldetail>
    <Data>20180522</Data>
    <Mercato>MGP</Mercato>
    <Ora>20</Ora>
    <Totale>37946</Totale>
    <CNOR>4177</CNOR>
    <CSUD>5665</CSUD>
    <NORD>21815</NORD>
    <SARD>1018</SARD>
    <SICI>2123</SICI>
    <SUD>3148</SUD>
  </marketintervaldetail>
  <marketintervaldetail>
    <Data>20180522</Data>
    <Mercato>MGP</Mercato>
    <Ora>21</Ora>
    <Totale>38500</Totale>
    <CNOR>4148</CNOR>
    <CSUD>5873</CSUD>
    <NORD>21545</NORD>
    <SARD>1055</SARD>
    <SICI>2426</SICI>
    <SUD>3453</SUD>
  </marketintervaldetail>
  <marketintervaldetail>
    <Data>20180522</Data>
    <Mercato>MGP</Mercato>
    <Ora>22</Ora>
    <Totale>37550</Totale>
    <CNOR>4057</CNOR>
    <CSUD>5789</CSUD>
    <NORD>20931</NORD>
    <SARD>1037</SARD>
    <SICI>2339</SICI>
    <SUD>3397</SUD>
  </marketintervaldetail>
  <marketintervaldetail>
    <Data>20180522</Data>
    <Mercato>MGP</Mercato>
    <Ora>23</Ora>
    <Totale>33872</Totale>
    <CNOR>3674</CNOR>
    <CSUD>5192</CSUD>
    <NORD>18947</NORD>
    <SARD>942</SARD>
    <SICI>2119</SICI>
    <SUD>2998</SUD>
  </marketintervaldetail>
  <marketintervaldetail>
    <Data>20180522</Data>
    <Mercato>MGP</Mercato>
    <Ora>24</Ora>
    <Totale>30707</Totale>
    <CNOR>3275</CNOR>
    <CSUD>4658</CSUD>
    <NORD>17254</NORD>
    <SARD>864</SARD>
    <SICI>1924</SICI>
    <SUD>2732</SUD>
  </marketintervaldetail>
</NewDataSet>