<?xml version="1.0" standalone="yes"?>
<NewDataSet>
  <xs:schema id="NewDataSet" xmlns="" xmlns:xs="http://www.w3.org/2001/XMLSchema" xmlns:msdata="urn:schemas-microsoft-com:xml-msdata">
    <xs:element name="NewDataSet" msdata:IsDataSet="true" msdata:MainDataTable="marketintervaldetail" msdata:UseCurrentLocale="true">
      <xs:complexType>
        <xs:choice minOccurs="0" maxOccurs="unbounded">
          <xs:element name="marketintervaldetail">
            <xs:complexType>
              <xs:sequence>
                <xs:element name="Data" type="xs:string" minOccurs="0" />
                <xs:element name="Mercato" type="xs:string" minOccurs="0" />
                <xs:element name="Ora" type="xs:string" minOccurs="0" />
                <xs:element name="Totale" type="xs:string" minOccurs="0" />
                <xs:element name="CNOR" type="xs:string" minOccurs="0" />
                <xs:element name="CSUD" type="xs:string" minOccurs="0" />
                <xs:element name="NORD" type="xs:string" minOccurs="0" />
                <xs:element name="SARD" type="xs:string" minOccurs="0" />
                <xs:element name="SICI" type="xs:string" minOccurs="0" />
                <xs:element name="SUD" type="xs:string" minOccurs="0" />
              </xs:sequence>
            </xs:complexType>
          </xs:element>
        </xs:choice>
      </xs:complexType>
    </xs:element>
  </xs:schema>
  <marketintervaldetail>
    <Data>20180508</Data>
    <Mercato>MGP</Mercato>
    <Ora>01</Ora>
    <Totale>27468</Totale>
    <CNOR>2940</CNOR>
    <CSUD>3974</CSUD>
    <NORD>15644</NORD>
    <SARD>911</SARD>
    <SICI>1553</SICI>
    <SUD>2446</SUD>
  </marketintervaldetail>
  <marketintervaldetail>
    <Data>20180508</Data>
    <Mercato>MGP</Mercato>
    <Ora>02</Ora>
    <Totale>25847</Totale>
    <CNOR>2759</CNOR>
    <CSUD>3653</CSUD>
    <NORD>14932</NORD>
    <SARD>860</SARD>
    <SICI>1411</SICI>
    <SUD>2232</SUD>
  </marketintervaldetail>
  <marketintervaldetail>
    <Data>20180508</Data>
    <Mercato>MGP</Mercato>
    <Ora>03</Ora>
    <Totale>24998</Totale>
    <CNOR>2673</CNOR>
    <CSUD>3458</CSUD>
    <NORD>14489</NORD>
    <SARD>841</SARD>
    <SICI>1356</SICI>
    <SUD>2181</SUD>
  </marketintervaldetail>
  <marketintervaldetail>
    <Data>20180508</Data>
    <Mercato>MGP</Mercato>
    <Ora>04</Ora>
    <Totale>24672</Totale>
    <CNOR>2610</CNOR>
    <CSUD>3405</CSUD>
    <NORD>14304</NORD>
    <SARD>835</SARD>
    <SICI>1333</SICI>
    <SUD>2185</SUD>
  </marketintervaldetail>
  <marketintervaldetail>
    <Data>20180508</Data>
    <Mercato>MGP</Mercato>
    <Ora>05</Ora>
    <Totale>24894</Totale>
    <CNOR>2653</CNOR>
    <CSUD>3469</CSUD>
    <NORD>14413</NORD>
    <SARD>817</SARD>
    <SICI>1356</SICI>
    <SUD>2186</SUD>
  </marketintervaldetail>
  <marketintervaldetail>
    <Data>20180508</Data>
    <Mercato>MGP</Mercato>
    <Ora>06</Ora>
    <Totale>26068</Totale>
    <CNOR>2763</CNOR>
    <CSUD>3654</CSUD>
    <NORD>15217</NORD>
    <SARD>837</SARD>
    <SICI>1412</SICI>
    <SUD>2185</SUD>
  </marketintervaldetail>
  <marketintervaldetail>
    <Data>20180508</Data>
    <Mercato>MGP</Mercato>
    <Ora>07</Ora>
    <Totale>29010</Totale>
    <CNOR>3120</CNOR>
    <CSUD>4042</CSUD>
    <NORD>17232</NORD>
    <SARD>905</SARD>
    <SICI>1471</SICI>
    <SUD>2240</SUD>
  </marketintervaldetail>
  <marketintervaldetail>
    <Data>20180508</Data>
    <Mercato>MGP</Mercato>
    <Ora>08</Ora>
    <Totale>34752</Totale>
    <CNOR>3794</CNOR>
    <CSUD>4852</CSUD>
    <NORD>20738</NORD>
    <SARD>1025</SARD>
    <SICI>1710</SICI>
    <SUD>2633</SUD>
  </marketintervaldetail>
  <marketintervaldetail>
    <Data>20180508</Data>
    <Mercato>MGP</Mercato>
    <Ora>09</Ora>
    <Totale>39691</Totale>
    <CNOR>4377</CNOR>
    <CSUD>5461</CSUD>
    <NORD>23939</NORD>
    <SARD>1064</SARD>
    <SICI>1847</SICI>
    <SUD>3003</SUD>
  </marketintervaldetail>
  <marketintervaldetail>
    <Data>20180508</Data>
    <Mercato>MGP</Mercato>
    <Ora>10</Ora>
    <Totale>41077</Totale>
    <CNOR>4606</CNOR>
    <CSUD>5770</CSUD>
    <NORD>24875</NORD>
    <SARD>1030</SARD>
    <SICI>1836</SICI>
    <SUD>2960</SUD>
  </marketintervaldetail>
  <marketintervaldetail>
    <Data>20180508</Data>
    <Mercato>MGP</Mercato>
    <Ora>11</Ora>
    <Totale>40928</Totale>
    <CNOR>4627</CNOR>
    <CSUD>5900</CSUD>
    <NORD>24755</NORD>
    <SARD>992</SARD>
    <SICI>1779</SICI>
    <SUD>2875</SUD>
  </marketintervaldetail>
  <marketintervaldetail>
    <Data>20180508</Data>
    <Mercato>MGP</Mercato>
    <Ora>12</Ora>
    <Totale>40877</Totale>
    <CNOR>4465</CNOR>
    <CSUD>5892</CSUD>
    <NORD>24833</NORD>
    <SARD>1023</SARD>
    <SICI>1825</SICI>
    <SUD>2839</SUD>
  </marketintervaldetail>
  <marketintervaldetail>
    <Data>20180508</Data>
    <Mercato>MGP</Mercato>
    <Ora>13</Ora>
    <Totale>39206</Totale>
    <CNOR>4435</CNOR>
    <CSUD>5993</CSUD>
    <NORD>23173</NORD>
    <SARD>1032</SARD>
    <SICI>1810</SICI>
    <SUD>2763</SUD>
  </marketintervaldetail>
  <marketintervaldetail>
    <Data>20180508</Data>
    <Mercato>MGP</Mercato>
    <Ora>14</Ora>
    <Totale>37865</Totale>
    <CNOR>4008</CNOR>
    <CSUD>5642</CSUD>
    <NORD>22799</NORD>
    <SARD>997</SARD>
    <SICI>1788</SICI>
    <SUD>2631</SUD>
  </marketintervaldetail>
  <marketintervaldetail>
    <Data>20180508</Data>
    <Mercato>MGP</Mercato>
    <Ora>15</Ora>
    <Totale>38876</Totale>
    <CNOR>4040</CNOR>
    <CSUD>5528</CSUD>
    <NORD>23425</NORD>
    <SARD>976</SARD>
    <SICI>1863</SICI>
    <SUD>3044</SUD>
  </marketintervaldetail>
  <marketintervaldetail>
    <Data>20180508</Data>
    <Mercato>MGP</Mercato>
    <Ora>16</Ora>
    <Totale>39220</Totale>
    <CNOR>4127</CNOR>
    <CSUD>5719</CSUD>
    <NORD>23559</NORD>
    <SARD>982</SARD>
    <SICI>1812</SICI>
    <SUD>3021</SUD>
  </marketintervaldetail>
  <marketintervaldetail>
    <Data>20180508</Data>
    <Mercato>MGP</Mercato>
    <Ora>17</Ora>
    <Totale>39477</Totale>
    <CNOR>4365</CNOR>
    <CSUD>5737</CSUD>
    <NORD>23514</NORD>
    <SARD>1012</SARD>
    <SICI>1823</SICI>
    <SUD>3026</SUD>
  </marketintervaldetail>
  <marketintervaldetail>
    <Data>20180508</Data>
    <Mercato>MGP</Mercato>
    <Ora>18</Ora>
    <Totale>38204</Totale>
    <CNOR>4175</CNOR>
    <CSUD>5587</CSUD>
    <NORD>22517</NORD>
    <SARD>1043</SARD>
    <SICI>1841</SICI>
    <SUD>3041</SUD>
  </marketintervaldetail>
  <marketintervaldetail>
    <Data>20180508</Data>
    <Mercato>MGP</Mercato>
    <Ora>19</Ora>
    <Totale>37487</Totale>
    <CNOR>4194</CNOR>
    <CSUD>5621</CSUD>
    <NORD>21706</NORD>
    <SARD>1057</SARD>
    <SICI>1897</SICI>
    <SUD>3012</SUD>
  </marketintervaldetail>
  <marketintervaldetail>
    <Data>20180508</Data>
    <Mercato>MGP</Mercato>
    <Ora>20</Ora>
    <Totale>37993</Totale>
    <CNOR>4265</CNOR>
    <CSUD>5840</CSUD>
    <NORD>21659</NORD>
    <SARD>1086</SARD>
    <SICI>2088</SICI>
    <SUD>3055</SUD>
  </marketintervaldetail>
  <marketintervaldetail>
    <Data>20180508</Data>
    <Mercato>MGP</Mercato>
    <Ora>21</Ora>
    <Totale>38854</Totale>
    <CNOR>4201</CNOR>
    <CSUD>5971</CSUD>
    <NORD>21888</NORD>
    <SARD>1154</SARD>
    <SICI>2335</SICI>
    <SUD>3305</SUD>
  </marketintervaldetail>
  <marketintervaldetail>
    <Data>20180508</Data>
    <Mercato>MGP</Mercato>
    <Ora>22</Ora>
    <Totale>37947</Totale>
    <CNOR>4138</CNOR>
    <CSUD>5714</CSUD>
    <NORD>21530</NORD>
    <SARD>1124</SARD>
    <SICI>2256</SICI>
    <SUD>3185</SUD>
  </marketintervaldetail>
  <marketintervaldetail>
    <Data>20180508</Data>
    <Mercato>MGP</Mercato>
    <Ora>23</Ora>
    <Totale>34455</Totale>
    <CNOR>3705</CNOR>
    <CSUD>5227</CSUD>
    <NORD>19475</NORD>
    <SARD>1060</SARD>
    <SICI>2066</SICI>
    <SUD>2922</SUD>
  </marketintervaldetail>
  <marketintervaldetail>
    <Data>20180508</Data>
    <Mercato>MGP</Mercato>
    <Ora>24</Ora>
    <Totale>31261</Totale>
    <CNOR>3346</CNOR>
    <CSUD>4657</CSUD>
    <NORD>17763</NORD>
    <SARD>981</SARD>
    <SICI>1850</SICI>
    <SUD>2664</SUD>
  </marketintervaldetail>
</NewDataSet>