<?xml version="1.0" standalone="yes"?>
<NewDataSet>
  <xs:schema id="NewDataSet" xmlns="" xmlns:xs="http://www.w3.org/2001/XMLSchema" xmlns:msdata="urn:schemas-microsoft-com:xml-msdata">
    <xs:element name="NewDataSet" msdata:IsDataSet="true" msdata:MainDataTable="marketintervaldetail" msdata:UseCurrentLocale="true">
      <xs:complexType>
        <xs:choice minOccurs="0" maxOccurs="unbounded">
          <xs:element name="marketintervaldetail">
            <xs:complexType>
              <xs:sequence>
                <xs:element name="Data" type="xs:string" minOccurs="0" />
                <xs:element name="Mercato" type="xs:string" minOccurs="0" />
                <xs:element name="Ora" type="xs:string" minOccurs="0" />
                <xs:element name="Totale" type="xs:string" minOccurs="0" />
                <xs:element name="CNOR" type="xs:string" minOccurs="0" />
                <xs:element name="CSUD" type="xs:string" minOccurs="0" />
                <xs:element name="NORD" type="xs:string" minOccurs="0" />
                <xs:element name="SARD" type="xs:string" minOccurs="0" />
                <xs:element name="SICI" type="xs:string" minOccurs="0" />
                <xs:element name="SUD" type="xs:string" minOccurs="0" />
              </xs:sequence>
            </xs:complexType>
          </xs:element>
        </xs:choice>
      </xs:complexType>
    </xs:element>
  </xs:schema>
  <marketintervaldetail>
    <Data>20180505</Data>
    <Mercato>MGP</Mercato>
    <Ora>01</Ora>
    <Totale>26679</Totale>
    <CNOR>2829</CNOR>
    <CSUD>4141</CSUD>
    <NORD>14814</NORD>
    <SARD>846</SARD>
    <SICI>1645</SICI>
    <SUD>2404</SUD>
  </marketintervaldetail>
  <marketintervaldetail>
    <Data>20180505</Data>
    <Mercato>MGP</Mercato>
    <Ora>02</Ora>
    <Totale>25067</Totale>
    <CNOR>2730</CNOR>
    <CSUD>3824</CSUD>
    <NORD>13878</NORD>
    <SARD>799</SARD>
    <SICI>1533</SICI>
    <SUD>2303</SUD>
  </marketintervaldetail>
  <marketintervaldetail>
    <Data>20180505</Data>
    <Mercato>MGP</Mercato>
    <Ora>03</Ora>
    <Totale>24013</Totale>
    <CNOR>2617</CNOR>
    <CSUD>3627</CSUD>
    <NORD>13273</NORD>
    <SARD>778</SARD>
    <SICI>1440</SICI>
    <SUD>2278</SUD>
  </marketintervaldetail>
  <marketintervaldetail>
    <Data>20180505</Data>
    <Mercato>MGP</Mercato>
    <Ora>04</Ora>
    <Totale>23526</Totale>
    <CNOR>2565</CNOR>
    <CSUD>3594</CSUD>
    <NORD>12983</NORD>
    <SARD>768</SARD>
    <SICI>1403</SICI>
    <SUD>2213</SUD>
  </marketintervaldetail>
  <marketintervaldetail>
    <Data>20180505</Data>
    <Mercato>MGP</Mercato>
    <Ora>05</Ora>
    <Totale>23473</Totale>
    <CNOR>2548</CNOR>
    <CSUD>3619</CSUD>
    <NORD>13010</NORD>
    <SARD>755</SARD>
    <SICI>1389</SICI>
    <SUD>2152</SUD>
  </marketintervaldetail>
  <marketintervaldetail>
    <Data>20180505</Data>
    <Mercato>MGP</Mercato>
    <Ora>06</Ora>
    <Totale>24080</Totale>
    <CNOR>2632</CNOR>
    <CSUD>3630</CSUD>
    <NORD>13403</NORD>
    <SARD>778</SARD>
    <SICI>1443</SICI>
    <SUD>2194</SUD>
  </marketintervaldetail>
  <marketintervaldetail>
    <Data>20180505</Data>
    <Mercato>MGP</Mercato>
    <Ora>07</Ora>
    <Totale>24454</Totale>
    <CNOR>2637</CNOR>
    <CSUD>3652</CSUD>
    <NORD>13570</NORD>
    <SARD>821</SARD>
    <SICI>1471</SICI>
    <SUD>2303</SUD>
  </marketintervaldetail>
  <marketintervaldetail>
    <Data>20180505</Data>
    <Mercato>MGP</Mercato>
    <Ora>08</Ora>
    <Totale>27099</Totale>
    <CNOR>2902</CNOR>
    <CSUD>4085</CSUD>
    <NORD>15086</NORD>
    <SARD>905</SARD>
    <SICI>1648</SICI>
    <SUD>2473</SUD>
  </marketintervaldetail>
  <marketintervaldetail>
    <Data>20180505</Data>
    <Mercato>MGP</Mercato>
    <Ora>09</Ora>
    <Totale>29718</Totale>
    <CNOR>3205</CNOR>
    <CSUD>4520</CSUD>
    <NORD>16456</NORD>
    <SARD>950</SARD>
    <SICI>1894</SICI>
    <SUD>2693</SUD>
  </marketintervaldetail>
  <marketintervaldetail>
    <Data>20180505</Data>
    <Mercato>MGP</Mercato>
    <Ora>10</Ora>
    <Totale>31698</Totale>
    <CNOR>3534</CNOR>
    <CSUD>4907</CSUD>
    <NORD>17557</NORD>
    <SARD>997</SARD>
    <SICI>2051</SICI>
    <SUD>2652</SUD>
  </marketintervaldetail>
  <marketintervaldetail>
    <Data>20180505</Data>
    <Mercato>MGP</Mercato>
    <Ora>11</Ora>
    <Totale>31776</Totale>
    <CNOR>3639</CNOR>
    <CSUD>5094</CSUD>
    <NORD>17507</NORD>
    <SARD>1014</SARD>
    <SICI>2084</SICI>
    <SUD>2438</SUD>
  </marketintervaldetail>
  <marketintervaldetail>
    <Data>20180505</Data>
    <Mercato>MGP</Mercato>
    <Ora>12</Ora>
    <Totale>30999</Totale>
    <CNOR>3589</CNOR>
    <CSUD>5091</CSUD>
    <NORD>16795</NORD>
    <SARD>1015</SARD>
    <SICI>2161</SICI>
    <SUD>2348</SUD>
  </marketintervaldetail>
  <marketintervaldetail>
    <Data>20180505</Data>
    <Mercato>MGP</Mercato>
    <Ora>13</Ora>
    <Totale>30053</Totale>
    <CNOR>3398</CNOR>
    <CSUD>5121</CSUD>
    <NORD>15930</NORD>
    <SARD>1013</SARD>
    <SICI>2082</SICI>
    <SUD>2509</SUD>
  </marketintervaldetail>
  <marketintervaldetail>
    <Data>20180505</Data>
    <Mercato>MGP</Mercato>
    <Ora>14</Ora>
    <Totale>28643</Totale>
    <CNOR>3158</CNOR>
    <CSUD>4902</CSUD>
    <NORD>15173</NORD>
    <SARD>962</SARD>
    <SICI>1971</SICI>
    <SUD>2477</SUD>
  </marketintervaldetail>
  <marketintervaldetail>
    <Data>20180505</Data>
    <Mercato>MGP</Mercato>
    <Ora>15</Ora>
    <Totale>27238</Totale>
    <CNOR>2978</CNOR>
    <CSUD>4803</CSUD>
    <NORD>14246</NORD>
    <SARD>950</SARD>
    <SICI>1749</SICI>
    <SUD>2512</SUD>
  </marketintervaldetail>
  <marketintervaldetail>
    <Data>20180505</Data>
    <Mercato>MGP</Mercato>
    <Ora>16</Ora>
    <Totale>27234</Totale>
    <CNOR>2863</CNOR>
    <CSUD>4882</CSUD>
    <NORD>14162</NORD>
    <SARD>941</SARD>
    <SICI>1793</SICI>
    <SUD>2593</SUD>
  </marketintervaldetail>
  <marketintervaldetail>
    <Data>20180505</Data>
    <Mercato>MGP</Mercato>
    <Ora>17</Ora>
    <Totale>26962</Totale>
    <CNOR>2958</CNOR>
    <CSUD>4836</CSUD>
    <NORD>13930</NORD>
    <SARD>941</SARD>
    <SICI>1892</SICI>
    <SUD>2405</SUD>
  </marketintervaldetail>
  <marketintervaldetail>
    <Data>20180505</Data>
    <Mercato>MGP</Mercato>
    <Ora>18</Ora>
    <Totale>27989</Totale>
    <CNOR>3173</CNOR>
    <CSUD>4918</CSUD>
    <NORD>14433</NORD>
    <SARD>979</SARD>
    <SICI>1972</SICI>
    <SUD>2514</SUD>
  </marketintervaldetail>
  <marketintervaldetail>
    <Data>20180505</Data>
    <Mercato>MGP</Mercato>
    <Ora>19</Ora>
    <Totale>29257</Totale>
    <CNOR>3339</CNOR>
    <CSUD>4989</CSUD>
    <NORD>15205</NORD>
    <SARD>1006</SARD>
    <SICI>2081</SICI>
    <SUD>2637</SUD>
  </marketintervaldetail>
  <marketintervaldetail>
    <Data>20180505</Data>
    <Mercato>MGP</Mercato>
    <Ora>20</Ora>
    <Totale>30918</Totale>
    <CNOR>3498</CNOR>
    <CSUD>5098</CSUD>
    <NORD>16152</NORD>
    <SARD>1060</SARD>
    <SICI>2169</SICI>
    <SUD>2941</SUD>
  </marketintervaldetail>
  <marketintervaldetail>
    <Data>20180505</Data>
    <Mercato>MGP</Mercato>
    <Ora>21</Ora>
    <Totale>31882</Totale>
    <CNOR>3491</CNOR>
    <CSUD>5416</CSUD>
    <NORD>16511</NORD>
    <SARD>1047</SARD>
    <SICI>2186</SICI>
    <SUD>3231</SUD>
  </marketintervaldetail>
  <marketintervaldetail>
    <Data>20180505</Data>
    <Mercato>MGP</Mercato>
    <Ora>22</Ora>
    <Totale>30648</Totale>
    <CNOR>3244</CNOR>
    <CSUD>5232</CSUD>
    <NORD>15922</NORD>
    <SARD>1044</SARD>
    <SICI>2014</SICI>
    <SUD>3192</SUD>
  </marketintervaldetail>
  <marketintervaldetail>
    <Data>20180505</Data>
    <Mercato>MGP</Mercato>
    <Ora>23</Ora>
    <Totale>28586</Totale>
    <CNOR>2962</CNOR>
    <CSUD>4951</CSUD>
    <NORD>15114</NORD>
    <SARD>967</SARD>
    <SICI>1808</SICI>
    <SUD>2784</SUD>
  </marketintervaldetail>
  <marketintervaldetail>
    <Data>20180505</Data>
    <Mercato>MGP</Mercato>
    <Ora>24</Ora>
    <Totale>26023</Totale>
    <CNOR>2633</CNOR>
    <CSUD>4560</CSUD>
    <NORD>13761</NORD>
    <SARD>883</SARD>
    <SICI>1629</SICI>
    <SUD>2557</SUD>
  </marketintervaldetail>
</NewDataSet>