<?xml version="1.0" standalone="yes"?>
<NewDataSet>
  <xs:schema id="NewDataSet" xmlns="" xmlns:xs="http://www.w3.org/2001/XMLSchema" xmlns:msdata="urn:schemas-microsoft-com:xml-msdata">
    <xs:element name="NewDataSet" msdata:IsDataSet="true" msdata:MainDataTable="marketintervaldetail" msdata:UseCurrentLocale="true">
      <xs:complexType>
        <xs:choice minOccurs="0" maxOccurs="unbounded">
          <xs:element name="marketintervaldetail">
            <xs:complexType>
              <xs:sequence>
                <xs:element name="Data" type="xs:string" minOccurs="0" />
                <xs:element name="Mercato" type="xs:string" minOccurs="0" />
                <xs:element name="Ora" type="xs:string" minOccurs="0" />
                <xs:element name="Totale" type="xs:string" minOccurs="0" />
                <xs:element name="CNOR" type="xs:string" minOccurs="0" />
                <xs:element name="CSUD" type="xs:string" minOccurs="0" />
                <xs:element name="NORD" type="xs:string" minOccurs="0" />
                <xs:element name="SARD" type="xs:string" minOccurs="0" />
                <xs:element name="SICI" type="xs:string" minOccurs="0" />
                <xs:element name="SUD" type="xs:string" minOccurs="0" />
              </xs:sequence>
            </xs:complexType>
          </xs:element>
        </xs:choice>
      </xs:complexType>
    </xs:element>
  </xs:schema>
  <marketintervaldetail>
    <Data>20180503</Data>
    <Mercato>MGP</Mercato>
    <Ora>01</Ora>
    <Totale>28051</Totale>
    <CNOR>2747</CNOR>
    <CSUD>4030</CSUD>
    <NORD>16012</NORD>
    <SARD>1071</SARD>
    <SICI>1731</SICI>
    <SUD>2460</SUD>
  </marketintervaldetail>
  <marketintervaldetail>
    <Data>20180503</Data>
    <Mercato>MGP</Mercato>
    <Ora>02</Ora>
    <Totale>26240</Totale>
    <CNOR>2510</CNOR>
    <CSUD>3772</CSUD>
    <NORD>14989</NORD>
    <SARD>1047</SARD>
    <SICI>1590</SICI>
    <SUD>2332</SUD>
  </marketintervaldetail>
  <marketintervaldetail>
    <Data>20180503</Data>
    <Mercato>MGP</Mercato>
    <Ora>03</Ora>
    <Totale>25370</Totale>
    <CNOR>2461</CNOR>
    <CSUD>3617</CSUD>
    <NORD>14547</NORD>
    <SARD>1043</SARD>
    <SICI>1503</SICI>
    <SUD>2199</SUD>
  </marketintervaldetail>
  <marketintervaldetail>
    <Data>20180503</Data>
    <Mercato>MGP</Mercato>
    <Ora>04</Ora>
    <Totale>25058</Totale>
    <CNOR>2417</CNOR>
    <CSUD>3618</CSUD>
    <NORD>14374</NORD>
    <SARD>1033</SARD>
    <SICI>1499</SICI>
    <SUD>2117</SUD>
  </marketintervaldetail>
  <marketintervaldetail>
    <Data>20180503</Data>
    <Mercato>MGP</Mercato>
    <Ora>05</Ora>
    <Totale>25182</Totale>
    <CNOR>2422</CNOR>
    <CSUD>3658</CSUD>
    <NORD>14468</NORD>
    <SARD>1025</SARD>
    <SICI>1512</SICI>
    <SUD>2097</SUD>
  </marketintervaldetail>
  <marketintervaldetail>
    <Data>20180503</Data>
    <Mercato>MGP</Mercato>
    <Ora>06</Ora>
    <Totale>26589</Totale>
    <CNOR>2567</CNOR>
    <CSUD>3858</CSUD>
    <NORD>15380</NORD>
    <SARD>1050</SARD>
    <SICI>1556</SICI>
    <SUD>2178</SUD>
  </marketintervaldetail>
  <marketintervaldetail>
    <Data>20180503</Data>
    <Mercato>MGP</Mercato>
    <Ora>07</Ora>
    <Totale>29583</Totale>
    <CNOR>2982</CNOR>
    <CSUD>4157</CSUD>
    <NORD>17512</NORD>
    <SARD>1087</SARD>
    <SICI>1609</SICI>
    <SUD>2236</SUD>
  </marketintervaldetail>
  <marketintervaldetail>
    <Data>20180503</Data>
    <Mercato>MGP</Mercato>
    <Ora>08</Ora>
    <Totale>35080</Totale>
    <CNOR>3573</CNOR>
    <CSUD>4892</CSUD>
    <NORD>21070</NORD>
    <SARD>1086</SARD>
    <SICI>1853</SICI>
    <SUD>2606</SUD>
  </marketintervaldetail>
  <marketintervaldetail>
    <Data>20180503</Data>
    <Mercato>MGP</Mercato>
    <Ora>09</Ora>
    <Totale>39900</Totale>
    <CNOR>4149</CNOR>
    <CSUD>5478</CSUD>
    <NORD>24227</NORD>
    <SARD>1087</SARD>
    <SICI>2036</SICI>
    <SUD>2923</SUD>
  </marketintervaldetail>
  <marketintervaldetail>
    <Data>20180503</Data>
    <Mercato>MGP</Mercato>
    <Ora>10</Ora>
    <Totale>41268</Totale>
    <CNOR>4361</CNOR>
    <CSUD>5834</CSUD>
    <NORD>25016</NORD>
    <SARD>1056</SARD>
    <SICI>2066</SICI>
    <SUD>2935</SUD>
  </marketintervaldetail>
  <marketintervaldetail>
    <Data>20180503</Data>
    <Mercato>MGP</Mercato>
    <Ora>11</Ora>
    <Totale>41377</Totale>
    <CNOR>4400</CNOR>
    <CSUD>5896</CSUD>
    <NORD>25046</NORD>
    <SARD>1059</SARD>
    <SICI>2087</SICI>
    <SUD>2889</SUD>
  </marketintervaldetail>
  <marketintervaldetail>
    <Data>20180503</Data>
    <Mercato>MGP</Mercato>
    <Ora>12</Ora>
    <Totale>41302</Totale>
    <CNOR>4293</CNOR>
    <CSUD>5896</CSUD>
    <NORD>25016</NORD>
    <SARD>1067</SARD>
    <SICI>2119</SICI>
    <SUD>2911</SUD>
  </marketintervaldetail>
  <marketintervaldetail>
    <Data>20180503</Data>
    <Mercato>MGP</Mercato>
    <Ora>13</Ora>
    <Totale>38625</Totale>
    <CNOR>3886</CNOR>
    <CSUD>5816</CSUD>
    <NORD>22983</NORD>
    <SARD>1009</SARD>
    <SICI>2028</SICI>
    <SUD>2903</SUD>
  </marketintervaldetail>
  <marketintervaldetail>
    <Data>20180503</Data>
    <Mercato>MGP</Mercato>
    <Ora>14</Ora>
    <Totale>37957</Totale>
    <CNOR>3629</CNOR>
    <CSUD>5558</CSUD>
    <NORD>22960</NORD>
    <SARD>1023</SARD>
    <SICI>1884</SICI>
    <SUD>2903</SUD>
  </marketintervaldetail>
  <marketintervaldetail>
    <Data>20180503</Data>
    <Mercato>MGP</Mercato>
    <Ora>15</Ora>
    <Totale>38955</Totale>
    <CNOR>3674</CNOR>
    <CSUD>5785</CSUD>
    <NORD>23715</NORD>
    <SARD>1104</SARD>
    <SICI>1845</SICI>
    <SUD>2832</SUD>
  </marketintervaldetail>
  <marketintervaldetail>
    <Data>20180503</Data>
    <Mercato>MGP</Mercato>
    <Ora>16</Ora>
    <Totale>39297</Totale>
    <CNOR>3827</CNOR>
    <CSUD>5985</CSUD>
    <NORD>23626</NORD>
    <SARD>1145</SARD>
    <SICI>1831</SICI>
    <SUD>2883</SUD>
  </marketintervaldetail>
  <marketintervaldetail>
    <Data>20180503</Data>
    <Mercato>MGP</Mercato>
    <Ora>17</Ora>
    <Totale>39575</Totale>
    <CNOR>4082</CNOR>
    <CSUD>5950</CSUD>
    <NORD>23532</NORD>
    <SARD>1150</SARD>
    <SICI>1865</SICI>
    <SUD>2996</SUD>
  </marketintervaldetail>
  <marketintervaldetail>
    <Data>20180503</Data>
    <Mercato>MGP</Mercato>
    <Ora>18</Ora>
    <Totale>38730</Totale>
    <CNOR>3920</CNOR>
    <CSUD>5803</CSUD>
    <NORD>22819</NORD>
    <SARD>1154</SARD>
    <SICI>1918</SICI>
    <SUD>3116</SUD>
  </marketintervaldetail>
  <marketintervaldetail>
    <Data>20180503</Data>
    <Mercato>MGP</Mercato>
    <Ora>19</Ora>
    <Totale>38022</Totale>
    <CNOR>3941</CNOR>
    <CSUD>5708</CSUD>
    <NORD>22094</NORD>
    <SARD>1147</SARD>
    <SICI>1994</SICI>
    <SUD>3138</SUD>
  </marketintervaldetail>
  <marketintervaldetail>
    <Data>20180503</Data>
    <Mercato>MGP</Mercato>
    <Ora>20</Ora>
    <Totale>38206</Totale>
    <CNOR>3941</CNOR>
    <CSUD>5626</CSUD>
    <NORD>21962</NORD>
    <SARD>1177</SARD>
    <SICI>2125</SICI>
    <SUD>3375</SUD>
  </marketintervaldetail>
  <marketintervaldetail>
    <Data>20180503</Data>
    <Mercato>MGP</Mercato>
    <Ora>21</Ora>
    <Totale>38645</Totale>
    <CNOR>4007</CNOR>
    <CSUD>5975</CSUD>
    <NORD>21510</NORD>
    <SARD>1218</SARD>
    <SICI>2313</SICI>
    <SUD>3622</SUD>
  </marketintervaldetail>
  <marketintervaldetail>
    <Data>20180503</Data>
    <Mercato>MGP</Mercato>
    <Ora>22</Ora>
    <Totale>36957</Totale>
    <CNOR>3923</CNOR>
    <CSUD>5599</CSUD>
    <NORD>20622</NORD>
    <SARD>1190</SARD>
    <SICI>2209</SICI>
    <SUD>3414</SUD>
  </marketintervaldetail>
  <marketintervaldetail>
    <Data>20180503</Data>
    <Mercato>MGP</Mercato>
    <Ora>23</Ora>
    <Totale>33649</Totale>
    <CNOR>3480</CNOR>
    <CSUD>5189</CSUD>
    <NORD>18835</NORD>
    <SARD>1112</SARD>
    <SICI>1999</SICI>
    <SUD>3034</SUD>
  </marketintervaldetail>
  <marketintervaldetail>
    <Data>20180503</Data>
    <Mercato>MGP</Mercato>
    <Ora>24</Ora>
    <Totale>30477</Totale>
    <CNOR>3033</CNOR>
    <CSUD>4601</CSUD>
    <NORD>17099</NORD>
    <SARD>1066</SARD>
    <SICI>1830</SICI>
    <SUD>2848</SUD>
  </marketintervaldetail>
</NewDataSet>