<?xml version="1.0" standalone="yes"?>
<NewDataSet>
  <xs:schema id="NewDataSet" xmlns="" xmlns:xs="http://www.w3.org/2001/XMLSchema" xmlns:msdata="urn:schemas-microsoft-com:xml-msdata">
    <xs:element name="NewDataSet" msdata:IsDataSet="true" msdata:MainDataTable="marketintervaldetail" msdata:UseCurrentLocale="true">
      <xs:complexType>
        <xs:choice minOccurs="0" maxOccurs="unbounded">
          <xs:element name="marketintervaldetail">
            <xs:complexType>
              <xs:sequence>
                <xs:element name="Data" type="xs:string" minOccurs="0" />
                <xs:element name="Mercato" type="xs:string" minOccurs="0" />
                <xs:element name="Ora" type="xs:string" minOccurs="0" />
                <xs:element name="Totale" type="xs:string" minOccurs="0" />
                <xs:element name="CNOR" type="xs:string" minOccurs="0" />
                <xs:element name="CSUD" type="xs:string" minOccurs="0" />
                <xs:element name="NORD" type="xs:string" minOccurs="0" />
                <xs:element name="SARD" type="xs:string" minOccurs="0" />
                <xs:element name="SICI" type="xs:string" minOccurs="0" />
                <xs:element name="SUD" type="xs:string" minOccurs="0" />
              </xs:sequence>
            </xs:complexType>
          </xs:element>
        </xs:choice>
      </xs:complexType>
    </xs:element>
  </xs:schema>
  <marketintervaldetail>
    <Data>20180515</Data>
    <Mercato>MGP</Mercato>
    <Ora>01</Ora>
    <Totale>27626</Totale>
    <CNOR>2771</CNOR>
    <CSUD>4178</CSUD>
    <NORD>15740</NORD>
    <SARD>1045</SARD>
    <SICI>1711</SICI>
    <SUD>2181</SUD>
  </marketintervaldetail>
  <marketintervaldetail>
    <Data>20180515</Data>
    <Mercato>MGP</Mercato>
    <Ora>02</Ora>
    <Totale>25826</Totale>
    <CNOR>2579</CNOR>
    <CSUD>3860</CSUD>
    <NORD>14765</NORD>
    <SARD>1000</SARD>
    <SICI>1598</SICI>
    <SUD>2024</SUD>
  </marketintervaldetail>
  <marketintervaldetail>
    <Data>20180515</Data>
    <Mercato>MGP</Mercato>
    <Ora>03</Ora>
    <Totale>24878</Totale>
    <CNOR>2514</CNOR>
    <CSUD>3673</CSUD>
    <NORD>14244</NORD>
    <SARD>970</SARD>
    <SICI>1523</SICI>
    <SUD>1954</SUD>
  </marketintervaldetail>
  <marketintervaldetail>
    <Data>20180515</Data>
    <Mercato>MGP</Mercato>
    <Ora>04</Ora>
    <Totale>24637</Totale>
    <CNOR>2500</CNOR>
    <CSUD>3551</CSUD>
    <NORD>14196</NORD>
    <SARD>959</SARD>
    <SICI>1488</SICI>
    <SUD>1943</SUD>
  </marketintervaldetail>
  <marketintervaldetail>
    <Data>20180515</Data>
    <Mercato>MGP</Mercato>
    <Ora>05</Ora>
    <Totale>24963</Totale>
    <CNOR>2496</CNOR>
    <CSUD>3596</CSUD>
    <NORD>14466</NORD>
    <SARD>964</SARD>
    <SICI>1481</SICI>
    <SUD>1960</SUD>
  </marketintervaldetail>
  <marketintervaldetail>
    <Data>20180515</Data>
    <Mercato>MGP</Mercato>
    <Ora>06</Ora>
    <Totale>26373</Totale>
    <CNOR>2670</CNOR>
    <CSUD>3769</CSUD>
    <NORD>15407</NORD>
    <SARD>992</SARD>
    <SICI>1564</SICI>
    <SUD>1971</SUD>
  </marketintervaldetail>
  <marketintervaldetail>
    <Data>20180515</Data>
    <Mercato>MGP</Mercato>
    <Ora>07</Ora>
    <Totale>29403</Totale>
    <CNOR>2964</CNOR>
    <CSUD>4110</CSUD>
    <NORD>17504</NORD>
    <SARD>1071</SARD>
    <SICI>1665</SICI>
    <SUD>2089</SUD>
  </marketintervaldetail>
  <marketintervaldetail>
    <Data>20180515</Data>
    <Mercato>MGP</Mercato>
    <Ora>08</Ora>
    <Totale>35118</Totale>
    <CNOR>3641</CNOR>
    <CSUD>4868</CSUD>
    <NORD>20975</NORD>
    <SARD>1149</SARD>
    <SICI>2004</SICI>
    <SUD>2481</SUD>
  </marketintervaldetail>
  <marketintervaldetail>
    <Data>20180515</Data>
    <Mercato>MGP</Mercato>
    <Ora>09</Ora>
    <Totale>38711</Totale>
    <CNOR>4128</CNOR>
    <CSUD>5463</CSUD>
    <NORD>23129</NORD>
    <SARD>1187</SARD>
    <SICI>2161</SICI>
    <SUD>2643</SUD>
  </marketintervaldetail>
  <marketintervaldetail>
    <Data>20180515</Data>
    <Mercato>MGP</Mercato>
    <Ora>10</Ora>
    <Totale>39925</Totale>
    <CNOR>4255</CNOR>
    <CSUD>5686</CSUD>
    <NORD>23995</NORD>
    <SARD>1215</SARD>
    <SICI>2234</SICI>
    <SUD>2540</SUD>
  </marketintervaldetail>
  <marketintervaldetail>
    <Data>20180515</Data>
    <Mercato>MGP</Mercato>
    <Ora>11</Ora>
    <Totale>39935</Totale>
    <CNOR>4289</CNOR>
    <CSUD>5759</CSUD>
    <NORD>23911</NORD>
    <SARD>1130</SARD>
    <SICI>2134</SICI>
    <SUD>2712</SUD>
  </marketintervaldetail>
  <marketintervaldetail>
    <Data>20180515</Data>
    <Mercato>MGP</Mercato>
    <Ora>12</Ora>
    <Totale>40144</Totale>
    <CNOR>4277</CNOR>
    <CSUD>5798</CSUD>
    <NORD>24029</NORD>
    <SARD>990</SARD>
    <SICI>2166</SICI>
    <SUD>2884</SUD>
  </marketintervaldetail>
  <marketintervaldetail>
    <Data>20180515</Data>
    <Mercato>MGP</Mercato>
    <Ora>13</Ora>
    <Totale>37791</Totale>
    <CNOR>3939</CNOR>
    <CSUD>5658</CSUD>
    <NORD>22140</NORD>
    <SARD>934</SARD>
    <SICI>2102</SICI>
    <SUD>3018</SUD>
  </marketintervaldetail>
  <marketintervaldetail>
    <Data>20180515</Data>
    <Mercato>MGP</Mercato>
    <Ora>14</Ora>
    <Totale>37749</Totale>
    <CNOR>3877</CNOR>
    <CSUD>5857</CSUD>
    <NORD>22095</NORD>
    <SARD>963</SARD>
    <SICI>2007</SICI>
    <SUD>2950</SUD>
  </marketintervaldetail>
  <marketintervaldetail>
    <Data>20180515</Data>
    <Mercato>MGP</Mercato>
    <Ora>15</Ora>
    <Totale>39227</Totale>
    <CNOR>4174</CNOR>
    <CSUD>5978</CSUD>
    <NORD>23364</NORD>
    <SARD>985</SARD>
    <SICI>2014</SICI>
    <SUD>2712</SUD>
  </marketintervaldetail>
  <marketintervaldetail>
    <Data>20180515</Data>
    <Mercato>MGP</Mercato>
    <Ora>16</Ora>
    <Totale>39738</Totale>
    <CNOR>4435</CNOR>
    <CSUD>6002</CSUD>
    <NORD>23689</NORD>
    <SARD>961</SARD>
    <SICI>2045</SICI>
    <SUD>2606</SUD>
  </marketintervaldetail>
  <marketintervaldetail>
    <Data>20180515</Data>
    <Mercato>MGP</Mercato>
    <Ora>17</Ora>
    <Totale>40302</Totale>
    <CNOR>4565</CNOR>
    <CSUD>5990</CSUD>
    <NORD>24062</NORD>
    <SARD>967</SARD>
    <SICI>2042</SICI>
    <SUD>2676</SUD>
  </marketintervaldetail>
  <marketintervaldetail>
    <Data>20180515</Data>
    <Mercato>MGP</Mercato>
    <Ora>18</Ora>
    <Totale>39342</Totale>
    <CNOR>4479</CNOR>
    <CSUD>5727</CSUD>
    <NORD>23252</NORD>
    <SARD>984</SARD>
    <SICI>2080</SICI>
    <SUD>2820</SUD>
  </marketintervaldetail>
  <marketintervaldetail>
    <Data>20180515</Data>
    <Mercato>MGP</Mercato>
    <Ora>19</Ora>
    <Totale>38646</Totale>
    <CNOR>4265</CNOR>
    <CSUD>5621</CSUD>
    <NORD>22611</NORD>
    <SARD>1062</SARD>
    <SICI>2100</SICI>
    <SUD>2987</SUD>
  </marketintervaldetail>
  <marketintervaldetail>
    <Data>20180515</Data>
    <Mercato>MGP</Mercato>
    <Ora>20</Ora>
    <Totale>38811</Totale>
    <CNOR>4137</CNOR>
    <CSUD>5662</CSUD>
    <NORD>22583</NORD>
    <SARD>1133</SARD>
    <SICI>2211</SICI>
    <SUD>3085</SUD>
  </marketintervaldetail>
  <marketintervaldetail>
    <Data>20180515</Data>
    <Mercato>MGP</Mercato>
    <Ora>21</Ora>
    <Totale>39314</Totale>
    <CNOR>4056</CNOR>
    <CSUD>5892</CSUD>
    <NORD>22306</NORD>
    <SARD>1202</SARD>
    <SICI>2410</SICI>
    <SUD>3448</SUD>
  </marketintervaldetail>
  <marketintervaldetail>
    <Data>20180515</Data>
    <Mercato>MGP</Mercato>
    <Ora>22</Ora>
    <Totale>38432</Totale>
    <CNOR>4037</CNOR>
    <CSUD>5712</CSUD>
    <NORD>21848</NORD>
    <SARD>1192</SARD>
    <SICI>2339</SICI>
    <SUD>3304</SUD>
  </marketintervaldetail>
  <marketintervaldetail>
    <Data>20180515</Data>
    <Mercato>MGP</Mercato>
    <Ora>23</Ora>
    <Totale>34877</Totale>
    <CNOR>3712</CNOR>
    <CSUD>5207</CSUD>
    <NORD>19824</NORD>
    <SARD>1051</SARD>
    <SICI>2127</SICI>
    <SUD>2956</SUD>
  </marketintervaldetail>
  <marketintervaldetail>
    <Data>20180515</Data>
    <Mercato>MGP</Mercato>
    <Ora>24</Ora>
    <Totale>31334</Totale>
    <CNOR>3229</CNOR>
    <CSUD>4652</CSUD>
    <NORD>17983</NORD>
    <SARD>1028</SARD>
    <SICI>1862</SICI>
    <SUD>2580</SUD>
  </marketintervaldetail>
</NewDataSet>