<?xml version="1.0" standalone="yes"?>
<NewDataSet>
  <xs:schema id="NewDataSet" xmlns="" xmlns:xs="http://www.w3.org/2001/XMLSchema" xmlns:msdata="urn:schemas-microsoft-com:xml-msdata">
    <xs:element name="NewDataSet" msdata:IsDataSet="true" msdata:MainDataTable="Fabbisogno" msdata:UseCurrentLocale="true">
      <xs:complexType>
        <xs:choice minOccurs="0" maxOccurs="unbounded">
          <xs:element name="Fabbisogno">
            <xs:complexType>
              <xs:sequence>
                <xs:element name="Data" type="xs:string" minOccurs="0" />
                <xs:element name="Mercato" type="xs:string" minOccurs="0" />
                <xs:element name="Ora" type="xs:string" minOccurs="0" />
                <xs:element name="Totale" type="xs:string" minOccurs="0" />
                <xs:element name="CNOR" type="xs:string" minOccurs="0" />
                <xs:element name="CSUD" type="xs:string" minOccurs="0" />
                <xs:element name="NORD" type="xs:string" minOccurs="0" />
                <xs:element name="SARD" type="xs:string" minOccurs="0" />
                <xs:element name="SICI" type="xs:string" minOccurs="0" />
                <xs:element name="SUD" type="xs:string" minOccurs="0" />
              </xs:sequence>
            </xs:complexType>
          </xs:element>
        </xs:choice>
      </xs:complexType>
    </xs:element>
  </xs:schema>
  <Fabbisogno>
    <Data>20180514</Data>
    <Mercato>MGP</Mercato>
    <Ora>01</Ora>
    <Totale>23620</Totale>
    <CNOR>2351</CNOR>
    <CSUD>3810</CSUD>
    <NORD>12760</NORD>
    <SARD>988</SARD>
    <SICI>1610</SICI>
    <SUD>2101</SUD>
  </Fabbisogno>
  <Fabbisogno>
    <Data>20180514</Data>
    <Mercato>MGP</Mercato>
    <Ora>02</Ora>
    <Totale>22103</Totale>
    <CNOR>2182</CNOR>
    <CSUD>3490</CSUD>
    <NORD>12039</NORD>
    <SARD>951</SARD>
    <SICI>1504</SICI>
    <SUD>1937</SUD>
  </Fabbisogno>
  <Fabbisogno>
    <Data>20180514</Data>
    <Mercato>MGP</Mercato>
    <Ora>03</Ora>
    <Totale>21242</Totale>
    <CNOR>2082</CNOR>
    <CSUD>3304</CSUD>
    <NORD>11633</NORD>
    <SARD>927</SARD>
    <SICI>1431</SICI>
    <SUD>1865</SUD>
  </Fabbisogno>
  <Fabbisogno>
    <Data>20180514</Data>
    <Mercato>MGP</Mercato>
    <Ora>04</Ora>
    <Totale>20992</Totale>
    <CNOR>2057</CNOR>
    <CSUD>3186</CSUD>
    <NORD>11582</NORD>
    <SARD>919</SARD>
    <SICI>1402</SICI>
    <SUD>1846</SUD>
  </Fabbisogno>
  <Fabbisogno>
    <Data>20180514</Data>
    <Mercato>MGP</Mercato>
    <Ora>05</Ora>
    <Totale>21411</Totale>
    <CNOR>2054</CNOR>
    <CSUD>3225</CSUD>
    <NORD>11949</NORD>
    <SARD>921</SARD>
    <SICI>1389</SICI>
    <SUD>1873</SUD>
  </Fabbisogno>
  <Fabbisogno>
    <Data>20180514</Data>
    <Mercato>MGP</Mercato>
    <Ora>06</Ora>
    <Totale>22955</Totale>
    <CNOR>2230</CNOR>
    <CSUD>3362</CSUD>
    <NORD>13096</NORD>
    <SARD>943</SARD>
    <SICI>1457</SICI>
    <SUD>1867</SUD>
  </Fabbisogno>
  <Fabbisogno>
    <Data>20180514</Data>
    <Mercato>MGP</Mercato>
    <Ora>07</Ora>
    <Totale>26571</Totale>
    <CNOR>2617</CNOR>
    <CSUD>3792</CSUD>
    <NORD>15675</NORD>
    <SARD>1005</SARD>
    <SICI>1518</SICI>
    <SUD>1964</SUD>
  </Fabbisogno>
  <Fabbisogno>
    <Data>20180514</Data>
    <Mercato>MGP</Mercato>
    <Ora>08</Ora>
    <Totale>32654</Totale>
    <CNOR>3348</CNOR>
    <CSUD>4575</CSUD>
    <NORD>19391</NORD>
    <SARD>1084</SARD>
    <SICI>1842</SICI>
    <SUD>2414</SUD>
  </Fabbisogno>
  <Fabbisogno>
    <Data>20180514</Data>
    <Mercato>MGP</Mercato>
    <Ora>09</Ora>
    <Totale>37228</Totale>
    <CNOR>3940</CNOR>
    <CSUD>5200</CSUD>
    <NORD>22213</NORD>
    <SARD>1110</SARD>
    <SICI>2028</SICI>
    <SUD>2737</SUD>
  </Fabbisogno>
  <Fabbisogno>
    <Data>20180514</Data>
    <Mercato>MGP</Mercato>
    <Ora>10</Ora>
    <Totale>38770</Totale>
    <CNOR>4180</CNOR>
    <CSUD>5393</CSUD>
    <NORD>23298</NORD>
    <SARD>1105</SARD>
    <SICI>2079</SICI>
    <SUD>2715</SUD>
  </Fabbisogno>
  <Fabbisogno>
    <Data>20180514</Data>
    <Mercato>MGP</Mercato>
    <Ora>11</Ora>
    <Totale>38719</Totale>
    <CNOR>4173</CNOR>
    <CSUD>5466</CSUD>
    <NORD>23290</NORD>
    <SARD>1021</SARD>
    <SICI>2012</SICI>
    <SUD>2757</SUD>
  </Fabbisogno>
  <Fabbisogno>
    <Data>20180514</Data>
    <Mercato>MGP</Mercato>
    <Ora>12</Ora>
    <Totale>39113</Totale>
    <CNOR>4160</CNOR>
    <CSUD>5431</CSUD>
    <NORD>23745</NORD>
    <SARD>914</SARD>
    <SICI>2011</SICI>
    <SUD>2852</SUD>
  </Fabbisogno>
  <Fabbisogno>
    <Data>20180514</Data>
    <Mercato>MGP</Mercato>
    <Ora>13</Ora>
    <Totale>36651</Totale>
    <CNOR>3910</CNOR>
    <CSUD>5269</CSUD>
    <NORD>21739</NORD>
    <SARD>910</SARD>
    <SICI>1939</SICI>
    <SUD>2884</SUD>
  </Fabbisogno>
  <Fabbisogno>
    <Data>20180514</Data>
    <Mercato>MGP</Mercato>
    <Ora>14</Ora>
    <Totale>36788</Totale>
    <CNOR>3907</CNOR>
    <CSUD>5423</CSUD>
    <NORD>21730</NORD>
    <SARD>925</SARD>
    <SICI>1882</SICI>
    <SUD>2921</SUD>
  </Fabbisogno>
  <Fabbisogno>
    <Data>20180514</Data>
    <Mercato>MGP</Mercato>
    <Ora>15</Ora>
    <Totale>38210</Totale>
    <CNOR>4152</CNOR>
    <CSUD>5600</CSUD>
    <NORD>22778</NORD>
    <SARD>947</SARD>
    <SICI>1896</SICI>
    <SUD>2837</SUD>
  </Fabbisogno>
  <Fabbisogno>
    <Data>20180514</Data>
    <Mercato>MGP</Mercato>
    <Ora>16</Ora>
    <Totale>38759</Totale>
    <CNOR>4285</CNOR>
    <CSUD>5688</CSUD>
    <NORD>23325</NORD>
    <SARD>953</SARD>
    <SICI>1899</SICI>
    <SUD>2609</SUD>
  </Fabbisogno>
  <Fabbisogno>
    <Data>20180514</Data>
    <Mercato>MGP</Mercato>
    <Ora>17</Ora>
    <Totale>38911</Totale>
    <CNOR>4354</CNOR>
    <CSUD>5639</CSUD>
    <NORD>23431</NORD>
    <SARD>969</SARD>
    <SICI>1864</SICI>
    <SUD>2654</SUD>
  </Fabbisogno>
  <Fabbisogno>
    <Data>20180514</Data>
    <Mercato>MGP</Mercato>
    <Ora>18</Ora>
    <Totale>38581</Totale>
    <CNOR>4322</CNOR>
    <CSUD>5524</CSUD>
    <NORD>22993</NORD>
    <SARD>1002</SARD>
    <SICI>1878</SICI>
    <SUD>2862</SUD>
  </Fabbisogno>
  <Fabbisogno>
    <Data>20180514</Data>
    <Mercato>MGP</Mercato>
    <Ora>19</Ora>
    <Totale>37309</Totale>
    <CNOR>4048</CNOR>
    <CSUD>5341</CSUD>
    <NORD>22008</NORD>
    <SARD>1048</SARD>
    <SICI>1927</SICI>
    <SUD>2937</SUD>
  </Fabbisogno>
  <Fabbisogno>
    <Data>20180514</Data>
    <Mercato>MGP</Mercato>
    <Ora>20</Ora>
    <Totale>37404</Totale>
    <CNOR>3966</CNOR>
    <CSUD>5368</CSUD>
    <NORD>21867</NORD>
    <SARD>1097</SARD>
    <SICI>2066</SICI>
    <SUD>3040</SUD>
  </Fabbisogno>
  <Fabbisogno>
    <Data>20180514</Data>
    <Mercato>MGP</Mercato>
    <Ora>21</Ora>
    <Totale>38141</Totale>
    <CNOR>3967</CNOR>
    <CSUD>5691</CSUD>
    <NORD>21555</NORD>
    <SARD>1150</SARD>
    <SICI>2376</SICI>
    <SUD>3402</SUD>
  </Fabbisogno>
  <Fabbisogno>
    <Data>20180514</Data>
    <Mercato>MGP</Mercato>
    <Ora>22</Ora>
    <Totale>37755</Totale>
    <CNOR>3985</CNOR>
    <CSUD>5608</CSUD>
    <NORD>21423</NORD>
    <SARD>1142</SARD>
    <SICI>2297</SICI>
    <SUD>3300</SUD>
  </Fabbisogno>
  <Fabbisogno>
    <Data>20180514</Data>
    <Mercato>MGP</Mercato>
    <Ora>23</Ora>
    <Totale>34263</Totale>
    <CNOR>3705</CNOR>
    <CSUD>5129</CSUD>
    <NORD>19339</NORD>
    <SARD>1011</SARD>
    <SICI>2077</SICI>
    <SUD>3002</SUD>
  </Fabbisogno>
  <Fabbisogno>
    <Data>20180514</Data>
    <Mercato>MGP</Mercato>
    <Ora>24</Ora>
    <Totale>30783</Totale>
    <CNOR>3219</CNOR>
    <CSUD>4597</CSUD>
    <NORD>17505</NORD>
    <SARD>992</SARD>
    <SICI>1822</SICI>
    <SUD>2648</SUD>
  </Fabbisogno>
</NewDataSet>