<?xml version="1.0" standalone="yes"?>
<NewDataSet>
  <xs:schema id="NewDataSet" xmlns="" xmlns:xs="http://www.w3.org/2001/XMLSchema" xmlns:msdata="urn:schemas-microsoft-com:xml-msdata">
    <xs:element name="NewDataSet" msdata:IsDataSet="true" msdata:MainDataTable="marketintervaldetail" msdata:UseCurrentLocale="true">
      <xs:complexType>
        <xs:choice minOccurs="0" maxOccurs="unbounded">
          <xs:element name="marketintervaldetail">
            <xs:complexType>
              <xs:sequence>
                <xs:element name="Data" type="xs:string" minOccurs="0" />
                <xs:element name="Mercato" type="xs:string" minOccurs="0" />
                <xs:element name="Ora" type="xs:string" minOccurs="0" />
                <xs:element name="Totale" type="xs:string" minOccurs="0" />
                <xs:element name="CNOR" type="xs:string" minOccurs="0" />
                <xs:element name="CSUD" type="xs:string" minOccurs="0" />
                <xs:element name="NORD" type="xs:string" minOccurs="0" />
                <xs:element name="SARD" type="xs:string" minOccurs="0" />
                <xs:element name="SICI" type="xs:string" minOccurs="0" />
                <xs:element name="SUD" type="xs:string" minOccurs="0" />
              </xs:sequence>
            </xs:complexType>
          </xs:element>
        </xs:choice>
      </xs:complexType>
    </xs:element>
  </xs:schema>
  <marketintervaldetail>
    <Data>20180525</Data>
    <Mercato>MGP</Mercato>
    <Ora>01</Ora>
    <Totale>29332</Totale>
    <CNOR>2926</CNOR>
    <CSUD>4427</CSUD>
    <NORD>16869</NORD>
    <SARD>866</SARD>
    <SICI>1691</SICI>
    <SUD>2553</SUD>
  </marketintervaldetail>
  <marketintervaldetail>
    <Data>20180525</Data>
    <Mercato>MGP</Mercato>
    <Ora>02</Ora>
    <Totale>27897</Totale>
    <CNOR>2726</CNOR>
    <CSUD>4124</CSUD>
    <NORD>16193</NORD>
    <SARD>823</SARD>
    <SICI>1586</SICI>
    <SUD>2445</SUD>
  </marketintervaldetail>
  <marketintervaldetail>
    <Data>20180525</Data>
    <Mercato>MGP</Mercato>
    <Ora>03</Ora>
    <Totale>26698</Totale>
    <CNOR>2570</CNOR>
    <CSUD>3931</CSUD>
    <NORD>15495</NORD>
    <SARD>794</SARD>
    <SICI>1524</SICI>
    <SUD>2384</SUD>
  </marketintervaldetail>
  <marketintervaldetail>
    <Data>20180525</Data>
    <Mercato>MGP</Mercato>
    <Ora>04</Ora>
    <Totale>26584</Totale>
    <CNOR>2520</CNOR>
    <CSUD>3843</CSUD>
    <NORD>15616</NORD>
    <SARD>780</SARD>
    <SICI>1491</SICI>
    <SUD>2334</SUD>
  </marketintervaldetail>
  <marketintervaldetail>
    <Data>20180525</Data>
    <Mercato>MGP</Mercato>
    <Ora>05</Ora>
    <Totale>26654</Totale>
    <CNOR>2512</CNOR>
    <CSUD>3819</CSUD>
    <NORD>15709</NORD>
    <SARD>779</SARD>
    <SICI>1463</SICI>
    <SUD>2372</SUD>
  </marketintervaldetail>
  <marketintervaldetail>
    <Data>20180525</Data>
    <Mercato>MGP</Mercato>
    <Ora>06</Ora>
    <Totale>27051</Totale>
    <CNOR>2635</CNOR>
    <CSUD>3836</CSUD>
    <NORD>16008</NORD>
    <SARD>798</SARD>
    <SICI>1456</SICI>
    <SUD>2318</SUD>
  </marketintervaldetail>
  <marketintervaldetail>
    <Data>20180525</Data>
    <Mercato>MGP</Mercato>
    <Ora>07</Ora>
    <Totale>29976</Totale>
    <CNOR>2964</CNOR>
    <CSUD>4116</CSUD>
    <NORD>18075</NORD>
    <SARD>845</SARD>
    <SICI>1517</SICI>
    <SUD>2459</SUD>
  </marketintervaldetail>
  <marketintervaldetail>
    <Data>20180525</Data>
    <Mercato>MGP</Mercato>
    <Ora>08</Ora>
    <Totale>35238</Totale>
    <CNOR>3598</CNOR>
    <CSUD>4868</CSUD>
    <NORD>21213</NORD>
    <SARD>971</SARD>
    <SICI>1791</SICI>
    <SUD>2797</SUD>
  </marketintervaldetail>
  <marketintervaldetail>
    <Data>20180525</Data>
    <Mercato>MGP</Mercato>
    <Ora>09</Ora>
    <Totale>39808</Totale>
    <CNOR>4270</CNOR>
    <CSUD>5574</CSUD>
    <NORD>23817</NORD>
    <SARD>999</SARD>
    <SICI>1965</SICI>
    <SUD>3183</SUD>
  </marketintervaldetail>
  <marketintervaldetail>
    <Data>20180525</Data>
    <Mercato>MGP</Mercato>
    <Ora>10</Ora>
    <Totale>41525</Totale>
    <CNOR>4619</CNOR>
    <CSUD>5898</CSUD>
    <NORD>24675</NORD>
    <SARD>1016</SARD>
    <SICI>2002</SICI>
    <SUD>3315</SUD>
  </marketintervaldetail>
  <marketintervaldetail>
    <Data>20180525</Data>
    <Mercato>MGP</Mercato>
    <Ora>11</Ora>
    <Totale>41533</Totale>
    <CNOR>4709</CNOR>
    <CSUD>6032</CSUD>
    <NORD>24674</NORD>
    <SARD>1006</SARD>
    <SICI>1955</SICI>
    <SUD>3157</SUD>
  </marketintervaldetail>
  <marketintervaldetail>
    <Data>20180525</Data>
    <Mercato>MGP</Mercato>
    <Ora>12</Ora>
    <Totale>41237</Totale>
    <CNOR>4697</CNOR>
    <CSUD>6025</CSUD>
    <NORD>24585</NORD>
    <SARD>949</SARD>
    <SICI>1849</SICI>
    <SUD>3132</SUD>
  </marketintervaldetail>
  <marketintervaldetail>
    <Data>20180525</Data>
    <Mercato>MGP</Mercato>
    <Ora>13</Ora>
    <Totale>39523</Totale>
    <CNOR>4265</CNOR>
    <CSUD>6185</CSUD>
    <NORD>23101</NORD>
    <SARD>921</SARD>
    <SICI>1858</SICI>
    <SUD>3193</SUD>
  </marketintervaldetail>
  <marketintervaldetail>
    <Data>20180525</Data>
    <Mercato>MGP</Mercato>
    <Ora>14</Ora>
    <Totale>38428</Totale>
    <CNOR>3905</CNOR>
    <CSUD>5938</CSUD>
    <NORD>22792</NORD>
    <SARD>888</SARD>
    <SICI>1754</SICI>
    <SUD>3151</SUD>
  </marketintervaldetail>
  <marketintervaldetail>
    <Data>20180525</Data>
    <Mercato>MGP</Mercato>
    <Ora>15</Ora>
    <Totale>39600</Totale>
    <CNOR>4300</CNOR>
    <CSUD>5757</CSUD>
    <NORD>23675</NORD>
    <SARD>860</SARD>
    <SICI>1764</SICI>
    <SUD>3244</SUD>
  </marketintervaldetail>
  <marketintervaldetail>
    <Data>20180525</Data>
    <Mercato>MGP</Mercato>
    <Ora>16</Ora>
    <Totale>39412</Totale>
    <CNOR>4351</CNOR>
    <CSUD>5762</CSUD>
    <NORD>23454</NORD>
    <SARD>831</SARD>
    <SICI>1787</SICI>
    <SUD>3227</SUD>
  </marketintervaldetail>
  <marketintervaldetail>
    <Data>20180525</Data>
    <Mercato>MGP</Mercato>
    <Ora>17</Ora>
    <Totale>39214</Totale>
    <CNOR>4369</CNOR>
    <CSUD>5761</CSUD>
    <NORD>23168</NORD>
    <SARD>826</SARD>
    <SICI>1821</SICI>
    <SUD>3269</SUD>
  </marketintervaldetail>
  <marketintervaldetail>
    <Data>20180525</Data>
    <Mercato>MGP</Mercato>
    <Ora>18</Ora>
    <Totale>38847</Totale>
    <CNOR>4322</CNOR>
    <CSUD>5841</CSUD>
    <NORD>22642</NORD>
    <SARD>892</SARD>
    <SICI>1917</SICI>
    <SUD>3233</SUD>
  </marketintervaldetail>
  <marketintervaldetail>
    <Data>20180525</Data>
    <Mercato>MGP</Mercato>
    <Ora>19</Ora>
    <Totale>37681</Totale>
    <CNOR>4168</CNOR>
    <CSUD>5702</CSUD>
    <NORD>21786</NORD>
    <SARD>943</SARD>
    <SICI>1959</SICI>
    <SUD>3123</SUD>
  </marketintervaldetail>
  <marketintervaldetail>
    <Data>20180525</Data>
    <Mercato>MGP</Mercato>
    <Ora>20</Ora>
    <Totale>37095</Totale>
    <CNOR>4036</CNOR>
    <CSUD>5705</CSUD>
    <NORD>21005</NORD>
    <SARD>991</SARD>
    <SICI>2160</SICI>
    <SUD>3198</SUD>
  </marketintervaldetail>
  <marketintervaldetail>
    <Data>20180525</Data>
    <Mercato>MGP</Mercato>
    <Ora>21</Ora>
    <Totale>37295</Totale>
    <CNOR>3904</CNOR>
    <CSUD>5907</CSUD>
    <NORD>20419</NORD>
    <SARD>1035</SARD>
    <SICI>2385</SICI>
    <SUD>3645</SUD>
  </marketintervaldetail>
  <marketintervaldetail>
    <Data>20180525</Data>
    <Mercato>MGP</Mercato>
    <Ora>22</Ora>
    <Totale>37400</Totale>
    <CNOR>3793</CNOR>
    <CSUD>5798</CSUD>
    <NORD>20638</NORD>
    <SARD>1092</SARD>
    <SICI>2292</SICI>
    <SUD>3787</SUD>
  </marketintervaldetail>
  <marketintervaldetail>
    <Data>20180525</Data>
    <Mercato>MGP</Mercato>
    <Ora>23</Ora>
    <Totale>34823</Totale>
    <CNOR>3571</CNOR>
    <CSUD>5325</CSUD>
    <NORD>19299</NORD>
    <SARD>1045</SARD>
    <SICI>2102</SICI>
    <SUD>3481</SUD>
  </marketintervaldetail>
  <marketintervaldetail>
    <Data>20180525</Data>
    <Mercato>MGP</Mercato>
    <Ora>24</Ora>
    <Totale>31996</Totale>
    <CNOR>3280</CNOR>
    <CSUD>4937</CSUD>
    <NORD>17675</NORD>
    <SARD>983</SARD>
    <SICI>1880</SICI>
    <SUD>3241</SUD>
  </marketintervaldetail>
</NewDataSet>