<?xml version="1.0" standalone="yes"?>
<NewDataSet>
  <xs:schema id="NewDataSet" xmlns="" xmlns:xs="http://www.w3.org/2001/XMLSchema" xmlns:msdata="urn:schemas-microsoft-com:xml-msdata">
    <xs:element name="NewDataSet" msdata:IsDataSet="true" msdata:MainDataTable="marketintervaldetail" msdata:UseCurrentLocale="true">
      <xs:complexType>
        <xs:choice minOccurs="0" maxOccurs="unbounded">
          <xs:element name="marketintervaldetail">
            <xs:complexType>
              <xs:sequence>
                <xs:element name="Data" type="xs:string" minOccurs="0" />
                <xs:element name="Mercato" type="xs:string" minOccurs="0" />
                <xs:element name="Ora" type="xs:string" minOccurs="0" />
                <xs:element name="Totale" type="xs:string" minOccurs="0" />
                <xs:element name="CNOR" type="xs:string" minOccurs="0" />
                <xs:element name="CSUD" type="xs:string" minOccurs="0" />
                <xs:element name="NORD" type="xs:string" minOccurs="0" />
                <xs:element name="SARD" type="xs:string" minOccurs="0" />
                <xs:element name="SICI" type="xs:string" minOccurs="0" />
                <xs:element name="SUD" type="xs:string" minOccurs="0" />
              </xs:sequence>
            </xs:complexType>
          </xs:element>
        </xs:choice>
      </xs:complexType>
    </xs:element>
  </xs:schema>
  <marketintervaldetail>
    <Data>20180509</Data>
    <Mercato>MGP</Mercato>
    <Ora>01</Ora>
    <Totale>27988</Totale>
    <CNOR>2916</CNOR>
    <CSUD>4037</CSUD>
    <NORD>16265</NORD>
    <SARD>901</SARD>
    <SICI>1586</SICI>
    <SUD>2283</SUD>
  </marketintervaldetail>
  <marketintervaldetail>
    <Data>20180509</Data>
    <Mercato>MGP</Mercato>
    <Ora>02</Ora>
    <Totale>26374</Totale>
    <CNOR>2757</CNOR>
    <CSUD>3727</CSUD>
    <NORD>15487</NORD>
    <SARD>842</SARD>
    <SICI>1447</SICI>
    <SUD>2114</SUD>
  </marketintervaldetail>
  <marketintervaldetail>
    <Data>20180509</Data>
    <Mercato>MGP</Mercato>
    <Ora>03</Ora>
    <Totale>25566</Totale>
    <CNOR>2682</CNOR>
    <CSUD>3551</CSUD>
    <NORD>15036</NORD>
    <SARD>829</SARD>
    <SICI>1397</SICI>
    <SUD>2071</SUD>
  </marketintervaldetail>
  <marketintervaldetail>
    <Data>20180509</Data>
    <Mercato>MGP</Mercato>
    <Ora>04</Ora>
    <Totale>25270</Totale>
    <CNOR>2613</CNOR>
    <CSUD>3509</CSUD>
    <NORD>14861</NORD>
    <SARD>825</SARD>
    <SICI>1381</SICI>
    <SUD>2081</SUD>
  </marketintervaldetail>
  <marketintervaldetail>
    <Data>20180509</Data>
    <Mercato>MGP</Mercato>
    <Ora>05</Ora>
    <Totale>25536</Totale>
    <CNOR>2624</CNOR>
    <CSUD>3574</CSUD>
    <NORD>15054</NORD>
    <SARD>805</SARD>
    <SICI>1404</SICI>
    <SUD>2075</SUD>
  </marketintervaldetail>
  <marketintervaldetail>
    <Data>20180509</Data>
    <Mercato>MGP</Mercato>
    <Ora>06</Ora>
    <Totale>26887</Totale>
    <CNOR>2730</CNOR>
    <CSUD>3778</CSUD>
    <NORD>16002</NORD>
    <SARD>827</SARD>
    <SICI>1458</SICI>
    <SUD>2092</SUD>
  </marketintervaldetail>
  <marketintervaldetail>
    <Data>20180509</Data>
    <Mercato>MGP</Mercato>
    <Ora>07</Ora>
    <Totale>29894</Totale>
    <CNOR>3087</CNOR>
    <CSUD>4151</CSUD>
    <NORD>18063</NORD>
    <SARD>886</SARD>
    <SICI>1544</SICI>
    <SUD>2163</SUD>
  </marketintervaldetail>
  <marketintervaldetail>
    <Data>20180509</Data>
    <Mercato>MGP</Mercato>
    <Ora>08</Ora>
    <Totale>35583</Totale>
    <CNOR>3797</CNOR>
    <CSUD>4937</CSUD>
    <NORD>21487</NORD>
    <SARD>1006</SARD>
    <SICI>1777</SICI>
    <SUD>2579</SUD>
  </marketintervaldetail>
  <marketintervaldetail>
    <Data>20180509</Data>
    <Mercato>MGP</Mercato>
    <Ora>09</Ora>
    <Totale>40556</Totale>
    <CNOR>4435</CNOR>
    <CSUD>5563</CSUD>
    <NORD>24738</NORD>
    <SARD>1065</SARD>
    <SICI>1908</SICI>
    <SUD>2847</SUD>
  </marketintervaldetail>
  <marketintervaldetail>
    <Data>20180509</Data>
    <Mercato>MGP</Mercato>
    <Ora>10</Ora>
    <Totale>42410</Totale>
    <CNOR>4635</CNOR>
    <CSUD>5849</CSUD>
    <NORD>26134</NORD>
    <SARD>1029</SARD>
    <SICI>1973</SICI>
    <SUD>2790</SUD>
  </marketintervaldetail>
  <marketintervaldetail>
    <Data>20180509</Data>
    <Mercato>MGP</Mercato>
    <Ora>11</Ora>
    <Totale>42432</Totale>
    <CNOR>4637</CNOR>
    <CSUD>5981</CSUD>
    <NORD>26169</NORD>
    <SARD>988</SARD>
    <SICI>1920</SICI>
    <SUD>2737</SUD>
  </marketintervaldetail>
  <marketintervaldetail>
    <Data>20180509</Data>
    <Mercato>MGP</Mercato>
    <Ora>12</Ora>
    <Totale>42041</Totale>
    <CNOR>4548</CNOR>
    <CSUD>5900</CSUD>
    <NORD>26035</NORD>
    <SARD>1010</SARD>
    <SICI>1916</SICI>
    <SUD>2632</SUD>
  </marketintervaldetail>
  <marketintervaldetail>
    <Data>20180509</Data>
    <Mercato>MGP</Mercato>
    <Ora>13</Ora>
    <Totale>39724</Totale>
    <CNOR>4358</CNOR>
    <CSUD>5956</CSUD>
    <NORD>24102</NORD>
    <SARD>1019</SARD>
    <SICI>1858</SICI>
    <SUD>2431</SUD>
  </marketintervaldetail>
  <marketintervaldetail>
    <Data>20180509</Data>
    <Mercato>MGP</Mercato>
    <Ora>14</Ora>
    <Totale>38239</Totale>
    <CNOR>3960</CNOR>
    <CSUD>5586</CSUD>
    <NORD>23577</NORD>
    <SARD>997</SARD>
    <SICI>1800</SICI>
    <SUD>2319</SUD>
  </marketintervaldetail>
  <marketintervaldetail>
    <Data>20180509</Data>
    <Mercato>MGP</Mercato>
    <Ora>15</Ora>
    <Totale>38943</Totale>
    <CNOR>4002</CNOR>
    <CSUD>5526</CSUD>
    <NORD>23895</NORD>
    <SARD>969</SARD>
    <SICI>1843</SICI>
    <SUD>2708</SUD>
  </marketintervaldetail>
  <marketintervaldetail>
    <Data>20180509</Data>
    <Mercato>MGP</Mercato>
    <Ora>16</Ora>
    <Totale>39736</Totale>
    <CNOR>4106</CNOR>
    <CSUD>5671</CSUD>
    <NORD>24307</NORD>
    <SARD>969</SARD>
    <SICI>1824</SICI>
    <SUD>2859</SUD>
  </marketintervaldetail>
  <marketintervaldetail>
    <Data>20180509</Data>
    <Mercato>MGP</Mercato>
    <Ora>17</Ora>
    <Totale>39726</Totale>
    <CNOR>4309</CNOR>
    <CSUD>5640</CSUD>
    <NORD>23995</NORD>
    <SARD>992</SARD>
    <SICI>1840</SICI>
    <SUD>2950</SUD>
  </marketintervaldetail>
  <marketintervaldetail>
    <Data>20180509</Data>
    <Mercato>MGP</Mercato>
    <Ora>18</Ora>
    <Totale>38611</Totale>
    <CNOR>4220</CNOR>
    <CSUD>5534</CSUD>
    <NORD>23054</NORD>
    <SARD>1024</SARD>
    <SICI>1843</SICI>
    <SUD>2936</SUD>
  </marketintervaldetail>
  <marketintervaldetail>
    <Data>20180509</Data>
    <Mercato>MGP</Mercato>
    <Ora>19</Ora>
    <Totale>37895</Totale>
    <CNOR>4267</CNOR>
    <CSUD>5581</CSUD>
    <NORD>22207</NORD>
    <SARD>1041</SARD>
    <SICI>1878</SICI>
    <SUD>2921</SUD>
  </marketintervaldetail>
  <marketintervaldetail>
    <Data>20180509</Data>
    <Mercato>MGP</Mercato>
    <Ora>20</Ora>
    <Totale>38296</Totale>
    <CNOR>4297</CNOR>
    <CSUD>5781</CSUD>
    <NORD>22116</NORD>
    <SARD>1074</SARD>
    <SICI>2034</SICI>
    <SUD>2994</SUD>
  </marketintervaldetail>
  <marketintervaldetail>
    <Data>20180509</Data>
    <Mercato>MGP</Mercato>
    <Ora>21</Ora>
    <Totale>38844</Totale>
    <CNOR>4215</CNOR>
    <CSUD>5971</CSUD>
    <NORD>21937</NORD>
    <SARD>1136</SARD>
    <SICI>2281</SICI>
    <SUD>3304</SUD>
  </marketintervaldetail>
  <marketintervaldetail>
    <Data>20180509</Data>
    <Mercato>MGP</Mercato>
    <Ora>22</Ora>
    <Totale>37936</Totale>
    <CNOR>4088</CNOR>
    <CSUD>5731</CSUD>
    <NORD>21595</NORD>
    <SARD>1112</SARD>
    <SICI>2218</SICI>
    <SUD>3192</SUD>
  </marketintervaldetail>
  <marketintervaldetail>
    <Data>20180509</Data>
    <Mercato>MGP</Mercato>
    <Ora>23</Ora>
    <Totale>34412</Totale>
    <CNOR>3676</CNOR>
    <CSUD>5228</CSUD>
    <NORD>19451</NORD>
    <SARD>1046</SARD>
    <SICI>2030</SICI>
    <SUD>2981</SUD>
  </marketintervaldetail>
  <marketintervaldetail>
    <Data>20180509</Data>
    <Mercato>MGP</Mercato>
    <Ora>24</Ora>
    <Totale>31237</Totale>
    <CNOR>3378</CNOR>
    <CSUD>4704</CSUD>
    <NORD>17706</NORD>
    <SARD>968</SARD>
    <SICI>1828</SICI>
    <SUD>2653</SUD>
  </marketintervaldetail>
</NewDataSet>