<?xml version="1.0" standalone="yes"?>
<NewDataSet>
  <xs:schema id="NewDataSet" xmlns="" xmlns:xs="http://www.w3.org/2001/XMLSchema" xmlns:msdata="urn:schemas-microsoft-com:xml-msdata">
    <xs:element name="NewDataSet" msdata:IsDataSet="true" msdata:MainDataTable="marketintervaldetail" msdata:UseCurrentLocale="true">
      <xs:complexType>
        <xs:choice minOccurs="0" maxOccurs="unbounded">
          <xs:element name="marketintervaldetail">
            <xs:complexType>
              <xs:sequence>
                <xs:element name="Data" type="xs:string" minOccurs="0" />
                <xs:element name="Mercato" type="xs:string" minOccurs="0" />
                <xs:element name="Ora" type="xs:string" minOccurs="0" />
                <xs:element name="Totale" type="xs:string" minOccurs="0" />
                <xs:element name="CNOR" type="xs:string" minOccurs="0" />
                <xs:element name="CSUD" type="xs:string" minOccurs="0" />
                <xs:element name="NORD" type="xs:string" minOccurs="0" />
                <xs:element name="SARD" type="xs:string" minOccurs="0" />
                <xs:element name="SICI" type="xs:string" minOccurs="0" />
                <xs:element name="SUD" type="xs:string" minOccurs="0" />
              </xs:sequence>
            </xs:complexType>
          </xs:element>
        </xs:choice>
      </xs:complexType>
    </xs:element>
  </xs:schema>
  <marketintervaldetail>
    <Data>20180521</Data>
    <Mercato>MGP</Mercato>
    <Ora>01</Ora>
    <Totale>23448</Totale>
    <CNOR>2476</CNOR>
    <CSUD>3900</CSUD>
    <NORD>12438</NORD>
    <SARD>863</SARD>
    <SICI>1587</SICI>
    <SUD>2184</SUD>
  </marketintervaldetail>
  <marketintervaldetail>
    <Data>20180521</Data>
    <Mercato>MGP</Mercato>
    <Ora>02</Ora>
    <Totale>22036</Totale>
    <CNOR>2283</CNOR>
    <CSUD>3555</CSUD>
    <NORD>11907</NORD>
    <SARD>813</SARD>
    <SICI>1460</SICI>
    <SUD>2018</SUD>
  </marketintervaldetail>
  <marketintervaldetail>
    <Data>20180521</Data>
    <Mercato>MGP</Mercato>
    <Ora>03</Ora>
    <Totale>21289</Totale>
    <CNOR>2179</CNOR>
    <CSUD>3326</CSUD>
    <NORD>11622</NORD>
    <SARD>790</SARD>
    <SICI>1411</SICI>
    <SUD>1961</SUD>
  </marketintervaldetail>
  <marketintervaldetail>
    <Data>20180521</Data>
    <Mercato>MGP</Mercato>
    <Ora>04</Ora>
    <Totale>21055</Totale>
    <CNOR>2145</CNOR>
    <CSUD>3259</CSUD>
    <NORD>11535</NORD>
    <SARD>782</SARD>
    <SICI>1378</SICI>
    <SUD>1956</SUD>
  </marketintervaldetail>
  <marketintervaldetail>
    <Data>20180521</Data>
    <Mercato>MGP</Mercato>
    <Ora>05</Ora>
    <Totale>21427</Totale>
    <CNOR>2194</CNOR>
    <CSUD>3298</CSUD>
    <NORD>11840</NORD>
    <SARD>783</SARD>
    <SICI>1380</SICI>
    <SUD>1932</SUD>
  </marketintervaldetail>
  <marketintervaldetail>
    <Data>20180521</Data>
    <Mercato>MGP</Mercato>
    <Ora>06</Ora>
    <Totale>22839</Totale>
    <CNOR>2350</CNOR>
    <CSUD>3451</CSUD>
    <NORD>12874</NORD>
    <SARD>808</SARD>
    <SICI>1420</SICI>
    <SUD>1936</SUD>
  </marketintervaldetail>
  <marketintervaldetail>
    <Data>20180521</Data>
    <Mercato>MGP</Mercato>
    <Ora>07</Ora>
    <Totale>26483</Totale>
    <CNOR>2717</CNOR>
    <CSUD>3835</CSUD>
    <NORD>15429</NORD>
    <SARD>872</SARD>
    <SICI>1506</SICI>
    <SUD>2124</SUD>
  </marketintervaldetail>
  <marketintervaldetail>
    <Data>20180521</Data>
    <Mercato>MGP</Mercato>
    <Ora>08</Ora>
    <Totale>32376</Totale>
    <CNOR>3435</CNOR>
    <CSUD>4615</CSUD>
    <NORD>18991</NORD>
    <SARD>979</SARD>
    <SICI>1794</SICI>
    <SUD>2562</SUD>
  </marketintervaldetail>
  <marketintervaldetail>
    <Data>20180521</Data>
    <Mercato>MGP</Mercato>
    <Ora>09</Ora>
    <Totale>37142</Totale>
    <CNOR>4106</CNOR>
    <CSUD>5319</CSUD>
    <NORD>21750</NORD>
    <SARD>1041</SARD>
    <SICI>2038</SICI>
    <SUD>2888</SUD>
  </marketintervaldetail>
  <marketintervaldetail>
    <Data>20180521</Data>
    <Mercato>MGP</Mercato>
    <Ora>10</Ora>
    <Totale>39214</Totale>
    <CNOR>4413</CNOR>
    <CSUD>5774</CSUD>
    <NORD>22965</NORD>
    <SARD>1042</SARD>
    <SICI>2098</SICI>
    <SUD>2922</SUD>
  </marketintervaldetail>
  <marketintervaldetail>
    <Data>20180521</Data>
    <Mercato>MGP</Mercato>
    <Ora>11</Ora>
    <Totale>39242</Totale>
    <CNOR>4421</CNOR>
    <CSUD>5788</CSUD>
    <NORD>23098</NORD>
    <SARD>991</SARD>
    <SICI>1988</SICI>
    <SUD>2956</SUD>
  </marketintervaldetail>
  <marketintervaldetail>
    <Data>20180521</Data>
    <Mercato>MGP</Mercato>
    <Ora>12</Ora>
    <Totale>39014</Totale>
    <CNOR>4370</CNOR>
    <CSUD>5676</CSUD>
    <NORD>23042</NORD>
    <SARD>972</SARD>
    <SICI>1937</SICI>
    <SUD>3017</SUD>
  </marketintervaldetail>
  <marketintervaldetail>
    <Data>20180521</Data>
    <Mercato>MGP</Mercato>
    <Ora>13</Ora>
    <Totale>36866</Totale>
    <CNOR>4163</CNOR>
    <CSUD>5586</CSUD>
    <NORD>21247</NORD>
    <SARD>946</SARD>
    <SICI>1894</SICI>
    <SUD>3030</SUD>
  </marketintervaldetail>
  <marketintervaldetail>
    <Data>20180521</Data>
    <Mercato>MGP</Mercato>
    <Ora>14</Ora>
    <Totale>36169</Totale>
    <CNOR>3821</CNOR>
    <CSUD>5457</CSUD>
    <NORD>21202</NORD>
    <SARD>928</SARD>
    <SICI>1800</SICI>
    <SUD>2961</SUD>
  </marketintervaldetail>
  <marketintervaldetail>
    <Data>20180521</Data>
    <Mercato>MGP</Mercato>
    <Ora>15</Ora>
    <Totale>37548</Totale>
    <CNOR>4115</CNOR>
    <CSUD>5529</CSUD>
    <NORD>22271</NORD>
    <SARD>906</SARD>
    <SICI>1827</SICI>
    <SUD>2900</SUD>
  </marketintervaldetail>
  <marketintervaldetail>
    <Data>20180521</Data>
    <Mercato>MGP</Mercato>
    <Ora>16</Ora>
    <Totale>38791</Totale>
    <CNOR>4458</CNOR>
    <CSUD>5735</CSUD>
    <NORD>22940</NORD>
    <SARD>902</SARD>
    <SICI>1837</SICI>
    <SUD>2919</SUD>
  </marketintervaldetail>
  <marketintervaldetail>
    <Data>20180521</Data>
    <Mercato>MGP</Mercato>
    <Ora>17</Ora>
    <Totale>38876</Totale>
    <CNOR>4450</CNOR>
    <CSUD>5757</CSUD>
    <NORD>23081</NORD>
    <SARD>853</SARD>
    <SICI>1893</SICI>
    <SUD>2842</SUD>
  </marketintervaldetail>
  <marketintervaldetail>
    <Data>20180521</Data>
    <Mercato>MGP</Mercato>
    <Ora>18</Ora>
    <Totale>37756</Totale>
    <CNOR>4342</CNOR>
    <CSUD>5617</CSUD>
    <NORD>22044</NORD>
    <SARD>945</SARD>
    <SICI>1959</SICI>
    <SUD>2849</SUD>
  </marketintervaldetail>
  <marketintervaldetail>
    <Data>20180521</Data>
    <Mercato>MGP</Mercato>
    <Ora>19</Ora>
    <Totale>36742</Totale>
    <CNOR>4222</CNOR>
    <CSUD>5429</CSUD>
    <NORD>21263</NORD>
    <SARD>987</SARD>
    <SICI>1974</SICI>
    <SUD>2867</SUD>
  </marketintervaldetail>
  <marketintervaldetail>
    <Data>20180521</Data>
    <Mercato>MGP</Mercato>
    <Ora>20</Ora>
    <Totale>37001</Totale>
    <CNOR>4160</CNOR>
    <CSUD>5431</CSUD>
    <NORD>21160</NORD>
    <SARD>1028</SARD>
    <SICI>2158</SICI>
    <SUD>3064</SUD>
  </marketintervaldetail>
  <marketintervaldetail>
    <Data>20180521</Data>
    <Mercato>MGP</Mercato>
    <Ora>21</Ora>
    <Totale>36892</Totale>
    <CNOR>4009</CNOR>
    <CSUD>5644</CSUD>
    <NORD>20435</NORD>
    <SARD>1081</SARD>
    <SICI>2392</SICI>
    <SUD>3331</SUD>
  </marketintervaldetail>
  <marketintervaldetail>
    <Data>20180521</Data>
    <Mercato>MGP</Mercato>
    <Ora>22</Ora>
    <Totale>36659</Totale>
    <CNOR>4035</CNOR>
    <CSUD>5585</CSUD>
    <NORD>20295</NORD>
    <SARD>1090</SARD>
    <SICI>2391</SICI>
    <SUD>3263</SUD>
  </marketintervaldetail>
  <marketintervaldetail>
    <Data>20180521</Data>
    <Mercato>MGP</Mercato>
    <Ora>23</Ora>
    <Totale>33588</Totale>
    <CNOR>3667</CNOR>
    <CSUD>5151</CSUD>
    <NORD>18613</NORD>
    <SARD>1019</SARD>
    <SICI>2191</SICI>
    <SUD>2947</SUD>
  </marketintervaldetail>
  <marketintervaldetail>
    <Data>20180521</Data>
    <Mercato>MGP</Mercato>
    <Ora>24</Ora>
    <Totale>30023</Totale>
    <CNOR>3287</CNOR>
    <CSUD>4602</CSUD>
    <NORD>16669</NORD>
    <SARD>936</SARD>
    <SICI>1882</SICI>
    <SUD>2647</SUD>
  </marketintervaldetail>
</NewDataSet>