<?xml version="1.0" standalone="yes"?>
<NewDataSet>
  <xs:schema id="NewDataSet" xmlns="" xmlns:xs="http://www.w3.org/2001/XMLSchema" xmlns:msdata="urn:schemas-microsoft-com:xml-msdata">
    <xs:element name="NewDataSet" msdata:IsDataSet="true" msdata:MainDataTable="marketintervaldetail" msdata:UseCurrentLocale="true">
      <xs:complexType>
        <xs:choice minOccurs="0" maxOccurs="unbounded">
          <xs:element name="marketintervaldetail">
            <xs:complexType>
              <xs:sequence>
                <xs:element name="Data" type="xs:string" minOccurs="0" />
                <xs:element name="Mercato" type="xs:string" minOccurs="0" />
                <xs:element name="Ora" type="xs:string" minOccurs="0" />
                <xs:element name="Totale" type="xs:string" minOccurs="0" />
                <xs:element name="CNOR" type="xs:string" minOccurs="0" />
                <xs:element name="CSUD" type="xs:string" minOccurs="0" />
                <xs:element name="NORD" type="xs:string" minOccurs="0" />
                <xs:element name="SARD" type="xs:string" minOccurs="0" />
                <xs:element name="SICI" type="xs:string" minOccurs="0" />
                <xs:element name="SUD" type="xs:string" minOccurs="0" />
              </xs:sequence>
            </xs:complexType>
          </xs:element>
        </xs:choice>
      </xs:complexType>
    </xs:element>
  </xs:schema>
  <marketintervaldetail>
    <Data>20180530</Data>
    <Mercato>MGP</Mercato>
    <Ora>01</Ora>
    <Totale>29628</Totale>
    <CNOR>3056</CNOR>
    <CSUD>4537</CSUD>
    <NORD>16981</NORD>
    <SARD>898</SARD>
    <SICI>1732</SICI>
    <SUD>2424</SUD>
  </marketintervaldetail>
  <marketintervaldetail>
    <Data>20180530</Data>
    <Mercato>MGP</Mercato>
    <Ora>02</Ora>
    <Totale>27794</Totale>
    <CNOR>2848</CNOR>
    <CSUD>4195</CSUD>
    <NORD>16090</NORD>
    <SARD>865</SARD>
    <SICI>1602</SICI>
    <SUD>2194</SUD>
  </marketintervaldetail>
  <marketintervaldetail>
    <Data>20180530</Data>
    <Mercato>MGP</Mercato>
    <Ora>03</Ora>
    <Totale>26741</Totale>
    <CNOR>2732</CNOR>
    <CSUD>4000</CSUD>
    <NORD>15501</NORD>
    <SARD>853</SARD>
    <SICI>1538</SICI>
    <SUD>2117</SUD>
  </marketintervaldetail>
  <marketintervaldetail>
    <Data>20180530</Data>
    <Mercato>MGP</Mercato>
    <Ora>04</Ora>
    <Totale>26240</Totale>
    <CNOR>2652</CNOR>
    <CSUD>3929</CSUD>
    <NORD>15234</NORD>
    <SARD>847</SARD>
    <SICI>1515</SICI>
    <SUD>2063</SUD>
  </marketintervaldetail>
  <marketintervaldetail>
    <Data>20180530</Data>
    <Mercato>MGP</Mercato>
    <Ora>05</Ora>
    <Totale>26417</Totale>
    <CNOR>2693</CNOR>
    <CSUD>3925</CSUD>
    <NORD>15367</NORD>
    <SARD>850</SARD>
    <SICI>1513</SICI>
    <SUD>2069</SUD>
  </marketintervaldetail>
  <marketintervaldetail>
    <Data>20180530</Data>
    <Mercato>MGP</Mercato>
    <Ora>06</Ora>
    <Totale>27295</Totale>
    <CNOR>2761</CNOR>
    <CSUD>4087</CSUD>
    <NORD>15961</NORD>
    <SARD>863</SARD>
    <SICI>1536</SICI>
    <SUD>2087</SUD>
  </marketintervaldetail>
  <marketintervaldetail>
    <Data>20180530</Data>
    <Mercato>MGP</Mercato>
    <Ora>07</Ora>
    <Totale>30173</Totale>
    <CNOR>2993</CNOR>
    <CSUD>4385</CSUD>
    <NORD>18013</NORD>
    <SARD>914</SARD>
    <SICI>1632</SICI>
    <SUD>2236</SUD>
  </marketintervaldetail>
  <marketintervaldetail>
    <Data>20180530</Data>
    <Mercato>MGP</Mercato>
    <Ora>08</Ora>
    <Totale>35883</Totale>
    <CNOR>3602</CNOR>
    <CSUD>5181</CSUD>
    <NORD>21543</NORD>
    <SARD>1025</SARD>
    <SICI>1886</SICI>
    <SUD>2646</SUD>
  </marketintervaldetail>
  <marketintervaldetail>
    <Data>20180530</Data>
    <Mercato>MGP</Mercato>
    <Ora>09</Ora>
    <Totale>40337</Totale>
    <CNOR>4124</CNOR>
    <CSUD>5769</CSUD>
    <NORD>24383</NORD>
    <SARD>1128</SARD>
    <SICI>2006</SICI>
    <SUD>2927</SUD>
  </marketintervaldetail>
  <marketintervaldetail>
    <Data>20180530</Data>
    <Mercato>MGP</Mercato>
    <Ora>10</Ora>
    <Totale>42466</Totale>
    <CNOR>4293</CNOR>
    <CSUD>6271</CSUD>
    <NORD>25674</NORD>
    <SARD>1140</SARD>
    <SICI>2080</SICI>
    <SUD>3008</SUD>
  </marketintervaldetail>
  <marketintervaldetail>
    <Data>20180530</Data>
    <Mercato>MGP</Mercato>
    <Ora>11</Ora>
    <Totale>43076</Totale>
    <CNOR>4465</CNOR>
    <CSUD>6582</CSUD>
    <NORD>25729</NORD>
    <SARD>1129</SARD>
    <SICI>2044</SICI>
    <SUD>3127</SUD>
  </marketintervaldetail>
  <marketintervaldetail>
    <Data>20180530</Data>
    <Mercato>MGP</Mercato>
    <Ora>12</Ora>
    <Totale>42791</Totale>
    <CNOR>4468</CNOR>
    <CSUD>6584</CSUD>
    <NORD>25512</NORD>
    <SARD>1040</SARD>
    <SICI>2004</SICI>
    <SUD>3183</SUD>
  </marketintervaldetail>
  <marketintervaldetail>
    <Data>20180530</Data>
    <Mercato>MGP</Mercato>
    <Ora>13</Ora>
    <Totale>40000</Totale>
    <CNOR>4325</CNOR>
    <CSUD>6062</CSUD>
    <NORD>23493</NORD>
    <SARD>996</SARD>
    <SICI>1928</SICI>
    <SUD>3196</SUD>
  </marketintervaldetail>
  <marketintervaldetail>
    <Data>20180530</Data>
    <Mercato>MGP</Mercato>
    <Ora>14</Ora>
    <Totale>39326</Totale>
    <CNOR>4196</CNOR>
    <CSUD>5890</CSUD>
    <NORD>23417</NORD>
    <SARD>904</SARD>
    <SICI>1864</SICI>
    <SUD>3055</SUD>
  </marketintervaldetail>
  <marketintervaldetail>
    <Data>20180530</Data>
    <Mercato>MGP</Mercato>
    <Ora>15</Ora>
    <Totale>40593</Totale>
    <CNOR>4501</CNOR>
    <CSUD>6103</CSUD>
    <NORD>24269</NORD>
    <SARD>935</SARD>
    <SICI>1864</SICI>
    <SUD>2921</SUD>
  </marketintervaldetail>
  <marketintervaldetail>
    <Data>20180530</Data>
    <Mercato>MGP</Mercato>
    <Ora>16</Ora>
    <Totale>41567</Totale>
    <CNOR>4692</CNOR>
    <CSUD>6440</CSUD>
    <NORD>24737</NORD>
    <SARD>952</SARD>
    <SICI>1825</SICI>
    <SUD>2921</SUD>
  </marketintervaldetail>
  <marketintervaldetail>
    <Data>20180530</Data>
    <Mercato>MGP</Mercato>
    <Ora>17</Ora>
    <Totale>41618</Totale>
    <CNOR>4784</CNOR>
    <CSUD>6516</CSUD>
    <NORD>24539</NORD>
    <SARD>961</SARD>
    <SICI>1882</SICI>
    <SUD>2936</SUD>
  </marketintervaldetail>
  <marketintervaldetail>
    <Data>20180530</Data>
    <Mercato>MGP</Mercato>
    <Ora>18</Ora>
    <Totale>41183</Totale>
    <CNOR>4770</CNOR>
    <CSUD>6424</CSUD>
    <NORD>23965</NORD>
    <SARD>983</SARD>
    <SICI>2012</SICI>
    <SUD>3029</SUD>
  </marketintervaldetail>
  <marketintervaldetail>
    <Data>20180530</Data>
    <Mercato>MGP</Mercato>
    <Ora>19</Ora>
    <Totale>40100</Totale>
    <CNOR>4489</CNOR>
    <CSUD>6165</CSUD>
    <NORD>23282</NORD>
    <SARD>1047</SARD>
    <SICI>2098</SICI>
    <SUD>3019</SUD>
  </marketintervaldetail>
  <marketintervaldetail>
    <Data>20180530</Data>
    <Mercato>MGP</Mercato>
    <Ora>20</Ora>
    <Totale>40046</Totale>
    <CNOR>4375</CNOR>
    <CSUD>6101</CSUD>
    <NORD>23276</NORD>
    <SARD>1070</SARD>
    <SICI>2135</SICI>
    <SUD>3089</SUD>
  </marketintervaldetail>
  <marketintervaldetail>
    <Data>20180530</Data>
    <Mercato>MGP</Mercato>
    <Ora>21</Ora>
    <Totale>39665</Totale>
    <CNOR>4160</CNOR>
    <CSUD>6164</CSUD>
    <NORD>22666</NORD>
    <SARD>1120</SARD>
    <SICI>2293</SICI>
    <SUD>3262</SUD>
  </marketintervaldetail>
  <marketintervaldetail>
    <Data>20180530</Data>
    <Mercato>MGP</Mercato>
    <Ora>22</Ora>
    <Totale>39648</Totale>
    <CNOR>4272</CNOR>
    <CSUD>6181</CSUD>
    <NORD>22441</NORD>
    <SARD>1147</SARD>
    <SICI>2369</SICI>
    <SUD>3238</SUD>
  </marketintervaldetail>
  <marketintervaldetail>
    <Data>20180530</Data>
    <Mercato>MGP</Mercato>
    <Ora>23</Ora>
    <Totale>37167</Totale>
    <CNOR>4014</CNOR>
    <CSUD>5774</CSUD>
    <NORD>21129</NORD>
    <SARD>1083</SARD>
    <SICI>2207</SICI>
    <SUD>2960</SUD>
  </marketintervaldetail>
  <marketintervaldetail>
    <Data>20180530</Data>
    <Mercato>MGP</Mercato>
    <Ora>24</Ora>
    <Totale>33885</Totale>
    <CNOR>3641</CNOR>
    <CSUD>5196</CSUD>
    <NORD>19397</NORD>
    <SARD>1012</SARD>
    <SICI>1974</SICI>
    <SUD>2665</SUD>
  </marketintervaldetail>
</NewDataSet>