<?xml version="1.0" standalone="yes"?>
<NewDataSet>
  <xs:schema id="NewDataSet" xmlns="" xmlns:xs="http://www.w3.org/2001/XMLSchema" xmlns:msdata="urn:schemas-microsoft-com:xml-msdata">
    <xs:element name="NewDataSet" msdata:IsDataSet="true" msdata:MainDataTable="marketintervaldetail" msdata:UseCurrentLocale="true">
      <xs:complexType>
        <xs:choice minOccurs="0" maxOccurs="unbounded">
          <xs:element name="marketintervaldetail">
            <xs:complexType>
              <xs:sequence>
                <xs:element name="Data" type="xs:string" minOccurs="0" />
                <xs:element name="Mercato" type="xs:string" minOccurs="0" />
                <xs:element name="Ora" type="xs:string" minOccurs="0" />
                <xs:element name="Totale" type="xs:string" minOccurs="0" />
                <xs:element name="CNOR" type="xs:string" minOccurs="0" />
                <xs:element name="CSUD" type="xs:string" minOccurs="0" />
                <xs:element name="NORD" type="xs:string" minOccurs="0" />
                <xs:element name="SARD" type="xs:string" minOccurs="0" />
                <xs:element name="SICI" type="xs:string" minOccurs="0" />
                <xs:element name="SUD" type="xs:string" minOccurs="0" />
              </xs:sequence>
            </xs:complexType>
          </xs:element>
        </xs:choice>
      </xs:complexType>
    </xs:element>
  </xs:schema>
  <marketintervaldetail>
    <Data>20180529</Data>
    <Mercato>MGP</Mercato>
    <Ora>01</Ora>
    <Totale>28566</Totale>
    <CNOR>3045</CNOR>
    <CSUD>4265</CSUD>
    <NORD>16148</NORD>
    <SARD>842</SARD>
    <SICI>1791</SICI>
    <SUD>2475</SUD>
  </marketintervaldetail>
  <marketintervaldetail>
    <Data>20180529</Data>
    <Mercato>MGP</Mercato>
    <Ora>02</Ora>
    <Totale>26617</Totale>
    <CNOR>2820</CNOR>
    <CSUD>3959</CSUD>
    <NORD>15082</NORD>
    <SARD>799</SARD>
    <SICI>1641</SICI>
    <SUD>2316</SUD>
  </marketintervaldetail>
  <marketintervaldetail>
    <Data>20180529</Data>
    <Mercato>MGP</Mercato>
    <Ora>03</Ora>
    <Totale>25592</Totale>
    <CNOR>2647</CNOR>
    <CSUD>3731</CSUD>
    <NORD>14611</NORD>
    <SARD>777</SARD>
    <SICI>1590</SICI>
    <SUD>2236</SUD>
  </marketintervaldetail>
  <marketintervaldetail>
    <Data>20180529</Data>
    <Mercato>MGP</Mercato>
    <Ora>04</Ora>
    <Totale>25121</Totale>
    <CNOR>2576</CNOR>
    <CSUD>3636</CSUD>
    <NORD>14386</NORD>
    <SARD>769</SARD>
    <SICI>1564</SICI>
    <SUD>2190</SUD>
  </marketintervaldetail>
  <marketintervaldetail>
    <Data>20180529</Data>
    <Mercato>MGP</Mercato>
    <Ora>05</Ora>
    <Totale>25332</Totale>
    <CNOR>2610</CNOR>
    <CSUD>3645</CSUD>
    <NORD>14548</NORD>
    <SARD>773</SARD>
    <SICI>1563</SICI>
    <SUD>2193</SUD>
  </marketintervaldetail>
  <marketintervaldetail>
    <Data>20180529</Data>
    <Mercato>MGP</Mercato>
    <Ora>06</Ora>
    <Totale>26058</Totale>
    <CNOR>2617</CNOR>
    <CSUD>3750</CSUD>
    <NORD>15113</NORD>
    <SARD>801</SARD>
    <SICI>1610</SICI>
    <SUD>2167</SUD>
  </marketintervaldetail>
  <marketintervaldetail>
    <Data>20180529</Data>
    <Mercato>MGP</Mercato>
    <Ora>07</Ora>
    <Totale>28970</Totale>
    <CNOR>3012</CNOR>
    <CSUD>4095</CSUD>
    <NORD>17118</NORD>
    <SARD>838</SARD>
    <SICI>1669</SICI>
    <SUD>2238</SUD>
  </marketintervaldetail>
  <marketintervaldetail>
    <Data>20180529</Data>
    <Mercato>MGP</Mercato>
    <Ora>08</Ora>
    <Totale>34680</Totale>
    <CNOR>3612</CNOR>
    <CSUD>4930</CSUD>
    <NORD>20706</NORD>
    <SARD>937</SARD>
    <SICI>1949</SICI>
    <SUD>2546</SUD>
  </marketintervaldetail>
  <marketintervaldetail>
    <Data>20180529</Data>
    <Mercato>MGP</Mercato>
    <Ora>09</Ora>
    <Totale>38963</Totale>
    <CNOR>4165</CNOR>
    <CSUD>5561</CSUD>
    <NORD>23323</NORD>
    <SARD>989</SARD>
    <SICI>2128</SICI>
    <SUD>2797</SUD>
  </marketintervaldetail>
  <marketintervaldetail>
    <Data>20180529</Data>
    <Mercato>MGP</Mercato>
    <Ora>10</Ora>
    <Totale>40660</Totale>
    <CNOR>4287</CNOR>
    <CSUD>5989</CSUD>
    <NORD>24371</NORD>
    <SARD>1002</SARD>
    <SICI>2213</SICI>
    <SUD>2798</SUD>
  </marketintervaldetail>
  <marketintervaldetail>
    <Data>20180529</Data>
    <Mercato>MGP</Mercato>
    <Ora>11</Ora>
    <Totale>40844</Totale>
    <CNOR>4347</CNOR>
    <CSUD>6143</CSUD>
    <NORD>24278</NORD>
    <SARD>973</SARD>
    <SICI>2174</SICI>
    <SUD>2929</SUD>
  </marketintervaldetail>
  <marketintervaldetail>
    <Data>20180529</Data>
    <Mercato>MGP</Mercato>
    <Ora>12</Ora>
    <Totale>40571</Totale>
    <CNOR>4405</CNOR>
    <CSUD>6079</CSUD>
    <NORD>24031</NORD>
    <SARD>944</SARD>
    <SICI>2147</SICI>
    <SUD>2965</SUD>
  </marketintervaldetail>
  <marketintervaldetail>
    <Data>20180529</Data>
    <Mercato>MGP</Mercato>
    <Ora>13</Ora>
    <Totale>39104</Totale>
    <CNOR>4411</CNOR>
    <CSUD>6072</CSUD>
    <NORD>22596</NORD>
    <SARD>902</SARD>
    <SICI>2147</SICI>
    <SUD>2976</SUD>
  </marketintervaldetail>
  <marketintervaldetail>
    <Data>20180529</Data>
    <Mercato>MGP</Mercato>
    <Ora>14</Ora>
    <Totale>38783</Totale>
    <CNOR>4340</CNOR>
    <CSUD>5898</CSUD>
    <NORD>22659</NORD>
    <SARD>871</SARD>
    <SICI>2104</SICI>
    <SUD>2911</SUD>
  </marketintervaldetail>
  <marketintervaldetail>
    <Data>20180529</Data>
    <Mercato>MGP</Mercato>
    <Ora>15</Ora>
    <Totale>40472</Totale>
    <CNOR>4593</CNOR>
    <CSUD>6101</CSUD>
    <NORD>23955</NORD>
    <SARD>846</SARD>
    <SICI>2071</SICI>
    <SUD>2906</SUD>
  </marketintervaldetail>
  <marketintervaldetail>
    <Data>20180529</Data>
    <Mercato>MGP</Mercato>
    <Ora>16</Ora>
    <Totale>41470</Totale>
    <CNOR>4710</CNOR>
    <CSUD>6359</CSUD>
    <NORD>24577</NORD>
    <SARD>860</SARD>
    <SICI>2017</SICI>
    <SUD>2947</SUD>
  </marketintervaldetail>
  <marketintervaldetail>
    <Data>20180529</Data>
    <Mercato>MGP</Mercato>
    <Ora>17</Ora>
    <Totale>41874</Totale>
    <CNOR>4735</CNOR>
    <CSUD>6393</CSUD>
    <NORD>24774</NORD>
    <SARD>863</SARD>
    <SICI>2115</SICI>
    <SUD>2994</SUD>
  </marketintervaldetail>
  <marketintervaldetail>
    <Data>20180529</Data>
    <Mercato>MGP</Mercato>
    <Ora>18</Ora>
    <Totale>40928</Totale>
    <CNOR>4588</CNOR>
    <CSUD>6311</CSUD>
    <NORD>23881</NORD>
    <SARD>901</SARD>
    <SICI>2222</SICI>
    <SUD>3025</SUD>
  </marketintervaldetail>
  <marketintervaldetail>
    <Data>20180529</Data>
    <Mercato>MGP</Mercato>
    <Ora>19</Ora>
    <Totale>39838</Totale>
    <CNOR>4370</CNOR>
    <CSUD>6120</CSUD>
    <NORD>23110</NORD>
    <SARD>951</SARD>
    <SICI>2303</SICI>
    <SUD>2984</SUD>
  </marketintervaldetail>
  <marketintervaldetail>
    <Data>20180529</Data>
    <Mercato>MGP</Mercato>
    <Ora>20</Ora>
    <Totale>39510</Totale>
    <CNOR>4296</CNOR>
    <CSUD>6016</CSUD>
    <NORD>22793</NORD>
    <SARD>1005</SARD>
    <SICI>2349</SICI>
    <SUD>3051</SUD>
  </marketintervaldetail>
  <marketintervaldetail>
    <Data>20180529</Data>
    <Mercato>MGP</Mercato>
    <Ora>21</Ora>
    <Totale>38606</Totale>
    <CNOR>3986</CNOR>
    <CSUD>6008</CSUD>
    <NORD>21818</NORD>
    <SARD>1060</SARD>
    <SICI>2411</SICI>
    <SUD>3323</SUD>
  </marketintervaldetail>
  <marketintervaldetail>
    <Data>20180529</Data>
    <Mercato>MGP</Mercato>
    <Ora>22</Ora>
    <Totale>38282</Totale>
    <CNOR>3998</CNOR>
    <CSUD>6006</CSUD>
    <NORD>21511</NORD>
    <SARD>1075</SARD>
    <SICI>2373</SICI>
    <SUD>3319</SUD>
  </marketintervaldetail>
  <marketintervaldetail>
    <Data>20180529</Data>
    <Mercato>MGP</Mercato>
    <Ora>23</Ora>
    <Totale>35567</Totale>
    <CNOR>3740</CNOR>
    <CSUD>5586</CSUD>
    <NORD>19986</NORD>
    <SARD>1004</SARD>
    <SICI>2191</SICI>
    <SUD>3060</SUD>
  </marketintervaldetail>
  <marketintervaldetail>
    <Data>20180529</Data>
    <Mercato>MGP</Mercato>
    <Ora>24</Ora>
    <Totale>32286</Totale>
    <CNOR>3359</CNOR>
    <CSUD>5010</CSUD>
    <NORD>18218</NORD>
    <SARD>939</SARD>
    <SICI>1970</SICI>
    <SUD>2790</SUD>
  </marketintervaldetail>
</NewDataSet>