<?xml version="1.0" standalone="yes"?>
<NewDataSet>
  <xs:schema id="NewDataSet" xmlns="" xmlns:xs="http://www.w3.org/2001/XMLSchema" xmlns:msdata="urn:schemas-microsoft-com:xml-msdata">
    <xs:element name="NewDataSet" msdata:IsDataSet="true" msdata:MainDataTable="marketintervaldetail" msdata:UseCurrentLocale="true">
      <xs:complexType>
        <xs:choice minOccurs="0" maxOccurs="unbounded">
          <xs:element name="marketintervaldetail">
            <xs:complexType>
              <xs:sequence>
                <xs:element name="Data" type="xs:string" minOccurs="0" />
                <xs:element name="Mercato" type="xs:string" minOccurs="0" />
                <xs:element name="Ora" type="xs:string" minOccurs="0" />
                <xs:element name="Totale" type="xs:string" minOccurs="0" />
                <xs:element name="CNOR" type="xs:string" minOccurs="0" />
                <xs:element name="CSUD" type="xs:string" minOccurs="0" />
                <xs:element name="NORD" type="xs:string" minOccurs="0" />
                <xs:element name="SARD" type="xs:string" minOccurs="0" />
                <xs:element name="SICI" type="xs:string" minOccurs="0" />
                <xs:element name="SUD" type="xs:string" minOccurs="0" />
              </xs:sequence>
            </xs:complexType>
          </xs:element>
        </xs:choice>
      </xs:complexType>
    </xs:element>
  </xs:schema>
  <marketintervaldetail>
    <Data>20180519</Data>
    <Mercato>MGP</Mercato>
    <Ora>01</Ora>
    <Totale>27871</Totale>
    <CNOR>2842</CNOR>
    <CSUD>4192</CSUD>
    <NORD>15831</NORD>
    <SARD>1047</SARD>
    <SICI>1688</SICI>
    <SUD>2271</SUD>
  </marketintervaldetail>
  <marketintervaldetail>
    <Data>20180519</Data>
    <Mercato>MGP</Mercato>
    <Ora>02</Ora>
    <Totale>25880</Totale>
    <CNOR>2681</CNOR>
    <CSUD>3834</CSUD>
    <NORD>14757</NORD>
    <SARD>961</SARD>
    <SICI>1568</SICI>
    <SUD>2079</SUD>
  </marketintervaldetail>
  <marketintervaldetail>
    <Data>20180519</Data>
    <Mercato>MGP</Mercato>
    <Ora>03</Ora>
    <Totale>24798</Totale>
    <CNOR>2640</CNOR>
    <CSUD>3605</CSUD>
    <NORD>14146</NORD>
    <SARD>919</SARD>
    <SICI>1488</SICI>
    <SUD>2000</SUD>
  </marketintervaldetail>
  <marketintervaldetail>
    <Data>20180519</Data>
    <Mercato>MGP</Mercato>
    <Ora>04</Ora>
    <Totale>24247</Totale>
    <CNOR>2536</CNOR>
    <CSUD>3465</CSUD>
    <NORD>13896</NORD>
    <SARD>922</SARD>
    <SICI>1467</SICI>
    <SUD>1961</SUD>
  </marketintervaldetail>
  <marketintervaldetail>
    <Data>20180519</Data>
    <Mercato>MGP</Mercato>
    <Ora>05</Ora>
    <Totale>24270</Totale>
    <CNOR>2404</CNOR>
    <CSUD>3418</CSUD>
    <NORD>13964</NORD>
    <SARD>1000</SARD>
    <SICI>1451</SICI>
    <SUD>2033</SUD>
  </marketintervaldetail>
  <marketintervaldetail>
    <Data>20180519</Data>
    <Mercato>MGP</Mercato>
    <Ora>06</Ora>
    <Totale>24141</Totale>
    <CNOR>2282</CNOR>
    <CSUD>3362</CSUD>
    <NORD>14024</NORD>
    <SARD>1019</SARD>
    <SICI>1475</SICI>
    <SUD>1979</SUD>
  </marketintervaldetail>
  <marketintervaldetail>
    <Data>20180519</Data>
    <Mercato>MGP</Mercato>
    <Ora>07</Ora>
    <Totale>24668</Totale>
    <CNOR>2335</CNOR>
    <CSUD>3439</CSUD>
    <NORD>14365</NORD>
    <SARD>1045</SARD>
    <SICI>1496</SICI>
    <SUD>1988</SUD>
  </marketintervaldetail>
  <marketintervaldetail>
    <Data>20180519</Data>
    <Mercato>MGP</Mercato>
    <Ora>08</Ora>
    <Totale>27666</Totale>
    <CNOR>2700</CNOR>
    <CSUD>3903</CSUD>
    <NORD>16059</NORD>
    <SARD>1110</SARD>
    <SICI>1699</SICI>
    <SUD>2195</SUD>
  </marketintervaldetail>
  <marketintervaldetail>
    <Data>20180519</Data>
    <Mercato>MGP</Mercato>
    <Ora>09</Ora>
    <Totale>30383</Totale>
    <CNOR>3003</CNOR>
    <CSUD>4430</CSUD>
    <NORD>17457</NORD>
    <SARD>1097</SARD>
    <SICI>1927</SICI>
    <SUD>2469</SUD>
  </marketintervaldetail>
  <marketintervaldetail>
    <Data>20180519</Data>
    <Mercato>MGP</Mercato>
    <Ora>10</Ora>
    <Totale>31815</Totale>
    <CNOR>3305</CNOR>
    <CSUD>4658</CSUD>
    <NORD>18172</NORD>
    <SARD>1070</SARD>
    <SICI>2020</SICI>
    <SUD>2590</SUD>
  </marketintervaldetail>
  <marketintervaldetail>
    <Data>20180519</Data>
    <Mercato>MGP</Mercato>
    <Ora>11</Ora>
    <Totale>31533</Totale>
    <CNOR>3431</CNOR>
    <CSUD>4683</CSUD>
    <NORD>17914</NORD>
    <SARD>1058</SARD>
    <SICI>2046</SICI>
    <SUD>2401</SUD>
  </marketintervaldetail>
  <marketintervaldetail>
    <Data>20180519</Data>
    <Mercato>MGP</Mercato>
    <Ora>12</Ora>
    <Totale>30803</Totale>
    <CNOR>3405</CNOR>
    <CSUD>4628</CSUD>
    <NORD>17231</NORD>
    <SARD>1004</SARD>
    <SICI>1971</SICI>
    <SUD>2564</SUD>
  </marketintervaldetail>
  <marketintervaldetail>
    <Data>20180519</Data>
    <Mercato>MGP</Mercato>
    <Ora>13</Ora>
    <Totale>29802</Totale>
    <CNOR>3156</CNOR>
    <CSUD>4814</CSUD>
    <NORD>16253</NORD>
    <SARD>980</SARD>
    <SICI>2010</SICI>
    <SUD>2589</SUD>
  </marketintervaldetail>
  <marketintervaldetail>
    <Data>20180519</Data>
    <Mercato>MGP</Mercato>
    <Ora>14</Ora>
    <Totale>28758</Totale>
    <CNOR>3023</CNOR>
    <CSUD>4856</CSUD>
    <NORD>15509</NORD>
    <SARD>957</SARD>
    <SICI>1990</SICI>
    <SUD>2423</SUD>
  </marketintervaldetail>
  <marketintervaldetail>
    <Data>20180519</Data>
    <Mercato>MGP</Mercato>
    <Ora>15</Ora>
    <Totale>28574</Totale>
    <CNOR>2983</CNOR>
    <CSUD>4728</CSUD>
    <NORD>15567</NORD>
    <SARD>931</SARD>
    <SICI>1879</SICI>
    <SUD>2486</SUD>
  </marketintervaldetail>
  <marketintervaldetail>
    <Data>20180519</Data>
    <Mercato>MGP</Mercato>
    <Ora>16</Ora>
    <Totale>28695</Totale>
    <CNOR>3228</CNOR>
    <CSUD>4791</CSUD>
    <NORD>15616</NORD>
    <SARD>928</SARD>
    <SICI>1892</SICI>
    <SUD>2240</SUD>
  </marketintervaldetail>
  <marketintervaldetail>
    <Data>20180519</Data>
    <Mercato>MGP</Mercato>
    <Ora>17</Ora>
    <Totale>29018</Totale>
    <CNOR>3404</CNOR>
    <CSUD>4922</CSUD>
    <NORD>15662</NORD>
    <SARD>965</SARD>
    <SICI>1908</SICI>
    <SUD>2157</SUD>
  </marketintervaldetail>
  <marketintervaldetail>
    <Data>20180519</Data>
    <Mercato>MGP</Mercato>
    <Ora>18</Ora>
    <Totale>29189</Totale>
    <CNOR>3298</CNOR>
    <CSUD>4878</CSUD>
    <NORD>15668</NORD>
    <SARD>1017</SARD>
    <SICI>1990</SICI>
    <SUD>2338</SUD>
  </marketintervaldetail>
  <marketintervaldetail>
    <Data>20180519</Data>
    <Mercato>MGP</Mercato>
    <Ora>19</Ora>
    <Totale>29778</Totale>
    <CNOR>3213</CNOR>
    <CSUD>4692</CSUD>
    <NORD>16240</NORD>
    <SARD>1108</SARD>
    <SICI>2036</SICI>
    <SUD>2489</SUD>
  </marketintervaldetail>
  <marketintervaldetail>
    <Data>20180519</Data>
    <Mercato>MGP</Mercato>
    <Ora>20</Ora>
    <Totale>30837</Totale>
    <CNOR>3311</CNOR>
    <CSUD>4690</CSUD>
    <NORD>16908</NORD>
    <SARD>1152</SARD>
    <SICI>2108</SICI>
    <SUD>2668</SUD>
  </marketintervaldetail>
  <marketintervaldetail>
    <Data>20180519</Data>
    <Mercato>MGP</Mercato>
    <Ora>21</Ora>
    <Totale>31648</Totale>
    <CNOR>3508</CNOR>
    <CSUD>5011</CSUD>
    <NORD>16666</NORD>
    <SARD>1166</SARD>
    <SICI>2300</SICI>
    <SUD>2997</SUD>
  </marketintervaldetail>
  <marketintervaldetail>
    <Data>20180519</Data>
    <Mercato>MGP</Mercato>
    <Ora>22</Ora>
    <Totale>31717</Totale>
    <CNOR>3515</CNOR>
    <CSUD>4960</CSUD>
    <NORD>16897</NORD>
    <SARD>1182</SARD>
    <SICI>2209</SICI>
    <SUD>2954</SUD>
  </marketintervaldetail>
  <marketintervaldetail>
    <Data>20180519</Data>
    <Mercato>MGP</Mercato>
    <Ora>23</Ora>
    <Totale>29727</Totale>
    <CNOR>3346</CNOR>
    <CSUD>4638</CSUD>
    <NORD>15967</NORD>
    <SARD>1113</SARD>
    <SICI>2030</SICI>
    <SUD>2633</SUD>
  </marketintervaldetail>
  <marketintervaldetail>
    <Data>20180519</Data>
    <Mercato>MGP</Mercato>
    <Ora>24</Ora>
    <Totale>27637</Totale>
    <CNOR>3059</CNOR>
    <CSUD>4310</CSUD>
    <NORD>14893</NORD>
    <SARD>1077</SARD>
    <SICI>1876</SICI>
    <SUD>2422</SUD>
  </marketintervaldetail>
</NewDataSet>