<?xml version="1.0" standalone="yes"?>
<NewDataSet>
  <xs:schema id="NewDataSet" xmlns="" xmlns:xs="http://www.w3.org/2001/XMLSchema" xmlns:msdata="urn:schemas-microsoft-com:xml-msdata">
    <xs:element name="NewDataSet" msdata:IsDataSet="true" msdata:MainDataTable="marketintervaldetail" msdata:UseCurrentLocale="true">
      <xs:complexType>
        <xs:choice minOccurs="0" maxOccurs="unbounded">
          <xs:element name="marketintervaldetail">
            <xs:complexType>
              <xs:sequence>
                <xs:element name="Data" type="xs:string" minOccurs="0" />
                <xs:element name="Mercato" type="xs:string" minOccurs="0" />
                <xs:element name="Ora" type="xs:string" minOccurs="0" />
                <xs:element name="Totale" type="xs:string" minOccurs="0" />
                <xs:element name="CNOR" type="xs:string" minOccurs="0" />
                <xs:element name="CSUD" type="xs:string" minOccurs="0" />
                <xs:element name="NORD" type="xs:string" minOccurs="0" />
                <xs:element name="SARD" type="xs:string" minOccurs="0" />
                <xs:element name="SICI" type="xs:string" minOccurs="0" />
                <xs:element name="SUD" type="xs:string" minOccurs="0" />
              </xs:sequence>
            </xs:complexType>
          </xs:element>
        </xs:choice>
      </xs:complexType>
    </xs:element>
  </xs:schema>
  <marketintervaldetail>
    <Data>20180528</Data>
    <Mercato>MGP</Mercato>
    <Ora>01</Ora>
    <Totale>24032</Totale>
    <CNOR>2470</CNOR>
    <CSUD>3899</CSUD>
    <NORD>12871</NORD>
    <SARD>857</SARD>
    <SICI>1671</SICI>
    <SUD>2264</SUD>
  </marketintervaldetail>
  <marketintervaldetail>
    <Data>20180528</Data>
    <Mercato>MGP</Mercato>
    <Ora>02</Ora>
    <Totale>22348</Totale>
    <CNOR>2293</CNOR>
    <CSUD>3599</CSUD>
    <NORD>12010</NORD>
    <SARD>803</SARD>
    <SICI>1510</SICI>
    <SUD>2133</SUD>
  </marketintervaldetail>
  <marketintervaldetail>
    <Data>20180528</Data>
    <Mercato>MGP</Mercato>
    <Ora>03</Ora>
    <Totale>21667</Totale>
    <CNOR>2176</CNOR>
    <CSUD>3382</CSUD>
    <NORD>11785</NORD>
    <SARD>783</SARD>
    <SICI>1458</SICI>
    <SUD>2083</SUD>
  </marketintervaldetail>
  <marketintervaldetail>
    <Data>20180528</Data>
    <Mercato>MGP</Mercato>
    <Ora>04</Ora>
    <Totale>21453</Totale>
    <CNOR>2136</CNOR>
    <CSUD>3306</CSUD>
    <NORD>11736</NORD>
    <SARD>779</SARD>
    <SICI>1438</SICI>
    <SUD>2058</SUD>
  </marketintervaldetail>
  <marketintervaldetail>
    <Data>20180528</Data>
    <Mercato>MGP</Mercato>
    <Ora>05</Ora>
    <Totale>21894</Totale>
    <CNOR>2196</CNOR>
    <CSUD>3332</CSUD>
    <NORD>12093</NORD>
    <SARD>781</SARD>
    <SICI>1434</SICI>
    <SUD>2058</SUD>
  </marketintervaldetail>
  <marketintervaldetail>
    <Data>20180528</Data>
    <Mercato>MGP</Mercato>
    <Ora>06</Ora>
    <Totale>22910</Totale>
    <CNOR>2256</CNOR>
    <CSUD>3422</CSUD>
    <NORD>12915</NORD>
    <SARD>809</SARD>
    <SICI>1511</SICI>
    <SUD>1997</SUD>
  </marketintervaldetail>
  <marketintervaldetail>
    <Data>20180528</Data>
    <Mercato>MGP</Mercato>
    <Ora>07</Ora>
    <Totale>26580</Totale>
    <CNOR>2659</CNOR>
    <CSUD>3815</CSUD>
    <NORD>15562</NORD>
    <SARD>851</SARD>
    <SICI>1591</SICI>
    <SUD>2102</SUD>
  </marketintervaldetail>
  <marketintervaldetail>
    <Data>20180528</Data>
    <Mercato>MGP</Mercato>
    <Ora>08</Ora>
    <Totale>32522</Totale>
    <CNOR>3300</CNOR>
    <CSUD>4632</CSUD>
    <NORD>19348</NORD>
    <SARD>959</SARD>
    <SICI>1877</SICI>
    <SUD>2406</SUD>
  </marketintervaldetail>
  <marketintervaldetail>
    <Data>20180528</Data>
    <Mercato>MGP</Mercato>
    <Ora>09</Ora>
    <Totale>37027</Totale>
    <CNOR>3902</CNOR>
    <CSUD>5215</CSUD>
    <NORD>22244</NORD>
    <SARD>1015</SARD>
    <SICI>2066</SICI>
    <SUD>2585</SUD>
  </marketintervaldetail>
  <marketintervaldetail>
    <Data>20180528</Data>
    <Mercato>MGP</Mercato>
    <Ora>10</Ora>
    <Totale>38777</Totale>
    <CNOR>4041</CNOR>
    <CSUD>5498</CSUD>
    <NORD>23466</NORD>
    <SARD>1023</SARD>
    <SICI>2143</SICI>
    <SUD>2606</SUD>
  </marketintervaldetail>
  <marketintervaldetail>
    <Data>20180528</Data>
    <Mercato>MGP</Mercato>
    <Ora>11</Ora>
    <Totale>39320</Totale>
    <CNOR>4143</CNOR>
    <CSUD>5642</CSUD>
    <NORD>23717</NORD>
    <SARD>997</SARD>
    <SICI>2107</SICI>
    <SUD>2714</SUD>
  </marketintervaldetail>
  <marketintervaldetail>
    <Data>20180528</Data>
    <Mercato>MGP</Mercato>
    <Ora>12</Ora>
    <Totale>39325</Totale>
    <CNOR>4169</CNOR>
    <CSUD>5562</CSUD>
    <NORD>23742</NORD>
    <SARD>973</SARD>
    <SICI>2061</SICI>
    <SUD>2818</SUD>
  </marketintervaldetail>
  <marketintervaldetail>
    <Data>20180528</Data>
    <Mercato>MGP</Mercato>
    <Ora>13</Ora>
    <Totale>38060</Totale>
    <CNOR>4110</CNOR>
    <CSUD>5752</CSUD>
    <NORD>22342</NORD>
    <SARD>982</SARD>
    <SICI>2003</SICI>
    <SUD>2871</SUD>
  </marketintervaldetail>
  <marketintervaldetail>
    <Data>20180528</Data>
    <Mercato>MGP</Mercato>
    <Ora>14</Ora>
    <Totale>37990</Totale>
    <CNOR>4097</CNOR>
    <CSUD>5666</CSUD>
    <NORD>22393</NORD>
    <SARD>957</SARD>
    <SICI>1997</SICI>
    <SUD>2880</SUD>
  </marketintervaldetail>
  <marketintervaldetail>
    <Data>20180528</Data>
    <Mercato>MGP</Mercato>
    <Ora>15</Ora>
    <Totale>40080</Totale>
    <CNOR>4478</CNOR>
    <CSUD>5915</CSUD>
    <NORD>23874</NORD>
    <SARD>904</SARD>
    <SICI>1972</SICI>
    <SUD>2937</SUD>
  </marketintervaldetail>
  <marketintervaldetail>
    <Data>20180528</Data>
    <Mercato>MGP</Mercato>
    <Ora>16</Ora>
    <Totale>41041</Totale>
    <CNOR>4686</CNOR>
    <CSUD>6121</CSUD>
    <NORD>24480</NORD>
    <SARD>881</SARD>
    <SICI>1921</SICI>
    <SUD>2952</SUD>
  </marketintervaldetail>
  <marketintervaldetail>
    <Data>20180528</Data>
    <Mercato>MGP</Mercato>
    <Ora>17</Ora>
    <Totale>41260</Totale>
    <CNOR>4753</CNOR>
    <CSUD>6134</CSUD>
    <NORD>24580</NORD>
    <SARD>904</SARD>
    <SICI>2019</SICI>
    <SUD>2870</SUD>
  </marketintervaldetail>
  <marketintervaldetail>
    <Data>20180528</Data>
    <Mercato>MGP</Mercato>
    <Ora>18</Ora>
    <Totale>40487</Totale>
    <CNOR>4662</CNOR>
    <CSUD>6080</CSUD>
    <NORD>23703</NORD>
    <SARD>913</SARD>
    <SICI>2175</SICI>
    <SUD>2954</SUD>
  </marketintervaldetail>
  <marketintervaldetail>
    <Data>20180528</Data>
    <Mercato>MGP</Mercato>
    <Ora>19</Ora>
    <Totale>39371</Totale>
    <CNOR>4401</CNOR>
    <CSUD>5914</CSUD>
    <NORD>22903</NORD>
    <SARD>930</SARD>
    <SICI>2219</SICI>
    <SUD>3004</SUD>
  </marketintervaldetail>
  <marketintervaldetail>
    <Data>20180528</Data>
    <Mercato>MGP</Mercato>
    <Ora>20</Ora>
    <Totale>39140</Totale>
    <CNOR>4314</CNOR>
    <CSUD>5837</CSUD>
    <NORD>22673</NORD>
    <SARD>971</SARD>
    <SICI>2264</SICI>
    <SUD>3081</SUD>
  </marketintervaldetail>
  <marketintervaldetail>
    <Data>20180528</Data>
    <Mercato>MGP</Mercato>
    <Ora>21</Ora>
    <Totale>38409</Totale>
    <CNOR>4050</CNOR>
    <CSUD>5869</CSUD>
    <NORD>21785</NORD>
    <SARD>1022</SARD>
    <SICI>2375</SICI>
    <SUD>3308</SUD>
  </marketintervaldetail>
  <marketintervaldetail>
    <Data>20180528</Data>
    <Mercato>MGP</Mercato>
    <Ora>22</Ora>
    <Totale>38270</Totale>
    <CNOR>4094</CNOR>
    <CSUD>5872</CSUD>
    <NORD>21582</NORD>
    <SARD>1042</SARD>
    <SICI>2387</SICI>
    <SUD>3293</SUD>
  </marketintervaldetail>
  <marketintervaldetail>
    <Data>20180528</Data>
    <Mercato>MGP</Mercato>
    <Ora>23</Ora>
    <Totale>35431</Totale>
    <CNOR>3811</CNOR>
    <CSUD>5428</CSUD>
    <NORD>19992</NORD>
    <SARD>974</SARD>
    <SICI>2214</SICI>
    <SUD>3012</SUD>
  </marketintervaldetail>
  <marketintervaldetail>
    <Data>20180528</Data>
    <Mercato>MGP</Mercato>
    <Ora>24</Ora>
    <Totale>32029</Totale>
    <CNOR>3419</CNOR>
    <CSUD>4859</CSUD>
    <NORD>18153</NORD>
    <SARD>909</SARD>
    <SICI>1989</SICI>
    <SUD>2700</SUD>
  </marketintervaldetail>
</NewDataSet>