<?xml version="1.0" standalone="yes"?>
<NewDataSet>
  <xs:schema id="NewDataSet" xmlns="" xmlns:xs="http://www.w3.org/2001/XMLSchema" xmlns:msdata="urn:schemas-microsoft-com:xml-msdata">
    <xs:element name="NewDataSet" msdata:IsDataSet="true" msdata:MainDataTable="marketintervaldetail" msdata:UseCurrentLocale="true">
      <xs:complexType>
        <xs:choice minOccurs="0" maxOccurs="unbounded">
          <xs:element name="marketintervaldetail">
            <xs:complexType>
              <xs:sequence>
                <xs:element name="Data" type="xs:string" minOccurs="0" />
                <xs:element name="Mercato" type="xs:string" minOccurs="0" />
                <xs:element name="Ora" type="xs:string" minOccurs="0" />
                <xs:element name="Totale" type="xs:string" minOccurs="0" />
                <xs:element name="CNOR" type="xs:string" minOccurs="0" />
                <xs:element name="CSUD" type="xs:string" minOccurs="0" />
                <xs:element name="NORD" type="xs:string" minOccurs="0" />
                <xs:element name="SARD" type="xs:string" minOccurs="0" />
                <xs:element name="SICI" type="xs:string" minOccurs="0" />
                <xs:element name="SUD" type="xs:string" minOccurs="0" />
              </xs:sequence>
            </xs:complexType>
          </xs:element>
        </xs:choice>
      </xs:complexType>
    </xs:element>
  </xs:schema>
  <marketintervaldetail>
    <Data>20180506</Data>
    <Mercato>MGP</Mercato>
    <Ora>01</Ora>
    <Totale>25084</Totale>
    <CNOR>2643</CNOR>
    <CSUD>3797</CSUD>
    <NORD>13577</NORD>
    <SARD>847</SARD>
    <SICI>1642</SICI>
    <SUD>2578</SUD>
  </marketintervaldetail>
  <marketintervaldetail>
    <Data>20180506</Data>
    <Mercato>MGP</Mercato>
    <Ora>02</Ora>
    <Totale>23306</Totale>
    <CNOR>2418</CNOR>
    <CSUD>3479</CSUD>
    <NORD>12717</NORD>
    <SARD>790</SARD>
    <SICI>1550</SICI>
    <SUD>2352</SUD>
  </marketintervaldetail>
  <marketintervaldetail>
    <Data>20180506</Data>
    <Mercato>MGP</Mercato>
    <Ora>03</Ora>
    <Totale>22076</Totale>
    <CNOR>2260</CNOR>
    <CSUD>3198</CSUD>
    <NORD>12112</NORD>
    <SARD>766</SARD>
    <SICI>1453</SICI>
    <SUD>2287</SUD>
  </marketintervaldetail>
  <marketintervaldetail>
    <Data>20180506</Data>
    <Mercato>MGP</Mercato>
    <Ora>04</Ora>
    <Totale>21356</Totale>
    <CNOR>2197</CNOR>
    <CSUD>3109</CSUD>
    <NORD>11699</NORD>
    <SARD>753</SARD>
    <SICI>1406</SICI>
    <SUD>2192</SUD>
  </marketintervaldetail>
  <marketintervaldetail>
    <Data>20180506</Data>
    <Mercato>MGP</Mercato>
    <Ora>05</Ora>
    <Totale>21344</Totale>
    <CNOR>2195</CNOR>
    <CSUD>3074</CSUD>
    <NORD>11771</NORD>
    <SARD>747</SARD>
    <SICI>1387</SICI>
    <SUD>2170</SUD>
  </marketintervaldetail>
  <marketintervaldetail>
    <Data>20180506</Data>
    <Mercato>MGP</Mercato>
    <Ora>06</Ora>
    <Totale>21487</Totale>
    <CNOR>2229</CNOR>
    <CSUD>3135</CSUD>
    <NORD>11761</NORD>
    <SARD>755</SARD>
    <SICI>1379</SICI>
    <SUD>2228</SUD>
  </marketintervaldetail>
  <marketintervaldetail>
    <Data>20180506</Data>
    <Mercato>MGP</Mercato>
    <Ora>07</Ora>
    <Totale>20842</Totale>
    <CNOR>2144</CNOR>
    <CSUD>3069</CSUD>
    <NORD>11339</NORD>
    <SARD>776</SARD>
    <SICI>1315</SICI>
    <SUD>2199</SUD>
  </marketintervaldetail>
  <marketintervaldetail>
    <Data>20180506</Data>
    <Mercato>MGP</Mercato>
    <Ora>08</Ora>
    <Totale>21662</Totale>
    <CNOR>2147</CNOR>
    <CSUD>3264</CSUD>
    <NORD>11644</NORD>
    <SARD>813</SARD>
    <SICI>1427</SICI>
    <SUD>2367</SUD>
  </marketintervaldetail>
  <marketintervaldetail>
    <Data>20180506</Data>
    <Mercato>MGP</Mercato>
    <Ora>09</Ora>
    <Totale>23597</Totale>
    <CNOR>2385</CNOR>
    <CSUD>3813</CSUD>
    <NORD>12250</NORD>
    <SARD>861</SARD>
    <SICI>1625</SICI>
    <SUD>2663</SUD>
  </marketintervaldetail>
  <marketintervaldetail>
    <Data>20180506</Data>
    <Mercato>MGP</Mercato>
    <Ora>10</Ora>
    <Totale>25370</Totale>
    <CNOR>2670</CNOR>
    <CSUD>4260</CSUD>
    <NORD>13176</NORD>
    <SARD>897</SARD>
    <SICI>1660</SICI>
    <SUD>2707</SUD>
  </marketintervaldetail>
  <marketintervaldetail>
    <Data>20180506</Data>
    <Mercato>MGP</Mercato>
    <Ora>11</Ora>
    <Totale>25790</Totale>
    <CNOR>2621</CNOR>
    <CSUD>4332</CSUD>
    <NORD>13709</NORD>
    <SARD>892</SARD>
    <SICI>1602</SICI>
    <SUD>2634</SUD>
  </marketintervaldetail>
  <marketintervaldetail>
    <Data>20180506</Data>
    <Mercato>MGP</Mercato>
    <Ora>12</Ora>
    <Totale>25006</Totale>
    <CNOR>2485</CNOR>
    <CSUD>4334</CSUD>
    <NORD>12983</NORD>
    <SARD>895</SARD>
    <SICI>1636</SICI>
    <SUD>2673</SUD>
  </marketintervaldetail>
  <marketintervaldetail>
    <Data>20180506</Data>
    <Mercato>MGP</Mercato>
    <Ora>13</Ora>
    <Totale>25261</Totale>
    <CNOR>2714</CNOR>
    <CSUD>4498</CSUD>
    <NORD>12868</NORD>
    <SARD>864</SARD>
    <SICI>1660</SICI>
    <SUD>2657</SUD>
  </marketintervaldetail>
  <marketintervaldetail>
    <Data>20180506</Data>
    <Mercato>MGP</Mercato>
    <Ora>14</Ora>
    <Totale>25018</Totale>
    <CNOR>2695</CNOR>
    <CSUD>4462</CSUD>
    <NORD>12892</NORD>
    <SARD>803</SARD>
    <SICI>1536</SICI>
    <SUD>2630</SUD>
  </marketintervaldetail>
  <marketintervaldetail>
    <Data>20180506</Data>
    <Mercato>MGP</Mercato>
    <Ora>15</Ora>
    <Totale>24839</Totale>
    <CNOR>2744</CNOR>
    <CSUD>4340</CSUD>
    <NORD>12915</NORD>
    <SARD>740</SARD>
    <SICI>1438</SICI>
    <SUD>2662</SUD>
  </marketintervaldetail>
  <marketintervaldetail>
    <Data>20180506</Data>
    <Mercato>MGP</Mercato>
    <Ora>16</Ora>
    <Totale>24517</Totale>
    <CNOR>2882</CNOR>
    <CSUD>4407</CSUD>
    <NORD>12295</NORD>
    <SARD>752</SARD>
    <SICI>1459</SICI>
    <SUD>2722</SUD>
  </marketintervaldetail>
  <marketintervaldetail>
    <Data>20180506</Data>
    <Mercato>MGP</Mercato>
    <Ora>17</Ora>
    <Totale>24902</Totale>
    <CNOR>2910</CNOR>
    <CSUD>4408</CSUD>
    <NORD>12720</NORD>
    <SARD>794</SARD>
    <SICI>1493</SICI>
    <SUD>2577</SUD>
  </marketintervaldetail>
  <marketintervaldetail>
    <Data>20180506</Data>
    <Mercato>MGP</Mercato>
    <Ora>18</Ora>
    <Totale>25762</Totale>
    <CNOR>2830</CNOR>
    <CSUD>4317</CSUD>
    <NORD>13520</NORD>
    <SARD>853</SARD>
    <SICI>1610</SICI>
    <SUD>2632</SUD>
  </marketintervaldetail>
  <marketintervaldetail>
    <Data>20180506</Data>
    <Mercato>MGP</Mercato>
    <Ora>19</Ora>
    <Totale>26726</Totale>
    <CNOR>2900</CNOR>
    <CSUD>4284</CSUD>
    <NORD>14242</NORD>
    <SARD>880</SARD>
    <SICI>1727</SICI>
    <SUD>2693</SUD>
  </marketintervaldetail>
  <marketintervaldetail>
    <Data>20180506</Data>
    <Mercato>MGP</Mercato>
    <Ora>20</Ora>
    <Totale>27861</Totale>
    <CNOR>3028</CNOR>
    <CSUD>4508</CSUD>
    <NORD>14820</NORD>
    <SARD>946</SARD>
    <SICI>1763</SICI>
    <SUD>2796</SUD>
  </marketintervaldetail>
  <marketintervaldetail>
    <Data>20180506</Data>
    <Mercato>MGP</Mercato>
    <Ora>21</Ora>
    <Totale>28924</Totale>
    <CNOR>3106</CNOR>
    <CSUD>4894</CSUD>
    <NORD>14989</NORD>
    <SARD>986</SARD>
    <SICI>1977</SICI>
    <SUD>2972</SUD>
  </marketintervaldetail>
  <marketintervaldetail>
    <Data>20180506</Data>
    <Mercato>MGP</Mercato>
    <Ora>22</Ora>
    <Totale>29292</Totale>
    <CNOR>3161</CNOR>
    <CSUD>4892</CSUD>
    <NORD>15326</NORD>
    <SARD>971</SARD>
    <SICI>1955</SICI>
    <SUD>2987</SUD>
  </marketintervaldetail>
  <marketintervaldetail>
    <Data>20180506</Data>
    <Mercato>MGP</Mercato>
    <Ora>23</Ora>
    <Totale>28036</Totale>
    <CNOR>3013</CNOR>
    <CSUD>4627</CSUD>
    <NORD>14760</NORD>
    <SARD>903</SARD>
    <SICI>1828</SICI>
    <SUD>2905</SUD>
  </marketintervaldetail>
  <marketintervaldetail>
    <Data>20180506</Data>
    <Mercato>MGP</Mercato>
    <Ora>24</Ora>
    <Totale>25811</Totale>
    <CNOR>2773</CNOR>
    <CSUD>4235</CSUD>
    <NORD>13622</NORD>
    <SARD>848</SARD>
    <SICI>1693</SICI>
    <SUD>2640</SUD>
  </marketintervaldetail>
</NewDataSet>