<?xml version="1.0" standalone="yes"?>
<NewDataSet>
  <xs:schema id="NewDataSet" xmlns="" xmlns:xs="http://www.w3.org/2001/XMLSchema" xmlns:msdata="urn:schemas-microsoft-com:xml-msdata">
    <xs:element name="NewDataSet" msdata:IsDataSet="true" msdata:MainDataTable="marketintervaldetail" msdata:UseCurrentLocale="true">
      <xs:complexType>
        <xs:choice minOccurs="0" maxOccurs="unbounded">
          <xs:element name="marketintervaldetail">
            <xs:complexType>
              <xs:sequence>
                <xs:element name="Data" type="xs:string" minOccurs="0" />
                <xs:element name="Mercato" type="xs:string" minOccurs="0" />
                <xs:element name="Ora" type="xs:string" minOccurs="0" />
                <xs:element name="Totale" type="xs:string" minOccurs="0" />
                <xs:element name="CNOR" type="xs:string" minOccurs="0" />
                <xs:element name="CSUD" type="xs:string" minOccurs="0" />
                <xs:element name="NORD" type="xs:string" minOccurs="0" />
                <xs:element name="SARD" type="xs:string" minOccurs="0" />
                <xs:element name="SICI" type="xs:string" minOccurs="0" />
                <xs:element name="SUD" type="xs:string" minOccurs="0" />
              </xs:sequence>
            </xs:complexType>
          </xs:element>
        </xs:choice>
      </xs:complexType>
    </xs:element>
  </xs:schema>
  <marketintervaldetail>
    <Data>20180513</Data>
    <Mercato>MGP</Mercato>
    <Ora>01</Ora>
    <Totale>25360</Totale>
    <CNOR>2659</CNOR>
    <CSUD>4123</CSUD>
    <NORD>13669</NORD>
    <SARD>862</SARD>
    <SICI>1725</SICI>
    <SUD>2322</SUD>
  </marketintervaldetail>
  <marketintervaldetail>
    <Data>20180513</Data>
    <Mercato>MGP</Mercato>
    <Ora>02</Ora>
    <Totale>23275</Totale>
    <CNOR>2488</CNOR>
    <CSUD>3759</CSUD>
    <NORD>12483</NORD>
    <SARD>820</SARD>
    <SICI>1609</SICI>
    <SUD>2116</SUD>
  </marketintervaldetail>
  <marketintervaldetail>
    <Data>20180513</Data>
    <Mercato>MGP</Mercato>
    <Ora>03</Ora>
    <Totale>22000</Totale>
    <CNOR>2371</CNOR>
    <CSUD>3488</CSUD>
    <NORD>11831</NORD>
    <SARD>790</SARD>
    <SICI>1508</SICI>
    <SUD>2012</SUD>
  </marketintervaldetail>
  <marketintervaldetail>
    <Data>20180513</Data>
    <Mercato>MGP</Mercato>
    <Ora>04</Ora>
    <Totale>21352</Totale>
    <CNOR>2306</CNOR>
    <CSUD>3304</CSUD>
    <NORD>11555</NORD>
    <SARD>773</SARD>
    <SICI>1444</SICI>
    <SUD>1970</SUD>
  </marketintervaldetail>
  <marketintervaldetail>
    <Data>20180513</Data>
    <Mercato>MGP</Mercato>
    <Ora>05</Ora>
    <Totale>21224</Totale>
    <CNOR>2263</CNOR>
    <CSUD>3245</CSUD>
    <NORD>11591</NORD>
    <SARD>766</SARD>
    <SICI>1404</SICI>
    <SUD>1955</SUD>
  </marketintervaldetail>
  <marketintervaldetail>
    <Data>20180513</Data>
    <Mercato>MGP</Mercato>
    <Ora>06</Ora>
    <Totale>21401</Totale>
    <CNOR>2299</CNOR>
    <CSUD>3208</CSUD>
    <NORD>11806</NORD>
    <SARD>771</SARD>
    <SICI>1409</SICI>
    <SUD>1908</SUD>
  </marketintervaldetail>
  <marketintervaldetail>
    <Data>20180513</Data>
    <Mercato>MGP</Mercato>
    <Ora>07</Ora>
    <Totale>20678</Totale>
    <CNOR>2208</CNOR>
    <CSUD>3131</CSUD>
    <NORD>11401</NORD>
    <SARD>785</SARD>
    <SICI>1355</SICI>
    <SUD>1798</SUD>
  </marketintervaldetail>
  <marketintervaldetail>
    <Data>20180513</Data>
    <Mercato>MGP</Mercato>
    <Ora>08</Ora>
    <Totale>21695</Totale>
    <CNOR>2368</CNOR>
    <CSUD>3366</CSUD>
    <NORD>11672</NORD>
    <SARD>821</SARD>
    <SICI>1501</SICI>
    <SUD>1967</SUD>
  </marketintervaldetail>
  <marketintervaldetail>
    <Data>20180513</Data>
    <Mercato>MGP</Mercato>
    <Ora>09</Ora>
    <Totale>23198</Totale>
    <CNOR>2601</CNOR>
    <CSUD>3729</CSUD>
    <NORD>12210</NORD>
    <SARD>864</SARD>
    <SICI>1642</SICI>
    <SUD>2152</SUD>
  </marketintervaldetail>
  <marketintervaldetail>
    <Data>20180513</Data>
    <Mercato>MGP</Mercato>
    <Ora>10</Ora>
    <Totale>24759</Totale>
    <CNOR>2787</CNOR>
    <CSUD>3961</CSUD>
    <NORD>13099</NORD>
    <SARD>889</SARD>
    <SICI>1764</SICI>
    <SUD>2259</SUD>
  </marketintervaldetail>
  <marketintervaldetail>
    <Data>20180513</Data>
    <Mercato>MGP</Mercato>
    <Ora>11</Ora>
    <Totale>25727</Totale>
    <CNOR>2841</CNOR>
    <CSUD>4190</CSUD>
    <NORD>13608</NORD>
    <SARD>861</SARD>
    <SICI>1791</SICI>
    <SUD>2436</SUD>
  </marketintervaldetail>
  <marketintervaldetail>
    <Data>20180513</Data>
    <Mercato>MGP</Mercato>
    <Ora>12</Ora>
    <Totale>26439</Totale>
    <CNOR>2818</CNOR>
    <CSUD>4304</CSUD>
    <NORD>14140</NORD>
    <SARD>836</SARD>
    <SICI>1839</SICI>
    <SUD>2502</SUD>
  </marketintervaldetail>
  <marketintervaldetail>
    <Data>20180513</Data>
    <Mercato>MGP</Mercato>
    <Ora>13</Ora>
    <Totale>26172</Totale>
    <CNOR>2785</CNOR>
    <CSUD>4460</CSUD>
    <NORD>13784</NORD>
    <SARD>830</SARD>
    <SICI>1814</SICI>
    <SUD>2499</SUD>
  </marketintervaldetail>
  <marketintervaldetail>
    <Data>20180513</Data>
    <Mercato>MGP</Mercato>
    <Ora>14</Ora>
    <Totale>25318</Totale>
    <CNOR>2738</CNOR>
    <CSUD>4530</CSUD>
    <NORD>13136</NORD>
    <SARD>783</SARD>
    <SICI>1714</SICI>
    <SUD>2417</SUD>
  </marketintervaldetail>
  <marketintervaldetail>
    <Data>20180513</Data>
    <Mercato>MGP</Mercato>
    <Ora>15</Ora>
    <Totale>24837</Totale>
    <CNOR>2832</CNOR>
    <CSUD>4365</CSUD>
    <NORD>13090</NORD>
    <SARD>745</SARD>
    <SICI>1650</SICI>
    <SUD>2155</SUD>
  </marketintervaldetail>
  <marketintervaldetail>
    <Data>20180513</Data>
    <Mercato>MGP</Mercato>
    <Ora>16</Ora>
    <Totale>24901</Totale>
    <CNOR>2930</CNOR>
    <CSUD>4458</CSUD>
    <NORD>12949</NORD>
    <SARD>752</SARD>
    <SICI>1631</SICI>
    <SUD>2181</SUD>
  </marketintervaldetail>
  <marketintervaldetail>
    <Data>20180513</Data>
    <Mercato>MGP</Mercato>
    <Ora>17</Ora>
    <Totale>24623</Totale>
    <CNOR>2835</CNOR>
    <CSUD>4385</CSUD>
    <NORD>12843</NORD>
    <SARD>756</SARD>
    <SICI>1642</SICI>
    <SUD>2162</SUD>
  </marketintervaldetail>
  <marketintervaldetail>
    <Data>20180513</Data>
    <Mercato>MGP</Mercato>
    <Ora>18</Ora>
    <Totale>25100</Totale>
    <CNOR>2846</CNOR>
    <CSUD>4259</CSUD>
    <NORD>13210</NORD>
    <SARD>784</SARD>
    <SICI>1686</SICI>
    <SUD>2315</SUD>
  </marketintervaldetail>
  <marketintervaldetail>
    <Data>20180513</Data>
    <Mercato>MGP</Mercato>
    <Ora>19</Ora>
    <Totale>25775</Totale>
    <CNOR>2878</CNOR>
    <CSUD>4237</CSUD>
    <NORD>13817</NORD>
    <SARD>814</SARD>
    <SICI>1716</SICI>
    <SUD>2313</SUD>
  </marketintervaldetail>
  <marketintervaldetail>
    <Data>20180513</Data>
    <Mercato>MGP</Mercato>
    <Ora>20</Ora>
    <Totale>27201</Totale>
    <CNOR>2966</CNOR>
    <CSUD>4353</CSUD>
    <NORD>14808</NORD>
    <SARD>885</SARD>
    <SICI>1816</SICI>
    <SUD>2373</SUD>
  </marketintervaldetail>
  <marketintervaldetail>
    <Data>20180513</Data>
    <Mercato>MGP</Mercato>
    <Ora>21</Ora>
    <Totale>29170</Totale>
    <CNOR>3246</CNOR>
    <CSUD>4839</CSUD>
    <NORD>15363</NORD>
    <SARD>953</SARD>
    <SICI>1988</SICI>
    <SUD>2781</SUD>
  </marketintervaldetail>
  <marketintervaldetail>
    <Data>20180513</Data>
    <Mercato>MGP</Mercato>
    <Ora>22</Ora>
    <Totale>30164</Totale>
    <CNOR>3350</CNOR>
    <CSUD>5031</CSUD>
    <NORD>15805</NORD>
    <SARD>1011</SARD>
    <SICI>2071</SICI>
    <SUD>2896</SUD>
  </marketintervaldetail>
  <marketintervaldetail>
    <Data>20180513</Data>
    <Mercato>MGP</Mercato>
    <Ora>23</Ora>
    <Totale>28872</Totale>
    <CNOR>3119</CNOR>
    <CSUD>4776</CSUD>
    <NORD>15362</NORD>
    <SARD>950</SARD>
    <SICI>1967</SICI>
    <SUD>2698</SUD>
  </marketintervaldetail>
  <marketintervaldetail>
    <Data>20180513</Data>
    <Mercato>MGP</Mercato>
    <Ora>24</Ora>
    <Totale>26167</Totale>
    <CNOR>2785</CNOR>
    <CSUD>4347</CSUD>
    <NORD>13863</NORD>
    <SARD>894</SARD>
    <SICI>1816</SICI>
    <SUD>2462</SUD>
  </marketintervaldetail>
</NewDataSet>