<?xml version="1.0" standalone="yes"?>
<NewDataSet>
  <xs:schema id="NewDataSet" xmlns="" xmlns:xs="http://www.w3.org/2001/XMLSchema" xmlns:msdata="urn:schemas-microsoft-com:xml-msdata">
    <xs:element name="NewDataSet" msdata:IsDataSet="true" msdata:MainDataTable="marketintervaldetail" msdata:UseCurrentLocale="true">
      <xs:complexType>
        <xs:choice minOccurs="0" maxOccurs="unbounded">
          <xs:element name="marketintervaldetail">
            <xs:complexType>
              <xs:sequence>
                <xs:element name="Data" type="xs:string" minOccurs="0" />
                <xs:element name="Mercato" type="xs:string" minOccurs="0" />
                <xs:element name="Ora" type="xs:string" minOccurs="0" />
                <xs:element name="Totale" type="xs:string" minOccurs="0" />
                <xs:element name="CNOR" type="xs:string" minOccurs="0" />
                <xs:element name="CSUD" type="xs:string" minOccurs="0" />
                <xs:element name="NORD" type="xs:string" minOccurs="0" />
                <xs:element name="SARD" type="xs:string" minOccurs="0" />
                <xs:element name="SICI" type="xs:string" minOccurs="0" />
                <xs:element name="SUD" type="xs:string" minOccurs="0" />
              </xs:sequence>
            </xs:complexType>
          </xs:element>
        </xs:choice>
      </xs:complexType>
    </xs:element>
  </xs:schema>
  <marketintervaldetail>
    <Data>20180504</Data>
    <Mercato>MGP</Mercato>
    <Ora>01</Ora>
    <Totale>28460</Totale>
    <CNOR>3167</CNOR>
    <CSUD>4063</CSUD>
    <NORD>16161</NORD>
    <SARD>859</SARD>
    <SICI>1661</SICI>
    <SUD>2549</SUD>
  </marketintervaldetail>
  <marketintervaldetail>
    <Data>20180504</Data>
    <Mercato>MGP</Mercato>
    <Ora>02</Ora>
    <Totale>27030</Totale>
    <CNOR>3048</CNOR>
    <CSUD>3774</CSUD>
    <NORD>15476</NORD>
    <SARD>813</SARD>
    <SICI>1549</SICI>
    <SUD>2370</SUD>
  </marketintervaldetail>
  <marketintervaldetail>
    <Data>20180504</Data>
    <Mercato>MGP</Mercato>
    <Ora>03</Ora>
    <Totale>26019</Totale>
    <CNOR>2973</CNOR>
    <CSUD>3652</CSUD>
    <NORD>14760</NORD>
    <SARD>790</SARD>
    <SICI>1512</SICI>
    <SUD>2332</SUD>
  </marketintervaldetail>
  <marketintervaldetail>
    <Data>20180504</Data>
    <Mercato>MGP</Mercato>
    <Ora>04</Ora>
    <Totale>25729</Totale>
    <CNOR>2921</CNOR>
    <CSUD>3651</CSUD>
    <NORD>14538</NORD>
    <SARD>786</SARD>
    <SICI>1515</SICI>
    <SUD>2318</SUD>
  </marketintervaldetail>
  <marketintervaldetail>
    <Data>20180504</Data>
    <Mercato>MGP</Mercato>
    <Ora>05</Ora>
    <Totale>25988</Totale>
    <CNOR>2943</CNOR>
    <CSUD>3691</CSUD>
    <NORD>14791</NORD>
    <SARD>784</SARD>
    <SICI>1467</SICI>
    <SUD>2312</SUD>
  </marketintervaldetail>
  <marketintervaldetail>
    <Data>20180504</Data>
    <Mercato>MGP</Mercato>
    <Ora>06</Ora>
    <Totale>27007</Totale>
    <CNOR>2967</CNOR>
    <CSUD>3833</CSUD>
    <NORD>15519</NORD>
    <SARD>807</SARD>
    <SICI>1513</SICI>
    <SUD>2368</SUD>
  </marketintervaldetail>
  <marketintervaldetail>
    <Data>20180504</Data>
    <Mercato>MGP</Mercato>
    <Ora>07</Ora>
    <Totale>30503</Totale>
    <CNOR>3291</CNOR>
    <CSUD>4175</CSUD>
    <NORD>18125</NORD>
    <SARD>876</SARD>
    <SICI>1653</SICI>
    <SUD>2383</SUD>
  </marketintervaldetail>
  <marketintervaldetail>
    <Data>20180504</Data>
    <Mercato>MGP</Mercato>
    <Ora>08</Ora>
    <Totale>35238</Totale>
    <CNOR>3800</CNOR>
    <CSUD>4912</CSUD>
    <NORD>20848</NORD>
    <SARD>1004</SARD>
    <SICI>1949</SICI>
    <SUD>2725</SUD>
  </marketintervaldetail>
  <marketintervaldetail>
    <Data>20180504</Data>
    <Mercato>MGP</Mercato>
    <Ora>09</Ora>
    <Totale>40879</Totale>
    <CNOR>4512</CNOR>
    <CSUD>5532</CSUD>
    <NORD>24764</NORD>
    <SARD>1093</SARD>
    <SICI>2123</SICI>
    <SUD>2855</SUD>
  </marketintervaldetail>
  <marketintervaldetail>
    <Data>20180504</Data>
    <Mercato>MGP</Mercato>
    <Ora>10</Ora>
    <Totale>42653</Totale>
    <CNOR>4627</CNOR>
    <CSUD>5730</CSUD>
    <NORD>26154</NORD>
    <SARD>1118</SARD>
    <SICI>2166</SICI>
    <SUD>2858</SUD>
  </marketintervaldetail>
  <marketintervaldetail>
    <Data>20180504</Data>
    <Mercato>MGP</Mercato>
    <Ora>11</Ora>
    <Totale>42463</Totale>
    <CNOR>4422</CNOR>
    <CSUD>5760</CSUD>
    <NORD>25959</NORD>
    <SARD>1125</SARD>
    <SICI>2087</SICI>
    <SUD>3110</SUD>
  </marketintervaldetail>
  <marketintervaldetail>
    <Data>20180504</Data>
    <Mercato>MGP</Mercato>
    <Ora>12</Ora>
    <Totale>42065</Totale>
    <CNOR>4387</CNOR>
    <CSUD>5779</CSUD>
    <NORD>25626</NORD>
    <SARD>1109</SARD>
    <SICI>2005</SICI>
    <SUD>3159</SUD>
  </marketintervaldetail>
  <marketintervaldetail>
    <Data>20180504</Data>
    <Mercato>MGP</Mercato>
    <Ora>13</Ora>
    <Totale>39904</Totale>
    <CNOR>4055</CNOR>
    <CSUD>5648</CSUD>
    <NORD>23940</NORD>
    <SARD>1119</SARD>
    <SICI>1973</SICI>
    <SUD>3169</SUD>
  </marketintervaldetail>
  <marketintervaldetail>
    <Data>20180504</Data>
    <Mercato>MGP</Mercato>
    <Ora>14</Ora>
    <Totale>38576</Totale>
    <CNOR>3714</CNOR>
    <CSUD>5321</CSUD>
    <NORD>23575</NORD>
    <SARD>1100</SARD>
    <SICI>1885</SICI>
    <SUD>2981</SUD>
  </marketintervaldetail>
  <marketintervaldetail>
    <Data>20180504</Data>
    <Mercato>MGP</Mercato>
    <Ora>15</Ora>
    <Totale>39273</Totale>
    <CNOR>4117</CNOR>
    <CSUD>5499</CSUD>
    <NORD>23764</NORD>
    <SARD>996</SARD>
    <SICI>1824</SICI>
    <SUD>3073</SUD>
  </marketintervaldetail>
  <marketintervaldetail>
    <Data>20180504</Data>
    <Mercato>MGP</Mercato>
    <Ora>16</Ora>
    <Totale>39740</Totale>
    <CNOR>4060</CNOR>
    <CSUD>5433</CSUD>
    <NORD>24206</NORD>
    <SARD>1008</SARD>
    <SICI>1848</SICI>
    <SUD>3185</SUD>
  </marketintervaldetail>
  <marketintervaldetail>
    <Data>20180504</Data>
    <Mercato>MGP</Mercato>
    <Ora>17</Ora>
    <Totale>39587</Totale>
    <CNOR>4204</CNOR>
    <CSUD>5504</CSUD>
    <NORD>24108</NORD>
    <SARD>1033</SARD>
    <SICI>1855</SICI>
    <SUD>2883</SUD>
  </marketintervaldetail>
  <marketintervaldetail>
    <Data>20180504</Data>
    <Mercato>MGP</Mercato>
    <Ora>18</Ora>
    <Totale>39232</Totale>
    <CNOR>4081</CNOR>
    <CSUD>5442</CSUD>
    <NORD>23858</NORD>
    <SARD>1065</SARD>
    <SICI>2001</SICI>
    <SUD>2785</SUD>
  </marketintervaldetail>
  <marketintervaldetail>
    <Data>20180504</Data>
    <Mercato>MGP</Mercato>
    <Ora>19</Ora>
    <Totale>38147</Totale>
    <CNOR>3962</CNOR>
    <CSUD>5230</CSUD>
    <NORD>23024</NORD>
    <SARD>1086</SARD>
    <SICI>2024</SICI>
    <SUD>2821</SUD>
  </marketintervaldetail>
  <marketintervaldetail>
    <Data>20180504</Data>
    <Mercato>MGP</Mercato>
    <Ora>20</Ora>
    <Totale>38732</Totale>
    <CNOR>4166</CNOR>
    <CSUD>5326</CSUD>
    <NORD>22717</NORD>
    <SARD>1161</SARD>
    <SICI>2109</SICI>
    <SUD>3253</SUD>
  </marketintervaldetail>
  <marketintervaldetail>
    <Data>20180504</Data>
    <Mercato>MGP</Mercato>
    <Ora>21</Ora>
    <Totale>39265</Totale>
    <CNOR>4424</CNOR>
    <CSUD>5655</CSUD>
    <NORD>22074</NORD>
    <SARD>1114</SARD>
    <SICI>2299</SICI>
    <SUD>3699</SUD>
  </marketintervaldetail>
  <marketintervaldetail>
    <Data>20180504</Data>
    <Mercato>MGP</Mercato>
    <Ora>22</Ora>
    <Totale>37534</Totale>
    <CNOR>4287</CNOR>
    <CSUD>5454</CSUD>
    <NORD>20975</NORD>
    <SARD>1083</SARD>
    <SICI>2217</SICI>
    <SUD>3518</SUD>
  </marketintervaldetail>
  <marketintervaldetail>
    <Data>20180504</Data>
    <Mercato>MGP</Mercato>
    <Ora>23</Ora>
    <Totale>34078</Totale>
    <CNOR>3933</CNOR>
    <CSUD>4912</CSUD>
    <NORD>19086</NORD>
    <SARD>1000</SARD>
    <SICI>2045</SICI>
    <SUD>3102</SUD>
  </marketintervaldetail>
  <marketintervaldetail>
    <Data>20180504</Data>
    <Mercato>MGP</Mercato>
    <Ora>24</Ora>
    <Totale>30341</Totale>
    <CNOR>3437</CNOR>
    <CSUD>4298</CSUD>
    <NORD>17100</NORD>
    <SARD>925</SARD>
    <SICI>1858</SICI>
    <SUD>2723</SUD>
  </marketintervaldetail>
</NewDataSet>