<?xml version="1.0" standalone="yes"?>
<NewDataSet>
  <xs:schema id="NewDataSet" xmlns="" xmlns:xs="http://www.w3.org/2001/XMLSchema" xmlns:msdata="urn:schemas-microsoft-com:xml-msdata">
    <xs:element name="NewDataSet" msdata:IsDataSet="true" msdata:MainDataTable="marketintervaldetail" msdata:UseCurrentLocale="true">
      <xs:complexType>
        <xs:choice minOccurs="0" maxOccurs="unbounded">
          <xs:element name="marketintervaldetail">
            <xs:complexType>
              <xs:sequence>
                <xs:element name="Data" type="xs:string" minOccurs="0" />
                <xs:element name="Mercato" type="xs:string" minOccurs="0" />
                <xs:element name="Ora" type="xs:string" minOccurs="0" />
                <xs:element name="Totale" type="xs:string" minOccurs="0" />
                <xs:element name="CNOR" type="xs:string" minOccurs="0" />
                <xs:element name="CSUD" type="xs:string" minOccurs="0" />
                <xs:element name="NORD" type="xs:string" minOccurs="0" />
                <xs:element name="SARD" type="xs:string" minOccurs="0" />
                <xs:element name="SICI" type="xs:string" minOccurs="0" />
                <xs:element name="SUD" type="xs:string" minOccurs="0" />
              </xs:sequence>
            </xs:complexType>
          </xs:element>
        </xs:choice>
      </xs:complexType>
    </xs:element>
  </xs:schema>
  <marketintervaldetail>
    <Data>20180510</Data>
    <Mercato>MGP</Mercato>
    <Ora>01</Ora>
    <Totale>28775</Totale>
    <CNOR>3053</CNOR>
    <CSUD>4130</CSUD>
    <NORD>16699</NORD>
    <SARD>877</SARD>
    <SICI>1673</SICI>
    <SUD>2343</SUD>
  </marketintervaldetail>
  <marketintervaldetail>
    <Data>20180510</Data>
    <Mercato>MGP</Mercato>
    <Ora>02</Ora>
    <Totale>26940</Totale>
    <CNOR>2837</CNOR>
    <CSUD>3862</CSUD>
    <NORD>15760</NORD>
    <SARD>823</SARD>
    <SICI>1544</SICI>
    <SUD>2114</SUD>
  </marketintervaldetail>
  <marketintervaldetail>
    <Data>20180510</Data>
    <Mercato>MGP</Mercato>
    <Ora>03</Ora>
    <Totale>25998</Totale>
    <CNOR>2743</CNOR>
    <CSUD>3660</CSUD>
    <NORD>15230</NORD>
    <SARD>806</SARD>
    <SICI>1461</SICI>
    <SUD>2098</SUD>
  </marketintervaldetail>
  <marketintervaldetail>
    <Data>20180510</Data>
    <Mercato>MGP</Mercato>
    <Ora>04</Ora>
    <Totale>25936</Totale>
    <CNOR>2670</CNOR>
    <CSUD>3521</CSUD>
    <NORD>15417</NORD>
    <SARD>798</SARD>
    <SICI>1354</SICI>
    <SUD>2176</SUD>
  </marketintervaldetail>
  <marketintervaldetail>
    <Data>20180510</Data>
    <Mercato>MGP</Mercato>
    <Ora>05</Ora>
    <Totale>26174</Totale>
    <CNOR>2673</CNOR>
    <CSUD>3521</CSUD>
    <NORD>15603</NORD>
    <SARD>813</SARD>
    <SICI>1367</SICI>
    <SUD>2197</SUD>
  </marketintervaldetail>
  <marketintervaldetail>
    <Data>20180510</Data>
    <Mercato>MGP</Mercato>
    <Ora>06</Ora>
    <Totale>27293</Totale>
    <CNOR>2810</CNOR>
    <CSUD>3727</CSUD>
    <NORD>16298</NORD>
    <SARD>844</SARD>
    <SICI>1470</SICI>
    <SUD>2144</SUD>
  </marketintervaldetail>
  <marketintervaldetail>
    <Data>20180510</Data>
    <Mercato>MGP</Mercato>
    <Ora>07</Ora>
    <Totale>30261</Totale>
    <CNOR>3227</CNOR>
    <CSUD>4090</CSUD>
    <NORD>18139</NORD>
    <SARD>933</SARD>
    <SICI>1605</SICI>
    <SUD>2267</SUD>
  </marketintervaldetail>
  <marketintervaldetail>
    <Data>20180510</Data>
    <Mercato>MGP</Mercato>
    <Ora>08</Ora>
    <Totale>35269</Totale>
    <CNOR>3792</CNOR>
    <CSUD>4820</CSUD>
    <NORD>20896</NORD>
    <SARD>1053</SARD>
    <SICI>1903</SICI>
    <SUD>2805</SUD>
  </marketintervaldetail>
  <marketintervaldetail>
    <Data>20180510</Data>
    <Mercato>MGP</Mercato>
    <Ora>09</Ora>
    <Totale>38679</Totale>
    <CNOR>4296</CNOR>
    <CSUD>5433</CSUD>
    <NORD>22660</NORD>
    <SARD>1121</SARD>
    <SICI>2075</SICI>
    <SUD>3094</SUD>
  </marketintervaldetail>
  <marketintervaldetail>
    <Data>20180510</Data>
    <Mercato>MGP</Mercato>
    <Ora>10</Ora>
    <Totale>40101</Totale>
    <CNOR>4452</CNOR>
    <CSUD>5773</CSUD>
    <NORD>23665</NORD>
    <SARD>1153</SARD>
    <SICI>2102</SICI>
    <SUD>2956</SUD>
  </marketintervaldetail>
  <marketintervaldetail>
    <Data>20180510</Data>
    <Mercato>MGP</Mercato>
    <Ora>11</Ora>
    <Totale>40435</Totale>
    <CNOR>4476</CNOR>
    <CSUD>5829</CSUD>
    <NORD>24090</NORD>
    <SARD>1156</SARD>
    <SICI>1997</SICI>
    <SUD>2887</SUD>
  </marketintervaldetail>
  <marketintervaldetail>
    <Data>20180510</Data>
    <Mercato>MGP</Mercato>
    <Ora>12</Ora>
    <Totale>39813</Totale>
    <CNOR>4360</CNOR>
    <CSUD>5767</CSUD>
    <NORD>23704</NORD>
    <SARD>1094</SARD>
    <SICI>1827</SICI>
    <SUD>3061</SUD>
  </marketintervaldetail>
  <marketintervaldetail>
    <Data>20180510</Data>
    <Mercato>MGP</Mercato>
    <Ora>13</Ora>
    <Totale>37629</Totale>
    <CNOR>3938</CNOR>
    <CSUD>5571</CSUD>
    <NORD>21959</NORD>
    <SARD>1012</SARD>
    <SICI>1876</SICI>
    <SUD>3273</SUD>
  </marketintervaldetail>
  <marketintervaldetail>
    <Data>20180510</Data>
    <Mercato>MGP</Mercato>
    <Ora>14</Ora>
    <Totale>37080</Totale>
    <CNOR>3669</CNOR>
    <CSUD>5605</CSUD>
    <NORD>21554</NORD>
    <SARD>998</SARD>
    <SICI>1820</SICI>
    <SUD>3434</SUD>
  </marketintervaldetail>
  <marketintervaldetail>
    <Data>20180510</Data>
    <Mercato>MGP</Mercato>
    <Ora>15</Ora>
    <Totale>38759</Totale>
    <CNOR>4137</CNOR>
    <CSUD>5470</CSUD>
    <NORD>23195</NORD>
    <SARD>975</SARD>
    <SICI>1782</SICI>
    <SUD>3200</SUD>
  </marketintervaldetail>
  <marketintervaldetail>
    <Data>20180510</Data>
    <Mercato>MGP</Mercato>
    <Ora>16</Ora>
    <Totale>39164</Totale>
    <CNOR>4294</CNOR>
    <CSUD>5606</CSUD>
    <NORD>23530</NORD>
    <SARD>986</SARD>
    <SICI>1786</SICI>
    <SUD>2962</SUD>
  </marketintervaldetail>
  <marketintervaldetail>
    <Data>20180510</Data>
    <Mercato>MGP</Mercato>
    <Ora>17</Ora>
    <Totale>39714</Totale>
    <CNOR>4412</CNOR>
    <CSUD>5667</CSUD>
    <NORD>23722</NORD>
    <SARD>996</SARD>
    <SICI>1976</SICI>
    <SUD>2941</SUD>
  </marketintervaldetail>
  <marketintervaldetail>
    <Data>20180510</Data>
    <Mercato>MGP</Mercato>
    <Ora>18</Ora>
    <Totale>38826</Totale>
    <CNOR>4315</CNOR>
    <CSUD>5810</CSUD>
    <NORD>22717</NORD>
    <SARD>1053</SARD>
    <SICI>2016</SICI>
    <SUD>2915</SUD>
  </marketintervaldetail>
  <marketintervaldetail>
    <Data>20180510</Data>
    <Mercato>MGP</Mercato>
    <Ora>19</Ora>
    <Totale>38326</Totale>
    <CNOR>4147</CNOR>
    <CSUD>5676</CSUD>
    <NORD>22231</NORD>
    <SARD>1136</SARD>
    <SICI>2137</SICI>
    <SUD>2999</SUD>
  </marketintervaldetail>
  <marketintervaldetail>
    <Data>20180510</Data>
    <Mercato>MGP</Mercato>
    <Ora>20</Ora>
    <Totale>38603</Totale>
    <CNOR>4227</CNOR>
    <CSUD>5826</CSUD>
    <NORD>22015</NORD>
    <SARD>1178</SARD>
    <SICI>2231</SICI>
    <SUD>3126</SUD>
  </marketintervaldetail>
  <marketintervaldetail>
    <Data>20180510</Data>
    <Mercato>MGP</Mercato>
    <Ora>21</Ora>
    <Totale>38556</Totale>
    <CNOR>4256</CNOR>
    <CSUD>5745</CSUD>
    <NORD>21437</NORD>
    <SARD>1198</SARD>
    <SICI>2431</SICI>
    <SUD>3489</SUD>
  </marketintervaldetail>
  <marketintervaldetail>
    <Data>20180510</Data>
    <Mercato>MGP</Mercato>
    <Ora>22</Ora>
    <Totale>37876</Totale>
    <CNOR>4128</CNOR>
    <CSUD>5661</CSUD>
    <NORD>21258</NORD>
    <SARD>1138</SARD>
    <SICI>2391</SICI>
    <SUD>3300</SUD>
  </marketintervaldetail>
  <marketintervaldetail>
    <Data>20180510</Data>
    <Mercato>MGP</Mercato>
    <Ora>23</Ora>
    <Totale>34759</Totale>
    <CNOR>3736</CNOR>
    <CSUD>5295</CSUD>
    <NORD>19554</NORD>
    <SARD>1068</SARD>
    <SICI>2236</SICI>
    <SUD>2870</SUD>
  </marketintervaldetail>
  <marketintervaldetail>
    <Data>20180510</Data>
    <Mercato>MGP</Mercato>
    <Ora>24</Ora>
    <Totale>31475</Totale>
    <CNOR>3404</CNOR>
    <CSUD>4651</CSUD>
    <NORD>17758</NORD>
    <SARD>976</SARD>
    <SICI>1962</SICI>
    <SUD>2724</SUD>
  </marketintervaldetail>
</NewDataSet>