<?xml version="1.0" standalone="yes"?>
<NewDataSet>
  <xs:schema id="NewDataSet" xmlns="" xmlns:xs="http://www.w3.org/2001/XMLSchema" xmlns:msdata="urn:schemas-microsoft-com:xml-msdata">
    <xs:element name="NewDataSet" msdata:IsDataSet="true" msdata:MainDataTable="marketintervaldetail" msdata:UseCurrentLocale="true">
      <xs:complexType>
        <xs:choice minOccurs="0" maxOccurs="unbounded">
          <xs:element name="marketintervaldetail">
            <xs:complexType>
              <xs:sequence>
                <xs:element name="Data" type="xs:string" minOccurs="0" />
                <xs:element name="Mercato" type="xs:string" minOccurs="0" />
                <xs:element name="Ora" type="xs:string" minOccurs="0" />
                <xs:element name="Totale" type="xs:string" minOccurs="0" />
                <xs:element name="CNOR" type="xs:string" minOccurs="0" />
                <xs:element name="CSUD" type="xs:string" minOccurs="0" />
                <xs:element name="NORD" type="xs:string" minOccurs="0" />
                <xs:element name="SARD" type="xs:string" minOccurs="0" />
                <xs:element name="SICI" type="xs:string" minOccurs="0" />
                <xs:element name="SUD" type="xs:string" minOccurs="0" />
              </xs:sequence>
            </xs:complexType>
          </xs:element>
        </xs:choice>
      </xs:complexType>
    </xs:element>
  </xs:schema>
  <marketintervaldetail>
    <Data>20180516</Data>
    <Mercato>MGP</Mercato>
    <Ora>01</Ora>
    <Totale>28191</Totale>
    <CNOR>3019</CNOR>
    <CSUD>4058</CSUD>
    <NORD>16125</NORD>
    <SARD>828</SARD>
    <SICI>1723</SICI>
    <SUD>2438</SUD>
  </marketintervaldetail>
  <marketintervaldetail>
    <Data>20180516</Data>
    <Mercato>MGP</Mercato>
    <Ora>02</Ora>
    <Totale>26470</Totale>
    <CNOR>2864</CNOR>
    <CSUD>3716</CSUD>
    <NORD>15278</NORD>
    <SARD>791</SARD>
    <SICI>1589</SICI>
    <SUD>2232</SUD>
  </marketintervaldetail>
  <marketintervaldetail>
    <Data>20180516</Data>
    <Mercato>MGP</Mercato>
    <Ora>03</Ora>
    <Totale>25545</Totale>
    <CNOR>2745</CNOR>
    <CSUD>3507</CSUD>
    <NORD>14844</NORD>
    <SARD>773</SARD>
    <SICI>1499</SICI>
    <SUD>2177</SUD>
  </marketintervaldetail>
  <marketintervaldetail>
    <Data>20180516</Data>
    <Mercato>MGP</Mercato>
    <Ora>04</Ora>
    <Totale>25163</Totale>
    <CNOR>2669</CNOR>
    <CSUD>3478</CSUD>
    <NORD>14639</NORD>
    <SARD>752</SARD>
    <SICI>1456</SICI>
    <SUD>2169</SUD>
  </marketintervaldetail>
  <marketintervaldetail>
    <Data>20180516</Data>
    <Mercato>MGP</Mercato>
    <Ora>05</Ora>
    <Totale>25342</Totale>
    <CNOR>2722</CNOR>
    <CSUD>3506</CSUD>
    <NORD>14716</NORD>
    <SARD>753</SARD>
    <SICI>1457</SICI>
    <SUD>2188</SUD>
  </marketintervaldetail>
  <marketintervaldetail>
    <Data>20180516</Data>
    <Mercato>MGP</Mercato>
    <Ora>06</Ora>
    <Totale>26350</Totale>
    <CNOR>2802</CNOR>
    <CSUD>3596</CSUD>
    <NORD>15522</NORD>
    <SARD>783</SARD>
    <SICI>1474</SICI>
    <SUD>2173</SUD>
  </marketintervaldetail>
  <marketintervaldetail>
    <Data>20180516</Data>
    <Mercato>MGP</Mercato>
    <Ora>07</Ora>
    <Totale>29231</Totale>
    <CNOR>3061</CNOR>
    <CSUD>3914</CSUD>
    <NORD>17586</NORD>
    <SARD>855</SARD>
    <SICI>1573</SICI>
    <SUD>2242</SUD>
  </marketintervaldetail>
  <marketintervaldetail>
    <Data>20180516</Data>
    <Mercato>MGP</Mercato>
    <Ora>08</Ora>
    <Totale>34836</Totale>
    <CNOR>3640</CNOR>
    <CSUD>4683</CSUD>
    <NORD>20963</NORD>
    <SARD>965</SARD>
    <SICI>1932</SICI>
    <SUD>2653</SUD>
  </marketintervaldetail>
  <marketintervaldetail>
    <Data>20180516</Data>
    <Mercato>MGP</Mercato>
    <Ora>09</Ora>
    <Totale>39073</Totale>
    <CNOR>4173</CNOR>
    <CSUD>5226</CSUD>
    <NORD>23692</NORD>
    <SARD>1024</SARD>
    <SICI>2100</SICI>
    <SUD>2858</SUD>
  </marketintervaldetail>
  <marketintervaldetail>
    <Data>20180516</Data>
    <Mercato>MGP</Mercato>
    <Ora>10</Ora>
    <Totale>40606</Totale>
    <CNOR>4290</CNOR>
    <CSUD>5516</CSUD>
    <NORD>24760</NORD>
    <SARD>1032</SARD>
    <SICI>2106</SICI>
    <SUD>2902</SUD>
  </marketintervaldetail>
  <marketintervaldetail>
    <Data>20180516</Data>
    <Mercato>MGP</Mercato>
    <Ora>11</Ora>
    <Totale>40699</Totale>
    <CNOR>4392</CNOR>
    <CSUD>5577</CSUD>
    <NORD>24750</NORD>
    <SARD>976</SARD>
    <SICI>2060</SICI>
    <SUD>2944</SUD>
  </marketintervaldetail>
  <marketintervaldetail>
    <Data>20180516</Data>
    <Mercato>MGP</Mercato>
    <Ora>12</Ora>
    <Totale>40399</Totale>
    <CNOR>4425</CNOR>
    <CSUD>5484</CSUD>
    <NORD>24593</NORD>
    <SARD>935</SARD>
    <SICI>1977</SICI>
    <SUD>2985</SUD>
  </marketintervaldetail>
  <marketintervaldetail>
    <Data>20180516</Data>
    <Mercato>MGP</Mercato>
    <Ora>13</Ora>
    <Totale>38271</Totale>
    <CNOR>4304</CNOR>
    <CSUD>5730</CSUD>
    <NORD>22494</NORD>
    <SARD>837</SARD>
    <SICI>2034</SICI>
    <SUD>2872</SUD>
  </marketintervaldetail>
  <marketintervaldetail>
    <Data>20180516</Data>
    <Mercato>MGP</Mercato>
    <Ora>14</Ora>
    <Totale>37505</Totale>
    <CNOR>4416</CNOR>
    <CSUD>5723</CSUD>
    <NORD>21688</NORD>
    <SARD>811</SARD>
    <SICI>2083</SICI>
    <SUD>2784</SUD>
  </marketintervaldetail>
  <marketintervaldetail>
    <Data>20180516</Data>
    <Mercato>MGP</Mercato>
    <Ora>15</Ora>
    <Totale>38817</Totale>
    <CNOR>3714</CNOR>
    <CSUD>5710</CSUD>
    <NORD>23462</NORD>
    <SARD>812</SARD>
    <SICI>2351</SICI>
    <SUD>2768</SUD>
  </marketintervaldetail>
  <marketintervaldetail>
    <Data>20180516</Data>
    <Mercato>MGP</Mercato>
    <Ora>16</Ora>
    <Totale>39442</Totale>
    <CNOR>3414</CNOR>
    <CSUD>5938</CSUD>
    <NORD>24079</NORD>
    <SARD>849</SARD>
    <SICI>2357</SICI>
    <SUD>2805</SUD>
  </marketintervaldetail>
  <marketintervaldetail>
    <Data>20180516</Data>
    <Mercato>MGP</Mercato>
    <Ora>17</Ora>
    <Totale>39369</Totale>
    <CNOR>3617</CNOR>
    <CSUD>6036</CSUD>
    <NORD>23720</NORD>
    <SARD>848</SARD>
    <SICI>2285</SICI>
    <SUD>2863</SUD>
  </marketintervaldetail>
  <marketintervaldetail>
    <Data>20180516</Data>
    <Mercato>MGP</Mercato>
    <Ora>18</Ora>
    <Totale>38594</Totale>
    <CNOR>3731</CNOR>
    <CSUD>5690</CSUD>
    <NORD>23256</NORD>
    <SARD>821</SARD>
    <SICI>2234</SICI>
    <SUD>2862</SUD>
  </marketintervaldetail>
  <marketintervaldetail>
    <Data>20180516</Data>
    <Mercato>MGP</Mercato>
    <Ora>19</Ora>
    <Totale>37607</Totale>
    <CNOR>3918</CNOR>
    <CSUD>5498</CSUD>
    <NORD>22253</NORD>
    <SARD>859</SARD>
    <SICI>2183</SICI>
    <SUD>2896</SUD>
  </marketintervaldetail>
  <marketintervaldetail>
    <Data>20180516</Data>
    <Mercato>MGP</Mercato>
    <Ora>20</Ora>
    <Totale>37729</Totale>
    <CNOR>4014</CNOR>
    <CSUD>5470</CSUD>
    <NORD>21973</NORD>
    <SARD>926</SARD>
    <SICI>2268</SICI>
    <SUD>3078</SUD>
  </marketintervaldetail>
  <marketintervaldetail>
    <Data>20180516</Data>
    <Mercato>MGP</Mercato>
    <Ora>21</Ora>
    <Totale>38448</Totale>
    <CNOR>4097</CNOR>
    <CSUD>5717</CSUD>
    <NORD>21925</NORD>
    <SARD>952</SARD>
    <SICI>2317</SICI>
    <SUD>3440</SUD>
  </marketintervaldetail>
  <marketintervaldetail>
    <Data>20180516</Data>
    <Mercato>MGP</Mercato>
    <Ora>22</Ora>
    <Totale>38461</Totale>
    <CNOR>4279</CNOR>
    <CSUD>5661</CSUD>
    <NORD>21681</NORD>
    <SARD>998</SARD>
    <SICI>2317</SICI>
    <SUD>3525</SUD>
  </marketintervaldetail>
  <marketintervaldetail>
    <Data>20180516</Data>
    <Mercato>MGP</Mercato>
    <Ora>23</Ora>
    <Totale>34738</Totale>
    <CNOR>3970</CNOR>
    <CSUD>5051</CSUD>
    <NORD>19691</NORD>
    <SARD>900</SARD>
    <SICI>2161</SICI>
    <SUD>2965</SUD>
  </marketintervaldetail>
  <marketintervaldetail>
    <Data>20180516</Data>
    <Mercato>MGP</Mercato>
    <Ora>24</Ora>
    <Totale>31031</Totale>
    <CNOR>3419</CNOR>
    <CSUD>4475</CSUD>
    <NORD>17655</NORD>
    <SARD>925</SARD>
    <SICI>1940</SICI>
    <SUD>2617</SUD>
  </marketintervaldetail>
</NewDataSet>