<?xml version="1.0" standalone="yes"?>
<NewDataSet>
  <xs:schema id="NewDataSet" xmlns="" xmlns:xs="http://www.w3.org/2001/XMLSchema" xmlns:msdata="urn:schemas-microsoft-com:xml-msdata">
    <xs:element name="NewDataSet" msdata:IsDataSet="true" msdata:UseCurrentLocale="true">
      <xs:complexType>
        <xs:choice minOccurs="0" maxOccurs="unbounded">
          <xs:element name="Quantita">
            <xs:complexType>
              <xs:sequence>
                <xs:element name="Data" type="xs:string" minOccurs="0" />
                <xs:element name="Mercato" type="xs:string" minOccurs="0" />
                <xs:element name="Ora" type="xs:string" minOccurs="0" />
                <xs:element name="TOTALE_ACQUISTI" type="xs:string" minOccurs="0" />
                <xs:element name="NAT_ACQUISTI" type="xs:string" minOccurs="0" />
                <xs:element name="CNOR_ACQUISTI" type="xs:string" minOccurs="0" />
                <xs:element name="CSUD_ACQUISTI" type="xs:string" minOccurs="0" />
                <xs:element name="NORD_ACQUISTI" type="xs:string" minOccurs="0" />
                <xs:element name="SARD_ACQUISTI" type="xs:string" minOccurs="0" />
                <xs:element name="SICI_ACQUISTI" type="xs:string" minOccurs="0" />
                <xs:element name="SUD_ACQUISTI" type="xs:string" minOccurs="0" />
                <xs:element name="AUST_ACQUISTI" type="xs:string" minOccurs="0" />
                <xs:element name="BRNN_ACQUISTI" type="xs:string" minOccurs="0" />
                <xs:element name="COAC_ACQUISTI" type="xs:string" minOccurs="0" />
                <xs:element name="CORS_ACQUISTI" type="xs:string" minOccurs="0" />
                <xs:element name="FOGN_ACQUISTI" type="xs:string" minOccurs="0" />
                <xs:element name="FRAN_ACQUISTI" type="xs:string" minOccurs="0" />
                <xs:element name="GREC_ACQUISTI" type="xs:string" minOccurs="0" />
                <xs:element name="MFTV_ACQUISTI" type="xs:string" minOccurs="0" />
                <xs:element name="PRGP_ACQUISTI" type="xs:string" minOccurs="0" />
                <xs:element name="ROSN_ACQUISTI" type="xs:string" minOccurs="0" />
                <xs:element name="SLOV_ACQUISTI" type="xs:string" minOccurs="0" />
                <xs:element name="SVIZ_ACQUISTI" type="xs:string" minOccurs="0" />
                <xs:element name="BSP_ACQUISTI" type="xs:string" minOccurs="0" />
                <xs:element name="MALT_ACQUISTI" type="xs:string" minOccurs="0" />
                <xs:element name="XAUS_ACQUISTI" type="xs:string" minOccurs="0" />
                <xs:element name="XFRA_ACQUISTI" type="xs:string" minOccurs="0" />
                <xs:element name="TOTALE_VENDITE" type="xs:string" minOccurs="0" />
                <xs:element name="NAT_VENDITE" type="xs:string" minOccurs="0" />
                <xs:element name="CNOR_VENDITE" type="xs:string" minOccurs="0" />
                <xs:element name="CSUD_VENDITE" type="xs:string" minOccurs="0" />
                <xs:element name="NORD_VENDITE" type="xs:string" minOccurs="0" />
                <xs:element name="SARD_VENDITE" type="xs:string" minOccurs="0" />
                <xs:element name="SICI_VENDITE" type="xs:string" minOccurs="0" />
                <xs:element name="SUD_VENDITE" type="xs:string" minOccurs="0" />
                <xs:element name="AUST_VENDITE" type="xs:string" minOccurs="0" />
                <xs:element name="BRNN_VENDITE" type="xs:string" minOccurs="0" />
                <xs:element name="COAC_VENDITE" type="xs:string" minOccurs="0" />
                <xs:element name="CORS_VENDITE" type="xs:string" minOccurs="0" />
                <xs:element name="FOGN_VENDITE" type="xs:string" minOccurs="0" />
                <xs:element name="FRAN_VENDITE" type="xs:string" minOccurs="0" />
                <xs:element name="GREC_VENDITE" type="xs:string" minOccurs="0" />
                <xs:element name="MFTV_VENDITE" type="xs:string" minOccurs="0" />
                <xs:element name="PRGP_VENDITE" type="xs:string" minOccurs="0" />
                <xs:element name="ROSN_VENDITE" type="xs:string" minOccurs="0" />
                <xs:element name="SLOV_VENDITE" type="xs:string" minOccurs="0" />
                <xs:element name="SVIZ_VENDITE" type="xs:string" minOccurs="0" />
                <xs:element name="BSP_VENDITE" type="xs:string" minOccurs="0" />
                <xs:element name="MALT_VENDITE" type="xs:string" minOccurs="0" />
                <xs:element name="XAUS_VENDITE" type="xs:string" minOccurs="0" />
                <xs:element name="XFRA_VENDITE" type="xs:string" minOccurs="0" />
                <xs:element name="TOTITABSP_VENDITE" msdata:ReadOnly="true" msdata:Expression="Convert(TOTALE_VENDITE, System.Double) + Convert(BSP_VENDITE,System.Double)" type="xs:string" minOccurs="0" />
                <xs:element name="TOTITABSP_ACQUISTI" msdata:ReadOnly="true" msdata:Expression="Convert(TOTALE_ACQUISTI, System.Double) + Convert(BSP_ACQUISTI, System.Double)" type="xs:string" minOccurs="0" />
              </xs:sequence>
            </xs:complexType>
          </xs:element>
        </xs:choice>
      </xs:complexType>
    </xs:element>
  </xs:schema>
  <Quantita>
    <Data>20180407</Data>
    <Mercato>MGP</Mercato>
    <Ora>1</Ora>
    <TOTALE_ACQUISTI>27874,071</TOTALE_ACQUISTI>
    <NAT_ACQUISTI>27874,071000</NAT_ACQUISTI>
    <CNOR_ACQUISTI>2953,973000</CNOR_ACQUISTI>
    <CSUD_ACQUISTI>4259,758000</CSUD_ACQUISTI>
    <NORD_ACQUISTI>15728,789000</NORD_ACQUISTI>
    <SARD_ACQUISTI>833,789000</SARD_ACQUISTI>
    <SICI_ACQUISTI>1661,703000</SICI_ACQUISTI>
    <SUD_ACQUISTI>2214,059000</SUD_ACQUISTI>
    <AUST_ACQUISTI>0,000000</AUST_ACQUISTI>
    <BRNN_ACQUISTI>0,000000</BRNN_ACQUISTI>
    <COAC_ACQUISTI>40,000000</COAC_ACQUISTI>
    <CORS_ACQUISTI>29,000000</CORS_ACQUISTI>
    <FOGN_ACQUISTI>0,000000</FOGN_ACQUISTI>
    <FRAN_ACQUISTI>0,000000</FRAN_ACQUISTI>
    <GREC_ACQUISTI>40,000000</GREC_ACQUISTI>
    <MFTV_ACQUISTI>0,000000</MFTV_ACQUISTI>
    <PRGP_ACQUISTI>0,000000</PRGP_ACQUISTI>
    <ROSN_ACQUISTI>0,000000</ROSN_ACQUISTI>
    <SLOV_ACQUISTI>0,000000</SLOV_ACQUISTI>
    <SVIZ_ACQUISTI>0,000000</SVIZ_ACQUISTI>
    <BSP_ACQUISTI>0,000000</BSP_ACQUISTI>
    <MALT_ACQUISTI>113,000000</MALT_ACQUISTI>
    <XAUS_ACQUISTI>0,000000</XAUS_ACQUISTI>
    <XFRA_ACQUISTI>0,000000</XFRA_ACQUISTI>
    <TOTALE_VENDITE>24636,071</TOTALE_VENDITE>
    <NAT_VENDITE>27874,071000</NAT_VENDITE>
    <CNOR_VENDITE>2212,240000</CNOR_VENDITE>
    <CSUD_VENDITE>2900,322000</CSUD_VENDITE>
    <NORD_VENDITE>10785,547000</NORD_VENDITE>
    <SARD_VENDITE>768,473000</SARD_VENDITE>
    <SICI_VENDITE>712,376000</SICI_VENDITE>
    <SUD_VENDITE>2696,628000</SUD_VENDITE>
    <AUST_VENDITE>20,000000</AUST_VENDITE>
    <BRNN_VENDITE>1280,712000</BRNN_VENDITE>
    <COAC_VENDITE>0,000000</COAC_VENDITE>
    <CORS_VENDITE>0,000000</CORS_VENDITE>
    <FOGN_VENDITE>40,239000</FOGN_VENDITE>
    <FRAN_VENDITE>99,000000</FRAN_VENDITE>
    <GREC_VENDITE>437,000000</GREC_VENDITE>
    <MFTV_VENDITE>0,000000</MFTV_VENDITE>
    <PRGP_VENDITE>0,000000</PRGP_VENDITE>
    <ROSN_VENDITE>40,534000</ROSN_VENDITE>
    <SLOV_VENDITE>0,000000</SLOV_VENDITE>
    <SVIZ_VENDITE>2643,000000</SVIZ_VENDITE>
    <BSP_VENDITE>530,000000</BSP_VENDITE>
    <MALT_VENDITE>0,000000</MALT_VENDITE>
    <XAUS_VENDITE>244,000000</XAUS_VENDITE>
    <XFRA_VENDITE>2464,000000</XFRA_VENDITE>
    <TOTITABSP_VENDITE>25166,071</TOTITABSP_VENDITE>
    <TOTITABSP_ACQUISTI>27874,071</TOTITABSP_ACQUISTI>
  </Quantita>
  <Quantita>
    <Data>20180407</Data>
    <Mercato>MGP</Mercato>
    <Ora>2</Ora>
    <TOTALE_ACQUISTI>26215,542</TOTALE_ACQUISTI>
    <NAT_ACQUISTI>26215,542000</NAT_ACQUISTI>
    <CNOR_ACQUISTI>2788,839000</CNOR_ACQUISTI>
    <CSUD_ACQUISTI>3894,198000</CSUD_ACQUISTI>
    <NORD_ACQUISTI>14913,277000</NORD_ACQUISTI>
    <SARD_ACQUISTI>775,421000</SARD_ACQUISTI>
    <SICI_ACQUISTI>1523,732000</SICI_ACQUISTI>
    <SUD_ACQUISTI>2054,161000</SUD_ACQUISTI>
    <AUST_ACQUISTI>0,000000</AUST_ACQUISTI>
    <BRNN_ACQUISTI>0,000000</BRNN_ACQUISTI>
    <COAC_ACQUISTI>39,000000</COAC_ACQUISTI>
    <CORS_ACQUISTI>5,000000</CORS_ACQUISTI>
    <FOGN_ACQUISTI>0,000000</FOGN_ACQUISTI>
    <FRAN_ACQUISTI>0,000000</FRAN_ACQUISTI>
    <GREC_ACQUISTI>117,914000</GREC_ACQUISTI>
    <MFTV_ACQUISTI>0,000000</MFTV_ACQUISTI>
    <PRGP_ACQUISTI>0,000000</PRGP_ACQUISTI>
    <ROSN_ACQUISTI>0,000000</ROSN_ACQUISTI>
    <SLOV_ACQUISTI>0,000000</SLOV_ACQUISTI>
    <SVIZ_ACQUISTI>0,000000</SVIZ_ACQUISTI>
    <BSP_ACQUISTI>0,000000</BSP_ACQUISTI>
    <MALT_ACQUISTI>104,000000</MALT_ACQUISTI>
    <XAUS_ACQUISTI>0,000000</XAUS_ACQUISTI>
    <XFRA_ACQUISTI>0,000000</XFRA_ACQUISTI>
    <TOTALE_VENDITE>22977,542</TOTALE_VENDITE>
    <NAT_VENDITE>26215,542000</NAT_VENDITE>
    <CNOR_VENDITE>2203,415000</CNOR_VENDITE>
    <CSUD_VENDITE>1384,509000</CSUD_VENDITE>
    <NORD_VENDITE>10698,530000</NORD_VENDITE>
    <SARD_VENDITE>792,538000</SARD_VENDITE>
    <SICI_VENDITE>703,313000</SICI_VENDITE>
    <SUD_VENDITE>2643,836000</SUD_VENDITE>
    <AUST_VENDITE>20,000000</AUST_VENDITE>
    <BRNN_VENDITE>1251,620000</BRNN_VENDITE>
    <COAC_VENDITE>0,000000</COAC_VENDITE>
    <CORS_VENDITE>0,000000</CORS_VENDITE>
    <FOGN_VENDITE>40,482000</FOGN_VENDITE>
    <FRAN_VENDITE>99,000000</FRAN_VENDITE>
    <GREC_VENDITE>462,000000</GREC_VENDITE>
    <MFTV_VENDITE>0,000000</MFTV_VENDITE>
    <PRGP_VENDITE>0,000000</PRGP_VENDITE>
    <ROSN_VENDITE>35,299000</ROSN_VENDITE>
    <SLOV_VENDITE>0,000000</SLOV_VENDITE>
    <SVIZ_VENDITE>2643,000000</SVIZ_VENDITE>
    <BSP_VENDITE>530,000000</BSP_VENDITE>
    <MALT_VENDITE>0,000000</MALT_VENDITE>
    <XAUS_VENDITE>244,000000</XAUS_VENDITE>
    <XFRA_VENDITE>2464,000000</XFRA_VENDITE>
    <TOTITABSP_VENDITE>23507,542</TOTITABSP_VENDITE>
    <TOTITABSP_ACQUISTI>26215,542</TOTITABSP_ACQUISTI>
  </Quantita>
  <Quantita>
    <Data>20180407</Data>
    <Mercato>MGP</Mercato>
    <Ora>3</Ora>
    <TOTALE_ACQUISTI>25335,762</TOTALE_ACQUISTI>
    <NAT_ACQUISTI>25335,762000</NAT_ACQUISTI>
    <CNOR_ACQUISTI>2661,098000</CNOR_ACQUISTI>
    <CSUD_ACQUISTI>3687,176000</CSUD_ACQUISTI>
    <NORD_ACQUISTI>14549,644000</NORD_ACQUISTI>
    <SARD_ACQUISTI>744,267000</SARD_ACQUISTI>
    <SICI_ACQUISTI>1443,896000</SICI_ACQUISTI>
    <SUD_ACQUISTI>1964,681000</SUD_ACQUISTI>
    <AUST_ACQUISTI>0,000000</AUST_ACQUISTI>
    <BRNN_ACQUISTI>0,000000</BRNN_ACQUISTI>
    <COAC_ACQUISTI>25,000000</COAC_ACQUISTI>
    <CORS_ACQUISTI>5,000000</CORS_ACQUISTI>
    <FOGN_ACQUISTI>0,000000</FOGN_ACQUISTI>
    <FRAN_ACQUISTI>0,000000</FRAN_ACQUISTI>
    <GREC_ACQUISTI>156,000000</GREC_ACQUISTI>
    <MFTV_ACQUISTI>0,000000</MFTV_ACQUISTI>
    <PRGP_ACQUISTI>0,000000</PRGP_ACQUISTI>
    <ROSN_ACQUISTI>0,000000</ROSN_ACQUISTI>
    <SLOV_ACQUISTI>0,000000</SLOV_ACQUISTI>
    <SVIZ_ACQUISTI>0,000000</SVIZ_ACQUISTI>
    <BSP_ACQUISTI>0,000000</BSP_ACQUISTI>
    <MALT_ACQUISTI>99,000000</MALT_ACQUISTI>
    <XAUS_ACQUISTI>0,000000</XAUS_ACQUISTI>
    <XFRA_ACQUISTI>0,000000</XFRA_ACQUISTI>
    <TOTALE_VENDITE>22097,762</TOTALE_VENDITE>
    <NAT_VENDITE>25335,762000</NAT_VENDITE>
    <CNOR_VENDITE>2173,822000</CNOR_VENDITE>
    <CSUD_VENDITE>1321,276000</CSUD_VENDITE>
    <NORD_VENDITE>10268,093000</NORD_VENDITE>
    <SARD_VENDITE>811,924000</SARD_VENDITE>
    <SICI_VENDITE>713,533000</SICI_VENDITE>
    <SUD_VENDITE>2429,864000</SUD_VENDITE>
    <AUST_VENDITE>20,000000</AUST_VENDITE>
    <BRNN_VENDITE>1043,588000</BRNN_VENDITE>
    <COAC_VENDITE>0,000000</COAC_VENDITE>
    <CORS_VENDITE>0,000000</CORS_VENDITE>
    <FOGN_VENDITE>37,780000</FOGN_VENDITE>
    <FRAN_VENDITE>99,000000</FRAN_VENDITE>
    <GREC_VENDITE>506,000000</GREC_VENDITE>
    <MFTV_VENDITE>0,000000</MFTV_VENDITE>
    <PRGP_VENDITE>0,000000</PRGP_VENDITE>
    <ROSN_VENDITE>29,882000</ROSN_VENDITE>
    <SLOV_VENDITE>0,000000</SLOV_VENDITE>
    <SVIZ_VENDITE>2643,000000</SVIZ_VENDITE>
    <BSP_VENDITE>530,000000</BSP_VENDITE>
    <MALT_VENDITE>0,000000</MALT_VENDITE>
    <XAUS_VENDITE>244,000000</XAUS_VENDITE>
    <XFRA_VENDITE>2464,000000</XFRA_VENDITE>
    <TOTITABSP_VENDITE>22627,762</TOTITABSP_VENDITE>
    <TOTITABSP_ACQUISTI>25335,762</TOTITABSP_ACQUISTI>
  </Quantita>
  <Quantita>
    <Data>20180407</Data>
    <Mercato>MGP</Mercato>
    <Ora>4</Ora>
    <TOTALE_ACQUISTI>24806,453</TOTALE_ACQUISTI>
    <NAT_ACQUISTI>24806,453000</NAT_ACQUISTI>
    <CNOR_ACQUISTI>2575,730000</CNOR_ACQUISTI>
    <CSUD_ACQUISTI>3613,141000</CSUD_ACQUISTI>
    <NORD_ACQUISTI>14248,498000</NORD_ACQUISTI>
    <SARD_ACQUISTI>741,011000</SARD_ACQUISTI>
    <SICI_ACQUISTI>1424,343000</SICI_ACQUISTI>
    <SUD_ACQUISTI>1944,730000</SUD_ACQUISTI>
    <AUST_ACQUISTI>0,000000</AUST_ACQUISTI>
    <BRNN_ACQUISTI>0,000000</BRNN_ACQUISTI>
    <COAC_ACQUISTI>25,000000</COAC_ACQUISTI>
    <CORS_ACQUISTI>5,000000</CORS_ACQUISTI>
    <FOGN_ACQUISTI>0,000000</FOGN_ACQUISTI>
    <FRAN_ACQUISTI>0,000000</FRAN_ACQUISTI>
    <GREC_ACQUISTI>131,000000</GREC_ACQUISTI>
    <MFTV_ACQUISTI>0,000000</MFTV_ACQUISTI>
    <PRGP_ACQUISTI>0,000000</PRGP_ACQUISTI>
    <ROSN_ACQUISTI>0,000000</ROSN_ACQUISTI>
    <SLOV_ACQUISTI>0,000000</SLOV_ACQUISTI>
    <SVIZ_ACQUISTI>0,000000</SVIZ_ACQUISTI>
    <BSP_ACQUISTI>0,000000</BSP_ACQUISTI>
    <MALT_ACQUISTI>98,000000</MALT_ACQUISTI>
    <XAUS_ACQUISTI>0,000000</XAUS_ACQUISTI>
    <XFRA_ACQUISTI>0,000000</XFRA_ACQUISTI>
    <TOTALE_VENDITE>21910,453</TOTALE_VENDITE>
    <NAT_VENDITE>24806,453000</NAT_VENDITE>
    <CNOR_VENDITE>2180,768000</CNOR_VENDITE>
    <CSUD_VENDITE>1245,960000</CSUD_VENDITE>
    <NORD_VENDITE>10542,593000</NORD_VENDITE>
    <SARD_VENDITE>830,051000</SARD_VENDITE>
    <SICI_VENDITE>693,844000</SICI_VENDITE>
    <SUD_VENDITE>2322,067000</SUD_VENDITE>
    <AUST_VENDITE>20,000000</AUST_VENDITE>
    <BRNN_VENDITE>1059,989000</BRNN_VENDITE>
    <COAC_VENDITE>0,000000</COAC_VENDITE>
    <CORS_VENDITE>0,000000</CORS_VENDITE>
    <FOGN_VENDITE>31,755000</FOGN_VENDITE>
    <FRAN_VENDITE>99,000000</FRAN_VENDITE>
    <GREC_VENDITE>462,000000</GREC_VENDITE>
    <MFTV_VENDITE>0,000000</MFTV_VENDITE>
    <PRGP_VENDITE>0,000000</PRGP_VENDITE>
    <ROSN_VENDITE>24,426000</ROSN_VENDITE>
    <SLOV_VENDITE>0,000000</SLOV_VENDITE>
    <SVIZ_VENDITE>2398,000000</SVIZ_VENDITE>
    <BSP_VENDITE>475,000000</BSP_VENDITE>
    <MALT_VENDITE>0,000000</MALT_VENDITE>
    <XAUS_VENDITE>225,000000</XAUS_VENDITE>
    <XFRA_VENDITE>2196,000000</XFRA_VENDITE>
    <TOTITABSP_VENDITE>22385,453</TOTITABSP_VENDITE>
    <TOTITABSP_ACQUISTI>24806,453</TOTITABSP_ACQUISTI>
  </Quantita>
  <Quantita>
    <Data>20180407</Data>
    <Mercato>MGP</Mercato>
    <Ora>5</Ora>
    <TOTALE_ACQUISTI>24767,45</TOTALE_ACQUISTI>
    <NAT_ACQUISTI>24767,450000</NAT_ACQUISTI>
    <CNOR_ACQUISTI>2561,405000</CNOR_ACQUISTI>
    <CSUD_ACQUISTI>3585,221000</CSUD_ACQUISTI>
    <NORD_ACQUISTI>14254,776000</NORD_ACQUISTI>
    <SARD_ACQUISTI>739,674000</SARD_ACQUISTI>
    <SICI_ACQUISTI>1423,826000</SICI_ACQUISTI>
    <SUD_ACQUISTI>1947,548000</SUD_ACQUISTI>
    <AUST_ACQUISTI>0,000000</AUST_ACQUISTI>
    <BRNN_ACQUISTI>0,000000</BRNN_ACQUISTI>
    <COAC_ACQUISTI>20,000000</COAC_ACQUISTI>
    <CORS_ACQUISTI>5,000000</CORS_ACQUISTI>
    <FOGN_ACQUISTI>0,000000</FOGN_ACQUISTI>
    <FRAN_ACQUISTI>0,000000</FRAN_ACQUISTI>
    <GREC_ACQUISTI>131,000000</GREC_ACQUISTI>
    <MFTV_ACQUISTI>0,000000</MFTV_ACQUISTI>
    <PRGP_ACQUISTI>0,000000</PRGP_ACQUISTI>
    <ROSN_ACQUISTI>0,000000</ROSN_ACQUISTI>
    <SLOV_ACQUISTI>0,000000</SLOV_ACQUISTI>
    <SVIZ_ACQUISTI>0,000000</SVIZ_ACQUISTI>
    <BSP_ACQUISTI>0,000000</BSP_ACQUISTI>
    <MALT_ACQUISTI>99,000000</MALT_ACQUISTI>
    <XAUS_ACQUISTI>0,000000</XAUS_ACQUISTI>
    <XFRA_ACQUISTI>0,000000</XFRA_ACQUISTI>
    <TOTALE_VENDITE>21871,45</TOTALE_VENDITE>
    <NAT_VENDITE>24767,450000</NAT_VENDITE>
    <CNOR_VENDITE>2239,198000</CNOR_VENDITE>
    <CSUD_VENDITE>1182,928000</CSUD_VENDITE>
    <NORD_VENDITE>10590,325000</NORD_VENDITE>
    <SARD_VENDITE>847,205000</SARD_VENDITE>
    <SICI_VENDITE>680,839000</SICI_VENDITE>
    <SUD_VENDITE>2170,481000</SUD_VENDITE>
    <AUST_VENDITE>20,000000</AUST_VENDITE>
    <BRNN_VENDITE>1141,357000</BRNN_VENDITE>
    <COAC_VENDITE>0,000000</COAC_VENDITE>
    <CORS_VENDITE>0,000000</CORS_VENDITE>
    <FOGN_VENDITE>26,584000</FOGN_VENDITE>
    <FRAN_VENDITE>99,000000</FRAN_VENDITE>
    <GREC_VENDITE>456,000000</GREC_VENDITE>
    <MFTV_VENDITE>0,000000</MFTV_VENDITE>
    <PRGP_VENDITE>0,000000</PRGP_VENDITE>
    <ROSN_VENDITE>19,533000</ROSN_VENDITE>
    <SLOV_VENDITE>0,000000</SLOV_VENDITE>
    <SVIZ_VENDITE>2398,000000</SVIZ_VENDITE>
    <BSP_VENDITE>475,000000</BSP_VENDITE>
    <MALT_VENDITE>0,000000</MALT_VENDITE>
    <XAUS_VENDITE>225,000000</XAUS_VENDITE>
    <XFRA_VENDITE>2196,000000</XFRA_VENDITE>
    <TOTITABSP_VENDITE>22346,45</TOTITABSP_VENDITE>
    <TOTITABSP_ACQUISTI>24767,45</TOTITABSP_ACQUISTI>
  </Quantita>
  <Quantita>
    <Data>20180407</Data>
    <Mercato>MGP</Mercato>
    <Ora>6</Ora>
    <TOTALE_ACQUISTI>25177,601</TOTALE_ACQUISTI>
    <NAT_ACQUISTI>25177,601000</NAT_ACQUISTI>
    <CNOR_ACQUISTI>2597,411000</CNOR_ACQUISTI>
    <CSUD_ACQUISTI>3697,201000</CSUD_ACQUISTI>
    <NORD_ACQUISTI>14454,411000</NORD_ACQUISTI>
    <SARD_ACQUISTI>759,146000</SARD_ACQUISTI>
    <SICI_ACQUISTI>1467,071000</SICI_ACQUISTI>
    <SUD_ACQUISTI>2011,361000</SUD_ACQUISTI>
    <AUST_ACQUISTI>0,000000</AUST_ACQUISTI>
    <BRNN_ACQUISTI>0,000000</BRNN_ACQUISTI>
    <COAC_ACQUISTI>22,000000</COAC_ACQUISTI>
    <CORS_ACQUISTI>5,000000</CORS_ACQUISTI>
    <FOGN_ACQUISTI>0,000000</FOGN_ACQUISTI>
    <FRAN_ACQUISTI>0,000000</FRAN_ACQUISTI>
    <GREC_ACQUISTI>51,000000</GREC_ACQUISTI>
    <MFTV_ACQUISTI>0,000000</MFTV_ACQUISTI>
    <PRGP_ACQUISTI>0,000000</PRGP_ACQUISTI>
    <ROSN_ACQUISTI>0,000000</ROSN_ACQUISTI>
    <SLOV_ACQUISTI>0,000000</SLOV_ACQUISTI>
    <SVIZ_ACQUISTI>0,000000</SVIZ_ACQUISTI>
    <BSP_ACQUISTI>0,000000</BSP_ACQUISTI>
    <MALT_ACQUISTI>113,000000</MALT_ACQUISTI>
    <XAUS_ACQUISTI>0,000000</XAUS_ACQUISTI>
    <XFRA_ACQUISTI>0,000000</XFRA_ACQUISTI>
    <TOTALE_VENDITE>22281,601</TOTALE_VENDITE>
    <NAT_VENDITE>25177,601000</NAT_VENDITE>
    <CNOR_VENDITE>2263,471000</CNOR_VENDITE>
    <CSUD_VENDITE>1140,992000</CSUD_VENDITE>
    <NORD_VENDITE>11065,951000</NORD_VENDITE>
    <SARD_VENDITE>862,116000</SARD_VENDITE>
    <SICI_VENDITE>677,547000</SICI_VENDITE>
    <SUD_VENDITE>2007,382000</SUD_VENDITE>
    <AUST_VENDITE>20,000000</AUST_VENDITE>
    <BRNN_VENDITE>1266,648000</BRNN_VENDITE>
    <COAC_VENDITE>0,000000</COAC_VENDITE>
    <CORS_VENDITE>0,000000</CORS_VENDITE>
    <FOGN_VENDITE>24,148000</FOGN_VENDITE>
    <FRAN_VENDITE>99,000000</FRAN_VENDITE>
    <GREC_VENDITE>440,000000</GREC_VENDITE>
    <MFTV_VENDITE>0,000000</MFTV_VENDITE>
    <PRGP_VENDITE>0,000000</PRGP_VENDITE>
    <ROSN_VENDITE>16,346000</ROSN_VENDITE>
    <SLOV_VENDITE>0,000000</SLOV_VENDITE>
    <SVIZ_VENDITE>2398,000000</SVIZ_VENDITE>
    <BSP_VENDITE>475,000000</BSP_VENDITE>
    <MALT_VENDITE>0,000000</MALT_VENDITE>
    <XAUS_VENDITE>225,000000</XAUS_VENDITE>
    <XFRA_VENDITE>2196,000000</XFRA_VENDITE>
    <TOTITABSP_VENDITE>22756,601</TOTITABSP_VENDITE>
    <TOTITABSP_ACQUISTI>25177,601</TOTITABSP_ACQUISTI>
  </Quantita>
  <Quantita>
    <Data>20180407</Data>
    <Mercato>MGP</Mercato>
    <Ora>7</Ora>
    <TOTALE_ACQUISTI>27212,326</TOTALE_ACQUISTI>
    <NAT_ACQUISTI>27212,326000</NAT_ACQUISTI>
    <CNOR_ACQUISTI>2788,187000</CNOR_ACQUISTI>
    <CSUD_ACQUISTI>4004,485000</CSUD_ACQUISTI>
    <NORD_ACQUISTI>15681,152000</NORD_ACQUISTI>
    <SARD_ACQUISTI>829,742000</SARD_ACQUISTI>
    <SICI_ACQUISTI>1584,127000</SICI_ACQUISTI>
    <SUD_ACQUISTI>2144,633000</SUD_ACQUISTI>
    <AUST_ACQUISTI>0,000000</AUST_ACQUISTI>
    <BRNN_ACQUISTI>0,000000</BRNN_ACQUISTI>
    <COAC_ACQUISTI>37,000000</COAC_ACQUISTI>
    <CORS_ACQUISTI>5,000000</CORS_ACQUISTI>
    <FOGN_ACQUISTI>0,000000</FOGN_ACQUISTI>
    <FRAN_ACQUISTI>0,000000</FRAN_ACQUISTI>
    <GREC_ACQUISTI>0,000000</GREC_ACQUISTI>
    <MFTV_ACQUISTI>0,000000</MFTV_ACQUISTI>
    <PRGP_ACQUISTI>0,000000</PRGP_ACQUISTI>
    <ROSN_ACQUISTI>0,000000</ROSN_ACQUISTI>
    <SLOV_ACQUISTI>0,000000</SLOV_ACQUISTI>
    <SVIZ_ACQUISTI>0,000000</SVIZ_ACQUISTI>
    <BSP_ACQUISTI>0,000000</BSP_ACQUISTI>
    <MALT_ACQUISTI>138,000000</MALT_ACQUISTI>
    <XAUS_ACQUISTI>0,000000</XAUS_ACQUISTI>
    <XFRA_ACQUISTI>0,000000</XFRA_ACQUISTI>
    <TOTALE_VENDITE>24492,326</TOTALE_VENDITE>
    <NAT_VENDITE>27212,326000</NAT_VENDITE>
    <CNOR_VENDITE>2268,269000</CNOR_VENDITE>
    <CSUD_VENDITE>2878,954000</CSUD_VENDITE>
    <NORD_VENDITE>11736,365000</NORD_VENDITE>
    <SARD_VENDITE>867,569000</SARD_VENDITE>
    <SICI_VENDITE>657,380000</SICI_VENDITE>
    <SUD_VENDITE>1932,299000</SUD_VENDITE>
    <AUST_VENDITE>20,000000</AUST_VENDITE>
    <BRNN_VENDITE>1262,732000</BRNN_VENDITE>
    <COAC_VENDITE>0,000000</COAC_VENDITE>
    <CORS_VENDITE>0,000000</CORS_VENDITE>
    <FOGN_VENDITE>23,160000</FOGN_VENDITE>
    <FRAN_VENDITE>99,000000</FRAN_VENDITE>
    <GREC_VENDITE>460,000000</GREC_VENDITE>
    <MFTV_VENDITE>0,000000</MFTV_VENDITE>
    <PRGP_VENDITE>0,069000</PRGP_VENDITE>
    <ROSN_VENDITE>15,529000</ROSN_VENDITE>
    <SLOV_VENDITE>0,000000</SLOV_VENDITE>
    <SVIZ_VENDITE>2271,000000</SVIZ_VENDITE>
    <BSP_VENDITE>447,000000</BSP_VENDITE>
    <MALT_VENDITE>0,000000</MALT_VENDITE>
    <XAUS_VENDITE>215,000000</XAUS_VENDITE>
    <XFRA_VENDITE>2058,000000</XFRA_VENDITE>
    <TOTITABSP_VENDITE>24939,326</TOTITABSP_VENDITE>
    <TOTITABSP_ACQUISTI>27212,326</TOTITABSP_ACQUISTI>
  </Quantita>
  <Quantita>
    <Data>20180407</Data>
    <Mercato>MGP</Mercato>
    <Ora>8</Ora>
    <TOTALE_ACQUISTI>29489,423</TOTALE_ACQUISTI>
    <NAT_ACQUISTI>29489,423000</NAT_ACQUISTI>
    <CNOR_ACQUISTI>3003,918000</CNOR_ACQUISTI>
    <CSUD_ACQUISTI>4342,169000</CSUD_ACQUISTI>
    <NORD_ACQUISTI>16933,941000</NORD_ACQUISTI>
    <SARD_ACQUISTI>910,109000</SARD_ACQUISTI>
    <SICI_ACQUISTI>1730,888000</SICI_ACQUISTI>
    <SUD_ACQUISTI>2350,398000</SUD_ACQUISTI>
    <AUST_ACQUISTI>0,000000</AUST_ACQUISTI>
    <BRNN_ACQUISTI>0,000000</BRNN_ACQUISTI>
    <COAC_ACQUISTI>52,000000</COAC_ACQUISTI>
    <CORS_ACQUISTI>5,000000</CORS_ACQUISTI>
    <FOGN_ACQUISTI>0,000000</FOGN_ACQUISTI>
    <FRAN_ACQUISTI>0,000000</FRAN_ACQUISTI>
    <GREC_ACQUISTI>0,000000</GREC_ACQUISTI>
    <MFTV_ACQUISTI>0,000000</MFTV_ACQUISTI>
    <PRGP_ACQUISTI>0,000000</PRGP_ACQUISTI>
    <ROSN_ACQUISTI>0,000000</ROSN_ACQUISTI>
    <SLOV_ACQUISTI>0,000000</SLOV_ACQUISTI>
    <SVIZ_ACQUISTI>0,000000</SVIZ_ACQUISTI>
    <BSP_ACQUISTI>0,000000</BSP_ACQUISTI>
    <MALT_ACQUISTI>161,000000</MALT_ACQUISTI>
    <XAUS_ACQUISTI>0,000000</XAUS_ACQUISTI>
    <XFRA_ACQUISTI>0,000000</XFRA_ACQUISTI>
    <TOTALE_VENDITE>26814,423</TOTALE_VENDITE>
    <NAT_VENDITE>29489,423000</NAT_VENDITE>
    <CNOR_VENDITE>2382,748000</CNOR_VENDITE>
    <CSUD_VENDITE>3035,710000</CSUD_VENDITE>
    <NORD_VENDITE>13575,483000</NORD_VENDITE>
    <SARD_VENDITE>877,408000</SARD_VENDITE>
    <SICI_VENDITE>790,554000</SICI_VENDITE>
    <SUD_VENDITE>1952,552000</SUD_VENDITE>
    <AUST_VENDITE>20,000000</AUST_VENDITE>
    <BRNN_VENDITE>1248,409000</BRNN_VENDITE>
    <COAC_VENDITE>0,000000</COAC_VENDITE>
    <CORS_VENDITE>0,000000</CORS_VENDITE>
    <FOGN_VENDITE>14,191000</FOGN_VENDITE>
    <FRAN_VENDITE>99,000000</FRAN_VENDITE>
    <GREC_VENDITE>480,000000</GREC_VENDITE>
    <MFTV_VENDITE>0,000000</MFTV_VENDITE>
    <PRGP_VENDITE>1,334000</PRGP_VENDITE>
    <ROSN_VENDITE>17,034000</ROSN_VENDITE>
    <SLOV_VENDITE>0,000000</SLOV_VENDITE>
    <SVIZ_VENDITE>2320,000000</SVIZ_VENDITE>
    <BSP_VENDITE>481,000000</BSP_VENDITE>
    <MALT_VENDITE>0,000000</MALT_VENDITE>
    <XAUS_VENDITE>217,000000</XAUS_VENDITE>
    <XFRA_VENDITE>1977,000000</XFRA_VENDITE>
    <TOTITABSP_VENDITE>27295,423</TOTITABSP_VENDITE>
    <TOTITABSP_ACQUISTI>29489,423</TOTITABSP_ACQUISTI>
  </Quantita>
  <Quantita>
    <Data>20180407</Data>
    <Mercato>MGP</Mercato>
    <Ora>9</Ora>
    <TOTALE_ACQUISTI>31978,304</TOTALE_ACQUISTI>
    <NAT_ACQUISTI>31983,304000</NAT_ACQUISTI>
    <CNOR_ACQUISTI>3291,874000</CNOR_ACQUISTI>
    <CSUD_ACQUISTI>4871,022000</CSUD_ACQUISTI>
    <NORD_ACQUISTI>18182,585000</NORD_ACQUISTI>
    <SARD_ACQUISTI>974,898000</SARD_ACQUISTI>
    <SICI_ACQUISTI>1929,387000</SICI_ACQUISTI>
    <SUD_ACQUISTI>2535,538000</SUD_ACQUISTI>
    <AUST_ACQUISTI>0,000000</AUST_ACQUISTI>
    <BRNN_ACQUISTI>0,000000</BRNN_ACQUISTI>
    <COAC_ACQUISTI>33,000000</COAC_ACQUISTI>
    <CORS_ACQUISTI>5,000000</CORS_ACQUISTI>
    <FOGN_ACQUISTI>0,000000</FOGN_ACQUISTI>
    <FRAN_ACQUISTI>0,000000</FRAN_ACQUISTI>
    <GREC_ACQUISTI>0,000000</GREC_ACQUISTI>
    <MFTV_ACQUISTI>0,000000</MFTV_ACQUISTI>
    <PRGP_ACQUISTI>0,000000</PRGP_ACQUISTI>
    <ROSN_ACQUISTI>0,000000</ROSN_ACQUISTI>
    <SLOV_ACQUISTI>0,000000</SLOV_ACQUISTI>
    <SVIZ_ACQUISTI>0,000000</SVIZ_ACQUISTI>
    <BSP_ACQUISTI>0,000000</BSP_ACQUISTI>
    <MALT_ACQUISTI>155,000000</MALT_ACQUISTI>
    <XAUS_ACQUISTI>0,000000</XAUS_ACQUISTI>
    <XFRA_ACQUISTI>0,000000</XFRA_ACQUISTI>
    <TOTALE_VENDITE>29303,304</TOTALE_VENDITE>
    <NAT_VENDITE>31983,304000</NAT_VENDITE>
    <CNOR_VENDITE>2994,237000</CNOR_VENDITE>
    <CSUD_VENDITE>3386,517000</CSUD_VENDITE>
    <NORD_VENDITE>14615,186000</NORD_VENDITE>
    <SARD_VENDITE>968,991000</SARD_VENDITE>
    <SICI_VENDITE>980,880000</SICI_VENDITE>
    <SUD_VENDITE>2394,997000</SUD_VENDITE>
    <AUST_VENDITE>20,000000</AUST_VENDITE>
    <BRNN_VENDITE>972,196000</BRNN_VENDITE>
    <COAC_VENDITE>0,000000</COAC_VENDITE>
    <CORS_VENDITE>0,000000</CORS_VENDITE>
    <FOGN_VENDITE>26,576000</FOGN_VENDITE>
    <FRAN_VENDITE>99,000000</FRAN_VENDITE>
    <GREC_VENDITE>500,000000</GREC_VENDITE>
    <MFTV_VENDITE>0,000000</MFTV_VENDITE>
    <PRGP_VENDITE>3,507000</PRGP_VENDITE>
    <ROSN_VENDITE>21,217000</ROSN_VENDITE>
    <SLOV_VENDITE>0,000000</SLOV_VENDITE>
    <SVIZ_VENDITE>2320,000000</SVIZ_VENDITE>
    <BSP_VENDITE>481,000000</BSP_VENDITE>
    <MALT_VENDITE>0,000000</MALT_VENDITE>
    <XAUS_VENDITE>217,000000</XAUS_VENDITE>
    <XFRA_VENDITE>1977,000000</XFRA_VENDITE>
    <TOTITABSP_VENDITE>29784,304</TOTITABSP_VENDITE>
    <TOTITABSP_ACQUISTI>31978,304</TOTITABSP_ACQUISTI>
  </Quantita>
  <Quantita>
    <Data>20180407</Data>
    <Mercato>MGP</Mercato>
    <Ora>10</Ora>
    <TOTALE_ACQUISTI>32706,955</TOTALE_ACQUISTI>
    <NAT_ACQUISTI>32706,955000</NAT_ACQUISTI>
    <CNOR_ACQUISTI>3388,020000</CNOR_ACQUISTI>
    <CSUD_ACQUISTI>5099,554000</CSUD_ACQUISTI>
    <NORD_ACQUISTI>18478,906000</NORD_ACQUISTI>
    <SARD_ACQUISTI>971,893000</SARD_ACQUISTI>
    <SICI_ACQUISTI>1997,323000</SICI_ACQUISTI>
    <SUD_ACQUISTI>2582,259000</SUD_ACQUISTI>
    <AUST_ACQUISTI>0,000000</AUST_ACQUISTI>
    <BRNN_ACQUISTI>0,000000</BRNN_ACQUISTI>
    <COAC_ACQUISTI>28,000000</COAC_ACQUISTI>
    <CORS_ACQUISTI>5,000000</CORS_ACQUISTI>
    <FOGN_ACQUISTI>0,000000</FOGN_ACQUISTI>
    <FRAN_ACQUISTI>0,000000</FRAN_ACQUISTI>
    <GREC_ACQUISTI>0,000000</GREC_ACQUISTI>
    <MFTV_ACQUISTI>0,000000</MFTV_ACQUISTI>
    <PRGP_ACQUISTI>0,000000</PRGP_ACQUISTI>
    <ROSN_ACQUISTI>0,000000</ROSN_ACQUISTI>
    <SLOV_ACQUISTI>0,000000</SLOV_ACQUISTI>
    <SVIZ_ACQUISTI>0,000000</SVIZ_ACQUISTI>
    <BSP_ACQUISTI>0,000000</BSP_ACQUISTI>
    <MALT_ACQUISTI>156,000000</MALT_ACQUISTI>
    <XAUS_ACQUISTI>0,000000</XAUS_ACQUISTI>
    <XFRA_ACQUISTI>0,000000</XFRA_ACQUISTI>
    <TOTALE_VENDITE>29670,955</TOTALE_VENDITE>
    <NAT_VENDITE>32706,955000</NAT_VENDITE>
    <CNOR_VENDITE>2826,324000</CNOR_VENDITE>
    <CSUD_VENDITE>3719,256000</CSUD_VENDITE>
    <NORD_VENDITE>13693,553000</NORD_VENDITE>
    <SARD_VENDITE>1055,250000</SARD_VENDITE>
    <SICI_VENDITE>1047,489000</SICI_VENDITE>
    <SUD_VENDITE>2800,748000</SUD_VENDITE>
    <AUST_VENDITE>0,000000</AUST_VENDITE>
    <BRNN_VENDITE>1056,292000</BRNN_VENDITE>
    <COAC_VENDITE>0,000000</COAC_VENDITE>
    <CORS_VENDITE>0,000000</CORS_VENDITE>
    <FOGN_VENDITE>16,675000</FOGN_VENDITE>
    <FRAN_VENDITE>99,000000</FRAN_VENDITE>
    <GREC_VENDITE>460,000000</GREC_VENDITE>
    <MFTV_VENDITE>0,000000</MFTV_VENDITE>
    <PRGP_VENDITE>5,834000</PRGP_VENDITE>
    <ROSN_VENDITE>25,534000</ROSN_VENDITE>
    <SLOV_VENDITE>0,000000</SLOV_VENDITE>
    <SVIZ_VENDITE>2865,000000</SVIZ_VENDITE>
    <BSP_VENDITE>543,000000</BSP_VENDITE>
    <MALT_VENDITE>0,000000</MALT_VENDITE>
    <XAUS_VENDITE>251,000000</XAUS_VENDITE>
    <XFRA_VENDITE>2242,000000</XFRA_VENDITE>
    <TOTITABSP_VENDITE>30213,955</TOTITABSP_VENDITE>
    <TOTITABSP_ACQUISTI>32706,955</TOTITABSP_ACQUISTI>
  </Quantita>
  <Quantita>
    <Data>20180407</Data>
    <Mercato>MGP</Mercato>
    <Ora>11</Ora>
    <TOTALE_ACQUISTI>31879,546</TOTALE_ACQUISTI>
    <NAT_ACQUISTI>31879,546000</NAT_ACQUISTI>
    <CNOR_ACQUISTI>3282,329000</CNOR_ACQUISTI>
    <CSUD_ACQUISTI>4999,466000</CSUD_ACQUISTI>
    <NORD_ACQUISTI>18048,576000</NORD_ACQUISTI>
    <SARD_ACQUISTI>926,202000</SARD_ACQUISTI>
    <SICI_ACQUISTI>1938,772000</SICI_ACQUISTI>
    <SUD_ACQUISTI>2513,201000</SUD_ACQUISTI>
    <AUST_ACQUISTI>0,000000</AUST_ACQUISTI>
    <BRNN_ACQUISTI>0,000000</BRNN_ACQUISTI>
    <COAC_ACQUISTI>30,000000</COAC_ACQUISTI>
    <CORS_ACQUISTI>5,000000</CORS_ACQUISTI>
    <FOGN_ACQUISTI>0,000000</FOGN_ACQUISTI>
    <FRAN_ACQUISTI>0,000000</FRAN_ACQUISTI>
    <GREC_ACQUISTI>5,000000</GREC_ACQUISTI>
    <MFTV_ACQUISTI>0,000000</MFTV_ACQUISTI>
    <PRGP_ACQUISTI>0,000000</PRGP_ACQUISTI>
    <ROSN_ACQUISTI>0,000000</ROSN_ACQUISTI>
    <SLOV_ACQUISTI>0,000000</SLOV_ACQUISTI>
    <SVIZ_ACQUISTI>0,000000</SVIZ_ACQUISTI>
    <BSP_ACQUISTI>0,000000</BSP_ACQUISTI>
    <MALT_ACQUISTI>131,000000</MALT_ACQUISTI>
    <XAUS_ACQUISTI>0,000000</XAUS_ACQUISTI>
    <XFRA_ACQUISTI>0,000000</XFRA_ACQUISTI>
    <TOTALE_VENDITE>28994,546</TOTALE_VENDITE>
    <NAT_VENDITE>31879,546000</NAT_VENDITE>
    <CNOR_VENDITE>3039,685000</CNOR_VENDITE>
    <CSUD_VENDITE>2747,467000</CSUD_VENDITE>
    <NORD_VENDITE>13042,476000</NORD_VENDITE>
    <SARD_VENDITE>1153,412000</SARD_VENDITE>
    <SICI_VENDITE>1165,244000</SICI_VENDITE>
    <SUD_VENDITE>3140,977000</SUD_VENDITE>
    <AUST_VENDITE>0,000000</AUST_VENDITE>
    <BRNN_VENDITE>1074,741000</BRNN_VENDITE>
    <COAC_VENDITE>0,000000</COAC_VENDITE>
    <CORS_VENDITE>0,000000</CORS_VENDITE>
    <FOGN_VENDITE>18,611000</FOGN_VENDITE>
    <FRAN_VENDITE>99,000000</FRAN_VENDITE>
    <GREC_VENDITE>460,000000</GREC_VENDITE>
    <MFTV_VENDITE>0,000000</MFTV_VENDITE>
    <PRGP_VENDITE>7,682000</PRGP_VENDITE>
    <ROSN_VENDITE>29,251000</ROSN_VENDITE>
    <SLOV_VENDITE>0,000000</SLOV_VENDITE>
    <SVIZ_VENDITE>3016,000000</SVIZ_VENDITE>
    <BSP_VENDITE>519,000000</BSP_VENDITE>
    <MALT_VENDITE>0,000000</MALT_VENDITE>
    <XAUS_VENDITE>224,000000</XAUS_VENDITE>
    <XFRA_VENDITE>2142,000000</XFRA_VENDITE>
    <TOTITABSP_VENDITE>29513,546</TOTITABSP_VENDITE>
    <TOTITABSP_ACQUISTI>31879,546</TOTITABSP_ACQUISTI>
  </Quantita>
  <Quantita>
    <Data>20180407</Data>
    <Mercato>MGP</Mercato>
    <Ora>12</Ora>
    <TOTALE_ACQUISTI>30932,675</TOTALE_ACQUISTI>
    <NAT_ACQUISTI>30932,675000</NAT_ACQUISTI>
    <CNOR_ACQUISTI>3182,721000</CNOR_ACQUISTI>
    <CSUD_ACQUISTI>4938,785000</CSUD_ACQUISTI>
    <NORD_ACQUISTI>17288,047000</NORD_ACQUISTI>
    <SARD_ACQUISTI>879,552000</SARD_ACQUISTI>
    <SICI_ACQUISTI>1879,596000</SICI_ACQUISTI>
    <SUD_ACQUISTI>2481,974000</SUD_ACQUISTI>
    <AUST_ACQUISTI>0,000000</AUST_ACQUISTI>
    <BRNN_ACQUISTI>0,000000</BRNN_ACQUISTI>
    <COAC_ACQUISTI>25,000000</COAC_ACQUISTI>
    <CORS_ACQUISTI>5,000000</CORS_ACQUISTI>
    <FOGN_ACQUISTI>0,000000</FOGN_ACQUISTI>
    <FRAN_ACQUISTI>0,000000</FRAN_ACQUISTI>
    <GREC_ACQUISTI>134,000000</GREC_ACQUISTI>
    <MFTV_ACQUISTI>0,000000</MFTV_ACQUISTI>
    <PRGP_ACQUISTI>0,000000</PRGP_ACQUISTI>
    <ROSN_ACQUISTI>0,000000</ROSN_ACQUISTI>
    <SLOV_ACQUISTI>0,000000</SLOV_ACQUISTI>
    <SVIZ_ACQUISTI>0,000000</SVIZ_ACQUISTI>
    <BSP_ACQUISTI>0,000000</BSP_ACQUISTI>
    <MALT_ACQUISTI>118,000000</MALT_ACQUISTI>
    <XAUS_ACQUISTI>0,000000</XAUS_ACQUISTI>
    <XFRA_ACQUISTI>0,000000</XFRA_ACQUISTI>
    <TOTALE_VENDITE>28047,675</TOTALE_VENDITE>
    <NAT_VENDITE>30932,675000</NAT_VENDITE>
    <CNOR_VENDITE>2999,225000</CNOR_VENDITE>
    <CSUD_VENDITE>2328,984000</CSUD_VENDITE>
    <NORD_VENDITE>12356,171000</NORD_VENDITE>
    <SARD_VENDITE>1248,337000</SARD_VENDITE>
    <SICI_VENDITE>1307,250000</SICI_VENDITE>
    <SUD_VENDITE>3349,657000</SUD_VENDITE>
    <AUST_VENDITE>0,000000</AUST_VENDITE>
    <BRNN_VENDITE>829,671000</BRNN_VENDITE>
    <COAC_VENDITE>0,000000</COAC_VENDITE>
    <CORS_VENDITE>0,000000</CORS_VENDITE>
    <FOGN_VENDITE>17,973000</FOGN_VENDITE>
    <FRAN_VENDITE>99,000000</FRAN_VENDITE>
    <GREC_VENDITE>454,000000</GREC_VENDITE>
    <MFTV_VENDITE>0,000000</MFTV_VENDITE>
    <PRGP_VENDITE>8,782000</PRGP_VENDITE>
    <ROSN_VENDITE>32,625000</ROSN_VENDITE>
    <SLOV_VENDITE>0,000000</SLOV_VENDITE>
    <SVIZ_VENDITE>3016,000000</SVIZ_VENDITE>
    <BSP_VENDITE>519,000000</BSP_VENDITE>
    <MALT_VENDITE>0,000000</MALT_VENDITE>
    <XAUS_VENDITE>224,000000</XAUS_VENDITE>
    <XFRA_VENDITE>2142,000000</XFRA_VENDITE>
    <TOTITABSP_VENDITE>28566,675</TOTITABSP_VENDITE>
    <TOTITABSP_ACQUISTI>30932,675</TOTITABSP_ACQUISTI>
  </Quantita>
  <Quantita>
    <Data>20180407</Data>
    <Mercato>MGP</Mercato>
    <Ora>13</Ora>
    <TOTALE_ACQUISTI>29461,368</TOTALE_ACQUISTI>
    <NAT_ACQUISTI>29461,368000</NAT_ACQUISTI>
    <CNOR_ACQUISTI>3047,332000</CNOR_ACQUISTI>
    <CSUD_ACQUISTI>4822,500000</CSUD_ACQUISTI>
    <NORD_ACQUISTI>16092,507000</NORD_ACQUISTI>
    <SARD_ACQUISTI>865,198000</SARD_ACQUISTI>
    <SICI_ACQUISTI>1844,613000</SICI_ACQUISTI>
    <SUD_ACQUISTI>2448,218000</SUD_ACQUISTI>
    <AUST_ACQUISTI>0,000000</AUST_ACQUISTI>
    <BRNN_ACQUISTI>0,000000</BRNN_ACQUISTI>
    <COAC_ACQUISTI>25,000000</COAC_ACQUISTI>
    <CORS_ACQUISTI>5,000000</CORS_ACQUISTI>
    <FOGN_ACQUISTI>0,000000</FOGN_ACQUISTI>
    <FRAN_ACQUISTI>0,000000</FRAN_ACQUISTI>
    <GREC_ACQUISTI>209,000000</GREC_ACQUISTI>
    <MFTV_ACQUISTI>0,000000</MFTV_ACQUISTI>
    <PRGP_ACQUISTI>0,000000</PRGP_ACQUISTI>
    <ROSN_ACQUISTI>0,000000</ROSN_ACQUISTI>
    <SLOV_ACQUISTI>0,000000</SLOV_ACQUISTI>
    <SVIZ_ACQUISTI>0,000000</SVIZ_ACQUISTI>
    <BSP_ACQUISTI>0,000000</BSP_ACQUISTI>
    <MALT_ACQUISTI>102,000000</MALT_ACQUISTI>
    <XAUS_ACQUISTI>0,000000</XAUS_ACQUISTI>
    <XFRA_ACQUISTI>0,000000</XFRA_ACQUISTI>
    <TOTALE_VENDITE>26895,779</TOTALE_VENDITE>
    <NAT_VENDITE>29461,368000</NAT_VENDITE>
    <CNOR_VENDITE>3070,949000</CNOR_VENDITE>
    <CSUD_VENDITE>2386,007000</CSUD_VENDITE>
    <NORD_VENDITE>11047,433000</NORD_VENDITE>
    <SARD_VENDITE>1326,928000</SARD_VENDITE>
    <SICI_VENDITE>1374,728000</SICI_VENDITE>
    <SUD_VENDITE>3293,697000</SUD_VENDITE>
    <AUST_VENDITE>0,000000</AUST_VENDITE>
    <BRNN_VENDITE>820,545000</BRNN_VENDITE>
    <COAC_VENDITE>0,000000</COAC_VENDITE>
    <CORS_VENDITE>0,000000</CORS_VENDITE>
    <FOGN_VENDITE>16,301000</FOGN_VENDITE>
    <FRAN_VENDITE>99,000000</FRAN_VENDITE>
    <GREC_VENDITE>400,000000</GREC_VENDITE>
    <MFTV_VENDITE>0,000000</MFTV_VENDITE>
    <PRGP_VENDITE>9,210000</PRGP_VENDITE>
    <ROSN_VENDITE>34,981000</ROSN_VENDITE>
    <SLOV_VENDITE>0,000000</SLOV_VENDITE>
    <SVIZ_VENDITE>3016,000000</SVIZ_VENDITE>
    <BSP_VENDITE>519,000000</BSP_VENDITE>
    <MALT_VENDITE>0,000000</MALT_VENDITE>
    <XAUS_VENDITE>224,000000</XAUS_VENDITE>
    <XFRA_VENDITE>1822,589000</XFRA_VENDITE>
    <TOTITABSP_VENDITE>27414,779</TOTITABSP_VENDITE>
    <TOTITABSP_ACQUISTI>29461,368</TOTITABSP_ACQUISTI>
  </Quantita>
  <Quantita>
    <Data>20180407</Data>
    <Mercato>MGP</Mercato>
    <Ora>14</Ora>
    <TOTALE_ACQUISTI>28282,857</TOTALE_ACQUISTI>
    <NAT_ACQUISTI>28282,857000</NAT_ACQUISTI>
    <CNOR_ACQUISTI>2877,169000</CNOR_ACQUISTI>
    <CSUD_ACQUISTI>4673,139000</CSUD_ACQUISTI>
    <NORD_ACQUISTI>15357,310000</NORD_ACQUISTI>
    <SARD_ACQUISTI>840,092000</SARD_ACQUISTI>
    <SICI_ACQUISTI>1780,597000</SICI_ACQUISTI>
    <SUD_ACQUISTI>2344,550000</SUD_ACQUISTI>
    <AUST_ACQUISTI>0,000000</AUST_ACQUISTI>
    <BRNN_ACQUISTI>0,000000</BRNN_ACQUISTI>
    <COAC_ACQUISTI>25,000000</COAC_ACQUISTI>
    <CORS_ACQUISTI>5,000000</CORS_ACQUISTI>
    <FOGN_ACQUISTI>0,000000</FOGN_ACQUISTI>
    <FRAN_ACQUISTI>0,000000</FRAN_ACQUISTI>
    <GREC_ACQUISTI>261,000000</GREC_ACQUISTI>
    <MFTV_ACQUISTI>0,000000</MFTV_ACQUISTI>
    <PRGP_ACQUISTI>0,000000</PRGP_ACQUISTI>
    <ROSN_ACQUISTI>0,000000</ROSN_ACQUISTI>
    <SLOV_ACQUISTI>0,000000</SLOV_ACQUISTI>
    <SVIZ_ACQUISTI>28,000000</SVIZ_ACQUISTI>
    <BSP_ACQUISTI>0,000000</BSP_ACQUISTI>
    <MALT_ACQUISTI>91,000000</MALT_ACQUISTI>
    <XAUS_ACQUISTI>0,000000</XAUS_ACQUISTI>
    <XFRA_ACQUISTI>0,000000</XFRA_ACQUISTI>
    <TOTALE_VENDITE>26140,651</TOTALE_VENDITE>
    <NAT_VENDITE>28282,857000</NAT_VENDITE>
    <CNOR_VENDITE>2834,749000</CNOR_VENDITE>
    <CSUD_VENDITE>2300,396000</CSUD_VENDITE>
    <NORD_VENDITE>11040,977000</NORD_VENDITE>
    <SARD_VENDITE>1362,068000</SARD_VENDITE>
    <SICI_VENDITE>1338,237000</SICI_VENDITE>
    <SUD_VENDITE>3174,184000</SUD_VENDITE>
    <AUST_VENDITE>0,000000</AUST_VENDITE>
    <BRNN_VENDITE>756,443000</BRNN_VENDITE>
    <COAC_VENDITE>0,000000</COAC_VENDITE>
    <CORS_VENDITE>0,000000</CORS_VENDITE>
    <FOGN_VENDITE>13,557000</FOGN_VENDITE>
    <FRAN_VENDITE>99,000000</FRAN_VENDITE>
    <GREC_VENDITE>410,000000</GREC_VENDITE>
    <MFTV_VENDITE>0,000000</MFTV_VENDITE>
    <PRGP_VENDITE>9,075000</PRGP_VENDITE>
    <ROSN_VENDITE>35,965000</ROSN_VENDITE>
    <SLOV_VENDITE>0,000000</SLOV_VENDITE>
    <SVIZ_VENDITE>2766,000000</SVIZ_VENDITE>
    <BSP_VENDITE>519,000000</BSP_VENDITE>
    <MALT_VENDITE>0,000000</MALT_VENDITE>
    <XAUS_VENDITE>224,000000</XAUS_VENDITE>
    <XFRA_VENDITE>1399,206000</XFRA_VENDITE>
    <TOTITABSP_VENDITE>26659,651</TOTITABSP_VENDITE>
    <TOTITABSP_ACQUISTI>28282,857</TOTITABSP_ACQUISTI>
  </Quantita>
  <Quantita>
    <Data>20180407</Data>
    <Mercato>MGP</Mercato>
    <Ora>15</Ora>
    <TOTALE_ACQUISTI>27657,273</TOTALE_ACQUISTI>
    <NAT_ACQUISTI>27657,273000</NAT_ACQUISTI>
    <CNOR_ACQUISTI>2840,784000</CNOR_ACQUISTI>
    <CSUD_ACQUISTI>4563,708000</CSUD_ACQUISTI>
    <NORD_ACQUISTI>15043,233000</NORD_ACQUISTI>
    <SARD_ACQUISTI>820,030000</SARD_ACQUISTI>
    <SICI_ACQUISTI>1745,547000</SICI_ACQUISTI>
    <SUD_ACQUISTI>2239,971000</SUD_ACQUISTI>
    <AUST_ACQUISTI>0,000000</AUST_ACQUISTI>
    <BRNN_ACQUISTI>0,000000</BRNN_ACQUISTI>
    <COAC_ACQUISTI>25,000000</COAC_ACQUISTI>
    <CORS_ACQUISTI>6,000000</CORS_ACQUISTI>
    <FOGN_ACQUISTI>0,000000</FOGN_ACQUISTI>
    <FRAN_ACQUISTI>0,000000</FRAN_ACQUISTI>
    <GREC_ACQUISTI>286,000000</GREC_ACQUISTI>
    <MFTV_ACQUISTI>0,000000</MFTV_ACQUISTI>
    <PRGP_ACQUISTI>0,000000</PRGP_ACQUISTI>
    <ROSN_ACQUISTI>0,000000</ROSN_ACQUISTI>
    <SLOV_ACQUISTI>0,000000</SLOV_ACQUISTI>
    <SVIZ_ACQUISTI>0,000000</SVIZ_ACQUISTI>
    <BSP_ACQUISTI>0,000000</BSP_ACQUISTI>
    <MALT_ACQUISTI>87,000000</MALT_ACQUISTI>
    <XAUS_ACQUISTI>0,000000</XAUS_ACQUISTI>
    <XFRA_ACQUISTI>0,000000</XFRA_ACQUISTI>
    <TOTALE_VENDITE>25242,45</TOTALE_VENDITE>
    <NAT_VENDITE>27657,273000</NAT_VENDITE>
    <CNOR_VENDITE>2685,830000</CNOR_VENDITE>
    <CSUD_VENDITE>2174,559000</CSUD_VENDITE>
    <NORD_VENDITE>10692,193000</NORD_VENDITE>
    <SARD_VENDITE>1359,527000</SARD_VENDITE>
    <SICI_VENDITE>1310,428000</SICI_VENDITE>
    <SUD_VENDITE>2854,357000</SUD_VENDITE>
    <AUST_VENDITE>0,000000</AUST_VENDITE>
    <BRNN_VENDITE>699,976000</BRNN_VENDITE>
    <COAC_VENDITE>0,000000</COAC_VENDITE>
    <CORS_VENDITE>0,000000</CORS_VENDITE>
    <FOGN_VENDITE>12,524000</FOGN_VENDITE>
    <FRAN_VENDITE>99,000000</FRAN_VENDITE>
    <GREC_VENDITE>370,000000</GREC_VENDITE>
    <MFTV_VENDITE>0,000000</MFTV_VENDITE>
    <PRGP_VENDITE>8,325000</PRGP_VENDITE>
    <ROSN_VENDITE>34,731000</ROSN_VENDITE>
    <SLOV_VENDITE>0,000000</SLOV_VENDITE>
    <SVIZ_VENDITE>2941,000000</SVIZ_VENDITE>
    <BSP_VENDITE>428,000000</BSP_VENDITE>
    <MALT_VENDITE>0,000000</MALT_VENDITE>
    <XAUS_VENDITE>224,000000</XAUS_VENDITE>
    <XFRA_VENDITE>1762,823000</XFRA_VENDITE>
    <TOTITABSP_VENDITE>25670,45</TOTITABSP_VENDITE>
    <TOTITABSP_ACQUISTI>27657,273</TOTITABSP_ACQUISTI>
  </Quantita>
  <Quantita>
    <Data>20180407</Data>
    <Mercato>MGP</Mercato>
    <Ora>16</Ora>
    <TOTALE_ACQUISTI>27668,509</TOTALE_ACQUISTI>
    <NAT_ACQUISTI>27668,509000</NAT_ACQUISTI>
    <CNOR_ACQUISTI>2879,468000</CNOR_ACQUISTI>
    <CSUD_ACQUISTI>4585,012000</CSUD_ACQUISTI>
    <NORD_ACQUISTI>15026,292000</NORD_ACQUISTI>
    <SARD_ACQUISTI>820,608000</SARD_ACQUISTI>
    <SICI_ACQUISTI>1746,586000</SICI_ACQUISTI>
    <SUD_ACQUISTI>2289,543000</SUD_ACQUISTI>
    <AUST_ACQUISTI>0,000000</AUST_ACQUISTI>
    <BRNN_ACQUISTI>0,000000</BRNN_ACQUISTI>
    <COAC_ACQUISTI>25,000000</COAC_ACQUISTI>
    <CORS_ACQUISTI>5,000000</CORS_ACQUISTI>
    <FOGN_ACQUISTI>0,000000</FOGN_ACQUISTI>
    <FRAN_ACQUISTI>0,000000</FRAN_ACQUISTI>
    <GREC_ACQUISTI>199,000000</GREC_ACQUISTI>
    <MFTV_ACQUISTI>0,000000</MFTV_ACQUISTI>
    <PRGP_ACQUISTI>0,000000</PRGP_ACQUISTI>
    <ROSN_ACQUISTI>0,000000</ROSN_ACQUISTI>
    <SLOV_ACQUISTI>0,000000</SLOV_ACQUISTI>
    <SVIZ_ACQUISTI>0,000000</SVIZ_ACQUISTI>
    <BSP_ACQUISTI>0,000000</BSP_ACQUISTI>
    <MALT_ACQUISTI>92,000000</MALT_ACQUISTI>
    <XAUS_ACQUISTI>0,000000</XAUS_ACQUISTI>
    <XFRA_ACQUISTI>0,000000</XFRA_ACQUISTI>
    <TOTALE_VENDITE>24783,509</TOTALE_VENDITE>
    <NAT_VENDITE>27668,509000</NAT_VENDITE>
    <CNOR_VENDITE>2801,253000</CNOR_VENDITE>
    <CSUD_VENDITE>2087,181000</CSUD_VENDITE>
    <NORD_VENDITE>10339,966000</NORD_VENDITE>
    <SARD_VENDITE>1345,112000</SARD_VENDITE>
    <SICI_VENDITE>1251,957000</SICI_VENDITE>
    <SUD_VENDITE>2617,064000</SUD_VENDITE>
    <AUST_VENDITE>0,000000</AUST_VENDITE>
    <BRNN_VENDITE>698,635000</BRNN_VENDITE>
    <COAC_VENDITE>0,000000</COAC_VENDITE>
    <CORS_VENDITE>0,000000</CORS_VENDITE>
    <FOGN_VENDITE>60,801000</FOGN_VENDITE>
    <FRAN_VENDITE>99,000000</FRAN_VENDITE>
    <GREC_VENDITE>428,000000</GREC_VENDITE>
    <MFTV_VENDITE>0,000000</MFTV_VENDITE>
    <PRGP_VENDITE>6,966000</PRGP_VENDITE>
    <ROSN_VENDITE>31,574000</ROSN_VENDITE>
    <SLOV_VENDITE>0,000000</SLOV_VENDITE>
    <SVIZ_VENDITE>3016,000000</SVIZ_VENDITE>
    <BSP_VENDITE>519,000000</BSP_VENDITE>
    <MALT_VENDITE>0,000000</MALT_VENDITE>
    <XAUS_VENDITE>224,000000</XAUS_VENDITE>
    <XFRA_VENDITE>2142,000000</XFRA_VENDITE>
    <TOTITABSP_VENDITE>25302,509</TOTITABSP_VENDITE>
    <TOTITABSP_ACQUISTI>27668,509</TOTITABSP_ACQUISTI>
  </Quantita>
  <Quantita>
    <Data>20180407</Data>
    <Mercato>MGP</Mercato>
    <Ora>17</Ora>
    <TOTALE_ACQUISTI>28007,388</TOTALE_ACQUISTI>
    <NAT_ACQUISTI>28007,388000</NAT_ACQUISTI>
    <CNOR_ACQUISTI>2930,394000</CNOR_ACQUISTI>
    <CSUD_ACQUISTI>4634,476000</CSUD_ACQUISTI>
    <NORD_ACQUISTI>15096,506000</NORD_ACQUISTI>
    <SARD_ACQUISTI>846,841000</SARD_ACQUISTI>
    <SICI_ACQUISTI>1806,585000</SICI_ACQUISTI>
    <SUD_ACQUISTI>2338,586000</SUD_ACQUISTI>
    <AUST_ACQUISTI>0,000000</AUST_ACQUISTI>
    <BRNN_ACQUISTI>0,000000</BRNN_ACQUISTI>
    <COAC_ACQUISTI>25,000000</COAC_ACQUISTI>
    <CORS_ACQUISTI>5,000000</CORS_ACQUISTI>
    <FOGN_ACQUISTI>0,000000</FOGN_ACQUISTI>
    <FRAN_ACQUISTI>0,000000</FRAN_ACQUISTI>
    <GREC_ACQUISTI>208,000000</GREC_ACQUISTI>
    <MFTV_ACQUISTI>0,000000</MFTV_ACQUISTI>
    <PRGP_ACQUISTI>0,000000</PRGP_ACQUISTI>
    <ROSN_ACQUISTI>0,000000</ROSN_ACQUISTI>
    <SLOV_ACQUISTI>0,000000</SLOV_ACQUISTI>
    <SVIZ_ACQUISTI>0,000000</SVIZ_ACQUISTI>
    <BSP_ACQUISTI>0,000000</BSP_ACQUISTI>
    <MALT_ACQUISTI>116,000000</MALT_ACQUISTI>
    <XAUS_ACQUISTI>0,000000</XAUS_ACQUISTI>
    <XFRA_ACQUISTI>0,000000</XFRA_ACQUISTI>
    <TOTALE_VENDITE>25122,388</TOTALE_VENDITE>
    <NAT_VENDITE>28007,388000</NAT_VENDITE>
    <CNOR_VENDITE>2670,922000</CNOR_VENDITE>
    <CSUD_VENDITE>1866,449000</CSUD_VENDITE>
    <NORD_VENDITE>11204,303000</NORD_VENDITE>
    <SARD_VENDITE>1301,325000</SARD_VENDITE>
    <SICI_VENDITE>1232,724000</SICI_VENDITE>
    <SUD_VENDITE>2234,597000</SUD_VENDITE>
    <AUST_VENDITE>0,000000</AUST_VENDITE>
    <BRNN_VENDITE>699,068000</BRNN_VENDITE>
    <COAC_VENDITE>0,000000</COAC_VENDITE>
    <CORS_VENDITE>0,000000</CORS_VENDITE>
    <FOGN_VENDITE>316,148000</FOGN_VENDITE>
    <FRAN_VENDITE>99,000000</FRAN_VENDITE>
    <GREC_VENDITE>450,000000</GREC_VENDITE>
    <MFTV_VENDITE>0,000000</MFTV_VENDITE>
    <PRGP_VENDITE>5,014000</PRGP_VENDITE>
    <ROSN_VENDITE>26,838000</ROSN_VENDITE>
    <SLOV_VENDITE>0,000000</SLOV_VENDITE>
    <SVIZ_VENDITE>3016,000000</SVIZ_VENDITE>
    <BSP_VENDITE>519,000000</BSP_VENDITE>
    <MALT_VENDITE>0,000000</MALT_VENDITE>
    <XAUS_VENDITE>224,000000</XAUS_VENDITE>
    <XFRA_VENDITE>2142,000000</XFRA_VENDITE>
    <TOTITABSP_VENDITE>25641,388</TOTITABSP_VENDITE>
    <TOTITABSP_ACQUISTI>28007,388</TOTITABSP_ACQUISTI>
  </Quantita>
  <Quantita>
    <Data>20180407</Data>
    <Mercato>MGP</Mercato>
    <Ora>18</Ora>
    <TOTALE_ACQUISTI>29111,576</TOTALE_ACQUISTI>
    <NAT_ACQUISTI>29111,576000</NAT_ACQUISTI>
    <CNOR_ACQUISTI>3064,292000</CNOR_ACQUISTI>
    <CSUD_ACQUISTI>4775,802000</CSUD_ACQUISTI>
    <NORD_ACQUISTI>15733,009000</NORD_ACQUISTI>
    <SARD_ACQUISTI>904,726000</SARD_ACQUISTI>
    <SICI_ACQUISTI>1932,455000</SICI_ACQUISTI>
    <SUD_ACQUISTI>2510,292000</SUD_ACQUISTI>
    <AUST_ACQUISTI>0,000000</AUST_ACQUISTI>
    <BRNN_ACQUISTI>0,000000</BRNN_ACQUISTI>
    <COAC_ACQUISTI>24,000000</COAC_ACQUISTI>
    <CORS_ACQUISTI>5,000000</CORS_ACQUISTI>
    <FOGN_ACQUISTI>0,000000</FOGN_ACQUISTI>
    <FRAN_ACQUISTI>0,000000</FRAN_ACQUISTI>
    <GREC_ACQUISTI>0,000000</GREC_ACQUISTI>
    <MFTV_ACQUISTI>0,000000</MFTV_ACQUISTI>
    <PRGP_ACQUISTI>0,000000</PRGP_ACQUISTI>
    <ROSN_ACQUISTI>0,000000</ROSN_ACQUISTI>
    <SLOV_ACQUISTI>0,000000</SLOV_ACQUISTI>
    <SVIZ_ACQUISTI>0,000000</SVIZ_ACQUISTI>
    <BSP_ACQUISTI>0,000000</BSP_ACQUISTI>
    <MALT_ACQUISTI>162,000000</MALT_ACQUISTI>
    <XAUS_ACQUISTI>0,000000</XAUS_ACQUISTI>
    <XFRA_ACQUISTI>0,000000</XFRA_ACQUISTI>
    <TOTALE_VENDITE>26075,576</TOTALE_VENDITE>
    <NAT_VENDITE>29111,576000</NAT_VENDITE>
    <CNOR_VENDITE>2641,662000</CNOR_VENDITE>
    <CSUD_VENDITE>2007,065000</CSUD_VENDITE>
    <NORD_VENDITE>12442,024000</NORD_VENDITE>
    <SARD_VENDITE>1244,957000</SARD_VENDITE>
    <SICI_VENDITE>1109,349000</SICI_VENDITE>
    <SUD_VENDITE>1813,941000</SUD_VENDITE>
    <AUST_VENDITE>0,000000</AUST_VENDITE>
    <BRNN_VENDITE>1016,107000</BRNN_VENDITE>
    <COAC_VENDITE>0,000000</COAC_VENDITE>
    <CORS_VENDITE>0,000000</CORS_VENDITE>
    <FOGN_VENDITE>313,526000</FOGN_VENDITE>
    <FRAN_VENDITE>99,000000</FRAN_VENDITE>
    <GREC_VENDITE>500,000000</GREC_VENDITE>
    <MFTV_VENDITE>0,000000</MFTV_VENDITE>
    <PRGP_VENDITE>2,812000</PRGP_VENDITE>
    <ROSN_VENDITE>20,133000</ROSN_VENDITE>
    <SLOV_VENDITE>0,000000</SLOV_VENDITE>
    <SVIZ_VENDITE>2865,000000</SVIZ_VENDITE>
    <BSP_VENDITE>543,000000</BSP_VENDITE>
    <MALT_VENDITE>0,000000</MALT_VENDITE>
    <XAUS_VENDITE>251,000000</XAUS_VENDITE>
    <XFRA_VENDITE>2242,000000</XFRA_VENDITE>
    <TOTITABSP_VENDITE>26618,576</TOTITABSP_VENDITE>
    <TOTITABSP_ACQUISTI>29111,576</TOTITABSP_ACQUISTI>
  </Quantita>
  <Quantita>
    <Data>20180407</Data>
    <Mercato>MGP</Mercato>
    <Ora>19</Ora>
    <TOTALE_ACQUISTI>30700,321</TOTALE_ACQUISTI>
    <NAT_ACQUISTI>30705,321000</NAT_ACQUISTI>
    <CNOR_ACQUISTI>3227,761000</CNOR_ACQUISTI>
    <CSUD_ACQUISTI>4958,847000</CSUD_ACQUISTI>
    <NORD_ACQUISTI>16634,781000</NORD_ACQUISTI>
    <SARD_ACQUISTI>961,313000</SARD_ACQUISTI>
    <SICI_ACQUISTI>2021,470000</SICI_ACQUISTI>
    <SUD_ACQUISTI>2663,149000</SUD_ACQUISTI>
    <AUST_ACQUISTI>0,000000</AUST_ACQUISTI>
    <BRNN_ACQUISTI>0,000000</BRNN_ACQUISTI>
    <COAC_ACQUISTI>35,000000</COAC_ACQUISTI>
    <CORS_ACQUISTI>17,000000</CORS_ACQUISTI>
    <FOGN_ACQUISTI>0,000000</FOGN_ACQUISTI>
    <FRAN_ACQUISTI>0,000000</FRAN_ACQUISTI>
    <GREC_ACQUISTI>0,000000</GREC_ACQUISTI>
    <MFTV_ACQUISTI>0,000000</MFTV_ACQUISTI>
    <PRGP_ACQUISTI>0,000000</PRGP_ACQUISTI>
    <ROSN_ACQUISTI>0,000000</ROSN_ACQUISTI>
    <SLOV_ACQUISTI>0,000000</SLOV_ACQUISTI>
    <SVIZ_ACQUISTI>0,000000</SVIZ_ACQUISTI>
    <BSP_ACQUISTI>0,000000</BSP_ACQUISTI>
    <MALT_ACQUISTI>181,000000</MALT_ACQUISTI>
    <XAUS_ACQUISTI>0,000000</XAUS_ACQUISTI>
    <XFRA_ACQUISTI>0,000000</XFRA_ACQUISTI>
    <TOTALE_VENDITE>27499,321</TOTALE_VENDITE>
    <NAT_VENDITE>30705,321000</NAT_VENDITE>
    <CNOR_VENDITE>2441,625000</CNOR_VENDITE>
    <CSUD_VENDITE>3367,562000</CSUD_VENDITE>
    <NORD_VENDITE>13061,839000</NORD_VENDITE>
    <SARD_VENDITE>1181,378000</SARD_VENDITE>
    <SICI_VENDITE>1101,464000</SICI_VENDITE>
    <SUD_VENDITE>1334,151000</SUD_VENDITE>
    <AUST_VENDITE>0,000000</AUST_VENDITE>
    <BRNN_VENDITE>1089,277000</BRNN_VENDITE>
    <COAC_VENDITE>0,000000</COAC_VENDITE>
    <CORS_VENDITE>0,000000</CORS_VENDITE>
    <FOGN_VENDITE>687,516000</FOGN_VENDITE>
    <FRAN_VENDITE>99,000000</FRAN_VENDITE>
    <GREC_VENDITE>420,000000</GREC_VENDITE>
    <MFTV_VENDITE>0,000000</MFTV_VENDITE>
    <PRGP_VENDITE>1,006000</PRGP_VENDITE>
    <ROSN_VENDITE>14,503000</ROSN_VENDITE>
    <SLOV_VENDITE>0,000000</SLOV_VENDITE>
    <SVIZ_VENDITE>2700,000000</SVIZ_VENDITE>
    <BSP_VENDITE>571,000000</BSP_VENDITE>
    <MALT_VENDITE>0,000000</MALT_VENDITE>
    <XAUS_VENDITE>265,000000</XAUS_VENDITE>
    <XFRA_VENDITE>2365,000000</XFRA_VENDITE>
    <TOTITABSP_VENDITE>28070,321</TOTITABSP_VENDITE>
    <TOTITABSP_ACQUISTI>30700,321</TOTITABSP_ACQUISTI>
  </Quantita>
  <Quantita>
    <Data>20180407</Data>
    <Mercato>MGP</Mercato>
    <Ora>20</Ora>
    <TOTALE_ACQUISTI>32664,415</TOTALE_ACQUISTI>
    <NAT_ACQUISTI>32716,415000</NAT_ACQUISTI>
    <CNOR_ACQUISTI>3531,693000</CNOR_ACQUISTI>
    <CSUD_ACQUISTI>5448,574000</CSUD_ACQUISTI>
    <NORD_ACQUISTI>17264,954000</NORD_ACQUISTI>
    <SARD_ACQUISTI>1021,304000</SARD_ACQUISTI>
    <SICI_ACQUISTI>2211,848000</SICI_ACQUISTI>
    <SUD_ACQUISTI>2963,042000</SUD_ACQUISTI>
    <AUST_ACQUISTI>0,000000</AUST_ACQUISTI>
    <BRNN_ACQUISTI>0,000000</BRNN_ACQUISTI>
    <COAC_ACQUISTI>57,000000</COAC_ACQUISTI>
    <CORS_ACQUISTI>29,000000</CORS_ACQUISTI>
    <FOGN_ACQUISTI>0,000000</FOGN_ACQUISTI>
    <FRAN_ACQUISTI>0,000000</FRAN_ACQUISTI>
    <GREC_ACQUISTI>0,000000</GREC_ACQUISTI>
    <MFTV_ACQUISTI>0,000000</MFTV_ACQUISTI>
    <PRGP_ACQUISTI>0,000000</PRGP_ACQUISTI>
    <ROSN_ACQUISTI>0,000000</ROSN_ACQUISTI>
    <SLOV_ACQUISTI>0,000000</SLOV_ACQUISTI>
    <SVIZ_ACQUISTI>0,000000</SVIZ_ACQUISTI>
    <BSP_ACQUISTI>0,000000</BSP_ACQUISTI>
    <MALT_ACQUISTI>137,000000</MALT_ACQUISTI>
    <XAUS_ACQUISTI>0,000000</XAUS_ACQUISTI>
    <XFRA_ACQUISTI>0,000000</XFRA_ACQUISTI>
    <TOTALE_VENDITE>29463,415</TOTALE_VENDITE>
    <NAT_VENDITE>32716,415000</NAT_VENDITE>
    <CNOR_VENDITE>2715,744000</CNOR_VENDITE>
    <CSUD_VENDITE>3601,926000</CSUD_VENDITE>
    <NORD_VENDITE>14235,083000</NORD_VENDITE>
    <SARD_VENDITE>1140,700000</SARD_VENDITE>
    <SICI_VENDITE>1073,984000</SICI_VENDITE>
    <SUD_VENDITE>1129,308000</SUD_VENDITE>
    <AUST_VENDITE>0,000000</AUST_VENDITE>
    <BRNN_VENDITE>1185,484000</BRNN_VENDITE>
    <COAC_VENDITE>0,000000</COAC_VENDITE>
    <CORS_VENDITE>0,000000</CORS_VENDITE>
    <FOGN_VENDITE>1018,530000</FOGN_VENDITE>
    <FRAN_VENDITE>99,000000</FRAN_VENDITE>
    <GREC_VENDITE>400,000000</GREC_VENDITE>
    <MFTV_VENDITE>0,000000</MFTV_VENDITE>
    <PRGP_VENDITE>174,864000</PRGP_VENDITE>
    <ROSN_VENDITE>13,792000</ROSN_VENDITE>
    <SLOV_VENDITE>0,000000</SLOV_VENDITE>
    <SVIZ_VENDITE>2675,000000</SVIZ_VENDITE>
    <BSP_VENDITE>571,000000</BSP_VENDITE>
    <MALT_VENDITE>0,000000</MALT_VENDITE>
    <XAUS_VENDITE>265,000000</XAUS_VENDITE>
    <XFRA_VENDITE>2365,000000</XFRA_VENDITE>
    <TOTITABSP_VENDITE>30034,415</TOTITABSP_VENDITE>
    <TOTITABSP_ACQUISTI>32664,415</TOTITABSP_ACQUISTI>
  </Quantita>
  <Quantita>
    <Data>20180407</Data>
    <Mercato>MGP</Mercato>
    <Ora>21</Ora>
    <TOTALE_ACQUISTI>33953,495</TOTALE_ACQUISTI>
    <NAT_ACQUISTI>34015,495000</NAT_ACQUISTI>
    <CNOR_ACQUISTI>3641,295000</CNOR_ACQUISTI>
    <CSUD_ACQUISTI>5807,088000</CSUD_ACQUISTI>
    <NORD_ACQUISTI>17605,748000</NORD_ACQUISTI>
    <SARD_ACQUISTI>1106,594000</SARD_ACQUISTI>
    <SICI_ACQUISTI>2400,231000</SICI_ACQUISTI>
    <SUD_ACQUISTI>3192,539000</SUD_ACQUISTI>
    <AUST_ACQUISTI>0,000000</AUST_ACQUISTI>
    <BRNN_ACQUISTI>0,000000</BRNN_ACQUISTI>
    <COAC_ACQUISTI>41,000000</COAC_ACQUISTI>
    <CORS_ACQUISTI>29,000000</CORS_ACQUISTI>
    <FOGN_ACQUISTI>0,000000</FOGN_ACQUISTI>
    <FRAN_ACQUISTI>0,000000</FRAN_ACQUISTI>
    <GREC_ACQUISTI>0,000000</GREC_ACQUISTI>
    <MFTV_ACQUISTI>0,000000</MFTV_ACQUISTI>
    <PRGP_ACQUISTI>0,000000</PRGP_ACQUISTI>
    <ROSN_ACQUISTI>0,000000</ROSN_ACQUISTI>
    <SLOV_ACQUISTI>0,000000</SLOV_ACQUISTI>
    <SVIZ_ACQUISTI>0,000000</SVIZ_ACQUISTI>
    <BSP_ACQUISTI>0,000000</BSP_ACQUISTI>
    <MALT_ACQUISTI>130,000000</MALT_ACQUISTI>
    <XAUS_ACQUISTI>0,000000</XAUS_ACQUISTI>
    <XFRA_ACQUISTI>0,000000</XFRA_ACQUISTI>
    <TOTALE_VENDITE>30752,495</TOTALE_VENDITE>
    <NAT_VENDITE>34015,495000</NAT_VENDITE>
    <CNOR_VENDITE>2707,428000</CNOR_VENDITE>
    <CSUD_VENDITE>3210,145000</CSUD_VENDITE>
    <NORD_VENDITE>14548,815000</NORD_VENDITE>
    <SARD_VENDITE>1145,617000</SARD_VENDITE>
    <SICI_VENDITE>1089,579000</SICI_VENDITE>
    <SUD_VENDITE>978,764000</SUD_VENDITE>
    <AUST_VENDITE>0,000000</AUST_VENDITE>
    <BRNN_VENDITE>2494,799000</BRNN_VENDITE>
    <COAC_VENDITE>0,000000</COAC_VENDITE>
    <CORS_VENDITE>0,000000</CORS_VENDITE>
    <FOGN_VENDITE>1021,814000</FOGN_VENDITE>
    <FRAN_VENDITE>99,000000</FRAN_VENDITE>
    <GREC_VENDITE>400,000000</GREC_VENDITE>
    <MFTV_VENDITE>0,000000</MFTV_VENDITE>
    <PRGP_VENDITE>340,652000</PRGP_VENDITE>
    <ROSN_VENDITE>15,882000</ROSN_VENDITE>
    <SLOV_VENDITE>0,000000</SLOV_VENDITE>
    <SVIZ_VENDITE>2700,000000</SVIZ_VENDITE>
    <BSP_VENDITE>571,000000</BSP_VENDITE>
    <MALT_VENDITE>0,000000</MALT_VENDITE>
    <XAUS_VENDITE>265,000000</XAUS_VENDITE>
    <XFRA_VENDITE>2365,000000</XFRA_VENDITE>
    <TOTITABSP_VENDITE>31323,495</TOTITABSP_VENDITE>
    <TOTITABSP_ACQUISTI>33953,495</TOTITABSP_ACQUISTI>
  </Quantita>
  <Quantita>
    <Data>20180407</Data>
    <Mercato>MGP</Mercato>
    <Ora>22</Ora>
    <TOTALE_ACQUISTI>31930,195</TOTALE_ACQUISTI>
    <NAT_ACQUISTI>31972,047000</NAT_ACQUISTI>
    <CNOR_ACQUISTI>3449,004000</CNOR_ACQUISTI>
    <CSUD_ACQUISTI>5374,740000</CSUD_ACQUISTI>
    <NORD_ACQUISTI>16725,822000</NORD_ACQUISTI>
    <SARD_ACQUISTI>1051,140000</SARD_ACQUISTI>
    <SICI_ACQUISTI>2210,720000</SICI_ACQUISTI>
    <SUD_ACQUISTI>2947,677000</SUD_ACQUISTI>
    <AUST_ACQUISTI>0,000000</AUST_ACQUISTI>
    <BRNN_ACQUISTI>0,000000</BRNN_ACQUISTI>
    <COAC_ACQUISTI>29,000000</COAC_ACQUISTI>
    <CORS_ACQUISTI>29,000000</CORS_ACQUISTI>
    <FOGN_ACQUISTI>0,000000</FOGN_ACQUISTI>
    <FRAN_ACQUISTI>0,000000</FRAN_ACQUISTI>
    <GREC_ACQUISTI>0,000000</GREC_ACQUISTI>
    <MFTV_ACQUISTI>0,000000</MFTV_ACQUISTI>
    <PRGP_ACQUISTI>0,000000</PRGP_ACQUISTI>
    <ROSN_ACQUISTI>0,000000</ROSN_ACQUISTI>
    <SLOV_ACQUISTI>0,000000</SLOV_ACQUISTI>
    <SVIZ_ACQUISTI>0,000000</SVIZ_ACQUISTI>
    <BSP_ACQUISTI>0,000000</BSP_ACQUISTI>
    <MALT_ACQUISTI>113,092000</MALT_ACQUISTI>
    <XAUS_ACQUISTI>0,000000</XAUS_ACQUISTI>
    <XFRA_ACQUISTI>0,000000</XFRA_ACQUISTI>
    <TOTALE_VENDITE>28729,195</TOTALE_VENDITE>
    <NAT_VENDITE>31972,047000</NAT_VENDITE>
    <CNOR_VENDITE>2722,909000</CNOR_VENDITE>
    <CSUD_VENDITE>3310,181000</CSUD_VENDITE>
    <NORD_VENDITE>13851,917000</NORD_VENDITE>
    <SARD_VENDITE>1150,971000</SARD_VENDITE>
    <SICI_VENDITE>1133,812000</SICI_VENDITE>
    <SUD_VENDITE>1082,235000</SUD_VENDITE>
    <AUST_VENDITE>0,000000</AUST_VENDITE>
    <BRNN_VENDITE>1046,381000</BRNN_VENDITE>
    <COAC_VENDITE>0,000000</COAC_VENDITE>
    <CORS_VENDITE>0,000000</CORS_VENDITE>
    <FOGN_VENDITE>1024,192000</FOGN_VENDITE>
    <FRAN_VENDITE>99,000000</FRAN_VENDITE>
    <GREC_VENDITE>500,000000</GREC_VENDITE>
    <MFTV_VENDITE>0,000000</MFTV_VENDITE>
    <PRGP_VENDITE>90,000000</PRGP_VENDITE>
    <ROSN_VENDITE>17,597000</ROSN_VENDITE>
    <SLOV_VENDITE>0,000000</SLOV_VENDITE>
    <SVIZ_VENDITE>2700,000000</SVIZ_VENDITE>
    <BSP_VENDITE>571,000000</BSP_VENDITE>
    <MALT_VENDITE>0,000000</MALT_VENDITE>
    <XAUS_VENDITE>265,000000</XAUS_VENDITE>
    <XFRA_VENDITE>2365,000000</XFRA_VENDITE>
    <TOTITABSP_VENDITE>29300,195</TOTITABSP_VENDITE>
    <TOTITABSP_ACQUISTI>31930,195</TOTITABSP_ACQUISTI>
  </Quantita>
  <Quantita>
    <Data>20180407</Data>
    <Mercato>MGP</Mercato>
    <Ora>23</Ora>
    <TOTALE_ACQUISTI>29563,513</TOTALE_ACQUISTI>
    <NAT_ACQUISTI>29580,513000</NAT_ACQUISTI>
    <CNOR_ACQUISTI>3219,871000</CNOR_ACQUISTI>
    <CSUD_ACQUISTI>4960,951000</CSUD_ACQUISTI>
    <NORD_ACQUISTI>15496,624000</NORD_ACQUISTI>
    <SARD_ACQUISTI>980,300000</SARD_ACQUISTI>
    <SICI_ACQUISTI>2031,512000</SICI_ACQUISTI>
    <SUD_ACQUISTI>2665,255000</SUD_ACQUISTI>
    <AUST_ACQUISTI>0,000000</AUST_ACQUISTI>
    <BRNN_ACQUISTI>0,000000</BRNN_ACQUISTI>
    <COAC_ACQUISTI>34,000000</COAC_ACQUISTI>
    <CORS_ACQUISTI>29,000000</CORS_ACQUISTI>
    <FOGN_ACQUISTI>0,000000</FOGN_ACQUISTI>
    <FRAN_ACQUISTI>0,000000</FRAN_ACQUISTI>
    <GREC_ACQUISTI>0,000000</GREC_ACQUISTI>
    <MFTV_ACQUISTI>0,000000</MFTV_ACQUISTI>
    <PRGP_ACQUISTI>0,000000</PRGP_ACQUISTI>
    <ROSN_ACQUISTI>0,000000</ROSN_ACQUISTI>
    <SLOV_ACQUISTI>0,000000</SLOV_ACQUISTI>
    <SVIZ_ACQUISTI>0,000000</SVIZ_ACQUISTI>
    <BSP_ACQUISTI>0,000000</BSP_ACQUISTI>
    <MALT_ACQUISTI>146,000000</MALT_ACQUISTI>
    <XAUS_ACQUISTI>0,000000</XAUS_ACQUISTI>
    <XFRA_ACQUISTI>0,000000</XFRA_ACQUISTI>
    <TOTALE_VENDITE>26362,513</TOTALE_VENDITE>
    <NAT_VENDITE>29580,513000</NAT_VENDITE>
    <CNOR_VENDITE>2311,132000</CNOR_VENDITE>
    <CSUD_VENDITE>3182,475000</CSUD_VENDITE>
    <NORD_VENDITE>12453,074000</NORD_VENDITE>
    <SARD_VENDITE>1156,584000</SARD_VENDITE>
    <SICI_VENDITE>1077,512000</SICI_VENDITE>
    <SUD_VENDITE>1069,390000</SUD_VENDITE>
    <AUST_VENDITE>0,000000</AUST_VENDITE>
    <BRNN_VENDITE>1040,368000</BRNN_VENDITE>
    <COAC_VENDITE>0,000000</COAC_VENDITE>
    <CORS_VENDITE>0,000000</CORS_VENDITE>
    <FOGN_VENDITE>754,585000</FOGN_VENDITE>
    <FRAN_VENDITE>99,000000</FRAN_VENDITE>
    <GREC_VENDITE>500,000000</GREC_VENDITE>
    <MFTV_VENDITE>0,000000</MFTV_VENDITE>
    <PRGP_VENDITE>0,000000</PRGP_VENDITE>
    <ROSN_VENDITE>18,393000</ROSN_VENDITE>
    <SLOV_VENDITE>0,000000</SLOV_VENDITE>
    <SVIZ_VENDITE>2700,000000</SVIZ_VENDITE>
    <BSP_VENDITE>571,000000</BSP_VENDITE>
    <MALT_VENDITE>0,000000</MALT_VENDITE>
    <XAUS_VENDITE>265,000000</XAUS_VENDITE>
    <XFRA_VENDITE>2365,000000</XFRA_VENDITE>
    <TOTITABSP_VENDITE>26933,513</TOTITABSP_VENDITE>
    <TOTITABSP_ACQUISTI>29563,513</TOTITABSP_ACQUISTI>
  </Quantita>
  <Quantita>
    <Data>20180407</Data>
    <Mercato>MGP</Mercato>
    <Ora>24</Ora>
    <TOTALE_ACQUISTI>26999,736</TOTALE_ACQUISTI>
    <NAT_ACQUISTI>26999,736000</NAT_ACQUISTI>
    <CNOR_ACQUISTI>2929,394000</CNOR_ACQUISTI>
    <CSUD_ACQUISTI>4492,877000</CSUD_ACQUISTI>
    <NORD_ACQUISTI>14230,964000</NORD_ACQUISTI>
    <SARD_ACQUISTI>906,958000</SARD_ACQUISTI>
    <SICI_ACQUISTI>1861,337000</SICI_ACQUISTI>
    <SUD_ACQUISTI>2391,206000</SUD_ACQUISTI>
    <AUST_ACQUISTI>0,000000</AUST_ACQUISTI>
    <BRNN_ACQUISTI>0,000000</BRNN_ACQUISTI>
    <COAC_ACQUISTI>32,000000</COAC_ACQUISTI>
    <CORS_ACQUISTI>29,000000</CORS_ACQUISTI>
    <FOGN_ACQUISTI>0,000000</FOGN_ACQUISTI>
    <FRAN_ACQUISTI>0,000000</FRAN_ACQUISTI>
    <GREC_ACQUISTI>0,000000</GREC_ACQUISTI>
    <MFTV_ACQUISTI>0,000000</MFTV_ACQUISTI>
    <PRGP_ACQUISTI>0,000000</PRGP_ACQUISTI>
    <ROSN_ACQUISTI>0,000000</ROSN_ACQUISTI>
    <SLOV_ACQUISTI>0,000000</SLOV_ACQUISTI>
    <SVIZ_ACQUISTI>0,000000</SVIZ_ACQUISTI>
    <BSP_ACQUISTI>0,000000</BSP_ACQUISTI>
    <MALT_ACQUISTI>126,000000</MALT_ACQUISTI>
    <XAUS_ACQUISTI>0,000000</XAUS_ACQUISTI>
    <XFRA_ACQUISTI>0,000000</XFRA_ACQUISTI>
    <TOTALE_VENDITE>23816,736</TOTALE_VENDITE>
    <NAT_VENDITE>26999,736000</NAT_VENDITE>
    <CNOR_VENDITE>2253,450000</CNOR_VENDITE>
    <CSUD_VENDITE>2391,845000</CSUD_VENDITE>
    <NORD_VENDITE>10698,569000</NORD_VENDITE>
    <SARD_VENDITE>1154,105000</SARD_VENDITE>
    <SICI_VENDITE>1010,971000</SICI_VENDITE>
    <SUD_VENDITE>1191,663000</SUD_VENDITE>
    <AUST_VENDITE>0,000000</AUST_VENDITE>
    <BRNN_VENDITE>1157,648000</BRNN_VENDITE>
    <COAC_VENDITE>0,000000</COAC_VENDITE>
    <CORS_VENDITE>0,000000</CORS_VENDITE>
    <FOGN_VENDITE>690,077000</FOGN_VENDITE>
    <FRAN_VENDITE>99,000000</FRAN_VENDITE>
    <GREC_VENDITE>430,000000</GREC_VENDITE>
    <MFTV_VENDITE>0,000000</MFTV_VENDITE>
    <PRGP_VENDITE>0,000000</PRGP_VENDITE>
    <ROSN_VENDITE>20,408000</ROSN_VENDITE>
    <SLOV_VENDITE>0,000000</SLOV_VENDITE>
    <SVIZ_VENDITE>2719,000000</SVIZ_VENDITE>
    <BSP_VENDITE>548,000000</BSP_VENDITE>
    <MALT_VENDITE>0,000000</MALT_VENDITE>
    <XAUS_VENDITE>260,000000</XAUS_VENDITE>
    <XFRA_VENDITE>2375,000000</XFRA_VENDITE>
    <TOTITABSP_VENDITE>24364,736</TOTITABSP_VENDITE>
    <TOTITABSP_ACQUISTI>26999,736</TOTITABSP_ACQUISTI>
  </Quantita>
</NewDataSet>