<?xml version="1.0" standalone="yes"?>
<NewDataSet>
  <xs:schema id="NewDataSet" xmlns="" xmlns:xs="http://www.w3.org/2001/XMLSchema" xmlns:msdata="urn:schemas-microsoft-com:xml-msdata">
    <xs:element name="NewDataSet" msdata:IsDataSet="true" msdata:UseCurrentLocale="true">
      <xs:complexType>
        <xs:choice minOccurs="0" maxOccurs="unbounded">
          <xs:element name="Quantita">
            <xs:complexType>
              <xs:sequence>
                <xs:element name="Data" type="xs:string" minOccurs="0" />
                <xs:element name="Mercato" type="xs:string" minOccurs="0" />
                <xs:element name="Ora" type="xs:string" minOccurs="0" />
                <xs:element name="TOTALE_ACQUISTI" type="xs:string" minOccurs="0" />
                <xs:element name="NAT_ACQUISTI" type="xs:string" minOccurs="0" />
                <xs:element name="CNOR_ACQUISTI" type="xs:string" minOccurs="0" />
                <xs:element name="CSUD_ACQUISTI" type="xs:string" minOccurs="0" />
                <xs:element name="NORD_ACQUISTI" type="xs:string" minOccurs="0" />
                <xs:element name="SARD_ACQUISTI" type="xs:string" minOccurs="0" />
                <xs:element name="SICI_ACQUISTI" type="xs:string" minOccurs="0" />
                <xs:element name="SUD_ACQUISTI" type="xs:string" minOccurs="0" />
                <xs:element name="AUST_ACQUISTI" type="xs:string" minOccurs="0" />
                <xs:element name="BRNN_ACQUISTI" type="xs:string" minOccurs="0" />
                <xs:element name="COAC_ACQUISTI" type="xs:string" minOccurs="0" />
                <xs:element name="CORS_ACQUISTI" type="xs:string" minOccurs="0" />
                <xs:element name="FOGN_ACQUISTI" type="xs:string" minOccurs="0" />
                <xs:element name="FRAN_ACQUISTI" type="xs:string" minOccurs="0" />
                <xs:element name="GREC_ACQUISTI" type="xs:string" minOccurs="0" />
                <xs:element name="MFTV_ACQUISTI" type="xs:string" minOccurs="0" />
                <xs:element name="PRGP_ACQUISTI" type="xs:string" minOccurs="0" />
                <xs:element name="ROSN_ACQUISTI" type="xs:string" minOccurs="0" />
                <xs:element name="SLOV_ACQUISTI" type="xs:string" minOccurs="0" />
                <xs:element name="SVIZ_ACQUISTI" type="xs:string" minOccurs="0" />
                <xs:element name="BSP_ACQUISTI" type="xs:string" minOccurs="0" />
                <xs:element name="MALT_ACQUISTI" type="xs:string" minOccurs="0" />
                <xs:element name="XAUS_ACQUISTI" type="xs:string" minOccurs="0" />
                <xs:element name="XFRA_ACQUISTI" type="xs:string" minOccurs="0" />
                <xs:element name="TOTALE_VENDITE" type="xs:string" minOccurs="0" />
                <xs:element name="NAT_VENDITE" type="xs:string" minOccurs="0" />
                <xs:element name="CNOR_VENDITE" type="xs:string" minOccurs="0" />
                <xs:element name="CSUD_VENDITE" type="xs:string" minOccurs="0" />
                <xs:element name="NORD_VENDITE" type="xs:string" minOccurs="0" />
                <xs:element name="SARD_VENDITE" type="xs:string" minOccurs="0" />
                <xs:element name="SICI_VENDITE" type="xs:string" minOccurs="0" />
                <xs:element name="SUD_VENDITE" type="xs:string" minOccurs="0" />
                <xs:element name="AUST_VENDITE" type="xs:string" minOccurs="0" />
                <xs:element name="BRNN_VENDITE" type="xs:string" minOccurs="0" />
                <xs:element name="COAC_VENDITE" type="xs:string" minOccurs="0" />
                <xs:element name="CORS_VENDITE" type="xs:string" minOccurs="0" />
                <xs:element name="FOGN_VENDITE" type="xs:string" minOccurs="0" />
                <xs:element name="FRAN_VENDITE" type="xs:string" minOccurs="0" />
                <xs:element name="GREC_VENDITE" type="xs:string" minOccurs="0" />
                <xs:element name="MFTV_VENDITE" type="xs:string" minOccurs="0" />
                <xs:element name="PRGP_VENDITE" type="xs:string" minOccurs="0" />
                <xs:element name="ROSN_VENDITE" type="xs:string" minOccurs="0" />
                <xs:element name="SLOV_VENDITE" type="xs:string" minOccurs="0" />
                <xs:element name="SVIZ_VENDITE" type="xs:string" minOccurs="0" />
                <xs:element name="BSP_VENDITE" type="xs:string" minOccurs="0" />
                <xs:element name="MALT_VENDITE" type="xs:string" minOccurs="0" />
                <xs:element name="XAUS_VENDITE" type="xs:string" minOccurs="0" />
                <xs:element name="XFRA_VENDITE" type="xs:string" minOccurs="0" />
                <xs:element name="TOTITABSP_VENDITE" msdata:ReadOnly="true" msdata:Expression="Convert(TOTALE_VENDITE, System.Double) + Convert(BSP_VENDITE,System.Double)" type="xs:string" minOccurs="0" />
                <xs:element name="TOTITABSP_ACQUISTI" msdata:ReadOnly="true" msdata:Expression="Convert(TOTALE_ACQUISTI, System.Double) + Convert(BSP_ACQUISTI, System.Double)" type="xs:string" minOccurs="0" />
              </xs:sequence>
            </xs:complexType>
          </xs:element>
        </xs:choice>
      </xs:complexType>
    </xs:element>
  </xs:schema>
  <Quantita>
    <Data>20180413</Data>
    <Mercato>MGP</Mercato>
    <Ora>1</Ora>
    <TOTALE_ACQUISTI>28375,598</TOTALE_ACQUISTI>
    <NAT_ACQUISTI>28375,598000</NAT_ACQUISTI>
    <CNOR_ACQUISTI>2871,240000</CNOR_ACQUISTI>
    <CSUD_ACQUISTI>4281,396000</CSUD_ACQUISTI>
    <NORD_ACQUISTI>15969,475000</NORD_ACQUISTI>
    <SARD_ACQUISTI>865,958000</SARD_ACQUISTI>
    <SICI_ACQUISTI>1630,382000</SICI_ACQUISTI>
    <SUD_ACQUISTI>2196,147000</SUD_ACQUISTI>
    <AUST_ACQUISTI>0,000000</AUST_ACQUISTI>
    <BRNN_ACQUISTI>0,000000</BRNN_ACQUISTI>
    <COAC_ACQUISTI>26,000000</COAC_ACQUISTI>
    <CORS_ACQUISTI>49,000000</CORS_ACQUISTI>
    <FOGN_ACQUISTI>0,000000</FOGN_ACQUISTI>
    <FRAN_ACQUISTI>0,000000</FRAN_ACQUISTI>
    <GREC_ACQUISTI>375,000000</GREC_ACQUISTI>
    <MFTV_ACQUISTI>0,000000</MFTV_ACQUISTI>
    <PRGP_ACQUISTI>0,000000</PRGP_ACQUISTI>
    <ROSN_ACQUISTI>0,000000</ROSN_ACQUISTI>
    <SLOV_ACQUISTI>0,000000</SLOV_ACQUISTI>
    <SVIZ_ACQUISTI>0,000000</SVIZ_ACQUISTI>
    <BSP_ACQUISTI>0,000000</BSP_ACQUISTI>
    <MALT_ACQUISTI>111,000000</MALT_ACQUISTI>
    <XAUS_ACQUISTI>0,000000</XAUS_ACQUISTI>
    <XFRA_ACQUISTI>0,000000</XFRA_ACQUISTI>
    <TOTALE_VENDITE>24885,598</TOTALE_VENDITE>
    <NAT_VENDITE>28375,598000</NAT_VENDITE>
    <CNOR_VENDITE>2095,377000</CNOR_VENDITE>
    <CSUD_VENDITE>2422,307000</CSUD_VENDITE>
    <NORD_VENDITE>12679,529000</NORD_VENDITE>
    <SARD_VENDITE>658,426000</SARD_VENDITE>
    <SICI_VENDITE>657,294000</SICI_VENDITE>
    <SUD_VENDITE>1384,629000</SUD_VENDITE>
    <AUST_VENDITE>20,000000</AUST_VENDITE>
    <BRNN_VENDITE>1169,976000</BRNN_VENDITE>
    <COAC_VENDITE>0,000000</COAC_VENDITE>
    <CORS_VENDITE>0,000000</CORS_VENDITE>
    <FOGN_VENDITE>14,645000</FOGN_VENDITE>
    <FRAN_VENDITE>99,000000</FRAN_VENDITE>
    <GREC_VENDITE>413,000000</GREC_VENDITE>
    <MFTV_VENDITE>0,000000</MFTV_VENDITE>
    <PRGP_VENDITE>0,000000</PRGP_VENDITE>
    <ROSN_VENDITE>782,415000</ROSN_VENDITE>
    <SLOV_VENDITE>0,000000</SLOV_VENDITE>
    <SVIZ_VENDITE>2489,000000</SVIZ_VENDITE>
    <BSP_VENDITE>571,000000</BSP_VENDITE>
    <MALT_VENDITE>0,000000</MALT_VENDITE>
    <XAUS_VENDITE>258,000000</XAUS_VENDITE>
    <XFRA_VENDITE>2661,000000</XFRA_VENDITE>
    <TOTITABSP_VENDITE>25456,598</TOTITABSP_VENDITE>
    <TOTITABSP_ACQUISTI>28375,598</TOTITABSP_ACQUISTI>
  </Quantita>
  <Quantita>
    <Data>20180413</Data>
    <Mercato>MGP</Mercato>
    <Ora>2</Ora>
    <TOTALE_ACQUISTI>26492,166</TOTALE_ACQUISTI>
    <NAT_ACQUISTI>26512,633000</NAT_ACQUISTI>
    <CNOR_ACQUISTI>2679,682000</CNOR_ACQUISTI>
    <CSUD_ACQUISTI>3906,678000</CSUD_ACQUISTI>
    <NORD_ACQUISTI>15118,313000</NORD_ACQUISTI>
    <SARD_ACQUISTI>807,420000</SARD_ACQUISTI>
    <SICI_ACQUISTI>1495,381000</SICI_ACQUISTI>
    <SUD_ACQUISTI>2031,159000</SUD_ACQUISTI>
    <AUST_ACQUISTI>0,000000</AUST_ACQUISTI>
    <BRNN_ACQUISTI>0,000000</BRNN_ACQUISTI>
    <COAC_ACQUISTI>20,000000</COAC_ACQUISTI>
    <CORS_ACQUISTI>49,000000</CORS_ACQUISTI>
    <FOGN_ACQUISTI>0,000000</FOGN_ACQUISTI>
    <FRAN_ACQUISTI>0,000000</FRAN_ACQUISTI>
    <GREC_ACQUISTI>283,533000</GREC_ACQUISTI>
    <MFTV_ACQUISTI>0,000000</MFTV_ACQUISTI>
    <PRGP_ACQUISTI>0,000000</PRGP_ACQUISTI>
    <ROSN_ACQUISTI>0,000000</ROSN_ACQUISTI>
    <SLOV_ACQUISTI>0,000000</SLOV_ACQUISTI>
    <SVIZ_ACQUISTI>0,000000</SVIZ_ACQUISTI>
    <BSP_ACQUISTI>0,000000</BSP_ACQUISTI>
    <MALT_ACQUISTI>101,000000</MALT_ACQUISTI>
    <XAUS_ACQUISTI>0,000000</XAUS_ACQUISTI>
    <XFRA_ACQUISTI>0,000000</XFRA_ACQUISTI>
    <TOTALE_VENDITE>23002,166</TOTALE_VENDITE>
    <NAT_VENDITE>26512,633000</NAT_VENDITE>
    <CNOR_VENDITE>2096,181000</CNOR_VENDITE>
    <CSUD_VENDITE>1368,730000</CSUD_VENDITE>
    <NORD_VENDITE>11879,814000</NORD_VENDITE>
    <SARD_VENDITE>656,989000</SARD_VENDITE>
    <SICI_VENDITE>671,985000</SICI_VENDITE>
    <SUD_VENDITE>1416,979000</SUD_VENDITE>
    <AUST_VENDITE>20,000000</AUST_VENDITE>
    <BRNN_VENDITE>948,952000</BRNN_VENDITE>
    <COAC_VENDITE>0,000000</COAC_VENDITE>
    <CORS_VENDITE>0,000000</CORS_VENDITE>
    <FOGN_VENDITE>15,074000</FOGN_VENDITE>
    <FRAN_VENDITE>99,000000</FRAN_VENDITE>
    <GREC_VENDITE>434,000000</GREC_VENDITE>
    <MFTV_VENDITE>0,000000</MFTV_VENDITE>
    <PRGP_VENDITE>0,000000</PRGP_VENDITE>
    <ROSN_VENDITE>781,462000</ROSN_VENDITE>
    <SLOV_VENDITE>0,000000</SLOV_VENDITE>
    <SVIZ_VENDITE>2613,000000</SVIZ_VENDITE>
    <BSP_VENDITE>571,000000</BSP_VENDITE>
    <MALT_VENDITE>0,000000</MALT_VENDITE>
    <XAUS_VENDITE>258,000000</XAUS_VENDITE>
    <XFRA_VENDITE>2661,000000</XFRA_VENDITE>
    <TOTITABSP_VENDITE>23573,166</TOTITABSP_VENDITE>
    <TOTITABSP_ACQUISTI>26492,166</TOTITABSP_ACQUISTI>
  </Quantita>
  <Quantita>
    <Data>20180413</Data>
    <Mercato>MGP</Mercato>
    <Ora>3</Ora>
    <TOTALE_ACQUISTI>25813,013</TOTALE_ACQUISTI>
    <NAT_ACQUISTI>25858,703000</NAT_ACQUISTI>
    <CNOR_ACQUISTI>2601,692000</CNOR_ACQUISTI>
    <CSUD_ACQUISTI>3732,869000</CSUD_ACQUISTI>
    <NORD_ACQUISTI>14775,146000</NORD_ACQUISTI>
    <SARD_ACQUISTI>784,100000</SARD_ACQUISTI>
    <SICI_ACQUISTI>1427,038000</SICI_ACQUISTI>
    <SUD_ACQUISTI>1957,858000</SUD_ACQUISTI>
    <AUST_ACQUISTI>0,000000</AUST_ACQUISTI>
    <BRNN_ACQUISTI>0,000000</BRNN_ACQUISTI>
    <COAC_ACQUISTI>20,000000</COAC_ACQUISTI>
    <CORS_ACQUISTI>46,000000</CORS_ACQUISTI>
    <FOGN_ACQUISTI>0,000000</FOGN_ACQUISTI>
    <FRAN_ACQUISTI>0,000000</FRAN_ACQUISTI>
    <GREC_ACQUISTI>372,310000</GREC_ACQUISTI>
    <MFTV_ACQUISTI>0,000000</MFTV_ACQUISTI>
    <PRGP_ACQUISTI>0,000000</PRGP_ACQUISTI>
    <ROSN_ACQUISTI>0,000000</ROSN_ACQUISTI>
    <SLOV_ACQUISTI>0,000000</SLOV_ACQUISTI>
    <SVIZ_ACQUISTI>0,000000</SVIZ_ACQUISTI>
    <BSP_ACQUISTI>0,000000</BSP_ACQUISTI>
    <MALT_ACQUISTI>96,000000</MALT_ACQUISTI>
    <XAUS_ACQUISTI>0,000000</XAUS_ACQUISTI>
    <XFRA_ACQUISTI>0,000000</XFRA_ACQUISTI>
    <TOTALE_VENDITE>22323,013</TOTALE_VENDITE>
    <NAT_VENDITE>25858,703000</NAT_VENDITE>
    <CNOR_VENDITE>2091,559000</CNOR_VENDITE>
    <CSUD_VENDITE>1283,675000</CSUD_VENDITE>
    <NORD_VENDITE>11463,279000</NORD_VENDITE>
    <SARD_VENDITE>664,557000</SARD_VENDITE>
    <SICI_VENDITE>663,758000</SICI_VENDITE>
    <SUD_VENDITE>1395,645000</SUD_VENDITE>
    <AUST_VENDITE>20,000000</AUST_VENDITE>
    <BRNN_VENDITE>948,106000</BRNN_VENDITE>
    <COAC_VENDITE>0,000000</COAC_VENDITE>
    <CORS_VENDITE>0,000000</CORS_VENDITE>
    <FOGN_VENDITE>14,521000</FOGN_VENDITE>
    <FRAN_VENDITE>99,000000</FRAN_VENDITE>
    <GREC_VENDITE>451,000000</GREC_VENDITE>
    <MFTV_VENDITE>0,000000</MFTV_VENDITE>
    <PRGP_VENDITE>0,000000</PRGP_VENDITE>
    <ROSN_VENDITE>614,913000</ROSN_VENDITE>
    <SLOV_VENDITE>0,000000</SLOV_VENDITE>
    <SVIZ_VENDITE>2613,000000</SVIZ_VENDITE>
    <BSP_VENDITE>571,000000</BSP_VENDITE>
    <MALT_VENDITE>0,000000</MALT_VENDITE>
    <XAUS_VENDITE>258,000000</XAUS_VENDITE>
    <XFRA_VENDITE>2661,000000</XFRA_VENDITE>
    <TOTITABSP_VENDITE>22894,013</TOTITABSP_VENDITE>
    <TOTITABSP_ACQUISTI>25813,013</TOTITABSP_ACQUISTI>
  </Quantita>
  <Quantita>
    <Data>20180413</Data>
    <Mercato>MGP</Mercato>
    <Ora>4</Ora>
    <TOTALE_ACQUISTI>25536,063</TOTALE_ACQUISTI>
    <NAT_ACQUISTI>25561,063000</NAT_ACQUISTI>
    <CNOR_ACQUISTI>2586,396000</CNOR_ACQUISTI>
    <CSUD_ACQUISTI>3677,796000</CSUD_ACQUISTI>
    <NORD_ACQUISTI>14609,944000</NORD_ACQUISTI>
    <SARD_ACQUISTI>782,000000</SARD_ACQUISTI>
    <SICI_ACQUISTI>1405,241000</SICI_ACQUISTI>
    <SUD_ACQUISTI>1940,686000</SUD_ACQUISTI>
    <AUST_ACQUISTI>0,000000</AUST_ACQUISTI>
    <BRNN_ACQUISTI>0,000000</BRNN_ACQUISTI>
    <COAC_ACQUISTI>20,000000</COAC_ACQUISTI>
    <CORS_ACQUISTI>35,000000</CORS_ACQUISTI>
    <FOGN_ACQUISTI>0,000000</FOGN_ACQUISTI>
    <FRAN_ACQUISTI>0,000000</FRAN_ACQUISTI>
    <GREC_ACQUISTI>383,000000</GREC_ACQUISTI>
    <MFTV_ACQUISTI>0,000000</MFTV_ACQUISTI>
    <PRGP_ACQUISTI>0,000000</PRGP_ACQUISTI>
    <ROSN_ACQUISTI>0,000000</ROSN_ACQUISTI>
    <SLOV_ACQUISTI>0,000000</SLOV_ACQUISTI>
    <SVIZ_ACQUISTI>0,000000</SVIZ_ACQUISTI>
    <BSP_ACQUISTI>0,000000</BSP_ACQUISTI>
    <MALT_ACQUISTI>96,000000</MALT_ACQUISTI>
    <XAUS_ACQUISTI>0,000000</XAUS_ACQUISTI>
    <XFRA_ACQUISTI>0,000000</XFRA_ACQUISTI>
    <TOTALE_VENDITE>22046,063</TOTALE_VENDITE>
    <NAT_VENDITE>25561,063000</NAT_VENDITE>
    <CNOR_VENDITE>2086,388000</CNOR_VENDITE>
    <CSUD_VENDITE>1227,244000</CSUD_VENDITE>
    <NORD_VENDITE>11261,952000</NORD_VENDITE>
    <SARD_VENDITE>668,386000</SARD_VENDITE>
    <SICI_VENDITE>655,223000</SICI_VENDITE>
    <SUD_VENDITE>1367,665000</SUD_VENDITE>
    <AUST_VENDITE>20,000000</AUST_VENDITE>
    <BRNN_VENDITE>948,031000</BRNN_VENDITE>
    <COAC_VENDITE>0,000000</COAC_VENDITE>
    <CORS_VENDITE>0,000000</CORS_VENDITE>
    <FOGN_VENDITE>12,407000</FOGN_VENDITE>
    <FRAN_VENDITE>99,000000</FRAN_VENDITE>
    <GREC_VENDITE>449,000000</GREC_VENDITE>
    <MFTV_VENDITE>0,000000</MFTV_VENDITE>
    <PRGP_VENDITE>0,000000</PRGP_VENDITE>
    <ROSN_VENDITE>611,767000</ROSN_VENDITE>
    <SLOV_VENDITE>0,000000</SLOV_VENDITE>
    <SVIZ_VENDITE>2639,000000</SVIZ_VENDITE>
    <BSP_VENDITE>571,000000</BSP_VENDITE>
    <MALT_VENDITE>0,000000</MALT_VENDITE>
    <XAUS_VENDITE>258,000000</XAUS_VENDITE>
    <XFRA_VENDITE>2661,000000</XFRA_VENDITE>
    <TOTITABSP_VENDITE>22617,063</TOTITABSP_VENDITE>
    <TOTITABSP_ACQUISTI>25536,063</TOTITABSP_ACQUISTI>
  </Quantita>
  <Quantita>
    <Data>20180413</Data>
    <Mercato>MGP</Mercato>
    <Ora>5</Ora>
    <TOTALE_ACQUISTI>25625,419</TOTALE_ACQUISTI>
    <NAT_ACQUISTI>25748,797000</NAT_ACQUISTI>
    <CNOR_ACQUISTI>2580,657000</CNOR_ACQUISTI>
    <CSUD_ACQUISTI>3665,280000</CSUD_ACQUISTI>
    <NORD_ACQUISTI>14804,387000</NORD_ACQUISTI>
    <SARD_ACQUISTI>782,118000</SARD_ACQUISTI>
    <SICI_ACQUISTI>1407,200000</SICI_ACQUISTI>
    <SUD_ACQUISTI>1945,155000</SUD_ACQUISTI>
    <AUST_ACQUISTI>0,000000</AUST_ACQUISTI>
    <BRNN_ACQUISTI>0,000000</BRNN_ACQUISTI>
    <COAC_ACQUISTI>20,000000</COAC_ACQUISTI>
    <CORS_ACQUISTI>33,000000</CORS_ACQUISTI>
    <FOGN_ACQUISTI>0,000000</FOGN_ACQUISTI>
    <FRAN_ACQUISTI>0,000000</FRAN_ACQUISTI>
    <GREC_ACQUISTI>284,622000</GREC_ACQUISTI>
    <MFTV_ACQUISTI>0,000000</MFTV_ACQUISTI>
    <PRGP_ACQUISTI>0,000000</PRGP_ACQUISTI>
    <ROSN_ACQUISTI>0,000000</ROSN_ACQUISTI>
    <SLOV_ACQUISTI>0,000000</SLOV_ACQUISTI>
    <SVIZ_ACQUISTI>0,000000</SVIZ_ACQUISTI>
    <BSP_ACQUISTI>0,000000</BSP_ACQUISTI>
    <MALT_ACQUISTI>103,000000</MALT_ACQUISTI>
    <XAUS_ACQUISTI>0,000000</XAUS_ACQUISTI>
    <XFRA_ACQUISTI>0,000000</XFRA_ACQUISTI>
    <TOTALE_VENDITE>22135,419</TOTALE_VENDITE>
    <NAT_VENDITE>25748,797000</NAT_VENDITE>
    <CNOR_VENDITE>2081,456000</CNOR_VENDITE>
    <CSUD_VENDITE>1179,031000</CSUD_VENDITE>
    <NORD_VENDITE>11454,588000</NORD_VENDITE>
    <SARD_VENDITE>676,110000</SARD_VENDITE>
    <SICI_VENDITE>639,157000</SICI_VENDITE>
    <SUD_VENDITE>1350,448000</SUD_VENDITE>
    <AUST_VENDITE>20,000000</AUST_VENDITE>
    <BRNN_VENDITE>948,558000</BRNN_VENDITE>
    <COAC_VENDITE>0,000000</COAC_VENDITE>
    <CORS_VENDITE>0,000000</CORS_VENDITE>
    <FOGN_VENDITE>10,514000</FOGN_VENDITE>
    <FRAN_VENDITE>99,000000</FRAN_VENDITE>
    <GREC_VENDITE>429,000000</GREC_VENDITE>
    <MFTV_VENDITE>0,000000</MFTV_VENDITE>
    <PRGP_VENDITE>0,000000</PRGP_VENDITE>
    <ROSN_VENDITE>607,557000</ROSN_VENDITE>
    <SLOV_VENDITE>0,000000</SLOV_VENDITE>
    <SVIZ_VENDITE>2640,000000</SVIZ_VENDITE>
    <BSP_VENDITE>571,000000</BSP_VENDITE>
    <MALT_VENDITE>0,000000</MALT_VENDITE>
    <XAUS_VENDITE>258,000000</XAUS_VENDITE>
    <XFRA_VENDITE>2661,000000</XFRA_VENDITE>
    <TOTITABSP_VENDITE>22706,419</TOTITABSP_VENDITE>
    <TOTITABSP_ACQUISTI>25625,419</TOTITABSP_ACQUISTI>
  </Quantita>
  <Quantita>
    <Data>20180413</Data>
    <Mercato>MGP</Mercato>
    <Ora>6</Ora>
    <TOTALE_ACQUISTI>27088,762</TOTALE_ACQUISTI>
    <NAT_ACQUISTI>27138,762000</NAT_ACQUISTI>
    <CNOR_ACQUISTI>2711,165000</CNOR_ACQUISTI>
    <CSUD_ACQUISTI>3861,693000</CSUD_ACQUISTI>
    <NORD_ACQUISTI>15694,846000</NORD_ACQUISTI>
    <SARD_ACQUISTI>817,809000</SARD_ACQUISTI>
    <SICI_ACQUISTI>1479,698000</SICI_ACQUISTI>
    <SUD_ACQUISTI>2043,551000</SUD_ACQUISTI>
    <AUST_ACQUISTI>0,000000</AUST_ACQUISTI>
    <BRNN_ACQUISTI>0,000000</BRNN_ACQUISTI>
    <COAC_ACQUISTI>20,000000</COAC_ACQUISTI>
    <CORS_ACQUISTI>42,000000</CORS_ACQUISTI>
    <FOGN_ACQUISTI>0,000000</FOGN_ACQUISTI>
    <FRAN_ACQUISTI>0,000000</FRAN_ACQUISTI>
    <GREC_ACQUISTI>289,000000</GREC_ACQUISTI>
    <MFTV_ACQUISTI>0,000000</MFTV_ACQUISTI>
    <PRGP_ACQUISTI>0,000000</PRGP_ACQUISTI>
    <ROSN_ACQUISTI>0,000000</ROSN_ACQUISTI>
    <SLOV_ACQUISTI>0,000000</SLOV_ACQUISTI>
    <SVIZ_ACQUISTI>0,000000</SVIZ_ACQUISTI>
    <BSP_ACQUISTI>0,000000</BSP_ACQUISTI>
    <MALT_ACQUISTI>129,000000</MALT_ACQUISTI>
    <XAUS_ACQUISTI>0,000000</XAUS_ACQUISTI>
    <XFRA_ACQUISTI>0,000000</XFRA_ACQUISTI>
    <TOTALE_VENDITE>23598,762</TOTALE_VENDITE>
    <NAT_VENDITE>27138,762000</NAT_VENDITE>
    <CNOR_VENDITE>2100,882000</CNOR_VENDITE>
    <CSUD_VENDITE>1379,269000</CSUD_VENDITE>
    <NORD_VENDITE>12456,129000</NORD_VENDITE>
    <SARD_VENDITE>680,007000</SARD_VENDITE>
    <SICI_VENDITE>652,118000</SICI_VENDITE>
    <SUD_VENDITE>1391,598000</SUD_VENDITE>
    <AUST_VENDITE>20,000000</AUST_VENDITE>
    <BRNN_VENDITE>1050,040000</BRNN_VENDITE>
    <COAC_VENDITE>0,000000</COAC_VENDITE>
    <CORS_VENDITE>0,000000</CORS_VENDITE>
    <FOGN_VENDITE>9,797000</FOGN_VENDITE>
    <FRAN_VENDITE>99,000000</FRAN_VENDITE>
    <GREC_VENDITE>349,000000</GREC_VENDITE>
    <MFTV_VENDITE>0,000000</MFTV_VENDITE>
    <PRGP_VENDITE>0,000000</PRGP_VENDITE>
    <ROSN_VENDITE>770,922000</ROSN_VENDITE>
    <SLOV_VENDITE>0,000000</SLOV_VENDITE>
    <SVIZ_VENDITE>2640,000000</SVIZ_VENDITE>
    <BSP_VENDITE>571,000000</BSP_VENDITE>
    <MALT_VENDITE>0,000000</MALT_VENDITE>
    <XAUS_VENDITE>258,000000</XAUS_VENDITE>
    <XFRA_VENDITE>2661,000000</XFRA_VENDITE>
    <TOTITABSP_VENDITE>24169,762</TOTITABSP_VENDITE>
    <TOTITABSP_ACQUISTI>27088,762</TOTITABSP_ACQUISTI>
  </Quantita>
  <Quantita>
    <Data>20180413</Data>
    <Mercato>MGP</Mercato>
    <Ora>7</Ora>
    <TOTALE_ACQUISTI>30574,689</TOTALE_ACQUISTI>
    <NAT_ACQUISTI>30574,689000</NAT_ACQUISTI>
    <CNOR_ACQUISTI>3182,868000</CNOR_ACQUISTI>
    <CSUD_ACQUISTI>4375,616000</CSUD_ACQUISTI>
    <NORD_ACQUISTI>18061,323000</NORD_ACQUISTI>
    <SARD_ACQUISTI>914,917000</SARD_ACQUISTI>
    <SICI_ACQUISTI>1615,031000</SICI_ACQUISTI>
    <SUD_ACQUISTI>2184,934000</SUD_ACQUISTI>
    <AUST_ACQUISTI>0,000000</AUST_ACQUISTI>
    <BRNN_ACQUISTI>0,000000</BRNN_ACQUISTI>
    <COAC_ACQUISTI>20,000000</COAC_ACQUISTI>
    <CORS_ACQUISTI>49,000000</CORS_ACQUISTI>
    <FOGN_ACQUISTI>0,000000</FOGN_ACQUISTI>
    <FRAN_ACQUISTI>0,000000</FRAN_ACQUISTI>
    <GREC_ACQUISTI>10,000000</GREC_ACQUISTI>
    <MFTV_ACQUISTI>0,000000</MFTV_ACQUISTI>
    <PRGP_ACQUISTI>0,000000</PRGP_ACQUISTI>
    <ROSN_ACQUISTI>0,000000</ROSN_ACQUISTI>
    <SLOV_ACQUISTI>0,000000</SLOV_ACQUISTI>
    <SVIZ_ACQUISTI>0,000000</SVIZ_ACQUISTI>
    <BSP_ACQUISTI>0,000000</BSP_ACQUISTI>
    <MALT_ACQUISTI>161,000000</MALT_ACQUISTI>
    <XAUS_ACQUISTI>0,000000</XAUS_ACQUISTI>
    <XFRA_ACQUISTI>0,000000</XFRA_ACQUISTI>
    <TOTALE_VENDITE>27084,689</TOTALE_VENDITE>
    <NAT_VENDITE>30574,689000</NAT_VENDITE>
    <CNOR_VENDITE>2222,059000</CNOR_VENDITE>
    <CSUD_VENDITE>2169,764000</CSUD_VENDITE>
    <NORD_VENDITE>14160,701000</NORD_VENDITE>
    <SARD_VENDITE>672,955000</SARD_VENDITE>
    <SICI_VENDITE>675,925000</SICI_VENDITE>
    <SUD_VENDITE>1289,273000</SUD_VENDITE>
    <AUST_VENDITE>20,000000</AUST_VENDITE>
    <BRNN_VENDITE>1172,751000</BRNN_VENDITE>
    <COAC_VENDITE>0,000000</COAC_VENDITE>
    <CORS_VENDITE>0,000000</CORS_VENDITE>
    <FOGN_VENDITE>386,721000</FOGN_VENDITE>
    <FRAN_VENDITE>99,000000</FRAN_VENDITE>
    <GREC_VENDITE>454,000000</GREC_VENDITE>
    <MFTV_VENDITE>0,000000</MFTV_VENDITE>
    <PRGP_VENDITE>0,106000</PRGP_VENDITE>
    <ROSN_VENDITE>1154,434000</ROSN_VENDITE>
    <SLOV_VENDITE>0,000000</SLOV_VENDITE>
    <SVIZ_VENDITE>2607,000000</SVIZ_VENDITE>
    <BSP_VENDITE>571,000000</BSP_VENDITE>
    <MALT_VENDITE>0,000000</MALT_VENDITE>
    <XAUS_VENDITE>258,000000</XAUS_VENDITE>
    <XFRA_VENDITE>2661,000000</XFRA_VENDITE>
    <TOTITABSP_VENDITE>27655,689</TOTITABSP_VENDITE>
    <TOTITABSP_ACQUISTI>30574,689</TOTITABSP_ACQUISTI>
  </Quantita>
  <Quantita>
    <Data>20180413</Data>
    <Mercato>MGP</Mercato>
    <Ora>8</Ora>
    <TOTALE_ACQUISTI>35395,242</TOTALE_ACQUISTI>
    <NAT_ACQUISTI>35476,242000</NAT_ACQUISTI>
    <CNOR_ACQUISTI>3741,217000</CNOR_ACQUISTI>
    <CSUD_ACQUISTI>5065,445000</CSUD_ACQUISTI>
    <NORD_ACQUISTI>20942,771000</NORD_ACQUISTI>
    <SARD_ACQUISTI>1042,883000</SARD_ACQUISTI>
    <SICI_ACQUISTI>1871,508000</SICI_ACQUISTI>
    <SUD_ACQUISTI>2560,418000</SUD_ACQUISTI>
    <AUST_ACQUISTI>0,000000</AUST_ACQUISTI>
    <BRNN_ACQUISTI>0,000000</BRNN_ACQUISTI>
    <COAC_ACQUISTI>32,000000</COAC_ACQUISTI>
    <CORS_ACQUISTI>46,000000</CORS_ACQUISTI>
    <FOGN_ACQUISTI>0,000000</FOGN_ACQUISTI>
    <FRAN_ACQUISTI>0,000000</FRAN_ACQUISTI>
    <GREC_ACQUISTI>0,000000</GREC_ACQUISTI>
    <MFTV_ACQUISTI>0,000000</MFTV_ACQUISTI>
    <PRGP_ACQUISTI>0,000000</PRGP_ACQUISTI>
    <ROSN_ACQUISTI>0,000000</ROSN_ACQUISTI>
    <SLOV_ACQUISTI>0,000000</SLOV_ACQUISTI>
    <SVIZ_ACQUISTI>0,000000</SVIZ_ACQUISTI>
    <BSP_ACQUISTI>0,000000</BSP_ACQUISTI>
    <MALT_ACQUISTI>93,000000</MALT_ACQUISTI>
    <XAUS_ACQUISTI>0,000000</XAUS_ACQUISTI>
    <XFRA_ACQUISTI>0,000000</XFRA_ACQUISTI>
    <TOTALE_VENDITE>31612,242</TOTALE_VENDITE>
    <NAT_VENDITE>35476,242000</NAT_VENDITE>
    <CNOR_VENDITE>2696,917000</CNOR_VENDITE>
    <CSUD_VENDITE>2435,990000</CSUD_VENDITE>
    <NORD_VENDITE>17107,986000</NORD_VENDITE>
    <SARD_VENDITE>691,609000</SARD_VENDITE>
    <SICI_VENDITE>863,310000</SICI_VENDITE>
    <SUD_VENDITE>1470,883000</SUD_VENDITE>
    <AUST_VENDITE>20,000000</AUST_VENDITE>
    <BRNN_VENDITE>1174,014000</BRNN_VENDITE>
    <COAC_VENDITE>0,000000</COAC_VENDITE>
    <CORS_VENDITE>0,000000</CORS_VENDITE>
    <FOGN_VENDITE>436,179000</FOGN_VENDITE>
    <FRAN_VENDITE>99,000000</FRAN_VENDITE>
    <GREC_VENDITE>500,000000</GREC_VENDITE>
    <MFTV_VENDITE>0,000000</MFTV_VENDITE>
    <PRGP_VENDITE>1,198000</PRGP_VENDITE>
    <ROSN_VENDITE>1151,156000</ROSN_VENDITE>
    <SLOV_VENDITE>0,000000</SLOV_VENDITE>
    <SVIZ_VENDITE>2964,000000</SVIZ_VENDITE>
    <BSP_VENDITE>678,000000</BSP_VENDITE>
    <MALT_VENDITE>0,000000</MALT_VENDITE>
    <XAUS_VENDITE>279,000000</XAUS_VENDITE>
    <XFRA_VENDITE>2826,000000</XFRA_VENDITE>
    <TOTITABSP_VENDITE>32290,242</TOTITABSP_VENDITE>
    <TOTITABSP_ACQUISTI>35395,242</TOTITABSP_ACQUISTI>
  </Quantita>
  <Quantita>
    <Data>20180413</Data>
    <Mercato>MGP</Mercato>
    <Ora>9</Ora>
    <TOTALE_ACQUISTI>39961,786</TOTALE_ACQUISTI>
    <NAT_ACQUISTI>39961,786000</NAT_ACQUISTI>
    <CNOR_ACQUISTI>4324,846000</CNOR_ACQUISTI>
    <CSUD_ACQUISTI>5702,060000</CSUD_ACQUISTI>
    <NORD_ACQUISTI>23640,227000</NORD_ACQUISTI>
    <SARD_ACQUISTI>1143,885000</SARD_ACQUISTI>
    <SICI_ACQUISTI>2098,940000</SICI_ACQUISTI>
    <SUD_ACQUISTI>2858,828000</SUD_ACQUISTI>
    <AUST_ACQUISTI>0,000000</AUST_ACQUISTI>
    <BRNN_ACQUISTI>0,000000</BRNN_ACQUISTI>
    <COAC_ACQUISTI>52,000000</COAC_ACQUISTI>
    <CORS_ACQUISTI>46,000000</CORS_ACQUISTI>
    <FOGN_ACQUISTI>0,000000</FOGN_ACQUISTI>
    <FRAN_ACQUISTI>0,000000</FRAN_ACQUISTI>
    <GREC_ACQUISTI>0,000000</GREC_ACQUISTI>
    <MFTV_ACQUISTI>0,000000</MFTV_ACQUISTI>
    <PRGP_ACQUISTI>0,000000</PRGP_ACQUISTI>
    <ROSN_ACQUISTI>0,000000</ROSN_ACQUISTI>
    <SLOV_ACQUISTI>0,000000</SLOV_ACQUISTI>
    <SVIZ_ACQUISTI>0,000000</SVIZ_ACQUISTI>
    <BSP_ACQUISTI>0,000000</BSP_ACQUISTI>
    <MALT_ACQUISTI>95,000000</MALT_ACQUISTI>
    <XAUS_ACQUISTI>0,000000</XAUS_ACQUISTI>
    <XFRA_ACQUISTI>0,000000</XFRA_ACQUISTI>
    <TOTALE_VENDITE>36178,786</TOTALE_VENDITE>
    <NAT_VENDITE>39961,786000</NAT_VENDITE>
    <CNOR_VENDITE>2950,090000</CNOR_VENDITE>
    <CSUD_VENDITE>2783,765000</CSUD_VENDITE>
    <NORD_VENDITE>19396,748000</NORD_VENDITE>
    <SARD_VENDITE>745,286000</SARD_VENDITE>
    <SICI_VENDITE>1090,930000</SICI_VENDITE>
    <SUD_VENDITE>1902,366000</SUD_VENDITE>
    <AUST_VENDITE>20,000000</AUST_VENDITE>
    <BRNN_VENDITE>2192,027000</BRNN_VENDITE>
    <COAC_VENDITE>0,000000</COAC_VENDITE>
    <CORS_VENDITE>0,000000</CORS_VENDITE>
    <FOGN_VENDITE>535,833000</FOGN_VENDITE>
    <FRAN_VENDITE>99,000000</FRAN_VENDITE>
    <GREC_VENDITE>440,000000</GREC_VENDITE>
    <MFTV_VENDITE>0,000000</MFTV_VENDITE>
    <PRGP_VENDITE>3,010000</PRGP_VENDITE>
    <ROSN_VENDITE>1146,731000</ROSN_VENDITE>
    <SLOV_VENDITE>0,000000</SLOV_VENDITE>
    <SVIZ_VENDITE>2873,000000</SVIZ_VENDITE>
    <BSP_VENDITE>678,000000</BSP_VENDITE>
    <MALT_VENDITE>0,000000</MALT_VENDITE>
    <XAUS_VENDITE>279,000000</XAUS_VENDITE>
    <XFRA_VENDITE>2826,000000</XFRA_VENDITE>
    <TOTITABSP_VENDITE>36856,786</TOTITABSP_VENDITE>
    <TOTITABSP_ACQUISTI>39961,786</TOTITABSP_ACQUISTI>
  </Quantita>
  <Quantita>
    <Data>20180413</Data>
    <Mercato>MGP</Mercato>
    <Ora>10</Ora>
    <TOTALE_ACQUISTI>40564,18</TOTALE_ACQUISTI>
    <NAT_ACQUISTI>40594,660000</NAT_ACQUISTI>
    <CNOR_ACQUISTI>4440,894000</CNOR_ACQUISTI>
    <CSUD_ACQUISTI>5881,881000</CSUD_ACQUISTI>
    <NORD_ACQUISTI>23801,281000</NORD_ACQUISTI>
    <SARD_ACQUISTI>1116,421000</SARD_ACQUISTI>
    <SICI_ACQUISTI>2125,843000</SICI_ACQUISTI>
    <SUD_ACQUISTI>2866,340000</SUD_ACQUISTI>
    <AUST_ACQUISTI>0,000000</AUST_ACQUISTI>
    <BRNN_ACQUISTI>0,000000</BRNN_ACQUISTI>
    <COAC_ACQUISTI>55,000000</COAC_ACQUISTI>
    <CORS_ACQUISTI>46,000000</CORS_ACQUISTI>
    <FOGN_ACQUISTI>0,000000</FOGN_ACQUISTI>
    <FRAN_ACQUISTI>0,000000</FRAN_ACQUISTI>
    <GREC_ACQUISTI>0,000000</GREC_ACQUISTI>
    <MFTV_ACQUISTI>0,000000</MFTV_ACQUISTI>
    <PRGP_ACQUISTI>0,000000</PRGP_ACQUISTI>
    <ROSN_ACQUISTI>0,000000</ROSN_ACQUISTI>
    <SLOV_ACQUISTI>0,000000</SLOV_ACQUISTI>
    <SVIZ_ACQUISTI>100,000000</SVIZ_ACQUISTI>
    <BSP_ACQUISTI>0,000000</BSP_ACQUISTI>
    <MALT_ACQUISTI>130,520000</MALT_ACQUISTI>
    <XAUS_ACQUISTI>0,000000</XAUS_ACQUISTI>
    <XFRA_ACQUISTI>0,000000</XFRA_ACQUISTI>
    <TOTALE_VENDITE>37105,841</TOTALE_VENDITE>
    <NAT_VENDITE>40594,660000</NAT_VENDITE>
    <CNOR_VENDITE>3109,643000</CNOR_VENDITE>
    <CSUD_VENDITE>4064,234000</CSUD_VENDITE>
    <NORD_VENDITE>19282,712000</NORD_VENDITE>
    <SARD_VENDITE>801,976000</SARD_VENDITE>
    <SICI_VENDITE>1151,240000</SICI_VENDITE>
    <SUD_VENDITE>2292,758000</SUD_VENDITE>
    <AUST_VENDITE>20,000000</AUST_VENDITE>
    <BRNN_VENDITE>1006,403000</BRNN_VENDITE>
    <COAC_VENDITE>0,000000</COAC_VENDITE>
    <CORS_VENDITE>0,000000</CORS_VENDITE>
    <FOGN_VENDITE>734,327000</FOGN_VENDITE>
    <FRAN_VENDITE>99,000000</FRAN_VENDITE>
    <GREC_VENDITE>445,000000</GREC_VENDITE>
    <MFTV_VENDITE>0,000000</MFTV_VENDITE>
    <PRGP_VENDITE>5,123000</PRGP_VENDITE>
    <ROSN_VENDITE>1139,425000</ROSN_VENDITE>
    <SLOV_VENDITE>0,000000</SLOV_VENDITE>
    <SVIZ_VENDITE>2954,000000</SVIZ_VENDITE>
    <BSP_VENDITE>766,000000</BSP_VENDITE>
    <MALT_VENDITE>0,000000</MALT_VENDITE>
    <XAUS_VENDITE>295,000000</XAUS_VENDITE>
    <XFRA_VENDITE>2397,339000</XFRA_VENDITE>
    <TOTITABSP_VENDITE>37871,841</TOTITABSP_VENDITE>
    <TOTITABSP_ACQUISTI>40564,18</TOTITABSP_ACQUISTI>
  </Quantita>
  <Quantita>
    <Data>20180413</Data>
    <Mercato>MGP</Mercato>
    <Ora>11</Ora>
    <TOTALE_ACQUISTI>39533,233</TOTALE_ACQUISTI>
    <NAT_ACQUISTI>39533,233000</NAT_ACQUISTI>
    <CNOR_ACQUISTI>4374,681000</CNOR_ACQUISTI>
    <CSUD_ACQUISTI>5825,973000</CSUD_ACQUISTI>
    <NORD_ACQUISTI>23187,436000</NORD_ACQUISTI>
    <SARD_ACQUISTI>1058,839000</SARD_ACQUISTI>
    <SICI_ACQUISTI>2071,214000</SICI_ACQUISTI>
    <SUD_ACQUISTI>2771,090000</SUD_ACQUISTI>
    <AUST_ACQUISTI>0,000000</AUST_ACQUISTI>
    <BRNN_ACQUISTI>0,000000</BRNN_ACQUISTI>
    <COAC_ACQUISTI>33,000000</COAC_ACQUISTI>
    <CORS_ACQUISTI>46,000000</CORS_ACQUISTI>
    <FOGN_ACQUISTI>0,000000</FOGN_ACQUISTI>
    <FRAN_ACQUISTI>0,000000</FRAN_ACQUISTI>
    <GREC_ACQUISTI>0,000000</GREC_ACQUISTI>
    <MFTV_ACQUISTI>0,000000</MFTV_ACQUISTI>
    <PRGP_ACQUISTI>0,000000</PRGP_ACQUISTI>
    <ROSN_ACQUISTI>0,000000</ROSN_ACQUISTI>
    <SLOV_ACQUISTI>0,000000</SLOV_ACQUISTI>
    <SVIZ_ACQUISTI>0,000000</SVIZ_ACQUISTI>
    <BSP_ACQUISTI>0,000000</BSP_ACQUISTI>
    <MALT_ACQUISTI>165,000000</MALT_ACQUISTI>
    <XAUS_ACQUISTI>0,000000</XAUS_ACQUISTI>
    <XFRA_ACQUISTI>0,000000</XFRA_ACQUISTI>
    <TOTALE_VENDITE>36749,678</TOTALE_VENDITE>
    <NAT_VENDITE>39533,233000</NAT_VENDITE>
    <CNOR_VENDITE>3289,133000</CNOR_VENDITE>
    <CSUD_VENDITE>4149,337000</CSUD_VENDITE>
    <NORD_VENDITE>18178,943000</NORD_VENDITE>
    <SARD_VENDITE>864,546000</SARD_VENDITE>
    <SICI_VENDITE>1200,012000</SICI_VENDITE>
    <SUD_VENDITE>2807,702000</SUD_VENDITE>
    <AUST_VENDITE>20,000000</AUST_VENDITE>
    <BRNN_VENDITE>1002,371000</BRNN_VENDITE>
    <COAC_VENDITE>0,000000</COAC_VENDITE>
    <CORS_VENDITE>0,000000</CORS_VENDITE>
    <FOGN_VENDITE>535,896000</FOGN_VENDITE>
    <FRAN_VENDITE>99,000000</FRAN_VENDITE>
    <GREC_VENDITE>470,000000</GREC_VENDITE>
    <MFTV_VENDITE>0,000000</MFTV_VENDITE>
    <PRGP_VENDITE>6,868000</PRGP_VENDITE>
    <ROSN_VENDITE>1131,870000</ROSN_VENDITE>
    <SLOV_VENDITE>0,000000</SLOV_VENDITE>
    <SVIZ_VENDITE>2994,000000</SVIZ_VENDITE>
    <BSP_VENDITE>766,000000</BSP_VENDITE>
    <MALT_VENDITE>0,000000</MALT_VENDITE>
    <XAUS_VENDITE>295,000000</XAUS_VENDITE>
    <XFRA_VENDITE>1722,555000</XFRA_VENDITE>
    <TOTITABSP_VENDITE>37515,678</TOTITABSP_VENDITE>
    <TOTITABSP_ACQUISTI>39533,233</TOTITABSP_ACQUISTI>
  </Quantita>
  <Quantita>
    <Data>20180413</Data>
    <Mercato>MGP</Mercato>
    <Ora>12</Ora>
    <TOTALE_ACQUISTI>38906,558</TOTALE_ACQUISTI>
    <NAT_ACQUISTI>38906,558000</NAT_ACQUISTI>
    <CNOR_ACQUISTI>4278,793000</CNOR_ACQUISTI>
    <CSUD_ACQUISTI>5735,468000</CSUD_ACQUISTI>
    <NORD_ACQUISTI>22891,536000</NORD_ACQUISTI>
    <SARD_ACQUISTI>1028,063000</SARD_ACQUISTI>
    <SICI_ACQUISTI>2007,248000</SICI_ACQUISTI>
    <SUD_ACQUISTI>2705,450000</SUD_ACQUISTI>
    <AUST_ACQUISTI>0,000000</AUST_ACQUISTI>
    <BRNN_ACQUISTI>0,000000</BRNN_ACQUISTI>
    <COAC_ACQUISTI>22,000000</COAC_ACQUISTI>
    <CORS_ACQUISTI>46,000000</CORS_ACQUISTI>
    <FOGN_ACQUISTI>0,000000</FOGN_ACQUISTI>
    <FRAN_ACQUISTI>0,000000</FRAN_ACQUISTI>
    <GREC_ACQUISTI>35,000000</GREC_ACQUISTI>
    <MFTV_ACQUISTI>0,000000</MFTV_ACQUISTI>
    <PRGP_ACQUISTI>0,000000</PRGP_ACQUISTI>
    <ROSN_ACQUISTI>0,000000</ROSN_ACQUISTI>
    <SLOV_ACQUISTI>0,000000</SLOV_ACQUISTI>
    <SVIZ_ACQUISTI>0,000000</SVIZ_ACQUISTI>
    <BSP_ACQUISTI>0,000000</BSP_ACQUISTI>
    <MALT_ACQUISTI>157,000000</MALT_ACQUISTI>
    <XAUS_ACQUISTI>0,000000</XAUS_ACQUISTI>
    <XFRA_ACQUISTI>0,000000</XFRA_ACQUISTI>
    <TOTALE_VENDITE>35675,757</TOTALE_VENDITE>
    <NAT_VENDITE>38906,558000</NAT_VENDITE>
    <CNOR_VENDITE>3050,918000</CNOR_VENDITE>
    <CSUD_VENDITE>4298,280000</CSUD_VENDITE>
    <NORD_VENDITE>16994,169000</NORD_VENDITE>
    <SARD_VENDITE>926,760000</SARD_VENDITE>
    <SICI_VENDITE>1295,442000</SICI_VENDITE>
    <SUD_VENDITE>3021,051000</SUD_VENDITE>
    <AUST_VENDITE>20,000000</AUST_VENDITE>
    <BRNN_VENDITE>1045,760000</BRNN_VENDITE>
    <COAC_VENDITE>0,000000</COAC_VENDITE>
    <CORS_VENDITE>0,000000</CORS_VENDITE>
    <FOGN_VENDITE>534,722000</FOGN_VENDITE>
    <FRAN_VENDITE>99,000000</FRAN_VENDITE>
    <GREC_VENDITE>395,000000</GREC_VENDITE>
    <MFTV_VENDITE>0,000000</MFTV_VENDITE>
    <PRGP_VENDITE>7,932000</PRGP_VENDITE>
    <ROSN_VENDITE>1125,723000</ROSN_VENDITE>
    <SLOV_VENDITE>0,000000</SLOV_VENDITE>
    <SVIZ_VENDITE>2861,000000</SVIZ_VENDITE>
    <BSP_VENDITE>766,000000</BSP_VENDITE>
    <MALT_VENDITE>0,000000</MALT_VENDITE>
    <XAUS_VENDITE>295,000000</XAUS_VENDITE>
    <XFRA_VENDITE>2169,801000</XFRA_VENDITE>
    <TOTITABSP_VENDITE>36441,757</TOTITABSP_VENDITE>
    <TOTITABSP_ACQUISTI>38906,558</TOTITABSP_ACQUISTI>
  </Quantita>
  <Quantita>
    <Data>20180413</Data>
    <Mercato>MGP</Mercato>
    <Ora>13</Ora>
    <TOTALE_ACQUISTI>36894,115</TOTALE_ACQUISTI>
    <NAT_ACQUISTI>36894,115000</NAT_ACQUISTI>
    <CNOR_ACQUISTI>3989,607000</CNOR_ACQUISTI>
    <CSUD_ACQUISTI>5684,650000</CSUD_ACQUISTI>
    <NORD_ACQUISTI>21188,304000</NORD_ACQUISTI>
    <SARD_ACQUISTI>1015,309000</SARD_ACQUISTI>
    <SICI_ACQUISTI>1978,745000</SICI_ACQUISTI>
    <SUD_ACQUISTI>2711,500000</SUD_ACQUISTI>
    <AUST_ACQUISTI>0,000000</AUST_ACQUISTI>
    <BRNN_ACQUISTI>0,000000</BRNN_ACQUISTI>
    <COAC_ACQUISTI>20,000000</COAC_ACQUISTI>
    <CORS_ACQUISTI>45,000000</CORS_ACQUISTI>
    <FOGN_ACQUISTI>0,000000</FOGN_ACQUISTI>
    <FRAN_ACQUISTI>0,000000</FRAN_ACQUISTI>
    <GREC_ACQUISTI>130,000000</GREC_ACQUISTI>
    <MFTV_ACQUISTI>0,000000</MFTV_ACQUISTI>
    <PRGP_ACQUISTI>0,000000</PRGP_ACQUISTI>
    <ROSN_ACQUISTI>0,000000</ROSN_ACQUISTI>
    <SLOV_ACQUISTI>0,000000</SLOV_ACQUISTI>
    <SVIZ_ACQUISTI>0,000000</SVIZ_ACQUISTI>
    <BSP_ACQUISTI>0,000000</BSP_ACQUISTI>
    <MALT_ACQUISTI>131,000000</MALT_ACQUISTI>
    <XAUS_ACQUISTI>0,000000</XAUS_ACQUISTI>
    <XFRA_ACQUISTI>0,000000</XFRA_ACQUISTI>
    <TOTALE_VENDITE>33942,574</TOTALE_VENDITE>
    <NAT_VENDITE>36894,115000</NAT_VENDITE>
    <CNOR_VENDITE>3050,148000</CNOR_VENDITE>
    <CSUD_VENDITE>3586,514000</CSUD_VENDITE>
    <NORD_VENDITE>16439,401000</NORD_VENDITE>
    <SARD_VENDITE>1006,181000</SARD_VENDITE>
    <SICI_VENDITE>1335,553000</SICI_VENDITE>
    <SUD_VENDITE>3302,311000</SUD_VENDITE>
    <AUST_VENDITE>20,000000</AUST_VENDITE>
    <BRNN_VENDITE>935,420000</BRNN_VENDITE>
    <COAC_VENDITE>0,000000</COAC_VENDITE>
    <CORS_VENDITE>0,000000</CORS_VENDITE>
    <FOGN_VENDITE>351,837000</FOGN_VENDITE>
    <FRAN_VENDITE>99,000000</FRAN_VENDITE>
    <GREC_VENDITE>266,000000</GREC_VENDITE>
    <MFTV_VENDITE>0,000000</MFTV_VENDITE>
    <PRGP_VENDITE>8,381000</PRGP_VENDITE>
    <ROSN_VENDITE>775,828000</ROSN_VENDITE>
    <SLOV_VENDITE>0,000000</SLOV_VENDITE>
    <SVIZ_VENDITE>2766,000000</SVIZ_VENDITE>
    <BSP_VENDITE>719,000000</BSP_VENDITE>
    <MALT_VENDITE>0,000000</MALT_VENDITE>
    <XAUS_VENDITE>292,000000</XAUS_VENDITE>
    <XFRA_VENDITE>1940,541000</XFRA_VENDITE>
    <TOTITABSP_VENDITE>34661,574</TOTITABSP_VENDITE>
    <TOTITABSP_ACQUISTI>36894,115</TOTITABSP_ACQUISTI>
  </Quantita>
  <Quantita>
    <Data>20180413</Data>
    <Mercato>MGP</Mercato>
    <Ora>14</Ora>
    <TOTALE_ACQUISTI>36604,206</TOTALE_ACQUISTI>
    <NAT_ACQUISTI>36604,206000</NAT_ACQUISTI>
    <CNOR_ACQUISTI>3886,185000</CNOR_ACQUISTI>
    <CSUD_ACQUISTI>5484,863000</CSUD_ACQUISTI>
    <NORD_ACQUISTI>21259,768000</NORD_ACQUISTI>
    <SARD_ACQUISTI>983,122000</SARD_ACQUISTI>
    <SICI_ACQUISTI>1908,408000</SICI_ACQUISTI>
    <SUD_ACQUISTI>2591,860000</SUD_ACQUISTI>
    <AUST_ACQUISTI>0,000000</AUST_ACQUISTI>
    <BRNN_ACQUISTI>0,000000</BRNN_ACQUISTI>
    <COAC_ACQUISTI>20,000000</COAC_ACQUISTI>
    <CORS_ACQUISTI>41,000000</CORS_ACQUISTI>
    <FOGN_ACQUISTI>0,000000</FOGN_ACQUISTI>
    <FRAN_ACQUISTI>0,000000</FRAN_ACQUISTI>
    <GREC_ACQUISTI>300,000000</GREC_ACQUISTI>
    <MFTV_ACQUISTI>0,000000</MFTV_ACQUISTI>
    <PRGP_ACQUISTI>0,000000</PRGP_ACQUISTI>
    <ROSN_ACQUISTI>0,000000</ROSN_ACQUISTI>
    <SLOV_ACQUISTI>0,000000</SLOV_ACQUISTI>
    <SVIZ_ACQUISTI>0,000000</SVIZ_ACQUISTI>
    <BSP_ACQUISTI>0,000000</BSP_ACQUISTI>
    <MALT_ACQUISTI>129,000000</MALT_ACQUISTI>
    <XAUS_ACQUISTI>0,000000</XAUS_ACQUISTI>
    <XFRA_ACQUISTI>0,000000</XFRA_ACQUISTI>
    <TOTALE_VENDITE>32588,206</TOTALE_VENDITE>
    <NAT_VENDITE>36604,206000</NAT_VENDITE>
    <CNOR_VENDITE>2902,499000</CNOR_VENDITE>
    <CSUD_VENDITE>3581,059000</CSUD_VENDITE>
    <NORD_VENDITE>15605,773000</NORD_VENDITE>
    <SARD_VENDITE>1027,226000</SARD_VENDITE>
    <SICI_VENDITE>1356,785000</SICI_VENDITE>
    <SUD_VENDITE>3037,789000</SUD_VENDITE>
    <AUST_VENDITE>20,000000</AUST_VENDITE>
    <BRNN_VENDITE>896,483000</BRNN_VENDITE>
    <COAC_VENDITE>0,000000</COAC_VENDITE>
    <CORS_VENDITE>0,000000</CORS_VENDITE>
    <FOGN_VENDITE>162,471000</FOGN_VENDITE>
    <FRAN_VENDITE>99,000000</FRAN_VENDITE>
    <GREC_VENDITE>169,000000</GREC_VENDITE>
    <MFTV_VENDITE>0,000000</MFTV_VENDITE>
    <PRGP_VENDITE>8,258000</PRGP_VENDITE>
    <ROSN_VENDITE>776,863000</ROSN_VENDITE>
    <SLOV_VENDITE>0,000000</SLOV_VENDITE>
    <SVIZ_VENDITE>2945,000000</SVIZ_VENDITE>
    <BSP_VENDITE>719,000000</BSP_VENDITE>
    <MALT_VENDITE>0,000000</MALT_VENDITE>
    <XAUS_VENDITE>292,000000</XAUS_VENDITE>
    <XFRA_VENDITE>3005,000000</XFRA_VENDITE>
    <TOTITABSP_VENDITE>33307,206</TOTITABSP_VENDITE>
    <TOTITABSP_ACQUISTI>36604,206</TOTITABSP_ACQUISTI>
  </Quantita>
  <Quantita>
    <Data>20180413</Data>
    <Mercato>MGP</Mercato>
    <Ora>15</Ora>
    <TOTALE_ACQUISTI>37164,052</TOTALE_ACQUISTI>
    <NAT_ACQUISTI>37164,052000</NAT_ACQUISTI>
    <CNOR_ACQUISTI>4053,652000</CNOR_ACQUISTI>
    <CSUD_ACQUISTI>5500,250000</CSUD_ACQUISTI>
    <NORD_ACQUISTI>21889,020000</NORD_ACQUISTI>
    <SARD_ACQUISTI>969,052000</SARD_ACQUISTI>
    <SICI_ACQUISTI>1884,177000</SICI_ACQUISTI>
    <SUD_ACQUISTI>2508,901000</SUD_ACQUISTI>
    <AUST_ACQUISTI>0,000000</AUST_ACQUISTI>
    <BRNN_ACQUISTI>0,000000</BRNN_ACQUISTI>
    <COAC_ACQUISTI>20,000000</COAC_ACQUISTI>
    <CORS_ACQUISTI>40,000000</CORS_ACQUISTI>
    <FOGN_ACQUISTI>0,000000</FOGN_ACQUISTI>
    <FRAN_ACQUISTI>0,000000</FRAN_ACQUISTI>
    <GREC_ACQUISTI>173,000000</GREC_ACQUISTI>
    <MFTV_ACQUISTI>0,000000</MFTV_ACQUISTI>
    <PRGP_ACQUISTI>0,000000</PRGP_ACQUISTI>
    <ROSN_ACQUISTI>0,000000</ROSN_ACQUISTI>
    <SLOV_ACQUISTI>0,000000</SLOV_ACQUISTI>
    <SVIZ_ACQUISTI>0,000000</SVIZ_ACQUISTI>
    <BSP_ACQUISTI>0,000000</BSP_ACQUISTI>
    <MALT_ACQUISTI>126,000000</MALT_ACQUISTI>
    <XAUS_ACQUISTI>0,000000</XAUS_ACQUISTI>
    <XFRA_ACQUISTI>0,000000</XFRA_ACQUISTI>
    <TOTALE_VENDITE>33148,052</TOTALE_VENDITE>
    <NAT_VENDITE>37164,052000</NAT_VENDITE>
    <CNOR_VENDITE>3023,626000</CNOR_VENDITE>
    <CSUD_VENDITE>3524,730000</CSUD_VENDITE>
    <NORD_VENDITE>16024,712000</NORD_VENDITE>
    <SARD_VENDITE>1016,225000</SARD_VENDITE>
    <SICI_VENDITE>1355,454000</SICI_VENDITE>
    <SUD_VENDITE>3044,089000</SUD_VENDITE>
    <AUST_VENDITE>20,000000</AUST_VENDITE>
    <BRNN_VENDITE>657,966000</BRNN_VENDITE>
    <COAC_VENDITE>0,000000</COAC_VENDITE>
    <CORS_VENDITE>0,000000</CORS_VENDITE>
    <FOGN_VENDITE>277,421000</FOGN_VENDITE>
    <FRAN_VENDITE>99,000000</FRAN_VENDITE>
    <GREC_VENDITE>192,000000</GREC_VENDITE>
    <MFTV_VENDITE>0,000000</MFTV_VENDITE>
    <PRGP_VENDITE>7,628000</PRGP_VENDITE>
    <ROSN_VENDITE>777,201000</ROSN_VENDITE>
    <SLOV_VENDITE>0,000000</SLOV_VENDITE>
    <SVIZ_VENDITE>3128,000000</SVIZ_VENDITE>
    <BSP_VENDITE>719,000000</BSP_VENDITE>
    <MALT_VENDITE>0,000000</MALT_VENDITE>
    <XAUS_VENDITE>292,000000</XAUS_VENDITE>
    <XFRA_VENDITE>3005,000000</XFRA_VENDITE>
    <TOTITABSP_VENDITE>33867,052</TOTITABSP_VENDITE>
    <TOTITABSP_ACQUISTI>37164,052</TOTITABSP_ACQUISTI>
  </Quantita>
  <Quantita>
    <Data>20180413</Data>
    <Mercato>MGP</Mercato>
    <Ora>16</Ora>
    <TOTALE_ACQUISTI>37241,218</TOTALE_ACQUISTI>
    <NAT_ACQUISTI>37241,218000</NAT_ACQUISTI>
    <CNOR_ACQUISTI>4119,252000</CNOR_ACQUISTI>
    <CSUD_ACQUISTI>5549,481000</CSUD_ACQUISTI>
    <NORD_ACQUISTI>21816,963000</NORD_ACQUISTI>
    <SARD_ACQUISTI>978,809000</SARD_ACQUISTI>
    <SICI_ACQUISTI>1891,815000</SICI_ACQUISTI>
    <SUD_ACQUISTI>2550,898000</SUD_ACQUISTI>
    <AUST_ACQUISTI>0,000000</AUST_ACQUISTI>
    <BRNN_ACQUISTI>0,000000</BRNN_ACQUISTI>
    <COAC_ACQUISTI>20,000000</COAC_ACQUISTI>
    <CORS_ACQUISTI>43,000000</CORS_ACQUISTI>
    <FOGN_ACQUISTI>0,000000</FOGN_ACQUISTI>
    <FRAN_ACQUISTI>0,000000</FRAN_ACQUISTI>
    <GREC_ACQUISTI>145,000000</GREC_ACQUISTI>
    <MFTV_ACQUISTI>0,000000</MFTV_ACQUISTI>
    <PRGP_ACQUISTI>0,000000</PRGP_ACQUISTI>
    <ROSN_ACQUISTI>0,000000</ROSN_ACQUISTI>
    <SLOV_ACQUISTI>0,000000</SLOV_ACQUISTI>
    <SVIZ_ACQUISTI>0,000000</SVIZ_ACQUISTI>
    <BSP_ACQUISTI>0,000000</BSP_ACQUISTI>
    <MALT_ACQUISTI>126,000000</MALT_ACQUISTI>
    <XAUS_ACQUISTI>0,000000</XAUS_ACQUISTI>
    <XFRA_ACQUISTI>0,000000</XFRA_ACQUISTI>
    <TOTALE_VENDITE>33458,218</TOTALE_VENDITE>
    <NAT_VENDITE>37241,218000</NAT_VENDITE>
    <CNOR_VENDITE>2904,262000</CNOR_VENDITE>
    <CSUD_VENDITE>3912,666000</CSUD_VENDITE>
    <NORD_VENDITE>16015,882000</NORD_VENDITE>
    <SARD_VENDITE>987,670000</SARD_VENDITE>
    <SICI_VENDITE>1314,437000</SICI_VENDITE>
    <SUD_VENDITE>2802,803000</SUD_VENDITE>
    <AUST_VENDITE>20,000000</AUST_VENDITE>
    <BRNN_VENDITE>782,246000</BRNN_VENDITE>
    <COAC_VENDITE>0,000000</COAC_VENDITE>
    <CORS_VENDITE>0,000000</CORS_VENDITE>
    <FOGN_VENDITE>685,137000</FOGN_VENDITE>
    <FRAN_VENDITE>99,000000</FRAN_VENDITE>
    <GREC_VENDITE>212,000000</GREC_VENDITE>
    <MFTV_VENDITE>0,000000</MFTV_VENDITE>
    <PRGP_VENDITE>6,369000</PRGP_VENDITE>
    <ROSN_VENDITE>774,746000</ROSN_VENDITE>
    <SLOV_VENDITE>0,000000</SLOV_VENDITE>
    <SVIZ_VENDITE>2941,000000</SVIZ_VENDITE>
    <BSP_VENDITE>678,000000</BSP_VENDITE>
    <MALT_VENDITE>0,000000</MALT_VENDITE>
    <XAUS_VENDITE>279,000000</XAUS_VENDITE>
    <XFRA_VENDITE>2826,000000</XFRA_VENDITE>
    <TOTITABSP_VENDITE>34136,218</TOTITABSP_VENDITE>
    <TOTITABSP_ACQUISTI>37241,218</TOTITABSP_ACQUISTI>
  </Quantita>
  <Quantita>
    <Data>20180413</Data>
    <Mercato>MGP</Mercato>
    <Ora>17</Ora>
    <TOTALE_ACQUISTI>36987,743</TOTALE_ACQUISTI>
    <NAT_ACQUISTI>36987,743000</NAT_ACQUISTI>
    <CNOR_ACQUISTI>4054,994000</CNOR_ACQUISTI>
    <CSUD_ACQUISTI>5539,447000</CSUD_ACQUISTI>
    <NORD_ACQUISTI>21586,304000</NORD_ACQUISTI>
    <SARD_ACQUISTI>982,651000</SARD_ACQUISTI>
    <SICI_ACQUISTI>1936,491000</SICI_ACQUISTI>
    <SUD_ACQUISTI>2622,856000</SUD_ACQUISTI>
    <AUST_ACQUISTI>0,000000</AUST_ACQUISTI>
    <BRNN_ACQUISTI>0,000000</BRNN_ACQUISTI>
    <COAC_ACQUISTI>20,000000</COAC_ACQUISTI>
    <CORS_ACQUISTI>44,000000</CORS_ACQUISTI>
    <FOGN_ACQUISTI>0,000000</FOGN_ACQUISTI>
    <FRAN_ACQUISTI>0,000000</FRAN_ACQUISTI>
    <GREC_ACQUISTI>55,000000</GREC_ACQUISTI>
    <MFTV_ACQUISTI>0,000000</MFTV_ACQUISTI>
    <PRGP_ACQUISTI>0,000000</PRGP_ACQUISTI>
    <ROSN_ACQUISTI>0,000000</ROSN_ACQUISTI>
    <SLOV_ACQUISTI>0,000000</SLOV_ACQUISTI>
    <SVIZ_ACQUISTI>0,000000</SVIZ_ACQUISTI>
    <BSP_ACQUISTI>0,000000</BSP_ACQUISTI>
    <MALT_ACQUISTI>146,000000</MALT_ACQUISTI>
    <XAUS_ACQUISTI>0,000000</XAUS_ACQUISTI>
    <XFRA_ACQUISTI>0,000000</XFRA_ACQUISTI>
    <TOTALE_VENDITE>33204,743</TOTALE_VENDITE>
    <NAT_VENDITE>36987,743000</NAT_VENDITE>
    <CNOR_VENDITE>2733,652000</CNOR_VENDITE>
    <CSUD_VENDITE>3854,347000</CSUD_VENDITE>
    <NORD_VENDITE>16120,775000</NORD_VENDITE>
    <SARD_VENDITE>953,066000</SARD_VENDITE>
    <SICI_VENDITE>1215,260000</SICI_VENDITE>
    <SUD_VENDITE>2525,289000</SUD_VENDITE>
    <AUST_VENDITE>20,000000</AUST_VENDITE>
    <BRNN_VENDITE>833,373000</BRNN_VENDITE>
    <COAC_VENDITE>0,000000</COAC_VENDITE>
    <CORS_VENDITE>0,000000</CORS_VENDITE>
    <FOGN_VENDITE>744,963000</FOGN_VENDITE>
    <FRAN_VENDITE>99,000000</FRAN_VENDITE>
    <GREC_VENDITE>367,000000</GREC_VENDITE>
    <MFTV_VENDITE>0,000000</MFTV_VENDITE>
    <PRGP_VENDITE>4,534000</PRGP_VENDITE>
    <ROSN_VENDITE>769,484000</ROSN_VENDITE>
    <SLOV_VENDITE>0,000000</SLOV_VENDITE>
    <SVIZ_VENDITE>2964,000000</SVIZ_VENDITE>
    <BSP_VENDITE>678,000000</BSP_VENDITE>
    <MALT_VENDITE>0,000000</MALT_VENDITE>
    <XAUS_VENDITE>279,000000</XAUS_VENDITE>
    <XFRA_VENDITE>2826,000000</XFRA_VENDITE>
    <TOTITABSP_VENDITE>33882,743</TOTITABSP_VENDITE>
    <TOTITABSP_ACQUISTI>36987,743</TOTITABSP_ACQUISTI>
  </Quantita>
  <Quantita>
    <Data>20180413</Data>
    <Mercato>MGP</Mercato>
    <Ora>18</Ora>
    <TOTALE_ACQUISTI>36645,081</TOTALE_ACQUISTI>
    <NAT_ACQUISTI>36645,081000</NAT_ACQUISTI>
    <CNOR_ACQUISTI>3973,318000</CNOR_ACQUISTI>
    <CSUD_ACQUISTI>5572,518000</CSUD_ACQUISTI>
    <NORD_ACQUISTI>20992,633000</NORD_ACQUISTI>
    <SARD_ACQUISTI>1017,983000</SARD_ACQUISTI>
    <SICI_ACQUISTI>2027,349000</SICI_ACQUISTI>
    <SUD_ACQUISTI>2764,280000</SUD_ACQUISTI>
    <AUST_ACQUISTI>0,000000</AUST_ACQUISTI>
    <BRNN_ACQUISTI>0,000000</BRNN_ACQUISTI>
    <COAC_ACQUISTI>20,000000</COAC_ACQUISTI>
    <CORS_ACQUISTI>46,000000</CORS_ACQUISTI>
    <FOGN_ACQUISTI>0,000000</FOGN_ACQUISTI>
    <FRAN_ACQUISTI>0,000000</FRAN_ACQUISTI>
    <GREC_ACQUISTI>45,000000</GREC_ACQUISTI>
    <MFTV_ACQUISTI>0,000000</MFTV_ACQUISTI>
    <PRGP_ACQUISTI>0,000000</PRGP_ACQUISTI>
    <ROSN_ACQUISTI>0,000000</ROSN_ACQUISTI>
    <SLOV_ACQUISTI>0,000000</SLOV_ACQUISTI>
    <SVIZ_ACQUISTI>0,000000</SVIZ_ACQUISTI>
    <BSP_ACQUISTI>0,000000</BSP_ACQUISTI>
    <MALT_ACQUISTI>186,000000</MALT_ACQUISTI>
    <XAUS_ACQUISTI>0,000000</XAUS_ACQUISTI>
    <XFRA_ACQUISTI>0,000000</XFRA_ACQUISTI>
    <TOTALE_VENDITE>32862,081</TOTALE_VENDITE>
    <NAT_VENDITE>36645,081000</NAT_VENDITE>
    <CNOR_VENDITE>2667,054000</CNOR_VENDITE>
    <CSUD_VENDITE>3613,135000</CSUD_VENDITE>
    <NORD_VENDITE>16236,505000</NORD_VENDITE>
    <SARD_VENDITE>939,457000</SARD_VENDITE>
    <SICI_VENDITE>1156,774000</SICI_VENDITE>
    <SUD_VENDITE>2165,792000</SUD_VENDITE>
    <AUST_VENDITE>20,000000</AUST_VENDITE>
    <BRNN_VENDITE>898,715000</BRNN_VENDITE>
    <COAC_VENDITE>0,000000</COAC_VENDITE>
    <CORS_VENDITE>0,000000</CORS_VENDITE>
    <FOGN_VENDITE>744,725000</FOGN_VENDITE>
    <FRAN_VENDITE>99,000000</FRAN_VENDITE>
    <GREC_VENDITE>303,000000</GREC_VENDITE>
    <MFTV_VENDITE>0,000000</MFTV_VENDITE>
    <PRGP_VENDITE>2,543000</PRGP_VENDITE>
    <ROSN_VENDITE>1113,381000</ROSN_VENDITE>
    <SLOV_VENDITE>0,000000</SLOV_VENDITE>
    <SVIZ_VENDITE>2902,000000</SVIZ_VENDITE>
    <BSP_VENDITE>678,000000</BSP_VENDITE>
    <MALT_VENDITE>0,000000</MALT_VENDITE>
    <XAUS_VENDITE>279,000000</XAUS_VENDITE>
    <XFRA_VENDITE>2826,000000</XFRA_VENDITE>
    <TOTITABSP_VENDITE>33540,081</TOTITABSP_VENDITE>
    <TOTITABSP_ACQUISTI>36645,081</TOTITABSP_ACQUISTI>
  </Quantita>
  <Quantita>
    <Data>20180413</Data>
    <Mercato>MGP</Mercato>
    <Ora>19</Ora>
    <TOTALE_ACQUISTI>36850,921</TOTALE_ACQUISTI>
    <NAT_ACQUISTI>36894,460000</NAT_ACQUISTI>
    <CNOR_ACQUISTI>3982,181000</CNOR_ACQUISTI>
    <CSUD_ACQUISTI>5664,430000</CSUD_ACQUISTI>
    <NORD_ACQUISTI>20929,253000</NORD_ACQUISTI>
    <SARD_ACQUISTI>1063,252000</SARD_ACQUISTI>
    <SICI_ACQUISTI>2083,729000</SICI_ACQUISTI>
    <SUD_ACQUISTI>2887,615000</SUD_ACQUISTI>
    <AUST_ACQUISTI>0,000000</AUST_ACQUISTI>
    <BRNN_ACQUISTI>0,000000</BRNN_ACQUISTI>
    <COAC_ACQUISTI>20,000000</COAC_ACQUISTI>
    <CORS_ACQUISTI>49,000000</CORS_ACQUISTI>
    <FOGN_ACQUISTI>0,000000</FOGN_ACQUISTI>
    <FRAN_ACQUISTI>0,000000</FRAN_ACQUISTI>
    <GREC_ACQUISTI>0,000000</GREC_ACQUISTI>
    <MFTV_ACQUISTI>0,000000</MFTV_ACQUISTI>
    <PRGP_ACQUISTI>0,000000</PRGP_ACQUISTI>
    <ROSN_ACQUISTI>0,000000</ROSN_ACQUISTI>
    <SLOV_ACQUISTI>0,000000</SLOV_ACQUISTI>
    <SVIZ_ACQUISTI>0,000000</SVIZ_ACQUISTI>
    <BSP_ACQUISTI>0,000000</BSP_ACQUISTI>
    <MALT_ACQUISTI>171,461000</MALT_ACQUISTI>
    <XAUS_ACQUISTI>0,000000</XAUS_ACQUISTI>
    <XFRA_ACQUISTI>0,000000</XFRA_ACQUISTI>
    <TOTALE_VENDITE>33067,921</TOTALE_VENDITE>
    <NAT_VENDITE>36894,460000</NAT_VENDITE>
    <CNOR_VENDITE>2836,026000</CNOR_VENDITE>
    <CSUD_VENDITE>3396,988000</CSUD_VENDITE>
    <NORD_VENDITE>16784,135000</NORD_VENDITE>
    <SARD_VENDITE>942,628000</SARD_VENDITE>
    <SICI_VENDITE>1069,268000</SICI_VENDITE>
    <SUD_VENDITE>1809,688000</SUD_VENDITE>
    <AUST_VENDITE>20,000000</AUST_VENDITE>
    <BRNN_VENDITE>930,518000</BRNN_VENDITE>
    <COAC_VENDITE>0,000000</COAC_VENDITE>
    <CORS_VENDITE>0,000000</CORS_VENDITE>
    <FOGN_VENDITE>744,764000</FOGN_VENDITE>
    <FRAN_VENDITE>99,000000</FRAN_VENDITE>
    <GREC_VENDITE>389,000000</GREC_VENDITE>
    <MFTV_VENDITE>0,000000</MFTV_VENDITE>
    <PRGP_VENDITE>85,922000</PRGP_VENDITE>
    <ROSN_VENDITE>1119,984000</ROSN_VENDITE>
    <SLOV_VENDITE>0,000000</SLOV_VENDITE>
    <SVIZ_VENDITE>2840,000000</SVIZ_VENDITE>
    <BSP_VENDITE>678,000000</BSP_VENDITE>
    <MALT_VENDITE>0,000000</MALT_VENDITE>
    <XAUS_VENDITE>279,000000</XAUS_VENDITE>
    <XFRA_VENDITE>2826,000000</XFRA_VENDITE>
    <TOTITABSP_VENDITE>33745,921</TOTITABSP_VENDITE>
    <TOTITABSP_ACQUISTI>36850,921</TOTITABSP_ACQUISTI>
  </Quantita>
  <Quantita>
    <Data>20180413</Data>
    <Mercato>MGP</Mercato>
    <Ora>20</Ora>
    <TOTALE_ACQUISTI>37585,391</TOTALE_ACQUISTI>
    <NAT_ACQUISTI>37657,391000</NAT_ACQUISTI>
    <CNOR_ACQUISTI>4062,935000</CNOR_ACQUISTI>
    <CSUD_ACQUISTI>5992,531000</CSUD_ACQUISTI>
    <NORD_ACQUISTI>20938,478000</NORD_ACQUISTI>
    <SARD_ACQUISTI>1103,811000</SARD_ACQUISTI>
    <SICI_ACQUISTI>2210,630000</SICI_ACQUISTI>
    <SUD_ACQUISTI>3037,006000</SUD_ACQUISTI>
    <AUST_ACQUISTI>0,000000</AUST_ACQUISTI>
    <BRNN_ACQUISTI>0,000000</BRNN_ACQUISTI>
    <COAC_ACQUISTI>39,000000</COAC_ACQUISTI>
    <CORS_ACQUISTI>49,000000</CORS_ACQUISTI>
    <FOGN_ACQUISTI>0,000000</FOGN_ACQUISTI>
    <FRAN_ACQUISTI>0,000000</FRAN_ACQUISTI>
    <GREC_ACQUISTI>0,000000</GREC_ACQUISTI>
    <MFTV_ACQUISTI>0,000000</MFTV_ACQUISTI>
    <PRGP_ACQUISTI>0,000000</PRGP_ACQUISTI>
    <ROSN_ACQUISTI>0,000000</ROSN_ACQUISTI>
    <SLOV_ACQUISTI>0,000000</SLOV_ACQUISTI>
    <SVIZ_ACQUISTI>0,000000</SVIZ_ACQUISTI>
    <BSP_ACQUISTI>0,000000</BSP_ACQUISTI>
    <MALT_ACQUISTI>152,000000</MALT_ACQUISTI>
    <XAUS_ACQUISTI>0,000000</XAUS_ACQUISTI>
    <XFRA_ACQUISTI>0,000000</XFRA_ACQUISTI>
    <TOTALE_VENDITE>33802,391</TOTALE_VENDITE>
    <NAT_VENDITE>37657,391000</NAT_VENDITE>
    <CNOR_VENDITE>2653,254000</CNOR_VENDITE>
    <CSUD_VENDITE>3212,884000</CSUD_VENDITE>
    <NORD_VENDITE>17569,713000</NORD_VENDITE>
    <SARD_VENDITE>899,723000</SARD_VENDITE>
    <SICI_VENDITE>1051,153000</SICI_VENDITE>
    <SUD_VENDITE>1475,078000</SUD_VENDITE>
    <AUST_VENDITE>20,000000</AUST_VENDITE>
    <BRNN_VENDITE>1104,791000</BRNN_VENDITE>
    <COAC_VENDITE>0,000000</COAC_VENDITE>
    <CORS_VENDITE>0,000000</CORS_VENDITE>
    <FOGN_VENDITE>1011,134000</FOGN_VENDITE>
    <FRAN_VENDITE>99,000000</FRAN_VENDITE>
    <GREC_VENDITE>400,000000</GREC_VENDITE>
    <MFTV_VENDITE>0,000000</MFTV_VENDITE>
    <PRGP_VENDITE>211,477000</PRGP_VENDITE>
    <ROSN_VENDITE>1130,184000</ROSN_VENDITE>
    <SLOV_VENDITE>0,000000</SLOV_VENDITE>
    <SVIZ_VENDITE>2964,000000</SVIZ_VENDITE>
    <BSP_VENDITE>678,000000</BSP_VENDITE>
    <MALT_VENDITE>0,000000</MALT_VENDITE>
    <XAUS_VENDITE>279,000000</XAUS_VENDITE>
    <XFRA_VENDITE>2826,000000</XFRA_VENDITE>
    <TOTITABSP_VENDITE>34480,391</TOTITABSP_VENDITE>
    <TOTITABSP_ACQUISTI>37585,391</TOTITABSP_ACQUISTI>
  </Quantita>
  <Quantita>
    <Data>20180413</Data>
    <Mercato>MGP</Mercato>
    <Ora>21</Ora>
    <TOTALE_ACQUISTI>38737,456</TOTALE_ACQUISTI>
    <NAT_ACQUISTI>38736,242000</NAT_ACQUISTI>
    <CNOR_ACQUISTI>4119,436000</CNOR_ACQUISTI>
    <CSUD_ACQUISTI>6332,919000</CSUD_ACQUISTI>
    <NORD_ACQUISTI>21173,773000</NORD_ACQUISTI>
    <SARD_ACQUISTI>1181,866000</SARD_ACQUISTI>
    <SICI_ACQUISTI>2381,276000</SICI_ACQUISTI>
    <SUD_ACQUISTI>3291,186000</SUD_ACQUISTI>
    <AUST_ACQUISTI>0,000000</AUST_ACQUISTI>
    <BRNN_ACQUISTI>0,000000</BRNN_ACQUISTI>
    <COAC_ACQUISTI>65,000000</COAC_ACQUISTI>
    <CORS_ACQUISTI>49,000000</CORS_ACQUISTI>
    <FOGN_ACQUISTI>0,000000</FOGN_ACQUISTI>
    <FRAN_ACQUISTI>0,000000</FRAN_ACQUISTI>
    <GREC_ACQUISTI>0,000000</GREC_ACQUISTI>
    <MFTV_ACQUISTI>0,000000</MFTV_ACQUISTI>
    <PRGP_ACQUISTI>0,000000</PRGP_ACQUISTI>
    <ROSN_ACQUISTI>0,000000</ROSN_ACQUISTI>
    <SLOV_ACQUISTI>0,000000</SLOV_ACQUISTI>
    <SVIZ_ACQUISTI>0,000000</SVIZ_ACQUISTI>
    <BSP_ACQUISTI>0,000000</BSP_ACQUISTI>
    <MALT_ACQUISTI>143,000000</MALT_ACQUISTI>
    <XAUS_ACQUISTI>0,000000</XAUS_ACQUISTI>
    <XFRA_ACQUISTI>0,000000</XFRA_ACQUISTI>
    <TOTALE_VENDITE>34954,456</TOTALE_VENDITE>
    <NAT_VENDITE>38736,242000</NAT_VENDITE>
    <CNOR_VENDITE>2641,199000</CNOR_VENDITE>
    <CSUD_VENDITE>3383,856000</CSUD_VENDITE>
    <NORD_VENDITE>17886,010000</NORD_VENDITE>
    <SARD_VENDITE>921,957000</SARD_VENDITE>
    <SICI_VENDITE>1099,491000</SICI_VENDITE>
    <SUD_VENDITE>1357,359000</SUD_VENDITE>
    <AUST_VENDITE>20,000000</AUST_VENDITE>
    <BRNN_VENDITE>1698,490000</BRNN_VENDITE>
    <COAC_VENDITE>0,000000</COAC_VENDITE>
    <CORS_VENDITE>0,000000</CORS_VENDITE>
    <FOGN_VENDITE>1017,146000</FOGN_VENDITE>
    <FRAN_VENDITE>99,000000</FRAN_VENDITE>
    <GREC_VENDITE>400,000000</GREC_VENDITE>
    <MFTV_VENDITE>0,000000</MFTV_VENDITE>
    <PRGP_VENDITE>324,785000</PRGP_VENDITE>
    <ROSN_VENDITE>1141,163000</ROSN_VENDITE>
    <SLOV_VENDITE>0,000000</SLOV_VENDITE>
    <SVIZ_VENDITE>2964,000000</SVIZ_VENDITE>
    <BSP_VENDITE>678,000000</BSP_VENDITE>
    <MALT_VENDITE>0,000000</MALT_VENDITE>
    <XAUS_VENDITE>279,000000</XAUS_VENDITE>
    <XFRA_VENDITE>2826,000000</XFRA_VENDITE>
    <TOTITABSP_VENDITE>35632,456</TOTITABSP_VENDITE>
    <TOTITABSP_ACQUISTI>38737,456</TOTITABSP_ACQUISTI>
  </Quantita>
  <Quantita>
    <Data>20180413</Data>
    <Mercato>MGP</Mercato>
    <Ora>22</Ora>
    <TOTALE_ACQUISTI>36323,066</TOTALE_ACQUISTI>
    <NAT_ACQUISTI>36413,066000</NAT_ACQUISTI>
    <CNOR_ACQUISTI>3838,313000</CNOR_ACQUISTI>
    <CSUD_ACQUISTI>5881,002000</CSUD_ACQUISTI>
    <NORD_ACQUISTI>19978,022000</NORD_ACQUISTI>
    <SARD_ACQUISTI>1123,906000</SARD_ACQUISTI>
    <SICI_ACQUISTI>2233,000000</SICI_ACQUISTI>
    <SUD_ACQUISTI>3046,823000</SUD_ACQUISTI>
    <AUST_ACQUISTI>0,000000</AUST_ACQUISTI>
    <BRNN_ACQUISTI>0,000000</BRNN_ACQUISTI>
    <COAC_ACQUISTI>49,000000</COAC_ACQUISTI>
    <CORS_ACQUISTI>49,000000</CORS_ACQUISTI>
    <FOGN_ACQUISTI>0,000000</FOGN_ACQUISTI>
    <FRAN_ACQUISTI>0,000000</FRAN_ACQUISTI>
    <GREC_ACQUISTI>10,000000</GREC_ACQUISTI>
    <MFTV_ACQUISTI>0,000000</MFTV_ACQUISTI>
    <PRGP_ACQUISTI>0,000000</PRGP_ACQUISTI>
    <ROSN_ACQUISTI>0,000000</ROSN_ACQUISTI>
    <SLOV_ACQUISTI>0,000000</SLOV_ACQUISTI>
    <SVIZ_ACQUISTI>0,000000</SVIZ_ACQUISTI>
    <BSP_ACQUISTI>0,000000</BSP_ACQUISTI>
    <MALT_ACQUISTI>114,000000</MALT_ACQUISTI>
    <XAUS_ACQUISTI>0,000000</XAUS_ACQUISTI>
    <XFRA_ACQUISTI>0,000000</XFRA_ACQUISTI>
    <TOTALE_VENDITE>32540,066</TOTALE_VENDITE>
    <NAT_VENDITE>36413,066000</NAT_VENDITE>
    <CNOR_VENDITE>2623,968000</CNOR_VENDITE>
    <CSUD_VENDITE>3255,792000</CSUD_VENDITE>
    <NORD_VENDITE>16534,650000</NORD_VENDITE>
    <SARD_VENDITE>958,133000</SARD_VENDITE>
    <SICI_VENDITE>1162,000000</SICI_VENDITE>
    <SUD_VENDITE>1292,804000</SUD_VENDITE>
    <AUST_VENDITE>20,000000</AUST_VENDITE>
    <BRNN_VENDITE>1200,003000</BRNN_VENDITE>
    <COAC_VENDITE>0,000000</COAC_VENDITE>
    <CORS_VENDITE>0,000000</CORS_VENDITE>
    <FOGN_VENDITE>752,184000</FOGN_VENDITE>
    <FRAN_VENDITE>99,000000</FRAN_VENDITE>
    <GREC_VENDITE>445,000000</GREC_VENDITE>
    <MFTV_VENDITE>0,000000</MFTV_VENDITE>
    <PRGP_VENDITE>85,000000</PRGP_VENDITE>
    <ROSN_VENDITE>1147,532000</ROSN_VENDITE>
    <SLOV_VENDITE>0,000000</SLOV_VENDITE>
    <SVIZ_VENDITE>2964,000000</SVIZ_VENDITE>
    <BSP_VENDITE>678,000000</BSP_VENDITE>
    <MALT_VENDITE>0,000000</MALT_VENDITE>
    <XAUS_VENDITE>279,000000</XAUS_VENDITE>
    <XFRA_VENDITE>2826,000000</XFRA_VENDITE>
    <TOTITABSP_VENDITE>33218,066</TOTITABSP_VENDITE>
    <TOTITABSP_ACQUISTI>36323,066</TOTITABSP_ACQUISTI>
  </Quantita>
  <Quantita>
    <Data>20180413</Data>
    <Mercato>MGP</Mercato>
    <Ora>23</Ora>
    <TOTALE_ACQUISTI>33157,409</TOTALE_ACQUISTI>
    <NAT_ACQUISTI>33166,409000</NAT_ACQUISTI>
    <CNOR_ACQUISTI>3515,118000</CNOR_ACQUISTI>
    <CSUD_ACQUISTI>5359,644000</CSUD_ACQUISTI>
    <NORD_ACQUISTI>18082,386000</NORD_ACQUISTI>
    <SARD_ACQUISTI>1049,350000</SARD_ACQUISTI>
    <SICI_ACQUISTI>2046,167000</SICI_ACQUISTI>
    <SUD_ACQUISTI>2756,744000</SUD_ACQUISTI>
    <AUST_ACQUISTI>0,000000</AUST_ACQUISTI>
    <BRNN_ACQUISTI>0,000000</BRNN_ACQUISTI>
    <COAC_ACQUISTI>49,000000</COAC_ACQUISTI>
    <CORS_ACQUISTI>49,000000</CORS_ACQUISTI>
    <FOGN_ACQUISTI>0,000000</FOGN_ACQUISTI>
    <FRAN_ACQUISTI>0,000000</FRAN_ACQUISTI>
    <GREC_ACQUISTI>95,000000</GREC_ACQUISTI>
    <MFTV_ACQUISTI>0,000000</MFTV_ACQUISTI>
    <PRGP_ACQUISTI>0,000000</PRGP_ACQUISTI>
    <ROSN_ACQUISTI>0,000000</ROSN_ACQUISTI>
    <SLOV_ACQUISTI>0,000000</SLOV_ACQUISTI>
    <SVIZ_ACQUISTI>0,000000</SVIZ_ACQUISTI>
    <BSP_ACQUISTI>0,000000</BSP_ACQUISTI>
    <MALT_ACQUISTI>155,000000</MALT_ACQUISTI>
    <XAUS_ACQUISTI>0,000000</XAUS_ACQUISTI>
    <XFRA_ACQUISTI>0,000000</XFRA_ACQUISTI>
    <TOTALE_VENDITE>29374,409</TOTALE_VENDITE>
    <NAT_VENDITE>33166,409000</NAT_VENDITE>
    <CNOR_VENDITE>2522,487000</CNOR_VENDITE>
    <CSUD_VENDITE>3126,911000</CSUD_VENDITE>
    <NORD_VENDITE>14233,169000</NORD_VENDITE>
    <SARD_VENDITE>949,628000</SARD_VENDITE>
    <SICI_VENDITE>1093,618000</SICI_VENDITE>
    <SUD_VENDITE>1357,942000</SUD_VENDITE>
    <AUST_VENDITE>20,000000</AUST_VENDITE>
    <BRNN_VENDITE>1117,096000</BRNN_VENDITE>
    <COAC_VENDITE>0,000000</COAC_VENDITE>
    <CORS_VENDITE>0,000000</CORS_VENDITE>
    <FOGN_VENDITE>752,313000</FOGN_VENDITE>
    <FRAN_VENDITE>99,000000</FRAN_VENDITE>
    <GREC_VENDITE>319,000000</GREC_VENDITE>
    <MFTV_VENDITE>0,000000</MFTV_VENDITE>
    <PRGP_VENDITE>7,549000</PRGP_VENDITE>
    <ROSN_VENDITE>811,696000</ROSN_VENDITE>
    <SLOV_VENDITE>0,000000</SLOV_VENDITE>
    <SVIZ_VENDITE>2964,000000</SVIZ_VENDITE>
    <BSP_VENDITE>678,000000</BSP_VENDITE>
    <MALT_VENDITE>0,000000</MALT_VENDITE>
    <XAUS_VENDITE>279,000000</XAUS_VENDITE>
    <XFRA_VENDITE>2826,000000</XFRA_VENDITE>
    <TOTITABSP_VENDITE>30052,409</TOTITABSP_VENDITE>
    <TOTITABSP_ACQUISTI>33157,409</TOTITABSP_ACQUISTI>
  </Quantita>
  <Quantita>
    <Data>20180413</Data>
    <Mercato>MGP</Mercato>
    <Ora>24</Ora>
    <TOTALE_ACQUISTI>29971,863</TOTALE_ACQUISTI>
    <NAT_ACQUISTI>29971,863000</NAT_ACQUISTI>
    <CNOR_ACQUISTI>3098,157000</CNOR_ACQUISTI>
    <CSUD_ACQUISTI>4736,838000</CSUD_ACQUISTI>
    <NORD_ACQUISTI>16441,357000</NORD_ACQUISTI>
    <SARD_ACQUISTI>955,105000</SARD_ACQUISTI>
    <SICI_ACQUISTI>1845,387000</SICI_ACQUISTI>
    <SUD_ACQUISTI>2421,019000</SUD_ACQUISTI>
    <AUST_ACQUISTI>0,000000</AUST_ACQUISTI>
    <BRNN_ACQUISTI>0,000000</BRNN_ACQUISTI>
    <COAC_ACQUISTI>37,000000</COAC_ACQUISTI>
    <CORS_ACQUISTI>49,000000</CORS_ACQUISTI>
    <FOGN_ACQUISTI>0,000000</FOGN_ACQUISTI>
    <FRAN_ACQUISTI>0,000000</FRAN_ACQUISTI>
    <GREC_ACQUISTI>256,000000</GREC_ACQUISTI>
    <MFTV_ACQUISTI>0,000000</MFTV_ACQUISTI>
    <PRGP_ACQUISTI>0,000000</PRGP_ACQUISTI>
    <ROSN_ACQUISTI>0,000000</ROSN_ACQUISTI>
    <SLOV_ACQUISTI>0,000000</SLOV_ACQUISTI>
    <SVIZ_ACQUISTI>0,000000</SVIZ_ACQUISTI>
    <BSP_ACQUISTI>0,000000</BSP_ACQUISTI>
    <MALT_ACQUISTI>132,000000</MALT_ACQUISTI>
    <XAUS_ACQUISTI>0,000000</XAUS_ACQUISTI>
    <XFRA_ACQUISTI>0,000000</XFRA_ACQUISTI>
    <TOTALE_VENDITE>26481,863</TOTALE_VENDITE>
    <NAT_VENDITE>29971,863000</NAT_VENDITE>
    <CNOR_VENDITE>2168,653000</CNOR_VENDITE>
    <CSUD_VENDITE>2620,505000</CSUD_VENDITE>
    <NORD_VENDITE>13032,964000</NORD_VENDITE>
    <SARD_VENDITE>986,861000</SARD_VENDITE>
    <SICI_VENDITE>1019,555000</SICI_VENDITE>
    <SUD_VENDITE>1334,500000</SUD_VENDITE>
    <AUST_VENDITE>20,000000</AUST_VENDITE>
    <BRNN_VENDITE>1118,994000</BRNN_VENDITE>
    <COAC_VENDITE>0,000000</COAC_VENDITE>
    <CORS_VENDITE>0,000000</CORS_VENDITE>
    <FOGN_VENDITE>310,583000</FOGN_VENDITE>
    <FRAN_VENDITE>99,000000</FRAN_VENDITE>
    <GREC_VENDITE>352,000000</GREC_VENDITE>
    <MFTV_VENDITE>0,000000</MFTV_VENDITE>
    <PRGP_VENDITE>0,000000</PRGP_VENDITE>
    <ROSN_VENDITE>778,248000</ROSN_VENDITE>
    <SLOV_VENDITE>0,000000</SLOV_VENDITE>
    <SVIZ_VENDITE>2640,000000</SVIZ_VENDITE>
    <BSP_VENDITE>571,000000</BSP_VENDITE>
    <MALT_VENDITE>0,000000</MALT_VENDITE>
    <XAUS_VENDITE>258,000000</XAUS_VENDITE>
    <XFRA_VENDITE>2661,000000</XFRA_VENDITE>
    <TOTITABSP_VENDITE>27052,863</TOTITABSP_VENDITE>
    <TOTITABSP_ACQUISTI>29971,863</TOTITABSP_ACQUISTI>
  </Quantita>
</NewDataSet>