<?xml version="1.0" standalone="yes"?>
<NewDataSet>
  <xs:schema id="NewDataSet" xmlns="" xmlns:xs="http://www.w3.org/2001/XMLSchema" xmlns:msdata="urn:schemas-microsoft-com:xml-msdata">
    <xs:element name="NewDataSet" msdata:IsDataSet="true" msdata:UseCurrentLocale="true">
      <xs:complexType>
        <xs:choice minOccurs="0" maxOccurs="unbounded">
          <xs:element name="Quantita">
            <xs:complexType>
              <xs:sequence>
                <xs:element name="Data" type="xs:string" minOccurs="0" />
                <xs:element name="Mercato" type="xs:string" minOccurs="0" />
                <xs:element name="Ora" type="xs:string" minOccurs="0" />
                <xs:element name="TOTALE_ACQUISTI" type="xs:string" minOccurs="0" />
                <xs:element name="NAT_ACQUISTI" type="xs:string" minOccurs="0" />
                <xs:element name="CNOR_ACQUISTI" type="xs:string" minOccurs="0" />
                <xs:element name="CSUD_ACQUISTI" type="xs:string" minOccurs="0" />
                <xs:element name="NORD_ACQUISTI" type="xs:string" minOccurs="0" />
                <xs:element name="SARD_ACQUISTI" type="xs:string" minOccurs="0" />
                <xs:element name="SICI_ACQUISTI" type="xs:string" minOccurs="0" />
                <xs:element name="SUD_ACQUISTI" type="xs:string" minOccurs="0" />
                <xs:element name="AUST_ACQUISTI" type="xs:string" minOccurs="0" />
                <xs:element name="BRNN_ACQUISTI" type="xs:string" minOccurs="0" />
                <xs:element name="COAC_ACQUISTI" type="xs:string" minOccurs="0" />
                <xs:element name="CORS_ACQUISTI" type="xs:string" minOccurs="0" />
                <xs:element name="FOGN_ACQUISTI" type="xs:string" minOccurs="0" />
                <xs:element name="FRAN_ACQUISTI" type="xs:string" minOccurs="0" />
                <xs:element name="GREC_ACQUISTI" type="xs:string" minOccurs="0" />
                <xs:element name="MFTV_ACQUISTI" type="xs:string" minOccurs="0" />
                <xs:element name="PRGP_ACQUISTI" type="xs:string" minOccurs="0" />
                <xs:element name="ROSN_ACQUISTI" type="xs:string" minOccurs="0" />
                <xs:element name="SLOV_ACQUISTI" type="xs:string" minOccurs="0" />
                <xs:element name="SVIZ_ACQUISTI" type="xs:string" minOccurs="0" />
                <xs:element name="BSP_ACQUISTI" type="xs:string" minOccurs="0" />
                <xs:element name="MALT_ACQUISTI" type="xs:string" minOccurs="0" />
                <xs:element name="XAUS_ACQUISTI" type="xs:string" minOccurs="0" />
                <xs:element name="XFRA_ACQUISTI" type="xs:string" minOccurs="0" />
                <xs:element name="TOTALE_VENDITE" type="xs:string" minOccurs="0" />
                <xs:element name="NAT_VENDITE" type="xs:string" minOccurs="0" />
                <xs:element name="CNOR_VENDITE" type="xs:string" minOccurs="0" />
                <xs:element name="CSUD_VENDITE" type="xs:string" minOccurs="0" />
                <xs:element name="NORD_VENDITE" type="xs:string" minOccurs="0" />
                <xs:element name="SARD_VENDITE" type="xs:string" minOccurs="0" />
                <xs:element name="SICI_VENDITE" type="xs:string" minOccurs="0" />
                <xs:element name="SUD_VENDITE" type="xs:string" minOccurs="0" />
                <xs:element name="AUST_VENDITE" type="xs:string" minOccurs="0" />
                <xs:element name="BRNN_VENDITE" type="xs:string" minOccurs="0" />
                <xs:element name="COAC_VENDITE" type="xs:string" minOccurs="0" />
                <xs:element name="CORS_VENDITE" type="xs:string" minOccurs="0" />
                <xs:element name="FOGN_VENDITE" type="xs:string" minOccurs="0" />
                <xs:element name="FRAN_VENDITE" type="xs:string" minOccurs="0" />
                <xs:element name="GREC_VENDITE" type="xs:string" minOccurs="0" />
                <xs:element name="MFTV_VENDITE" type="xs:string" minOccurs="0" />
                <xs:element name="PRGP_VENDITE" type="xs:string" minOccurs="0" />
                <xs:element name="ROSN_VENDITE" type="xs:string" minOccurs="0" />
                <xs:element name="SLOV_VENDITE" type="xs:string" minOccurs="0" />
                <xs:element name="SVIZ_VENDITE" type="xs:string" minOccurs="0" />
                <xs:element name="BSP_VENDITE" type="xs:string" minOccurs="0" />
                <xs:element name="MALT_VENDITE" type="xs:string" minOccurs="0" />
                <xs:element name="XAUS_VENDITE" type="xs:string" minOccurs="0" />
                <xs:element name="XFRA_VENDITE" type="xs:string" minOccurs="0" />
                <xs:element name="TOTITABSP_VENDITE" msdata:ReadOnly="true" msdata:Expression="Convert(TOTALE_VENDITE, System.Double) + Convert(BSP_VENDITE,System.Double)" type="xs:string" minOccurs="0" />
                <xs:element name="TOTITABSP_ACQUISTI" msdata:ReadOnly="true" msdata:Expression="Convert(TOTALE_ACQUISTI, System.Double) + Convert(BSP_ACQUISTI, System.Double)" type="xs:string" minOccurs="0" />
              </xs:sequence>
            </xs:complexType>
          </xs:element>
        </xs:choice>
      </xs:complexType>
    </xs:element>
  </xs:schema>
  <Quantita>
    <Data>20180415</Data>
    <Mercato>MGP</Mercato>
    <Ora>1</Ora>
    <TOTALE_ACQUISTI>25108,861</TOTALE_ACQUISTI>
    <NAT_ACQUISTI>25108,861000</NAT_ACQUISTI>
    <CNOR_ACQUISTI>2641,260000</CNOR_ACQUISTI>
    <CSUD_ACQUISTI>4053,320000</CSUD_ACQUISTI>
    <NORD_ACQUISTI>13247,852000</NORD_ACQUISTI>
    <SARD_ACQUISTI>851,148000</SARD_ACQUISTI>
    <SICI_ACQUISTI>1654,522000</SICI_ACQUISTI>
    <SUD_ACQUISTI>2137,759000</SUD_ACQUISTI>
    <AUST_ACQUISTI>0,000000</AUST_ACQUISTI>
    <BRNN_ACQUISTI>0,000000</BRNN_ACQUISTI>
    <COAC_ACQUISTI>38,000000</COAC_ACQUISTI>
    <CORS_ACQUISTI>39,000000</CORS_ACQUISTI>
    <FOGN_ACQUISTI>0,000000</FOGN_ACQUISTI>
    <FRAN_ACQUISTI>0,000000</FRAN_ACQUISTI>
    <GREC_ACQUISTI>335,000000</GREC_ACQUISTI>
    <MFTV_ACQUISTI>0,000000</MFTV_ACQUISTI>
    <PRGP_ACQUISTI>0,000000</PRGP_ACQUISTI>
    <ROSN_ACQUISTI>0,000000</ROSN_ACQUISTI>
    <SLOV_ACQUISTI>0,000000</SLOV_ACQUISTI>
    <SVIZ_ACQUISTI>0,000000</SVIZ_ACQUISTI>
    <BSP_ACQUISTI>0,000000</BSP_ACQUISTI>
    <MALT_ACQUISTI>111,000000</MALT_ACQUISTI>
    <XAUS_ACQUISTI>0,000000</XAUS_ACQUISTI>
    <XFRA_ACQUISTI>0,000000</XFRA_ACQUISTI>
    <TOTALE_VENDITE>22720,861</TOTALE_VENDITE>
    <NAT_VENDITE>25108,861000</NAT_VENDITE>
    <CNOR_VENDITE>1700,948000</CNOR_VENDITE>
    <CSUD_VENDITE>1444,327000</CSUD_VENDITE>
    <NORD_VENDITE>10824,278000</NORD_VENDITE>
    <SARD_VENDITE>1075,286000</SARD_VENDITE>
    <SICI_VENDITE>1553,795000</SICI_VENDITE>
    <SUD_VENDITE>1467,081000</SUD_VENDITE>
    <AUST_VENDITE>0,000000</AUST_VENDITE>
    <BRNN_VENDITE>1236,445000</BRNN_VENDITE>
    <COAC_VENDITE>0,000000</COAC_VENDITE>
    <CORS_VENDITE>0,000000</CORS_VENDITE>
    <FOGN_VENDITE>8,133000</FOGN_VENDITE>
    <FRAN_VENDITE>99,000000</FRAN_VENDITE>
    <GREC_VENDITE>344,000000</GREC_VENDITE>
    <MFTV_VENDITE>0,000000</MFTV_VENDITE>
    <PRGP_VENDITE>0,000000</PRGP_VENDITE>
    <ROSN_VENDITE>454,568000</ROSN_VENDITE>
    <SLOV_VENDITE>0,000000</SLOV_VENDITE>
    <SVIZ_VENDITE>2513,000000</SVIZ_VENDITE>
    <BSP_VENDITE>433,000000</BSP_VENDITE>
    <MALT_VENDITE>0,000000</MALT_VENDITE>
    <XAUS_VENDITE>187,000000</XAUS_VENDITE>
    <XFRA_VENDITE>1768,000000</XFRA_VENDITE>
    <TOTITABSP_VENDITE>23153,861</TOTITABSP_VENDITE>
    <TOTITABSP_ACQUISTI>25108,861</TOTITABSP_ACQUISTI>
  </Quantita>
  <Quantita>
    <Data>20180415</Data>
    <Mercato>MGP</Mercato>
    <Ora>2</Ora>
    <TOTALE_ACQUISTI>23734,791</TOTALE_ACQUISTI>
    <NAT_ACQUISTI>23734,791000</NAT_ACQUISTI>
    <CNOR_ACQUISTI>2414,293000</CNOR_ACQUISTI>
    <CSUD_ACQUISTI>3686,194000</CSUD_ACQUISTI>
    <NORD_ACQUISTI>12549,230000</NORD_ACQUISTI>
    <SARD_ACQUISTI>793,246000</SARD_ACQUISTI>
    <SICI_ACQUISTI>1514,140000</SICI_ACQUISTI>
    <SUD_ACQUISTI>1972,688000</SUD_ACQUISTI>
    <AUST_ACQUISTI>0,000000</AUST_ACQUISTI>
    <BRNN_ACQUISTI>0,000000</BRNN_ACQUISTI>
    <COAC_ACQUISTI>40,000000</COAC_ACQUISTI>
    <CORS_ACQUISTI>22,000000</CORS_ACQUISTI>
    <FOGN_ACQUISTI>0,000000</FOGN_ACQUISTI>
    <FRAN_ACQUISTI>0,000000</FRAN_ACQUISTI>
    <GREC_ACQUISTI>564,000000</GREC_ACQUISTI>
    <MFTV_ACQUISTI>0,000000</MFTV_ACQUISTI>
    <PRGP_ACQUISTI>0,000000</PRGP_ACQUISTI>
    <ROSN_ACQUISTI>0,000000</ROSN_ACQUISTI>
    <SLOV_ACQUISTI>0,000000</SLOV_ACQUISTI>
    <SVIZ_ACQUISTI>80,000000</SVIZ_ACQUISTI>
    <BSP_ACQUISTI>0,000000</BSP_ACQUISTI>
    <MALT_ACQUISTI>99,000000</MALT_ACQUISTI>
    <XAUS_ACQUISTI>0,000000</XAUS_ACQUISTI>
    <XFRA_ACQUISTI>0,000000</XFRA_ACQUISTI>
    <TOTALE_VENDITE>21391,92</TOTALE_VENDITE>
    <NAT_VENDITE>23734,791000</NAT_VENDITE>
    <CNOR_VENDITE>1670,016000</CNOR_VENDITE>
    <CSUD_VENDITE>1445,388000</CSUD_VENDITE>
    <NORD_VENDITE>9701,550000</NORD_VENDITE>
    <SARD_VENDITE>1054,607000</SARD_VENDITE>
    <SICI_VENDITE>1419,233000</SICI_VENDITE>
    <SUD_VENDITE>1436,462000</SUD_VENDITE>
    <AUST_VENDITE>0,000000</AUST_VENDITE>
    <BRNN_VENDITE>1235,164000</BRNN_VENDITE>
    <COAC_VENDITE>0,000000</COAC_VENDITE>
    <CORS_VENDITE>0,000000</CORS_VENDITE>
    <FOGN_VENDITE>4,871000</FOGN_VENDITE>
    <FRAN_VENDITE>99,000000</FRAN_VENDITE>
    <GREC_VENDITE>347,000000</GREC_VENDITE>
    <MFTV_VENDITE>0,000000</MFTV_VENDITE>
    <PRGP_VENDITE>0,000000</PRGP_VENDITE>
    <ROSN_VENDITE>465,629000</ROSN_VENDITE>
    <SLOV_VENDITE>0,000000</SLOV_VENDITE>
    <SVIZ_VENDITE>2513,000000</SVIZ_VENDITE>
    <BSP_VENDITE>433,000000</BSP_VENDITE>
    <MALT_VENDITE>0,000000</MALT_VENDITE>
    <XAUS_VENDITE>187,000000</XAUS_VENDITE>
    <XFRA_VENDITE>1722,871000</XFRA_VENDITE>
    <TOTITABSP_VENDITE>21824,92</TOTITABSP_VENDITE>
    <TOTITABSP_ACQUISTI>23734,791</TOTITABSP_ACQUISTI>
  </Quantita>
  <Quantita>
    <Data>20180415</Data>
    <Mercato>MGP</Mercato>
    <Ora>3</Ora>
    <TOTALE_ACQUISTI>22534,348</TOTALE_ACQUISTI>
    <NAT_ACQUISTI>22534,348000</NAT_ACQUISTI>
    <CNOR_ACQUISTI>2323,051000</CNOR_ACQUISTI>
    <CSUD_ACQUISTI>3489,046000</CSUD_ACQUISTI>
    <NORD_ACQUISTI>12120,912000</NORD_ACQUISTI>
    <SARD_ACQUISTI>772,557000</SARD_ACQUISTI>
    <SICI_ACQUISTI>1429,595000</SICI_ACQUISTI>
    <SUD_ACQUISTI>1890,187000</SUD_ACQUISTI>
    <AUST_ACQUISTI>0,000000</AUST_ACQUISTI>
    <BRNN_ACQUISTI>0,000000</BRNN_ACQUISTI>
    <COAC_ACQUISTI>20,000000</COAC_ACQUISTI>
    <CORS_ACQUISTI>5,000000</CORS_ACQUISTI>
    <FOGN_ACQUISTI>0,000000</FOGN_ACQUISTI>
    <FRAN_ACQUISTI>0,000000</FRAN_ACQUISTI>
    <GREC_ACQUISTI>364,000000</GREC_ACQUISTI>
    <MFTV_ACQUISTI>0,000000</MFTV_ACQUISTI>
    <PRGP_ACQUISTI>0,000000</PRGP_ACQUISTI>
    <ROSN_ACQUISTI>0,000000</ROSN_ACQUISTI>
    <SLOV_ACQUISTI>0,000000</SLOV_ACQUISTI>
    <SVIZ_ACQUISTI>30,000000</SVIZ_ACQUISTI>
    <BSP_ACQUISTI>0,000000</BSP_ACQUISTI>
    <MALT_ACQUISTI>90,000000</MALT_ACQUISTI>
    <XAUS_ACQUISTI>0,000000</XAUS_ACQUISTI>
    <XFRA_ACQUISTI>0,000000</XFRA_ACQUISTI>
    <TOTALE_VENDITE>20881,196</TOTALE_VENDITE>
    <NAT_VENDITE>22534,348000</NAT_VENDITE>
    <CNOR_VENDITE>1664,369000</CNOR_VENDITE>
    <CSUD_VENDITE>1478,107000</CSUD_VENDITE>
    <NORD_VENDITE>9665,509000</NORD_VENDITE>
    <SARD_VENDITE>1014,656000</SARD_VENDITE>
    <SICI_VENDITE>1367,339000</SICI_VENDITE>
    <SUD_VENDITE>1383,774000</SUD_VENDITE>
    <AUST_VENDITE>0,000000</AUST_VENDITE>
    <BRNN_VENDITE>1232,598000</BRNN_VENDITE>
    <COAC_VENDITE>0,000000</COAC_VENDITE>
    <CORS_VENDITE>0,000000</CORS_VENDITE>
    <FOGN_VENDITE>4,709000</FOGN_VENDITE>
    <FRAN_VENDITE>99,000000</FRAN_VENDITE>
    <GREC_VENDITE>321,000000</GREC_VENDITE>
    <MFTV_VENDITE>0,000000</MFTV_VENDITE>
    <PRGP_VENDITE>0,000000</PRGP_VENDITE>
    <ROSN_VENDITE>464,135000</ROSN_VENDITE>
    <SLOV_VENDITE>0,000000</SLOV_VENDITE>
    <SVIZ_VENDITE>2186,000000</SVIZ_VENDITE>
    <BSP_VENDITE>433,000000</BSP_VENDITE>
    <MALT_VENDITE>0,000000</MALT_VENDITE>
    <XAUS_VENDITE>187,000000</XAUS_VENDITE>
    <XFRA_VENDITE>1033,152000</XFRA_VENDITE>
    <TOTITABSP_VENDITE>21314,196</TOTITABSP_VENDITE>
    <TOTITABSP_ACQUISTI>22534,348</TOTITABSP_ACQUISTI>
  </Quantita>
  <Quantita>
    <Data>20180415</Data>
    <Mercato>MGP</Mercato>
    <Ora>4</Ora>
    <TOTALE_ACQUISTI>22041,115</TOTALE_ACQUISTI>
    <NAT_ACQUISTI>22041,115000</NAT_ACQUISTI>
    <CNOR_ACQUISTI>2284,545000</CNOR_ACQUISTI>
    <CSUD_ACQUISTI>3385,040000</CSUD_ACQUISTI>
    <NORD_ACQUISTI>11998,366000</NORD_ACQUISTI>
    <SARD_ACQUISTI>756,307000</SARD_ACQUISTI>
    <SICI_ACQUISTI>1390,029000</SICI_ACQUISTI>
    <SUD_ACQUISTI>1844,828000</SUD_ACQUISTI>
    <AUST_ACQUISTI>0,000000</AUST_ACQUISTI>
    <BRNN_ACQUISTI>0,000000</BRNN_ACQUISTI>
    <COAC_ACQUISTI>20,000000</COAC_ACQUISTI>
    <CORS_ACQUISTI>5,000000</CORS_ACQUISTI>
    <FOGN_ACQUISTI>0,000000</FOGN_ACQUISTI>
    <FRAN_ACQUISTI>0,000000</FRAN_ACQUISTI>
    <GREC_ACQUISTI>269,000000</GREC_ACQUISTI>
    <MFTV_ACQUISTI>0,000000</MFTV_ACQUISTI>
    <PRGP_ACQUISTI>0,000000</PRGP_ACQUISTI>
    <ROSN_ACQUISTI>0,000000</ROSN_ACQUISTI>
    <SLOV_ACQUISTI>0,000000</SLOV_ACQUISTI>
    <SVIZ_ACQUISTI>0,000000</SVIZ_ACQUISTI>
    <BSP_ACQUISTI>0,000000</BSP_ACQUISTI>
    <MALT_ACQUISTI>88,000000</MALT_ACQUISTI>
    <XAUS_ACQUISTI>0,000000</XAUS_ACQUISTI>
    <XFRA_ACQUISTI>0,000000</XFRA_ACQUISTI>
    <TOTALE_VENDITE>20172,163</TOTALE_VENDITE>
    <NAT_VENDITE>22041,115000</NAT_VENDITE>
    <CNOR_VENDITE>1665,556000</CNOR_VENDITE>
    <CSUD_VENDITE>1441,402000</CSUD_VENDITE>
    <NORD_VENDITE>9258,350000</NORD_VENDITE>
    <SARD_VENDITE>986,373000</SARD_VENDITE>
    <SICI_VENDITE>1313,213000</SICI_VENDITE>
    <SUD_VENDITE>1351,981000</SUD_VENDITE>
    <AUST_VENDITE>0,000000</AUST_VENDITE>
    <BRNN_VENDITE>1231,560000</BRNN_VENDITE>
    <COAC_VENDITE>0,000000</COAC_VENDITE>
    <CORS_VENDITE>0,000000</CORS_VENDITE>
    <FOGN_VENDITE>3,851000</FOGN_VENDITE>
    <FRAN_VENDITE>99,000000</FRAN_VENDITE>
    <GREC_VENDITE>331,000000</GREC_VENDITE>
    <MFTV_VENDITE>0,000000</MFTV_VENDITE>
    <PRGP_VENDITE>0,000000</PRGP_VENDITE>
    <ROSN_VENDITE>460,877000</ROSN_VENDITE>
    <SLOV_VENDITE>0,000000</SLOV_VENDITE>
    <SVIZ_VENDITE>2029,000000</SVIZ_VENDITE>
    <BSP_VENDITE>433,000000</BSP_VENDITE>
    <MALT_VENDITE>0,000000</MALT_VENDITE>
    <XAUS_VENDITE>165,666000</XAUS_VENDITE>
    <XFRA_VENDITE>1270,287000</XFRA_VENDITE>
    <TOTITABSP_VENDITE>20605,163</TOTITABSP_VENDITE>
    <TOTITABSP_ACQUISTI>22041,115</TOTITABSP_ACQUISTI>
  </Quantita>
  <Quantita>
    <Data>20180415</Data>
    <Mercato>MGP</Mercato>
    <Ora>5</Ora>
    <TOTALE_ACQUISTI>21853,139</TOTALE_ACQUISTI>
    <NAT_ACQUISTI>21998,139000</NAT_ACQUISTI>
    <CNOR_ACQUISTI>2235,363000</CNOR_ACQUISTI>
    <CSUD_ACQUISTI>3331,476000</CSUD_ACQUISTI>
    <NORD_ACQUISTI>11934,821000</NORD_ACQUISTI>
    <SARD_ACQUISTI>754,536000</SARD_ACQUISTI>
    <SICI_ACQUISTI>1357,419000</SICI_ACQUISTI>
    <SUD_ACQUISTI>1831,524000</SUD_ACQUISTI>
    <AUST_ACQUISTI>0,000000</AUST_ACQUISTI>
    <BRNN_ACQUISTI>0,000000</BRNN_ACQUISTI>
    <COAC_ACQUISTI>20,000000</COAC_ACQUISTI>
    <CORS_ACQUISTI>5,000000</CORS_ACQUISTI>
    <FOGN_ACQUISTI>0,000000</FOGN_ACQUISTI>
    <FRAN_ACQUISTI>0,000000</FRAN_ACQUISTI>
    <GREC_ACQUISTI>294,000000</GREC_ACQUISTI>
    <MFTV_ACQUISTI>0,000000</MFTV_ACQUISTI>
    <PRGP_ACQUISTI>0,000000</PRGP_ACQUISTI>
    <ROSN_ACQUISTI>0,000000</ROSN_ACQUISTI>
    <SLOV_ACQUISTI>0,000000</SLOV_ACQUISTI>
    <SVIZ_ACQUISTI>0,000000</SVIZ_ACQUISTI>
    <BSP_ACQUISTI>0,000000</BSP_ACQUISTI>
    <MALT_ACQUISTI>89,000000</MALT_ACQUISTI>
    <XAUS_ACQUISTI>145,000000</XAUS_ACQUISTI>
    <XFRA_ACQUISTI>0,000000</XFRA_ACQUISTI>
    <TOTALE_VENDITE>20158,139</TOTALE_VENDITE>
    <NAT_VENDITE>21998,139000</NAT_VENDITE>
    <CNOR_VENDITE>1645,761000</CNOR_VENDITE>
    <CSUD_VENDITE>1420,205000</CSUD_VENDITE>
    <NORD_VENDITE>9245,709000</NORD_VENDITE>
    <SARD_VENDITE>952,680000</SARD_VENDITE>
    <SICI_VENDITE>1244,643000</SICI_VENDITE>
    <SUD_VENDITE>1341,330000</SUD_VENDITE>
    <AUST_VENDITE>0,000000</AUST_VENDITE>
    <BRNN_VENDITE>1232,273000</BRNN_VENDITE>
    <COAC_VENDITE>0,000000</COAC_VENDITE>
    <CORS_VENDITE>0,000000</CORS_VENDITE>
    <FOGN_VENDITE>3,228000</FOGN_VENDITE>
    <FRAN_VENDITE>99,000000</FRAN_VENDITE>
    <GREC_VENDITE>318,000000</GREC_VENDITE>
    <MFTV_VENDITE>0,000000</MFTV_VENDITE>
    <PRGP_VENDITE>0,000000</PRGP_VENDITE>
    <ROSN_VENDITE>460,310000</ROSN_VENDITE>
    <SLOV_VENDITE>0,000000</SLOV_VENDITE>
    <SVIZ_VENDITE>2195,000000</SVIZ_VENDITE>
    <BSP_VENDITE>279,000000</BSP_VENDITE>
    <MALT_VENDITE>0,000000</MALT_VENDITE>
    <XAUS_VENDITE>0,000000</XAUS_VENDITE>
    <XFRA_VENDITE>1561,000000</XFRA_VENDITE>
    <TOTITABSP_VENDITE>20437,139</TOTITABSP_VENDITE>
    <TOTITABSP_ACQUISTI>21853,139</TOTITABSP_ACQUISTI>
  </Quantita>
  <Quantita>
    <Data>20180415</Data>
    <Mercato>MGP</Mercato>
    <Ora>6</Ora>
    <TOTALE_ACQUISTI>21919,824</TOTALE_ACQUISTI>
    <NAT_ACQUISTI>21919,824000</NAT_ACQUISTI>
    <CNOR_ACQUISTI>2225,715000</CNOR_ACQUISTI>
    <CSUD_ACQUISTI>3378,461000</CSUD_ACQUISTI>
    <NORD_ACQUISTI>12011,343000</NORD_ACQUISTI>
    <SARD_ACQUISTI>763,266000</SARD_ACQUISTI>
    <SICI_ACQUISTI>1361,034000</SICI_ACQUISTI>
    <SUD_ACQUISTI>1848,005000</SUD_ACQUISTI>
    <AUST_ACQUISTI>0,000000</AUST_ACQUISTI>
    <BRNN_ACQUISTI>0,000000</BRNN_ACQUISTI>
    <COAC_ACQUISTI>20,000000</COAC_ACQUISTI>
    <CORS_ACQUISTI>5,000000</CORS_ACQUISTI>
    <FOGN_ACQUISTI>0,000000</FOGN_ACQUISTI>
    <FRAN_ACQUISTI>0,000000</FRAN_ACQUISTI>
    <GREC_ACQUISTI>208,000000</GREC_ACQUISTI>
    <MFTV_ACQUISTI>0,000000</MFTV_ACQUISTI>
    <PRGP_ACQUISTI>0,000000</PRGP_ACQUISTI>
    <ROSN_ACQUISTI>0,000000</ROSN_ACQUISTI>
    <SLOV_ACQUISTI>0,000000</SLOV_ACQUISTI>
    <SVIZ_ACQUISTI>0,000000</SVIZ_ACQUISTI>
    <BSP_ACQUISTI>0,000000</BSP_ACQUISTI>
    <MALT_ACQUISTI>99,000000</MALT_ACQUISTI>
    <XAUS_ACQUISTI>0,000000</XAUS_ACQUISTI>
    <XFRA_ACQUISTI>0,000000</XFRA_ACQUISTI>
    <TOTALE_VENDITE>20526,824</TOTALE_VENDITE>
    <NAT_VENDITE>21919,824000</NAT_VENDITE>
    <CNOR_VENDITE>1677,905000</CNOR_VENDITE>
    <CSUD_VENDITE>1460,004000</CSUD_VENDITE>
    <NORD_VENDITE>10080,312000</NORD_VENDITE>
    <SARD_VENDITE>921,038000</SARD_VENDITE>
    <SICI_VENDITE>1223,080000</SICI_VENDITE>
    <SUD_VENDITE>1394,230000</SUD_VENDITE>
    <AUST_VENDITE>0,000000</AUST_VENDITE>
    <BRNN_VENDITE>1234,540000</BRNN_VENDITE>
    <COAC_VENDITE>0,000000</COAC_VENDITE>
    <CORS_VENDITE>0,000000</CORS_VENDITE>
    <FOGN_VENDITE>3,747000</FOGN_VENDITE>
    <FRAN_VENDITE>99,000000</FRAN_VENDITE>
    <GREC_VENDITE>475,000000</GREC_VENDITE>
    <MFTV_VENDITE>0,000000</MFTV_VENDITE>
    <PRGP_VENDITE>0,000000</PRGP_VENDITE>
    <ROSN_VENDITE>449,968000</ROSN_VENDITE>
    <SLOV_VENDITE>0,000000</SLOV_VENDITE>
    <SVIZ_VENDITE>1508,000000</SVIZ_VENDITE>
    <BSP_VENDITE>260,000000</BSP_VENDITE>
    <MALT_VENDITE>0,000000</MALT_VENDITE>
    <XAUS_VENDITE>112,000000</XAUS_VENDITE>
    <XFRA_VENDITE>1021,000000</XFRA_VENDITE>
    <TOTITABSP_VENDITE>20786,824</TOTITABSP_VENDITE>
    <TOTITABSP_ACQUISTI>21919,824</TOTITABSP_ACQUISTI>
  </Quantita>
  <Quantita>
    <Data>20180415</Data>
    <Mercato>MGP</Mercato>
    <Ora>7</Ora>
    <TOTALE_ACQUISTI>22131,632</TOTALE_ACQUISTI>
    <NAT_ACQUISTI>22131,632000</NAT_ACQUISTI>
    <CNOR_ACQUISTI>2228,068000</CNOR_ACQUISTI>
    <CSUD_ACQUISTI>3410,320000</CSUD_ACQUISTI>
    <NORD_ACQUISTI>12241,602000</NORD_ACQUISTI>
    <SARD_ACQUISTI>792,956000</SARD_ACQUISTI>
    <SICI_ACQUISTI>1370,427000</SICI_ACQUISTI>
    <SUD_ACQUISTI>1789,259000</SUD_ACQUISTI>
    <AUST_ACQUISTI>0,000000</AUST_ACQUISTI>
    <BRNN_ACQUISTI>0,000000</BRNN_ACQUISTI>
    <COAC_ACQUISTI>20,000000</COAC_ACQUISTI>
    <CORS_ACQUISTI>5,000000</CORS_ACQUISTI>
    <FOGN_ACQUISTI>0,000000</FOGN_ACQUISTI>
    <FRAN_ACQUISTI>0,000000</FRAN_ACQUISTI>
    <GREC_ACQUISTI>165,000000</GREC_ACQUISTI>
    <MFTV_ACQUISTI>0,000000</MFTV_ACQUISTI>
    <PRGP_ACQUISTI>0,000000</PRGP_ACQUISTI>
    <ROSN_ACQUISTI>0,000000</ROSN_ACQUISTI>
    <SLOV_ACQUISTI>0,000000</SLOV_ACQUISTI>
    <SVIZ_ACQUISTI>0,000000</SVIZ_ACQUISTI>
    <BSP_ACQUISTI>0,000000</BSP_ACQUISTI>
    <MALT_ACQUISTI>109,000000</MALT_ACQUISTI>
    <XAUS_ACQUISTI>0,000000</XAUS_ACQUISTI>
    <XFRA_ACQUISTI>0,000000</XFRA_ACQUISTI>
    <TOTALE_VENDITE>20738,632</TOTALE_VENDITE>
    <NAT_VENDITE>22131,632000</NAT_VENDITE>
    <CNOR_VENDITE>1711,245000</CNOR_VENDITE>
    <CSUD_VENDITE>1547,908000</CSUD_VENDITE>
    <NORD_VENDITE>10292,652000</NORD_VENDITE>
    <SARD_VENDITE>890,436000</SARD_VENDITE>
    <SICI_VENDITE>1195,469000</SICI_VENDITE>
    <SUD_VENDITE>1408,653000</SUD_VENDITE>
    <AUST_VENDITE>0,000000</AUST_VENDITE>
    <BRNN_VENDITE>1236,637000</BRNN_VENDITE>
    <COAC_VENDITE>0,000000</COAC_VENDITE>
    <CORS_VENDITE>0,000000</CORS_VENDITE>
    <FOGN_VENDITE>4,232000</FOGN_VENDITE>
    <FRAN_VENDITE>99,000000</FRAN_VENDITE>
    <GREC_VENDITE>391,000000</GREC_VENDITE>
    <MFTV_VENDITE>0,000000</MFTV_VENDITE>
    <PRGP_VENDITE>0,052000</PRGP_VENDITE>
    <ROSN_VENDITE>453,348000</ROSN_VENDITE>
    <SLOV_VENDITE>0,000000</SLOV_VENDITE>
    <SVIZ_VENDITE>1508,000000</SVIZ_VENDITE>
    <BSP_VENDITE>260,000000</BSP_VENDITE>
    <MALT_VENDITE>0,000000</MALT_VENDITE>
    <XAUS_VENDITE>112,000000</XAUS_VENDITE>
    <XFRA_VENDITE>1021,000000</XFRA_VENDITE>
    <TOTITABSP_VENDITE>20998,632</TOTITABSP_VENDITE>
    <TOTITABSP_ACQUISTI>22131,632</TOTITABSP_ACQUISTI>
  </Quantita>
  <Quantita>
    <Data>20180415</Data>
    <Mercato>MGP</Mercato>
    <Ora>8</Ora>
    <TOTALE_ACQUISTI>22888,492</TOTALE_ACQUISTI>
    <NAT_ACQUISTI>22888,492000</NAT_ACQUISTI>
    <CNOR_ACQUISTI>2319,232000</CNOR_ACQUISTI>
    <CSUD_ACQUISTI>3619,569000</CSUD_ACQUISTI>
    <NORD_ACQUISTI>12440,549000</NORD_ACQUISTI>
    <SARD_ACQUISTI>816,148000</SARD_ACQUISTI>
    <SICI_ACQUISTI>1452,352000</SICI_ACQUISTI>
    <SUD_ACQUISTI>1886,642000</SUD_ACQUISTI>
    <AUST_ACQUISTI>0,000000</AUST_ACQUISTI>
    <BRNN_ACQUISTI>0,000000</BRNN_ACQUISTI>
    <COAC_ACQUISTI>20,000000</COAC_ACQUISTI>
    <CORS_ACQUISTI>5,000000</CORS_ACQUISTI>
    <FOGN_ACQUISTI>0,000000</FOGN_ACQUISTI>
    <FRAN_ACQUISTI>0,000000</FRAN_ACQUISTI>
    <GREC_ACQUISTI>195,000000</GREC_ACQUISTI>
    <MFTV_ACQUISTI>0,000000</MFTV_ACQUISTI>
    <PRGP_ACQUISTI>0,000000</PRGP_ACQUISTI>
    <ROSN_ACQUISTI>0,000000</ROSN_ACQUISTI>
    <SLOV_ACQUISTI>0,000000</SLOV_ACQUISTI>
    <SVIZ_ACQUISTI>0,000000</SVIZ_ACQUISTI>
    <BSP_ACQUISTI>0,000000</BSP_ACQUISTI>
    <MALT_ACQUISTI>134,000000</MALT_ACQUISTI>
    <XAUS_ACQUISTI>0,000000</XAUS_ACQUISTI>
    <XFRA_ACQUISTI>0,000000</XFRA_ACQUISTI>
    <TOTALE_VENDITE>21495,492</TOTALE_VENDITE>
    <NAT_VENDITE>22888,492000</NAT_VENDITE>
    <CNOR_VENDITE>1795,860000</CNOR_VENDITE>
    <CSUD_VENDITE>1619,115000</CSUD_VENDITE>
    <NORD_VENDITE>10646,229000</NORD_VENDITE>
    <SARD_VENDITE>859,268000</SARD_VENDITE>
    <SICI_VENDITE>1279,536000</SICI_VENDITE>
    <SUD_VENDITE>1570,836000</SUD_VENDITE>
    <AUST_VENDITE>0,000000</AUST_VENDITE>
    <BRNN_VENDITE>1238,188000</BRNN_VENDITE>
    <COAC_VENDITE>0,000000</COAC_VENDITE>
    <CORS_VENDITE>0,000000</CORS_VENDITE>
    <FOGN_VENDITE>56,657000</FOGN_VENDITE>
    <FRAN_VENDITE>99,000000</FRAN_VENDITE>
    <GREC_VENDITE>367,000000</GREC_VENDITE>
    <MFTV_VENDITE>0,000000</MFTV_VENDITE>
    <PRGP_VENDITE>0,636000</PRGP_VENDITE>
    <ROSN_VENDITE>455,167000</ROSN_VENDITE>
    <SLOV_VENDITE>0,000000</SLOV_VENDITE>
    <SVIZ_VENDITE>1508,000000</SVIZ_VENDITE>
    <BSP_VENDITE>260,000000</BSP_VENDITE>
    <MALT_VENDITE>0,000000</MALT_VENDITE>
    <XAUS_VENDITE>112,000000</XAUS_VENDITE>
    <XFRA_VENDITE>1021,000000</XFRA_VENDITE>
    <TOTITABSP_VENDITE>21755,492</TOTITABSP_VENDITE>
    <TOTITABSP_ACQUISTI>22888,492</TOTITABSP_ACQUISTI>
  </Quantita>
  <Quantita>
    <Data>20180415</Data>
    <Mercato>MGP</Mercato>
    <Ora>9</Ora>
    <TOTALE_ACQUISTI>24600,704</TOTALE_ACQUISTI>
    <NAT_ACQUISTI>24600,704000</NAT_ACQUISTI>
    <CNOR_ACQUISTI>2534,917000</CNOR_ACQUISTI>
    <CSUD_ACQUISTI>3978,929000</CSUD_ACQUISTI>
    <NORD_ACQUISTI>13124,884000</NORD_ACQUISTI>
    <SARD_ACQUISTI>877,636000</SARD_ACQUISTI>
    <SICI_ACQUISTI>1629,158000</SICI_ACQUISTI>
    <SUD_ACQUISTI>2088,180000</SUD_ACQUISTI>
    <AUST_ACQUISTI>0,000000</AUST_ACQUISTI>
    <BRNN_ACQUISTI>0,000000</BRNN_ACQUISTI>
    <COAC_ACQUISTI>20,000000</COAC_ACQUISTI>
    <CORS_ACQUISTI>5,000000</CORS_ACQUISTI>
    <FOGN_ACQUISTI>0,000000</FOGN_ACQUISTI>
    <FRAN_ACQUISTI>0,000000</FRAN_ACQUISTI>
    <GREC_ACQUISTI>200,000000</GREC_ACQUISTI>
    <MFTV_ACQUISTI>0,000000</MFTV_ACQUISTI>
    <PRGP_ACQUISTI>0,000000</PRGP_ACQUISTI>
    <ROSN_ACQUISTI>0,000000</ROSN_ACQUISTI>
    <SLOV_ACQUISTI>0,000000</SLOV_ACQUISTI>
    <SVIZ_ACQUISTI>0,000000</SVIZ_ACQUISTI>
    <BSP_ACQUISTI>0,000000</BSP_ACQUISTI>
    <MALT_ACQUISTI>142,000000</MALT_ACQUISTI>
    <XAUS_ACQUISTI>0,000000</XAUS_ACQUISTI>
    <XFRA_ACQUISTI>0,000000</XFRA_ACQUISTI>
    <TOTALE_VENDITE>23207,704</TOTALE_VENDITE>
    <NAT_VENDITE>24600,704000</NAT_VENDITE>
    <CNOR_VENDITE>2039,706000</CNOR_VENDITE>
    <CSUD_VENDITE>1753,771000</CSUD_VENDITE>
    <NORD_VENDITE>11626,789000</NORD_VENDITE>
    <SARD_VENDITE>869,716000</SARD_VENDITE>
    <SICI_VENDITE>1375,008000</SICI_VENDITE>
    <SUD_VENDITE>1815,126000</SUD_VENDITE>
    <AUST_VENDITE>0,000000</AUST_VENDITE>
    <BRNN_VENDITE>1237,903000</BRNN_VENDITE>
    <COAC_VENDITE>0,000000</COAC_VENDITE>
    <CORS_VENDITE>0,000000</CORS_VENDITE>
    <FOGN_VENDITE>108,387000</FOGN_VENDITE>
    <FRAN_VENDITE>99,000000</FRAN_VENDITE>
    <GREC_VENDITE>314,000000</GREC_VENDITE>
    <MFTV_VENDITE>0,000000</MFTV_VENDITE>
    <PRGP_VENDITE>1,690000</PRGP_VENDITE>
    <ROSN_VENDITE>458,608000</ROSN_VENDITE>
    <SLOV_VENDITE>0,000000</SLOV_VENDITE>
    <SVIZ_VENDITE>1508,000000</SVIZ_VENDITE>
    <BSP_VENDITE>260,000000</BSP_VENDITE>
    <MALT_VENDITE>0,000000</MALT_VENDITE>
    <XAUS_VENDITE>112,000000</XAUS_VENDITE>
    <XFRA_VENDITE>1021,000000</XFRA_VENDITE>
    <TOTITABSP_VENDITE>23467,704</TOTITABSP_VENDITE>
    <TOTITABSP_ACQUISTI>24600,704</TOTITABSP_ACQUISTI>
  </Quantita>
  <Quantita>
    <Data>20180415</Data>
    <Mercato>MGP</Mercato>
    <Ora>10</Ora>
    <TOTALE_ACQUISTI>25963,993</TOTALE_ACQUISTI>
    <NAT_ACQUISTI>25963,993000</NAT_ACQUISTI>
    <CNOR_ACQUISTI>2695,290000</CNOR_ACQUISTI>
    <CSUD_ACQUISTI>4290,958000</CSUD_ACQUISTI>
    <NORD_ACQUISTI>13658,616000</NORD_ACQUISTI>
    <SARD_ACQUISTI>907,497000</SARD_ACQUISTI>
    <SICI_ACQUISTI>1752,545000</SICI_ACQUISTI>
    <SUD_ACQUISTI>2203,087000</SUD_ACQUISTI>
    <AUST_ACQUISTI>0,000000</AUST_ACQUISTI>
    <BRNN_ACQUISTI>0,000000</BRNN_ACQUISTI>
    <COAC_ACQUISTI>20,000000</COAC_ACQUISTI>
    <CORS_ACQUISTI>5,000000</CORS_ACQUISTI>
    <FOGN_ACQUISTI>0,000000</FOGN_ACQUISTI>
    <FRAN_ACQUISTI>0,000000</FRAN_ACQUISTI>
    <GREC_ACQUISTI>290,000000</GREC_ACQUISTI>
    <MFTV_ACQUISTI>0,000000</MFTV_ACQUISTI>
    <PRGP_ACQUISTI>0,000000</PRGP_ACQUISTI>
    <ROSN_ACQUISTI>0,000000</ROSN_ACQUISTI>
    <SLOV_ACQUISTI>0,000000</SLOV_ACQUISTI>
    <SVIZ_ACQUISTI>0,000000</SVIZ_ACQUISTI>
    <BSP_ACQUISTI>0,000000</BSP_ACQUISTI>
    <MALT_ACQUISTI>141,000000</MALT_ACQUISTI>
    <XAUS_ACQUISTI>0,000000</XAUS_ACQUISTI>
    <XFRA_ACQUISTI>0,000000</XFRA_ACQUISTI>
    <TOTALE_VENDITE>24841,993</TOTALE_VENDITE>
    <NAT_VENDITE>25963,993000</NAT_VENDITE>
    <CNOR_VENDITE>2119,655000</CNOR_VENDITE>
    <CSUD_VENDITE>2001,565000</CSUD_VENDITE>
    <NORD_VENDITE>12287,327000</NORD_VENDITE>
    <SARD_VENDITE>900,872000</SARD_VENDITE>
    <SICI_VENDITE>1435,671000</SICI_VENDITE>
    <SUD_VENDITE>2055,380000</SUD_VENDITE>
    <AUST_VENDITE>0,000000</AUST_VENDITE>
    <BRNN_VENDITE>1406,210000</BRNN_VENDITE>
    <COAC_VENDITE>0,000000</COAC_VENDITE>
    <CORS_VENDITE>0,000000</CORS_VENDITE>
    <FOGN_VENDITE>110,537000</FOGN_VENDITE>
    <FRAN_VENDITE>99,000000</FRAN_VENDITE>
    <GREC_VENDITE>314,000000</GREC_VENDITE>
    <MFTV_VENDITE>0,000000</MFTV_VENDITE>
    <PRGP_VENDITE>3,015000</PRGP_VENDITE>
    <ROSN_VENDITE>828,761000</ROSN_VENDITE>
    <SLOV_VENDITE>0,000000</SLOV_VENDITE>
    <SVIZ_VENDITE>1280,000000</SVIZ_VENDITE>
    <BSP_VENDITE>212,000000</BSP_VENDITE>
    <MALT_VENDITE>0,000000</MALT_VENDITE>
    <XAUS_VENDITE>97,000000</XAUS_VENDITE>
    <XFRA_VENDITE>813,000000</XFRA_VENDITE>
    <TOTITABSP_VENDITE>25053,993</TOTITABSP_VENDITE>
    <TOTITABSP_ACQUISTI>25963,993</TOTITABSP_ACQUISTI>
  </Quantita>
  <Quantita>
    <Data>20180415</Data>
    <Mercato>MGP</Mercato>
    <Ora>11</Ora>
    <TOTALE_ACQUISTI>26283,253</TOTALE_ACQUISTI>
    <NAT_ACQUISTI>26283,253000</NAT_ACQUISTI>
    <CNOR_ACQUISTI>2765,781000</CNOR_ACQUISTI>
    <CSUD_ACQUISTI>4400,056000</CSUD_ACQUISTI>
    <NORD_ACQUISTI>13710,922000</NORD_ACQUISTI>
    <SARD_ACQUISTI>898,028000</SARD_ACQUISTI>
    <SICI_ACQUISTI>1791,428000</SICI_ACQUISTI>
    <SUD_ACQUISTI>2243,038000</SUD_ACQUISTI>
    <AUST_ACQUISTI>0,000000</AUST_ACQUISTI>
    <BRNN_ACQUISTI>0,000000</BRNN_ACQUISTI>
    <COAC_ACQUISTI>20,000000</COAC_ACQUISTI>
    <CORS_ACQUISTI>5,000000</CORS_ACQUISTI>
    <FOGN_ACQUISTI>0,000000</FOGN_ACQUISTI>
    <FRAN_ACQUISTI>0,000000</FRAN_ACQUISTI>
    <GREC_ACQUISTI>320,000000</GREC_ACQUISTI>
    <MFTV_ACQUISTI>0,000000</MFTV_ACQUISTI>
    <PRGP_ACQUISTI>0,000000</PRGP_ACQUISTI>
    <ROSN_ACQUISTI>0,000000</ROSN_ACQUISTI>
    <SLOV_ACQUISTI>0,000000</SLOV_ACQUISTI>
    <SVIZ_ACQUISTI>0,000000</SVIZ_ACQUISTI>
    <BSP_ACQUISTI>0,000000</BSP_ACQUISTI>
    <MALT_ACQUISTI>129,000000</MALT_ACQUISTI>
    <XAUS_ACQUISTI>0,000000</XAUS_ACQUISTI>
    <XFRA_ACQUISTI>0,000000</XFRA_ACQUISTI>
    <TOTALE_VENDITE>25885,253</TOTALE_VENDITE>
    <NAT_VENDITE>26283,253000</NAT_VENDITE>
    <CNOR_VENDITE>2156,471000</CNOR_VENDITE>
    <CSUD_VENDITE>2747,975000</CSUD_VENDITE>
    <NORD_VENDITE>12857,072000</NORD_VENDITE>
    <SARD_VENDITE>928,041000</SARD_VENDITE>
    <SICI_VENDITE>1525,540000</SICI_VENDITE>
    <SUD_VENDITE>2311,832000</SUD_VENDITE>
    <AUST_VENDITE>0,000000</AUST_VENDITE>
    <BRNN_VENDITE>1461,068000</BRNN_VENDITE>
    <COAC_VENDITE>0,000000</COAC_VENDITE>
    <CORS_VENDITE>0,000000</CORS_VENDITE>
    <FOGN_VENDITE>112,865000</FOGN_VENDITE>
    <FRAN_VENDITE>99,000000</FRAN_VENDITE>
    <GREC_VENDITE>349,000000</GREC_VENDITE>
    <MFTV_VENDITE>0,000000</MFTV_VENDITE>
    <PRGP_VENDITE>4,287000</PRGP_VENDITE>
    <ROSN_VENDITE>829,102000</ROSN_VENDITE>
    <SLOV_VENDITE>0,000000</SLOV_VENDITE>
    <SVIZ_VENDITE>503,000000</SVIZ_VENDITE>
    <BSP_VENDITE>87,000000</BSP_VENDITE>
    <MALT_VENDITE>0,000000</MALT_VENDITE>
    <XAUS_VENDITE>37,000000</XAUS_VENDITE>
    <XFRA_VENDITE>274,000000</XFRA_VENDITE>
    <TOTITABSP_VENDITE>25972,253</TOTITABSP_VENDITE>
    <TOTITABSP_ACQUISTI>26283,253</TOTITABSP_ACQUISTI>
  </Quantita>
  <Quantita>
    <Data>20180415</Data>
    <Mercato>MGP</Mercato>
    <Ora>12</Ora>
    <TOTALE_ACQUISTI>26293,493</TOTALE_ACQUISTI>
    <NAT_ACQUISTI>26293,493000</NAT_ACQUISTI>
    <CNOR_ACQUISTI>2788,082000</CNOR_ACQUISTI>
    <CSUD_ACQUISTI>4476,300000</CSUD_ACQUISTI>
    <NORD_ACQUISTI>13643,074000</NORD_ACQUISTI>
    <SARD_ACQUISTI>884,977000</SARD_ACQUISTI>
    <SICI_ACQUISTI>1773,717000</SICI_ACQUISTI>
    <SUD_ACQUISTI>2261,343000</SUD_ACQUISTI>
    <AUST_ACQUISTI>0,000000</AUST_ACQUISTI>
    <BRNN_ACQUISTI>0,000000</BRNN_ACQUISTI>
    <COAC_ACQUISTI>20,000000</COAC_ACQUISTI>
    <CORS_ACQUISTI>5,000000</CORS_ACQUISTI>
    <FOGN_ACQUISTI>0,000000</FOGN_ACQUISTI>
    <FRAN_ACQUISTI>0,000000</FRAN_ACQUISTI>
    <GREC_ACQUISTI>320,000000</GREC_ACQUISTI>
    <MFTV_ACQUISTI>0,000000</MFTV_ACQUISTI>
    <PRGP_ACQUISTI>0,000000</PRGP_ACQUISTI>
    <ROSN_ACQUISTI>0,000000</ROSN_ACQUISTI>
    <SLOV_ACQUISTI>0,000000</SLOV_ACQUISTI>
    <SVIZ_ACQUISTI>0,000000</SVIZ_ACQUISTI>
    <BSP_ACQUISTI>0,000000</BSP_ACQUISTI>
    <MALT_ACQUISTI>121,000000</MALT_ACQUISTI>
    <XAUS_ACQUISTI>0,000000</XAUS_ACQUISTI>
    <XFRA_ACQUISTI>0,000000</XFRA_ACQUISTI>
    <TOTALE_VENDITE>25895,493</TOTALE_VENDITE>
    <NAT_VENDITE>26293,493000</NAT_VENDITE>
    <CNOR_VENDITE>2186,140000</CNOR_VENDITE>
    <CSUD_VENDITE>2785,534000</CSUD_VENDITE>
    <NORD_VENDITE>12602,747000</NORD_VENDITE>
    <SARD_VENDITE>941,335000</SARD_VENDITE>
    <SICI_VENDITE>1601,447000</SICI_VENDITE>
    <SUD_VENDITE>2478,363000</SUD_VENDITE>
    <AUST_VENDITE>0,000000</AUST_VENDITE>
    <BRNN_VENDITE>1406,049000</BRNN_VENDITE>
    <COAC_VENDITE>0,000000</COAC_VENDITE>
    <CORS_VENDITE>0,000000</CORS_VENDITE>
    <FOGN_VENDITE>113,608000</FOGN_VENDITE>
    <FRAN_VENDITE>99,000000</FRAN_VENDITE>
    <GREC_VENDITE>347,000000</GREC_VENDITE>
    <MFTV_VENDITE>0,000000</MFTV_VENDITE>
    <PRGP_VENDITE>5,221000</PRGP_VENDITE>
    <ROSN_VENDITE>826,049000</ROSN_VENDITE>
    <SLOV_VENDITE>0,000000</SLOV_VENDITE>
    <SVIZ_VENDITE>503,000000</SVIZ_VENDITE>
    <BSP_VENDITE>87,000000</BSP_VENDITE>
    <MALT_VENDITE>0,000000</MALT_VENDITE>
    <XAUS_VENDITE>37,000000</XAUS_VENDITE>
    <XFRA_VENDITE>274,000000</XFRA_VENDITE>
    <TOTITABSP_VENDITE>25982,493</TOTITABSP_VENDITE>
    <TOTITABSP_ACQUISTI>26293,493</TOTITABSP_ACQUISTI>
  </Quantita>
  <Quantita>
    <Data>20180415</Data>
    <Mercato>MGP</Mercato>
    <Ora>13</Ora>
    <TOTALE_ACQUISTI>26032,322</TOTALE_ACQUISTI>
    <NAT_ACQUISTI>26032,322000</NAT_ACQUISTI>
    <CNOR_ACQUISTI>2751,704000</CNOR_ACQUISTI>
    <CSUD_ACQUISTI>4517,704000</CSUD_ACQUISTI>
    <NORD_ACQUISTI>13373,896000</NORD_ACQUISTI>
    <SARD_ACQUISTI>871,555000</SARD_ACQUISTI>
    <SICI_ACQUISTI>1754,072000</SICI_ACQUISTI>
    <SUD_ACQUISTI>2295,391000</SUD_ACQUISTI>
    <AUST_ACQUISTI>0,000000</AUST_ACQUISTI>
    <BRNN_ACQUISTI>0,000000</BRNN_ACQUISTI>
    <COAC_ACQUISTI>20,000000</COAC_ACQUISTI>
    <CORS_ACQUISTI>5,000000</CORS_ACQUISTI>
    <FOGN_ACQUISTI>0,000000</FOGN_ACQUISTI>
    <FRAN_ACQUISTI>0,000000</FRAN_ACQUISTI>
    <GREC_ACQUISTI>341,000000</GREC_ACQUISTI>
    <MFTV_ACQUISTI>0,000000</MFTV_ACQUISTI>
    <PRGP_ACQUISTI>0,000000</PRGP_ACQUISTI>
    <ROSN_ACQUISTI>0,000000</ROSN_ACQUISTI>
    <SLOV_ACQUISTI>0,000000</SLOV_ACQUISTI>
    <SVIZ_ACQUISTI>0,000000</SVIZ_ACQUISTI>
    <BSP_ACQUISTI>0,000000</BSP_ACQUISTI>
    <MALT_ACQUISTI>102,000000</MALT_ACQUISTI>
    <XAUS_ACQUISTI>0,000000</XAUS_ACQUISTI>
    <XFRA_ACQUISTI>0,000000</XFRA_ACQUISTI>
    <TOTALE_VENDITE>25634,322</TOTALE_VENDITE>
    <NAT_VENDITE>26032,322000</NAT_VENDITE>
    <CNOR_VENDITE>2144,372000</CNOR_VENDITE>
    <CSUD_VENDITE>2647,174000</CSUD_VENDITE>
    <NORD_VENDITE>12267,250000</NORD_VENDITE>
    <SARD_VENDITE>943,829000</SARD_VENDITE>
    <SICI_VENDITE>1611,759000</SICI_VENDITE>
    <SUD_VENDITE>2698,468000</SUD_VENDITE>
    <AUST_VENDITE>0,000000</AUST_VENDITE>
    <BRNN_VENDITE>1452,446000</BRNN_VENDITE>
    <COAC_VENDITE>0,000000</COAC_VENDITE>
    <CORS_VENDITE>0,000000</CORS_VENDITE>
    <FOGN_VENDITE>115,737000</FOGN_VENDITE>
    <FRAN_VENDITE>99,000000</FRAN_VENDITE>
    <GREC_VENDITE>316,000000</GREC_VENDITE>
    <MFTV_VENDITE>0,000000</MFTV_VENDITE>
    <PRGP_VENDITE>5,798000</PRGP_VENDITE>
    <ROSN_VENDITE>829,489000</ROSN_VENDITE>
    <SLOV_VENDITE>0,000000</SLOV_VENDITE>
    <SVIZ_VENDITE>503,000000</SVIZ_VENDITE>
    <BSP_VENDITE>87,000000</BSP_VENDITE>
    <MALT_VENDITE>0,000000</MALT_VENDITE>
    <XAUS_VENDITE>37,000000</XAUS_VENDITE>
    <XFRA_VENDITE>274,000000</XFRA_VENDITE>
    <TOTITABSP_VENDITE>25721,322</TOTITABSP_VENDITE>
    <TOTITABSP_ACQUISTI>26032,322</TOTITABSP_ACQUISTI>
  </Quantita>
  <Quantita>
    <Data>20180415</Data>
    <Mercato>MGP</Mercato>
    <Ora>14</Ora>
    <TOTALE_ACQUISTI>24460,42</TOTALE_ACQUISTI>
    <NAT_ACQUISTI>24460,420000</NAT_ACQUISTI>
    <CNOR_ACQUISTI>2549,805000</CNOR_ACQUISTI>
    <CSUD_ACQUISTI>4275,248000</CSUD_ACQUISTI>
    <NORD_ACQUISTI>12769,748000</NORD_ACQUISTI>
    <SARD_ACQUISTI>815,616000</SARD_ACQUISTI>
    <SICI_ACQUISTI>1620,802000</SICI_ACQUISTI>
    <SUD_ACQUISTI>2105,201000</SUD_ACQUISTI>
    <AUST_ACQUISTI>0,000000</AUST_ACQUISTI>
    <BRNN_ACQUISTI>0,000000</BRNN_ACQUISTI>
    <COAC_ACQUISTI>20,000000</COAC_ACQUISTI>
    <CORS_ACQUISTI>5,000000</CORS_ACQUISTI>
    <FOGN_ACQUISTI>0,000000</FOGN_ACQUISTI>
    <FRAN_ACQUISTI>0,000000</FRAN_ACQUISTI>
    <GREC_ACQUISTI>194,000000</GREC_ACQUISTI>
    <MFTV_ACQUISTI>0,000000</MFTV_ACQUISTI>
    <PRGP_ACQUISTI>0,000000</PRGP_ACQUISTI>
    <ROSN_ACQUISTI>0,000000</ROSN_ACQUISTI>
    <SLOV_ACQUISTI>0,000000</SLOV_ACQUISTI>
    <SVIZ_ACQUISTI>0,000000</SVIZ_ACQUISTI>
    <BSP_ACQUISTI>0,000000</BSP_ACQUISTI>
    <MALT_ACQUISTI>105,000000</MALT_ACQUISTI>
    <XAUS_ACQUISTI>0,000000</XAUS_ACQUISTI>
    <XFRA_ACQUISTI>0,000000</XFRA_ACQUISTI>
    <TOTALE_VENDITE>24062,42</TOTALE_VENDITE>
    <NAT_VENDITE>24460,420000</NAT_VENDITE>
    <CNOR_VENDITE>2115,149000</CNOR_VENDITE>
    <CSUD_VENDITE>2062,650000</CSUD_VENDITE>
    <NORD_VENDITE>11597,041000</NORD_VENDITE>
    <SARD_VENDITE>920,257000</SARD_VENDITE>
    <SICI_VENDITE>1585,365000</SICI_VENDITE>
    <SUD_VENDITE>2836,490000</SUD_VENDITE>
    <AUST_VENDITE>0,000000</AUST_VENDITE>
    <BRNN_VENDITE>1249,373000</BRNN_VENDITE>
    <COAC_VENDITE>0,000000</COAC_VENDITE>
    <CORS_VENDITE>0,000000</CORS_VENDITE>
    <FOGN_VENDITE>116,293000</FOGN_VENDITE>
    <FRAN_VENDITE>99,000000</FRAN_VENDITE>
    <GREC_VENDITE>489,000000</GREC_VENDITE>
    <MFTV_VENDITE>0,000000</MFTV_VENDITE>
    <PRGP_VENDITE>6,086000</PRGP_VENDITE>
    <ROSN_VENDITE>482,716000</ROSN_VENDITE>
    <SLOV_VENDITE>0,000000</SLOV_VENDITE>
    <SVIZ_VENDITE>503,000000</SVIZ_VENDITE>
    <BSP_VENDITE>87,000000</BSP_VENDITE>
    <MALT_VENDITE>0,000000</MALT_VENDITE>
    <XAUS_VENDITE>37,000000</XAUS_VENDITE>
    <XFRA_VENDITE>274,000000</XFRA_VENDITE>
    <TOTITABSP_VENDITE>24149,42</TOTITABSP_VENDITE>
    <TOTITABSP_ACQUISTI>24460,42</TOTITABSP_ACQUISTI>
  </Quantita>
  <Quantita>
    <Data>20180415</Data>
    <Mercato>MGP</Mercato>
    <Ora>15</Ora>
    <TOTALE_ACQUISTI>23707,451</TOTALE_ACQUISTI>
    <NAT_ACQUISTI>23707,451000</NAT_ACQUISTI>
    <CNOR_ACQUISTI>2488,074000</CNOR_ACQUISTI>
    <CSUD_ACQUISTI>4043,214000</CSUD_ACQUISTI>
    <NORD_ACQUISTI>12670,738000</NORD_ACQUISTI>
    <SARD_ACQUISTI>776,718000</SARD_ACQUISTI>
    <SICI_ACQUISTI>1520,062000</SICI_ACQUISTI>
    <SUD_ACQUISTI>1935,645000</SUD_ACQUISTI>
    <AUST_ACQUISTI>0,000000</AUST_ACQUISTI>
    <BRNN_ACQUISTI>0,000000</BRNN_ACQUISTI>
    <COAC_ACQUISTI>20,000000</COAC_ACQUISTI>
    <CORS_ACQUISTI>5,000000</CORS_ACQUISTI>
    <FOGN_ACQUISTI>0,000000</FOGN_ACQUISTI>
    <FRAN_ACQUISTI>0,000000</FRAN_ACQUISTI>
    <GREC_ACQUISTI>154,000000</GREC_ACQUISTI>
    <MFTV_ACQUISTI>0,000000</MFTV_ACQUISTI>
    <PRGP_ACQUISTI>0,000000</PRGP_ACQUISTI>
    <ROSN_ACQUISTI>0,000000</ROSN_ACQUISTI>
    <SLOV_ACQUISTI>0,000000</SLOV_ACQUISTI>
    <SVIZ_ACQUISTI>0,000000</SVIZ_ACQUISTI>
    <BSP_ACQUISTI>0,000000</BSP_ACQUISTI>
    <MALT_ACQUISTI>94,000000</MALT_ACQUISTI>
    <XAUS_ACQUISTI>0,000000</XAUS_ACQUISTI>
    <XFRA_ACQUISTI>0,000000</XFRA_ACQUISTI>
    <TOTALE_VENDITE>23309,451</TOTALE_VENDITE>
    <NAT_VENDITE>23707,451000</NAT_VENDITE>
    <CNOR_VENDITE>2052,573000</CNOR_VENDITE>
    <CSUD_VENDITE>1933,984000</CSUD_VENDITE>
    <NORD_VENDITE>11149,934000</NORD_VENDITE>
    <SARD_VENDITE>871,523000</SARD_VENDITE>
    <SICI_VENDITE>1528,112000</SICI_VENDITE>
    <SUD_VENDITE>2769,873000</SUD_VENDITE>
    <AUST_VENDITE>0,000000</AUST_VENDITE>
    <BRNN_VENDITE>1250,886000</BRNN_VENDITE>
    <COAC_VENDITE>0,000000</COAC_VENDITE>
    <CORS_VENDITE>0,000000</CORS_VENDITE>
    <FOGN_VENDITE>166,574000</FOGN_VENDITE>
    <FRAN_VENDITE>99,000000</FRAN_VENDITE>
    <GREC_VENDITE>499,000000</GREC_VENDITE>
    <MFTV_VENDITE>0,000000</MFTV_VENDITE>
    <PRGP_VENDITE>6,008000</PRGP_VENDITE>
    <ROSN_VENDITE>478,984000</ROSN_VENDITE>
    <SLOV_VENDITE>0,000000</SLOV_VENDITE>
    <SVIZ_VENDITE>503,000000</SVIZ_VENDITE>
    <BSP_VENDITE>87,000000</BSP_VENDITE>
    <MALT_VENDITE>0,000000</MALT_VENDITE>
    <XAUS_VENDITE>37,000000</XAUS_VENDITE>
    <XFRA_VENDITE>274,000000</XFRA_VENDITE>
    <TOTITABSP_VENDITE>23396,451</TOTITABSP_VENDITE>
    <TOTITABSP_ACQUISTI>23707,451</TOTITABSP_ACQUISTI>
  </Quantita>
  <Quantita>
    <Data>20180415</Data>
    <Mercato>MGP</Mercato>
    <Ora>16</Ora>
    <TOTALE_ACQUISTI>23636,914</TOTALE_ACQUISTI>
    <NAT_ACQUISTI>23636,914000</NAT_ACQUISTI>
    <CNOR_ACQUISTI>2488,163000</CNOR_ACQUISTI>
    <CSUD_ACQUISTI>4057,749000</CSUD_ACQUISTI>
    <NORD_ACQUISTI>12579,349000</NORD_ACQUISTI>
    <SARD_ACQUISTI>777,437000</SARD_ACQUISTI>
    <SICI_ACQUISTI>1503,330000</SICI_ACQUISTI>
    <SUD_ACQUISTI>1949,886000</SUD_ACQUISTI>
    <AUST_ACQUISTI>0,000000</AUST_ACQUISTI>
    <BRNN_ACQUISTI>0,000000</BRNN_ACQUISTI>
    <COAC_ACQUISTI>20,000000</COAC_ACQUISTI>
    <CORS_ACQUISTI>5,000000</CORS_ACQUISTI>
    <FOGN_ACQUISTI>0,000000</FOGN_ACQUISTI>
    <FRAN_ACQUISTI>0,000000</FRAN_ACQUISTI>
    <GREC_ACQUISTI>154,000000</GREC_ACQUISTI>
    <MFTV_ACQUISTI>0,000000</MFTV_ACQUISTI>
    <PRGP_ACQUISTI>0,000000</PRGP_ACQUISTI>
    <ROSN_ACQUISTI>0,000000</ROSN_ACQUISTI>
    <SLOV_ACQUISTI>0,000000</SLOV_ACQUISTI>
    <SVIZ_ACQUISTI>0,000000</SVIZ_ACQUISTI>
    <BSP_ACQUISTI>0,000000</BSP_ACQUISTI>
    <MALT_ACQUISTI>102,000000</MALT_ACQUISTI>
    <XAUS_ACQUISTI>0,000000</XAUS_ACQUISTI>
    <XFRA_ACQUISTI>0,000000</XFRA_ACQUISTI>
    <TOTALE_VENDITE>23238,914</TOTALE_VENDITE>
    <NAT_VENDITE>23636,914000</NAT_VENDITE>
    <CNOR_VENDITE>2001,561000</CNOR_VENDITE>
    <CSUD_VENDITE>2056,505000</CSUD_VENDITE>
    <NORD_VENDITE>11101,981000</NORD_VENDITE>
    <SARD_VENDITE>823,298000</SARD_VENDITE>
    <SICI_VENDITE>1411,191000</SICI_VENDITE>
    <SUD_VENDITE>2737,066000</SUD_VENDITE>
    <AUST_VENDITE>0,000000</AUST_VENDITE>
    <BRNN_VENDITE>1258,712000</BRNN_VENDITE>
    <COAC_VENDITE>0,000000</COAC_VENDITE>
    <CORS_VENDITE>0,000000</CORS_VENDITE>
    <FOGN_VENDITE>267,151000</FOGN_VENDITE>
    <FRAN_VENDITE>99,000000</FRAN_VENDITE>
    <GREC_VENDITE>504,000000</GREC_VENDITE>
    <MFTV_VENDITE>0,000000</MFTV_VENDITE>
    <PRGP_VENDITE>5,346000</PRGP_VENDITE>
    <ROSN_VENDITE>470,103000</ROSN_VENDITE>
    <SLOV_VENDITE>0,000000</SLOV_VENDITE>
    <SVIZ_VENDITE>503,000000</SVIZ_VENDITE>
    <BSP_VENDITE>87,000000</BSP_VENDITE>
    <MALT_VENDITE>0,000000</MALT_VENDITE>
    <XAUS_VENDITE>37,000000</XAUS_VENDITE>
    <XFRA_VENDITE>274,000000</XFRA_VENDITE>
    <TOTITABSP_VENDITE>23325,914</TOTITABSP_VENDITE>
    <TOTITABSP_ACQUISTI>23636,914</TOTITABSP_ACQUISTI>
  </Quantita>
  <Quantita>
    <Data>20180415</Data>
    <Mercato>MGP</Mercato>
    <Ora>17</Ora>
    <TOTALE_ACQUISTI>23842,581</TOTALE_ACQUISTI>
    <NAT_ACQUISTI>23842,581000</NAT_ACQUISTI>
    <CNOR_ACQUISTI>2517,435000</CNOR_ACQUISTI>
    <CSUD_ACQUISTI>4065,528000</CSUD_ACQUISTI>
    <NORD_ACQUISTI>12617,995000</NORD_ACQUISTI>
    <SARD_ACQUISTI>797,012000</SARD_ACQUISTI>
    <SICI_ACQUISTI>1545,668000</SICI_ACQUISTI>
    <SUD_ACQUISTI>1990,943000</SUD_ACQUISTI>
    <AUST_ACQUISTI>0,000000</AUST_ACQUISTI>
    <BRNN_ACQUISTI>0,000000</BRNN_ACQUISTI>
    <COAC_ACQUISTI>20,000000</COAC_ACQUISTI>
    <CORS_ACQUISTI>5,000000</CORS_ACQUISTI>
    <FOGN_ACQUISTI>0,000000</FOGN_ACQUISTI>
    <FRAN_ACQUISTI>0,000000</FRAN_ACQUISTI>
    <GREC_ACQUISTI>158,000000</GREC_ACQUISTI>
    <MFTV_ACQUISTI>0,000000</MFTV_ACQUISTI>
    <PRGP_ACQUISTI>0,000000</PRGP_ACQUISTI>
    <ROSN_ACQUISTI>0,000000</ROSN_ACQUISTI>
    <SLOV_ACQUISTI>0,000000</SLOV_ACQUISTI>
    <SVIZ_ACQUISTI>0,000000</SVIZ_ACQUISTI>
    <BSP_ACQUISTI>0,000000</BSP_ACQUISTI>
    <MALT_ACQUISTI>125,000000</MALT_ACQUISTI>
    <XAUS_ACQUISTI>0,000000</XAUS_ACQUISTI>
    <XFRA_ACQUISTI>0,000000</XFRA_ACQUISTI>
    <TOTALE_VENDITE>23444,581</TOTALE_VENDITE>
    <NAT_VENDITE>23842,581000</NAT_VENDITE>
    <CNOR_VENDITE>1937,966000</CNOR_VENDITE>
    <CSUD_VENDITE>1996,382000</CSUD_VENDITE>
    <NORD_VENDITE>11440,828000</NORD_VENDITE>
    <SARD_VENDITE>773,880000</SARD_VENDITE>
    <SICI_VENDITE>1224,463000</SICI_VENDITE>
    <SUD_VENDITE>2638,542000</SUD_VENDITE>
    <AUST_VENDITE>0,000000</AUST_VENDITE>
    <BRNN_VENDITE>1428,111000</BRNN_VENDITE>
    <COAC_VENDITE>0,000000</COAC_VENDITE>
    <CORS_VENDITE>0,000000</CORS_VENDITE>
    <FOGN_VENDITE>265,910000</FOGN_VENDITE>
    <FRAN_VENDITE>99,000000</FRAN_VENDITE>
    <GREC_VENDITE>422,000000</GREC_VENDITE>
    <MFTV_VENDITE>0,000000</MFTV_VENDITE>
    <PRGP_VENDITE>4,085000</PRGP_VENDITE>
    <ROSN_VENDITE>710,414000</ROSN_VENDITE>
    <SLOV_VENDITE>0,000000</SLOV_VENDITE>
    <SVIZ_VENDITE>503,000000</SVIZ_VENDITE>
    <BSP_VENDITE>87,000000</BSP_VENDITE>
    <MALT_VENDITE>0,000000</MALT_VENDITE>
    <XAUS_VENDITE>37,000000</XAUS_VENDITE>
    <XFRA_VENDITE>274,000000</XFRA_VENDITE>
    <TOTITABSP_VENDITE>23531,581</TOTITABSP_VENDITE>
    <TOTITABSP_ACQUISTI>23842,581</TOTITABSP_ACQUISTI>
  </Quantita>
  <Quantita>
    <Data>20180415</Data>
    <Mercato>MGP</Mercato>
    <Ora>18</Ora>
    <TOTALE_ACQUISTI>24627,036</TOTALE_ACQUISTI>
    <NAT_ACQUISTI>24627,036000</NAT_ACQUISTI>
    <CNOR_ACQUISTI>2609,841000</CNOR_ACQUISTI>
    <CSUD_ACQUISTI>4155,238000</CSUD_ACQUISTI>
    <NORD_ACQUISTI>13066,695000</NORD_ACQUISTI>
    <SARD_ACQUISTI>839,858000</SARD_ACQUISTI>
    <SICI_ACQUISTI>1612,170000</SICI_ACQUISTI>
    <SUD_ACQUISTI>2077,234000</SUD_ACQUISTI>
    <AUST_ACQUISTI>0,000000</AUST_ACQUISTI>
    <BRNN_ACQUISTI>0,000000</BRNN_ACQUISTI>
    <COAC_ACQUISTI>20,000000</COAC_ACQUISTI>
    <CORS_ACQUISTI>5,000000</CORS_ACQUISTI>
    <FOGN_ACQUISTI>0,000000</FOGN_ACQUISTI>
    <FRAN_ACQUISTI>0,000000</FRAN_ACQUISTI>
    <GREC_ACQUISTI>80,000000</GREC_ACQUISTI>
    <MFTV_ACQUISTI>0,000000</MFTV_ACQUISTI>
    <PRGP_ACQUISTI>0,000000</PRGP_ACQUISTI>
    <ROSN_ACQUISTI>0,000000</ROSN_ACQUISTI>
    <SLOV_ACQUISTI>0,000000</SLOV_ACQUISTI>
    <SVIZ_ACQUISTI>0,000000</SVIZ_ACQUISTI>
    <BSP_ACQUISTI>0,000000</BSP_ACQUISTI>
    <MALT_ACQUISTI>161,000000</MALT_ACQUISTI>
    <XAUS_ACQUISTI>0,000000</XAUS_ACQUISTI>
    <XFRA_ACQUISTI>0,000000</XFRA_ACQUISTI>
    <TOTALE_VENDITE>23506,036</TOTALE_VENDITE>
    <NAT_VENDITE>24627,036000</NAT_VENDITE>
    <CNOR_VENDITE>1905,356000</CNOR_VENDITE>
    <CSUD_VENDITE>1808,398000</CSUD_VENDITE>
    <NORD_VENDITE>11478,039000</NORD_VENDITE>
    <SARD_VENDITE>706,712000</SARD_VENDITE>
    <SICI_VENDITE>1025,905000</SICI_VENDITE>
    <SUD_VENDITE>2412,270000</SUD_VENDITE>
    <AUST_VENDITE>0,000000</AUST_VENDITE>
    <BRNN_VENDITE>1437,384000</BRNN_VENDITE>
    <COAC_VENDITE>0,000000</COAC_VENDITE>
    <CORS_VENDITE>0,000000</CORS_VENDITE>
    <FOGN_VENDITE>263,820000</FOGN_VENDITE>
    <FRAN_VENDITE>99,000000</FRAN_VENDITE>
    <GREC_VENDITE>487,000000</GREC_VENDITE>
    <MFTV_VENDITE>0,000000</MFTV_VENDITE>
    <PRGP_VENDITE>2,477000</PRGP_VENDITE>
    <ROSN_VENDITE>598,675000</ROSN_VENDITE>
    <SLOV_VENDITE>0,000000</SLOV_VENDITE>
    <SVIZ_VENDITE>1281,000000</SVIZ_VENDITE>
    <BSP_VENDITE>212,000000</BSP_VENDITE>
    <MALT_VENDITE>0,000000</MALT_VENDITE>
    <XAUS_VENDITE>97,000000</XAUS_VENDITE>
    <XFRA_VENDITE>812,000000</XFRA_VENDITE>
    <TOTITABSP_VENDITE>23718,036</TOTITABSP_VENDITE>
    <TOTITABSP_ACQUISTI>24627,036</TOTITABSP_ACQUISTI>
  </Quantita>
  <Quantita>
    <Data>20180415</Data>
    <Mercato>MGP</Mercato>
    <Ora>19</Ora>
    <TOTALE_ACQUISTI>26187,862</TOTALE_ACQUISTI>
    <NAT_ACQUISTI>26187,862000</NAT_ACQUISTI>
    <CNOR_ACQUISTI>2770,132000</CNOR_ACQUISTI>
    <CSUD_ACQUISTI>4296,645000</CSUD_ACQUISTI>
    <NORD_ACQUISTI>14103,290000</NORD_ACQUISTI>
    <SARD_ACQUISTI>883,143000</SARD_ACQUISTI>
    <SICI_ACQUISTI>1682,849000</SICI_ACQUISTI>
    <SUD_ACQUISTI>2201,803000</SUD_ACQUISTI>
    <AUST_ACQUISTI>0,000000</AUST_ACQUISTI>
    <BRNN_ACQUISTI>0,000000</BRNN_ACQUISTI>
    <COAC_ACQUISTI>20,000000</COAC_ACQUISTI>
    <CORS_ACQUISTI>5,000000</CORS_ACQUISTI>
    <FOGN_ACQUISTI>0,000000</FOGN_ACQUISTI>
    <FRAN_ACQUISTI>0,000000</FRAN_ACQUISTI>
    <GREC_ACQUISTI>50,000000</GREC_ACQUISTI>
    <MFTV_ACQUISTI>0,000000</MFTV_ACQUISTI>
    <PRGP_ACQUISTI>0,000000</PRGP_ACQUISTI>
    <ROSN_ACQUISTI>0,000000</ROSN_ACQUISTI>
    <SLOV_ACQUISTI>0,000000</SLOV_ACQUISTI>
    <SVIZ_ACQUISTI>0,000000</SVIZ_ACQUISTI>
    <BSP_ACQUISTI>0,000000</BSP_ACQUISTI>
    <MALT_ACQUISTI>175,000000</MALT_ACQUISTI>
    <XAUS_ACQUISTI>0,000000</XAUS_ACQUISTI>
    <XFRA_ACQUISTI>0,000000</XFRA_ACQUISTI>
    <TOTALE_VENDITE>24794,862</TOTALE_VENDITE>
    <NAT_VENDITE>26187,862000</NAT_VENDITE>
    <CNOR_VENDITE>1918,397000</CNOR_VENDITE>
    <CSUD_VENDITE>2693,866000</CSUD_VENDITE>
    <NORD_VENDITE>12527,269000</NORD_VENDITE>
    <SARD_VENDITE>637,049000</SARD_VENDITE>
    <SICI_VENDITE>788,682000</SICI_VENDITE>
    <SUD_VENDITE>1873,005000</SUD_VENDITE>
    <AUST_VENDITE>0,000000</AUST_VENDITE>
    <BRNN_VENDITE>1590,166000</BRNN_VENDITE>
    <COAC_VENDITE>0,000000</COAC_VENDITE>
    <CORS_VENDITE>0,000000</CORS_VENDITE>
    <FOGN_VENDITE>257,550000</FOGN_VENDITE>
    <FRAN_VENDITE>99,000000</FRAN_VENDITE>
    <GREC_VENDITE>475,000000</GREC_VENDITE>
    <MFTV_VENDITE>0,000000</MFTV_VENDITE>
    <PRGP_VENDITE>0,969000</PRGP_VENDITE>
    <ROSN_VENDITE>425,909000</ROSN_VENDITE>
    <SLOV_VENDITE>0,000000</SLOV_VENDITE>
    <SVIZ_VENDITE>1508,000000</SVIZ_VENDITE>
    <BSP_VENDITE>260,000000</BSP_VENDITE>
    <MALT_VENDITE>0,000000</MALT_VENDITE>
    <XAUS_VENDITE>112,000000</XAUS_VENDITE>
    <XFRA_VENDITE>1021,000000</XFRA_VENDITE>
    <TOTITABSP_VENDITE>25054,862</TOTITABSP_VENDITE>
    <TOTITABSP_ACQUISTI>26187,862</TOTITABSP_ACQUISTI>
  </Quantita>
  <Quantita>
    <Data>20180415</Data>
    <Mercato>MGP</Mercato>
    <Ora>20</Ora>
    <TOTALE_ACQUISTI>28344,481</TOTALE_ACQUISTI>
    <NAT_ACQUISTI>28427,481000</NAT_ACQUISTI>
    <CNOR_ACQUISTI>3090,885000</CNOR_ACQUISTI>
    <CSUD_ACQUISTI>4710,164000</CSUD_ACQUISTI>
    <NORD_ACQUISTI>15098,487000</NORD_ACQUISTI>
    <SARD_ACQUISTI>950,383000</SARD_ACQUISTI>
    <SICI_ACQUISTI>1859,526000</SICI_ACQUISTI>
    <SUD_ACQUISTI>2468,036000</SUD_ACQUISTI>
    <AUST_ACQUISTI>0,000000</AUST_ACQUISTI>
    <BRNN_ACQUISTI>0,000000</BRNN_ACQUISTI>
    <COAC_ACQUISTI>29,000000</COAC_ACQUISTI>
    <CORS_ACQUISTI>49,000000</CORS_ACQUISTI>
    <FOGN_ACQUISTI>0,000000</FOGN_ACQUISTI>
    <FRAN_ACQUISTI>0,000000</FRAN_ACQUISTI>
    <GREC_ACQUISTI>0,000000</GREC_ACQUISTI>
    <MFTV_ACQUISTI>0,000000</MFTV_ACQUISTI>
    <PRGP_ACQUISTI>0,000000</PRGP_ACQUISTI>
    <ROSN_ACQUISTI>0,000000</ROSN_ACQUISTI>
    <SLOV_ACQUISTI>0,000000</SLOV_ACQUISTI>
    <SVIZ_ACQUISTI>0,000000</SVIZ_ACQUISTI>
    <BSP_ACQUISTI>0,000000</BSP_ACQUISTI>
    <MALT_ACQUISTI>89,000000</MALT_ACQUISTI>
    <XAUS_ACQUISTI>0,000000</XAUS_ACQUISTI>
    <XFRA_ACQUISTI>0,000000</XFRA_ACQUISTI>
    <TOTALE_VENDITE>26951,481</TOTALE_VENDITE>
    <NAT_VENDITE>28427,481000</NAT_VENDITE>
    <CNOR_VENDITE>2237,868000</CNOR_VENDITE>
    <CSUD_VENDITE>2739,356000</CSUD_VENDITE>
    <NORD_VENDITE>13807,964000</NORD_VENDITE>
    <SARD_VENDITE>586,180000</SARD_VENDITE>
    <SICI_VENDITE>752,449000</SICI_VENDITE>
    <SUD_VENDITE>1604,581000</SUD_VENDITE>
    <AUST_VENDITE>0,000000</AUST_VENDITE>
    <BRNN_VENDITE>1641,158000</BRNN_VENDITE>
    <COAC_VENDITE>0,000000</COAC_VENDITE>
    <CORS_VENDITE>0,000000</CORS_VENDITE>
    <FOGN_VENDITE>669,068000</FOGN_VENDITE>
    <FRAN_VENDITE>99,000000</FRAN_VENDITE>
    <GREC_VENDITE>450,000000</GREC_VENDITE>
    <MFTV_VENDITE>0,000000</MFTV_VENDITE>
    <PRGP_VENDITE>96,077000</PRGP_VENDITE>
    <ROSN_VENDITE>759,780000</ROSN_VENDITE>
    <SLOV_VENDITE>0,000000</SLOV_VENDITE>
    <SVIZ_VENDITE>1508,000000</SVIZ_VENDITE>
    <BSP_VENDITE>260,000000</BSP_VENDITE>
    <MALT_VENDITE>0,000000</MALT_VENDITE>
    <XAUS_VENDITE>112,000000</XAUS_VENDITE>
    <XFRA_VENDITE>1021,000000</XFRA_VENDITE>
    <TOTITABSP_VENDITE>27211,481</TOTITABSP_VENDITE>
    <TOTITABSP_ACQUISTI>28344,481</TOTITABSP_ACQUISTI>
  </Quantita>
  <Quantita>
    <Data>20180415</Data>
    <Mercato>MGP</Mercato>
    <Ora>21</Ora>
    <TOTALE_ACQUISTI>30661,971</TOTALE_ACQUISTI>
    <NAT_ACQUISTI>30661,971000</NAT_ACQUISTI>
    <CNOR_ACQUISTI>3308,309000</CNOR_ACQUISTI>
    <CSUD_ACQUISTI>5238,752000</CSUD_ACQUISTI>
    <NORD_ACQUISTI>16020,055000</NORD_ACQUISTI>
    <SARD_ACQUISTI>1046,482000</SARD_ACQUISTI>
    <SICI_ACQUISTI>2081,657000</SICI_ACQUISTI>
    <SUD_ACQUISTI>2777,716000</SUD_ACQUISTI>
    <AUST_ACQUISTI>0,000000</AUST_ACQUISTI>
    <BRNN_ACQUISTI>0,000000</BRNN_ACQUISTI>
    <COAC_ACQUISTI>55,000000</COAC_ACQUISTI>
    <CORS_ACQUISTI>49,000000</CORS_ACQUISTI>
    <FOGN_ACQUISTI>0,000000</FOGN_ACQUISTI>
    <FRAN_ACQUISTI>0,000000</FRAN_ACQUISTI>
    <GREC_ACQUISTI>0,000000</GREC_ACQUISTI>
    <MFTV_ACQUISTI>0,000000</MFTV_ACQUISTI>
    <PRGP_ACQUISTI>0,000000</PRGP_ACQUISTI>
    <ROSN_ACQUISTI>0,000000</ROSN_ACQUISTI>
    <SLOV_ACQUISTI>0,000000</SLOV_ACQUISTI>
    <SVIZ_ACQUISTI>0,000000</SVIZ_ACQUISTI>
    <BSP_ACQUISTI>0,000000</BSP_ACQUISTI>
    <MALT_ACQUISTI>85,000000</MALT_ACQUISTI>
    <XAUS_ACQUISTI>0,000000</XAUS_ACQUISTI>
    <XFRA_ACQUISTI>0,000000</XFRA_ACQUISTI>
    <TOTALE_VENDITE>29268,971</TOTALE_VENDITE>
    <NAT_VENDITE>30661,971000</NAT_VENDITE>
    <CNOR_VENDITE>2223,229000</CNOR_VENDITE>
    <CSUD_VENDITE>2853,052000</CSUD_VENDITE>
    <NORD_VENDITE>14982,820000</NORD_VENDITE>
    <SARD_VENDITE>577,399000</SARD_VENDITE>
    <SICI_VENDITE>759,903000</SICI_VENDITE>
    <SUD_VENDITE>1546,266000</SUD_VENDITE>
    <AUST_VENDITE>0,000000</AUST_VENDITE>
    <BRNN_VENDITE>2230,352000</BRNN_VENDITE>
    <COAC_VENDITE>0,000000</COAC_VENDITE>
    <CORS_VENDITE>0,000000</CORS_VENDITE>
    <FOGN_VENDITE>955,249000</FOGN_VENDITE>
    <FRAN_VENDITE>99,000000</FRAN_VENDITE>
    <GREC_VENDITE>475,000000</GREC_VENDITE>
    <MFTV_VENDITE>0,000000</MFTV_VENDITE>
    <PRGP_VENDITE>306,754000</PRGP_VENDITE>
    <ROSN_VENDITE>751,947000</ROSN_VENDITE>
    <SLOV_VENDITE>0,000000</SLOV_VENDITE>
    <SVIZ_VENDITE>1508,000000</SVIZ_VENDITE>
    <BSP_VENDITE>260,000000</BSP_VENDITE>
    <MALT_VENDITE>0,000000</MALT_VENDITE>
    <XAUS_VENDITE>112,000000</XAUS_VENDITE>
    <XFRA_VENDITE>1021,000000</XFRA_VENDITE>
    <TOTITABSP_VENDITE>29528,971</TOTITABSP_VENDITE>
    <TOTITABSP_ACQUISTI>30661,971</TOTITABSP_ACQUISTI>
  </Quantita>
  <Quantita>
    <Data>20180415</Data>
    <Mercato>MGP</Mercato>
    <Ora>22</Ora>
    <TOTALE_ACQUISTI>29698,795</TOTALE_ACQUISTI>
    <NAT_ACQUISTI>29701,033000</NAT_ACQUISTI>
    <CNOR_ACQUISTI>3187,333000</CNOR_ACQUISTI>
    <CSUD_ACQUISTI>5051,483000</CSUD_ACQUISTI>
    <NORD_ACQUISTI>15594,033000</NORD_ACQUISTI>
    <SARD_ACQUISTI>1021,995000</SARD_ACQUISTI>
    <SICI_ACQUISTI>2007,723000</SICI_ACQUISTI>
    <SUD_ACQUISTI>2672,228000</SUD_ACQUISTI>
    <AUST_ACQUISTI>0,000000</AUST_ACQUISTI>
    <BRNN_ACQUISTI>0,000000</BRNN_ACQUISTI>
    <COAC_ACQUISTI>56,000000</COAC_ACQUISTI>
    <CORS_ACQUISTI>49,000000</CORS_ACQUISTI>
    <FOGN_ACQUISTI>0,000000</FOGN_ACQUISTI>
    <FRAN_ACQUISTI>0,000000</FRAN_ACQUISTI>
    <GREC_ACQUISTI>0,000000</GREC_ACQUISTI>
    <MFTV_ACQUISTI>0,000000</MFTV_ACQUISTI>
    <PRGP_ACQUISTI>0,000000</PRGP_ACQUISTI>
    <ROSN_ACQUISTI>0,000000</ROSN_ACQUISTI>
    <SLOV_ACQUISTI>0,000000</SLOV_ACQUISTI>
    <SVIZ_ACQUISTI>0,000000</SVIZ_ACQUISTI>
    <BSP_ACQUISTI>0,000000</BSP_ACQUISTI>
    <MALT_ACQUISTI>59,000000</MALT_ACQUISTI>
    <XAUS_ACQUISTI>0,000000</XAUS_ACQUISTI>
    <XFRA_ACQUISTI>0,000000</XFRA_ACQUISTI>
    <TOTALE_VENDITE>28305,795</TOTALE_VENDITE>
    <NAT_VENDITE>29701,033000</NAT_VENDITE>
    <CNOR_VENDITE>2330,597000</CNOR_VENDITE>
    <CSUD_VENDITE>2470,180000</CSUD_VENDITE>
    <NORD_VENDITE>14952,162000</NORD_VENDITE>
    <SARD_VENDITE>580,266000</SARD_VENDITE>
    <SICI_VENDITE>785,621000</SICI_VENDITE>
    <SUD_VENDITE>1396,786000</SUD_VENDITE>
    <AUST_VENDITE>0,000000</AUST_VENDITE>
    <BRNN_VENDITE>1821,055000</BRNN_VENDITE>
    <COAC_VENDITE>0,000000</COAC_VENDITE>
    <CORS_VENDITE>0,000000</CORS_VENDITE>
    <FOGN_VENDITE>955,666000</FOGN_VENDITE>
    <FRAN_VENDITE>99,000000</FRAN_VENDITE>
    <GREC_VENDITE>475,000000</GREC_VENDITE>
    <MFTV_VENDITE>0,000000</MFTV_VENDITE>
    <PRGP_VENDITE>181,102000</PRGP_VENDITE>
    <ROSN_VENDITE>750,360000</ROSN_VENDITE>
    <SLOV_VENDITE>0,000000</SLOV_VENDITE>
    <SVIZ_VENDITE>1508,000000</SVIZ_VENDITE>
    <BSP_VENDITE>260,000000</BSP_VENDITE>
    <MALT_VENDITE>0,000000</MALT_VENDITE>
    <XAUS_VENDITE>112,000000</XAUS_VENDITE>
    <XFRA_VENDITE>1021,000000</XFRA_VENDITE>
    <TOTITABSP_VENDITE>28565,795</TOTITABSP_VENDITE>
    <TOTITABSP_ACQUISTI>29698,795</TOTITABSP_ACQUISTI>
  </Quantita>
  <Quantita>
    <Data>20180415</Data>
    <Mercato>MGP</Mercato>
    <Ora>23</Ora>
    <TOTALE_ACQUISTI>27719,866</TOTALE_ACQUISTI>
    <NAT_ACQUISTI>27817,866000</NAT_ACQUISTI>
    <CNOR_ACQUISTI>2987,843000</CNOR_ACQUISTI>
    <CSUD_ACQUISTI>4696,107000</CSUD_ACQUISTI>
    <NORD_ACQUISTI>14590,279000</NORD_ACQUISTI>
    <SARD_ACQUISTI>954,964000</SARD_ACQUISTI>
    <SICI_ACQUISTI>1863,423000</SICI_ACQUISTI>
    <SUD_ACQUISTI>2490,250000</SUD_ACQUISTI>
    <AUST_ACQUISTI>0,000000</AUST_ACQUISTI>
    <BRNN_ACQUISTI>0,000000</BRNN_ACQUISTI>
    <COAC_ACQUISTI>58,000000</COAC_ACQUISTI>
    <CORS_ACQUISTI>49,000000</CORS_ACQUISTI>
    <FOGN_ACQUISTI>0,000000</FOGN_ACQUISTI>
    <FRAN_ACQUISTI>0,000000</FRAN_ACQUISTI>
    <GREC_ACQUISTI>0,000000</GREC_ACQUISTI>
    <MFTV_ACQUISTI>0,000000</MFTV_ACQUISTI>
    <PRGP_ACQUISTI>0,000000</PRGP_ACQUISTI>
    <ROSN_ACQUISTI>0,000000</ROSN_ACQUISTI>
    <SLOV_ACQUISTI>0,000000</SLOV_ACQUISTI>
    <SVIZ_ACQUISTI>0,000000</SVIZ_ACQUISTI>
    <BSP_ACQUISTI>0,000000</BSP_ACQUISTI>
    <MALT_ACQUISTI>30,000000</MALT_ACQUISTI>
    <XAUS_ACQUISTI>0,000000</XAUS_ACQUISTI>
    <XFRA_ACQUISTI>0,000000</XFRA_ACQUISTI>
    <TOTALE_VENDITE>26326,866</TOTALE_VENDITE>
    <NAT_VENDITE>27817,866000</NAT_VENDITE>
    <CNOR_VENDITE>2141,076000</CNOR_VENDITE>
    <CSUD_VENDITE>2397,845000</CSUD_VENDITE>
    <NORD_VENDITE>13939,941000</NORD_VENDITE>
    <SARD_VENDITE>583,974000</SARD_VENDITE>
    <SICI_VENDITE>697,423000</SICI_VENDITE>
    <SUD_VENDITE>1332,226000</SUD_VENDITE>
    <AUST_VENDITE>0,000000</AUST_VENDITE>
    <BRNN_VENDITE>1577,692000</BRNN_VENDITE>
    <COAC_VENDITE>0,000000</COAC_VENDITE>
    <CORS_VENDITE>0,000000</CORS_VENDITE>
    <FOGN_VENDITE>752,586000</FOGN_VENDITE>
    <FRAN_VENDITE>99,000000</FRAN_VENDITE>
    <GREC_VENDITE>450,000000</GREC_VENDITE>
    <MFTV_VENDITE>0,000000</MFTV_VENDITE>
    <PRGP_VENDITE>96,000000</PRGP_VENDITE>
    <ROSN_VENDITE>751,103000</ROSN_VENDITE>
    <SLOV_VENDITE>0,000000</SLOV_VENDITE>
    <SVIZ_VENDITE>1508,000000</SVIZ_VENDITE>
    <BSP_VENDITE>260,000000</BSP_VENDITE>
    <MALT_VENDITE>0,000000</MALT_VENDITE>
    <XAUS_VENDITE>112,000000</XAUS_VENDITE>
    <XFRA_VENDITE>1021,000000</XFRA_VENDITE>
    <TOTITABSP_VENDITE>26586,866</TOTITABSP_VENDITE>
    <TOTITABSP_ACQUISTI>27719,866</TOTITABSP_ACQUISTI>
  </Quantita>
  <Quantita>
    <Data>20180415</Data>
    <Mercato>MGP</Mercato>
    <Ora>24</Ora>
    <TOTALE_ACQUISTI>25524,22</TOTALE_ACQUISTI>
    <NAT_ACQUISTI>25570,829000</NAT_ACQUISTI>
    <CNOR_ACQUISTI>2725,172000</CNOR_ACQUISTI>
    <CSUD_ACQUISTI>4284,826000</CSUD_ACQUISTI>
    <NORD_ACQUISTI>13434,780000</NORD_ACQUISTI>
    <SARD_ACQUISTI>892,647000</SARD_ACQUISTI>
    <SICI_ACQUISTI>1709,940000</SICI_ACQUISTI>
    <SUD_ACQUISTI>2247,464000</SUD_ACQUISTI>
    <AUST_ACQUISTI>0,000000</AUST_ACQUISTI>
    <BRNN_ACQUISTI>0,000000</BRNN_ACQUISTI>
    <COAC_ACQUISTI>57,000000</COAC_ACQUISTI>
    <CORS_ACQUISTI>49,000000</CORS_ACQUISTI>
    <FOGN_ACQUISTI>0,000000</FOGN_ACQUISTI>
    <FRAN_ACQUISTI>0,000000</FRAN_ACQUISTI>
    <GREC_ACQUISTI>54,000000</GREC_ACQUISTI>
    <MFTV_ACQUISTI>0,000000</MFTV_ACQUISTI>
    <PRGP_ACQUISTI>0,000000</PRGP_ACQUISTI>
    <ROSN_ACQUISTI>0,000000</ROSN_ACQUISTI>
    <SLOV_ACQUISTI>0,000000</SLOV_ACQUISTI>
    <SVIZ_ACQUISTI>0,000000</SVIZ_ACQUISTI>
    <BSP_ACQUISTI>0,000000</BSP_ACQUISTI>
    <MALT_ACQUISTI>69,391000</MALT_ACQUISTI>
    <XAUS_ACQUISTI>0,000000</XAUS_ACQUISTI>
    <XFRA_ACQUISTI>0,000000</XFRA_ACQUISTI>
    <TOTALE_VENDITE>24131,22</TOTALE_VENDITE>
    <NAT_VENDITE>25570,829000</NAT_VENDITE>
    <CNOR_VENDITE>2137,805000</CNOR_VENDITE>
    <CSUD_VENDITE>2233,364000</CSUD_VENDITE>
    <NORD_VENDITE>12533,900000</NORD_VENDITE>
    <SARD_VENDITE>586,757000</SARD_VENDITE>
    <SICI_VENDITE>679,331000</SICI_VENDITE>
    <SUD_VENDITE>1291,798000</SUD_VENDITE>
    <AUST_VENDITE>0,000000</AUST_VENDITE>
    <BRNN_VENDITE>1580,084000</BRNN_VENDITE>
    <COAC_VENDITE>0,000000</COAC_VENDITE>
    <CORS_VENDITE>0,000000</CORS_VENDITE>
    <FOGN_VENDITE>629,692000</FOGN_VENDITE>
    <FRAN_VENDITE>99,000000</FRAN_VENDITE>
    <GREC_VENDITE>474,000000</GREC_VENDITE>
    <MFTV_VENDITE>0,000000</MFTV_VENDITE>
    <PRGP_VENDITE>0,000000</PRGP_VENDITE>
    <ROSN_VENDITE>377,489000</ROSN_VENDITE>
    <SLOV_VENDITE>0,000000</SLOV_VENDITE>
    <SVIZ_VENDITE>1508,000000</SVIZ_VENDITE>
    <BSP_VENDITE>260,000000</BSP_VENDITE>
    <MALT_VENDITE>0,000000</MALT_VENDITE>
    <XAUS_VENDITE>112,000000</XAUS_VENDITE>
    <XFRA_VENDITE>1021,000000</XFRA_VENDITE>
    <TOTITABSP_VENDITE>24391,22</TOTITABSP_VENDITE>
    <TOTITABSP_ACQUISTI>25524,22</TOTITABSP_ACQUISTI>
  </Quantita>
</NewDataSet>