<?xml version="1.0" standalone="yes"?>
<NewDataSet>
  <xs:schema id="NewDataSet" xmlns="" xmlns:xs="http://www.w3.org/2001/XMLSchema" xmlns:msdata="urn:schemas-microsoft-com:xml-msdata">
    <xs:element name="NewDataSet" msdata:IsDataSet="true" msdata:UseCurrentLocale="true">
      <xs:complexType>
        <xs:choice minOccurs="0" maxOccurs="unbounded">
          <xs:element name="Quantita">
            <xs:complexType>
              <xs:sequence>
                <xs:element name="Data" type="xs:string" minOccurs="0" />
                <xs:element name="Mercato" type="xs:string" minOccurs="0" />
                <xs:element name="Ora" type="xs:string" minOccurs="0" />
                <xs:element name="TOTALE_ACQUISTI" type="xs:string" minOccurs="0" />
                <xs:element name="NAT_ACQUISTI" type="xs:string" minOccurs="0" />
                <xs:element name="CNOR_ACQUISTI" type="xs:string" minOccurs="0" />
                <xs:element name="CSUD_ACQUISTI" type="xs:string" minOccurs="0" />
                <xs:element name="NORD_ACQUISTI" type="xs:string" minOccurs="0" />
                <xs:element name="SARD_ACQUISTI" type="xs:string" minOccurs="0" />
                <xs:element name="SICI_ACQUISTI" type="xs:string" minOccurs="0" />
                <xs:element name="SUD_ACQUISTI" type="xs:string" minOccurs="0" />
                <xs:element name="AUST_ACQUISTI" type="xs:string" minOccurs="0" />
                <xs:element name="BRNN_ACQUISTI" type="xs:string" minOccurs="0" />
                <xs:element name="COAC_ACQUISTI" type="xs:string" minOccurs="0" />
                <xs:element name="CORS_ACQUISTI" type="xs:string" minOccurs="0" />
                <xs:element name="FOGN_ACQUISTI" type="xs:string" minOccurs="0" />
                <xs:element name="FRAN_ACQUISTI" type="xs:string" minOccurs="0" />
                <xs:element name="GREC_ACQUISTI" type="xs:string" minOccurs="0" />
                <xs:element name="MFTV_ACQUISTI" type="xs:string" minOccurs="0" />
                <xs:element name="PRGP_ACQUISTI" type="xs:string" minOccurs="0" />
                <xs:element name="ROSN_ACQUISTI" type="xs:string" minOccurs="0" />
                <xs:element name="SLOV_ACQUISTI" type="xs:string" minOccurs="0" />
                <xs:element name="SVIZ_ACQUISTI" type="xs:string" minOccurs="0" />
                <xs:element name="BSP_ACQUISTI" type="xs:string" minOccurs="0" />
                <xs:element name="MALT_ACQUISTI" type="xs:string" minOccurs="0" />
                <xs:element name="XAUS_ACQUISTI" type="xs:string" minOccurs="0" />
                <xs:element name="XFRA_ACQUISTI" type="xs:string" minOccurs="0" />
                <xs:element name="TOTALE_VENDITE" type="xs:string" minOccurs="0" />
                <xs:element name="NAT_VENDITE" type="xs:string" minOccurs="0" />
                <xs:element name="CNOR_VENDITE" type="xs:string" minOccurs="0" />
                <xs:element name="CSUD_VENDITE" type="xs:string" minOccurs="0" />
                <xs:element name="NORD_VENDITE" type="xs:string" minOccurs="0" />
                <xs:element name="SARD_VENDITE" type="xs:string" minOccurs="0" />
                <xs:element name="SICI_VENDITE" type="xs:string" minOccurs="0" />
                <xs:element name="SUD_VENDITE" type="xs:string" minOccurs="0" />
                <xs:element name="AUST_VENDITE" type="xs:string" minOccurs="0" />
                <xs:element name="BRNN_VENDITE" type="xs:string" minOccurs="0" />
                <xs:element name="COAC_VENDITE" type="xs:string" minOccurs="0" />
                <xs:element name="CORS_VENDITE" type="xs:string" minOccurs="0" />
                <xs:element name="FOGN_VENDITE" type="xs:string" minOccurs="0" />
                <xs:element name="FRAN_VENDITE" type="xs:string" minOccurs="0" />
                <xs:element name="GREC_VENDITE" type="xs:string" minOccurs="0" />
                <xs:element name="MFTV_VENDITE" type="xs:string" minOccurs="0" />
                <xs:element name="PRGP_VENDITE" type="xs:string" minOccurs="0" />
                <xs:element name="ROSN_VENDITE" type="xs:string" minOccurs="0" />
                <xs:element name="SLOV_VENDITE" type="xs:string" minOccurs="0" />
                <xs:element name="SVIZ_VENDITE" type="xs:string" minOccurs="0" />
                <xs:element name="BSP_VENDITE" type="xs:string" minOccurs="0" />
                <xs:element name="MALT_VENDITE" type="xs:string" minOccurs="0" />
                <xs:element name="XAUS_VENDITE" type="xs:string" minOccurs="0" />
                <xs:element name="XFRA_VENDITE" type="xs:string" minOccurs="0" />
                <xs:element name="TOTITABSP_VENDITE" msdata:ReadOnly="true" msdata:Expression="Convert(TOTALE_VENDITE, System.Double) + Convert(BSP_VENDITE,System.Double)" type="xs:string" minOccurs="0" />
                <xs:element name="TOTITABSP_ACQUISTI" msdata:ReadOnly="true" msdata:Expression="Convert(TOTALE_ACQUISTI, System.Double) + Convert(BSP_ACQUISTI, System.Double)" type="xs:string" minOccurs="0" />
              </xs:sequence>
            </xs:complexType>
          </xs:element>
        </xs:choice>
      </xs:complexType>
    </xs:element>
  </xs:schema>
  <Quantita>
    <Data>20180414</Data>
    <Mercato>MGP</Mercato>
    <Ora>1</Ora>
    <TOTALE_ACQUISTI>27657,359</TOTALE_ACQUISTI>
    <NAT_ACQUISTI>28094,126000</NAT_ACQUISTI>
    <CNOR_ACQUISTI>2843,347000</CNOR_ACQUISTI>
    <CSUD_ACQUISTI>4254,295000</CSUD_ACQUISTI>
    <NORD_ACQUISTI>15580,874000</NORD_ACQUISTI>
    <SARD_ACQUISTI>849,985000</SARD_ACQUISTI>
    <SICI_ACQUISTI>1626,662000</SICI_ACQUISTI>
    <SUD_ACQUISTI>2190,158000</SUD_ACQUISTI>
    <AUST_ACQUISTI>0,000000</AUST_ACQUISTI>
    <BRNN_ACQUISTI>0,000000</BRNN_ACQUISTI>
    <COAC_ACQUISTI>85,000000</COAC_ACQUISTI>
    <CORS_ACQUISTI>49,000000</CORS_ACQUISTI>
    <FOGN_ACQUISTI>0,000000</FOGN_ACQUISTI>
    <FRAN_ACQUISTI>0,000000</FRAN_ACQUISTI>
    <GREC_ACQUISTI>100,000000</GREC_ACQUISTI>
    <MFTV_ACQUISTI>0,000000</MFTV_ACQUISTI>
    <PRGP_ACQUISTI>0,000000</PRGP_ACQUISTI>
    <ROSN_ACQUISTI>0,000000</ROSN_ACQUISTI>
    <SLOV_ACQUISTI>0,000000</SLOV_ACQUISTI>
    <SVIZ_ACQUISTI>0,000000</SVIZ_ACQUISTI>
    <BSP_ACQUISTI>0,000000</BSP_ACQUISTI>
    <MALT_ACQUISTI>78,038000</MALT_ACQUISTI>
    <XAUS_ACQUISTI>0,000000</XAUS_ACQUISTI>
    <XFRA_ACQUISTI>0,000000</XFRA_ACQUISTI>
    <TOTALE_VENDITE>24167,359</TOTALE_VENDITE>
    <NAT_VENDITE>28094,126000</NAT_VENDITE>
    <CNOR_VENDITE>2314,479000</CNOR_VENDITE>
    <CSUD_VENDITE>2165,887000</CSUD_VENDITE>
    <NORD_VENDITE>12270,742000</NORD_VENDITE>
    <SARD_VENDITE>1011,507000</SARD_VENDITE>
    <SICI_VENDITE>1193,217000</SICI_VENDITE>
    <SUD_VENDITE>915,548000</SUD_VENDITE>
    <AUST_VENDITE>20,000000</AUST_VENDITE>
    <BRNN_VENDITE>1169,300000</BRNN_VENDITE>
    <COAC_VENDITE>0,000000</COAC_VENDITE>
    <CORS_VENDITE>0,000000</CORS_VENDITE>
    <FOGN_VENDITE>1,934000</FOGN_VENDITE>
    <FRAN_VENDITE>99,000000</FRAN_VENDITE>
    <GREC_VENDITE>349,000000</GREC_VENDITE>
    <MFTV_VENDITE>0,000000</MFTV_VENDITE>
    <PRGP_VENDITE>0,000000</PRGP_VENDITE>
    <ROSN_VENDITE>26,745000</ROSN_VENDITE>
    <SLOV_VENDITE>0,000000</SLOV_VENDITE>
    <SVIZ_VENDITE>2630,000000</SVIZ_VENDITE>
    <BSP_VENDITE>571,000000</BSP_VENDITE>
    <MALT_VENDITE>0,000000</MALT_VENDITE>
    <XAUS_VENDITE>258,000000</XAUS_VENDITE>
    <XFRA_VENDITE>2661,000000</XFRA_VENDITE>
    <TOTITABSP_VENDITE>24738,359</TOTITABSP_VENDITE>
    <TOTITABSP_ACQUISTI>27657,359</TOTITABSP_ACQUISTI>
  </Quantita>
  <Quantita>
    <Data>20180414</Data>
    <Mercato>MGP</Mercato>
    <Ora>2</Ora>
    <TOTALE_ACQUISTI>25949,39</TOTALE_ACQUISTI>
    <NAT_ACQUISTI>26024,390000</NAT_ACQUISTI>
    <CNOR_ACQUISTI>2646,336000</CNOR_ACQUISTI>
    <CSUD_ACQUISTI>3871,746000</CSUD_ACQUISTI>
    <NORD_ACQUISTI>14555,674000</NORD_ACQUISTI>
    <SARD_ACQUISTI>800,695000</SARD_ACQUISTI>
    <SICI_ACQUISTI>1493,104000</SICI_ACQUISTI>
    <SUD_ACQUISTI>2013,835000</SUD_ACQUISTI>
    <AUST_ACQUISTI>0,000000</AUST_ACQUISTI>
    <BRNN_ACQUISTI>0,000000</BRNN_ACQUISTI>
    <COAC_ACQUISTI>62,000000</COAC_ACQUISTI>
    <CORS_ACQUISTI>39,000000</CORS_ACQUISTI>
    <FOGN_ACQUISTI>0,000000</FOGN_ACQUISTI>
    <FRAN_ACQUISTI>0,000000</FRAN_ACQUISTI>
    <GREC_ACQUISTI>362,000000</GREC_ACQUISTI>
    <MFTV_ACQUISTI>0,000000</MFTV_ACQUISTI>
    <PRGP_ACQUISTI>0,000000</PRGP_ACQUISTI>
    <ROSN_ACQUISTI>0,000000</ROSN_ACQUISTI>
    <SLOV_ACQUISTI>0,000000</SLOV_ACQUISTI>
    <SVIZ_ACQUISTI>0,000000</SVIZ_ACQUISTI>
    <BSP_ACQUISTI>0,000000</BSP_ACQUISTI>
    <MALT_ACQUISTI>105,000000</MALT_ACQUISTI>
    <XAUS_ACQUISTI>0,000000</XAUS_ACQUISTI>
    <XFRA_ACQUISTI>0,000000</XFRA_ACQUISTI>
    <TOTALE_VENDITE>22459,39</TOTALE_VENDITE>
    <NAT_VENDITE>26024,390000</NAT_VENDITE>
    <CNOR_VENDITE>2112,800000</CNOR_VENDITE>
    <CSUD_VENDITE>1926,272000</CSUD_VENDITE>
    <NORD_VENDITE>11250,210000</NORD_VENDITE>
    <SARD_VENDITE>1019,046000</SARD_VENDITE>
    <SICI_VENDITE>1061,315000</SICI_VENDITE>
    <SUD_VENDITE>976,529000</SUD_VENDITE>
    <AUST_VENDITE>20,000000</AUST_VENDITE>
    <BRNN_VENDITE>961,848000</BRNN_VENDITE>
    <COAC_VENDITE>0,000000</COAC_VENDITE>
    <CORS_VENDITE>0,000000</CORS_VENDITE>
    <FOGN_VENDITE>2,571000</FOGN_VENDITE>
    <FRAN_VENDITE>99,000000</FRAN_VENDITE>
    <GREC_VENDITE>370,000000</GREC_VENDITE>
    <MFTV_VENDITE>0,000000</MFTV_VENDITE>
    <PRGP_VENDITE>0,000000</PRGP_VENDITE>
    <ROSN_VENDITE>29,799000</ROSN_VENDITE>
    <SLOV_VENDITE>0,000000</SLOV_VENDITE>
    <SVIZ_VENDITE>2630,000000</SVIZ_VENDITE>
    <BSP_VENDITE>571,000000</BSP_VENDITE>
    <MALT_VENDITE>0,000000</MALT_VENDITE>
    <XAUS_VENDITE>258,000000</XAUS_VENDITE>
    <XFRA_VENDITE>2661,000000</XFRA_VENDITE>
    <TOTITABSP_VENDITE>23030,39</TOTITABSP_VENDITE>
    <TOTITABSP_ACQUISTI>25949,39</TOTITABSP_ACQUISTI>
  </Quantita>
  <Quantita>
    <Data>20180414</Data>
    <Mercato>MGP</Mercato>
    <Ora>3</Ora>
    <TOTALE_ACQUISTI>25044,455</TOTALE_ACQUISTI>
    <NAT_ACQUISTI>25194,455000</NAT_ACQUISTI>
    <CNOR_ACQUISTI>2568,481000</CNOR_ACQUISTI>
    <CSUD_ACQUISTI>3704,421000</CSUD_ACQUISTI>
    <NORD_ACQUISTI>14133,030000</NORD_ACQUISTI>
    <SARD_ACQUISTI>781,924000</SARD_ACQUISTI>
    <SICI_ACQUISTI>1428,065000</SICI_ACQUISTI>
    <SUD_ACQUISTI>1945,534000</SUD_ACQUISTI>
    <AUST_ACQUISTI>0,000000</AUST_ACQUISTI>
    <BRNN_ACQUISTI>0,000000</BRNN_ACQUISTI>
    <COAC_ACQUISTI>46,000000</COAC_ACQUISTI>
    <CORS_ACQUISTI>29,000000</CORS_ACQUISTI>
    <FOGN_ACQUISTI>0,000000</FOGN_ACQUISTI>
    <FRAN_ACQUISTI>0,000000</FRAN_ACQUISTI>
    <GREC_ACQUISTI>309,000000</GREC_ACQUISTI>
    <MFTV_ACQUISTI>0,000000</MFTV_ACQUISTI>
    <PRGP_ACQUISTI>0,000000</PRGP_ACQUISTI>
    <ROSN_ACQUISTI>0,000000</ROSN_ACQUISTI>
    <SLOV_ACQUISTI>0,000000</SLOV_ACQUISTI>
    <SVIZ_ACQUISTI>0,000000</SVIZ_ACQUISTI>
    <BSP_ACQUISTI>0,000000</BSP_ACQUISTI>
    <MALT_ACQUISTI>99,000000</MALT_ACQUISTI>
    <XAUS_ACQUISTI>0,000000</XAUS_ACQUISTI>
    <XFRA_ACQUISTI>0,000000</XFRA_ACQUISTI>
    <TOTALE_VENDITE>21554,455</TOTALE_VENDITE>
    <NAT_VENDITE>25194,455000</NAT_VENDITE>
    <CNOR_VENDITE>1917,803000</CNOR_VENDITE>
    <CSUD_VENDITE>1416,031000</CSUD_VENDITE>
    <NORD_VENDITE>10944,708000</NORD_VENDITE>
    <SARD_VENDITE>1020,895000</SARD_VENDITE>
    <SICI_VENDITE>1106,635000</SICI_VENDITE>
    <SUD_VENDITE>1012,059000</SUD_VENDITE>
    <AUST_VENDITE>20,000000</AUST_VENDITE>
    <BRNN_VENDITE>964,971000</BRNN_VENDITE>
    <COAC_VENDITE>0,000000</COAC_VENDITE>
    <CORS_VENDITE>0,000000</CORS_VENDITE>
    <FOGN_VENDITE>3,087000</FOGN_VENDITE>
    <FRAN_VENDITE>99,000000</FRAN_VENDITE>
    <GREC_VENDITE>387,000000</GREC_VENDITE>
    <MFTV_VENDITE>0,000000</MFTV_VENDITE>
    <PRGP_VENDITE>0,000000</PRGP_VENDITE>
    <ROSN_VENDITE>32,266000</ROSN_VENDITE>
    <SLOV_VENDITE>0,000000</SLOV_VENDITE>
    <SVIZ_VENDITE>2630,000000</SVIZ_VENDITE>
    <BSP_VENDITE>571,000000</BSP_VENDITE>
    <MALT_VENDITE>0,000000</MALT_VENDITE>
    <XAUS_VENDITE>258,000000</XAUS_VENDITE>
    <XFRA_VENDITE>2661,000000</XFRA_VENDITE>
    <TOTITABSP_VENDITE>22125,455</TOTITABSP_VENDITE>
    <TOTITABSP_ACQUISTI>25044,455</TOTITABSP_ACQUISTI>
  </Quantita>
  <Quantita>
    <Data>20180414</Data>
    <Mercato>MGP</Mercato>
    <Ora>4</Ora>
    <TOTALE_ACQUISTI>24611,134</TOTALE_ACQUISTI>
    <NAT_ACQUISTI>24756,225000</NAT_ACQUISTI>
    <CNOR_ACQUISTI>2523,391000</CNOR_ACQUISTI>
    <CSUD_ACQUISTI>3631,725000</CSUD_ACQUISTI>
    <NORD_ACQUISTI>13881,717000</NORD_ACQUISTI>
    <SARD_ACQUISTI>773,883000</SARD_ACQUISTI>
    <SICI_ACQUISTI>1398,536000</SICI_ACQUISTI>
    <SUD_ACQUISTI>1916,973000</SUD_ACQUISTI>
    <AUST_ACQUISTI>0,000000</AUST_ACQUISTI>
    <BRNN_ACQUISTI>0,000000</BRNN_ACQUISTI>
    <COAC_ACQUISTI>36,000000</COAC_ACQUISTI>
    <CORS_ACQUISTI>29,000000</CORS_ACQUISTI>
    <FOGN_ACQUISTI>0,000000</FOGN_ACQUISTI>
    <FRAN_ACQUISTI>0,000000</FRAN_ACQUISTI>
    <GREC_ACQUISTI>323,909000</GREC_ACQUISTI>
    <MFTV_ACQUISTI>0,000000</MFTV_ACQUISTI>
    <PRGP_ACQUISTI>0,000000</PRGP_ACQUISTI>
    <ROSN_ACQUISTI>0,000000</ROSN_ACQUISTI>
    <SLOV_ACQUISTI>0,000000</SLOV_ACQUISTI>
    <SVIZ_ACQUISTI>0,000000</SVIZ_ACQUISTI>
    <BSP_ACQUISTI>0,000000</BSP_ACQUISTI>
    <MALT_ACQUISTI>96,000000</MALT_ACQUISTI>
    <XAUS_ACQUISTI>0,000000</XAUS_ACQUISTI>
    <XFRA_ACQUISTI>0,000000</XFRA_ACQUISTI>
    <TOTALE_VENDITE>20937,134</TOTALE_VENDITE>
    <NAT_VENDITE>24756,225000</NAT_VENDITE>
    <CNOR_VENDITE>1839,553000</CNOR_VENDITE>
    <CSUD_VENDITE>1182,825000</CSUD_VENDITE>
    <NORD_VENDITE>10420,555000</NORD_VENDITE>
    <SARD_VENDITE>1036,152000</SARD_VENDITE>
    <SICI_VENDITE>1161,347000</SICI_VENDITE>
    <SUD_VENDITE>1028,083000</SUD_VENDITE>
    <AUST_VENDITE>20,000000</AUST_VENDITE>
    <BRNN_VENDITE>968,662000</BRNN_VENDITE>
    <COAC_VENDITE>0,000000</COAC_VENDITE>
    <CORS_VENDITE>0,000000</CORS_VENDITE>
    <FOGN_VENDITE>3,140000</FOGN_VENDITE>
    <FRAN_VENDITE>99,000000</FRAN_VENDITE>
    <GREC_VENDITE>392,000000</GREC_VENDITE>
    <MFTV_VENDITE>0,000000</MFTV_VENDITE>
    <PRGP_VENDITE>0,000000</PRGP_VENDITE>
    <ROSN_VENDITE>33,817000</ROSN_VENDITE>
    <SLOV_VENDITE>0,000000</SLOV_VENDITE>
    <SVIZ_VENDITE>2752,000000</SVIZ_VENDITE>
    <BSP_VENDITE>601,000000</BSP_VENDITE>
    <MALT_VENDITE>0,000000</MALT_VENDITE>
    <XAUS_VENDITE>268,000000</XAUS_VENDITE>
    <XFRA_VENDITE>2805,000000</XFRA_VENDITE>
    <TOTITABSP_VENDITE>21538,134</TOTITABSP_VENDITE>
    <TOTITABSP_ACQUISTI>24611,134</TOTITABSP_ACQUISTI>
  </Quantita>
  <Quantita>
    <Data>20180414</Data>
    <Mercato>MGP</Mercato>
    <Ora>5</Ora>
    <TOTALE_ACQUISTI>24634,633</TOTALE_ACQUISTI>
    <NAT_ACQUISTI>24664,313000</NAT_ACQUISTI>
    <CNOR_ACQUISTI>2466,215000</CNOR_ACQUISTI>
    <CSUD_ACQUISTI>3581,479000</CSUD_ACQUISTI>
    <NORD_ACQUISTI>13869,972000</NORD_ACQUISTI>
    <SARD_ACQUISTI>773,769000</SARD_ACQUISTI>
    <SICI_ACQUISTI>1397,790000</SICI_ACQUISTI>
    <SUD_ACQUISTI>1918,088000</SUD_ACQUISTI>
    <AUST_ACQUISTI>0,000000</AUST_ACQUISTI>
    <BRNN_ACQUISTI>0,000000</BRNN_ACQUISTI>
    <COAC_ACQUISTI>28,000000</COAC_ACQUISTI>
    <CORS_ACQUISTI>29,000000</CORS_ACQUISTI>
    <FOGN_ACQUISTI>0,000000</FOGN_ACQUISTI>
    <FRAN_ACQUISTI>0,000000</FRAN_ACQUISTI>
    <GREC_ACQUISTI>469,320000</GREC_ACQUISTI>
    <MFTV_ACQUISTI>0,000000</MFTV_ACQUISTI>
    <PRGP_ACQUISTI>0,000000</PRGP_ACQUISTI>
    <ROSN_ACQUISTI>0,000000</ROSN_ACQUISTI>
    <SLOV_ACQUISTI>0,000000</SLOV_ACQUISTI>
    <SVIZ_ACQUISTI>0,000000</SVIZ_ACQUISTI>
    <BSP_ACQUISTI>0,000000</BSP_ACQUISTI>
    <MALT_ACQUISTI>101,000000</MALT_ACQUISTI>
    <XAUS_ACQUISTI>0,000000</XAUS_ACQUISTI>
    <XFRA_ACQUISTI>0,000000</XFRA_ACQUISTI>
    <TOTALE_VENDITE>20960,633</TOTALE_VENDITE>
    <NAT_VENDITE>24664,313000</NAT_VENDITE>
    <CNOR_VENDITE>1748,546000</CNOR_VENDITE>
    <CSUD_VENDITE>1175,011000</CSUD_VENDITE>
    <NORD_VENDITE>10442,641000</NORD_VENDITE>
    <SARD_VENDITE>1047,179000</SARD_VENDITE>
    <SICI_VENDITE>1210,414000</SICI_VENDITE>
    <SUD_VENDITE>1065,099000</SUD_VENDITE>
    <AUST_VENDITE>20,000000</AUST_VENDITE>
    <BRNN_VENDITE>972,390000</BRNN_VENDITE>
    <COAC_VENDITE>0,000000</COAC_VENDITE>
    <CORS_VENDITE>0,000000</CORS_VENDITE>
    <FOGN_VENDITE>2,002000</FOGN_VENDITE>
    <FRAN_VENDITE>99,000000</FRAN_VENDITE>
    <GREC_VENDITE>390,000000</GREC_VENDITE>
    <MFTV_VENDITE>0,000000</MFTV_VENDITE>
    <PRGP_VENDITE>0,000000</PRGP_VENDITE>
    <ROSN_VENDITE>36,351000</ROSN_VENDITE>
    <SLOV_VENDITE>0,000000</SLOV_VENDITE>
    <SVIZ_VENDITE>2752,000000</SVIZ_VENDITE>
    <BSP_VENDITE>601,000000</BSP_VENDITE>
    <MALT_VENDITE>0,000000</MALT_VENDITE>
    <XAUS_VENDITE>268,000000</XAUS_VENDITE>
    <XFRA_VENDITE>2805,000000</XFRA_VENDITE>
    <TOTITABSP_VENDITE>21561,633</TOTITABSP_VENDITE>
    <TOTITABSP_ACQUISTI>24634,633</TOTITABSP_ACQUISTI>
  </Quantita>
  <Quantita>
    <Data>20180414</Data>
    <Mercato>MGP</Mercato>
    <Ora>6</Ora>
    <TOTALE_ACQUISTI>25098,759</TOTALE_ACQUISTI>
    <NAT_ACQUISTI>25154,989000</NAT_ACQUISTI>
    <CNOR_ACQUISTI>2497,579000</CNOR_ACQUISTI>
    <CSUD_ACQUISTI>3665,200000</CSUD_ACQUISTI>
    <NORD_ACQUISTI>14110,695000</NORD_ACQUISTI>
    <SARD_ACQUISTI>788,270000</SARD_ACQUISTI>
    <SICI_ACQUISTI>1441,455000</SICI_ACQUISTI>
    <SUD_ACQUISTI>1977,790000</SUD_ACQUISTI>
    <AUST_ACQUISTI>0,000000</AUST_ACQUISTI>
    <BRNN_ACQUISTI>0,000000</BRNN_ACQUISTI>
    <COAC_ACQUISTI>28,000000</COAC_ACQUISTI>
    <CORS_ACQUISTI>29,000000</CORS_ACQUISTI>
    <FOGN_ACQUISTI>0,000000</FOGN_ACQUISTI>
    <FRAN_ACQUISTI>0,000000</FRAN_ACQUISTI>
    <GREC_ACQUISTI>447,770000</GREC_ACQUISTI>
    <MFTV_ACQUISTI>0,000000</MFTV_ACQUISTI>
    <PRGP_ACQUISTI>0,000000</PRGP_ACQUISTI>
    <ROSN_ACQUISTI>0,000000</ROSN_ACQUISTI>
    <SLOV_ACQUISTI>0,000000</SLOV_ACQUISTI>
    <SVIZ_ACQUISTI>0,000000</SVIZ_ACQUISTI>
    <BSP_ACQUISTI>0,000000</BSP_ACQUISTI>
    <MALT_ACQUISTI>113,000000</MALT_ACQUISTI>
    <XAUS_ACQUISTI>0,000000</XAUS_ACQUISTI>
    <XFRA_ACQUISTI>0,000000</XFRA_ACQUISTI>
    <TOTALE_VENDITE>21424,759</TOTALE_VENDITE>
    <NAT_VENDITE>25154,989000</NAT_VENDITE>
    <CNOR_VENDITE>1739,529000</CNOR_VENDITE>
    <CSUD_VENDITE>1212,324000</CSUD_VENDITE>
    <NORD_VENDITE>10723,745000</NORD_VENDITE>
    <SARD_VENDITE>1068,717000</SARD_VENDITE>
    <SICI_VENDITE>1308,211000</SICI_VENDITE>
    <SUD_VENDITE>1113,438000</SUD_VENDITE>
    <AUST_VENDITE>20,000000</AUST_VENDITE>
    <BRNN_VENDITE>976,471000</BRNN_VENDITE>
    <COAC_VENDITE>0,000000</COAC_VENDITE>
    <CORS_VENDITE>0,000000</CORS_VENDITE>
    <FOGN_VENDITE>3,524000</FOGN_VENDITE>
    <FRAN_VENDITE>99,000000</FRAN_VENDITE>
    <GREC_VENDITE>368,000000</GREC_VENDITE>
    <MFTV_VENDITE>0,000000</MFTV_VENDITE>
    <PRGP_VENDITE>0,000000</PRGP_VENDITE>
    <ROSN_VENDITE>39,800000</ROSN_VENDITE>
    <SLOV_VENDITE>0,000000</SLOV_VENDITE>
    <SVIZ_VENDITE>2752,000000</SVIZ_VENDITE>
    <BSP_VENDITE>601,000000</BSP_VENDITE>
    <MALT_VENDITE>0,000000</MALT_VENDITE>
    <XAUS_VENDITE>268,000000</XAUS_VENDITE>
    <XFRA_VENDITE>2805,000000</XFRA_VENDITE>
    <TOTITABSP_VENDITE>22025,759</TOTITABSP_VENDITE>
    <TOTITABSP_ACQUISTI>25098,759</TOTITABSP_ACQUISTI>
  </Quantita>
  <Quantita>
    <Data>20180414</Data>
    <Mercato>MGP</Mercato>
    <Ora>7</Ora>
    <TOTALE_ACQUISTI>26582,758</TOTALE_ACQUISTI>
    <NAT_ACQUISTI>26735,758000</NAT_ACQUISTI>
    <CNOR_ACQUISTI>2644,987000</CNOR_ACQUISTI>
    <CSUD_ACQUISTI>3859,314000</CSUD_ACQUISTI>
    <NORD_ACQUISTI>15095,564000</NORD_ACQUISTI>
    <SARD_ACQUISTI>847,044000</SARD_ACQUISTI>
    <SICI_ACQUISTI>1509,128000</SICI_ACQUISTI>
    <SUD_ACQUISTI>2059,721000</SUD_ACQUISTI>
    <AUST_ACQUISTI>0,000000</AUST_ACQUISTI>
    <BRNN_ACQUISTI>0,000000</BRNN_ACQUISTI>
    <COAC_ACQUISTI>38,000000</COAC_ACQUISTI>
    <CORS_ACQUISTI>29,000000</CORS_ACQUISTI>
    <FOGN_ACQUISTI>0,000000</FOGN_ACQUISTI>
    <FRAN_ACQUISTI>0,000000</FRAN_ACQUISTI>
    <GREC_ACQUISTI>365,000000</GREC_ACQUISTI>
    <MFTV_ACQUISTI>0,000000</MFTV_ACQUISTI>
    <PRGP_ACQUISTI>0,000000</PRGP_ACQUISTI>
    <ROSN_ACQUISTI>0,000000</ROSN_ACQUISTI>
    <SLOV_ACQUISTI>0,000000</SLOV_ACQUISTI>
    <SVIZ_ACQUISTI>0,000000</SVIZ_ACQUISTI>
    <BSP_ACQUISTI>0,000000</BSP_ACQUISTI>
    <MALT_ACQUISTI>135,000000</MALT_ACQUISTI>
    <XAUS_ACQUISTI>0,000000</XAUS_ACQUISTI>
    <XFRA_ACQUISTI>0,000000</XFRA_ACQUISTI>
    <TOTALE_VENDITE>22635,758</TOTALE_VENDITE>
    <NAT_VENDITE>26735,758000</NAT_VENDITE>
    <CNOR_VENDITE>1777,642000</CNOR_VENDITE>
    <CSUD_VENDITE>1511,251000</CSUD_VENDITE>
    <NORD_VENDITE>11357,909000</NORD_VENDITE>
    <SARD_VENDITE>1078,410000</SARD_VENDITE>
    <SICI_VENDITE>1305,325000</SICI_VENDITE>
    <SUD_VENDITE>1075,170000</SUD_VENDITE>
    <AUST_VENDITE>20,000000</AUST_VENDITE>
    <BRNN_VENDITE>1083,890000</BRNN_VENDITE>
    <COAC_VENDITE>0,000000</COAC_VENDITE>
    <CORS_VENDITE>0,000000</CORS_VENDITE>
    <FOGN_VENDITE>3,725000</FOGN_VENDITE>
    <FRAN_VENDITE>99,000000</FRAN_VENDITE>
    <GREC_VENDITE>340,000000</GREC_VENDITE>
    <MFTV_VENDITE>0,000000</MFTV_VENDITE>
    <PRGP_VENDITE>0,083000</PRGP_VENDITE>
    <ROSN_VENDITE>44,353000</ROSN_VENDITE>
    <SLOV_VENDITE>0,000000</SLOV_VENDITE>
    <SVIZ_VENDITE>2939,000000</SVIZ_VENDITE>
    <BSP_VENDITE>647,000000</BSP_VENDITE>
    <MALT_VENDITE>0,000000</MALT_VENDITE>
    <XAUS_VENDITE>284,000000</XAUS_VENDITE>
    <XFRA_VENDITE>3016,000000</XFRA_VENDITE>
    <TOTITABSP_VENDITE>23282,758</TOTITABSP_VENDITE>
    <TOTITABSP_ACQUISTI>26582,758</TOTITABSP_ACQUISTI>
  </Quantita>
  <Quantita>
    <Data>20180414</Data>
    <Mercato>MGP</Mercato>
    <Ora>8</Ora>
    <TOTALE_ACQUISTI>28765,325</TOTALE_ACQUISTI>
    <NAT_ACQUISTI>28765,325000</NAT_ACQUISTI>
    <CNOR_ACQUISTI>2941,490000</CNOR_ACQUISTI>
    <CSUD_ACQUISTI>4282,032000</CSUD_ACQUISTI>
    <NORD_ACQUISTI>16274,359000</NORD_ACQUISTI>
    <SARD_ACQUISTI>922,436000</SARD_ACQUISTI>
    <SICI_ACQUISTI>1699,851000</SICI_ACQUISTI>
    <SUD_ACQUISTI>2336,157000</SUD_ACQUISTI>
    <AUST_ACQUISTI>0,000000</AUST_ACQUISTI>
    <BRNN_ACQUISTI>0,000000</BRNN_ACQUISTI>
    <COAC_ACQUISTI>30,000000</COAC_ACQUISTI>
    <CORS_ACQUISTI>29,000000</CORS_ACQUISTI>
    <FOGN_ACQUISTI>0,000000</FOGN_ACQUISTI>
    <FRAN_ACQUISTI>0,000000</FRAN_ACQUISTI>
    <GREC_ACQUISTI>93,000000</GREC_ACQUISTI>
    <MFTV_ACQUISTI>0,000000</MFTV_ACQUISTI>
    <PRGP_ACQUISTI>0,000000</PRGP_ACQUISTI>
    <ROSN_ACQUISTI>0,000000</ROSN_ACQUISTI>
    <SLOV_ACQUISTI>0,000000</SLOV_ACQUISTI>
    <SVIZ_ACQUISTI>0,000000</SVIZ_ACQUISTI>
    <BSP_ACQUISTI>0,000000</BSP_ACQUISTI>
    <MALT_ACQUISTI>157,000000</MALT_ACQUISTI>
    <XAUS_ACQUISTI>0,000000</XAUS_ACQUISTI>
    <XFRA_ACQUISTI>0,000000</XFRA_ACQUISTI>
    <TOTALE_VENDITE>25595,325</TOTALE_VENDITE>
    <NAT_VENDITE>28765,325000</NAT_VENDITE>
    <CNOR_VENDITE>1975,079000</CNOR_VENDITE>
    <CSUD_VENDITE>1554,168000</CSUD_VENDITE>
    <NORD_VENDITE>13151,770000</NORD_VENDITE>
    <SARD_VENDITE>1105,263000</SARD_VENDITE>
    <SICI_VENDITE>1434,131000</SICI_VENDITE>
    <SUD_VENDITE>1331,830000</SUD_VENDITE>
    <AUST_VENDITE>20,000000</AUST_VENDITE>
    <BRNN_VENDITE>1078,908000</BRNN_VENDITE>
    <COAC_VENDITE>0,000000</COAC_VENDITE>
    <CORS_VENDITE>0,000000</CORS_VENDITE>
    <FOGN_VENDITE>54,624000</FOGN_VENDITE>
    <FRAN_VENDITE>99,000000</FRAN_VENDITE>
    <GREC_VENDITE>473,000000</GREC_VENDITE>
    <MFTV_VENDITE>0,000000</MFTV_VENDITE>
    <PRGP_VENDITE>0,915000</PRGP_VENDITE>
    <ROSN_VENDITE>116,637000</ROSN_VENDITE>
    <SLOV_VENDITE>0,000000</SLOV_VENDITE>
    <SVIZ_VENDITE>3200,000000</SVIZ_VENDITE>
    <BSP_VENDITE>571,000000</BSP_VENDITE>
    <MALT_VENDITE>0,000000</MALT_VENDITE>
    <XAUS_VENDITE>237,000000</XAUS_VENDITE>
    <XFRA_VENDITE>2362,000000</XFRA_VENDITE>
    <TOTITABSP_VENDITE>26166,325</TOTITABSP_VENDITE>
    <TOTITABSP_ACQUISTI>28765,325</TOTITABSP_ACQUISTI>
  </Quantita>
  <Quantita>
    <Data>20180414</Data>
    <Mercato>MGP</Mercato>
    <Ora>9</Ora>
    <TOTALE_ACQUISTI>31217,79</TOTALE_ACQUISTI>
    <NAT_ACQUISTI>31217,790000</NAT_ACQUISTI>
    <CNOR_ACQUISTI>3201,800000</CNOR_ACQUISTI>
    <CSUD_ACQUISTI>4752,983000</CSUD_ACQUISTI>
    <NORD_ACQUISTI>17667,464000</NORD_ACQUISTI>
    <SARD_ACQUISTI>998,147000</SARD_ACQUISTI>
    <SICI_ACQUISTI>1893,920000</SICI_ACQUISTI>
    <SUD_ACQUISTI>2497,476000</SUD_ACQUISTI>
    <AUST_ACQUISTI>0,000000</AUST_ACQUISTI>
    <BRNN_ACQUISTI>0,000000</BRNN_ACQUISTI>
    <COAC_ACQUISTI>25,000000</COAC_ACQUISTI>
    <CORS_ACQUISTI>5,000000</CORS_ACQUISTI>
    <FOGN_ACQUISTI>0,000000</FOGN_ACQUISTI>
    <FRAN_ACQUISTI>0,000000</FRAN_ACQUISTI>
    <GREC_ACQUISTI>15,000000</GREC_ACQUISTI>
    <MFTV_ACQUISTI>0,000000</MFTV_ACQUISTI>
    <PRGP_ACQUISTI>0,000000</PRGP_ACQUISTI>
    <ROSN_ACQUISTI>0,000000</ROSN_ACQUISTI>
    <SLOV_ACQUISTI>0,000000</SLOV_ACQUISTI>
    <SVIZ_ACQUISTI>0,000000</SVIZ_ACQUISTI>
    <BSP_ACQUISTI>0,000000</BSP_ACQUISTI>
    <MALT_ACQUISTI>161,000000</MALT_ACQUISTI>
    <XAUS_ACQUISTI>0,000000</XAUS_ACQUISTI>
    <XFRA_ACQUISTI>0,000000</XFRA_ACQUISTI>
    <TOTALE_VENDITE>28892,79</TOTALE_VENDITE>
    <NAT_VENDITE>31217,790000</NAT_VENDITE>
    <CNOR_VENDITE>2178,300000</CNOR_VENDITE>
    <CSUD_VENDITE>2749,457000</CSUD_VENDITE>
    <NORD_VENDITE>14492,445000</NORD_VENDITE>
    <SARD_VENDITE>1152,756000</SARD_VENDITE>
    <SICI_VENDITE>1659,939000</SICI_VENDITE>
    <SUD_VENDITE>1870,713000</SUD_VENDITE>
    <AUST_VENDITE>20,000000</AUST_VENDITE>
    <BRNN_VENDITE>1272,177000</BRNN_VENDITE>
    <COAC_VENDITE>0,000000</COAC_VENDITE>
    <CORS_VENDITE>0,000000</CORS_VENDITE>
    <FOGN_VENDITE>107,427000</FOGN_VENDITE>
    <FRAN_VENDITE>99,000000</FRAN_VENDITE>
    <GREC_VENDITE>467,000000</GREC_VENDITE>
    <MFTV_VENDITE>0,000000</MFTV_VENDITE>
    <PRGP_VENDITE>2,180000</PRGP_VENDITE>
    <ROSN_VENDITE>275,396000</ROSN_VENDITE>
    <SLOV_VENDITE>0,000000</SLOV_VENDITE>
    <SVIZ_VENDITE>2546,000000</SVIZ_VENDITE>
    <BSP_VENDITE>423,000000</BSP_VENDITE>
    <MALT_VENDITE>0,000000</MALT_VENDITE>
    <XAUS_VENDITE>173,000000</XAUS_VENDITE>
    <XFRA_VENDITE>1729,000000</XFRA_VENDITE>
    <TOTITABSP_VENDITE>29315,79</TOTITABSP_VENDITE>
    <TOTITABSP_ACQUISTI>31217,79</TOTITABSP_ACQUISTI>
  </Quantita>
  <Quantita>
    <Data>20180414</Data>
    <Mercato>MGP</Mercato>
    <Ora>10</Ora>
    <TOTALE_ACQUISTI>32052,668</TOTALE_ACQUISTI>
    <NAT_ACQUISTI>32052,668000</NAT_ACQUISTI>
    <CNOR_ACQUISTI>3317,311000</CNOR_ACQUISTI>
    <CSUD_ACQUISTI>5006,901000</CSUD_ACQUISTI>
    <NORD_ACQUISTI>17989,888000</NORD_ACQUISTI>
    <SARD_ACQUISTI>1003,325000</SARD_ACQUISTI>
    <SICI_ACQUISTI>1982,792000</SICI_ACQUISTI>
    <SUD_ACQUISTI>2518,451000</SUD_ACQUISTI>
    <AUST_ACQUISTI>0,000000</AUST_ACQUISTI>
    <BRNN_ACQUISTI>0,000000</BRNN_ACQUISTI>
    <COAC_ACQUISTI>54,000000</COAC_ACQUISTI>
    <CORS_ACQUISTI>5,000000</CORS_ACQUISTI>
    <FOGN_ACQUISTI>0,000000</FOGN_ACQUISTI>
    <FRAN_ACQUISTI>0,000000</FRAN_ACQUISTI>
    <GREC_ACQUISTI>15,000000</GREC_ACQUISTI>
    <MFTV_ACQUISTI>0,000000</MFTV_ACQUISTI>
    <PRGP_ACQUISTI>0,000000</PRGP_ACQUISTI>
    <ROSN_ACQUISTI>0,000000</ROSN_ACQUISTI>
    <SLOV_ACQUISTI>0,000000</SLOV_ACQUISTI>
    <SVIZ_ACQUISTI>0,000000</SVIZ_ACQUISTI>
    <BSP_ACQUISTI>0,000000</BSP_ACQUISTI>
    <MALT_ACQUISTI>160,000000</MALT_ACQUISTI>
    <XAUS_ACQUISTI>0,000000</XAUS_ACQUISTI>
    <XFRA_ACQUISTI>0,000000</XFRA_ACQUISTI>
    <TOTALE_VENDITE>30453,668</TOTALE_VENDITE>
    <NAT_VENDITE>32052,668000</NAT_VENDITE>
    <CNOR_VENDITE>2471,165000</CNOR_VENDITE>
    <CSUD_VENDITE>3259,526000</CSUD_VENDITE>
    <NORD_VENDITE>15125,237000</NORD_VENDITE>
    <SARD_VENDITE>1204,962000</SARD_VENDITE>
    <SICI_VENDITE>1840,425000</SICI_VENDITE>
    <SUD_VENDITE>2353,939000</SUD_VENDITE>
    <AUST_VENDITE>20,000000</AUST_VENDITE>
    <BRNN_VENDITE>1302,926000</BRNN_VENDITE>
    <COAC_VENDITE>0,000000</COAC_VENDITE>
    <CORS_VENDITE>0,000000</CORS_VENDITE>
    <FOGN_VENDITE>110,122000</FOGN_VENDITE>
    <FRAN_VENDITE>99,000000</FRAN_VENDITE>
    <GREC_VENDITE>471,000000</GREC_VENDITE>
    <MFTV_VENDITE>0,000000</MFTV_VENDITE>
    <PRGP_VENDITE>3,582000</PRGP_VENDITE>
    <ROSN_VENDITE>420,784000</ROSN_VENDITE>
    <SLOV_VENDITE>0,000000</SLOV_VENDITE>
    <SVIZ_VENDITE>1771,000000</SVIZ_VENDITE>
    <BSP_VENDITE>298,000000</BSP_VENDITE>
    <MALT_VENDITE>0,000000</MALT_VENDITE>
    <XAUS_VENDITE>114,000000</XAUS_VENDITE>
    <XFRA_VENDITE>1187,000000</XFRA_VENDITE>
    <TOTITABSP_VENDITE>30751,668</TOTITABSP_VENDITE>
    <TOTITABSP_ACQUISTI>32052,668</TOTITABSP_ACQUISTI>
  </Quantita>
  <Quantita>
    <Data>20180414</Data>
    <Mercato>MGP</Mercato>
    <Ora>11</Ora>
    <TOTALE_ACQUISTI>31428,035</TOTALE_ACQUISTI>
    <NAT_ACQUISTI>31428,035000</NAT_ACQUISTI>
    <CNOR_ACQUISTI>3227,021000</CNOR_ACQUISTI>
    <CSUD_ACQUISTI>4992,359000</CSUD_ACQUISTI>
    <NORD_ACQUISTI>17533,980000</NORD_ACQUISTI>
    <SARD_ACQUISTI>956,470000</SARD_ACQUISTI>
    <SICI_ACQUISTI>1978,846000</SICI_ACQUISTI>
    <SUD_ACQUISTI>2474,359000</SUD_ACQUISTI>
    <AUST_ACQUISTI>0,000000</AUST_ACQUISTI>
    <BRNN_ACQUISTI>0,000000</BRNN_ACQUISTI>
    <COAC_ACQUISTI>59,000000</COAC_ACQUISTI>
    <CORS_ACQUISTI>5,000000</CORS_ACQUISTI>
    <FOGN_ACQUISTI>0,000000</FOGN_ACQUISTI>
    <FRAN_ACQUISTI>0,000000</FRAN_ACQUISTI>
    <GREC_ACQUISTI>55,000000</GREC_ACQUISTI>
    <MFTV_ACQUISTI>0,000000</MFTV_ACQUISTI>
    <PRGP_ACQUISTI>0,000000</PRGP_ACQUISTI>
    <ROSN_ACQUISTI>0,000000</ROSN_ACQUISTI>
    <SLOV_ACQUISTI>0,000000</SLOV_ACQUISTI>
    <SVIZ_ACQUISTI>0,000000</SVIZ_ACQUISTI>
    <BSP_ACQUISTI>0,000000</BSP_ACQUISTI>
    <MALT_ACQUISTI>146,000000</MALT_ACQUISTI>
    <XAUS_ACQUISTI>0,000000</XAUS_ACQUISTI>
    <XFRA_ACQUISTI>0,000000</XFRA_ACQUISTI>
    <TOTALE_VENDITE>30532,035</TOTALE_VENDITE>
    <NAT_VENDITE>31428,035000</NAT_VENDITE>
    <CNOR_VENDITE>2735,521000</CNOR_VENDITE>
    <CSUD_VENDITE>3024,583000</CSUD_VENDITE>
    <NORD_VENDITE>15374,700000</NORD_VENDITE>
    <SARD_VENDITE>1279,568000</SARD_VENDITE>
    <SICI_VENDITE>2022,389000</SICI_VENDITE>
    <SUD_VENDITE>2751,257000</SUD_VENDITE>
    <AUST_VENDITE>0,000000</AUST_VENDITE>
    <BRNN_VENDITE>1199,562000</BRNN_VENDITE>
    <COAC_VENDITE>0,000000</COAC_VENDITE>
    <CORS_VENDITE>0,000000</CORS_VENDITE>
    <FOGN_VENDITE>112,863000</FOGN_VENDITE>
    <FRAN_VENDITE>99,000000</FRAN_VENDITE>
    <GREC_VENDITE>499,000000</GREC_VENDITE>
    <MFTV_VENDITE>0,000000</MFTV_VENDITE>
    <PRGP_VENDITE>4,876000</PRGP_VENDITE>
    <ROSN_VENDITE>433,716000</ROSN_VENDITE>
    <SLOV_VENDITE>0,000000</SLOV_VENDITE>
    <SVIZ_VENDITE>995,000000</SVIZ_VENDITE>
    <BSP_VENDITE>173,000000</BSP_VENDITE>
    <MALT_VENDITE>0,000000</MALT_VENDITE>
    <XAUS_VENDITE>75,000000</XAUS_VENDITE>
    <XFRA_VENDITE>648,000000</XFRA_VENDITE>
    <TOTITABSP_VENDITE>30705,035</TOTITABSP_VENDITE>
    <TOTITABSP_ACQUISTI>31428,035</TOTITABSP_ACQUISTI>
  </Quantita>
  <Quantita>
    <Data>20180414</Data>
    <Mercato>MGP</Mercato>
    <Ora>12</Ora>
    <TOTALE_ACQUISTI>30516,25</TOTALE_ACQUISTI>
    <NAT_ACQUISTI>30516,250000</NAT_ACQUISTI>
    <CNOR_ACQUISTI>3123,583000</CNOR_ACQUISTI>
    <CSUD_ACQUISTI>4894,245000</CSUD_ACQUISTI>
    <NORD_ACQUISTI>16740,991000</NORD_ACQUISTI>
    <SARD_ACQUISTI>920,441000</SARD_ACQUISTI>
    <SICI_ACQUISTI>1917,905000</SICI_ACQUISTI>
    <SUD_ACQUISTI>2406,085000</SUD_ACQUISTI>
    <AUST_ACQUISTI>0,000000</AUST_ACQUISTI>
    <BRNN_ACQUISTI>0,000000</BRNN_ACQUISTI>
    <COAC_ACQUISTI>61,000000</COAC_ACQUISTI>
    <CORS_ACQUISTI>5,000000</CORS_ACQUISTI>
    <FOGN_ACQUISTI>0,000000</FOGN_ACQUISTI>
    <FRAN_ACQUISTI>0,000000</FRAN_ACQUISTI>
    <GREC_ACQUISTI>315,000000</GREC_ACQUISTI>
    <MFTV_ACQUISTI>0,000000</MFTV_ACQUISTI>
    <PRGP_ACQUISTI>0,000000</PRGP_ACQUISTI>
    <ROSN_ACQUISTI>0,000000</ROSN_ACQUISTI>
    <SLOV_ACQUISTI>0,000000</SLOV_ACQUISTI>
    <SVIZ_ACQUISTI>0,000000</SVIZ_ACQUISTI>
    <BSP_ACQUISTI>0,000000</BSP_ACQUISTI>
    <MALT_ACQUISTI>132,000000</MALT_ACQUISTI>
    <XAUS_ACQUISTI>0,000000</XAUS_ACQUISTI>
    <XFRA_ACQUISTI>0,000000</XFRA_ACQUISTI>
    <TOTALE_VENDITE>29620,25</TOTALE_VENDITE>
    <NAT_VENDITE>30516,250000</NAT_VENDITE>
    <CNOR_VENDITE>2801,766000</CNOR_VENDITE>
    <CSUD_VENDITE>2544,393000</CSUD_VENDITE>
    <NORD_VENDITE>14744,675000</NORD_VENDITE>
    <SARD_VENDITE>1342,396000</SARD_VENDITE>
    <SICI_VENDITE>2143,260000</SICI_VENDITE>
    <SUD_VENDITE>3181,494000</SUD_VENDITE>
    <AUST_VENDITE>0,000000</AUST_VENDITE>
    <BRNN_VENDITE>971,591000</BRNN_VENDITE>
    <COAC_VENDITE>0,000000</COAC_VENDITE>
    <CORS_VENDITE>0,000000</CORS_VENDITE>
    <FOGN_VENDITE>114,514000</FOGN_VENDITE>
    <FRAN_VENDITE>99,000000</FRAN_VENDITE>
    <GREC_VENDITE>230,000000</GREC_VENDITE>
    <MFTV_VENDITE>0,000000</MFTV_VENDITE>
    <PRGP_VENDITE>5,744000</PRGP_VENDITE>
    <ROSN_VENDITE>446,417000</ROSN_VENDITE>
    <SLOV_VENDITE>0,000000</SLOV_VENDITE>
    <SVIZ_VENDITE>995,000000</SVIZ_VENDITE>
    <BSP_VENDITE>173,000000</BSP_VENDITE>
    <MALT_VENDITE>0,000000</MALT_VENDITE>
    <XAUS_VENDITE>75,000000</XAUS_VENDITE>
    <XFRA_VENDITE>648,000000</XFRA_VENDITE>
    <TOTITABSP_VENDITE>29793,25</TOTITABSP_VENDITE>
    <TOTITABSP_ACQUISTI>30516,25</TOTITABSP_ACQUISTI>
  </Quantita>
  <Quantita>
    <Data>20180414</Data>
    <Mercato>MGP</Mercato>
    <Ora>13</Ora>
    <TOTALE_ACQUISTI>29254,083</TOTALE_ACQUISTI>
    <NAT_ACQUISTI>29254,083000</NAT_ACQUISTI>
    <CNOR_ACQUISTI>3036,813000</CNOR_ACQUISTI>
    <CSUD_ACQUISTI>4864,167000</CSUD_ACQUISTI>
    <NORD_ACQUISTI>15570,704000</NORD_ACQUISTI>
    <SARD_ACQUISTI>916,100000</SARD_ACQUISTI>
    <SICI_ACQUISTI>1904,192000</SICI_ACQUISTI>
    <SUD_ACQUISTI>2411,107000</SUD_ACQUISTI>
    <AUST_ACQUISTI>0,000000</AUST_ACQUISTI>
    <BRNN_ACQUISTI>0,000000</BRNN_ACQUISTI>
    <COAC_ACQUISTI>43,000000</COAC_ACQUISTI>
    <CORS_ACQUISTI>5,000000</CORS_ACQUISTI>
    <FOGN_ACQUISTI>0,000000</FOGN_ACQUISTI>
    <FRAN_ACQUISTI>0,000000</FRAN_ACQUISTI>
    <GREC_ACQUISTI>375,000000</GREC_ACQUISTI>
    <MFTV_ACQUISTI>0,000000</MFTV_ACQUISTI>
    <PRGP_ACQUISTI>0,000000</PRGP_ACQUISTI>
    <ROSN_ACQUISTI>0,000000</ROSN_ACQUISTI>
    <SLOV_ACQUISTI>0,000000</SLOV_ACQUISTI>
    <SVIZ_ACQUISTI>0,000000</SVIZ_ACQUISTI>
    <BSP_ACQUISTI>0,000000</BSP_ACQUISTI>
    <MALT_ACQUISTI>128,000000</MALT_ACQUISTI>
    <XAUS_ACQUISTI>0,000000</XAUS_ACQUISTI>
    <XFRA_ACQUISTI>0,000000</XFRA_ACQUISTI>
    <TOTALE_VENDITE>28874,443</TOTALE_VENDITE>
    <NAT_VENDITE>29254,083000</NAT_VENDITE>
    <CNOR_VENDITE>2765,003000</CNOR_VENDITE>
    <CSUD_VENDITE>2523,105000</CSUD_VENDITE>
    <NORD_VENDITE>13872,406000</NORD_VENDITE>
    <SARD_VENDITE>1386,808000</SARD_VENDITE>
    <SICI_VENDITE>2224,479000</SICI_VENDITE>
    <SUD_VENDITE>3291,723000</SUD_VENDITE>
    <AUST_VENDITE>0,000000</AUST_VENDITE>
    <BRNN_VENDITE>971,345000</BRNN_VENDITE>
    <COAC_VENDITE>0,000000</COAC_VENDITE>
    <CORS_VENDITE>0,000000</CORS_VENDITE>
    <FOGN_VENDITE>117,811000</FOGN_VENDITE>
    <FRAN_VENDITE>99,000000</FRAN_VENDITE>
    <GREC_VENDITE>165,000000</GREC_VENDITE>
    <MFTV_VENDITE>0,000000</MFTV_VENDITE>
    <PRGP_VENDITE>6,167000</PRGP_VENDITE>
    <ROSN_VENDITE>456,596000</ROSN_VENDITE>
    <SLOV_VENDITE>0,000000</SLOV_VENDITE>
    <SVIZ_VENDITE>995,000000</SVIZ_VENDITE>
    <BSP_VENDITE>173,000000</BSP_VENDITE>
    <MALT_VENDITE>0,000000</MALT_VENDITE>
    <XAUS_VENDITE>75,000000</XAUS_VENDITE>
    <XFRA_VENDITE>131,640000</XFRA_VENDITE>
    <TOTITABSP_VENDITE>29047,443</TOTITABSP_VENDITE>
    <TOTITABSP_ACQUISTI>29254,083</TOTITABSP_ACQUISTI>
  </Quantita>
  <Quantita>
    <Data>20180414</Data>
    <Mercato>MGP</Mercato>
    <Ora>14</Ora>
    <TOTALE_ACQUISTI>28306,541</TOTALE_ACQUISTI>
    <NAT_ACQUISTI>28306,541000</NAT_ACQUISTI>
    <CNOR_ACQUISTI>2876,410000</CNOR_ACQUISTI>
    <CSUD_ACQUISTI>4682,095000</CSUD_ACQUISTI>
    <NORD_ACQUISTI>15019,011000</NORD_ACQUISTI>
    <SARD_ACQUISTI>882,121000</SARD_ACQUISTI>
    <SICI_ACQUISTI>1830,112000</SICI_ACQUISTI>
    <SUD_ACQUISTI>2302,792000</SUD_ACQUISTI>
    <AUST_ACQUISTI>0,000000</AUST_ACQUISTI>
    <BRNN_ACQUISTI>0,000000</BRNN_ACQUISTI>
    <COAC_ACQUISTI>29,000000</COAC_ACQUISTI>
    <CORS_ACQUISTI>5,000000</CORS_ACQUISTI>
    <FOGN_ACQUISTI>0,000000</FOGN_ACQUISTI>
    <FRAN_ACQUISTI>0,000000</FRAN_ACQUISTI>
    <GREC_ACQUISTI>558,000000</GREC_ACQUISTI>
    <MFTV_ACQUISTI>0,000000</MFTV_ACQUISTI>
    <PRGP_ACQUISTI>0,000000</PRGP_ACQUISTI>
    <ROSN_ACQUISTI>0,000000</ROSN_ACQUISTI>
    <SLOV_ACQUISTI>0,000000</SLOV_ACQUISTI>
    <SVIZ_ACQUISTI>0,000000</SVIZ_ACQUISTI>
    <BSP_ACQUISTI>0,000000</BSP_ACQUISTI>
    <MALT_ACQUISTI>122,000000</MALT_ACQUISTI>
    <XAUS_ACQUISTI>0,000000</XAUS_ACQUISTI>
    <XFRA_ACQUISTI>0,000000</XFRA_ACQUISTI>
    <TOTALE_VENDITE>27793,051</TOTALE_VENDITE>
    <NAT_VENDITE>28306,541000</NAT_VENDITE>
    <CNOR_VENDITE>2758,418000</CNOR_VENDITE>
    <CSUD_VENDITE>2496,715000</CSUD_VENDITE>
    <NORD_VENDITE>12821,372000</NORD_VENDITE>
    <SARD_VENDITE>1382,133000</SARD_VENDITE>
    <SICI_VENDITE>2210,911000</SICI_VENDITE>
    <SUD_VENDITE>3283,417000</SUD_VENDITE>
    <AUST_VENDITE>0,000000</AUST_VENDITE>
    <BRNN_VENDITE>970,418000</BRNN_VENDITE>
    <COAC_VENDITE>0,000000</COAC_VENDITE>
    <CORS_VENDITE>0,000000</CORS_VENDITE>
    <FOGN_VENDITE>120,253000</FOGN_VENDITE>
    <FRAN_VENDITE>99,000000</FRAN_VENDITE>
    <GREC_VENDITE>192,000000</GREC_VENDITE>
    <MFTV_VENDITE>0,000000</MFTV_VENDITE>
    <PRGP_VENDITE>6,420000</PRGP_VENDITE>
    <ROSN_VENDITE>456,994000</ROSN_VENDITE>
    <SLOV_VENDITE>0,000000</SLOV_VENDITE>
    <SVIZ_VENDITE>995,000000</SVIZ_VENDITE>
    <BSP_VENDITE>173,000000</BSP_VENDITE>
    <MALT_VENDITE>0,000000</MALT_VENDITE>
    <XAUS_VENDITE>75,000000</XAUS_VENDITE>
    <XFRA_VENDITE>265,490000</XFRA_VENDITE>
    <TOTITABSP_VENDITE>27966,051</TOTITABSP_VENDITE>
    <TOTITABSP_ACQUISTI>28306,541</TOTITABSP_ACQUISTI>
  </Quantita>
  <Quantita>
    <Data>20180414</Data>
    <Mercato>MGP</Mercato>
    <Ora>15</Ora>
    <TOTALE_ACQUISTI>27747,031</TOTALE_ACQUISTI>
    <NAT_ACQUISTI>27747,031000</NAT_ACQUISTI>
    <CNOR_ACQUISTI>2845,309000</CNOR_ACQUISTI>
    <CSUD_ACQUISTI>4562,267000</CSUD_ACQUISTI>
    <NORD_ACQUISTI>14796,716000</NORD_ACQUISTI>
    <SARD_ACQUISTI>856,884000</SARD_ACQUISTI>
    <SICI_ACQUISTI>1780,842000</SICI_ACQUISTI>
    <SUD_ACQUISTI>2203,013000</SUD_ACQUISTI>
    <AUST_ACQUISTI>0,000000</AUST_ACQUISTI>
    <BRNN_ACQUISTI>0,000000</BRNN_ACQUISTI>
    <COAC_ACQUISTI>22,000000</COAC_ACQUISTI>
    <CORS_ACQUISTI>5,000000</CORS_ACQUISTI>
    <FOGN_ACQUISTI>0,000000</FOGN_ACQUISTI>
    <FRAN_ACQUISTI>0,000000</FRAN_ACQUISTI>
    <GREC_ACQUISTI>558,000000</GREC_ACQUISTI>
    <MFTV_ACQUISTI>0,000000</MFTV_ACQUISTI>
    <PRGP_ACQUISTI>0,000000</PRGP_ACQUISTI>
    <ROSN_ACQUISTI>0,000000</ROSN_ACQUISTI>
    <SLOV_ACQUISTI>0,000000</SLOV_ACQUISTI>
    <SVIZ_ACQUISTI>0,000000</SVIZ_ACQUISTI>
    <BSP_ACQUISTI>0,000000</BSP_ACQUISTI>
    <MALT_ACQUISTI>117,000000</MALT_ACQUISTI>
    <XAUS_ACQUISTI>0,000000</XAUS_ACQUISTI>
    <XFRA_ACQUISTI>0,000000</XFRA_ACQUISTI>
    <TOTALE_VENDITE>27016,345</TOTALE_VENDITE>
    <NAT_VENDITE>27747,031000</NAT_VENDITE>
    <CNOR_VENDITE>2690,829000</CNOR_VENDITE>
    <CSUD_VENDITE>2591,119000</CSUD_VENDITE>
    <NORD_VENDITE>12206,019000</NORD_VENDITE>
    <SARD_VENDITE>1349,057000</SARD_VENDITE>
    <SICI_VENDITE>2149,904000</SICI_VENDITE>
    <SUD_VENDITE>3166,242000</SUD_VENDITE>
    <AUST_VENDITE>0,000000</AUST_VENDITE>
    <BRNN_VENDITE>971,186000</BRNN_VENDITE>
    <COAC_VENDITE>0,000000</COAC_VENDITE>
    <CORS_VENDITE>0,000000</CORS_VENDITE>
    <FOGN_VENDITE>119,345000</FOGN_VENDITE>
    <FRAN_VENDITE>99,000000</FRAN_VENDITE>
    <GREC_VENDITE>220,000000</GREC_VENDITE>
    <MFTV_VENDITE>0,000000</MFTV_VENDITE>
    <PRGP_VENDITE>6,165000</PRGP_VENDITE>
    <ROSN_VENDITE>452,479000</ROSN_VENDITE>
    <SLOV_VENDITE>0,000000</SLOV_VENDITE>
    <SVIZ_VENDITE>995,000000</SVIZ_VENDITE>
    <BSP_VENDITE>173,000000</BSP_VENDITE>
    <MALT_VENDITE>0,000000</MALT_VENDITE>
    <XAUS_VENDITE>75,000000</XAUS_VENDITE>
    <XFRA_VENDITE>482,686000</XFRA_VENDITE>
    <TOTITABSP_VENDITE>27189,345</TOTITABSP_VENDITE>
    <TOTITABSP_ACQUISTI>27747,031</TOTITABSP_ACQUISTI>
  </Quantita>
  <Quantita>
    <Data>20180414</Data>
    <Mercato>MGP</Mercato>
    <Ora>16</Ora>
    <TOTALE_ACQUISTI>27832,511</TOTALE_ACQUISTI>
    <NAT_ACQUISTI>27832,511000</NAT_ACQUISTI>
    <CNOR_ACQUISTI>2854,295000</CNOR_ACQUISTI>
    <CSUD_ACQUISTI>4570,623000</CSUD_ACQUISTI>
    <NORD_ACQUISTI>14814,343000</NORD_ACQUISTI>
    <SARD_ACQUISTI>852,760000</SARD_ACQUISTI>
    <SICI_ACQUISTI>1773,184000</SICI_ACQUISTI>
    <SUD_ACQUISTI>2238,306000</SUD_ACQUISTI>
    <AUST_ACQUISTI>0,000000</AUST_ACQUISTI>
    <BRNN_ACQUISTI>0,000000</BRNN_ACQUISTI>
    <COAC_ACQUISTI>20,000000</COAC_ACQUISTI>
    <CORS_ACQUISTI>5,000000</CORS_ACQUISTI>
    <FOGN_ACQUISTI>0,000000</FOGN_ACQUISTI>
    <FRAN_ACQUISTI>0,000000</FRAN_ACQUISTI>
    <GREC_ACQUISTI>557,000000</GREC_ACQUISTI>
    <MFTV_ACQUISTI>0,000000</MFTV_ACQUISTI>
    <PRGP_ACQUISTI>0,000000</PRGP_ACQUISTI>
    <ROSN_ACQUISTI>0,000000</ROSN_ACQUISTI>
    <SLOV_ACQUISTI>0,000000</SLOV_ACQUISTI>
    <SVIZ_ACQUISTI>0,000000</SVIZ_ACQUISTI>
    <BSP_ACQUISTI>0,000000</BSP_ACQUISTI>
    <MALT_ACQUISTI>147,000000</MALT_ACQUISTI>
    <XAUS_ACQUISTI>0,000000</XAUS_ACQUISTI>
    <XFRA_ACQUISTI>0,000000</XFRA_ACQUISTI>
    <TOTALE_VENDITE>26936,511</TOTALE_VENDITE>
    <NAT_VENDITE>27832,511000</NAT_VENDITE>
    <CNOR_VENDITE>2460,165000</CNOR_VENDITE>
    <CSUD_VENDITE>2481,549000</CSUD_VENDITE>
    <NORD_VENDITE>12751,748000</NORD_VENDITE>
    <SARD_VENDITE>1301,509000</SARD_VENDITE>
    <SICI_VENDITE>2024,456000</SICI_VENDITE>
    <SUD_VENDITE>2977,292000</SUD_VENDITE>
    <AUST_VENDITE>0,000000</AUST_VENDITE>
    <BRNN_VENDITE>972,326000</BRNN_VENDITE>
    <COAC_VENDITE>0,000000</COAC_VENDITE>
    <CORS_VENDITE>0,000000</CORS_VENDITE>
    <FOGN_VENDITE>169,977000</FOGN_VENDITE>
    <FRAN_VENDITE>99,000000</FRAN_VENDITE>
    <GREC_VENDITE>244,000000</GREC_VENDITE>
    <MFTV_VENDITE>0,000000</MFTV_VENDITE>
    <PRGP_VENDITE>5,110000</PRGP_VENDITE>
    <ROSN_VENDITE>454,379000</ROSN_VENDITE>
    <SLOV_VENDITE>0,000000</SLOV_VENDITE>
    <SVIZ_VENDITE>995,000000</SVIZ_VENDITE>
    <BSP_VENDITE>173,000000</BSP_VENDITE>
    <MALT_VENDITE>0,000000</MALT_VENDITE>
    <XAUS_VENDITE>75,000000</XAUS_VENDITE>
    <XFRA_VENDITE>648,000000</XFRA_VENDITE>
    <TOTITABSP_VENDITE>27109,511</TOTITABSP_VENDITE>
    <TOTITABSP_ACQUISTI>27832,511</TOTITABSP_ACQUISTI>
  </Quantita>
  <Quantita>
    <Data>20180414</Data>
    <Mercato>MGP</Mercato>
    <Ora>17</Ora>
    <TOTALE_ACQUISTI>27857,612</TOTALE_ACQUISTI>
    <NAT_ACQUISTI>27857,612000</NAT_ACQUISTI>
    <CNOR_ACQUISTI>2885,437000</CNOR_ACQUISTI>
    <CSUD_ACQUISTI>4611,046000</CSUD_ACQUISTI>
    <NORD_ACQUISTI>14756,733000</NORD_ACQUISTI>
    <SARD_ACQUISTI>869,578000</SARD_ACQUISTI>
    <SICI_ACQUISTI>1818,569000</SICI_ACQUISTI>
    <SUD_ACQUISTI>2307,249000</SUD_ACQUISTI>
    <AUST_ACQUISTI>0,000000</AUST_ACQUISTI>
    <BRNN_ACQUISTI>0,000000</BRNN_ACQUISTI>
    <COAC_ACQUISTI>23,000000</COAC_ACQUISTI>
    <CORS_ACQUISTI>5,000000</CORS_ACQUISTI>
    <FOGN_ACQUISTI>0,000000</FOGN_ACQUISTI>
    <FRAN_ACQUISTI>0,000000</FRAN_ACQUISTI>
    <GREC_ACQUISTI>435,000000</GREC_ACQUISTI>
    <MFTV_ACQUISTI>0,000000</MFTV_ACQUISTI>
    <PRGP_ACQUISTI>0,000000</PRGP_ACQUISTI>
    <ROSN_ACQUISTI>0,000000</ROSN_ACQUISTI>
    <SLOV_ACQUISTI>0,000000</SLOV_ACQUISTI>
    <SVIZ_ACQUISTI>0,000000</SVIZ_ACQUISTI>
    <BSP_ACQUISTI>0,000000</BSP_ACQUISTI>
    <MALT_ACQUISTI>146,000000</MALT_ACQUISTI>
    <XAUS_ACQUISTI>0,000000</XAUS_ACQUISTI>
    <XFRA_ACQUISTI>0,000000</XFRA_ACQUISTI>
    <TOTALE_VENDITE>26961,612</TOTALE_VENDITE>
    <NAT_VENDITE>27857,612000</NAT_VENDITE>
    <CNOR_VENDITE>2277,248000</CNOR_VENDITE>
    <CSUD_VENDITE>2356,519000</CSUD_VENDITE>
    <NORD_VENDITE>13249,308000</NORD_VENDITE>
    <SARD_VENDITE>1249,000000</SARD_VENDITE>
    <SICI_VENDITE>2022,930000</SICI_VENDITE>
    <SUD_VENDITE>2782,793000</SUD_VENDITE>
    <AUST_VENDITE>0,000000</AUST_VENDITE>
    <BRNN_VENDITE>974,823000</BRNN_VENDITE>
    <COAC_VENDITE>0,000000</COAC_VENDITE>
    <CORS_VENDITE>0,000000</CORS_VENDITE>
    <FOGN_VENDITE>269,111000</FOGN_VENDITE>
    <FRAN_VENDITE>99,000000</FRAN_VENDITE>
    <GREC_VENDITE>227,000000</GREC_VENDITE>
    <MFTV_VENDITE>0,000000</MFTV_VENDITE>
    <PRGP_VENDITE>3,560000</PRGP_VENDITE>
    <ROSN_VENDITE>455,320000</ROSN_VENDITE>
    <SLOV_VENDITE>0,000000</SLOV_VENDITE>
    <SVIZ_VENDITE>995,000000</SVIZ_VENDITE>
    <BSP_VENDITE>173,000000</BSP_VENDITE>
    <MALT_VENDITE>0,000000</MALT_VENDITE>
    <XAUS_VENDITE>75,000000</XAUS_VENDITE>
    <XFRA_VENDITE>648,000000</XFRA_VENDITE>
    <TOTITABSP_VENDITE>27134,612</TOTITABSP_VENDITE>
    <TOTITABSP_ACQUISTI>27857,612</TOTITABSP_ACQUISTI>
  </Quantita>
  <Quantita>
    <Data>20180414</Data>
    <Mercato>MGP</Mercato>
    <Ora>18</Ora>
    <TOTALE_ACQUISTI>28465,161</TOTALE_ACQUISTI>
    <NAT_ACQUISTI>28465,161000</NAT_ACQUISTI>
    <CNOR_ACQUISTI>2987,434000</CNOR_ACQUISTI>
    <CSUD_ACQUISTI>4722,798000</CSUD_ACQUISTI>
    <NORD_ACQUISTI>15190,343000</NORD_ACQUISTI>
    <SARD_ACQUISTI>917,706000</SARD_ACQUISTI>
    <SICI_ACQUISTI>1860,817000</SICI_ACQUISTI>
    <SUD_ACQUISTI>2419,063000</SUD_ACQUISTI>
    <AUST_ACQUISTI>0,000000</AUST_ACQUISTI>
    <BRNN_ACQUISTI>0,000000</BRNN_ACQUISTI>
    <COAC_ACQUISTI>39,000000</COAC_ACQUISTI>
    <CORS_ACQUISTI>5,000000</CORS_ACQUISTI>
    <FOGN_ACQUISTI>0,000000</FOGN_ACQUISTI>
    <FRAN_ACQUISTI>0,000000</FRAN_ACQUISTI>
    <GREC_ACQUISTI>150,000000</GREC_ACQUISTI>
    <MFTV_ACQUISTI>0,000000</MFTV_ACQUISTI>
    <PRGP_ACQUISTI>0,000000</PRGP_ACQUISTI>
    <ROSN_ACQUISTI>0,000000</ROSN_ACQUISTI>
    <SLOV_ACQUISTI>0,000000</SLOV_ACQUISTI>
    <SVIZ_ACQUISTI>0,000000</SVIZ_ACQUISTI>
    <BSP_ACQUISTI>0,000000</BSP_ACQUISTI>
    <MALT_ACQUISTI>173,000000</MALT_ACQUISTI>
    <XAUS_ACQUISTI>0,000000</XAUS_ACQUISTI>
    <XFRA_ACQUISTI>0,000000</XFRA_ACQUISTI>
    <TOTALE_VENDITE>26846,161</TOTALE_VENDITE>
    <NAT_VENDITE>28465,161000</NAT_VENDITE>
    <CNOR_VENDITE>2176,911000</CNOR_VENDITE>
    <CSUD_VENDITE>2075,040000</CSUD_VENDITE>
    <NORD_VENDITE>13249,247000</NORD_VENDITE>
    <SARD_VENDITE>1177,226000</SARD_VENDITE>
    <SICI_VENDITE>1930,562000</SICI_VENDITE>
    <SUD_VENDITE>2302,177000</SUD_VENDITE>
    <AUST_VENDITE>0,000000</AUST_VENDITE>
    <BRNN_VENDITE>974,445000</BRNN_VENDITE>
    <COAC_VENDITE>0,000000</COAC_VENDITE>
    <CORS_VENDITE>0,000000</CORS_VENDITE>
    <FOGN_VENDITE>271,513000</FOGN_VENDITE>
    <FRAN_VENDITE>99,000000</FRAN_VENDITE>
    <GREC_VENDITE>368,000000</GREC_VENDITE>
    <MFTV_VENDITE>0,000000</MFTV_VENDITE>
    <PRGP_VENDITE>1,935000</PRGP_VENDITE>
    <ROSN_VENDITE>449,105000</ROSN_VENDITE>
    <SLOV_VENDITE>0,000000</SLOV_VENDITE>
    <SVIZ_VENDITE>1771,000000</SVIZ_VENDITE>
    <BSP_VENDITE>298,000000</BSP_VENDITE>
    <MALT_VENDITE>0,000000</MALT_VENDITE>
    <XAUS_VENDITE>134,000000</XAUS_VENDITE>
    <XFRA_VENDITE>1187,000000</XFRA_VENDITE>
    <TOTITABSP_VENDITE>27144,161</TOTITABSP_VENDITE>
    <TOTITABSP_ACQUISTI>28465,161</TOTITABSP_ACQUISTI>
  </Quantita>
  <Quantita>
    <Data>20180414</Data>
    <Mercato>MGP</Mercato>
    <Ora>19</Ora>
    <TOTALE_ACQUISTI>29854,924</TOTALE_ACQUISTI>
    <NAT_ACQUISTI>29854,924000</NAT_ACQUISTI>
    <CNOR_ACQUISTI>3179,642000</CNOR_ACQUISTI>
    <CSUD_ACQUISTI>4897,529000</CSUD_ACQUISTI>
    <NORD_ACQUISTI>16042,656000</NORD_ACQUISTI>
    <SARD_ACQUISTI>967,932000</SARD_ACQUISTI>
    <SICI_ACQUISTI>1932,071000</SICI_ACQUISTI>
    <SUD_ACQUISTI>2570,094000</SUD_ACQUISTI>
    <AUST_ACQUISTI>0,000000</AUST_ACQUISTI>
    <BRNN_ACQUISTI>0,000000</BRNN_ACQUISTI>
    <COAC_ACQUISTI>29,000000</COAC_ACQUISTI>
    <CORS_ACQUISTI>39,000000</CORS_ACQUISTI>
    <FOGN_ACQUISTI>0,000000</FOGN_ACQUISTI>
    <FRAN_ACQUISTI>0,000000</FRAN_ACQUISTI>
    <GREC_ACQUISTI>10,000000</GREC_ACQUISTI>
    <MFTV_ACQUISTI>0,000000</MFTV_ACQUISTI>
    <PRGP_ACQUISTI>0,000000</PRGP_ACQUISTI>
    <ROSN_ACQUISTI>0,000000</ROSN_ACQUISTI>
    <SLOV_ACQUISTI>0,000000</SLOV_ACQUISTI>
    <SVIZ_ACQUISTI>0,000000</SVIZ_ACQUISTI>
    <BSP_ACQUISTI>0,000000</BSP_ACQUISTI>
    <MALT_ACQUISTI>187,000000</MALT_ACQUISTI>
    <XAUS_ACQUISTI>0,000000</XAUS_ACQUISTI>
    <XFRA_ACQUISTI>0,000000</XFRA_ACQUISTI>
    <TOTALE_VENDITE>27508,924</TOTALE_VENDITE>
    <NAT_VENDITE>29854,924000</NAT_VENDITE>
    <CNOR_VENDITE>2062,477000</CNOR_VENDITE>
    <CSUD_VENDITE>2006,819000</CSUD_VENDITE>
    <NORD_VENDITE>13983,450000</NORD_VENDITE>
    <SARD_VENDITE>1134,367000</SARD_VENDITE>
    <SICI_VENDITE>1790,269000</SICI_VENDITE>
    <SUD_VENDITE>1823,018000</SUD_VENDITE>
    <AUST_VENDITE>0,000000</AUST_VENDITE>
    <BRNN_VENDITE>990,652000</BRNN_VENDITE>
    <COAC_VENDITE>0,000000</COAC_VENDITE>
    <CORS_VENDITE>0,000000</CORS_VENDITE>
    <FOGN_VENDITE>266,280000</FOGN_VENDITE>
    <FRAN_VENDITE>99,000000</FRAN_VENDITE>
    <GREC_VENDITE>359,000000</GREC_VENDITE>
    <MFTV_VENDITE>0,000000</MFTV_VENDITE>
    <PRGP_VENDITE>0,702000</PRGP_VENDITE>
    <ROSN_VENDITE>446,890000</ROSN_VENDITE>
    <SLOV_VENDITE>0,000000</SLOV_VENDITE>
    <SVIZ_VENDITE>2546,000000</SVIZ_VENDITE>
    <BSP_VENDITE>424,000000</BSP_VENDITE>
    <MALT_VENDITE>0,000000</MALT_VENDITE>
    <XAUS_VENDITE>193,000000</XAUS_VENDITE>
    <XFRA_VENDITE>1729,000000</XFRA_VENDITE>
    <TOTITABSP_VENDITE>27932,924</TOTITABSP_VENDITE>
    <TOTITABSP_ACQUISTI>29854,924</TOTITABSP_ACQUISTI>
  </Quantita>
  <Quantita>
    <Data>20180414</Data>
    <Mercato>MGP</Mercato>
    <Ora>20</Ora>
    <TOTALE_ACQUISTI>31901,2</TOTALE_ACQUISTI>
    <NAT_ACQUISTI>31901,200000</NAT_ACQUISTI>
    <CNOR_ACQUISTI>3465,669000</CNOR_ACQUISTI>
    <CSUD_ACQUISTI>5331,922000</CSUD_ACQUISTI>
    <NORD_ACQUISTI>16855,082000</NORD_ACQUISTI>
    <SARD_ACQUISTI>1031,435000</SARD_ACQUISTI>
    <SICI_ACQUISTI>2119,568000</SICI_ACQUISTI>
    <SUD_ACQUISTI>2836,524000</SUD_ACQUISTI>
    <AUST_ACQUISTI>0,000000</AUST_ACQUISTI>
    <BRNN_ACQUISTI>0,000000</BRNN_ACQUISTI>
    <COAC_ACQUISTI>30,000000</COAC_ACQUISTI>
    <CORS_ACQUISTI>39,000000</CORS_ACQUISTI>
    <FOGN_ACQUISTI>0,000000</FOGN_ACQUISTI>
    <FRAN_ACQUISTI>0,000000</FRAN_ACQUISTI>
    <GREC_ACQUISTI>0,000000</GREC_ACQUISTI>
    <MFTV_ACQUISTI>0,000000</MFTV_ACQUISTI>
    <PRGP_ACQUISTI>0,000000</PRGP_ACQUISTI>
    <ROSN_ACQUISTI>0,000000</ROSN_ACQUISTI>
    <SLOV_ACQUISTI>0,000000</SLOV_ACQUISTI>
    <SVIZ_ACQUISTI>0,000000</SVIZ_ACQUISTI>
    <BSP_ACQUISTI>0,000000</BSP_ACQUISTI>
    <MALT_ACQUISTI>192,000000</MALT_ACQUISTI>
    <XAUS_ACQUISTI>0,000000</XAUS_ACQUISTI>
    <XFRA_ACQUISTI>0,000000</XFRA_ACQUISTI>
    <TOTALE_VENDITE>28711,2</TOTALE_VENDITE>
    <NAT_VENDITE>31901,200000</NAT_VENDITE>
    <CNOR_VENDITE>1926,582000</CNOR_VENDITE>
    <CSUD_VENDITE>2862,643000</CSUD_VENDITE>
    <NORD_VENDITE>13829,565000</NORD_VENDITE>
    <SARD_VENDITE>1102,232000</SARD_VENDITE>
    <SICI_VENDITE>1616,913000</SICI_VENDITE>
    <SUD_VENDITE>1435,874000</SUD_VENDITE>
    <AUST_VENDITE>0,000000</AUST_VENDITE>
    <BRNN_VENDITE>1345,600000</BRNN_VENDITE>
    <COAC_VENDITE>0,000000</COAC_VENDITE>
    <CORS_VENDITE>0,000000</CORS_VENDITE>
    <FOGN_VENDITE>511,601000</FOGN_VENDITE>
    <FRAN_VENDITE>99,000000</FRAN_VENDITE>
    <GREC_VENDITE>334,000000</GREC_VENDITE>
    <MFTV_VENDITE>0,000000</MFTV_VENDITE>
    <PRGP_VENDITE>0,053000</PRGP_VENDITE>
    <ROSN_VENDITE>447,137000</ROSN_VENDITE>
    <SLOV_VENDITE>0,000000</SLOV_VENDITE>
    <SVIZ_VENDITE>3200,000000</SVIZ_VENDITE>
    <BSP_VENDITE>571,000000</BSP_VENDITE>
    <MALT_VENDITE>0,000000</MALT_VENDITE>
    <XAUS_VENDITE>257,000000</XAUS_VENDITE>
    <XFRA_VENDITE>2362,000000</XFRA_VENDITE>
    <TOTITABSP_VENDITE>29282,2</TOTITABSP_VENDITE>
    <TOTITABSP_ACQUISTI>31901,2</TOTITABSP_ACQUISTI>
  </Quantita>
  <Quantita>
    <Data>20180414</Data>
    <Mercato>MGP</Mercato>
    <Ora>21</Ora>
    <TOTALE_ACQUISTI>33269,919</TOTALE_ACQUISTI>
    <NAT_ACQUISTI>33269,919000</NAT_ACQUISTI>
    <CNOR_ACQUISTI>3588,203000</CNOR_ACQUISTI>
    <CSUD_ACQUISTI>5712,724000</CSUD_ACQUISTI>
    <NORD_ACQUISTI>17181,302000</NORD_ACQUISTI>
    <SARD_ACQUISTI>1114,027000</SARD_ACQUISTI>
    <SICI_ACQUISTI>2288,715000</SICI_ACQUISTI>
    <SUD_ACQUISTI>3113,948000</SUD_ACQUISTI>
    <AUST_ACQUISTI>0,000000</AUST_ACQUISTI>
    <BRNN_ACQUISTI>0,000000</BRNN_ACQUISTI>
    <COAC_ACQUISTI>34,000000</COAC_ACQUISTI>
    <CORS_ACQUISTI>39,000000</CORS_ACQUISTI>
    <FOGN_ACQUISTI>0,000000</FOGN_ACQUISTI>
    <FRAN_ACQUISTI>0,000000</FRAN_ACQUISTI>
    <GREC_ACQUISTI>0,000000</GREC_ACQUISTI>
    <MFTV_ACQUISTI>0,000000</MFTV_ACQUISTI>
    <PRGP_ACQUISTI>0,000000</PRGP_ACQUISTI>
    <ROSN_ACQUISTI>0,000000</ROSN_ACQUISTI>
    <SLOV_ACQUISTI>0,000000</SLOV_ACQUISTI>
    <SVIZ_ACQUISTI>0,000000</SVIZ_ACQUISTI>
    <BSP_ACQUISTI>0,000000</BSP_ACQUISTI>
    <MALT_ACQUISTI>198,000000</MALT_ACQUISTI>
    <XAUS_ACQUISTI>0,000000</XAUS_ACQUISTI>
    <XFRA_ACQUISTI>0,000000</XFRA_ACQUISTI>
    <TOTALE_VENDITE>29373,919</TOTALE_VENDITE>
    <NAT_VENDITE>33269,919000</NAT_VENDITE>
    <CNOR_VENDITE>2328,742000</CNOR_VENDITE>
    <CSUD_VENDITE>3031,703000</CSUD_VENDITE>
    <NORD_VENDITE>13685,763000</NORD_VENDITE>
    <SARD_VENDITE>1111,554000</SARD_VENDITE>
    <SICI_VENDITE>1658,528000</SICI_VENDITE>
    <SUD_VENDITE>1414,279000</SUD_VENDITE>
    <AUST_VENDITE>0,000000</AUST_VENDITE>
    <BRNN_VENDITE>1432,408000</BRNN_VENDITE>
    <COAC_VENDITE>0,000000</COAC_VENDITE>
    <CORS_VENDITE>0,000000</CORS_VENDITE>
    <FOGN_VENDITE>636,480000</FOGN_VENDITE>
    <FRAN_VENDITE>99,000000</FRAN_VENDITE>
    <GREC_VENDITE>351,000000</GREC_VENDITE>
    <MFTV_VENDITE>0,000000</MFTV_VENDITE>
    <PRGP_VENDITE>0,000000</PRGP_VENDITE>
    <ROSN_VENDITE>464,462000</ROSN_VENDITE>
    <SLOV_VENDITE>0,000000</SLOV_VENDITE>
    <SVIZ_VENDITE>3160,000000</SVIZ_VENDITE>
    <BSP_VENDITE>693,000000</BSP_VENDITE>
    <MALT_VENDITE>0,000000</MALT_VENDITE>
    <XAUS_VENDITE>315,000000</XAUS_VENDITE>
    <XFRA_VENDITE>2888,000000</XFRA_VENDITE>
    <TOTITABSP_VENDITE>30066,919</TOTITABSP_VENDITE>
    <TOTITABSP_ACQUISTI>33269,919</TOTITABSP_ACQUISTI>
  </Quantita>
  <Quantita>
    <Data>20180414</Data>
    <Mercato>MGP</Mercato>
    <Ora>22</Ora>
    <TOTALE_ACQUISTI>31429,048</TOTALE_ACQUISTI>
    <NAT_ACQUISTI>31429,048000</NAT_ACQUISTI>
    <CNOR_ACQUISTI>3352,642000</CNOR_ACQUISTI>
    <CSUD_ACQUISTI>5303,754000</CSUD_ACQUISTI>
    <NORD_ACQUISTI>16421,303000</NORD_ACQUISTI>
    <SARD_ACQUISTI>1062,325000</SARD_ACQUISTI>
    <SICI_ACQUISTI>2119,684000</SICI_ACQUISTI>
    <SUD_ACQUISTI>2867,340000</SUD_ACQUISTI>
    <AUST_ACQUISTI>0,000000</AUST_ACQUISTI>
    <BRNN_ACQUISTI>0,000000</BRNN_ACQUISTI>
    <COAC_ACQUISTI>78,000000</COAC_ACQUISTI>
    <CORS_ACQUISTI>39,000000</CORS_ACQUISTI>
    <FOGN_ACQUISTI>0,000000</FOGN_ACQUISTI>
    <FRAN_ACQUISTI>0,000000</FRAN_ACQUISTI>
    <GREC_ACQUISTI>10,000000</GREC_ACQUISTI>
    <MFTV_ACQUISTI>0,000000</MFTV_ACQUISTI>
    <PRGP_ACQUISTI>0,000000</PRGP_ACQUISTI>
    <ROSN_ACQUISTI>0,000000</ROSN_ACQUISTI>
    <SLOV_ACQUISTI>0,000000</SLOV_ACQUISTI>
    <SVIZ_ACQUISTI>0,000000</SVIZ_ACQUISTI>
    <BSP_ACQUISTI>0,000000</BSP_ACQUISTI>
    <MALT_ACQUISTI>175,000000</MALT_ACQUISTI>
    <XAUS_ACQUISTI>0,000000</XAUS_ACQUISTI>
    <XFRA_ACQUISTI>0,000000</XFRA_ACQUISTI>
    <TOTALE_VENDITE>27333,048</TOTALE_VENDITE>
    <NAT_VENDITE>31429,048000</NAT_VENDITE>
    <CNOR_VENDITE>1938,972000</CNOR_VENDITE>
    <CSUD_VENDITE>2683,824000</CSUD_VENDITE>
    <NORD_VENDITE>12766,303000</NORD_VENDITE>
    <SARD_VENDITE>1113,548000</SARD_VENDITE>
    <SICI_VENDITE>1614,564000</SICI_VENDITE>
    <SUD_VENDITE>1499,219000</SUD_VENDITE>
    <AUST_VENDITE>0,000000</AUST_VENDITE>
    <BRNN_VENDITE>1351,337000</BRNN_VENDITE>
    <COAC_VENDITE>0,000000</COAC_VENDITE>
    <CORS_VENDITE>0,000000</CORS_VENDITE>
    <FOGN_VENDITE>261,375000</FOGN_VENDITE>
    <FRAN_VENDITE>99,000000</FRAN_VENDITE>
    <GREC_VENDITE>393,000000</GREC_VENDITE>
    <MFTV_VENDITE>0,000000</MFTV_VENDITE>
    <PRGP_VENDITE>0,000000</PRGP_VENDITE>
    <ROSN_VENDITE>451,906000</ROSN_VENDITE>
    <SLOV_VENDITE>0,000000</SLOV_VENDITE>
    <SVIZ_VENDITE>3160,000000</SVIZ_VENDITE>
    <BSP_VENDITE>730,000000</BSP_VENDITE>
    <MALT_VENDITE>0,000000</MALT_VENDITE>
    <XAUS_VENDITE>315,000000</XAUS_VENDITE>
    <XFRA_VENDITE>3051,000000</XFRA_VENDITE>
    <TOTITABSP_VENDITE>28063,048</TOTITABSP_VENDITE>
    <TOTITABSP_ACQUISTI>31429,048</TOTITABSP_ACQUISTI>
  </Quantita>
  <Quantita>
    <Data>20180414</Data>
    <Mercato>MGP</Mercato>
    <Ora>23</Ora>
    <TOTALE_ACQUISTI>29261,992</TOTALE_ACQUISTI>
    <NAT_ACQUISTI>29261,992000</NAT_ACQUISTI>
    <CNOR_ACQUISTI>3108,812000</CNOR_ACQUISTI>
    <CSUD_ACQUISTI>4902,822000</CSUD_ACQUISTI>
    <NORD_ACQUISTI>15191,889000</NORD_ACQUISTI>
    <SARD_ACQUISTI>983,067000</SARD_ACQUISTI>
    <SICI_ACQUISTI>1940,388000</SICI_ACQUISTI>
    <SUD_ACQUISTI>2618,014000</SUD_ACQUISTI>
    <AUST_ACQUISTI>0,000000</AUST_ACQUISTI>
    <BRNN_ACQUISTI>0,000000</BRNN_ACQUISTI>
    <COAC_ACQUISTI>84,000000</COAC_ACQUISTI>
    <CORS_ACQUISTI>39,000000</CORS_ACQUISTI>
    <FOGN_ACQUISTI>0,000000</FOGN_ACQUISTI>
    <FRAN_ACQUISTI>0,000000</FRAN_ACQUISTI>
    <GREC_ACQUISTI>238,000000</GREC_ACQUISTI>
    <MFTV_ACQUISTI>0,000000</MFTV_ACQUISTI>
    <PRGP_ACQUISTI>0,000000</PRGP_ACQUISTI>
    <ROSN_ACQUISTI>0,000000</ROSN_ACQUISTI>
    <SLOV_ACQUISTI>0,000000</SLOV_ACQUISTI>
    <SVIZ_ACQUISTI>0,000000</SVIZ_ACQUISTI>
    <BSP_ACQUISTI>0,000000</BSP_ACQUISTI>
    <MALT_ACQUISTI>156,000000</MALT_ACQUISTI>
    <XAUS_ACQUISTI>0,000000</XAUS_ACQUISTI>
    <XFRA_ACQUISTI>0,000000</XFRA_ACQUISTI>
    <TOTALE_VENDITE>25660,992</TOTALE_VENDITE>
    <NAT_VENDITE>29261,992000</NAT_VENDITE>
    <CNOR_VENDITE>1962,701000</CNOR_VENDITE>
    <CSUD_VENDITE>1790,113000</CSUD_VENDITE>
    <NORD_VENDITE>12090,000000</NORD_VENDITE>
    <SARD_VENDITE>1125,170000</SARD_VENDITE>
    <SICI_VENDITE>1683,918000</SICI_VENDITE>
    <SUD_VENDITE>1598,957000</SUD_VENDITE>
    <AUST_VENDITE>0,000000</AUST_VENDITE>
    <BRNN_VENDITE>1278,467000</BRNN_VENDITE>
    <COAC_VENDITE>0,000000</COAC_VENDITE>
    <CORS_VENDITE>0,000000</CORS_VENDITE>
    <FOGN_VENDITE>259,883000</FOGN_VENDITE>
    <FRAN_VENDITE>99,000000</FRAN_VENDITE>
    <GREC_VENDITE>372,000000</GREC_VENDITE>
    <MFTV_VENDITE>0,000000</MFTV_VENDITE>
    <PRGP_VENDITE>0,000000</PRGP_VENDITE>
    <ROSN_VENDITE>452,783000</ROSN_VENDITE>
    <SLOV_VENDITE>0,000000</SLOV_VENDITE>
    <SVIZ_VENDITE>2948,000000</SVIZ_VENDITE>
    <BSP_VENDITE>642,000000</BSP_VENDITE>
    <MALT_VENDITE>0,000000</MALT_VENDITE>
    <XAUS_VENDITE>291,000000</XAUS_VENDITE>
    <XFRA_VENDITE>2668,000000</XFRA_VENDITE>
    <TOTITABSP_VENDITE>26302,992</TOTITABSP_VENDITE>
    <TOTITABSP_ACQUISTI>29261,992</TOTITABSP_ACQUISTI>
  </Quantita>
  <Quantita>
    <Data>20180414</Data>
    <Mercato>MGP</Mercato>
    <Ora>24</Ora>
    <TOTALE_ACQUISTI>26643,56</TOTALE_ACQUISTI>
    <NAT_ACQUISTI>26643,560000</NAT_ACQUISTI>
    <CNOR_ACQUISTI>2841,673000</CNOR_ACQUISTI>
    <CSUD_ACQUISTI>4474,116000</CSUD_ACQUISTI>
    <NORD_ACQUISTI>13939,250000</NORD_ACQUISTI>
    <SARD_ACQUISTI>928,190000</SARD_ACQUISTI>
    <SICI_ACQUISTI>1788,597000</SICI_ACQUISTI>
    <SUD_ACQUISTI>2330,734000</SUD_ACQUISTI>
    <AUST_ACQUISTI>0,000000</AUST_ACQUISTI>
    <BRNN_ACQUISTI>0,000000</BRNN_ACQUISTI>
    <COAC_ACQUISTI>85,000000</COAC_ACQUISTI>
    <CORS_ACQUISTI>39,000000</CORS_ACQUISTI>
    <FOGN_ACQUISTI>0,000000</FOGN_ACQUISTI>
    <FRAN_ACQUISTI>0,000000</FRAN_ACQUISTI>
    <GREC_ACQUISTI>90,000000</GREC_ACQUISTI>
    <MFTV_ACQUISTI>0,000000</MFTV_ACQUISTI>
    <PRGP_ACQUISTI>0,000000</PRGP_ACQUISTI>
    <ROSN_ACQUISTI>0,000000</ROSN_ACQUISTI>
    <SLOV_ACQUISTI>0,000000</SLOV_ACQUISTI>
    <SVIZ_ACQUISTI>0,000000</SVIZ_ACQUISTI>
    <BSP_ACQUISTI>0,000000</BSP_ACQUISTI>
    <MALT_ACQUISTI>127,000000</MALT_ACQUISTI>
    <XAUS_ACQUISTI>0,000000</XAUS_ACQUISTI>
    <XFRA_ACQUISTI>0,000000</XFRA_ACQUISTI>
    <TOTALE_VENDITE>23947,784</TOTALE_VENDITE>
    <NAT_VENDITE>26643,560000</NAT_VENDITE>
    <CNOR_VENDITE>1922,788000</CNOR_VENDITE>
    <CSUD_VENDITE>1551,027000</CSUD_VENDITE>
    <NORD_VENDITE>10868,650000</NORD_VENDITE>
    <SARD_VENDITE>1106,494000</SARD_VENDITE>
    <SICI_VENDITE>1575,999000</SICI_VENDITE>
    <SUD_VENDITE>1433,697000</SUD_VENDITE>
    <AUST_VENDITE>0,000000</AUST_VENDITE>
    <BRNN_VENDITE>1237,467000</BRNN_VENDITE>
    <COAC_VENDITE>0,000000</COAC_VENDITE>
    <CORS_VENDITE>0,000000</CORS_VENDITE>
    <FOGN_VENDITE>256,222000</FOGN_VENDITE>
    <FRAN_VENDITE>99,000000</FRAN_VENDITE>
    <GREC_VENDITE>447,000000</GREC_VENDITE>
    <MFTV_VENDITE>0,000000</MFTV_VENDITE>
    <PRGP_VENDITE>0,000000</PRGP_VENDITE>
    <ROSN_VENDITE>452,440000</ROSN_VENDITE>
    <SLOV_VENDITE>0,000000</SLOV_VENDITE>
    <SVIZ_VENDITE>2997,000000</SVIZ_VENDITE>
    <BSP_VENDITE>605,000000</BSP_VENDITE>
    <MALT_VENDITE>0,000000</MALT_VENDITE>
    <XAUS_VENDITE>259,000000</XAUS_VENDITE>
    <XFRA_VENDITE>1831,776000</XFRA_VENDITE>
    <TOTITABSP_VENDITE>24552,784</TOTITABSP_VENDITE>
    <TOTITABSP_ACQUISTI>26643,56</TOTITABSP_ACQUISTI>
  </Quantita>
</NewDataSet>