<?xml version="1.0" standalone="yes"?>
<NewDataSet>
  <xs:schema id="NewDataSet" xmlns="" xmlns:xs="http://www.w3.org/2001/XMLSchema" xmlns:msdata="urn:schemas-microsoft-com:xml-msdata">
    <xs:element name="NewDataSet" msdata:IsDataSet="true" msdata:UseCurrentLocale="true">
      <xs:complexType>
        <xs:choice minOccurs="0" maxOccurs="unbounded">
          <xs:element name="Quantita">
            <xs:complexType>
              <xs:sequence>
                <xs:element name="Data" type="xs:string" minOccurs="0" />
                <xs:element name="Mercato" type="xs:string" minOccurs="0" />
                <xs:element name="Ora" type="xs:string" minOccurs="0" />
                <xs:element name="TOTALE_ACQUISTI" type="xs:string" minOccurs="0" />
                <xs:element name="NAT_ACQUISTI" type="xs:string" minOccurs="0" />
                <xs:element name="CNOR_ACQUISTI" type="xs:string" minOccurs="0" />
                <xs:element name="CSUD_ACQUISTI" type="xs:string" minOccurs="0" />
                <xs:element name="NORD_ACQUISTI" type="xs:string" minOccurs="0" />
                <xs:element name="SARD_ACQUISTI" type="xs:string" minOccurs="0" />
                <xs:element name="SICI_ACQUISTI" type="xs:string" minOccurs="0" />
                <xs:element name="SUD_ACQUISTI" type="xs:string" minOccurs="0" />
                <xs:element name="AUST_ACQUISTI" type="xs:string" minOccurs="0" />
                <xs:element name="BRNN_ACQUISTI" type="xs:string" minOccurs="0" />
                <xs:element name="COAC_ACQUISTI" type="xs:string" minOccurs="0" />
                <xs:element name="CORS_ACQUISTI" type="xs:string" minOccurs="0" />
                <xs:element name="FOGN_ACQUISTI" type="xs:string" minOccurs="0" />
                <xs:element name="FRAN_ACQUISTI" type="xs:string" minOccurs="0" />
                <xs:element name="GREC_ACQUISTI" type="xs:string" minOccurs="0" />
                <xs:element name="MFTV_ACQUISTI" type="xs:string" minOccurs="0" />
                <xs:element name="PRGP_ACQUISTI" type="xs:string" minOccurs="0" />
                <xs:element name="ROSN_ACQUISTI" type="xs:string" minOccurs="0" />
                <xs:element name="SLOV_ACQUISTI" type="xs:string" minOccurs="0" />
                <xs:element name="SVIZ_ACQUISTI" type="xs:string" minOccurs="0" />
                <xs:element name="BSP_ACQUISTI" type="xs:string" minOccurs="0" />
                <xs:element name="MALT_ACQUISTI" type="xs:string" minOccurs="0" />
                <xs:element name="XAUS_ACQUISTI" type="xs:string" minOccurs="0" />
                <xs:element name="XFRA_ACQUISTI" type="xs:string" minOccurs="0" />
                <xs:element name="TOTALE_VENDITE" type="xs:string" minOccurs="0" />
                <xs:element name="NAT_VENDITE" type="xs:string" minOccurs="0" />
                <xs:element name="CNOR_VENDITE" type="xs:string" minOccurs="0" />
                <xs:element name="CSUD_VENDITE" type="xs:string" minOccurs="0" />
                <xs:element name="NORD_VENDITE" type="xs:string" minOccurs="0" />
                <xs:element name="SARD_VENDITE" type="xs:string" minOccurs="0" />
                <xs:element name="SICI_VENDITE" type="xs:string" minOccurs="0" />
                <xs:element name="SUD_VENDITE" type="xs:string" minOccurs="0" />
                <xs:element name="AUST_VENDITE" type="xs:string" minOccurs="0" />
                <xs:element name="BRNN_VENDITE" type="xs:string" minOccurs="0" />
                <xs:element name="COAC_VENDITE" type="xs:string" minOccurs="0" />
                <xs:element name="CORS_VENDITE" type="xs:string" minOccurs="0" />
                <xs:element name="FOGN_VENDITE" type="xs:string" minOccurs="0" />
                <xs:element name="FRAN_VENDITE" type="xs:string" minOccurs="0" />
                <xs:element name="GREC_VENDITE" type="xs:string" minOccurs="0" />
                <xs:element name="MFTV_VENDITE" type="xs:string" minOccurs="0" />
                <xs:element name="PRGP_VENDITE" type="xs:string" minOccurs="0" />
                <xs:element name="ROSN_VENDITE" type="xs:string" minOccurs="0" />
                <xs:element name="SLOV_VENDITE" type="xs:string" minOccurs="0" />
                <xs:element name="SVIZ_VENDITE" type="xs:string" minOccurs="0" />
                <xs:element name="BSP_VENDITE" type="xs:string" minOccurs="0" />
                <xs:element name="MALT_VENDITE" type="xs:string" minOccurs="0" />
                <xs:element name="XAUS_VENDITE" type="xs:string" minOccurs="0" />
                <xs:element name="XFRA_VENDITE" type="xs:string" minOccurs="0" />
                <xs:element name="TOTITABSP_VENDITE" msdata:ReadOnly="true" msdata:Expression="Convert(TOTALE_VENDITE, System.Double) + Convert(BSP_VENDITE,System.Double)" type="xs:string" minOccurs="0" />
                <xs:element name="TOTITABSP_ACQUISTI" msdata:ReadOnly="true" msdata:Expression="Convert(TOTALE_ACQUISTI, System.Double) + Convert(BSP_ACQUISTI, System.Double)" type="xs:string" minOccurs="0" />
              </xs:sequence>
            </xs:complexType>
          </xs:element>
        </xs:choice>
      </xs:complexType>
    </xs:element>
  </xs:schema>
  <Quantita>
    <Data>20180422</Data>
    <Mercato>MGP</Mercato>
    <Ora>1</Ora>
    <TOTALE_ACQUISTI>24771,209</TOTALE_ACQUISTI>
    <NAT_ACQUISTI>24906,932000</NAT_ACQUISTI>
    <CNOR_ACQUISTI>2629,689000</CNOR_ACQUISTI>
    <CSUD_ACQUISTI>4028,384000</CSUD_ACQUISTI>
    <NORD_ACQUISTI>13231,729000</NORD_ACQUISTI>
    <SARD_ACQUISTI>851,183000</SARD_ACQUISTI>
    <SICI_ACQUISTI>1653,361000</SICI_ACQUISTI>
    <SUD_ACQUISTI>2151,863000</SUD_ACQUISTI>
    <AUST_ACQUISTI>0,000000</AUST_ACQUISTI>
    <BRNN_ACQUISTI>0,000000</BRNN_ACQUISTI>
    <COAC_ACQUISTI>25,000000</COAC_ACQUISTI>
    <CORS_ACQUISTI>5,000000</CORS_ACQUISTI>
    <FOGN_ACQUISTI>0,000000</FOGN_ACQUISTI>
    <FRAN_ACQUISTI>0,000000</FRAN_ACQUISTI>
    <GREC_ACQUISTI>195,000000</GREC_ACQUISTI>
    <MFTV_ACQUISTI>0,000000</MFTV_ACQUISTI>
    <PRGP_ACQUISTI>0,000000</PRGP_ACQUISTI>
    <ROSN_ACQUISTI>0,000000</ROSN_ACQUISTI>
    <SLOV_ACQUISTI>0,000000</SLOV_ACQUISTI>
    <SVIZ_ACQUISTI>0,000000</SVIZ_ACQUISTI>
    <BSP_ACQUISTI>0,000000</BSP_ACQUISTI>
    <MALT_ACQUISTI>0,000000</MALT_ACQUISTI>
    <XAUS_ACQUISTI>0,000000</XAUS_ACQUISTI>
    <XFRA_ACQUISTI>0,000000</XFRA_ACQUISTI>
    <TOTALE_VENDITE>22383,209</TOTALE_VENDITE>
    <NAT_VENDITE>24906,932000</NAT_VENDITE>
    <CNOR_VENDITE>1509,059000</CNOR_VENDITE>
    <CSUD_VENDITE>1702,079000</CSUD_VENDITE>
    <NORD_VENDITE>11752,359000</NORD_VENDITE>
    <SARD_VENDITE>706,529000</SARD_VENDITE>
    <SICI_VENDITE>672,165000</SICI_VENDITE>
    <SUD_VENDITE>760,035000</SUD_VENDITE>
    <AUST_VENDITE>0,000000</AUST_VENDITE>
    <BRNN_VENDITE>1715,213000</BRNN_VENDITE>
    <COAC_VENDITE>0,000000</COAC_VENDITE>
    <CORS_VENDITE>0,000000</CORS_VENDITE>
    <FOGN_VENDITE>379,041000</FOGN_VENDITE>
    <FRAN_VENDITE>99,000000</FRAN_VENDITE>
    <GREC_VENDITE>476,000000</GREC_VENDITE>
    <MFTV_VENDITE>0,000000</MFTV_VENDITE>
    <PRGP_VENDITE>95,000000</PRGP_VENDITE>
    <ROSN_VENDITE>3,729000</ROSN_VENDITE>
    <SLOV_VENDITE>0,000000</SLOV_VENDITE>
    <SVIZ_VENDITE>2513,000000</SVIZ_VENDITE>
    <BSP_VENDITE>433,000000</BSP_VENDITE>
    <MALT_VENDITE>0,000000</MALT_VENDITE>
    <XAUS_VENDITE>187,000000</XAUS_VENDITE>
    <XFRA_VENDITE>1768,000000</XFRA_VENDITE>
    <TOTITABSP_VENDITE>22816,209</TOTITABSP_VENDITE>
    <TOTITABSP_ACQUISTI>24771,209</TOTITABSP_ACQUISTI>
  </Quantita>
  <Quantita>
    <Data>20180422</Data>
    <Mercato>MGP</Mercato>
    <Ora>2</Ora>
    <TOTALE_ACQUISTI>23303,564</TOTALE_ACQUISTI>
    <NAT_ACQUISTI>23419,564000</NAT_ACQUISTI>
    <CNOR_ACQUISTI>2415,280000</CNOR_ACQUISTI>
    <CSUD_ACQUISTI>3657,927000</CSUD_ACQUISTI>
    <NORD_ACQUISTI>12496,696000</NORD_ACQUISTI>
    <SARD_ACQUISTI>796,947000</SARD_ACQUISTI>
    <SICI_ACQUISTI>1520,618000</SICI_ACQUISTI>
    <SUD_ACQUISTI>1980,096000</SUD_ACQUISTI>
    <AUST_ACQUISTI>0,000000</AUST_ACQUISTI>
    <BRNN_ACQUISTI>0,000000</BRNN_ACQUISTI>
    <COAC_ACQUISTI>25,000000</COAC_ACQUISTI>
    <CORS_ACQUISTI>5,000000</CORS_ACQUISTI>
    <FOGN_ACQUISTI>0,000000</FOGN_ACQUISTI>
    <FRAN_ACQUISTI>0,000000</FRAN_ACQUISTI>
    <GREC_ACQUISTI>388,000000</GREC_ACQUISTI>
    <MFTV_ACQUISTI>0,000000</MFTV_ACQUISTI>
    <PRGP_ACQUISTI>0,000000</PRGP_ACQUISTI>
    <ROSN_ACQUISTI>0,000000</ROSN_ACQUISTI>
    <SLOV_ACQUISTI>0,000000</SLOV_ACQUISTI>
    <SVIZ_ACQUISTI>0,000000</SVIZ_ACQUISTI>
    <BSP_ACQUISTI>0,000000</BSP_ACQUISTI>
    <MALT_ACQUISTI>18,000000</MALT_ACQUISTI>
    <XAUS_ACQUISTI>0,000000</XAUS_ACQUISTI>
    <XFRA_ACQUISTI>0,000000</XFRA_ACQUISTI>
    <TOTALE_VENDITE>20915,564</TOTALE_VENDITE>
    <NAT_VENDITE>23419,564000</NAT_VENDITE>
    <CNOR_VENDITE>1400,122000</CNOR_VENDITE>
    <CSUD_VENDITE>1699,310000</CSUD_VENDITE>
    <NORD_VENDITE>10911,854000</NORD_VENDITE>
    <SARD_VENDITE>706,354000</SARD_VENDITE>
    <SICI_VENDITE>721,876000</SICI_VENDITE>
    <SUD_VENDITE>759,106000</SUD_VENDITE>
    <AUST_VENDITE>0,000000</AUST_VENDITE>
    <BRNN_VENDITE>1194,747000</BRNN_VENDITE>
    <COAC_VENDITE>0,000000</COAC_VENDITE>
    <CORS_VENDITE>0,000000</CORS_VENDITE>
    <FOGN_VENDITE>339,707000</FOGN_VENDITE>
    <FRAN_VENDITE>99,000000</FRAN_VENDITE>
    <GREC_VENDITE>470,000000</GREC_VENDITE>
    <MFTV_VENDITE>0,000000</MFTV_VENDITE>
    <PRGP_VENDITE>95,000000</PRGP_VENDITE>
    <ROSN_VENDITE>5,488000</ROSN_VENDITE>
    <SLOV_VENDITE>0,000000</SLOV_VENDITE>
    <SVIZ_VENDITE>2513,000000</SVIZ_VENDITE>
    <BSP_VENDITE>433,000000</BSP_VENDITE>
    <MALT_VENDITE>0,000000</MALT_VENDITE>
    <XAUS_VENDITE>187,000000</XAUS_VENDITE>
    <XFRA_VENDITE>1768,000000</XFRA_VENDITE>
    <TOTITABSP_VENDITE>21348,564</TOTITABSP_VENDITE>
    <TOTITABSP_ACQUISTI>23303,564</TOTITABSP_ACQUISTI>
  </Quantita>
  <Quantita>
    <Data>20180422</Data>
    <Mercato>MGP</Mercato>
    <Ora>3</Ora>
    <TOTALE_ACQUISTI>22495,51</TOTALE_ACQUISTI>
    <NAT_ACQUISTI>22581,510000</NAT_ACQUISTI>
    <CNOR_ACQUISTI>2317,569000</CNOR_ACQUISTI>
    <CSUD_ACQUISTI>3448,132000</CSUD_ACQUISTI>
    <NORD_ACQUISTI>12113,740000</NORD_ACQUISTI>
    <SARD_ACQUISTI>776,436000</SARD_ACQUISTI>
    <SICI_ACQUISTI>1436,771000</SICI_ACQUISTI>
    <SUD_ACQUISTI>1885,862000</SUD_ACQUISTI>
    <AUST_ACQUISTI>0,000000</AUST_ACQUISTI>
    <BRNN_ACQUISTI>0,000000</BRNN_ACQUISTI>
    <COAC_ACQUISTI>25,000000</COAC_ACQUISTI>
    <CORS_ACQUISTI>5,000000</CORS_ACQUISTI>
    <FOGN_ACQUISTI>0,000000</FOGN_ACQUISTI>
    <FRAN_ACQUISTI>0,000000</FRAN_ACQUISTI>
    <GREC_ACQUISTI>478,000000</GREC_ACQUISTI>
    <MFTV_ACQUISTI>0,000000</MFTV_ACQUISTI>
    <PRGP_ACQUISTI>0,000000</PRGP_ACQUISTI>
    <ROSN_ACQUISTI>0,000000</ROSN_ACQUISTI>
    <SLOV_ACQUISTI>0,000000</SLOV_ACQUISTI>
    <SVIZ_ACQUISTI>0,000000</SVIZ_ACQUISTI>
    <BSP_ACQUISTI>0,000000</BSP_ACQUISTI>
    <MALT_ACQUISTI>9,000000</MALT_ACQUISTI>
    <XAUS_ACQUISTI>0,000000</XAUS_ACQUISTI>
    <XFRA_ACQUISTI>0,000000</XFRA_ACQUISTI>
    <TOTALE_VENDITE>20107,51</TOTALE_VENDITE>
    <NAT_VENDITE>22581,510000</NAT_VENDITE>
    <CNOR_VENDITE>1393,181000</CNOR_VENDITE>
    <CSUD_VENDITE>1699,496000</CSUD_VENDITE>
    <NORD_VENDITE>10438,128000</NORD_VENDITE>
    <SARD_VENDITE>706,168000</SARD_VENDITE>
    <SICI_VENDITE>708,369000</SICI_VENDITE>
    <SUD_VENDITE>715,763000</SUD_VENDITE>
    <AUST_VENDITE>0,000000</AUST_VENDITE>
    <BRNN_VENDITE>1194,785000</BRNN_VENDITE>
    <COAC_VENDITE>0,000000</COAC_VENDITE>
    <CORS_VENDITE>0,000000</CORS_VENDITE>
    <FOGN_VENDITE>98,207000</FOGN_VENDITE>
    <FRAN_VENDITE>99,000000</FRAN_VENDITE>
    <GREC_VENDITE>440,000000</GREC_VENDITE>
    <MFTV_VENDITE>0,000000</MFTV_VENDITE>
    <PRGP_VENDITE>95,000000</PRGP_VENDITE>
    <ROSN_VENDITE>6,413000</ROSN_VENDITE>
    <SLOV_VENDITE>0,000000</SLOV_VENDITE>
    <SVIZ_VENDITE>2513,000000</SVIZ_VENDITE>
    <BSP_VENDITE>433,000000</BSP_VENDITE>
    <MALT_VENDITE>0,000000</MALT_VENDITE>
    <XAUS_VENDITE>187,000000</XAUS_VENDITE>
    <XFRA_VENDITE>1768,000000</XFRA_VENDITE>
    <TOTITABSP_VENDITE>20540,51</TOTITABSP_VENDITE>
    <TOTITABSP_ACQUISTI>22495,51</TOTITABSP_ACQUISTI>
  </Quantita>
  <Quantita>
    <Data>20180422</Data>
    <Mercato>MGP</Mercato>
    <Ora>4</Ora>
    <TOTALE_ACQUISTI>22063,413</TOTALE_ACQUISTI>
    <NAT_ACQUISTI>22113,202000</NAT_ACQUISTI>
    <CNOR_ACQUISTI>2268,454000</CNOR_ACQUISTI>
    <CSUD_ACQUISTI>3352,250000</CSUD_ACQUISTI>
    <NORD_ACQUISTI>11999,966000</NORD_ACQUISTI>
    <SARD_ACQUISTI>761,025000</SARD_ACQUISTI>
    <SICI_ACQUISTI>1394,139000</SICI_ACQUISTI>
    <SUD_ACQUISTI>1843,610000</SUD_ACQUISTI>
    <AUST_ACQUISTI>0,000000</AUST_ACQUISTI>
    <BRNN_ACQUISTI>0,000000</BRNN_ACQUISTI>
    <COAC_ACQUISTI>26,000000</COAC_ACQUISTI>
    <CORS_ACQUISTI>5,000000</CORS_ACQUISTI>
    <FOGN_ACQUISTI>0,000000</FOGN_ACQUISTI>
    <FRAN_ACQUISTI>0,000000</FRAN_ACQUISTI>
    <GREC_ACQUISTI>378,969000</GREC_ACQUISTI>
    <MFTV_ACQUISTI>0,000000</MFTV_ACQUISTI>
    <PRGP_ACQUISTI>0,000000</PRGP_ACQUISTI>
    <ROSN_ACQUISTI>0,000000</ROSN_ACQUISTI>
    <SLOV_ACQUISTI>0,000000</SLOV_ACQUISTI>
    <SVIZ_ACQUISTI>0,000000</SVIZ_ACQUISTI>
    <BSP_ACQUISTI>0,000000</BSP_ACQUISTI>
    <MALT_ACQUISTI>34,000000</MALT_ACQUISTI>
    <XAUS_ACQUISTI>0,000000</XAUS_ACQUISTI>
    <XFRA_ACQUISTI>0,000000</XFRA_ACQUISTI>
    <TOTALE_VENDITE>19675,413</TOTALE_VENDITE>
    <NAT_VENDITE>22113,202000</NAT_VENDITE>
    <CNOR_VENDITE>1396,716000</CNOR_VENDITE>
    <CSUD_VENDITE>1677,806000</CSUD_VENDITE>
    <NORD_VENDITE>10271,704000</NORD_VENDITE>
    <SARD_VENDITE>706,677000</SARD_VENDITE>
    <SICI_VENDITE>656,722000</SICI_VENDITE>
    <SUD_VENDITE>705,023000</SUD_VENDITE>
    <AUST_VENDITE>0,000000</AUST_VENDITE>
    <BRNN_VENDITE>1194,740000</BRNN_VENDITE>
    <COAC_VENDITE>0,000000</COAC_VENDITE>
    <CORS_VENDITE>0,000000</CORS_VENDITE>
    <FOGN_VENDITE>0,036000</FOGN_VENDITE>
    <FRAN_VENDITE>99,000000</FRAN_VENDITE>
    <GREC_VENDITE>448,000000</GREC_VENDITE>
    <MFTV_VENDITE>0,000000</MFTV_VENDITE>
    <PRGP_VENDITE>0,000000</PRGP_VENDITE>
    <ROSN_VENDITE>5,989000</ROSN_VENDITE>
    <SLOV_VENDITE>0,000000</SLOV_VENDITE>
    <SVIZ_VENDITE>2513,000000</SVIZ_VENDITE>
    <BSP_VENDITE>433,000000</BSP_VENDITE>
    <MALT_VENDITE>0,000000</MALT_VENDITE>
    <XAUS_VENDITE>187,000000</XAUS_VENDITE>
    <XFRA_VENDITE>1768,000000</XFRA_VENDITE>
    <TOTITABSP_VENDITE>20108,413</TOTITABSP_VENDITE>
    <TOTITABSP_ACQUISTI>22063,413</TOTITABSP_ACQUISTI>
  </Quantita>
  <Quantita>
    <Data>20180422</Data>
    <Mercato>MGP</Mercato>
    <Ora>5</Ora>
    <TOTALE_ACQUISTI>21794,386</TOTALE_ACQUISTI>
    <NAT_ACQUISTI>21897,408000</NAT_ACQUISTI>
    <CNOR_ACQUISTI>2231,195000</CNOR_ACQUISTI>
    <CSUD_ACQUISTI>3295,341000</CSUD_ACQUISTI>
    <NORD_ACQUISTI>11864,165000</NORD_ACQUISTI>
    <SARD_ACQUISTI>755,414000</SARD_ACQUISTI>
    <SICI_ACQUISTI>1363,220000</SICI_ACQUISTI>
    <SUD_ACQUISTI>1834,073000</SUD_ACQUISTI>
    <AUST_ACQUISTI>0,000000</AUST_ACQUISTI>
    <BRNN_ACQUISTI>0,000000</BRNN_ACQUISTI>
    <COAC_ACQUISTI>25,000000</COAC_ACQUISTI>
    <CORS_ACQUISTI>5,000000</CORS_ACQUISTI>
    <FOGN_ACQUISTI>0,000000</FOGN_ACQUISTI>
    <FRAN_ACQUISTI>0,000000</FRAN_ACQUISTI>
    <GREC_ACQUISTI>384,978000</GREC_ACQUISTI>
    <MFTV_ACQUISTI>0,000000</MFTV_ACQUISTI>
    <PRGP_ACQUISTI>0,000000</PRGP_ACQUISTI>
    <ROSN_ACQUISTI>0,000000</ROSN_ACQUISTI>
    <SLOV_ACQUISTI>0,000000</SLOV_ACQUISTI>
    <SVIZ_ACQUISTI>0,000000</SVIZ_ACQUISTI>
    <BSP_ACQUISTI>0,000000</BSP_ACQUISTI>
    <MALT_ACQUISTI>36,000000</MALT_ACQUISTI>
    <XAUS_ACQUISTI>0,000000</XAUS_ACQUISTI>
    <XFRA_ACQUISTI>0,000000</XFRA_ACQUISTI>
    <TOTALE_VENDITE>20175,386</TOTALE_VENDITE>
    <NAT_VENDITE>21897,408000</NAT_VENDITE>
    <CNOR_VENDITE>1420,100000</CNOR_VENDITE>
    <CSUD_VENDITE>1673,461000</CSUD_VENDITE>
    <NORD_VENDITE>11576,260000</NORD_VENDITE>
    <SARD_VENDITE>707,334000</SARD_VENDITE>
    <SICI_VENDITE>606,255000</SICI_VENDITE>
    <SUD_VENDITE>693,203000</SUD_VENDITE>
    <AUST_VENDITE>0,000000</AUST_VENDITE>
    <BRNN_VENDITE>1195,730000</BRNN_VENDITE>
    <COAC_VENDITE>0,000000</COAC_VENDITE>
    <CORS_VENDITE>0,000000</CORS_VENDITE>
    <FOGN_VENDITE>0,046000</FOGN_VENDITE>
    <FRAN_VENDITE>99,000000</FRAN_VENDITE>
    <GREC_VENDITE>418,000000</GREC_VENDITE>
    <MFTV_VENDITE>0,000000</MFTV_VENDITE>
    <PRGP_VENDITE>0,000000</PRGP_VENDITE>
    <ROSN_VENDITE>4,997000</ROSN_VENDITE>
    <SLOV_VENDITE>0,000000</SLOV_VENDITE>
    <SVIZ_VENDITE>1781,000000</SVIZ_VENDITE>
    <BSP_VENDITE>298,000000</BSP_VENDITE>
    <MALT_VENDITE>0,000000</MALT_VENDITE>
    <XAUS_VENDITE>134,000000</XAUS_VENDITE>
    <XFRA_VENDITE>1187,000000</XFRA_VENDITE>
    <TOTITABSP_VENDITE>20473,386</TOTITABSP_VENDITE>
    <TOTITABSP_ACQUISTI>21794,386</TOTITABSP_ACQUISTI>
  </Quantita>
  <Quantita>
    <Data>20180422</Data>
    <Mercato>MGP</Mercato>
    <Ora>6</Ora>
    <TOTALE_ACQUISTI>21971,462</TOTALE_ACQUISTI>
    <NAT_ACQUISTI>21997,462000</NAT_ACQUISTI>
    <CNOR_ACQUISTI>2238,150000</CNOR_ACQUISTI>
    <CSUD_ACQUISTI>3341,447000</CSUD_ACQUISTI>
    <NORD_ACQUISTI>11986,426000</NORD_ACQUISTI>
    <SARD_ACQUISTI>768,231000</SARD_ACQUISTI>
    <SICI_ACQUISTI>1371,494000</SICI_ACQUISTI>
    <SUD_ACQUISTI>1836,714000</SUD_ACQUISTI>
    <AUST_ACQUISTI>0,000000</AUST_ACQUISTI>
    <BRNN_ACQUISTI>0,000000</BRNN_ACQUISTI>
    <COAC_ACQUISTI>28,000000</COAC_ACQUISTI>
    <CORS_ACQUISTI>5,000000</CORS_ACQUISTI>
    <FOGN_ACQUISTI>0,000000</FOGN_ACQUISTI>
    <FRAN_ACQUISTI>0,000000</FRAN_ACQUISTI>
    <GREC_ACQUISTI>378,000000</GREC_ACQUISTI>
    <MFTV_ACQUISTI>0,000000</MFTV_ACQUISTI>
    <PRGP_ACQUISTI>0,000000</PRGP_ACQUISTI>
    <ROSN_ACQUISTI>0,000000</ROSN_ACQUISTI>
    <SLOV_ACQUISTI>0,000000</SLOV_ACQUISTI>
    <SVIZ_ACQUISTI>0,000000</SVIZ_ACQUISTI>
    <BSP_ACQUISTI>0,000000</BSP_ACQUISTI>
    <MALT_ACQUISTI>18,000000</MALT_ACQUISTI>
    <XAUS_ACQUISTI>0,000000</XAUS_ACQUISTI>
    <XFRA_ACQUISTI>0,000000</XFRA_ACQUISTI>
    <TOTALE_VENDITE>21075,462</TOTALE_VENDITE>
    <NAT_VENDITE>21997,462000</NAT_VENDITE>
    <CNOR_VENDITE>1425,985000</CNOR_VENDITE>
    <CSUD_VENDITE>1700,939000</CSUD_VENDITE>
    <NORD_VENDITE>13198,591000</NORD_VENDITE>
    <SARD_VENDITE>708,255000</SARD_VENDITE>
    <SICI_VENDITE>661,743000</SICI_VENDITE>
    <SUD_VENDITE>689,159000</SUD_VENDITE>
    <AUST_VENDITE>0,000000</AUST_VENDITE>
    <BRNN_VENDITE>1126,756000</BRNN_VENDITE>
    <COAC_VENDITE>0,000000</COAC_VENDITE>
    <CORS_VENDITE>0,000000</CORS_VENDITE>
    <FOGN_VENDITE>0,035000</FOGN_VENDITE>
    <FRAN_VENDITE>99,000000</FRAN_VENDITE>
    <GREC_VENDITE>433,000000</GREC_VENDITE>
    <MFTV_VENDITE>0,000000</MFTV_VENDITE>
    <PRGP_VENDITE>22,483000</PRGP_VENDITE>
    <ROSN_VENDITE>4,516000</ROSN_VENDITE>
    <SLOV_VENDITE>0,000000</SLOV_VENDITE>
    <SVIZ_VENDITE>1005,000000</SVIZ_VENDITE>
    <BSP_VENDITE>173,000000</BSP_VENDITE>
    <MALT_VENDITE>0,000000</MALT_VENDITE>
    <XAUS_VENDITE>75,000000</XAUS_VENDITE>
    <XFRA_VENDITE>648,000000</XFRA_VENDITE>
    <TOTITABSP_VENDITE>21248,462</TOTITABSP_VENDITE>
    <TOTITABSP_ACQUISTI>21971,462</TOTITABSP_ACQUISTI>
  </Quantita>
  <Quantita>
    <Data>20180422</Data>
    <Mercato>MGP</Mercato>
    <Ora>7</Ora>
    <TOTALE_ACQUISTI>21721,631</TOTALE_ACQUISTI>
    <NAT_ACQUISTI>21736,631000</NAT_ACQUISTI>
    <CNOR_ACQUISTI>2196,129000</CNOR_ACQUISTI>
    <CSUD_ACQUISTI>3293,094000</CSUD_ACQUISTI>
    <NORD_ACQUISTI>11947,353000</NORD_ACQUISTI>
    <SARD_ACQUISTI>777,467000</SARD_ACQUISTI>
    <SICI_ACQUISTI>1343,757000</SICI_ACQUISTI>
    <SUD_ACQUISTI>1756,831000</SUD_ACQUISTI>
    <AUST_ACQUISTI>0,000000</AUST_ACQUISTI>
    <BRNN_ACQUISTI>0,000000</BRNN_ACQUISTI>
    <COAC_ACQUISTI>28,000000</COAC_ACQUISTI>
    <CORS_ACQUISTI>5,000000</CORS_ACQUISTI>
    <FOGN_ACQUISTI>0,000000</FOGN_ACQUISTI>
    <FRAN_ACQUISTI>0,000000</FRAN_ACQUISTI>
    <GREC_ACQUISTI>317,000000</GREC_ACQUISTI>
    <MFTV_ACQUISTI>0,000000</MFTV_ACQUISTI>
    <PRGP_ACQUISTI>0,000000</PRGP_ACQUISTI>
    <ROSN_ACQUISTI>0,000000</ROSN_ACQUISTI>
    <SLOV_ACQUISTI>0,000000</SLOV_ACQUISTI>
    <SVIZ_ACQUISTI>0,000000</SVIZ_ACQUISTI>
    <BSP_ACQUISTI>0,000000</BSP_ACQUISTI>
    <MALT_ACQUISTI>57,000000</MALT_ACQUISTI>
    <XAUS_ACQUISTI>0,000000</XAUS_ACQUISTI>
    <XFRA_ACQUISTI>0,000000</XFRA_ACQUISTI>
    <TOTALE_VENDITE>20825,631</TOTALE_VENDITE>
    <NAT_VENDITE>21736,631000</NAT_VENDITE>
    <CNOR_VENDITE>1587,313000</CNOR_VENDITE>
    <CSUD_VENDITE>1696,000000</CSUD_VENDITE>
    <NORD_VENDITE>12956,169000</NORD_VENDITE>
    <SARD_VENDITE>707,784000</SARD_VENDITE>
    <SICI_VENDITE>542,052000</SICI_VENDITE>
    <SUD_VENDITE>714,966000</SUD_VENDITE>
    <AUST_VENDITE>0,000000</AUST_VENDITE>
    <BRNN_VENDITE>1104,138000</BRNN_VENDITE>
    <COAC_VENDITE>0,000000</COAC_VENDITE>
    <CORS_VENDITE>0,000000</CORS_VENDITE>
    <FOGN_VENDITE>0,066000</FOGN_VENDITE>
    <FRAN_VENDITE>99,000000</FRAN_VENDITE>
    <GREC_VENDITE>408,000000</GREC_VENDITE>
    <MFTV_VENDITE>0,000000</MFTV_VENDITE>
    <PRGP_VENDITE>0,171000</PRGP_VENDITE>
    <ROSN_VENDITE>4,972000</ROSN_VENDITE>
    <SLOV_VENDITE>0,000000</SLOV_VENDITE>
    <SVIZ_VENDITE>1005,000000</SVIZ_VENDITE>
    <BSP_VENDITE>173,000000</BSP_VENDITE>
    <MALT_VENDITE>0,000000</MALT_VENDITE>
    <XAUS_VENDITE>75,000000</XAUS_VENDITE>
    <XFRA_VENDITE>648,000000</XFRA_VENDITE>
    <TOTITABSP_VENDITE>20998,631</TOTITABSP_VENDITE>
    <TOTITABSP_ACQUISTI>21721,631</TOTITABSP_ACQUISTI>
  </Quantita>
  <Quantita>
    <Data>20180422</Data>
    <Mercato>MGP</Mercato>
    <Ora>8</Ora>
    <TOTALE_ACQUISTI>22776,284</TOTALE_ACQUISTI>
    <NAT_ACQUISTI>22776,284000</NAT_ACQUISTI>
    <CNOR_ACQUISTI>2318,811000</CNOR_ACQUISTI>
    <CSUD_ACQUISTI>3558,150000</CSUD_ACQUISTI>
    <NORD_ACQUISTI>12324,415000</NORD_ACQUISTI>
    <SARD_ACQUISTI>809,160000</SARD_ACQUISTI>
    <SICI_ACQUISTI>1473,178000</SICI_ACQUISTI>
    <SUD_ACQUISTI>1910,570000</SUD_ACQUISTI>
    <AUST_ACQUISTI>0,000000</AUST_ACQUISTI>
    <BRNN_ACQUISTI>0,000000</BRNN_ACQUISTI>
    <COAC_ACQUISTI>25,000000</COAC_ACQUISTI>
    <CORS_ACQUISTI>5,000000</CORS_ACQUISTI>
    <FOGN_ACQUISTI>0,000000</FOGN_ACQUISTI>
    <FRAN_ACQUISTI>0,000000</FRAN_ACQUISTI>
    <GREC_ACQUISTI>260,000000</GREC_ACQUISTI>
    <MFTV_ACQUISTI>0,000000</MFTV_ACQUISTI>
    <PRGP_ACQUISTI>0,000000</PRGP_ACQUISTI>
    <ROSN_ACQUISTI>0,000000</ROSN_ACQUISTI>
    <SLOV_ACQUISTI>0,000000</SLOV_ACQUISTI>
    <SVIZ_ACQUISTI>0,000000</SVIZ_ACQUISTI>
    <BSP_ACQUISTI>0,000000</BSP_ACQUISTI>
    <MALT_ACQUISTI>92,000000</MALT_ACQUISTI>
    <XAUS_ACQUISTI>0,000000</XAUS_ACQUISTI>
    <XFRA_ACQUISTI>0,000000</XFRA_ACQUISTI>
    <TOTALE_VENDITE>21880,284</TOTALE_VENDITE>
    <NAT_VENDITE>22776,284000</NAT_VENDITE>
    <CNOR_VENDITE>1742,251000</CNOR_VENDITE>
    <CSUD_VENDITE>1833,333000</CSUD_VENDITE>
    <NORD_VENDITE>13300,975000</NORD_VENDITE>
    <SARD_VENDITE>726,027000</SARD_VENDITE>
    <SICI_VENDITE>603,912000</SICI_VENDITE>
    <SUD_VENDITE>980,722000</SUD_VENDITE>
    <AUST_VENDITE>0,000000</AUST_VENDITE>
    <BRNN_VENDITE>1110,926000</BRNN_VENDITE>
    <COAC_VENDITE>0,000000</COAC_VENDITE>
    <CORS_VENDITE>0,000000</CORS_VENDITE>
    <FOGN_VENDITE>0,711000</FOGN_VENDITE>
    <FRAN_VENDITE>99,000000</FRAN_VENDITE>
    <GREC_VENDITE>468,000000</GREC_VENDITE>
    <MFTV_VENDITE>0,000000</MFTV_VENDITE>
    <PRGP_VENDITE>1,267000</PRGP_VENDITE>
    <ROSN_VENDITE>8,160000</ROSN_VENDITE>
    <SLOV_VENDITE>0,000000</SLOV_VENDITE>
    <SVIZ_VENDITE>1005,000000</SVIZ_VENDITE>
    <BSP_VENDITE>173,000000</BSP_VENDITE>
    <MALT_VENDITE>0,000000</MALT_VENDITE>
    <XAUS_VENDITE>75,000000</XAUS_VENDITE>
    <XFRA_VENDITE>648,000000</XFRA_VENDITE>
    <TOTITABSP_VENDITE>22053,284</TOTITABSP_VENDITE>
    <TOTITABSP_ACQUISTI>22776,284</TOTITABSP_ACQUISTI>
  </Quantita>
  <Quantita>
    <Data>20180422</Data>
    <Mercato>MGP</Mercato>
    <Ora>9</Ora>
    <TOTALE_ACQUISTI>24111,454</TOTALE_ACQUISTI>
    <NAT_ACQUISTI>24111,454000</NAT_ACQUISTI>
    <CNOR_ACQUISTI>2501,744000</CNOR_ACQUISTI>
    <CSUD_ACQUISTI>3921,356000</CSUD_ACQUISTI>
    <NORD_ACQUISTI>12974,318000</NORD_ACQUISTI>
    <SARD_ACQUISTI>866,196000</SARD_ACQUISTI>
    <SICI_ACQUISTI>1637,947000</SICI_ACQUISTI>
    <SUD_ACQUISTI>2072,893000</SUD_ACQUISTI>
    <AUST_ACQUISTI>0,000000</AUST_ACQUISTI>
    <BRNN_ACQUISTI>0,000000</BRNN_ACQUISTI>
    <COAC_ACQUISTI>25,000000</COAC_ACQUISTI>
    <CORS_ACQUISTI>5,000000</CORS_ACQUISTI>
    <FOGN_ACQUISTI>0,000000</FOGN_ACQUISTI>
    <FRAN_ACQUISTI>0,000000</FRAN_ACQUISTI>
    <GREC_ACQUISTI>20,000000</GREC_ACQUISTI>
    <MFTV_ACQUISTI>0,000000</MFTV_ACQUISTI>
    <PRGP_ACQUISTI>0,000000</PRGP_ACQUISTI>
    <ROSN_ACQUISTI>0,000000</ROSN_ACQUISTI>
    <SLOV_ACQUISTI>0,000000</SLOV_ACQUISTI>
    <SVIZ_ACQUISTI>0,000000</SVIZ_ACQUISTI>
    <BSP_ACQUISTI>0,000000</BSP_ACQUISTI>
    <MALT_ACQUISTI>87,000000</MALT_ACQUISTI>
    <XAUS_ACQUISTI>0,000000</XAUS_ACQUISTI>
    <XFRA_ACQUISTI>0,000000</XFRA_ACQUISTI>
    <TOTALE_VENDITE>23215,454</TOTALE_VENDITE>
    <NAT_VENDITE>24111,454000</NAT_VENDITE>
    <CNOR_VENDITE>1974,048000</CNOR_VENDITE>
    <CSUD_VENDITE>1896,526000</CSUD_VENDITE>
    <NORD_VENDITE>13730,367000</NORD_VENDITE>
    <SARD_VENDITE>785,710000</SARD_VENDITE>
    <SICI_VENDITE>728,837000</SICI_VENDITE>
    <SUD_VENDITE>1455,756000</SUD_VENDITE>
    <AUST_VENDITE>0,000000</AUST_VENDITE>
    <BRNN_VENDITE>1074,451000</BRNN_VENDITE>
    <COAC_VENDITE>0,000000</COAC_VENDITE>
    <CORS_VENDITE>0,000000</CORS_VENDITE>
    <FOGN_VENDITE>2,924000</FOGN_VENDITE>
    <FRAN_VENDITE>99,000000</FRAN_VENDITE>
    <GREC_VENDITE>446,000000</GREC_VENDITE>
    <MFTV_VENDITE>0,000000</MFTV_VENDITE>
    <PRGP_VENDITE>2,808000</PRGP_VENDITE>
    <ROSN_VENDITE>14,027000</ROSN_VENDITE>
    <SLOV_VENDITE>0,000000</SLOV_VENDITE>
    <SVIZ_VENDITE>1005,000000</SVIZ_VENDITE>
    <BSP_VENDITE>173,000000</BSP_VENDITE>
    <MALT_VENDITE>0,000000</MALT_VENDITE>
    <XAUS_VENDITE>75,000000</XAUS_VENDITE>
    <XFRA_VENDITE>648,000000</XFRA_VENDITE>
    <TOTITABSP_VENDITE>23388,454</TOTITABSP_VENDITE>
    <TOTITABSP_ACQUISTI>24111,454</TOTITABSP_ACQUISTI>
  </Quantita>
  <Quantita>
    <Data>20180422</Data>
    <Mercato>MGP</Mercato>
    <Ora>10</Ora>
    <TOTALE_ACQUISTI>25308,66</TOTALE_ACQUISTI>
    <NAT_ACQUISTI>25308,660000</NAT_ACQUISTI>
    <CNOR_ACQUISTI>2619,617000</CNOR_ACQUISTI>
    <CSUD_ACQUISTI>4223,762000</CSUD_ACQUISTI>
    <NORD_ACQUISTI>13417,393000</NORD_ACQUISTI>
    <SARD_ACQUISTI>893,284000</SARD_ACQUISTI>
    <SICI_ACQUISTI>1735,989000</SICI_ACQUISTI>
    <SUD_ACQUISTI>2171,615000</SUD_ACQUISTI>
    <AUST_ACQUISTI>0,000000</AUST_ACQUISTI>
    <BRNN_ACQUISTI>0,000000</BRNN_ACQUISTI>
    <COAC_ACQUISTI>25,000000</COAC_ACQUISTI>
    <CORS_ACQUISTI>5,000000</CORS_ACQUISTI>
    <FOGN_ACQUISTI>0,000000</FOGN_ACQUISTI>
    <FRAN_ACQUISTI>0,000000</FRAN_ACQUISTI>
    <GREC_ACQUISTI>125,000000</GREC_ACQUISTI>
    <MFTV_ACQUISTI>0,000000</MFTV_ACQUISTI>
    <PRGP_ACQUISTI>0,000000</PRGP_ACQUISTI>
    <ROSN_ACQUISTI>0,000000</ROSN_ACQUISTI>
    <SLOV_ACQUISTI>0,000000</SLOV_ACQUISTI>
    <SVIZ_ACQUISTI>0,000000</SVIZ_ACQUISTI>
    <BSP_ACQUISTI>0,000000</BSP_ACQUISTI>
    <MALT_ACQUISTI>92,000000</MALT_ACQUISTI>
    <XAUS_ACQUISTI>0,000000</XAUS_ACQUISTI>
    <XFRA_ACQUISTI>0,000000</XFRA_ACQUISTI>
    <TOTALE_VENDITE>24412,66</TOTALE_VENDITE>
    <NAT_VENDITE>25308,660000</NAT_VENDITE>
    <CNOR_VENDITE>2195,703000</CNOR_VENDITE>
    <CSUD_VENDITE>1888,064000</CSUD_VENDITE>
    <NORD_VENDITE>14241,307000</NORD_VENDITE>
    <SARD_VENDITE>856,624000</SARD_VENDITE>
    <SICI_VENDITE>860,856000</SICI_VENDITE>
    <SUD_VENDITE>1805,124000</SUD_VENDITE>
    <AUST_VENDITE>0,000000</AUST_VENDITE>
    <BRNN_VENDITE>1013,457000</BRNN_VENDITE>
    <COAC_VENDITE>0,000000</COAC_VENDITE>
    <CORS_VENDITE>0,000000</CORS_VENDITE>
    <FOGN_VENDITE>6,695000</FOGN_VENDITE>
    <FRAN_VENDITE>99,000000</FRAN_VENDITE>
    <GREC_VENDITE>416,752000</GREC_VENDITE>
    <MFTV_VENDITE>0,000000</MFTV_VENDITE>
    <PRGP_VENDITE>4,291000</PRGP_VENDITE>
    <ROSN_VENDITE>19,787000</ROSN_VENDITE>
    <SLOV_VENDITE>0,000000</SLOV_VENDITE>
    <SVIZ_VENDITE>1005,000000</SVIZ_VENDITE>
    <BSP_VENDITE>173,000000</BSP_VENDITE>
    <MALT_VENDITE>0,000000</MALT_VENDITE>
    <XAUS_VENDITE>75,000000</XAUS_VENDITE>
    <XFRA_VENDITE>648,000000</XFRA_VENDITE>
    <TOTITABSP_VENDITE>24585,66</TOTITABSP_VENDITE>
    <TOTITABSP_ACQUISTI>25308,66</TOTITABSP_ACQUISTI>
  </Quantita>
  <Quantita>
    <Data>20180422</Data>
    <Mercato>MGP</Mercato>
    <Ora>11</Ora>
    <TOTALE_ACQUISTI>25723,4</TOTALE_ACQUISTI>
    <NAT_ACQUISTI>25723,400000</NAT_ACQUISTI>
    <CNOR_ACQUISTI>2695,511000</CNOR_ACQUISTI>
    <CSUD_ACQUISTI>4307,648000</CSUD_ACQUISTI>
    <NORD_ACQUISTI>13449,558000</NORD_ACQUISTI>
    <SARD_ACQUISTI>881,658000</SARD_ACQUISTI>
    <SICI_ACQUISTI>1761,663000</SICI_ACQUISTI>
    <SUD_ACQUISTI>2197,362000</SUD_ACQUISTI>
    <AUST_ACQUISTI>0,000000</AUST_ACQUISTI>
    <BRNN_ACQUISTI>0,000000</BRNN_ACQUISTI>
    <COAC_ACQUISTI>20,000000</COAC_ACQUISTI>
    <CORS_ACQUISTI>5,000000</CORS_ACQUISTI>
    <FOGN_ACQUISTI>0,000000</FOGN_ACQUISTI>
    <FRAN_ACQUISTI>0,000000</FRAN_ACQUISTI>
    <GREC_ACQUISTI>305,000000</GREC_ACQUISTI>
    <MFTV_ACQUISTI>0,000000</MFTV_ACQUISTI>
    <PRGP_ACQUISTI>0,000000</PRGP_ACQUISTI>
    <ROSN_ACQUISTI>0,000000</ROSN_ACQUISTI>
    <SLOV_ACQUISTI>0,000000</SLOV_ACQUISTI>
    <SVIZ_ACQUISTI>0,000000</SVIZ_ACQUISTI>
    <BSP_ACQUISTI>0,000000</BSP_ACQUISTI>
    <MALT_ACQUISTI>100,000000</MALT_ACQUISTI>
    <XAUS_ACQUISTI>0,000000</XAUS_ACQUISTI>
    <XFRA_ACQUISTI>0,000000</XFRA_ACQUISTI>
    <TOTALE_VENDITE>25325,4</TOTALE_VENDITE>
    <NAT_VENDITE>25723,400000</NAT_VENDITE>
    <CNOR_VENDITE>2388,641000</CNOR_VENDITE>
    <CSUD_VENDITE>2187,885000</CSUD_VENDITE>
    <NORD_VENDITE>14560,267000</NORD_VENDITE>
    <SARD_VENDITE>914,783000</SARD_VENDITE>
    <SICI_VENDITE>966,134000</SICI_VENDITE>
    <SUD_VENDITE>2256,548000</SUD_VENDITE>
    <AUST_VENDITE>0,000000</AUST_VENDITE>
    <BRNN_VENDITE>1014,970000</BRNN_VENDITE>
    <COAC_VENDITE>0,000000</COAC_VENDITE>
    <CORS_VENDITE>0,000000</CORS_VENDITE>
    <FOGN_VENDITE>9,515000</FOGN_VENDITE>
    <FRAN_VENDITE>99,000000</FRAN_VENDITE>
    <GREC_VENDITE>395,000000</GREC_VENDITE>
    <MFTV_VENDITE>0,000000</MFTV_VENDITE>
    <PRGP_VENDITE>5,374000</PRGP_VENDITE>
    <ROSN_VENDITE>24,283000</ROSN_VENDITE>
    <SLOV_VENDITE>0,000000</SLOV_VENDITE>
    <SVIZ_VENDITE>503,000000</SVIZ_VENDITE>
    <BSP_VENDITE>87,000000</BSP_VENDITE>
    <MALT_VENDITE>0,000000</MALT_VENDITE>
    <XAUS_VENDITE>37,000000</XAUS_VENDITE>
    <XFRA_VENDITE>274,000000</XFRA_VENDITE>
    <TOTITABSP_VENDITE>25412,4</TOTITABSP_VENDITE>
    <TOTITABSP_ACQUISTI>25723,4</TOTITABSP_ACQUISTI>
  </Quantita>
  <Quantita>
    <Data>20180422</Data>
    <Mercato>MGP</Mercato>
    <Ora>12</Ora>
    <TOTALE_ACQUISTI>25887,576</TOTALE_ACQUISTI>
    <NAT_ACQUISTI>25887,576000</NAT_ACQUISTI>
    <CNOR_ACQUISTI>2723,663000</CNOR_ACQUISTI>
    <CSUD_ACQUISTI>4381,396000</CSUD_ACQUISTI>
    <NORD_ACQUISTI>13452,982000</NORD_ACQUISTI>
    <SARD_ACQUISTI>868,542000</SARD_ACQUISTI>
    <SICI_ACQUISTI>1744,889000</SICI_ACQUISTI>
    <SUD_ACQUISTI>2202,104000</SUD_ACQUISTI>
    <AUST_ACQUISTI>0,000000</AUST_ACQUISTI>
    <BRNN_ACQUISTI>0,000000</BRNN_ACQUISTI>
    <COAC_ACQUISTI>20,000000</COAC_ACQUISTI>
    <CORS_ACQUISTI>5,000000</CORS_ACQUISTI>
    <FOGN_ACQUISTI>0,000000</FOGN_ACQUISTI>
    <FRAN_ACQUISTI>0,000000</FRAN_ACQUISTI>
    <GREC_ACQUISTI>400,000000</GREC_ACQUISTI>
    <MFTV_ACQUISTI>0,000000</MFTV_ACQUISTI>
    <PRGP_ACQUISTI>0,000000</PRGP_ACQUISTI>
    <ROSN_ACQUISTI>0,000000</ROSN_ACQUISTI>
    <SLOV_ACQUISTI>0,000000</SLOV_ACQUISTI>
    <SVIZ_ACQUISTI>0,000000</SVIZ_ACQUISTI>
    <BSP_ACQUISTI>0,000000</BSP_ACQUISTI>
    <MALT_ACQUISTI>89,000000</MALT_ACQUISTI>
    <XAUS_ACQUISTI>0,000000</XAUS_ACQUISTI>
    <XFRA_ACQUISTI>0,000000</XFRA_ACQUISTI>
    <TOTALE_VENDITE>25489,576</TOTALE_VENDITE>
    <NAT_VENDITE>25887,576000</NAT_VENDITE>
    <CNOR_VENDITE>2517,155000</CNOR_VENDITE>
    <CSUD_VENDITE>2322,670000</CSUD_VENDITE>
    <NORD_VENDITE>14313,645000</NORD_VENDITE>
    <SARD_VENDITE>976,009000</SARD_VENDITE>
    <SICI_VENDITE>999,678000</SICI_VENDITE>
    <SUD_VENDITE>2466,655000</SUD_VENDITE>
    <AUST_VENDITE>0,000000</AUST_VENDITE>
    <BRNN_VENDITE>1018,275000</BRNN_VENDITE>
    <COAC_VENDITE>0,000000</COAC_VENDITE>
    <CORS_VENDITE>0,000000</CORS_VENDITE>
    <FOGN_VENDITE>10,799000</FOGN_VENDITE>
    <FRAN_VENDITE>99,000000</FRAN_VENDITE>
    <GREC_VENDITE>229,000000</GREC_VENDITE>
    <MFTV_VENDITE>0,000000</MFTV_VENDITE>
    <PRGP_VENDITE>6,003000</PRGP_VENDITE>
    <ROSN_VENDITE>27,687000</ROSN_VENDITE>
    <SLOV_VENDITE>0,000000</SLOV_VENDITE>
    <SVIZ_VENDITE>503,000000</SVIZ_VENDITE>
    <BSP_VENDITE>87,000000</BSP_VENDITE>
    <MALT_VENDITE>0,000000</MALT_VENDITE>
    <XAUS_VENDITE>37,000000</XAUS_VENDITE>
    <XFRA_VENDITE>274,000000</XFRA_VENDITE>
    <TOTITABSP_VENDITE>25576,576</TOTITABSP_VENDITE>
    <TOTITABSP_ACQUISTI>25887,576</TOTITABSP_ACQUISTI>
  </Quantita>
  <Quantita>
    <Data>20180422</Data>
    <Mercato>MGP</Mercato>
    <Ora>13</Ora>
    <TOTALE_ACQUISTI>25418,412</TOTALE_ACQUISTI>
    <NAT_ACQUISTI>25418,412000</NAT_ACQUISTI>
    <CNOR_ACQUISTI>2659,894000</CNOR_ACQUISTI>
    <CSUD_ACQUISTI>4398,771000</CSUD_ACQUISTI>
    <NORD_ACQUISTI>13170,399000</NORD_ACQUISTI>
    <SARD_ACQUISTI>854,172000</SARD_ACQUISTI>
    <SICI_ACQUISTI>1723,458000</SICI_ACQUISTI>
    <SUD_ACQUISTI>2210,718000</SUD_ACQUISTI>
    <AUST_ACQUISTI>0,000000</AUST_ACQUISTI>
    <BRNN_ACQUISTI>0,000000</BRNN_ACQUISTI>
    <COAC_ACQUISTI>20,000000</COAC_ACQUISTI>
    <CORS_ACQUISTI>5,000000</CORS_ACQUISTI>
    <FOGN_ACQUISTI>0,000000</FOGN_ACQUISTI>
    <FRAN_ACQUISTI>0,000000</FRAN_ACQUISTI>
    <GREC_ACQUISTI>298,000000</GREC_ACQUISTI>
    <MFTV_ACQUISTI>0,000000</MFTV_ACQUISTI>
    <PRGP_ACQUISTI>0,000000</PRGP_ACQUISTI>
    <ROSN_ACQUISTI>0,000000</ROSN_ACQUISTI>
    <SLOV_ACQUISTI>0,000000</SLOV_ACQUISTI>
    <SVIZ_ACQUISTI>0,000000</SVIZ_ACQUISTI>
    <BSP_ACQUISTI>0,000000</BSP_ACQUISTI>
    <MALT_ACQUISTI>78,000000</MALT_ACQUISTI>
    <XAUS_ACQUISTI>0,000000</XAUS_ACQUISTI>
    <XFRA_ACQUISTI>0,000000</XFRA_ACQUISTI>
    <TOTALE_VENDITE>25020,412</TOTALE_VENDITE>
    <NAT_VENDITE>25418,412000</NAT_VENDITE>
    <CNOR_VENDITE>2451,368000</CNOR_VENDITE>
    <CSUD_VENDITE>2408,392000</CSUD_VENDITE>
    <NORD_VENDITE>13726,926000</NORD_VENDITE>
    <SARD_VENDITE>1014,667000</SARD_VENDITE>
    <SICI_VENDITE>1023,172000</SICI_VENDITE>
    <SUD_VENDITE>2606,194000</SUD_VENDITE>
    <AUST_VENDITE>0,000000</AUST_VENDITE>
    <BRNN_VENDITE>1019,746000</BRNN_VENDITE>
    <COAC_VENDITE>0,000000</COAC_VENDITE>
    <CORS_VENDITE>0,000000</CORS_VENDITE>
    <FOGN_VENDITE>11,362000</FOGN_VENDITE>
    <FRAN_VENDITE>99,000000</FRAN_VENDITE>
    <GREC_VENDITE>121,000000</GREC_VENDITE>
    <MFTV_VENDITE>0,000000</MFTV_VENDITE>
    <PRGP_VENDITE>6,267000</PRGP_VENDITE>
    <ROSN_VENDITE>29,318000</ROSN_VENDITE>
    <SLOV_VENDITE>0,000000</SLOV_VENDITE>
    <SVIZ_VENDITE>503,000000</SVIZ_VENDITE>
    <BSP_VENDITE>87,000000</BSP_VENDITE>
    <MALT_VENDITE>0,000000</MALT_VENDITE>
    <XAUS_VENDITE>37,000000</XAUS_VENDITE>
    <XFRA_VENDITE>274,000000</XFRA_VENDITE>
    <TOTITABSP_VENDITE>25107,412</TOTITABSP_VENDITE>
    <TOTITABSP_ACQUISTI>25418,412</TOTITABSP_ACQUISTI>
  </Quantita>
  <Quantita>
    <Data>20180422</Data>
    <Mercato>MGP</Mercato>
    <Ora>14</Ora>
    <TOTALE_ACQUISTI>24255,074</TOTALE_ACQUISTI>
    <NAT_ACQUISTI>24255,074000</NAT_ACQUISTI>
    <CNOR_ACQUISTI>2458,795000</CNOR_ACQUISTI>
    <CSUD_ACQUISTI>4170,072000</CSUD_ACQUISTI>
    <NORD_ACQUISTI>12729,961000</NORD_ACQUISTI>
    <SARD_ACQUISTI>801,968000</SARD_ACQUISTI>
    <SICI_ACQUISTI>1597,458000</SICI_ACQUISTI>
    <SUD_ACQUISTI>2018,820000</SUD_ACQUISTI>
    <AUST_ACQUISTI>0,000000</AUST_ACQUISTI>
    <BRNN_ACQUISTI>0,000000</BRNN_ACQUISTI>
    <COAC_ACQUISTI>20,000000</COAC_ACQUISTI>
    <CORS_ACQUISTI>5,000000</CORS_ACQUISTI>
    <FOGN_ACQUISTI>0,000000</FOGN_ACQUISTI>
    <FRAN_ACQUISTI>0,000000</FRAN_ACQUISTI>
    <GREC_ACQUISTI>408,000000</GREC_ACQUISTI>
    <MFTV_ACQUISTI>0,000000</MFTV_ACQUISTI>
    <PRGP_ACQUISTI>0,000000</PRGP_ACQUISTI>
    <ROSN_ACQUISTI>0,000000</ROSN_ACQUISTI>
    <SLOV_ACQUISTI>0,000000</SLOV_ACQUISTI>
    <SVIZ_ACQUISTI>0,000000</SVIZ_ACQUISTI>
    <BSP_ACQUISTI>0,000000</BSP_ACQUISTI>
    <MALT_ACQUISTI>45,000000</MALT_ACQUISTI>
    <XAUS_ACQUISTI>0,000000</XAUS_ACQUISTI>
    <XFRA_ACQUISTI>0,000000</XFRA_ACQUISTI>
    <TOTALE_VENDITE>23857,074</TOTALE_VENDITE>
    <NAT_VENDITE>24255,074000</NAT_VENDITE>
    <CNOR_VENDITE>2434,315000</CNOR_VENDITE>
    <CSUD_VENDITE>2380,623000</CSUD_VENDITE>
    <NORD_VENDITE>12610,844000</NORD_VENDITE>
    <SARD_VENDITE>1038,744000</SARD_VENDITE>
    <SICI_VENDITE>1010,012000</SICI_VENDITE>
    <SUD_VENDITE>2554,563000</SUD_VENDITE>
    <AUST_VENDITE>0,000000</AUST_VENDITE>
    <BRNN_VENDITE>1021,046000</BRNN_VENDITE>
    <COAC_VENDITE>0,000000</COAC_VENDITE>
    <CORS_VENDITE>0,000000</CORS_VENDITE>
    <FOGN_VENDITE>11,351000</FOGN_VENDITE>
    <FRAN_VENDITE>99,000000</FRAN_VENDITE>
    <GREC_VENDITE>158,000000</GREC_VENDITE>
    <MFTV_VENDITE>0,000000</MFTV_VENDITE>
    <PRGP_VENDITE>5,873000</PRGP_VENDITE>
    <ROSN_VENDITE>29,703000</ROSN_VENDITE>
    <SLOV_VENDITE>0,000000</SLOV_VENDITE>
    <SVIZ_VENDITE>503,000000</SVIZ_VENDITE>
    <BSP_VENDITE>87,000000</BSP_VENDITE>
    <MALT_VENDITE>0,000000</MALT_VENDITE>
    <XAUS_VENDITE>37,000000</XAUS_VENDITE>
    <XFRA_VENDITE>274,000000</XFRA_VENDITE>
    <TOTITABSP_VENDITE>23944,074</TOTITABSP_VENDITE>
    <TOTITABSP_ACQUISTI>24255,074</TOTITABSP_ACQUISTI>
  </Quantita>
  <Quantita>
    <Data>20180422</Data>
    <Mercato>MGP</Mercato>
    <Ora>15</Ora>
    <TOTALE_ACQUISTI>23687,259</TOTALE_ACQUISTI>
    <NAT_ACQUISTI>23687,259000</NAT_ACQUISTI>
    <CNOR_ACQUISTI>2454,269000</CNOR_ACQUISTI>
    <CSUD_ACQUISTI>3978,576000</CSUD_ACQUISTI>
    <NORD_ACQUISTI>12582,139000</NORD_ACQUISTI>
    <SARD_ACQUISTI>765,101000</SARD_ACQUISTI>
    <SICI_ACQUISTI>1511,705000</SICI_ACQUISTI>
    <SUD_ACQUISTI>1888,469000</SUD_ACQUISTI>
    <AUST_ACQUISTI>0,000000</AUST_ACQUISTI>
    <BRNN_ACQUISTI>0,000000</BRNN_ACQUISTI>
    <COAC_ACQUISTI>20,000000</COAC_ACQUISTI>
    <CORS_ACQUISTI>5,000000</CORS_ACQUISTI>
    <FOGN_ACQUISTI>0,000000</FOGN_ACQUISTI>
    <FRAN_ACQUISTI>0,000000</FRAN_ACQUISTI>
    <GREC_ACQUISTI>423,000000</GREC_ACQUISTI>
    <MFTV_ACQUISTI>0,000000</MFTV_ACQUISTI>
    <PRGP_ACQUISTI>0,000000</PRGP_ACQUISTI>
    <ROSN_ACQUISTI>0,000000</ROSN_ACQUISTI>
    <SLOV_ACQUISTI>0,000000</SLOV_ACQUISTI>
    <SVIZ_ACQUISTI>0,000000</SVIZ_ACQUISTI>
    <BSP_ACQUISTI>0,000000</BSP_ACQUISTI>
    <MALT_ACQUISTI>59,000000</MALT_ACQUISTI>
    <XAUS_ACQUISTI>0,000000</XAUS_ACQUISTI>
    <XFRA_ACQUISTI>0,000000</XFRA_ACQUISTI>
    <TOTALE_VENDITE>23289,259</TOTALE_VENDITE>
    <NAT_VENDITE>23687,259000</NAT_VENDITE>
    <CNOR_VENDITE>2358,721000</CNOR_VENDITE>
    <CSUD_VENDITE>2243,804000</CSUD_VENDITE>
    <NORD_VENDITE>12383,310000</NORD_VENDITE>
    <SARD_VENDITE>1027,312000</SARD_VENDITE>
    <SICI_VENDITE>983,442000</SICI_VENDITE>
    <SUD_VENDITE>2445,093000</SUD_VENDITE>
    <AUST_VENDITE>0,000000</AUST_VENDITE>
    <BRNN_VENDITE>1021,827000</BRNN_VENDITE>
    <COAC_VENDITE>0,000000</COAC_VENDITE>
    <CORS_VENDITE>0,000000</CORS_VENDITE>
    <FOGN_VENDITE>10,694000</FOGN_VENDITE>
    <FRAN_VENDITE>99,000000</FRAN_VENDITE>
    <GREC_VENDITE>180,000000</GREC_VENDITE>
    <MFTV_VENDITE>0,000000</MFTV_VENDITE>
    <PRGP_VENDITE>4,893000</PRGP_VENDITE>
    <ROSN_VENDITE>28,163000</ROSN_VENDITE>
    <SLOV_VENDITE>0,000000</SLOV_VENDITE>
    <SVIZ_VENDITE>503,000000</SVIZ_VENDITE>
    <BSP_VENDITE>87,000000</BSP_VENDITE>
    <MALT_VENDITE>0,000000</MALT_VENDITE>
    <XAUS_VENDITE>37,000000</XAUS_VENDITE>
    <XFRA_VENDITE>274,000000</XFRA_VENDITE>
    <TOTITABSP_VENDITE>23376,259</TOTITABSP_VENDITE>
    <TOTITABSP_ACQUISTI>23687,259</TOTITABSP_ACQUISTI>
  </Quantita>
  <Quantita>
    <Data>20180422</Data>
    <Mercato>MGP</Mercato>
    <Ora>16</Ora>
    <TOTALE_ACQUISTI>23779,779</TOTALE_ACQUISTI>
    <NAT_ACQUISTI>23779,779000</NAT_ACQUISTI>
    <CNOR_ACQUISTI>2459,818000</CNOR_ACQUISTI>
    <CSUD_ACQUISTI>3977,524000</CSUD_ACQUISTI>
    <NORD_ACQUISTI>12583,673000</NORD_ACQUISTI>
    <SARD_ACQUISTI>762,955000</SARD_ACQUISTI>
    <SICI_ACQUISTI>1510,560000</SICI_ACQUISTI>
    <SUD_ACQUISTI>1912,249000</SUD_ACQUISTI>
    <AUST_ACQUISTI>0,000000</AUST_ACQUISTI>
    <BRNN_ACQUISTI>0,000000</BRNN_ACQUISTI>
    <COAC_ACQUISTI>20,000000</COAC_ACQUISTI>
    <CORS_ACQUISTI>5,000000</CORS_ACQUISTI>
    <FOGN_ACQUISTI>0,000000</FOGN_ACQUISTI>
    <FRAN_ACQUISTI>0,000000</FRAN_ACQUISTI>
    <GREC_ACQUISTI>493,000000</GREC_ACQUISTI>
    <MFTV_ACQUISTI>0,000000</MFTV_ACQUISTI>
    <PRGP_ACQUISTI>0,000000</PRGP_ACQUISTI>
    <ROSN_ACQUISTI>0,000000</ROSN_ACQUISTI>
    <SLOV_ACQUISTI>0,000000</SLOV_ACQUISTI>
    <SVIZ_ACQUISTI>0,000000</SVIZ_ACQUISTI>
    <BSP_ACQUISTI>0,000000</BSP_ACQUISTI>
    <MALT_ACQUISTI>55,000000</MALT_ACQUISTI>
    <XAUS_ACQUISTI>0,000000</XAUS_ACQUISTI>
    <XFRA_ACQUISTI>0,000000</XFRA_ACQUISTI>
    <TOTALE_VENDITE>23381,779</TOTALE_VENDITE>
    <NAT_VENDITE>23779,779000</NAT_VENDITE>
    <CNOR_VENDITE>2281,605000</CNOR_VENDITE>
    <CSUD_VENDITE>2163,450000</CSUD_VENDITE>
    <NORD_VENDITE>12885,138000</NORD_VENDITE>
    <SARD_VENDITE>1006,751000</SARD_VENDITE>
    <SICI_VENDITE>921,542000</SICI_VENDITE>
    <SUD_VENDITE>2191,747000</SUD_VENDITE>
    <AUST_VENDITE>0,000000</AUST_VENDITE>
    <BRNN_VENDITE>1021,263000</BRNN_VENDITE>
    <COAC_VENDITE>0,000000</COAC_VENDITE>
    <CORS_VENDITE>0,000000</CORS_VENDITE>
    <FOGN_VENDITE>9,333000</FOGN_VENDITE>
    <FRAN_VENDITE>99,000000</FRAN_VENDITE>
    <GREC_VENDITE>269,000000</GREC_VENDITE>
    <MFTV_VENDITE>0,000000</MFTV_VENDITE>
    <PRGP_VENDITE>3,832000</PRGP_VENDITE>
    <ROSN_VENDITE>26,118000</ROSN_VENDITE>
    <SLOV_VENDITE>0,000000</SLOV_VENDITE>
    <SVIZ_VENDITE>503,000000</SVIZ_VENDITE>
    <BSP_VENDITE>87,000000</BSP_VENDITE>
    <MALT_VENDITE>0,000000</MALT_VENDITE>
    <XAUS_VENDITE>37,000000</XAUS_VENDITE>
    <XFRA_VENDITE>274,000000</XFRA_VENDITE>
    <TOTITABSP_VENDITE>23468,779</TOTITABSP_VENDITE>
    <TOTITABSP_ACQUISTI>23779,779</TOTITABSP_ACQUISTI>
  </Quantita>
  <Quantita>
    <Data>20180422</Data>
    <Mercato>MGP</Mercato>
    <Ora>17</Ora>
    <TOTALE_ACQUISTI>23984,733</TOTALE_ACQUISTI>
    <NAT_ACQUISTI>23984,733000</NAT_ACQUISTI>
    <CNOR_ACQUISTI>2468,300000</CNOR_ACQUISTI>
    <CSUD_ACQUISTI>3982,582000</CSUD_ACQUISTI>
    <NORD_ACQUISTI>12703,000000</NORD_ACQUISTI>
    <SARD_ACQUISTI>785,187000</SARD_ACQUISTI>
    <SICI_ACQUISTI>1522,811000</SICI_ACQUISTI>
    <SUD_ACQUISTI>1969,853000</SUD_ACQUISTI>
    <AUST_ACQUISTI>0,000000</AUST_ACQUISTI>
    <BRNN_ACQUISTI>0,000000</BRNN_ACQUISTI>
    <COAC_ACQUISTI>20,000000</COAC_ACQUISTI>
    <CORS_ACQUISTI>5,000000</CORS_ACQUISTI>
    <FOGN_ACQUISTI>0,000000</FOGN_ACQUISTI>
    <FRAN_ACQUISTI>0,000000</FRAN_ACQUISTI>
    <GREC_ACQUISTI>440,000000</GREC_ACQUISTI>
    <MFTV_ACQUISTI>0,000000</MFTV_ACQUISTI>
    <PRGP_ACQUISTI>0,000000</PRGP_ACQUISTI>
    <ROSN_ACQUISTI>0,000000</ROSN_ACQUISTI>
    <SLOV_ACQUISTI>0,000000</SLOV_ACQUISTI>
    <SVIZ_ACQUISTI>0,000000</SVIZ_ACQUISTI>
    <BSP_ACQUISTI>0,000000</BSP_ACQUISTI>
    <MALT_ACQUISTI>88,000000</MALT_ACQUISTI>
    <XAUS_ACQUISTI>0,000000</XAUS_ACQUISTI>
    <XFRA_ACQUISTI>0,000000</XFRA_ACQUISTI>
    <TOTALE_VENDITE>23586,733</TOTALE_VENDITE>
    <NAT_VENDITE>23984,733000</NAT_VENDITE>
    <CNOR_VENDITE>2237,227000</CNOR_VENDITE>
    <CSUD_VENDITE>2124,573000</CSUD_VENDITE>
    <NORD_VENDITE>13528,518000</NORD_VENDITE>
    <SARD_VENDITE>956,696000</SARD_VENDITE>
    <SICI_VENDITE>840,914000</SICI_VENDITE>
    <SUD_VENDITE>1855,677000</SUD_VENDITE>
    <AUST_VENDITE>0,000000</AUST_VENDITE>
    <BRNN_VENDITE>1020,027000</BRNN_VENDITE>
    <COAC_VENDITE>0,000000</COAC_VENDITE>
    <CORS_VENDITE>0,000000</CORS_VENDITE>
    <FOGN_VENDITE>7,088000</FOGN_VENDITE>
    <FRAN_VENDITE>99,000000</FRAN_VENDITE>
    <GREC_VENDITE>222,000000</GREC_VENDITE>
    <MFTV_VENDITE>0,000000</MFTV_VENDITE>
    <PRGP_VENDITE>2,678000</PRGP_VENDITE>
    <ROSN_VENDITE>189,335000</ROSN_VENDITE>
    <SLOV_VENDITE>0,000000</SLOV_VENDITE>
    <SVIZ_VENDITE>503,000000</SVIZ_VENDITE>
    <BSP_VENDITE>87,000000</BSP_VENDITE>
    <MALT_VENDITE>0,000000</MALT_VENDITE>
    <XAUS_VENDITE>37,000000</XAUS_VENDITE>
    <XFRA_VENDITE>274,000000</XFRA_VENDITE>
    <TOTITABSP_VENDITE>23673,733</TOTITABSP_VENDITE>
    <TOTITABSP_ACQUISTI>23984,733</TOTITABSP_ACQUISTI>
  </Quantita>
  <Quantita>
    <Data>20180422</Data>
    <Mercato>MGP</Mercato>
    <Ora>18</Ora>
    <TOTALE_ACQUISTI>24706,155</TOTALE_ACQUISTI>
    <NAT_ACQUISTI>24706,155000</NAT_ACQUISTI>
    <CNOR_ACQUISTI>2540,658000</CNOR_ACQUISTI>
    <CSUD_ACQUISTI>4068,687000</CSUD_ACQUISTI>
    <NORD_ACQUISTI>13228,658000</NORD_ACQUISTI>
    <SARD_ACQUISTI>821,192000</SARD_ACQUISTI>
    <SICI_ACQUISTI>1586,566000</SICI_ACQUISTI>
    <SUD_ACQUISTI>2070,394000</SUD_ACQUISTI>
    <AUST_ACQUISTI>0,000000</AUST_ACQUISTI>
    <BRNN_ACQUISTI>0,000000</BRNN_ACQUISTI>
    <COAC_ACQUISTI>20,000000</COAC_ACQUISTI>
    <CORS_ACQUISTI>5,000000</CORS_ACQUISTI>
    <FOGN_ACQUISTI>0,000000</FOGN_ACQUISTI>
    <FRAN_ACQUISTI>0,000000</FRAN_ACQUISTI>
    <GREC_ACQUISTI>263,000000</GREC_ACQUISTI>
    <MFTV_ACQUISTI>0,000000</MFTV_ACQUISTI>
    <PRGP_ACQUISTI>0,000000</PRGP_ACQUISTI>
    <ROSN_ACQUISTI>0,000000</ROSN_ACQUISTI>
    <SLOV_ACQUISTI>0,000000</SLOV_ACQUISTI>
    <SVIZ_ACQUISTI>0,000000</SVIZ_ACQUISTI>
    <BSP_ACQUISTI>0,000000</BSP_ACQUISTI>
    <MALT_ACQUISTI>102,000000</MALT_ACQUISTI>
    <XAUS_ACQUISTI>0,000000</XAUS_ACQUISTI>
    <XFRA_ACQUISTI>0,000000</XFRA_ACQUISTI>
    <TOTALE_VENDITE>23584,155</TOTALE_VENDITE>
    <NAT_VENDITE>24706,155000</NAT_VENDITE>
    <CNOR_VENDITE>2134,983000</CNOR_VENDITE>
    <CSUD_VENDITE>1889,831000</CSUD_VENDITE>
    <NORD_VENDITE>13495,576000</NORD_VENDITE>
    <SARD_VENDITE>873,954000</SARD_VENDITE>
    <SICI_VENDITE>768,657000</SICI_VENDITE>
    <SUD_VENDITE>1503,596000</SUD_VENDITE>
    <AUST_VENDITE>0,000000</AUST_VENDITE>
    <BRNN_VENDITE>1017,752000</BRNN_VENDITE>
    <COAC_VENDITE>0,000000</COAC_VENDITE>
    <CORS_VENDITE>0,000000</CORS_VENDITE>
    <FOGN_VENDITE>4,105000</FOGN_VENDITE>
    <FRAN_VENDITE>99,000000</FRAN_VENDITE>
    <GREC_VENDITE>271,000000</GREC_VENDITE>
    <MFTV_VENDITE>0,000000</MFTV_VENDITE>
    <PRGP_VENDITE>1,616000</PRGP_VENDITE>
    <ROSN_VENDITE>244,085000</ROSN_VENDITE>
    <SLOV_VENDITE>0,000000</SLOV_VENDITE>
    <SVIZ_VENDITE>1280,000000</SVIZ_VENDITE>
    <BSP_VENDITE>212,000000</BSP_VENDITE>
    <MALT_VENDITE>0,000000</MALT_VENDITE>
    <XAUS_VENDITE>97,000000</XAUS_VENDITE>
    <XFRA_VENDITE>813,000000</XFRA_VENDITE>
    <TOTITABSP_VENDITE>23796,155</TOTITABSP_VENDITE>
    <TOTITABSP_ACQUISTI>24706,155</TOTITABSP_ACQUISTI>
  </Quantita>
  <Quantita>
    <Data>20180422</Data>
    <Mercato>MGP</Mercato>
    <Ora>19</Ora>
    <TOTALE_ACQUISTI>26065,704</TOTALE_ACQUISTI>
    <NAT_ACQUISTI>26065,704000</NAT_ACQUISTI>
    <CNOR_ACQUISTI>2740,372000</CNOR_ACQUISTI>
    <CSUD_ACQUISTI>4244,202000</CSUD_ACQUISTI>
    <NORD_ACQUISTI>14172,189000</NORD_ACQUISTI>
    <SARD_ACQUISTI>864,675000</SARD_ACQUISTI>
    <SICI_ACQUISTI>1656,262000</SICI_ACQUISTI>
    <SUD_ACQUISTI>2194,004000</SUD_ACQUISTI>
    <AUST_ACQUISTI>0,000000</AUST_ACQUISTI>
    <BRNN_ACQUISTI>0,000000</BRNN_ACQUISTI>
    <COAC_ACQUISTI>30,000000</COAC_ACQUISTI>
    <CORS_ACQUISTI>5,000000</CORS_ACQUISTI>
    <FOGN_ACQUISTI>0,000000</FOGN_ACQUISTI>
    <FRAN_ACQUISTI>0,000000</FRAN_ACQUISTI>
    <GREC_ACQUISTI>53,000000</GREC_ACQUISTI>
    <MFTV_ACQUISTI>0,000000</MFTV_ACQUISTI>
    <PRGP_ACQUISTI>0,000000</PRGP_ACQUISTI>
    <ROSN_ACQUISTI>0,000000</ROSN_ACQUISTI>
    <SLOV_ACQUISTI>0,000000</SLOV_ACQUISTI>
    <SVIZ_ACQUISTI>0,000000</SVIZ_ACQUISTI>
    <BSP_ACQUISTI>0,000000</BSP_ACQUISTI>
    <MALT_ACQUISTI>106,000000</MALT_ACQUISTI>
    <XAUS_ACQUISTI>0,000000</XAUS_ACQUISTI>
    <XFRA_ACQUISTI>0,000000</XFRA_ACQUISTI>
    <TOTALE_VENDITE>24672,704</TOTALE_VENDITE>
    <NAT_VENDITE>26065,704000</NAT_VENDITE>
    <CNOR_VENDITE>2036,814000</CNOR_VENDITE>
    <CSUD_VENDITE>2182,446000</CSUD_VENDITE>
    <NORD_VENDITE>14155,276000</NORD_VENDITE>
    <SARD_VENDITE>792,324000</SARD_VENDITE>
    <SICI_VENDITE>668,498000</SICI_VENDITE>
    <SUD_VENDITE>1039,313000</SUD_VENDITE>
    <AUST_VENDITE>0,000000</AUST_VENDITE>
    <BRNN_VENDITE>1152,158000</BRNN_VENDITE>
    <COAC_VENDITE>0,000000</COAC_VENDITE>
    <CORS_VENDITE>0,000000</CORS_VENDITE>
    <FOGN_VENDITE>1,237000</FOGN_VENDITE>
    <FRAN_VENDITE>99,000000</FRAN_VENDITE>
    <GREC_VENDITE>420,000000</GREC_VENDITE>
    <MFTV_VENDITE>0,000000</MFTV_VENDITE>
    <PRGP_VENDITE>0,738000</PRGP_VENDITE>
    <ROSN_VENDITE>616,900000</ROSN_VENDITE>
    <SLOV_VENDITE>0,000000</SLOV_VENDITE>
    <SVIZ_VENDITE>1508,000000</SVIZ_VENDITE>
    <BSP_VENDITE>260,000000</BSP_VENDITE>
    <MALT_VENDITE>0,000000</MALT_VENDITE>
    <XAUS_VENDITE>112,000000</XAUS_VENDITE>
    <XFRA_VENDITE>1021,000000</XFRA_VENDITE>
    <TOTITABSP_VENDITE>24932,704</TOTITABSP_VENDITE>
    <TOTITABSP_ACQUISTI>26065,704</TOTITABSP_ACQUISTI>
  </Quantita>
  <Quantita>
    <Data>20180422</Data>
    <Mercato>MGP</Mercato>
    <Ora>20</Ora>
    <TOTALE_ACQUISTI>28246,549</TOTALE_ACQUISTI>
    <NAT_ACQUISTI>28337,549000</NAT_ACQUISTI>
    <CNOR_ACQUISTI>3089,550000</CNOR_ACQUISTI>
    <CSUD_ACQUISTI>4657,376000</CSUD_ACQUISTI>
    <NORD_ACQUISTI>15217,585000</NORD_ACQUISTI>
    <SARD_ACQUISTI>935,935000</SARD_ACQUISTI>
    <SICI_ACQUISTI>1819,784000</SICI_ACQUISTI>
    <SUD_ACQUISTI>2491,319000</SUD_ACQUISTI>
    <AUST_ACQUISTI>0,000000</AUST_ACQUISTI>
    <BRNN_ACQUISTI>0,000000</BRNN_ACQUISTI>
    <COAC_ACQUISTI>30,000000</COAC_ACQUISTI>
    <CORS_ACQUISTI>5,000000</CORS_ACQUISTI>
    <FOGN_ACQUISTI>0,000000</FOGN_ACQUISTI>
    <FRAN_ACQUISTI>0,000000</FRAN_ACQUISTI>
    <GREC_ACQUISTI>0,000000</GREC_ACQUISTI>
    <MFTV_ACQUISTI>0,000000</MFTV_ACQUISTI>
    <PRGP_ACQUISTI>0,000000</PRGP_ACQUISTI>
    <ROSN_ACQUISTI>0,000000</ROSN_ACQUISTI>
    <SLOV_ACQUISTI>0,000000</SLOV_ACQUISTI>
    <SVIZ_ACQUISTI>0,000000</SVIZ_ACQUISTI>
    <BSP_ACQUISTI>0,000000</BSP_ACQUISTI>
    <MALT_ACQUISTI>0,000000</MALT_ACQUISTI>
    <XAUS_ACQUISTI>0,000000</XAUS_ACQUISTI>
    <XFRA_ACQUISTI>0,000000</XFRA_ACQUISTI>
    <TOTALE_VENDITE>26853,549</TOTALE_VENDITE>
    <NAT_VENDITE>28337,549000</NAT_VENDITE>
    <CNOR_VENDITE>2480,605000</CNOR_VENDITE>
    <CSUD_VENDITE>2126,194000</CSUD_VENDITE>
    <NORD_VENDITE>15226,530000</NORD_VENDITE>
    <SARD_VENDITE>722,440000</SARD_VENDITE>
    <SICI_VENDITE>672,913000</SICI_VENDITE>
    <SUD_VENDITE>912,534000</SUD_VENDITE>
    <AUST_VENDITE>0,000000</AUST_VENDITE>
    <BRNN_VENDITE>1344,368000</BRNN_VENDITE>
    <COAC_VENDITE>0,000000</COAC_VENDITE>
    <CORS_VENDITE>0,000000</CORS_VENDITE>
    <FOGN_VENDITE>371,230000</FOGN_VENDITE>
    <FRAN_VENDITE>99,000000</FRAN_VENDITE>
    <GREC_VENDITE>500,000000</GREC_VENDITE>
    <MFTV_VENDITE>0,000000</MFTV_VENDITE>
    <PRGP_VENDITE>130,088000</PRGP_VENDITE>
    <ROSN_VENDITE>759,647000</ROSN_VENDITE>
    <SLOV_VENDITE>0,000000</SLOV_VENDITE>
    <SVIZ_VENDITE>1508,000000</SVIZ_VENDITE>
    <BSP_VENDITE>260,000000</BSP_VENDITE>
    <MALT_VENDITE>0,000000</MALT_VENDITE>
    <XAUS_VENDITE>112,000000</XAUS_VENDITE>
    <XFRA_VENDITE>1021,000000</XFRA_VENDITE>
    <TOTITABSP_VENDITE>27113,549</TOTITABSP_VENDITE>
    <TOTITABSP_ACQUISTI>28246,549</TOTITABSP_ACQUISTI>
  </Quantita>
  <Quantita>
    <Data>20180422</Data>
    <Mercato>MGP</Mercato>
    <Ora>21</Ora>
    <TOTALE_ACQUISTI>30231,946</TOTALE_ACQUISTI>
    <NAT_ACQUISTI>30231,946000</NAT_ACQUISTI>
    <CNOR_ACQUISTI>3294,808000</CNOR_ACQUISTI>
    <CSUD_ACQUISTI>5132,016000</CSUD_ACQUISTI>
    <NORD_ACQUISTI>15920,183000</NORD_ACQUISTI>
    <SARD_ACQUISTI>1034,733000</SARD_ACQUISTI>
    <SICI_ACQUISTI>2041,003000</SICI_ACQUISTI>
    <SUD_ACQUISTI>2752,203000</SUD_ACQUISTI>
    <AUST_ACQUISTI>0,000000</AUST_ACQUISTI>
    <BRNN_ACQUISTI>0,000000</BRNN_ACQUISTI>
    <COAC_ACQUISTI>30,000000</COAC_ACQUISTI>
    <CORS_ACQUISTI>5,000000</CORS_ACQUISTI>
    <FOGN_ACQUISTI>0,000000</FOGN_ACQUISTI>
    <FRAN_ACQUISTI>0,000000</FRAN_ACQUISTI>
    <GREC_ACQUISTI>0,000000</GREC_ACQUISTI>
    <MFTV_ACQUISTI>0,000000</MFTV_ACQUISTI>
    <PRGP_ACQUISTI>0,000000</PRGP_ACQUISTI>
    <ROSN_ACQUISTI>0,000000</ROSN_ACQUISTI>
    <SLOV_ACQUISTI>0,000000</SLOV_ACQUISTI>
    <SVIZ_ACQUISTI>0,000000</SVIZ_ACQUISTI>
    <BSP_ACQUISTI>0,000000</BSP_ACQUISTI>
    <MALT_ACQUISTI>22,000000</MALT_ACQUISTI>
    <XAUS_ACQUISTI>0,000000</XAUS_ACQUISTI>
    <XFRA_ACQUISTI>0,000000</XFRA_ACQUISTI>
    <TOTALE_VENDITE>28838,946</TOTALE_VENDITE>
    <NAT_VENDITE>30231,946000</NAT_VENDITE>
    <CNOR_VENDITE>2511,956000</CNOR_VENDITE>
    <CSUD_VENDITE>2076,055000</CSUD_VENDITE>
    <NORD_VENDITE>15959,072000</NORD_VENDITE>
    <SARD_VENDITE>719,667000</SARD_VENDITE>
    <SICI_VENDITE>777,991000</SICI_VENDITE>
    <SUD_VENDITE>865,565000</SUD_VENDITE>
    <AUST_VENDITE>0,000000</AUST_VENDITE>
    <BRNN_VENDITE>2169,477000</BRNN_VENDITE>
    <COAC_VENDITE>0,000000</COAC_VENDITE>
    <CORS_VENDITE>0,000000</CORS_VENDITE>
    <FOGN_VENDITE>372,180000</FOGN_VENDITE>
    <FRAN_VENDITE>99,000000</FRAN_VENDITE>
    <GREC_VENDITE>460,000000</GREC_VENDITE>
    <MFTV_VENDITE>0,000000</MFTV_VENDITE>
    <PRGP_VENDITE>185,012000</PRGP_VENDITE>
    <ROSN_VENDITE>1134,971000</ROSN_VENDITE>
    <SLOV_VENDITE>0,000000</SLOV_VENDITE>
    <SVIZ_VENDITE>1508,000000</SVIZ_VENDITE>
    <BSP_VENDITE>260,000000</BSP_VENDITE>
    <MALT_VENDITE>0,000000</MALT_VENDITE>
    <XAUS_VENDITE>112,000000</XAUS_VENDITE>
    <XFRA_VENDITE>1021,000000</XFRA_VENDITE>
    <TOTITABSP_VENDITE>29098,946</TOTITABSP_VENDITE>
    <TOTITABSP_ACQUISTI>30231,946</TOTITABSP_ACQUISTI>
  </Quantita>
  <Quantita>
    <Data>20180422</Data>
    <Mercato>MGP</Mercato>
    <Ora>22</Ora>
    <TOTALE_ACQUISTI>29849,302</TOTALE_ACQUISTI>
    <NAT_ACQUISTI>29849,302000</NAT_ACQUISTI>
    <CNOR_ACQUISTI>3246,397000</CNOR_ACQUISTI>
    <CSUD_ACQUISTI>5021,095000</CSUD_ACQUISTI>
    <NORD_ACQUISTI>15834,121000</NORD_ACQUISTI>
    <SARD_ACQUISTI>1023,565000</SARD_ACQUISTI>
    <SICI_ACQUISTI>1997,023000</SICI_ACQUISTI>
    <SUD_ACQUISTI>2692,101000</SUD_ACQUISTI>
    <AUST_ACQUISTI>0,000000</AUST_ACQUISTI>
    <BRNN_ACQUISTI>0,000000</BRNN_ACQUISTI>
    <COAC_ACQUISTI>30,000000</COAC_ACQUISTI>
    <CORS_ACQUISTI>5,000000</CORS_ACQUISTI>
    <FOGN_ACQUISTI>0,000000</FOGN_ACQUISTI>
    <FRAN_ACQUISTI>0,000000</FRAN_ACQUISTI>
    <GREC_ACQUISTI>0,000000</GREC_ACQUISTI>
    <MFTV_ACQUISTI>0,000000</MFTV_ACQUISTI>
    <PRGP_ACQUISTI>0,000000</PRGP_ACQUISTI>
    <ROSN_ACQUISTI>0,000000</ROSN_ACQUISTI>
    <SLOV_ACQUISTI>0,000000</SLOV_ACQUISTI>
    <SVIZ_ACQUISTI>0,000000</SVIZ_ACQUISTI>
    <BSP_ACQUISTI>0,000000</BSP_ACQUISTI>
    <MALT_ACQUISTI>0,000000</MALT_ACQUISTI>
    <XAUS_ACQUISTI>0,000000</XAUS_ACQUISTI>
    <XFRA_ACQUISTI>0,000000</XFRA_ACQUISTI>
    <TOTALE_VENDITE>28456,302</TOTALE_VENDITE>
    <NAT_VENDITE>29849,302000</NAT_VENDITE>
    <CNOR_VENDITE>2519,408000</CNOR_VENDITE>
    <CSUD_VENDITE>2087,409000</CSUD_VENDITE>
    <NORD_VENDITE>15961,110000</NORD_VENDITE>
    <SARD_VENDITE>718,339000</SARD_VENDITE>
    <SICI_VENDITE>767,023000</SICI_VENDITE>
    <SUD_VENDITE>906,913000</SUD_VENDITE>
    <AUST_VENDITE>0,000000</AUST_VENDITE>
    <BRNN_VENDITE>1777,475000</BRNN_VENDITE>
    <COAC_VENDITE>0,000000</COAC_VENDITE>
    <CORS_VENDITE>0,000000</CORS_VENDITE>
    <FOGN_VENDITE>373,159000</FOGN_VENDITE>
    <FRAN_VENDITE>99,000000</FRAN_VENDITE>
    <GREC_VENDITE>460,000000</GREC_VENDITE>
    <MFTV_VENDITE>0,000000</MFTV_VENDITE>
    <PRGP_VENDITE>130,000000</PRGP_VENDITE>
    <ROSN_VENDITE>1148,466000</ROSN_VENDITE>
    <SLOV_VENDITE>0,000000</SLOV_VENDITE>
    <SVIZ_VENDITE>1508,000000</SVIZ_VENDITE>
    <BSP_VENDITE>260,000000</BSP_VENDITE>
    <MALT_VENDITE>0,000000</MALT_VENDITE>
    <XAUS_VENDITE>112,000000</XAUS_VENDITE>
    <XFRA_VENDITE>1021,000000</XFRA_VENDITE>
    <TOTITABSP_VENDITE>28716,302</TOTITABSP_VENDITE>
    <TOTITABSP_ACQUISTI>29849,302</TOTITABSP_ACQUISTI>
  </Quantita>
  <Quantita>
    <Data>20180422</Data>
    <Mercato>MGP</Mercato>
    <Ora>23</Ora>
    <TOTALE_ACQUISTI>27874,207</TOTALE_ACQUISTI>
    <NAT_ACQUISTI>27903,592000</NAT_ACQUISTI>
    <CNOR_ACQUISTI>3026,561000</CNOR_ACQUISTI>
    <CSUD_ACQUISTI>4670,867000</CSUD_ACQUISTI>
    <NORD_ACQUISTI>14754,146000</NORD_ACQUISTI>
    <SARD_ACQUISTI>952,672000</SARD_ACQUISTI>
    <SICI_ACQUISTI>1850,145000</SICI_ACQUISTI>
    <SUD_ACQUISTI>2533,201000</SUD_ACQUISTI>
    <AUST_ACQUISTI>0,000000</AUST_ACQUISTI>
    <BRNN_ACQUISTI>0,000000</BRNN_ACQUISTI>
    <COAC_ACQUISTI>30,000000</COAC_ACQUISTI>
    <CORS_ACQUISTI>5,000000</CORS_ACQUISTI>
    <FOGN_ACQUISTI>0,000000</FOGN_ACQUISTI>
    <FRAN_ACQUISTI>0,000000</FRAN_ACQUISTI>
    <GREC_ACQUISTI>0,000000</GREC_ACQUISTI>
    <MFTV_ACQUISTI>0,000000</MFTV_ACQUISTI>
    <PRGP_ACQUISTI>0,000000</PRGP_ACQUISTI>
    <ROSN_ACQUISTI>0,000000</ROSN_ACQUISTI>
    <SLOV_ACQUISTI>0,000000</SLOV_ACQUISTI>
    <SVIZ_ACQUISTI>0,000000</SVIZ_ACQUISTI>
    <BSP_ACQUISTI>0,000000</BSP_ACQUISTI>
    <MALT_ACQUISTI>51,615000</MALT_ACQUISTI>
    <XAUS_ACQUISTI>0,000000</XAUS_ACQUISTI>
    <XFRA_ACQUISTI>0,000000</XFRA_ACQUISTI>
    <TOTALE_VENDITE>26481,207</TOTALE_VENDITE>
    <NAT_VENDITE>27903,592000</NAT_VENDITE>
    <CNOR_VENDITE>2437,660000</CNOR_VENDITE>
    <CSUD_VENDITE>2120,680000</CSUD_VENDITE>
    <NORD_VENDITE>14743,047000</NORD_VENDITE>
    <SARD_VENDITE>701,441000</SARD_VENDITE>
    <SICI_VENDITE>671,760000</SICI_VENDITE>
    <SUD_VENDITE>978,581000</SUD_VENDITE>
    <AUST_VENDITE>0,000000</AUST_VENDITE>
    <BRNN_VENDITE>1124,866000</BRNN_VENDITE>
    <COAC_VENDITE>0,000000</COAC_VENDITE>
    <CORS_VENDITE>0,000000</CORS_VENDITE>
    <FOGN_VENDITE>344,234000</FOGN_VENDITE>
    <FRAN_VENDITE>99,000000</FRAN_VENDITE>
    <GREC_VENDITE>465,000000</GREC_VENDITE>
    <MFTV_VENDITE>0,000000</MFTV_VENDITE>
    <PRGP_VENDITE>130,000000</PRGP_VENDITE>
    <ROSN_VENDITE>1156,938000</ROSN_VENDITE>
    <SLOV_VENDITE>0,000000</SLOV_VENDITE>
    <SVIZ_VENDITE>1508,000000</SVIZ_VENDITE>
    <BSP_VENDITE>260,000000</BSP_VENDITE>
    <MALT_VENDITE>0,000000</MALT_VENDITE>
    <XAUS_VENDITE>112,000000</XAUS_VENDITE>
    <XFRA_VENDITE>1021,000000</XFRA_VENDITE>
    <TOTITABSP_VENDITE>26741,207</TOTITABSP_VENDITE>
    <TOTITABSP_ACQUISTI>27874,207</TOTITABSP_ACQUISTI>
  </Quantita>
  <Quantita>
    <Data>20180422</Data>
    <Mercato>MGP</Mercato>
    <Ora>24</Ora>
    <TOTALE_ACQUISTI>25696,101</TOTALE_ACQUISTI>
    <NAT_ACQUISTI>25696,101000</NAT_ACQUISTI>
    <CNOR_ACQUISTI>2725,040000</CNOR_ACQUISTI>
    <CSUD_ACQUISTI>4246,069000</CSUD_ACQUISTI>
    <NORD_ACQUISTI>13617,655000</NORD_ACQUISTI>
    <SARD_ACQUISTI>884,334000</SARD_ACQUISTI>
    <SICI_ACQUISTI>1690,989000</SICI_ACQUISTI>
    <SUD_ACQUISTI>2286,014000</SUD_ACQUISTI>
    <AUST_ACQUISTI>0,000000</AUST_ACQUISTI>
    <BRNN_ACQUISTI>0,000000</BRNN_ACQUISTI>
    <COAC_ACQUISTI>30,000000</COAC_ACQUISTI>
    <CORS_ACQUISTI>5,000000</CORS_ACQUISTI>
    <FOGN_ACQUISTI>0,000000</FOGN_ACQUISTI>
    <FRAN_ACQUISTI>0,000000</FRAN_ACQUISTI>
    <GREC_ACQUISTI>144,000000</GREC_ACQUISTI>
    <MFTV_ACQUISTI>0,000000</MFTV_ACQUISTI>
    <PRGP_ACQUISTI>0,000000</PRGP_ACQUISTI>
    <ROSN_ACQUISTI>0,000000</ROSN_ACQUISTI>
    <SLOV_ACQUISTI>0,000000</SLOV_ACQUISTI>
    <SVIZ_ACQUISTI>0,000000</SVIZ_ACQUISTI>
    <BSP_ACQUISTI>0,000000</BSP_ACQUISTI>
    <MALT_ACQUISTI>67,000000</MALT_ACQUISTI>
    <XAUS_ACQUISTI>0,000000</XAUS_ACQUISTI>
    <XFRA_ACQUISTI>0,000000</XFRA_ACQUISTI>
    <TOTALE_VENDITE>24303,101</TOTALE_VENDITE>
    <NAT_VENDITE>25696,101000</NAT_VENDITE>
    <CNOR_VENDITE>2005,244000</CNOR_VENDITE>
    <CSUD_VENDITE>2125,100000</CSUD_VENDITE>
    <NORD_VENDITE>13737,451000</NORD_VENDITE>
    <SARD_VENDITE>706,079000</SARD_VENDITE>
    <SICI_VENDITE>657,989000</SICI_VENDITE>
    <SUD_VENDITE>966,478000</SUD_VENDITE>
    <AUST_VENDITE>0,000000</AUST_VENDITE>
    <BRNN_VENDITE>1124,770000</BRNN_VENDITE>
    <COAC_VENDITE>0,000000</COAC_VENDITE>
    <CORS_VENDITE>0,000000</CORS_VENDITE>
    <FOGN_VENDITE>0,189000</FOGN_VENDITE>
    <FRAN_VENDITE>99,000000</FRAN_VENDITE>
    <GREC_VENDITE>503,000000</GREC_VENDITE>
    <MFTV_VENDITE>0,000000</MFTV_VENDITE>
    <PRGP_VENDITE>0,000000</PRGP_VENDITE>
    <ROSN_VENDITE>869,801000</ROSN_VENDITE>
    <SLOV_VENDITE>0,000000</SLOV_VENDITE>
    <SVIZ_VENDITE>1508,000000</SVIZ_VENDITE>
    <BSP_VENDITE>260,000000</BSP_VENDITE>
    <MALT_VENDITE>0,000000</MALT_VENDITE>
    <XAUS_VENDITE>112,000000</XAUS_VENDITE>
    <XFRA_VENDITE>1021,000000</XFRA_VENDITE>
    <TOTITABSP_VENDITE>24563,101</TOTITABSP_VENDITE>
    <TOTITABSP_ACQUISTI>25696,101</TOTITABSP_ACQUISTI>
  </Quantita>
</NewDataSet>