<?xml version="1.0" standalone="yes"?>
<NewDataSet>
  <xs:schema id="NewDataSet" xmlns="" xmlns:xs="http://www.w3.org/2001/XMLSchema" xmlns:msdata="urn:schemas-microsoft-com:xml-msdata">
    <xs:element name="NewDataSet" msdata:IsDataSet="true" msdata:UseCurrentLocale="true">
      <xs:complexType>
        <xs:choice minOccurs="0" maxOccurs="unbounded">
          <xs:element name="Quantita">
            <xs:complexType>
              <xs:sequence>
                <xs:element name="Data" type="xs:string" minOccurs="0" />
                <xs:element name="Mercato" type="xs:string" minOccurs="0" />
                <xs:element name="Ora" type="xs:string" minOccurs="0" />
                <xs:element name="TOTALE_ACQUISTI" type="xs:string" minOccurs="0" />
                <xs:element name="NAT_ACQUISTI" type="xs:string" minOccurs="0" />
                <xs:element name="CNOR_ACQUISTI" type="xs:string" minOccurs="0" />
                <xs:element name="CSUD_ACQUISTI" type="xs:string" minOccurs="0" />
                <xs:element name="NORD_ACQUISTI" type="xs:string" minOccurs="0" />
                <xs:element name="SARD_ACQUISTI" type="xs:string" minOccurs="0" />
                <xs:element name="SICI_ACQUISTI" type="xs:string" minOccurs="0" />
                <xs:element name="SUD_ACQUISTI" type="xs:string" minOccurs="0" />
                <xs:element name="AUST_ACQUISTI" type="xs:string" minOccurs="0" />
                <xs:element name="BRNN_ACQUISTI" type="xs:string" minOccurs="0" />
                <xs:element name="COAC_ACQUISTI" type="xs:string" minOccurs="0" />
                <xs:element name="CORS_ACQUISTI" type="xs:string" minOccurs="0" />
                <xs:element name="FOGN_ACQUISTI" type="xs:string" minOccurs="0" />
                <xs:element name="FRAN_ACQUISTI" type="xs:string" minOccurs="0" />
                <xs:element name="GREC_ACQUISTI" type="xs:string" minOccurs="0" />
                <xs:element name="MFTV_ACQUISTI" type="xs:string" minOccurs="0" />
                <xs:element name="PRGP_ACQUISTI" type="xs:string" minOccurs="0" />
                <xs:element name="ROSN_ACQUISTI" type="xs:string" minOccurs="0" />
                <xs:element name="SLOV_ACQUISTI" type="xs:string" minOccurs="0" />
                <xs:element name="SVIZ_ACQUISTI" type="xs:string" minOccurs="0" />
                <xs:element name="BSP_ACQUISTI" type="xs:string" minOccurs="0" />
                <xs:element name="MALT_ACQUISTI" type="xs:string" minOccurs="0" />
                <xs:element name="XAUS_ACQUISTI" type="xs:string" minOccurs="0" />
                <xs:element name="XFRA_ACQUISTI" type="xs:string" minOccurs="0" />
                <xs:element name="TOTALE_VENDITE" type="xs:string" minOccurs="0" />
                <xs:element name="NAT_VENDITE" type="xs:string" minOccurs="0" />
                <xs:element name="CNOR_VENDITE" type="xs:string" minOccurs="0" />
                <xs:element name="CSUD_VENDITE" type="xs:string" minOccurs="0" />
                <xs:element name="NORD_VENDITE" type="xs:string" minOccurs="0" />
                <xs:element name="SARD_VENDITE" type="xs:string" minOccurs="0" />
                <xs:element name="SICI_VENDITE" type="xs:string" minOccurs="0" />
                <xs:element name="SUD_VENDITE" type="xs:string" minOccurs="0" />
                <xs:element name="AUST_VENDITE" type="xs:string" minOccurs="0" />
                <xs:element name="BRNN_VENDITE" type="xs:string" minOccurs="0" />
                <xs:element name="COAC_VENDITE" type="xs:string" minOccurs="0" />
                <xs:element name="CORS_VENDITE" type="xs:string" minOccurs="0" />
                <xs:element name="FOGN_VENDITE" type="xs:string" minOccurs="0" />
                <xs:element name="FRAN_VENDITE" type="xs:string" minOccurs="0" />
                <xs:element name="GREC_VENDITE" type="xs:string" minOccurs="0" />
                <xs:element name="MFTV_VENDITE" type="xs:string" minOccurs="0" />
                <xs:element name="PRGP_VENDITE" type="xs:string" minOccurs="0" />
                <xs:element name="ROSN_VENDITE" type="xs:string" minOccurs="0" />
                <xs:element name="SLOV_VENDITE" type="xs:string" minOccurs="0" />
                <xs:element name="SVIZ_VENDITE" type="xs:string" minOccurs="0" />
                <xs:element name="BSP_VENDITE" type="xs:string" minOccurs="0" />
                <xs:element name="MALT_VENDITE" type="xs:string" minOccurs="0" />
                <xs:element name="XAUS_VENDITE" type="xs:string" minOccurs="0" />
                <xs:element name="XFRA_VENDITE" type="xs:string" minOccurs="0" />
                <xs:element name="TOTITABSP_VENDITE" msdata:ReadOnly="true" msdata:Expression="Convert(TOTALE_VENDITE, System.Double) + Convert(BSP_VENDITE,System.Double)" type="xs:string" minOccurs="0" />
                <xs:element name="TOTITABSP_ACQUISTI" msdata:ReadOnly="true" msdata:Expression="Convert(TOTALE_ACQUISTI, System.Double) + Convert(BSP_ACQUISTI, System.Double)" type="xs:string" minOccurs="0" />
              </xs:sequence>
            </xs:complexType>
          </xs:element>
        </xs:choice>
      </xs:complexType>
    </xs:element>
  </xs:schema>
  <Quantita>
    <Data>20180420</Data>
    <Mercato>MGP</Mercato>
    <Ora>1</Ora>
    <TOTALE_ACQUISTI>28236,089</TOTALE_ACQUISTI>
    <NAT_ACQUISTI>28243,118000</NAT_ACQUISTI>
    <CNOR_ACQUISTI>2865,443000</CNOR_ACQUISTI>
    <CSUD_ACQUISTI>4210,005000</CSUD_ACQUISTI>
    <NORD_ACQUISTI>15894,248000</NORD_ACQUISTI>
    <SARD_ACQUISTI>847,738000</SARD_ACQUISTI>
    <SICI_ACQUISTI>1610,047000</SICI_ACQUISTI>
    <SUD_ACQUISTI>2188,608000</SUD_ACQUISTI>
    <AUST_ACQUISTI>0,000000</AUST_ACQUISTI>
    <BRNN_ACQUISTI>0,000000</BRNN_ACQUISTI>
    <COAC_ACQUISTI>20,000000</COAC_ACQUISTI>
    <CORS_ACQUISTI>5,000000</CORS_ACQUISTI>
    <FOGN_ACQUISTI>0,000000</FOGN_ACQUISTI>
    <FRAN_ACQUISTI>0,000000</FRAN_ACQUISTI>
    <GREC_ACQUISTI>533,000000</GREC_ACQUISTI>
    <MFTV_ACQUISTI>0,000000</MFTV_ACQUISTI>
    <PRGP_ACQUISTI>0,000000</PRGP_ACQUISTI>
    <ROSN_ACQUISTI>0,000000</ROSN_ACQUISTI>
    <SLOV_ACQUISTI>0,000000</SLOV_ACQUISTI>
    <SVIZ_ACQUISTI>0,000000</SVIZ_ACQUISTI>
    <BSP_ACQUISTI>0,000000</BSP_ACQUISTI>
    <MALT_ACQUISTI>62,000000</MALT_ACQUISTI>
    <XAUS_ACQUISTI>0,000000</XAUS_ACQUISTI>
    <XFRA_ACQUISTI>0,000000</XFRA_ACQUISTI>
    <TOTALE_VENDITE>24171,089</TOTALE_VENDITE>
    <NAT_VENDITE>28243,118000</NAT_VENDITE>
    <CNOR_VENDITE>1612,792000</CNOR_VENDITE>
    <CSUD_VENDITE>2060,307000</CSUD_VENDITE>
    <NORD_VENDITE>12093,899000</NORD_VENDITE>
    <SARD_VENDITE>783,522000</SARD_VENDITE>
    <SICI_VENDITE>644,253000</SICI_VENDITE>
    <SUD_VENDITE>1911,918000</SUD_VENDITE>
    <AUST_VENDITE>20,000000</AUST_VENDITE>
    <BRNN_VENDITE>1243,303000</BRNN_VENDITE>
    <COAC_VENDITE>0,000000</COAC_VENDITE>
    <CORS_VENDITE>0,000000</CORS_VENDITE>
    <FOGN_VENDITE>17,610000</FOGN_VENDITE>
    <FRAN_VENDITE>99,000000</FRAN_VENDITE>
    <GREC_VENDITE>409,000000</GREC_VENDITE>
    <MFTV_VENDITE>0,000000</MFTV_VENDITE>
    <PRGP_VENDITE>0,000000</PRGP_VENDITE>
    <ROSN_VENDITE>6,485000</ROSN_VENDITE>
    <SLOV_VENDITE>0,000000</SLOV_VENDITE>
    <SVIZ_VENDITE>3269,000000</SVIZ_VENDITE>
    <BSP_VENDITE>667,000000</BSP_VENDITE>
    <MALT_VENDITE>0,000000</MALT_VENDITE>
    <XAUS_VENDITE>275,000000</XAUS_VENDITE>
    <XFRA_VENDITE>3123,000000</XFRA_VENDITE>
    <TOTITABSP_VENDITE>24838,089</TOTITABSP_VENDITE>
    <TOTITABSP_ACQUISTI>28236,089</TOTITABSP_ACQUISTI>
  </Quantita>
  <Quantita>
    <Data>20180420</Data>
    <Mercato>MGP</Mercato>
    <Ora>2</Ora>
    <TOTALE_ACQUISTI>26651,788</TOTALE_ACQUISTI>
    <NAT_ACQUISTI>26634,108000</NAT_ACQUISTI>
    <CNOR_ACQUISTI>2731,692000</CNOR_ACQUISTI>
    <CSUD_ACQUISTI>3866,230000</CSUD_ACQUISTI>
    <NORD_ACQUISTI>15188,654000</NORD_ACQUISTI>
    <SARD_ACQUISTI>796,808000</SARD_ACQUISTI>
    <SICI_ACQUISTI>1473,468000</SICI_ACQUISTI>
    <SUD_ACQUISTI>2012,936000</SUD_ACQUISTI>
    <AUST_ACQUISTI>0,000000</AUST_ACQUISTI>
    <BRNN_ACQUISTI>0,000000</BRNN_ACQUISTI>
    <COAC_ACQUISTI>20,000000</COAC_ACQUISTI>
    <CORS_ACQUISTI>5,000000</CORS_ACQUISTI>
    <FOGN_ACQUISTI>0,000000</FOGN_ACQUISTI>
    <FRAN_ACQUISTI>0,000000</FRAN_ACQUISTI>
    <GREC_ACQUISTI>515,000000</GREC_ACQUISTI>
    <MFTV_ACQUISTI>0,000000</MFTV_ACQUISTI>
    <PRGP_ACQUISTI>0,000000</PRGP_ACQUISTI>
    <ROSN_ACQUISTI>0,000000</ROSN_ACQUISTI>
    <SLOV_ACQUISTI>0,000000</SLOV_ACQUISTI>
    <SVIZ_ACQUISTI>0,000000</SVIZ_ACQUISTI>
    <BSP_ACQUISTI>0,000000</BSP_ACQUISTI>
    <MALT_ACQUISTI>42,000000</MALT_ACQUISTI>
    <XAUS_ACQUISTI>0,000000</XAUS_ACQUISTI>
    <XFRA_ACQUISTI>0,000000</XFRA_ACQUISTI>
    <TOTALE_VENDITE>22785,512</TOTALE_VENDITE>
    <NAT_VENDITE>26634,108000</NAT_VENDITE>
    <CNOR_VENDITE>1603,725000</CNOR_VENDITE>
    <CSUD_VENDITE>1258,210000</CSUD_VENDITE>
    <NORD_VENDITE>11478,345000</NORD_VENDITE>
    <SARD_VENDITE>776,175000</SARD_VENDITE>
    <SICI_VENDITE>664,429000</SICI_VENDITE>
    <SUD_VENDITE>1919,048000</SUD_VENDITE>
    <AUST_VENDITE>20,000000</AUST_VENDITE>
    <BRNN_VENDITE>1256,543000</BRNN_VENDITE>
    <COAC_VENDITE>0,000000</COAC_VENDITE>
    <CORS_VENDITE>0,000000</CORS_VENDITE>
    <FOGN_VENDITE>18,147000</FOGN_VENDITE>
    <FRAN_VENDITE>99,000000</FRAN_VENDITE>
    <GREC_VENDITE>433,000000</GREC_VENDITE>
    <MFTV_VENDITE>0,000000</MFTV_VENDITE>
    <PRGP_VENDITE>0,000000</PRGP_VENDITE>
    <ROSN_VENDITE>5,890000</ROSN_VENDITE>
    <SLOV_VENDITE>0,000000</SLOV_VENDITE>
    <SVIZ_VENDITE>3253,000000</SVIZ_VENDITE>
    <BSP_VENDITE>667,000000</BSP_VENDITE>
    <MALT_VENDITE>0,000000</MALT_VENDITE>
    <XAUS_VENDITE>275,000000</XAUS_VENDITE>
    <XFRA_VENDITE>2924,276000</XFRA_VENDITE>
    <TOTITABSP_VENDITE>23452,512</TOTITABSP_VENDITE>
    <TOTITABSP_ACQUISTI>26651,788</TOTITABSP_ACQUISTI>
  </Quantita>
  <Quantita>
    <Data>20180420</Data>
    <Mercato>MGP</Mercato>
    <Ora>3</Ora>
    <TOTALE_ACQUISTI>25958,865</TOTALE_ACQUISTI>
    <NAT_ACQUISTI>25958,865000</NAT_ACQUISTI>
    <CNOR_ACQUISTI>2644,229000</CNOR_ACQUISTI>
    <CSUD_ACQUISTI>3714,588000</CSUD_ACQUISTI>
    <NORD_ACQUISTI>14842,206000</NORD_ACQUISTI>
    <SARD_ACQUISTI>776,809000</SARD_ACQUISTI>
    <SICI_ACQUISTI>1411,578000</SICI_ACQUISTI>
    <SUD_ACQUISTI>1946,455000</SUD_ACQUISTI>
    <AUST_ACQUISTI>0,000000</AUST_ACQUISTI>
    <BRNN_ACQUISTI>0,000000</BRNN_ACQUISTI>
    <COAC_ACQUISTI>20,000000</COAC_ACQUISTI>
    <CORS_ACQUISTI>5,000000</CORS_ACQUISTI>
    <FOGN_ACQUISTI>0,000000</FOGN_ACQUISTI>
    <FRAN_ACQUISTI>0,000000</FRAN_ACQUISTI>
    <GREC_ACQUISTI>558,000000</GREC_ACQUISTI>
    <MFTV_ACQUISTI>0,000000</MFTV_ACQUISTI>
    <PRGP_ACQUISTI>0,000000</PRGP_ACQUISTI>
    <ROSN_ACQUISTI>0,000000</ROSN_ACQUISTI>
    <SLOV_ACQUISTI>0,000000</SLOV_ACQUISTI>
    <SVIZ_ACQUISTI>0,000000</SVIZ_ACQUISTI>
    <BSP_ACQUISTI>0,000000</BSP_ACQUISTI>
    <MALT_ACQUISTI>40,000000</MALT_ACQUISTI>
    <XAUS_ACQUISTI>0,000000</XAUS_ACQUISTI>
    <XFRA_ACQUISTI>0,000000</XFRA_ACQUISTI>
    <TOTALE_VENDITE>22140,444</TOTALE_VENDITE>
    <NAT_VENDITE>25958,865000</NAT_VENDITE>
    <CNOR_VENDITE>1613,639000</CNOR_VENDITE>
    <CSUD_VENDITE>1250,271000</CSUD_VENDITE>
    <NORD_VENDITE>11157,375000</NORD_VENDITE>
    <SARD_VENDITE>765,622000</SARD_VENDITE>
    <SICI_VENDITE>649,629000</SICI_VENDITE>
    <SUD_VENDITE>1912,026000</SUD_VENDITE>
    <AUST_VENDITE>20,000000</AUST_VENDITE>
    <BRNN_VENDITE>1044,875000</BRNN_VENDITE>
    <COAC_VENDITE>0,000000</COAC_VENDITE>
    <CORS_VENDITE>0,000000</CORS_VENDITE>
    <FOGN_VENDITE>17,971000</FOGN_VENDITE>
    <FRAN_VENDITE>99,000000</FRAN_VENDITE>
    <GREC_VENDITE>426,000000</GREC_VENDITE>
    <MFTV_VENDITE>0,000000</MFTV_VENDITE>
    <PRGP_VENDITE>0,000000</PRGP_VENDITE>
    <ROSN_VENDITE>6,036000</ROSN_VENDITE>
    <SLOV_VENDITE>0,000000</SLOV_VENDITE>
    <SVIZ_VENDITE>3178,000000</SVIZ_VENDITE>
    <BSP_VENDITE>667,000000</BSP_VENDITE>
    <MALT_VENDITE>0,000000</MALT_VENDITE>
    <XAUS_VENDITE>275,000000</XAUS_VENDITE>
    <XFRA_VENDITE>2876,421000</XFRA_VENDITE>
    <TOTITABSP_VENDITE>22807,444</TOTITABSP_VENDITE>
    <TOTITABSP_ACQUISTI>25958,865</TOTITABSP_ACQUISTI>
  </Quantita>
  <Quantita>
    <Data>20180420</Data>
    <Mercato>MGP</Mercato>
    <Ora>4</Ora>
    <TOTALE_ACQUISTI>25642,547</TOTALE_ACQUISTI>
    <NAT_ACQUISTI>25642,547000</NAT_ACQUISTI>
    <CNOR_ACQUISTI>2621,503000</CNOR_ACQUISTI>
    <CSUD_ACQUISTI>3642,304000</CSUD_ACQUISTI>
    <NORD_ACQUISTI>14673,494000</NORD_ACQUISTI>
    <SARD_ACQUISTI>769,115000</SARD_ACQUISTI>
    <SICI_ACQUISTI>1393,147000</SICI_ACQUISTI>
    <SUD_ACQUISTI>1919,984000</SUD_ACQUISTI>
    <AUST_ACQUISTI>0,000000</AUST_ACQUISTI>
    <BRNN_ACQUISTI>0,000000</BRNN_ACQUISTI>
    <COAC_ACQUISTI>20,000000</COAC_ACQUISTI>
    <CORS_ACQUISTI>5,000000</CORS_ACQUISTI>
    <FOGN_ACQUISTI>0,000000</FOGN_ACQUISTI>
    <FRAN_ACQUISTI>0,000000</FRAN_ACQUISTI>
    <GREC_ACQUISTI>558,000000</GREC_ACQUISTI>
    <MFTV_ACQUISTI>0,000000</MFTV_ACQUISTI>
    <PRGP_ACQUISTI>0,000000</PRGP_ACQUISTI>
    <ROSN_ACQUISTI>0,000000</ROSN_ACQUISTI>
    <SLOV_ACQUISTI>0,000000</SLOV_ACQUISTI>
    <SVIZ_ACQUISTI>0,000000</SVIZ_ACQUISTI>
    <BSP_ACQUISTI>0,000000</BSP_ACQUISTI>
    <MALT_ACQUISTI>40,000000</MALT_ACQUISTI>
    <XAUS_ACQUISTI>0,000000</XAUS_ACQUISTI>
    <XFRA_ACQUISTI>0,000000</XFRA_ACQUISTI>
    <TOTALE_VENDITE>21666,62</TOTALE_VENDITE>
    <NAT_VENDITE>25642,547000</NAT_VENDITE>
    <CNOR_VENDITE>1614,064000</CNOR_VENDITE>
    <CSUD_VENDITE>1222,945000</CSUD_VENDITE>
    <NORD_VENDITE>10852,006000</NORD_VENDITE>
    <SARD_VENDITE>758,869000</SARD_VENDITE>
    <SICI_VENDITE>623,331000</SICI_VENDITE>
    <SUD_VENDITE>1915,470000</SUD_VENDITE>
    <AUST_VENDITE>20,000000</AUST_VENDITE>
    <BRNN_VENDITE>1044,779000</BRNN_VENDITE>
    <COAC_VENDITE>0,000000</COAC_VENDITE>
    <CORS_VENDITE>0,000000</CORS_VENDITE>
    <FOGN_VENDITE>9,221000</FOGN_VENDITE>
    <FRAN_VENDITE>99,000000</FRAN_VENDITE>
    <GREC_VENDITE>366,000000</GREC_VENDITE>
    <MFTV_VENDITE>0,000000</MFTV_VENDITE>
    <PRGP_VENDITE>0,000000</PRGP_VENDITE>
    <ROSN_VENDITE>6,935000</ROSN_VENDITE>
    <SLOV_VENDITE>0,000000</SLOV_VENDITE>
    <SVIZ_VENDITE>3134,000000</SVIZ_VENDITE>
    <BSP_VENDITE>667,000000</BSP_VENDITE>
    <MALT_VENDITE>0,000000</MALT_VENDITE>
    <XAUS_VENDITE>275,000000</XAUS_VENDITE>
    <XFRA_VENDITE>3033,927000</XFRA_VENDITE>
    <TOTITABSP_VENDITE>22333,62</TOTITABSP_VENDITE>
    <TOTITABSP_ACQUISTI>25642,547</TOTITABSP_ACQUISTI>
  </Quantita>
  <Quantita>
    <Data>20180420</Data>
    <Mercato>MGP</Mercato>
    <Ora>5</Ora>
    <TOTALE_ACQUISTI>25865,088</TOTALE_ACQUISTI>
    <NAT_ACQUISTI>25865,088000</NAT_ACQUISTI>
    <CNOR_ACQUISTI>2621,344000</CNOR_ACQUISTI>
    <CSUD_ACQUISTI>3646,079000</CSUD_ACQUISTI>
    <NORD_ACQUISTI>14855,447000</NORD_ACQUISTI>
    <SARD_ACQUISTI>772,998000</SARD_ACQUISTI>
    <SICI_ACQUISTI>1396,069000</SICI_ACQUISTI>
    <SUD_ACQUISTI>1942,151000</SUD_ACQUISTI>
    <AUST_ACQUISTI>0,000000</AUST_ACQUISTI>
    <BRNN_ACQUISTI>0,000000</BRNN_ACQUISTI>
    <COAC_ACQUISTI>20,000000</COAC_ACQUISTI>
    <CORS_ACQUISTI>5,000000</CORS_ACQUISTI>
    <FOGN_ACQUISTI>0,000000</FOGN_ACQUISTI>
    <FRAN_ACQUISTI>0,000000</FRAN_ACQUISTI>
    <GREC_ACQUISTI>558,000000</GREC_ACQUISTI>
    <MFTV_ACQUISTI>0,000000</MFTV_ACQUISTI>
    <PRGP_ACQUISTI>0,000000</PRGP_ACQUISTI>
    <ROSN_ACQUISTI>0,000000</ROSN_ACQUISTI>
    <SLOV_ACQUISTI>0,000000</SLOV_ACQUISTI>
    <SVIZ_ACQUISTI>0,000000</SVIZ_ACQUISTI>
    <BSP_ACQUISTI>0,000000</BSP_ACQUISTI>
    <MALT_ACQUISTI>48,000000</MALT_ACQUISTI>
    <XAUS_ACQUISTI>0,000000</XAUS_ACQUISTI>
    <XFRA_ACQUISTI>0,000000</XFRA_ACQUISTI>
    <TOTALE_VENDITE>21993,441</TOTALE_VENDITE>
    <NAT_VENDITE>25865,088000</NAT_VENDITE>
    <CNOR_VENDITE>1630,225000</CNOR_VENDITE>
    <CSUD_VENDITE>1218,734000</CSUD_VENDITE>
    <NORD_VENDITE>11117,919000</NORD_VENDITE>
    <SARD_VENDITE>751,101000</SARD_VENDITE>
    <SICI_VENDITE>614,199000</SICI_VENDITE>
    <SUD_VENDITE>1950,131000</SUD_VENDITE>
    <AUST_VENDITE>20,000000</AUST_VENDITE>
    <BRNN_VENDITE>1042,928000</BRNN_VENDITE>
    <COAC_VENDITE>0,000000</COAC_VENDITE>
    <CORS_VENDITE>0,000000</CORS_VENDITE>
    <FOGN_VENDITE>16,941000</FOGN_VENDITE>
    <FRAN_VENDITE>99,000000</FRAN_VENDITE>
    <GREC_VENDITE>386,000000</GREC_VENDITE>
    <MFTV_VENDITE>0,000000</MFTV_VENDITE>
    <PRGP_VENDITE>0,000000</PRGP_VENDITE>
    <ROSN_VENDITE>8,263000</ROSN_VENDITE>
    <SLOV_VENDITE>0,000000</SLOV_VENDITE>
    <SVIZ_VENDITE>3138,000000</SVIZ_VENDITE>
    <BSP_VENDITE>667,000000</BSP_VENDITE>
    <MALT_VENDITE>0,000000</MALT_VENDITE>
    <XAUS_VENDITE>81,647000</XAUS_VENDITE>
    <XFRA_VENDITE>3123,000000</XFRA_VENDITE>
    <TOTITABSP_VENDITE>22660,441</TOTITABSP_VENDITE>
    <TOTITABSP_ACQUISTI>25865,088</TOTITABSP_ACQUISTI>
  </Quantita>
  <Quantita>
    <Data>20180420</Data>
    <Mercato>MGP</Mercato>
    <Ora>6</Ora>
    <TOTALE_ACQUISTI>27125,637</TOTALE_ACQUISTI>
    <NAT_ACQUISTI>27183,684000</NAT_ACQUISTI>
    <CNOR_ACQUISTI>2731,811000</CNOR_ACQUISTI>
    <CSUD_ACQUISTI>3829,560000</CSUD_ACQUISTI>
    <NORD_ACQUISTI>15740,552000</NORD_ACQUISTI>
    <SARD_ACQUISTI>805,389000</SARD_ACQUISTI>
    <SICI_ACQUISTI>1464,070000</SICI_ACQUISTI>
    <SUD_ACQUISTI>2020,255000</SUD_ACQUISTI>
    <AUST_ACQUISTI>0,000000</AUST_ACQUISTI>
    <BRNN_ACQUISTI>0,000000</BRNN_ACQUISTI>
    <COAC_ACQUISTI>20,000000</COAC_ACQUISTI>
    <CORS_ACQUISTI>5,000000</CORS_ACQUISTI>
    <FOGN_ACQUISTI>0,000000</FOGN_ACQUISTI>
    <FRAN_ACQUISTI>0,000000</FRAN_ACQUISTI>
    <GREC_ACQUISTI>438,000000</GREC_ACQUISTI>
    <MFTV_ACQUISTI>0,000000</MFTV_ACQUISTI>
    <PRGP_ACQUISTI>0,000000</PRGP_ACQUISTI>
    <ROSN_ACQUISTI>0,000000</ROSN_ACQUISTI>
    <SLOV_ACQUISTI>0,000000</SLOV_ACQUISTI>
    <SVIZ_ACQUISTI>0,000000</SVIZ_ACQUISTI>
    <BSP_ACQUISTI>0,000000</BSP_ACQUISTI>
    <MALT_ACQUISTI>71,000000</MALT_ACQUISTI>
    <XAUS_ACQUISTI>0,000000</XAUS_ACQUISTI>
    <XFRA_ACQUISTI>0,000000</XFRA_ACQUISTI>
    <TOTALE_VENDITE>23060,637</TOTALE_VENDITE>
    <NAT_VENDITE>27183,684000</NAT_VENDITE>
    <CNOR_VENDITE>1628,706000</CNOR_VENDITE>
    <CSUD_VENDITE>1225,545000</CSUD_VENDITE>
    <NORD_VENDITE>11790,657000</NORD_VENDITE>
    <SARD_VENDITE>760,785000</SARD_VENDITE>
    <SICI_VENDITE>647,846000</SICI_VENDITE>
    <SUD_VENDITE>2145,880000</SUD_VENDITE>
    <AUST_VENDITE>20,000000</AUST_VENDITE>
    <BRNN_VENDITE>1087,544000</BRNN_VENDITE>
    <COAC_VENDITE>0,000000</COAC_VENDITE>
    <CORS_VENDITE>0,000000</CORS_VENDITE>
    <FOGN_VENDITE>16,799000</FOGN_VENDITE>
    <FRAN_VENDITE>99,000000</FRAN_VENDITE>
    <GREC_VENDITE>359,000000</GREC_VENDITE>
    <MFTV_VENDITE>0,000000</MFTV_VENDITE>
    <PRGP_VENDITE>0,000000</PRGP_VENDITE>
    <ROSN_VENDITE>9,875000</ROSN_VENDITE>
    <SLOV_VENDITE>0,000000</SLOV_VENDITE>
    <SVIZ_VENDITE>3269,000000</SVIZ_VENDITE>
    <BSP_VENDITE>667,000000</BSP_VENDITE>
    <MALT_VENDITE>0,000000</MALT_VENDITE>
    <XAUS_VENDITE>275,000000</XAUS_VENDITE>
    <XFRA_VENDITE>3123,000000</XFRA_VENDITE>
    <TOTITABSP_VENDITE>23727,637</TOTITABSP_VENDITE>
    <TOTITABSP_ACQUISTI>27125,637</TOTITABSP_ACQUISTI>
  </Quantita>
  <Quantita>
    <Data>20180420</Data>
    <Mercato>MGP</Mercato>
    <Ora>7</Ora>
    <TOTALE_ACQUISTI>30622,953</TOTALE_ACQUISTI>
    <NAT_ACQUISTI>30622,953000</NAT_ACQUISTI>
    <CNOR_ACQUISTI>3102,831000</CNOR_ACQUISTI>
    <CSUD_ACQUISTI>4309,525000</CSUD_ACQUISTI>
    <NORD_ACQUISTI>18028,752000</NORD_ACQUISTI>
    <SARD_ACQUISTI>887,416000</SARD_ACQUISTI>
    <SICI_ACQUISTI>1584,012000</SICI_ACQUISTI>
    <SUD_ACQUISTI>2162,417000</SUD_ACQUISTI>
    <AUST_ACQUISTI>0,000000</AUST_ACQUISTI>
    <BRNN_ACQUISTI>0,000000</BRNN_ACQUISTI>
    <COAC_ACQUISTI>20,000000</COAC_ACQUISTI>
    <CORS_ACQUISTI>5,000000</CORS_ACQUISTI>
    <FOGN_ACQUISTI>0,000000</FOGN_ACQUISTI>
    <FRAN_ACQUISTI>0,000000</FRAN_ACQUISTI>
    <GREC_ACQUISTI>413,000000</GREC_ACQUISTI>
    <MFTV_ACQUISTI>0,000000</MFTV_ACQUISTI>
    <PRGP_ACQUISTI>0,000000</PRGP_ACQUISTI>
    <ROSN_ACQUISTI>0,000000</ROSN_ACQUISTI>
    <SLOV_ACQUISTI>0,000000</SLOV_ACQUISTI>
    <SVIZ_ACQUISTI>0,000000</SVIZ_ACQUISTI>
    <BSP_ACQUISTI>0,000000</BSP_ACQUISTI>
    <MALT_ACQUISTI>110,000000</MALT_ACQUISTI>
    <XAUS_ACQUISTI>0,000000</XAUS_ACQUISTI>
    <XFRA_ACQUISTI>0,000000</XFRA_ACQUISTI>
    <TOTALE_VENDITE>26583,953</TOTALE_VENDITE>
    <NAT_VENDITE>30622,953000</NAT_VENDITE>
    <CNOR_VENDITE>1771,624000</CNOR_VENDITE>
    <CSUD_VENDITE>2024,041000</CSUD_VENDITE>
    <NORD_VENDITE>14175,498000</NORD_VENDITE>
    <SARD_VENDITE>755,235000</SARD_VENDITE>
    <SICI_VENDITE>672,533000</SICI_VENDITE>
    <SUD_VENDITE>2254,922000</SUD_VENDITE>
    <AUST_VENDITE>20,000000</AUST_VENDITE>
    <BRNN_VENDITE>1243,811000</BRNN_VENDITE>
    <COAC_VENDITE>0,000000</COAC_VENDITE>
    <CORS_VENDITE>0,000000</CORS_VENDITE>
    <FOGN_VENDITE>18,971000</FOGN_VENDITE>
    <FRAN_VENDITE>99,000000</FRAN_VENDITE>
    <GREC_VENDITE>288,000000</GREC_VENDITE>
    <MFTV_VENDITE>0,000000</MFTV_VENDITE>
    <PRGP_VENDITE>0,176000</PRGP_VENDITE>
    <ROSN_VENDITE>12,142000</ROSN_VENDITE>
    <SLOV_VENDITE>0,000000</SLOV_VENDITE>
    <SVIZ_VENDITE>3248,000000</SVIZ_VENDITE>
    <BSP_VENDITE>663,000000</BSP_VENDITE>
    <MALT_VENDITE>0,000000</MALT_VENDITE>
    <XAUS_VENDITE>275,000000</XAUS_VENDITE>
    <XFRA_VENDITE>3101,000000</XFRA_VENDITE>
    <TOTITABSP_VENDITE>27246,953</TOTITABSP_VENDITE>
    <TOTITABSP_ACQUISTI>30622,953</TOTITABSP_ACQUISTI>
  </Quantita>
  <Quantita>
    <Data>20180420</Data>
    <Mercato>MGP</Mercato>
    <Ora>8</Ora>
    <TOTALE_ACQUISTI>34616,925</TOTALE_ACQUISTI>
    <NAT_ACQUISTI>34642,925000</NAT_ACQUISTI>
    <CNOR_ACQUISTI>3568,263000</CNOR_ACQUISTI>
    <CSUD_ACQUISTI>4899,578000</CSUD_ACQUISTI>
    <NORD_ACQUISTI>20403,249000</NORD_ACQUISTI>
    <SARD_ACQUISTI>992,949000</SARD_ACQUISTI>
    <SICI_ACQUISTI>1853,890000</SICI_ACQUISTI>
    <SUD_ACQUISTI>2469,996000</SUD_ACQUISTI>
    <AUST_ACQUISTI>0,000000</AUST_ACQUISTI>
    <BRNN_ACQUISTI>0,000000</BRNN_ACQUISTI>
    <COAC_ACQUISTI>39,000000</COAC_ACQUISTI>
    <CORS_ACQUISTI>5,000000</CORS_ACQUISTI>
    <FOGN_ACQUISTI>0,000000</FOGN_ACQUISTI>
    <FRAN_ACQUISTI>0,000000</FRAN_ACQUISTI>
    <GREC_ACQUISTI>275,000000</GREC_ACQUISTI>
    <MFTV_ACQUISTI>0,000000</MFTV_ACQUISTI>
    <PRGP_ACQUISTI>0,000000</PRGP_ACQUISTI>
    <ROSN_ACQUISTI>0,000000</ROSN_ACQUISTI>
    <SLOV_ACQUISTI>0,000000</SLOV_ACQUISTI>
    <SVIZ_ACQUISTI>0,000000</SVIZ_ACQUISTI>
    <BSP_ACQUISTI>0,000000</BSP_ACQUISTI>
    <MALT_ACQUISTI>110,000000</MALT_ACQUISTI>
    <XAUS_ACQUISTI>0,000000</XAUS_ACQUISTI>
    <XFRA_ACQUISTI>0,000000</XFRA_ACQUISTI>
    <TOTALE_VENDITE>30295,925</TOTALE_VENDITE>
    <NAT_VENDITE>34642,925000</NAT_VENDITE>
    <CNOR_VENDITE>1981,036000</CNOR_VENDITE>
    <CSUD_VENDITE>2702,533000</CSUD_VENDITE>
    <NORD_VENDITE>15986,594000</NORD_VENDITE>
    <SARD_VENDITE>773,463000</SARD_VENDITE>
    <SICI_VENDITE>862,385000</SICI_VENDITE>
    <SUD_VENDITE>2604,512000</SUD_VENDITE>
    <AUST_VENDITE>20,000000</AUST_VENDITE>
    <BRNN_VENDITE>1233,028000</BRNN_VENDITE>
    <COAC_VENDITE>0,000000</COAC_VENDITE>
    <CORS_VENDITE>0,000000</CORS_VENDITE>
    <FOGN_VENDITE>80,123000</FOGN_VENDITE>
    <FRAN_VENDITE>99,000000</FRAN_VENDITE>
    <GREC_VENDITE>402,000000</GREC_VENDITE>
    <MFTV_VENDITE>0,000000</MFTV_VENDITE>
    <PRGP_VENDITE>1,505000</PRGP_VENDITE>
    <ROSN_VENDITE>17,746000</ROSN_VENDITE>
    <SLOV_VENDITE>0,000000</SLOV_VENDITE>
    <SVIZ_VENDITE>3532,000000</SVIZ_VENDITE>
    <BSP_VENDITE>776,000000</BSP_VENDITE>
    <MALT_VENDITE>0,000000</MALT_VENDITE>
    <XAUS_VENDITE>295,000000</XAUS_VENDITE>
    <XFRA_VENDITE>3250,000000</XFRA_VENDITE>
    <TOTITABSP_VENDITE>31071,925</TOTITABSP_VENDITE>
    <TOTITABSP_ACQUISTI>34616,925</TOTITABSP_ACQUISTI>
  </Quantita>
  <Quantita>
    <Data>20180420</Data>
    <Mercato>MGP</Mercato>
    <Ora>9</Ora>
    <TOTALE_ACQUISTI>38494,132</TOTALE_ACQUISTI>
    <NAT_ACQUISTI>38517,309000</NAT_ACQUISTI>
    <CNOR_ACQUISTI>4120,865000</CNOR_ACQUISTI>
    <CSUD_ACQUISTI>5527,905000</CSUD_ACQUISTI>
    <NORD_ACQUISTI>22825,386000</NORD_ACQUISTI>
    <SARD_ACQUISTI>1081,640000</SARD_ACQUISTI>
    <SICI_ACQUISTI>2060,156000</SICI_ACQUISTI>
    <SUD_ACQUISTI>2759,357000</SUD_ACQUISTI>
    <AUST_ACQUISTI>0,000000</AUST_ACQUISTI>
    <BRNN_ACQUISTI>0,000000</BRNN_ACQUISTI>
    <COAC_ACQUISTI>20,000000</COAC_ACQUISTI>
    <CORS_ACQUISTI>5,000000</CORS_ACQUISTI>
    <FOGN_ACQUISTI>0,000000</FOGN_ACQUISTI>
    <FRAN_ACQUISTI>0,000000</FRAN_ACQUISTI>
    <GREC_ACQUISTI>0,000000</GREC_ACQUISTI>
    <MFTV_ACQUISTI>0,000000</MFTV_ACQUISTI>
    <PRGP_ACQUISTI>0,000000</PRGP_ACQUISTI>
    <ROSN_ACQUISTI>0,000000</ROSN_ACQUISTI>
    <SLOV_ACQUISTI>0,000000</SLOV_ACQUISTI>
    <SVIZ_ACQUISTI>0,000000</SVIZ_ACQUISTI>
    <BSP_ACQUISTI>0,000000</BSP_ACQUISTI>
    <MALT_ACQUISTI>93,823000</MALT_ACQUISTI>
    <XAUS_ACQUISTI>0,000000</XAUS_ACQUISTI>
    <XFRA_ACQUISTI>0,000000</XFRA_ACQUISTI>
    <TOTALE_VENDITE>34173,132</TOTALE_VENDITE>
    <NAT_VENDITE>38517,309000</NAT_VENDITE>
    <CNOR_VENDITE>2672,528000</CNOR_VENDITE>
    <CSUD_VENDITE>3214,447000</CSUD_VENDITE>
    <NORD_VENDITE>17689,120000</NORD_VENDITE>
    <SARD_VENDITE>878,317000</SARD_VENDITE>
    <SICI_VENDITE>1050,381000</SICI_VENDITE>
    <SUD_VENDITE>3072,827000</SUD_VENDITE>
    <AUST_VENDITE>20,000000</AUST_VENDITE>
    <BRNN_VENDITE>1288,516000</BRNN_VENDITE>
    <COAC_VENDITE>0,000000</COAC_VENDITE>
    <CORS_VENDITE>0,000000</CORS_VENDITE>
    <FOGN_VENDITE>124,174000</FOGN_VENDITE>
    <FRAN_VENDITE>99,000000</FRAN_VENDITE>
    <GREC_VENDITE>500,000000</GREC_VENDITE>
    <MFTV_VENDITE>0,000000</MFTV_VENDITE>
    <PRGP_VENDITE>3,598000</PRGP_VENDITE>
    <ROSN_VENDITE>28,224000</ROSN_VENDITE>
    <SLOV_VENDITE>0,000000</SLOV_VENDITE>
    <SVIZ_VENDITE>3532,000000</SVIZ_VENDITE>
    <BSP_VENDITE>776,000000</BSP_VENDITE>
    <MALT_VENDITE>0,000000</MALT_VENDITE>
    <XAUS_VENDITE>295,000000</XAUS_VENDITE>
    <XFRA_VENDITE>3250,000000</XFRA_VENDITE>
    <TOTITABSP_VENDITE>34949,132</TOTITABSP_VENDITE>
    <TOTITABSP_ACQUISTI>38494,132</TOTITABSP_ACQUISTI>
  </Quantita>
  <Quantita>
    <Data>20180420</Data>
    <Mercato>MGP</Mercato>
    <Ora>10</Ora>
    <TOTALE_ACQUISTI>39278,799</TOTALE_ACQUISTI>
    <NAT_ACQUISTI>39278,799000</NAT_ACQUISTI>
    <CNOR_ACQUISTI>4216,797000</CNOR_ACQUISTI>
    <CSUD_ACQUISTI>5745,693000</CSUD_ACQUISTI>
    <NORD_ACQUISTI>22873,432000</NORD_ACQUISTI>
    <SARD_ACQUISTI>1057,072000</SARD_ACQUISTI>
    <SICI_ACQUISTI>2068,389000</SICI_ACQUISTI>
    <SUD_ACQUISTI>2759,416000</SUD_ACQUISTI>
    <AUST_ACQUISTI>0,000000</AUST_ACQUISTI>
    <BRNN_ACQUISTI>0,000000</BRNN_ACQUISTI>
    <COAC_ACQUISTI>20,000000</COAC_ACQUISTI>
    <CORS_ACQUISTI>5,000000</CORS_ACQUISTI>
    <FOGN_ACQUISTI>0,000000</FOGN_ACQUISTI>
    <FRAN_ACQUISTI>0,000000</FRAN_ACQUISTI>
    <GREC_ACQUISTI>410,000000</GREC_ACQUISTI>
    <MFTV_ACQUISTI>0,000000</MFTV_ACQUISTI>
    <PRGP_ACQUISTI>0,000000</PRGP_ACQUISTI>
    <ROSN_ACQUISTI>0,000000</ROSN_ACQUISTI>
    <SLOV_ACQUISTI>0,000000</SLOV_ACQUISTI>
    <SVIZ_ACQUISTI>0,000000</SVIZ_ACQUISTI>
    <BSP_ACQUISTI>0,000000</BSP_ACQUISTI>
    <MALT_ACQUISTI>123,000000</MALT_ACQUISTI>
    <XAUS_ACQUISTI>0,000000</XAUS_ACQUISTI>
    <XFRA_ACQUISTI>0,000000</XFRA_ACQUISTI>
    <TOTALE_VENDITE>35247,799</TOTALE_VENDITE>
    <NAT_VENDITE>39278,799000</NAT_VENDITE>
    <CNOR_VENDITE>2508,306000</CNOR_VENDITE>
    <CSUD_VENDITE>3909,654000</CSUD_VENDITE>
    <NORD_VENDITE>17822,434000</NORD_VENDITE>
    <SARD_VENDITE>943,030000</SARD_VENDITE>
    <SICI_VENDITE>1183,481000</SICI_VENDITE>
    <SUD_VENDITE>3646,494000</SUD_VENDITE>
    <AUST_VENDITE>20,000000</AUST_VENDITE>
    <BRNN_VENDITE>1313,448000</BRNN_VENDITE>
    <COAC_VENDITE>0,000000</COAC_VENDITE>
    <CORS_VENDITE>0,000000</CORS_VENDITE>
    <FOGN_VENDITE>142,747000</FOGN_VENDITE>
    <FRAN_VENDITE>99,000000</FRAN_VENDITE>
    <GREC_VENDITE>159,000000</GREC_VENDITE>
    <MFTV_VENDITE>0,000000</MFTV_VENDITE>
    <PRGP_VENDITE>5,794000</PRGP_VENDITE>
    <ROSN_VENDITE>187,411000</ROSN_VENDITE>
    <SLOV_VENDITE>0,000000</SLOV_VENDITE>
    <SVIZ_VENDITE>3307,000000</SVIZ_VENDITE>
    <BSP_VENDITE>722,000000</BSP_VENDITE>
    <MALT_VENDITE>0,000000</MALT_VENDITE>
    <XAUS_VENDITE>292,000000</XAUS_VENDITE>
    <XFRA_VENDITE>3017,000000</XFRA_VENDITE>
    <TOTITABSP_VENDITE>35969,799</TOTITABSP_VENDITE>
    <TOTITABSP_ACQUISTI>39278,799</TOTITABSP_ACQUISTI>
  </Quantita>
  <Quantita>
    <Data>20180420</Data>
    <Mercato>MGP</Mercato>
    <Ora>11</Ora>
    <TOTALE_ACQUISTI>38807,535</TOTALE_ACQUISTI>
    <NAT_ACQUISTI>38807,535000</NAT_ACQUISTI>
    <CNOR_ACQUISTI>4201,569000</CNOR_ACQUISTI>
    <CSUD_ACQUISTI>5714,713000</CSUD_ACQUISTI>
    <NORD_ACQUISTI>22518,350000</NORD_ACQUISTI>
    <SARD_ACQUISTI>1019,685000</SARD_ACQUISTI>
    <SICI_ACQUISTI>2020,799000</SICI_ACQUISTI>
    <SUD_ACQUISTI>2692,419000</SUD_ACQUISTI>
    <AUST_ACQUISTI>0,000000</AUST_ACQUISTI>
    <BRNN_ACQUISTI>0,000000</BRNN_ACQUISTI>
    <COAC_ACQUISTI>20,000000</COAC_ACQUISTI>
    <CORS_ACQUISTI>5,000000</CORS_ACQUISTI>
    <FOGN_ACQUISTI>0,000000</FOGN_ACQUISTI>
    <FRAN_ACQUISTI>0,000000</FRAN_ACQUISTI>
    <GREC_ACQUISTI>493,000000</GREC_ACQUISTI>
    <MFTV_ACQUISTI>0,000000</MFTV_ACQUISTI>
    <PRGP_ACQUISTI>0,000000</PRGP_ACQUISTI>
    <ROSN_ACQUISTI>0,000000</ROSN_ACQUISTI>
    <SLOV_ACQUISTI>0,000000</SLOV_ACQUISTI>
    <SVIZ_ACQUISTI>0,000000</SVIZ_ACQUISTI>
    <BSP_ACQUISTI>0,000000</BSP_ACQUISTI>
    <MALT_ACQUISTI>122,000000</MALT_ACQUISTI>
    <XAUS_ACQUISTI>0,000000</XAUS_ACQUISTI>
    <XFRA_ACQUISTI>0,000000</XFRA_ACQUISTI>
    <TOTALE_VENDITE>34776,535</TOTALE_VENDITE>
    <NAT_VENDITE>38807,535000</NAT_VENDITE>
    <CNOR_VENDITE>2694,388000</CNOR_VENDITE>
    <CSUD_VENDITE>3338,669000</CSUD_VENDITE>
    <NORD_VENDITE>17085,324000</NORD_VENDITE>
    <SARD_VENDITE>1006,764000</SARD_VENDITE>
    <SICI_VENDITE>1238,004000</SICI_VENDITE>
    <SUD_VENDITE>4030,484000</SUD_VENDITE>
    <AUST_VENDITE>20,000000</AUST_VENDITE>
    <BRNN_VENDITE>1239,013000</BRNN_VENDITE>
    <COAC_VENDITE>0,000000</COAC_VENDITE>
    <CORS_VENDITE>0,000000</CORS_VENDITE>
    <FOGN_VENDITE>152,277000</FOGN_VENDITE>
    <FRAN_VENDITE>99,000000</FRAN_VENDITE>
    <GREC_VENDITE>130,000000</GREC_VENDITE>
    <MFTV_VENDITE>0,000000</MFTV_VENDITE>
    <PRGP_VENDITE>7,549000</PRGP_VENDITE>
    <ROSN_VENDITE>428,063000</ROSN_VENDITE>
    <SLOV_VENDITE>0,000000</SLOV_VENDITE>
    <SVIZ_VENDITE>3307,000000</SVIZ_VENDITE>
    <BSP_VENDITE>722,000000</BSP_VENDITE>
    <MALT_VENDITE>0,000000</MALT_VENDITE>
    <XAUS_VENDITE>292,000000</XAUS_VENDITE>
    <XFRA_VENDITE>3017,000000</XFRA_VENDITE>
    <TOTITABSP_VENDITE>35498,535</TOTITABSP_VENDITE>
    <TOTITABSP_ACQUISTI>38807,535</TOTITABSP_ACQUISTI>
  </Quantita>
  <Quantita>
    <Data>20180420</Data>
    <Mercato>MGP</Mercato>
    <Ora>12</Ora>
    <TOTALE_ACQUISTI>38221,487</TOTALE_ACQUISTI>
    <NAT_ACQUISTI>38221,487000</NAT_ACQUISTI>
    <CNOR_ACQUISTI>4118,812000</CNOR_ACQUISTI>
    <CSUD_ACQUISTI>5648,599000</CSUD_ACQUISTI>
    <NORD_ACQUISTI>22219,692000</NORD_ACQUISTI>
    <SARD_ACQUISTI>986,529000</SARD_ACQUISTI>
    <SICI_ACQUISTI>1956,861000</SICI_ACQUISTI>
    <SUD_ACQUISTI>2640,994000</SUD_ACQUISTI>
    <AUST_ACQUISTI>0,000000</AUST_ACQUISTI>
    <BRNN_ACQUISTI>0,000000</BRNN_ACQUISTI>
    <COAC_ACQUISTI>20,000000</COAC_ACQUISTI>
    <CORS_ACQUISTI>5,000000</CORS_ACQUISTI>
    <FOGN_ACQUISTI>0,000000</FOGN_ACQUISTI>
    <FRAN_ACQUISTI>0,000000</FRAN_ACQUISTI>
    <GREC_ACQUISTI>508,000000</GREC_ACQUISTI>
    <MFTV_ACQUISTI>0,000000</MFTV_ACQUISTI>
    <PRGP_ACQUISTI>0,000000</PRGP_ACQUISTI>
    <ROSN_ACQUISTI>0,000000</ROSN_ACQUISTI>
    <SLOV_ACQUISTI>0,000000</SLOV_ACQUISTI>
    <SVIZ_ACQUISTI>0,000000</SVIZ_ACQUISTI>
    <BSP_ACQUISTI>0,000000</BSP_ACQUISTI>
    <MALT_ACQUISTI>117,000000</MALT_ACQUISTI>
    <XAUS_ACQUISTI>0,000000</XAUS_ACQUISTI>
    <XFRA_ACQUISTI>0,000000</XFRA_ACQUISTI>
    <TOTALE_VENDITE>34190,487</TOTALE_VENDITE>
    <NAT_VENDITE>38221,487000</NAT_VENDITE>
    <CNOR_VENDITE>2735,526000</CNOR_VENDITE>
    <CSUD_VENDITE>3162,793000</CSUD_VENDITE>
    <NORD_VENDITE>16659,056000</NORD_VENDITE>
    <SARD_VENDITE>1042,499000</SARD_VENDITE>
    <SICI_VENDITE>1274,749000</SICI_VENDITE>
    <SUD_VENDITE>4168,762000</SUD_VENDITE>
    <AUST_VENDITE>20,000000</AUST_VENDITE>
    <BRNN_VENDITE>1007,497000</BRNN_VENDITE>
    <COAC_VENDITE>0,000000</COAC_VENDITE>
    <CORS_VENDITE>0,000000</CORS_VENDITE>
    <FOGN_VENDITE>143,311000</FOGN_VENDITE>
    <FRAN_VENDITE>99,000000</FRAN_VENDITE>
    <GREC_VENDITE>131,000000</GREC_VENDITE>
    <MFTV_VENDITE>0,000000</MFTV_VENDITE>
    <PRGP_VENDITE>8,641000</PRGP_VENDITE>
    <ROSN_VENDITE>430,653000</ROSN_VENDITE>
    <SLOV_VENDITE>0,000000</SLOV_VENDITE>
    <SVIZ_VENDITE>3307,000000</SVIZ_VENDITE>
    <BSP_VENDITE>722,000000</BSP_VENDITE>
    <MALT_VENDITE>0,000000</MALT_VENDITE>
    <XAUS_VENDITE>292,000000</XAUS_VENDITE>
    <XFRA_VENDITE>3017,000000</XFRA_VENDITE>
    <TOTITABSP_VENDITE>34912,487</TOTITABSP_VENDITE>
    <TOTITABSP_ACQUISTI>38221,487</TOTITABSP_ACQUISTI>
  </Quantita>
  <Quantita>
    <Data>20180420</Data>
    <Mercato>MGP</Mercato>
    <Ora>13</Ora>
    <TOTALE_ACQUISTI>36405,958</TOTALE_ACQUISTI>
    <NAT_ACQUISTI>36405,958000</NAT_ACQUISTI>
    <CNOR_ACQUISTI>3862,749000</CNOR_ACQUISTI>
    <CSUD_ACQUISTI>5589,642000</CSUD_ACQUISTI>
    <NORD_ACQUISTI>20745,309000</NORD_ACQUISTI>
    <SARD_ACQUISTI>966,430000</SARD_ACQUISTI>
    <SICI_ACQUISTI>1926,364000</SICI_ACQUISTI>
    <SUD_ACQUISTI>2632,464000</SUD_ACQUISTI>
    <AUST_ACQUISTI>0,000000</AUST_ACQUISTI>
    <BRNN_ACQUISTI>0,000000</BRNN_ACQUISTI>
    <COAC_ACQUISTI>20,000000</COAC_ACQUISTI>
    <CORS_ACQUISTI>5,000000</CORS_ACQUISTI>
    <FOGN_ACQUISTI>0,000000</FOGN_ACQUISTI>
    <FRAN_ACQUISTI>0,000000</FRAN_ACQUISTI>
    <GREC_ACQUISTI>553,000000</GREC_ACQUISTI>
    <MFTV_ACQUISTI>0,000000</MFTV_ACQUISTI>
    <PRGP_ACQUISTI>0,000000</PRGP_ACQUISTI>
    <ROSN_ACQUISTI>0,000000</ROSN_ACQUISTI>
    <SLOV_ACQUISTI>0,000000</SLOV_ACQUISTI>
    <SVIZ_ACQUISTI>0,000000</SVIZ_ACQUISTI>
    <BSP_ACQUISTI>0,000000</BSP_ACQUISTI>
    <MALT_ACQUISTI>105,000000</MALT_ACQUISTI>
    <XAUS_ACQUISTI>0,000000</XAUS_ACQUISTI>
    <XFRA_ACQUISTI>0,000000</XFRA_ACQUISTI>
    <TOTALE_VENDITE>33478,903</TOTALE_VENDITE>
    <NAT_VENDITE>36405,958000</NAT_VENDITE>
    <CNOR_VENDITE>2791,987000</CNOR_VENDITE>
    <CSUD_VENDITE>3247,373000</CSUD_VENDITE>
    <NORD_VENDITE>15790,344000</NORD_VENDITE>
    <SARD_VENDITE>1068,776000</SARD_VENDITE>
    <SICI_VENDITE>1297,750000</SICI_VENDITE>
    <SUD_VENDITE>4381,920000</SUD_VENDITE>
    <AUST_VENDITE>20,000000</AUST_VENDITE>
    <BRNN_VENDITE>1009,662000</BRNN_VENDITE>
    <COAC_VENDITE>0,000000</COAC_VENDITE>
    <CORS_VENDITE>0,000000</CORS_VENDITE>
    <FOGN_VENDITE>143,982000</FOGN_VENDITE>
    <FRAN_VENDITE>99,000000</FRAN_VENDITE>
    <GREC_VENDITE>134,000000</GREC_VENDITE>
    <MFTV_VENDITE>0,000000</MFTV_VENDITE>
    <PRGP_VENDITE>9,108000</PRGP_VENDITE>
    <ROSN_VENDITE>450,001000</ROSN_VENDITE>
    <SLOV_VENDITE>0,000000</SLOV_VENDITE>
    <SVIZ_VENDITE>3035,000000</SVIZ_VENDITE>
    <BSP_VENDITE>692,000000</BSP_VENDITE>
    <MALT_VENDITE>0,000000</MALT_VENDITE>
    <XAUS_VENDITE>283,000000</XAUS_VENDITE>
    <XFRA_VENDITE>1952,055000</XFRA_VENDITE>
    <TOTITABSP_VENDITE>34170,903</TOTITABSP_VENDITE>
    <TOTITABSP_ACQUISTI>36405,958</TOTITABSP_ACQUISTI>
  </Quantita>
  <Quantita>
    <Data>20180420</Data>
    <Mercato>MGP</Mercato>
    <Ora>14</Ora>
    <TOTALE_ACQUISTI>35754,084</TOTALE_ACQUISTI>
    <NAT_ACQUISTI>35754,084000</NAT_ACQUISTI>
    <CNOR_ACQUISTI>3722,808000</CNOR_ACQUISTI>
    <CSUD_ACQUISTI>5378,677000</CSUD_ACQUISTI>
    <NORD_ACQUISTI>20713,661000</NORD_ACQUISTI>
    <SARD_ACQUISTI>932,346000</SARD_ACQUISTI>
    <SICI_ACQUISTI>1851,463000</SICI_ACQUISTI>
    <SUD_ACQUISTI>2479,129000</SUD_ACQUISTI>
    <AUST_ACQUISTI>0,000000</AUST_ACQUISTI>
    <BRNN_ACQUISTI>0,000000</BRNN_ACQUISTI>
    <COAC_ACQUISTI>20,000000</COAC_ACQUISTI>
    <CORS_ACQUISTI>5,000000</CORS_ACQUISTI>
    <FOGN_ACQUISTI>0,000000</FOGN_ACQUISTI>
    <FRAN_ACQUISTI>0,000000</FRAN_ACQUISTI>
    <GREC_ACQUISTI>553,000000</GREC_ACQUISTI>
    <MFTV_ACQUISTI>0,000000</MFTV_ACQUISTI>
    <PRGP_ACQUISTI>0,000000</PRGP_ACQUISTI>
    <ROSN_ACQUISTI>0,000000</ROSN_ACQUISTI>
    <SLOV_ACQUISTI>0,000000</SLOV_ACQUISTI>
    <SVIZ_ACQUISTI>0,000000</SVIZ_ACQUISTI>
    <BSP_ACQUISTI>0,000000</BSP_ACQUISTI>
    <MALT_ACQUISTI>98,000000</MALT_ACQUISTI>
    <XAUS_ACQUISTI>0,000000</XAUS_ACQUISTI>
    <XFRA_ACQUISTI>0,000000</XFRA_ACQUISTI>
    <TOTALE_VENDITE>33495,477</TOTALE_VENDITE>
    <NAT_VENDITE>35754,084000</NAT_VENDITE>
    <CNOR_VENDITE>2780,550000</CNOR_VENDITE>
    <CSUD_VENDITE>3258,747000</CSUD_VENDITE>
    <NORD_VENDITE>15746,350000</NORD_VENDITE>
    <SARD_VENDITE>1077,042000</SARD_VENDITE>
    <SICI_VENDITE>1265,693000</SICI_VENDITE>
    <SUD_VENDITE>4457,660000</SUD_VENDITE>
    <AUST_VENDITE>20,000000</AUST_VENDITE>
    <BRNN_VENDITE>1014,272000</BRNN_VENDITE>
    <COAC_VENDITE>0,000000</COAC_VENDITE>
    <CORS_VENDITE>0,000000</CORS_VENDITE>
    <FOGN_VENDITE>144,750000</FOGN_VENDITE>
    <FRAN_VENDITE>99,000000</FRAN_VENDITE>
    <GREC_VENDITE>122,000000</GREC_VENDITE>
    <MFTV_VENDITE>0,000000</MFTV_VENDITE>
    <PRGP_VENDITE>8,979000</PRGP_VENDITE>
    <ROSN_VENDITE>374,434000</ROSN_VENDITE>
    <SLOV_VENDITE>0,000000</SLOV_VENDITE>
    <SVIZ_VENDITE>3126,000000</SVIZ_VENDITE>
    <BSP_VENDITE>692,000000</BSP_VENDITE>
    <MALT_VENDITE>0,000000</MALT_VENDITE>
    <XAUS_VENDITE>283,000000</XAUS_VENDITE>
    <XFRA_VENDITE>1283,607000</XFRA_VENDITE>
    <TOTITABSP_VENDITE>34187,477</TOTITABSP_VENDITE>
    <TOTITABSP_ACQUISTI>35754,084</TOTITABSP_ACQUISTI>
  </Quantita>
  <Quantita>
    <Data>20180420</Data>
    <Mercato>MGP</Mercato>
    <Ora>15</Ora>
    <TOTALE_ACQUISTI>36344,274</TOTALE_ACQUISTI>
    <NAT_ACQUISTI>36344,274000</NAT_ACQUISTI>
    <CNOR_ACQUISTI>3867,807000</CNOR_ACQUISTI>
    <CSUD_ACQUISTI>5391,372000</CSUD_ACQUISTI>
    <NORD_ACQUISTI>21233,794000</NORD_ACQUISTI>
    <SARD_ACQUISTI>916,991000</SARD_ACQUISTI>
    <SICI_ACQUISTI>1833,993000</SICI_ACQUISTI>
    <SUD_ACQUISTI>2404,317000</SUD_ACQUISTI>
    <AUST_ACQUISTI>0,000000</AUST_ACQUISTI>
    <BRNN_ACQUISTI>0,000000</BRNN_ACQUISTI>
    <COAC_ACQUISTI>20,000000</COAC_ACQUISTI>
    <CORS_ACQUISTI>5,000000</CORS_ACQUISTI>
    <FOGN_ACQUISTI>0,000000</FOGN_ACQUISTI>
    <FRAN_ACQUISTI>0,000000</FRAN_ACQUISTI>
    <GREC_ACQUISTI>553,000000</GREC_ACQUISTI>
    <MFTV_ACQUISTI>0,000000</MFTV_ACQUISTI>
    <PRGP_ACQUISTI>0,000000</PRGP_ACQUISTI>
    <ROSN_ACQUISTI>0,000000</ROSN_ACQUISTI>
    <SLOV_ACQUISTI>0,000000</SLOV_ACQUISTI>
    <SVIZ_ACQUISTI>0,000000</SVIZ_ACQUISTI>
    <BSP_ACQUISTI>0,000000</BSP_ACQUISTI>
    <MALT_ACQUISTI>118,000000</MALT_ACQUISTI>
    <XAUS_ACQUISTI>0,000000</XAUS_ACQUISTI>
    <XFRA_ACQUISTI>0,000000</XFRA_ACQUISTI>
    <TOTALE_VENDITE>32578,583</TOTALE_VENDITE>
    <NAT_VENDITE>36344,274000</NAT_VENDITE>
    <CNOR_VENDITE>2721,596000</CNOR_VENDITE>
    <CSUD_VENDITE>3188,602000</CSUD_VENDITE>
    <NORD_VENDITE>15059,406000</NORD_VENDITE>
    <SARD_VENDITE>1063,326000</SARD_VENDITE>
    <SICI_VENDITE>1221,567000</SICI_VENDITE>
    <SUD_VENDITE>4415,350000</SUD_VENDITE>
    <AUST_VENDITE>20,000000</AUST_VENDITE>
    <BRNN_VENDITE>1025,124000</BRNN_VENDITE>
    <COAC_VENDITE>0,000000</COAC_VENDITE>
    <CORS_VENDITE>0,000000</CORS_VENDITE>
    <FOGN_VENDITE>145,679000</FOGN_VENDITE>
    <FRAN_VENDITE>99,000000</FRAN_VENDITE>
    <GREC_VENDITE>110,000000</GREC_VENDITE>
    <MFTV_VENDITE>0,000000</MFTV_VENDITE>
    <PRGP_VENDITE>8,207000</PRGP_VENDITE>
    <ROSN_VENDITE>416,726000</ROSN_VENDITE>
    <SLOV_VENDITE>0,000000</SLOV_VENDITE>
    <SVIZ_VENDITE>3084,000000</SVIZ_VENDITE>
    <BSP_VENDITE>692,000000</BSP_VENDITE>
    <MALT_VENDITE>0,000000</MALT_VENDITE>
    <XAUS_VENDITE>283,000000</XAUS_VENDITE>
    <XFRA_VENDITE>2790,691000</XFRA_VENDITE>
    <TOTITABSP_VENDITE>33270,583</TOTITABSP_VENDITE>
    <TOTITABSP_ACQUISTI>36344,274</TOTITABSP_ACQUISTI>
  </Quantita>
  <Quantita>
    <Data>20180420</Data>
    <Mercato>MGP</Mercato>
    <Ora>16</Ora>
    <TOTALE_ACQUISTI>36416,154</TOTALE_ACQUISTI>
    <NAT_ACQUISTI>36416,154000</NAT_ACQUISTI>
    <CNOR_ACQUISTI>3938,481000</CNOR_ACQUISTI>
    <CSUD_ACQUISTI>5456,441000</CSUD_ACQUISTI>
    <NORD_ACQUISTI>21171,736000</NORD_ACQUISTI>
    <SARD_ACQUISTI>922,054000</SARD_ACQUISTI>
    <SICI_ACQUISTI>1847,648000</SICI_ACQUISTI>
    <SUD_ACQUISTI>2441,794000</SUD_ACQUISTI>
    <AUST_ACQUISTI>0,000000</AUST_ACQUISTI>
    <BRNN_ACQUISTI>0,000000</BRNN_ACQUISTI>
    <COAC_ACQUISTI>20,000000</COAC_ACQUISTI>
    <CORS_ACQUISTI>5,000000</CORS_ACQUISTI>
    <FOGN_ACQUISTI>0,000000</FOGN_ACQUISTI>
    <FRAN_ACQUISTI>0,000000</FRAN_ACQUISTI>
    <GREC_ACQUISTI>508,000000</GREC_ACQUISTI>
    <MFTV_ACQUISTI>0,000000</MFTV_ACQUISTI>
    <PRGP_ACQUISTI>0,000000</PRGP_ACQUISTI>
    <ROSN_ACQUISTI>0,000000</ROSN_ACQUISTI>
    <SLOV_ACQUISTI>0,000000</SLOV_ACQUISTI>
    <SVIZ_ACQUISTI>0,000000</SVIZ_ACQUISTI>
    <BSP_ACQUISTI>0,000000</BSP_ACQUISTI>
    <MALT_ACQUISTI>105,000000</MALT_ACQUISTI>
    <XAUS_ACQUISTI>0,000000</XAUS_ACQUISTI>
    <XFRA_ACQUISTI>0,000000</XFRA_ACQUISTI>
    <TOTALE_VENDITE>32372,154</TOTALE_VENDITE>
    <NAT_VENDITE>36416,154000</NAT_VENDITE>
    <CNOR_VENDITE>2582,470000</CNOR_VENDITE>
    <CSUD_VENDITE>3045,281000</CSUD_VENDITE>
    <NORD_VENDITE>14817,174000</NORD_VENDITE>
    <SARD_VENDITE>1029,314000</SARD_VENDITE>
    <SICI_VENDITE>1171,381000</SICI_VENDITE>
    <SUD_VENDITE>4184,295000</SUD_VENDITE>
    <AUST_VENDITE>20,000000</AUST_VENDITE>
    <BRNN_VENDITE>1032,419000</BRNN_VENDITE>
    <COAC_VENDITE>0,000000</COAC_VENDITE>
    <CORS_VENDITE>0,000000</CORS_VENDITE>
    <FOGN_VENDITE>146,646000</FOGN_VENDITE>
    <FRAN_VENDITE>99,000000</FRAN_VENDITE>
    <GREC_VENDITE>143,000000</GREC_VENDITE>
    <MFTV_VENDITE>0,000000</MFTV_VENDITE>
    <PRGP_VENDITE>6,829000</PRGP_VENDITE>
    <ROSN_VENDITE>777,345000</ROSN_VENDITE>
    <SLOV_VENDITE>0,000000</SLOV_VENDITE>
    <SVIZ_VENDITE>3317,000000</SVIZ_VENDITE>
    <BSP_VENDITE>724,000000</BSP_VENDITE>
    <MALT_VENDITE>0,000000</MALT_VENDITE>
    <XAUS_VENDITE>293,000000</XAUS_VENDITE>
    <XFRA_VENDITE>3027,000000</XFRA_VENDITE>
    <TOTITABSP_VENDITE>33096,154</TOTITABSP_VENDITE>
    <TOTITABSP_ACQUISTI>36416,154</TOTITABSP_ACQUISTI>
  </Quantita>
  <Quantita>
    <Data>20180420</Data>
    <Mercato>MGP</Mercato>
    <Ora>17</Ora>
    <TOTALE_ACQUISTI>36634,804</TOTALE_ACQUISTI>
    <NAT_ACQUISTI>36634,804000</NAT_ACQUISTI>
    <CNOR_ACQUISTI>4015,566000</CNOR_ACQUISTI>
    <CSUD_ACQUISTI>5514,857000</CSUD_ACQUISTI>
    <NORD_ACQUISTI>21145,685000</NORD_ACQUISTI>
    <SARD_ACQUISTI>937,748000</SARD_ACQUISTI>
    <SICI_ACQUISTI>1933,407000</SICI_ACQUISTI>
    <SUD_ACQUISTI>2526,541000</SUD_ACQUISTI>
    <AUST_ACQUISTI>0,000000</AUST_ACQUISTI>
    <BRNN_ACQUISTI>0,000000</BRNN_ACQUISTI>
    <COAC_ACQUISTI>20,000000</COAC_ACQUISTI>
    <CORS_ACQUISTI>5,000000</CORS_ACQUISTI>
    <FOGN_ACQUISTI>0,000000</FOGN_ACQUISTI>
    <FRAN_ACQUISTI>0,000000</FRAN_ACQUISTI>
    <GREC_ACQUISTI>408,000000</GREC_ACQUISTI>
    <MFTV_ACQUISTI>0,000000</MFTV_ACQUISTI>
    <PRGP_ACQUISTI>0,000000</PRGP_ACQUISTI>
    <ROSN_ACQUISTI>0,000000</ROSN_ACQUISTI>
    <SLOV_ACQUISTI>0,000000</SLOV_ACQUISTI>
    <SVIZ_ACQUISTI>0,000000</SVIZ_ACQUISTI>
    <BSP_ACQUISTI>0,000000</BSP_ACQUISTI>
    <MALT_ACQUISTI>128,000000</MALT_ACQUISTI>
    <XAUS_ACQUISTI>0,000000</XAUS_ACQUISTI>
    <XFRA_ACQUISTI>0,000000</XFRA_ACQUISTI>
    <TOTALE_VENDITE>32590,804</TOTALE_VENDITE>
    <NAT_VENDITE>36634,804000</NAT_VENDITE>
    <CNOR_VENDITE>2521,921000</CNOR_VENDITE>
    <CSUD_VENDITE>3139,877000</CSUD_VENDITE>
    <NORD_VENDITE>15562,940000</NORD_VENDITE>
    <SARD_VENDITE>996,977000</SARD_VENDITE>
    <SICI_VENDITE>1095,020000</SICI_VENDITE>
    <SUD_VENDITE>3882,090000</SUD_VENDITE>
    <AUST_VENDITE>20,000000</AUST_VENDITE>
    <BRNN_VENDITE>1032,864000</BRNN_VENDITE>
    <COAC_VENDITE>0,000000</COAC_VENDITE>
    <CORS_VENDITE>0,000000</CORS_VENDITE>
    <FOGN_VENDITE>145,954000</FOGN_VENDITE>
    <FRAN_VENDITE>99,000000</FRAN_VENDITE>
    <GREC_VENDITE>230,000000</GREC_VENDITE>
    <MFTV_VENDITE>0,000000</MFTV_VENDITE>
    <PRGP_VENDITE>4,975000</PRGP_VENDITE>
    <ROSN_VENDITE>542,186000</ROSN_VENDITE>
    <SLOV_VENDITE>0,000000</SLOV_VENDITE>
    <SVIZ_VENDITE>3317,000000</SVIZ_VENDITE>
    <BSP_VENDITE>724,000000</BSP_VENDITE>
    <MALT_VENDITE>0,000000</MALT_VENDITE>
    <XAUS_VENDITE>293,000000</XAUS_VENDITE>
    <XFRA_VENDITE>3027,000000</XFRA_VENDITE>
    <TOTITABSP_VENDITE>33314,804</TOTITABSP_VENDITE>
    <TOTITABSP_ACQUISTI>36634,804</TOTITABSP_ACQUISTI>
  </Quantita>
  <Quantita>
    <Data>20180420</Data>
    <Mercato>MGP</Mercato>
    <Ora>18</Ora>
    <TOTALE_ACQUISTI>36608,693</TOTALE_ACQUISTI>
    <NAT_ACQUISTI>36608,693000</NAT_ACQUISTI>
    <CNOR_ACQUISTI>3977,055000</CNOR_ACQUISTI>
    <CSUD_ACQUISTI>5544,857000</CSUD_ACQUISTI>
    <NORD_ACQUISTI>20756,526000</NORD_ACQUISTI>
    <SARD_ACQUISTI>978,370000</SARD_ACQUISTI>
    <SICI_ACQUISTI>1985,452000</SICI_ACQUISTI>
    <SUD_ACQUISTI>2689,433000</SUD_ACQUISTI>
    <AUST_ACQUISTI>0,000000</AUST_ACQUISTI>
    <BRNN_ACQUISTI>0,000000</BRNN_ACQUISTI>
    <COAC_ACQUISTI>20,000000</COAC_ACQUISTI>
    <CORS_ACQUISTI>5,000000</CORS_ACQUISTI>
    <FOGN_ACQUISTI>0,000000</FOGN_ACQUISTI>
    <FRAN_ACQUISTI>0,000000</FRAN_ACQUISTI>
    <GREC_ACQUISTI>503,000000</GREC_ACQUISTI>
    <MFTV_ACQUISTI>0,000000</MFTV_ACQUISTI>
    <PRGP_ACQUISTI>0,000000</PRGP_ACQUISTI>
    <ROSN_ACQUISTI>0,000000</ROSN_ACQUISTI>
    <SLOV_ACQUISTI>0,000000</SLOV_ACQUISTI>
    <SVIZ_ACQUISTI>0,000000</SVIZ_ACQUISTI>
    <BSP_ACQUISTI>0,000000</BSP_ACQUISTI>
    <MALT_ACQUISTI>149,000000</MALT_ACQUISTI>
    <XAUS_ACQUISTI>0,000000</XAUS_ACQUISTI>
    <XFRA_ACQUISTI>0,000000</XFRA_ACQUISTI>
    <TOTALE_VENDITE>32564,693</TOTALE_VENDITE>
    <NAT_VENDITE>36608,693000</NAT_VENDITE>
    <CNOR_VENDITE>2370,465000</CNOR_VENDITE>
    <CSUD_VENDITE>3045,190000</CSUD_VENDITE>
    <NORD_VENDITE>15917,021000</NORD_VENDITE>
    <SARD_VENDITE>965,574000</SARD_VENDITE>
    <SICI_VENDITE>1031,549000</SICI_VENDITE>
    <SUD_VENDITE>3438,770000</SUD_VENDITE>
    <AUST_VENDITE>20,000000</AUST_VENDITE>
    <BRNN_VENDITE>1260,607000</BRNN_VENDITE>
    <COAC_VENDITE>0,000000</COAC_VENDITE>
    <CORS_VENDITE>0,000000</CORS_VENDITE>
    <FOGN_VENDITE>136,872000</FOGN_VENDITE>
    <FRAN_VENDITE>99,000000</FRAN_VENDITE>
    <GREC_VENDITE>191,000000</GREC_VENDITE>
    <MFTV_VENDITE>0,000000</MFTV_VENDITE>
    <PRGP_VENDITE>2,903000</PRGP_VENDITE>
    <ROSN_VENDITE>768,742000</ROSN_VENDITE>
    <SLOV_VENDITE>0,000000</SLOV_VENDITE>
    <SVIZ_VENDITE>3317,000000</SVIZ_VENDITE>
    <BSP_VENDITE>724,000000</BSP_VENDITE>
    <MALT_VENDITE>0,000000</MALT_VENDITE>
    <XAUS_VENDITE>293,000000</XAUS_VENDITE>
    <XFRA_VENDITE>3027,000000</XFRA_VENDITE>
    <TOTITABSP_VENDITE>33288,693</TOTITABSP_VENDITE>
    <TOTITABSP_ACQUISTI>36608,693</TOTITABSP_ACQUISTI>
  </Quantita>
  <Quantita>
    <Data>20180420</Data>
    <Mercato>MGP</Mercato>
    <Ora>19</Ora>
    <TOTALE_ACQUISTI>36602,963</TOTALE_ACQUISTI>
    <NAT_ACQUISTI>36628,963000</NAT_ACQUISTI>
    <CNOR_ACQUISTI>3935,114000</CNOR_ACQUISTI>
    <CSUD_ACQUISTI>5561,038000</CSUD_ACQUISTI>
    <NORD_ACQUISTI>20706,072000</NORD_ACQUISTI>
    <SARD_ACQUISTI>1020,430000</SARD_ACQUISTI>
    <SICI_ACQUISTI>2010,064000</SICI_ACQUISTI>
    <SUD_ACQUISTI>2800,245000</SUD_ACQUISTI>
    <AUST_ACQUISTI>0,000000</AUST_ACQUISTI>
    <BRNN_ACQUISTI>0,000000</BRNN_ACQUISTI>
    <COAC_ACQUISTI>26,000000</COAC_ACQUISTI>
    <CORS_ACQUISTI>5,000000</CORS_ACQUISTI>
    <FOGN_ACQUISTI>0,000000</FOGN_ACQUISTI>
    <FRAN_ACQUISTI>0,000000</FRAN_ACQUISTI>
    <GREC_ACQUISTI>414,000000</GREC_ACQUISTI>
    <MFTV_ACQUISTI>0,000000</MFTV_ACQUISTI>
    <PRGP_ACQUISTI>0,000000</PRGP_ACQUISTI>
    <ROSN_ACQUISTI>0,000000</ROSN_ACQUISTI>
    <SLOV_ACQUISTI>0,000000</SLOV_ACQUISTI>
    <SVIZ_ACQUISTI>0,000000</SVIZ_ACQUISTI>
    <BSP_ACQUISTI>0,000000</BSP_ACQUISTI>
    <MALT_ACQUISTI>125,000000</MALT_ACQUISTI>
    <XAUS_ACQUISTI>0,000000</XAUS_ACQUISTI>
    <XFRA_ACQUISTI>0,000000</XFRA_ACQUISTI>
    <TOTALE_VENDITE>32212,963</TOTALE_VENDITE>
    <NAT_VENDITE>36628,963000</NAT_VENDITE>
    <CNOR_VENDITE>2158,788000</CNOR_VENDITE>
    <CSUD_VENDITE>3731,198000</CSUD_VENDITE>
    <NORD_VENDITE>15593,935000</NORD_VENDITE>
    <SARD_VENDITE>894,702000</SARD_VENDITE>
    <SICI_VENDITE>991,221000</SICI_VENDITE>
    <SUD_VENDITE>2735,142000</SUD_VENDITE>
    <AUST_VENDITE>20,000000</AUST_VENDITE>
    <BRNN_VENDITE>1260,650000</BRNN_VENDITE>
    <COAC_VENDITE>0,000000</COAC_VENDITE>
    <CORS_VENDITE>0,000000</CORS_VENDITE>
    <FOGN_VENDITE>186,207000</FOGN_VENDITE>
    <FRAN_VENDITE>99,000000</FRAN_VENDITE>
    <GREC_VENDITE>144,000000</GREC_VENDITE>
    <MFTV_VENDITE>0,000000</MFTV_VENDITE>
    <PRGP_VENDITE>43,843000</PRGP_VENDITE>
    <ROSN_VENDITE>768,277000</ROSN_VENDITE>
    <SLOV_VENDITE>0,000000</SLOV_VENDITE>
    <SVIZ_VENDITE>3586,000000</SVIZ_VENDITE>
    <BSP_VENDITE>789,000000</BSP_VENDITE>
    <MALT_VENDITE>0,000000</MALT_VENDITE>
    <XAUS_VENDITE>295,000000</XAUS_VENDITE>
    <XFRA_VENDITE>3306,000000</XFRA_VENDITE>
    <TOTITABSP_VENDITE>33001,963</TOTITABSP_VENDITE>
    <TOTITABSP_ACQUISTI>36602,963</TOTITABSP_ACQUISTI>
  </Quantita>
  <Quantita>
    <Data>20180420</Data>
    <Mercato>MGP</Mercato>
    <Ora>20</Ora>
    <TOTALE_ACQUISTI>36947,233</TOTALE_ACQUISTI>
    <NAT_ACQUISTI>37043,233000</NAT_ACQUISTI>
    <CNOR_ACQUISTI>4045,746000</CNOR_ACQUISTI>
    <CSUD_ACQUISTI>5895,926000</CSUD_ACQUISTI>
    <NORD_ACQUISTI>20656,956000</NORD_ACQUISTI>
    <SARD_ACQUISTI>1064,761000</SARD_ACQUISTI>
    <SICI_ACQUISTI>2139,998000</SICI_ACQUISTI>
    <SUD_ACQUISTI>3001,846000</SUD_ACQUISTI>
    <AUST_ACQUISTI>0,000000</AUST_ACQUISTI>
    <BRNN_ACQUISTI>0,000000</BRNN_ACQUISTI>
    <COAC_ACQUISTI>56,000000</COAC_ACQUISTI>
    <CORS_ACQUISTI>9,000000</CORS_ACQUISTI>
    <FOGN_ACQUISTI>0,000000</FOGN_ACQUISTI>
    <FRAN_ACQUISTI>0,000000</FRAN_ACQUISTI>
    <GREC_ACQUISTI>0,000000</GREC_ACQUISTI>
    <MFTV_ACQUISTI>0,000000</MFTV_ACQUISTI>
    <PRGP_ACQUISTI>0,000000</PRGP_ACQUISTI>
    <ROSN_ACQUISTI>0,000000</ROSN_ACQUISTI>
    <SLOV_ACQUISTI>0,000000</SLOV_ACQUISTI>
    <SVIZ_ACQUISTI>0,000000</SVIZ_ACQUISTI>
    <BSP_ACQUISTI>0,000000</BSP_ACQUISTI>
    <MALT_ACQUISTI>77,000000</MALT_ACQUISTI>
    <XAUS_ACQUISTI>0,000000</XAUS_ACQUISTI>
    <XFRA_ACQUISTI>0,000000</XFRA_ACQUISTI>
    <TOTALE_VENDITE>32557,233</TOTALE_VENDITE>
    <NAT_VENDITE>37043,233000</NAT_VENDITE>
    <CNOR_VENDITE>2114,104000</CNOR_VENDITE>
    <CSUD_VENDITE>3388,889000</CSUD_VENDITE>
    <NORD_VENDITE>16161,021000</NORD_VENDITE>
    <SARD_VENDITE>801,731000</SARD_VENDITE>
    <SICI_VENDITE>1011,882000</SICI_VENDITE>
    <SUD_VENDITE>2310,552000</SUD_VENDITE>
    <AUST_VENDITE>20,000000</AUST_VENDITE>
    <BRNN_VENDITE>1362,153000</BRNN_VENDITE>
    <COAC_VENDITE>0,000000</COAC_VENDITE>
    <CORS_VENDITE>0,000000</CORS_VENDITE>
    <FOGN_VENDITE>495,309000</FOGN_VENDITE>
    <FRAN_VENDITE>99,000000</FRAN_VENDITE>
    <GREC_VENDITE>331,000000</GREC_VENDITE>
    <MFTV_VENDITE>0,000000</MFTV_VENDITE>
    <PRGP_VENDITE>105,116000</PRGP_VENDITE>
    <ROSN_VENDITE>770,476000</ROSN_VENDITE>
    <SLOV_VENDITE>0,000000</SLOV_VENDITE>
    <SVIZ_VENDITE>3586,000000</SVIZ_VENDITE>
    <BSP_VENDITE>789,000000</BSP_VENDITE>
    <MALT_VENDITE>0,000000</MALT_VENDITE>
    <XAUS_VENDITE>295,000000</XAUS_VENDITE>
    <XFRA_VENDITE>3306,000000</XFRA_VENDITE>
    <TOTITABSP_VENDITE>33346,233</TOTITABSP_VENDITE>
    <TOTITABSP_ACQUISTI>36947,233</TOTITABSP_ACQUISTI>
  </Quantita>
  <Quantita>
    <Data>20180420</Data>
    <Mercato>MGP</Mercato>
    <Ora>21</Ora>
    <TOTALE_ACQUISTI>38282,415</TOTALE_ACQUISTI>
    <NAT_ACQUISTI>38352,415000</NAT_ACQUISTI>
    <CNOR_ACQUISTI>4157,003000</CNOR_ACQUISTI>
    <CSUD_ACQUISTI>6238,496000</CSUD_ACQUISTI>
    <NORD_ACQUISTI>20905,334000</NORD_ACQUISTI>
    <SARD_ACQUISTI>1156,010000</SARD_ACQUISTI>
    <SICI_ACQUISTI>2331,782000</SICI_ACQUISTI>
    <SUD_ACQUISTI>3365,790000</SUD_ACQUISTI>
    <AUST_ACQUISTI>0,000000</AUST_ACQUISTI>
    <BRNN_ACQUISTI>0,000000</BRNN_ACQUISTI>
    <COAC_ACQUISTI>34,000000</COAC_ACQUISTI>
    <CORS_ACQUISTI>9,000000</CORS_ACQUISTI>
    <FOGN_ACQUISTI>0,000000</FOGN_ACQUISTI>
    <FRAN_ACQUISTI>0,000000</FRAN_ACQUISTI>
    <GREC_ACQUISTI>0,000000</GREC_ACQUISTI>
    <MFTV_ACQUISTI>0,000000</MFTV_ACQUISTI>
    <PRGP_ACQUISTI>0,000000</PRGP_ACQUISTI>
    <ROSN_ACQUISTI>0,000000</ROSN_ACQUISTI>
    <SLOV_ACQUISTI>0,000000</SLOV_ACQUISTI>
    <SVIZ_ACQUISTI>0,000000</SVIZ_ACQUISTI>
    <BSP_ACQUISTI>0,000000</BSP_ACQUISTI>
    <MALT_ACQUISTI>85,000000</MALT_ACQUISTI>
    <XAUS_ACQUISTI>0,000000</XAUS_ACQUISTI>
    <XFRA_ACQUISTI>0,000000</XFRA_ACQUISTI>
    <TOTALE_VENDITE>33892,415</TOTALE_VENDITE>
    <NAT_VENDITE>38352,415000</NAT_VENDITE>
    <CNOR_VENDITE>2274,518000</CNOR_VENDITE>
    <CSUD_VENDITE>3329,903000</CSUD_VENDITE>
    <NORD_VENDITE>16519,241000</NORD_VENDITE>
    <SARD_VENDITE>799,163000</SARD_VENDITE>
    <SICI_VENDITE>997,062000</SICI_VENDITE>
    <SUD_VENDITE>2407,854000</SUD_VENDITE>
    <AUST_VENDITE>20,000000</AUST_VENDITE>
    <BRNN_VENDITE>1362,535000</BRNN_VENDITE>
    <COAC_VENDITE>0,000000</COAC_VENDITE>
    <CORS_VENDITE>0,000000</CORS_VENDITE>
    <FOGN_VENDITE>578,690000</FOGN_VENDITE>
    <FRAN_VENDITE>99,000000</FRAN_VENDITE>
    <GREC_VENDITE>465,000000</GREC_VENDITE>
    <MFTV_VENDITE>0,000000</MFTV_VENDITE>
    <PRGP_VENDITE>319,720000</PRGP_VENDITE>
    <ROSN_VENDITE>1133,729000</ROSN_VENDITE>
    <SLOV_VENDITE>0,000000</SLOV_VENDITE>
    <SVIZ_VENDITE>3586,000000</SVIZ_VENDITE>
    <BSP_VENDITE>789,000000</BSP_VENDITE>
    <MALT_VENDITE>0,000000</MALT_VENDITE>
    <XAUS_VENDITE>295,000000</XAUS_VENDITE>
    <XFRA_VENDITE>3306,000000</XFRA_VENDITE>
    <TOTITABSP_VENDITE>34681,415</TOTITABSP_VENDITE>
    <TOTITABSP_ACQUISTI>38282,415</TOTITABSP_ACQUISTI>
  </Quantita>
  <Quantita>
    <Data>20180420</Data>
    <Mercato>MGP</Mercato>
    <Ora>22</Ora>
    <TOTALE_ACQUISTI>36147,744</TOTALE_ACQUISTI>
    <NAT_ACQUISTI>36243,744000</NAT_ACQUISTI>
    <CNOR_ACQUISTI>3919,795000</CNOR_ACQUISTI>
    <CSUD_ACQUISTI>5822,077000</CSUD_ACQUISTI>
    <NORD_ACQUISTI>19898,774000</NORD_ACQUISTI>
    <SARD_ACQUISTI>1103,276000</SARD_ACQUISTI>
    <SICI_ACQUISTI>2185,636000</SICI_ACQUISTI>
    <SUD_ACQUISTI>3122,186000</SUD_ACQUISTI>
    <AUST_ACQUISTI>0,000000</AUST_ACQUISTI>
    <BRNN_ACQUISTI>0,000000</BRNN_ACQUISTI>
    <COAC_ACQUISTI>28,000000</COAC_ACQUISTI>
    <CORS_ACQUISTI>7,000000</CORS_ACQUISTI>
    <FOGN_ACQUISTI>0,000000</FOGN_ACQUISTI>
    <FRAN_ACQUISTI>0,000000</FRAN_ACQUISTI>
    <GREC_ACQUISTI>20,000000</GREC_ACQUISTI>
    <MFTV_ACQUISTI>0,000000</MFTV_ACQUISTI>
    <PRGP_ACQUISTI>0,000000</PRGP_ACQUISTI>
    <ROSN_ACQUISTI>0,000000</ROSN_ACQUISTI>
    <SLOV_ACQUISTI>0,000000</SLOV_ACQUISTI>
    <SVIZ_ACQUISTI>0,000000</SVIZ_ACQUISTI>
    <BSP_ACQUISTI>0,000000</BSP_ACQUISTI>
    <MALT_ACQUISTI>41,000000</MALT_ACQUISTI>
    <XAUS_ACQUISTI>0,000000</XAUS_ACQUISTI>
    <XFRA_ACQUISTI>0,000000</XFRA_ACQUISTI>
    <TOTALE_VENDITE>31880,744</TOTALE_VENDITE>
    <NAT_VENDITE>36243,744000</NAT_VENDITE>
    <CNOR_VENDITE>1876,656000</CNOR_VENDITE>
    <CSUD_VENDITE>3310,114000</CSUD_VENDITE>
    <NORD_VENDITE>15774,327000</NORD_VENDITE>
    <SARD_VENDITE>794,135000</SARD_VENDITE>
    <SICI_VENDITE>963,721000</SICI_VENDITE>
    <SUD_VENDITE>2247,681000</SUD_VENDITE>
    <AUST_VENDITE>20,000000</AUST_VENDITE>
    <BRNN_VENDITE>1362,090000</BRNN_VENDITE>
    <COAC_VENDITE>0,000000</COAC_VENDITE>
    <CORS_VENDITE>0,000000</CORS_VENDITE>
    <FOGN_VENDITE>580,950000</FOGN_VENDITE>
    <FRAN_VENDITE>99,000000</FRAN_VENDITE>
    <GREC_VENDITE>424,000000</GREC_VENDITE>
    <MFTV_VENDITE>0,000000</MFTV_VENDITE>
    <PRGP_VENDITE>162,915000</PRGP_VENDITE>
    <ROSN_VENDITE>775,155000</ROSN_VENDITE>
    <SLOV_VENDITE>0,000000</SLOV_VENDITE>
    <SVIZ_VENDITE>3490,000000</SVIZ_VENDITE>
    <BSP_VENDITE>766,000000</BSP_VENDITE>
    <MALT_VENDITE>0,000000</MALT_VENDITE>
    <XAUS_VENDITE>295,000000</XAUS_VENDITE>
    <XFRA_VENDITE>3206,000000</XFRA_VENDITE>
    <TOTITABSP_VENDITE>32646,744</TOTITABSP_VENDITE>
    <TOTITABSP_ACQUISTI>36147,744</TOTITABSP_ACQUISTI>
  </Quantita>
  <Quantita>
    <Data>20180420</Data>
    <Mercato>MGP</Mercato>
    <Ora>23</Ora>
    <TOTALE_ACQUISTI>33228,219</TOTALE_ACQUISTI>
    <NAT_ACQUISTI>33320,935000</NAT_ACQUISTI>
    <CNOR_ACQUISTI>3525,474000</CNOR_ACQUISTI>
    <CSUD_ACQUISTI>5255,405000</CSUD_ACQUISTI>
    <NORD_ACQUISTI>18291,480000</NORD_ACQUISTI>
    <SARD_ACQUISTI>1014,248000</SARD_ACQUISTI>
    <SICI_ACQUISTI>1975,901000</SICI_ACQUISTI>
    <SUD_ACQUISTI>2691,302000</SUD_ACQUISTI>
    <AUST_ACQUISTI>0,000000</AUST_ACQUISTI>
    <BRNN_ACQUISTI>0,000000</BRNN_ACQUISTI>
    <COAC_ACQUISTI>30,000000</COAC_ACQUISTI>
    <CORS_ACQUISTI>5,000000</CORS_ACQUISTI>
    <FOGN_ACQUISTI>0,000000</FOGN_ACQUISTI>
    <FRAN_ACQUISTI>0,000000</FRAN_ACQUISTI>
    <GREC_ACQUISTI>398,000000</GREC_ACQUISTI>
    <MFTV_ACQUISTI>0,000000</MFTV_ACQUISTI>
    <PRGP_ACQUISTI>0,000000</PRGP_ACQUISTI>
    <ROSN_ACQUISTI>0,000000</ROSN_ACQUISTI>
    <SLOV_ACQUISTI>0,000000</SLOV_ACQUISTI>
    <SVIZ_ACQUISTI>0,000000</SVIZ_ACQUISTI>
    <BSP_ACQUISTI>0,000000</BSP_ACQUISTI>
    <MALT_ACQUISTI>41,409000</MALT_ACQUISTI>
    <XAUS_ACQUISTI>0,000000</XAUS_ACQUISTI>
    <XFRA_ACQUISTI>0,000000</XFRA_ACQUISTI>
    <TOTALE_VENDITE>28961,219</TOTALE_VENDITE>
    <NAT_VENDITE>33320,935000</NAT_VENDITE>
    <CNOR_VENDITE>1807,507000</CNOR_VENDITE>
    <CSUD_VENDITE>2959,378000</CSUD_VENDITE>
    <NORD_VENDITE>14115,480000</NORD_VENDITE>
    <SARD_VENDITE>760,778000</SARD_VENDITE>
    <SICI_VENDITE>812,310000</SICI_VENDITE>
    <SUD_VENDITE>2211,595000</SUD_VENDITE>
    <AUST_VENDITE>20,000000</AUST_VENDITE>
    <BRNN_VENDITE>1229,659000</BRNN_VENDITE>
    <COAC_VENDITE>0,000000</COAC_VENDITE>
    <CORS_VENDITE>0,000000</CORS_VENDITE>
    <FOGN_VENDITE>124,890000</FOGN_VENDITE>
    <FRAN_VENDITE>99,000000</FRAN_VENDITE>
    <GREC_VENDITE>450,000000</GREC_VENDITE>
    <MFTV_VENDITE>0,000000</MFTV_VENDITE>
    <PRGP_VENDITE>105,000000</PRGP_VENDITE>
    <ROSN_VENDITE>775,622000</ROSN_VENDITE>
    <SLOV_VENDITE>0,000000</SLOV_VENDITE>
    <SVIZ_VENDITE>3490,000000</SVIZ_VENDITE>
    <BSP_VENDITE>766,000000</BSP_VENDITE>
    <MALT_VENDITE>0,000000</MALT_VENDITE>
    <XAUS_VENDITE>295,000000</XAUS_VENDITE>
    <XFRA_VENDITE>3206,000000</XFRA_VENDITE>
    <TOTITABSP_VENDITE>29727,219</TOTITABSP_VENDITE>
    <TOTITABSP_ACQUISTI>33228,219</TOTITABSP_ACQUISTI>
  </Quantita>
  <Quantita>
    <Data>20180420</Data>
    <Mercato>MGP</Mercato>
    <Ora>24</Ora>
    <TOTALE_ACQUISTI>29847,865</TOTALE_ACQUISTI>
    <NAT_ACQUISTI>29875,883000</NAT_ACQUISTI>
    <CNOR_ACQUISTI>3165,042000</CNOR_ACQUISTI>
    <CSUD_ACQUISTI>4687,879000</CSUD_ACQUISTI>
    <NORD_ACQUISTI>16699,704000</NORD_ACQUISTI>
    <SARD_ACQUISTI>935,644000</SARD_ACQUISTI>
    <SICI_ACQUISTI>1793,212000</SICI_ACQUISTI>
    <SUD_ACQUISTI>2375,450000</SUD_ACQUISTI>
    <AUST_ACQUISTI>0,000000</AUST_ACQUISTI>
    <BRNN_ACQUISTI>0,000000</BRNN_ACQUISTI>
    <COAC_ACQUISTI>26,000000</COAC_ACQUISTI>
    <CORS_ACQUISTI>5,000000</CORS_ACQUISTI>
    <FOGN_ACQUISTI>0,000000</FOGN_ACQUISTI>
    <FRAN_ACQUISTI>0,000000</FRAN_ACQUISTI>
    <GREC_ACQUISTI>99,000000</GREC_ACQUISTI>
    <MFTV_ACQUISTI>0,000000</MFTV_ACQUISTI>
    <PRGP_ACQUISTI>0,000000</PRGP_ACQUISTI>
    <ROSN_ACQUISTI>0,000000</ROSN_ACQUISTI>
    <SLOV_ACQUISTI>0,000000</SLOV_ACQUISTI>
    <SVIZ_ACQUISTI>0,000000</SVIZ_ACQUISTI>
    <BSP_ACQUISTI>0,000000</BSP_ACQUISTI>
    <MALT_ACQUISTI>60,934000</MALT_ACQUISTI>
    <XAUS_ACQUISTI>0,000000</XAUS_ACQUISTI>
    <XFRA_ACQUISTI>0,000000</XFRA_ACQUISTI>
    <TOTALE_VENDITE>25863,865</TOTALE_VENDITE>
    <NAT_VENDITE>29875,883000</NAT_VENDITE>
    <CNOR_VENDITE>1726,273000</CNOR_VENDITE>
    <CSUD_VENDITE>2051,837000</CSUD_VENDITE>
    <NORD_VENDITE>13020,716000</NORD_VENDITE>
    <SARD_VENDITE>737,259000</SARD_VENDITE>
    <SICI_VENDITE>754,146000</SICI_VENDITE>
    <SUD_VENDITE>2210,483000</SUD_VENDITE>
    <AUST_VENDITE>20,000000</AUST_VENDITE>
    <BRNN_VENDITE>1028,199000</BRNN_VENDITE>
    <COAC_VENDITE>0,000000</COAC_VENDITE>
    <CORS_VENDITE>0,000000</CORS_VENDITE>
    <FOGN_VENDITE>124,780000</FOGN_VENDITE>
    <FRAN_VENDITE>99,000000</FRAN_VENDITE>
    <GREC_VENDITE>356,000000</GREC_VENDITE>
    <MFTV_VENDITE>0,000000</MFTV_VENDITE>
    <PRGP_VENDITE>0,000000</PRGP_VENDITE>
    <ROSN_VENDITE>528,172000</ROSN_VENDITE>
    <SLOV_VENDITE>0,000000</SLOV_VENDITE>
    <SVIZ_VENDITE>3207,000000</SVIZ_VENDITE>
    <BSP_VENDITE>653,000000</BSP_VENDITE>
    <MALT_VENDITE>0,000000</MALT_VENDITE>
    <XAUS_VENDITE>275,000000</XAUS_VENDITE>
    <XFRA_VENDITE>3056,000000</XFRA_VENDITE>
    <TOTITABSP_VENDITE>26516,865</TOTITABSP_VENDITE>
    <TOTITABSP_ACQUISTI>29847,865</TOTITABSP_ACQUISTI>
  </Quantita>
</NewDataSet>