<?xml version="1.0" standalone="yes"?>
<NewDataSet>
  <xs:schema id="NewDataSet" xmlns="" xmlns:xs="http://www.w3.org/2001/XMLSchema" xmlns:msdata="urn:schemas-microsoft-com:xml-msdata">
    <xs:element name="NewDataSet" msdata:IsDataSet="true" msdata:UseCurrentLocale="true">
      <xs:complexType>
        <xs:choice minOccurs="0" maxOccurs="unbounded">
          <xs:element name="Quantita">
            <xs:complexType>
              <xs:sequence>
                <xs:element name="Data" type="xs:string" minOccurs="0" />
                <xs:element name="Mercato" type="xs:string" minOccurs="0" />
                <xs:element name="Ora" type="xs:string" minOccurs="0" />
                <xs:element name="TOTALE_ACQUISTI" type="xs:string" minOccurs="0" />
                <xs:element name="NAT_ACQUISTI" type="xs:string" minOccurs="0" />
                <xs:element name="CNOR_ACQUISTI" type="xs:string" minOccurs="0" />
                <xs:element name="CSUD_ACQUISTI" type="xs:string" minOccurs="0" />
                <xs:element name="NORD_ACQUISTI" type="xs:string" minOccurs="0" />
                <xs:element name="SARD_ACQUISTI" type="xs:string" minOccurs="0" />
                <xs:element name="SICI_ACQUISTI" type="xs:string" minOccurs="0" />
                <xs:element name="SUD_ACQUISTI" type="xs:string" minOccurs="0" />
                <xs:element name="AUST_ACQUISTI" type="xs:string" minOccurs="0" />
                <xs:element name="BRNN_ACQUISTI" type="xs:string" minOccurs="0" />
                <xs:element name="COAC_ACQUISTI" type="xs:string" minOccurs="0" />
                <xs:element name="CORS_ACQUISTI" type="xs:string" minOccurs="0" />
                <xs:element name="FOGN_ACQUISTI" type="xs:string" minOccurs="0" />
                <xs:element name="FRAN_ACQUISTI" type="xs:string" minOccurs="0" />
                <xs:element name="GREC_ACQUISTI" type="xs:string" minOccurs="0" />
                <xs:element name="MFTV_ACQUISTI" type="xs:string" minOccurs="0" />
                <xs:element name="PRGP_ACQUISTI" type="xs:string" minOccurs="0" />
                <xs:element name="ROSN_ACQUISTI" type="xs:string" minOccurs="0" />
                <xs:element name="SLOV_ACQUISTI" type="xs:string" minOccurs="0" />
                <xs:element name="SVIZ_ACQUISTI" type="xs:string" minOccurs="0" />
                <xs:element name="BSP_ACQUISTI" type="xs:string" minOccurs="0" />
                <xs:element name="MALT_ACQUISTI" type="xs:string" minOccurs="0" />
                <xs:element name="XAUS_ACQUISTI" type="xs:string" minOccurs="0" />
                <xs:element name="XFRA_ACQUISTI" type="xs:string" minOccurs="0" />
                <xs:element name="TOTALE_VENDITE" type="xs:string" minOccurs="0" />
                <xs:element name="NAT_VENDITE" type="xs:string" minOccurs="0" />
                <xs:element name="CNOR_VENDITE" type="xs:string" minOccurs="0" />
                <xs:element name="CSUD_VENDITE" type="xs:string" minOccurs="0" />
                <xs:element name="NORD_VENDITE" type="xs:string" minOccurs="0" />
                <xs:element name="SARD_VENDITE" type="xs:string" minOccurs="0" />
                <xs:element name="SICI_VENDITE" type="xs:string" minOccurs="0" />
                <xs:element name="SUD_VENDITE" type="xs:string" minOccurs="0" />
                <xs:element name="AUST_VENDITE" type="xs:string" minOccurs="0" />
                <xs:element name="BRNN_VENDITE" type="xs:string" minOccurs="0" />
                <xs:element name="COAC_VENDITE" type="xs:string" minOccurs="0" />
                <xs:element name="CORS_VENDITE" type="xs:string" minOccurs="0" />
                <xs:element name="FOGN_VENDITE" type="xs:string" minOccurs="0" />
                <xs:element name="FRAN_VENDITE" type="xs:string" minOccurs="0" />
                <xs:element name="GREC_VENDITE" type="xs:string" minOccurs="0" />
                <xs:element name="MFTV_VENDITE" type="xs:string" minOccurs="0" />
                <xs:element name="PRGP_VENDITE" type="xs:string" minOccurs="0" />
                <xs:element name="ROSN_VENDITE" type="xs:string" minOccurs="0" />
                <xs:element name="SLOV_VENDITE" type="xs:string" minOccurs="0" />
                <xs:element name="SVIZ_VENDITE" type="xs:string" minOccurs="0" />
                <xs:element name="BSP_VENDITE" type="xs:string" minOccurs="0" />
                <xs:element name="MALT_VENDITE" type="xs:string" minOccurs="0" />
                <xs:element name="XAUS_VENDITE" type="xs:string" minOccurs="0" />
                <xs:element name="XFRA_VENDITE" type="xs:string" minOccurs="0" />
                <xs:element name="TOTITABSP_VENDITE" msdata:ReadOnly="true" msdata:Expression="Convert(TOTALE_VENDITE, System.Double) + Convert(BSP_VENDITE,System.Double)" type="xs:string" minOccurs="0" />
                <xs:element name="TOTITABSP_ACQUISTI" msdata:ReadOnly="true" msdata:Expression="Convert(TOTALE_ACQUISTI, System.Double) + Convert(BSP_ACQUISTI, System.Double)" type="xs:string" minOccurs="0" />
              </xs:sequence>
            </xs:complexType>
          </xs:element>
        </xs:choice>
      </xs:complexType>
    </xs:element>
  </xs:schema>
  <Quantita>
    <Data>20180409</Data>
    <Mercato>MGP</Mercato>
    <Ora>1</Ora>
    <TOTALE_ACQUISTI>24045,28</TOTALE_ACQUISTI>
    <NAT_ACQUISTI>24045,280000</NAT_ACQUISTI>
    <CNOR_ACQUISTI>2521,936000</CNOR_ACQUISTI>
    <CSUD_ACQUISTI>3851,934000</CSUD_ACQUISTI>
    <NORD_ACQUISTI>12910,449000</NORD_ACQUISTI>
    <SARD_ACQUISTI>819,920000</SARD_ACQUISTI>
    <SICI_ACQUISTI>1532,417000</SICI_ACQUISTI>
    <SUD_ACQUISTI>2033,624000</SUD_ACQUISTI>
    <AUST_ACQUISTI>0,000000</AUST_ACQUISTI>
    <BRNN_ACQUISTI>0,000000</BRNN_ACQUISTI>
    <COAC_ACQUISTI>47,000000</COAC_ACQUISTI>
    <CORS_ACQUISTI>5,000000</CORS_ACQUISTI>
    <FOGN_ACQUISTI>0,000000</FOGN_ACQUISTI>
    <FRAN_ACQUISTI>0,000000</FRAN_ACQUISTI>
    <GREC_ACQUISTI>215,000000</GREC_ACQUISTI>
    <MFTV_ACQUISTI>0,000000</MFTV_ACQUISTI>
    <PRGP_ACQUISTI>0,000000</PRGP_ACQUISTI>
    <ROSN_ACQUISTI>0,000000</ROSN_ACQUISTI>
    <SLOV_ACQUISTI>0,000000</SLOV_ACQUISTI>
    <SVIZ_ACQUISTI>0,000000</SVIZ_ACQUISTI>
    <BSP_ACQUISTI>0,000000</BSP_ACQUISTI>
    <MALT_ACQUISTI>108,000000</MALT_ACQUISTI>
    <XAUS_ACQUISTI>0,000000</XAUS_ACQUISTI>
    <XFRA_ACQUISTI>0,000000</XFRA_ACQUISTI>
    <TOTALE_VENDITE>21657,28</TOTALE_VENDITE>
    <NAT_VENDITE>24045,280000</NAT_VENDITE>
    <CNOR_VENDITE>1957,584000</CNOR_VENDITE>
    <CSUD_VENDITE>1061,163000</CSUD_VENDITE>
    <NORD_VENDITE>9657,297000</NORD_VENDITE>
    <SARD_VENDITE>652,959000</SARD_VENDITE>
    <SICI_VENDITE>1800,993000</SICI_VENDITE>
    <SUD_VENDITE>2126,647000</SUD_VENDITE>
    <AUST_VENDITE>0,000000</AUST_VENDITE>
    <BRNN_VENDITE>1038,854000</BRNN_VENDITE>
    <COAC_VENDITE>0,000000</COAC_VENDITE>
    <CORS_VENDITE>0,000000</CORS_VENDITE>
    <FOGN_VENDITE>9,961000</FOGN_VENDITE>
    <FRAN_VENDITE>99,000000</FRAN_VENDITE>
    <GREC_VENDITE>499,000000</GREC_VENDITE>
    <MFTV_VENDITE>0,000000</MFTV_VENDITE>
    <PRGP_VENDITE>0,000000</PRGP_VENDITE>
    <ROSN_VENDITE>240,822000</ROSN_VENDITE>
    <SLOV_VENDITE>0,000000</SLOV_VENDITE>
    <SVIZ_VENDITE>2513,000000</SVIZ_VENDITE>
    <BSP_VENDITE>433,000000</BSP_VENDITE>
    <MALT_VENDITE>0,000000</MALT_VENDITE>
    <XAUS_VENDITE>187,000000</XAUS_VENDITE>
    <XFRA_VENDITE>1768,000000</XFRA_VENDITE>
    <TOTITABSP_VENDITE>22090,28</TOTITABSP_VENDITE>
    <TOTITABSP_ACQUISTI>24045,28</TOTITABSP_ACQUISTI>
  </Quantita>
  <Quantita>
    <Data>20180409</Data>
    <Mercato>MGP</Mercato>
    <Ora>2</Ora>
    <TOTALE_ACQUISTI>22891,982</TOTALE_ACQUISTI>
    <NAT_ACQUISTI>22891,982000</NAT_ACQUISTI>
    <CNOR_ACQUISTI>2390,691000</CNOR_ACQUISTI>
    <CSUD_ACQUISTI>3544,737000</CSUD_ACQUISTI>
    <NORD_ACQUISTI>12495,573000</NORD_ACQUISTI>
    <SARD_ACQUISTI>770,588000</SARD_ACQUISTI>
    <SICI_ACQUISTI>1397,170000</SICI_ACQUISTI>
    <SUD_ACQUISTI>1900,337000</SUD_ACQUISTI>
    <AUST_ACQUISTI>0,000000</AUST_ACQUISTI>
    <BRNN_ACQUISTI>0,000000</BRNN_ACQUISTI>
    <COAC_ACQUISTI>27,000000</COAC_ACQUISTI>
    <CORS_ACQUISTI>5,000000</CORS_ACQUISTI>
    <FOGN_ACQUISTI>0,000000</FOGN_ACQUISTI>
    <FRAN_ACQUISTI>0,000000</FRAN_ACQUISTI>
    <GREC_ACQUISTI>237,886000</GREC_ACQUISTI>
    <MFTV_ACQUISTI>0,000000</MFTV_ACQUISTI>
    <PRGP_ACQUISTI>0,000000</PRGP_ACQUISTI>
    <ROSN_ACQUISTI>0,000000</ROSN_ACQUISTI>
    <SLOV_ACQUISTI>0,000000</SLOV_ACQUISTI>
    <SVIZ_ACQUISTI>20,000000</SVIZ_ACQUISTI>
    <BSP_ACQUISTI>0,000000</BSP_ACQUISTI>
    <MALT_ACQUISTI>103,000000</MALT_ACQUISTI>
    <XAUS_ACQUISTI>0,000000</XAUS_ACQUISTI>
    <XFRA_ACQUISTI>0,000000</XFRA_ACQUISTI>
    <TOTALE_VENDITE>20503,982</TOTALE_VENDITE>
    <NAT_VENDITE>22891,982000</NAT_VENDITE>
    <CNOR_VENDITE>1958,260000</CNOR_VENDITE>
    <CSUD_VENDITE>1040,763000</CSUD_VENDITE>
    <NORD_VENDITE>8833,448000</NORD_VENDITE>
    <SARD_VENDITE>636,005000</SARD_VENDITE>
    <SICI_VENDITE>1632,212000</SICI_VENDITE>
    <SUD_VENDITE>2020,663000</SUD_VENDITE>
    <AUST_VENDITE>0,000000</AUST_VENDITE>
    <BRNN_VENDITE>1045,073000</BRNN_VENDITE>
    <COAC_VENDITE>0,000000</COAC_VENDITE>
    <CORS_VENDITE>0,000000</CORS_VENDITE>
    <FOGN_VENDITE>7,833000</FOGN_VENDITE>
    <FRAN_VENDITE>99,000000</FRAN_VENDITE>
    <GREC_VENDITE>499,000000</GREC_VENDITE>
    <MFTV_VENDITE>0,000000</MFTV_VENDITE>
    <PRGP_VENDITE>0,000000</PRGP_VENDITE>
    <ROSN_VENDITE>253,725000</ROSN_VENDITE>
    <SLOV_VENDITE>0,000000</SLOV_VENDITE>
    <SVIZ_VENDITE>2478,000000</SVIZ_VENDITE>
    <BSP_VENDITE>433,000000</BSP_VENDITE>
    <MALT_VENDITE>0,000000</MALT_VENDITE>
    <XAUS_VENDITE>187,000000</XAUS_VENDITE>
    <XFRA_VENDITE>1768,000000</XFRA_VENDITE>
    <TOTITABSP_VENDITE>20936,982</TOTITABSP_VENDITE>
    <TOTITABSP_ACQUISTI>22891,982</TOTITABSP_ACQUISTI>
  </Quantita>
  <Quantita>
    <Data>20180409</Data>
    <Mercato>MGP</Mercato>
    <Ora>3</Ora>
    <TOTALE_ACQUISTI>22635,449</TOTALE_ACQUISTI>
    <NAT_ACQUISTI>22635,449000</NAT_ACQUISTI>
    <CNOR_ACQUISTI>2344,792000</CNOR_ACQUISTI>
    <CSUD_ACQUISTI>3401,284000</CSUD_ACQUISTI>
    <NORD_ACQUISTI>12314,799000</NORD_ACQUISTI>
    <SARD_ACQUISTI>748,350000</SARD_ACQUISTI>
    <SICI_ACQUISTI>1330,684000</SICI_ACQUISTI>
    <SUD_ACQUISTI>1848,540000</SUD_ACQUISTI>
    <AUST_ACQUISTI>0,000000</AUST_ACQUISTI>
    <BRNN_ACQUISTI>0,000000</BRNN_ACQUISTI>
    <COAC_ACQUISTI>20,000000</COAC_ACQUISTI>
    <CORS_ACQUISTI>5,000000</CORS_ACQUISTI>
    <FOGN_ACQUISTI>0,000000</FOGN_ACQUISTI>
    <FRAN_ACQUISTI>0,000000</FRAN_ACQUISTI>
    <GREC_ACQUISTI>256,000000</GREC_ACQUISTI>
    <MFTV_ACQUISTI>0,000000</MFTV_ACQUISTI>
    <PRGP_ACQUISTI>0,000000</PRGP_ACQUISTI>
    <ROSN_ACQUISTI>0,000000</ROSN_ACQUISTI>
    <SLOV_ACQUISTI>0,000000</SLOV_ACQUISTI>
    <SVIZ_ACQUISTI>270,000000</SVIZ_ACQUISTI>
    <BSP_ACQUISTI>0,000000</BSP_ACQUISTI>
    <MALT_ACQUISTI>96,000000</MALT_ACQUISTI>
    <XAUS_ACQUISTI>0,000000</XAUS_ACQUISTI>
    <XFRA_ACQUISTI>0,000000</XFRA_ACQUISTI>
    <TOTALE_VENDITE>20454,899</TOTALE_VENDITE>
    <NAT_VENDITE>22635,449000</NAT_VENDITE>
    <CNOR_VENDITE>1939,864000</CNOR_VENDITE>
    <CSUD_VENDITE>1015,957000</CSUD_VENDITE>
    <NORD_VENDITE>8889,217000</NORD_VENDITE>
    <SARD_VENDITE>664,030000</SARD_VENDITE>
    <SICI_VENDITE>1627,152000</SICI_VENDITE>
    <SUD_VENDITE>1956,722000</SUD_VENDITE>
    <AUST_VENDITE>0,000000</AUST_VENDITE>
    <BRNN_VENDITE>1051,607000</BRNN_VENDITE>
    <COAC_VENDITE>0,000000</COAC_VENDITE>
    <CORS_VENDITE>0,000000</CORS_VENDITE>
    <FOGN_VENDITE>7,374000</FOGN_VENDITE>
    <FRAN_VENDITE>99,000000</FRAN_VENDITE>
    <GREC_VENDITE>500,000000</GREC_VENDITE>
    <MFTV_VENDITE>0,000000</MFTV_VENDITE>
    <PRGP_VENDITE>0,000000</PRGP_VENDITE>
    <ROSN_VENDITE>250,976000</ROSN_VENDITE>
    <SLOV_VENDITE>0,000000</SLOV_VENDITE>
    <SVIZ_VENDITE>2453,000000</SVIZ_VENDITE>
    <BSP_VENDITE>433,000000</BSP_VENDITE>
    <MALT_VENDITE>0,000000</MALT_VENDITE>
    <XAUS_VENDITE>187,000000</XAUS_VENDITE>
    <XFRA_VENDITE>1560,550000</XFRA_VENDITE>
    <TOTITABSP_VENDITE>20887,899</TOTITABSP_VENDITE>
    <TOTITABSP_ACQUISTI>22635,449</TOTITABSP_ACQUISTI>
  </Quantita>
  <Quantita>
    <Data>20180409</Data>
    <Mercato>MGP</Mercato>
    <Ora>4</Ora>
    <TOTALE_ACQUISTI>22548,379</TOTALE_ACQUISTI>
    <NAT_ACQUISTI>22548,379000</NAT_ACQUISTI>
    <CNOR_ACQUISTI>2330,727000</CNOR_ACQUISTI>
    <CSUD_ACQUISTI>3360,073000</CSUD_ACQUISTI>
    <NORD_ACQUISTI>12350,887000</NORD_ACQUISTI>
    <SARD_ACQUISTI>744,592000</SARD_ACQUISTI>
    <SICI_ACQUISTI>1315,695000</SICI_ACQUISTI>
    <SUD_ACQUISTI>1834,405000</SUD_ACQUISTI>
    <AUST_ACQUISTI>0,000000</AUST_ACQUISTI>
    <BRNN_ACQUISTI>0,000000</BRNN_ACQUISTI>
    <COAC_ACQUISTI>20,000000</COAC_ACQUISTI>
    <CORS_ACQUISTI>5,000000</CORS_ACQUISTI>
    <FOGN_ACQUISTI>0,000000</FOGN_ACQUISTI>
    <FRAN_ACQUISTI>0,000000</FRAN_ACQUISTI>
    <GREC_ACQUISTI>221,000000</GREC_ACQUISTI>
    <MFTV_ACQUISTI>0,000000</MFTV_ACQUISTI>
    <PRGP_ACQUISTI>0,000000</PRGP_ACQUISTI>
    <ROSN_ACQUISTI>0,000000</ROSN_ACQUISTI>
    <SLOV_ACQUISTI>0,000000</SLOV_ACQUISTI>
    <SVIZ_ACQUISTI>270,000000</SVIZ_ACQUISTI>
    <BSP_ACQUISTI>0,000000</BSP_ACQUISTI>
    <MALT_ACQUISTI>96,000000</MALT_ACQUISTI>
    <XAUS_ACQUISTI>0,000000</XAUS_ACQUISTI>
    <XFRA_ACQUISTI>0,000000</XFRA_ACQUISTI>
    <TOTALE_VENDITE>20160,379</TOTALE_VENDITE>
    <NAT_VENDITE>22548,379000</NAT_VENDITE>
    <CNOR_VENDITE>1944,605000</CNOR_VENDITE>
    <CSUD_VENDITE>989,933000</CSUD_VENDITE>
    <NORD_VENDITE>8780,280000</NORD_VENDITE>
    <SARD_VENDITE>723,417000</SARD_VENDITE>
    <SICI_VENDITE>1475,936000</SICI_VENDITE>
    <SUD_VENDITE>1886,930000</SUD_VENDITE>
    <AUST_VENDITE>0,000000</AUST_VENDITE>
    <BRNN_VENDITE>1054,127000</BRNN_VENDITE>
    <COAC_VENDITE>0,000000</COAC_VENDITE>
    <CORS_VENDITE>0,000000</CORS_VENDITE>
    <FOGN_VENDITE>6,644000</FOGN_VENDITE>
    <FRAN_VENDITE>99,000000</FRAN_VENDITE>
    <GREC_VENDITE>500,000000</GREC_VENDITE>
    <MFTV_VENDITE>0,000000</MFTV_VENDITE>
    <PRGP_VENDITE>0,000000</PRGP_VENDITE>
    <ROSN_VENDITE>240,755000</ROSN_VENDITE>
    <SLOV_VENDITE>0,000000</SLOV_VENDITE>
    <SVIZ_VENDITE>2458,752000</SVIZ_VENDITE>
    <BSP_VENDITE>433,000000</BSP_VENDITE>
    <MALT_VENDITE>0,000000</MALT_VENDITE>
    <XAUS_VENDITE>187,000000</XAUS_VENDITE>
    <XFRA_VENDITE>1768,000000</XFRA_VENDITE>
    <TOTITABSP_VENDITE>20593,379</TOTITABSP_VENDITE>
    <TOTITABSP_ACQUISTI>22548,379</TOTITABSP_ACQUISTI>
  </Quantita>
  <Quantita>
    <Data>20180409</Data>
    <Mercato>MGP</Mercato>
    <Ora>5</Ora>
    <TOTALE_ACQUISTI>22887,688</TOTALE_ACQUISTI>
    <NAT_ACQUISTI>22887,688000</NAT_ACQUISTI>
    <CNOR_ACQUISTI>2370,201000</CNOR_ACQUISTI>
    <CSUD_ACQUISTI>3390,165000</CSUD_ACQUISTI>
    <NORD_ACQUISTI>12541,301000</NORD_ACQUISTI>
    <SARD_ACQUISTI>749,830000</SARD_ACQUISTI>
    <SICI_ACQUISTI>1325,192000</SICI_ACQUISTI>
    <SUD_ACQUISTI>1820,999000</SUD_ACQUISTI>
    <AUST_ACQUISTI>0,000000</AUST_ACQUISTI>
    <BRNN_ACQUISTI>0,000000</BRNN_ACQUISTI>
    <COAC_ACQUISTI>20,000000</COAC_ACQUISTI>
    <CORS_ACQUISTI>5,000000</CORS_ACQUISTI>
    <FOGN_ACQUISTI>0,000000</FOGN_ACQUISTI>
    <FRAN_ACQUISTI>0,000000</FRAN_ACQUISTI>
    <GREC_ACQUISTI>295,000000</GREC_ACQUISTI>
    <MFTV_ACQUISTI>0,000000</MFTV_ACQUISTI>
    <PRGP_ACQUISTI>0,000000</PRGP_ACQUISTI>
    <ROSN_ACQUISTI>0,000000</ROSN_ACQUISTI>
    <SLOV_ACQUISTI>0,000000</SLOV_ACQUISTI>
    <SVIZ_ACQUISTI>270,000000</SVIZ_ACQUISTI>
    <BSP_ACQUISTI>0,000000</BSP_ACQUISTI>
    <MALT_ACQUISTI>100,000000</MALT_ACQUISTI>
    <XAUS_ACQUISTI>0,000000</XAUS_ACQUISTI>
    <XFRA_ACQUISTI>0,000000</XFRA_ACQUISTI>
    <TOTALE_VENDITE>20499,688</TOTALE_VENDITE>
    <NAT_VENDITE>22887,688000</NAT_VENDITE>
    <CNOR_VENDITE>2141,760000</CNOR_VENDITE>
    <CSUD_VENDITE>1070,759000</CSUD_VENDITE>
    <NORD_VENDITE>8940,745000</NORD_VENDITE>
    <SARD_VENDITE>784,626000</SARD_VENDITE>
    <SICI_VENDITE>1308,847000</SICI_VENDITE>
    <SUD_VENDITE>1854,531000</SUD_VENDITE>
    <AUST_VENDITE>0,000000</AUST_VENDITE>
    <BRNN_VENDITE>1056,648000</BRNN_VENDITE>
    <COAC_VENDITE>0,000000</COAC_VENDITE>
    <CORS_VENDITE>0,000000</CORS_VENDITE>
    <FOGN_VENDITE>6,166000</FOGN_VENDITE>
    <FRAN_VENDITE>99,000000</FRAN_VENDITE>
    <GREC_VENDITE>500,000000</GREC_VENDITE>
    <MFTV_VENDITE>0,000000</MFTV_VENDITE>
    <PRGP_VENDITE>0,000000</PRGP_VENDITE>
    <ROSN_VENDITE>223,606000</ROSN_VENDITE>
    <SLOV_VENDITE>0,000000</SLOV_VENDITE>
    <SVIZ_VENDITE>2513,000000</SVIZ_VENDITE>
    <BSP_VENDITE>433,000000</BSP_VENDITE>
    <MALT_VENDITE>0,000000</MALT_VENDITE>
    <XAUS_VENDITE>187,000000</XAUS_VENDITE>
    <XFRA_VENDITE>1768,000000</XFRA_VENDITE>
    <TOTITABSP_VENDITE>20932,688</TOTITABSP_VENDITE>
    <TOTITABSP_ACQUISTI>22887,688</TOTITABSP_ACQUISTI>
  </Quantita>
  <Quantita>
    <Data>20180409</Data>
    <Mercato>MGP</Mercato>
    <Ora>6</Ora>
    <TOTALE_ACQUISTI>24653,749</TOTALE_ACQUISTI>
    <NAT_ACQUISTI>24653,749000</NAT_ACQUISTI>
    <CNOR_ACQUISTI>2540,163000</CNOR_ACQUISTI>
    <CSUD_ACQUISTI>3626,415000</CSUD_ACQUISTI>
    <NORD_ACQUISTI>13750,384000</NORD_ACQUISTI>
    <SARD_ACQUISTI>782,734000</SARD_ACQUISTI>
    <SICI_ACQUISTI>1402,560000</SICI_ACQUISTI>
    <SUD_ACQUISTI>1901,493000</SUD_ACQUISTI>
    <AUST_ACQUISTI>0,000000</AUST_ACQUISTI>
    <BRNN_ACQUISTI>0,000000</BRNN_ACQUISTI>
    <COAC_ACQUISTI>20,000000</COAC_ACQUISTI>
    <CORS_ACQUISTI>5,000000</CORS_ACQUISTI>
    <FOGN_ACQUISTI>0,000000</FOGN_ACQUISTI>
    <FRAN_ACQUISTI>0,000000</FRAN_ACQUISTI>
    <GREC_ACQUISTI>229,000000</GREC_ACQUISTI>
    <MFTV_ACQUISTI>0,000000</MFTV_ACQUISTI>
    <PRGP_ACQUISTI>0,000000</PRGP_ACQUISTI>
    <ROSN_ACQUISTI>0,000000</ROSN_ACQUISTI>
    <SLOV_ACQUISTI>0,000000</SLOV_ACQUISTI>
    <SVIZ_ACQUISTI>270,000000</SVIZ_ACQUISTI>
    <BSP_ACQUISTI>0,000000</BSP_ACQUISTI>
    <MALT_ACQUISTI>126,000000</MALT_ACQUISTI>
    <XAUS_ACQUISTI>0,000000</XAUS_ACQUISTI>
    <XFRA_ACQUISTI>0,000000</XFRA_ACQUISTI>
    <TOTALE_VENDITE>21535,749</TOTALE_VENDITE>
    <NAT_VENDITE>24653,749000</NAT_VENDITE>
    <CNOR_VENDITE>2146,257000</CNOR_VENDITE>
    <CSUD_VENDITE>1221,344000</CSUD_VENDITE>
    <NORD_VENDITE>9549,212000</NORD_VENDITE>
    <SARD_VENDITE>834,534000</SARD_VENDITE>
    <SICI_VENDITE>1128,047000</SICI_VENDITE>
    <SUD_VENDITE>1771,662000</SUD_VENDITE>
    <AUST_VENDITE>20,000000</AUST_VENDITE>
    <BRNN_VENDITE>1058,421000</BRNN_VENDITE>
    <COAC_VENDITE>0,000000</COAC_VENDITE>
    <CORS_VENDITE>0,000000</CORS_VENDITE>
    <FOGN_VENDITE>6,009000</FOGN_VENDITE>
    <FRAN_VENDITE>99,000000</FRAN_VENDITE>
    <GREC_VENDITE>452,000000</GREC_VENDITE>
    <MFTV_VENDITE>0,000000</MFTV_VENDITE>
    <PRGP_VENDITE>0,000000</PRGP_VENDITE>
    <ROSN_VENDITE>209,263000</ROSN_VENDITE>
    <SLOV_VENDITE>0,000000</SLOV_VENDITE>
    <SVIZ_VENDITE>3040,000000</SVIZ_VENDITE>
    <BSP_VENDITE>563,000000</BSP_VENDITE>
    <MALT_VENDITE>0,000000</MALT_VENDITE>
    <XAUS_VENDITE>227,000000</XAUS_VENDITE>
    <XFRA_VENDITE>2328,000000</XFRA_VENDITE>
    <TOTITABSP_VENDITE>22098,749</TOTITABSP_VENDITE>
    <TOTITABSP_ACQUISTI>24653,749</TOTITABSP_ACQUISTI>
  </Quantita>
  <Quantita>
    <Data>20180409</Data>
    <Mercato>MGP</Mercato>
    <Ora>7</Ora>
    <TOTALE_ACQUISTI>29117,631</TOTALE_ACQUISTI>
    <NAT_ACQUISTI>29117,631000</NAT_ACQUISTI>
    <CNOR_ACQUISTI>3047,815000</CNOR_ACQUISTI>
    <CSUD_ACQUISTI>4260,398000</CSUD_ACQUISTI>
    <NORD_ACQUISTI>16983,919000</NORD_ACQUISTI>
    <SARD_ACQUISTI>883,767000</SARD_ACQUISTI>
    <SICI_ACQUISTI>1567,076000</SICI_ACQUISTI>
    <SUD_ACQUISTI>2077,656000</SUD_ACQUISTI>
    <AUST_ACQUISTI>0,000000</AUST_ACQUISTI>
    <BRNN_ACQUISTI>0,000000</BRNN_ACQUISTI>
    <COAC_ACQUISTI>22,000000</COAC_ACQUISTI>
    <CORS_ACQUISTI>12,000000</CORS_ACQUISTI>
    <FOGN_ACQUISTI>0,000000</FOGN_ACQUISTI>
    <FRAN_ACQUISTI>0,000000</FRAN_ACQUISTI>
    <GREC_ACQUISTI>98,000000</GREC_ACQUISTI>
    <MFTV_ACQUISTI>0,000000</MFTV_ACQUISTI>
    <PRGP_ACQUISTI>0,000000</PRGP_ACQUISTI>
    <ROSN_ACQUISTI>0,000000</ROSN_ACQUISTI>
    <SLOV_ACQUISTI>0,000000</SLOV_ACQUISTI>
    <SVIZ_ACQUISTI>0,000000</SVIZ_ACQUISTI>
    <BSP_ACQUISTI>0,000000</BSP_ACQUISTI>
    <MALT_ACQUISTI>165,000000</MALT_ACQUISTI>
    <XAUS_ACQUISTI>0,000000</XAUS_ACQUISTI>
    <XFRA_ACQUISTI>0,000000</XFRA_ACQUISTI>
    <TOTALE_VENDITE>25334,631</TOTALE_VENDITE>
    <NAT_VENDITE>29117,631000</NAT_VENDITE>
    <CNOR_VENDITE>2209,074000</CNOR_VENDITE>
    <CSUD_VENDITE>2051,959000</CSUD_VENDITE>
    <NORD_VENDITE>11700,616000</NORD_VENDITE>
    <SARD_VENDITE>886,278000</SARD_VENDITE>
    <SICI_VENDITE>929,799000</SICI_VENDITE>
    <SUD_VENDITE>1880,489000</SUD_VENDITE>
    <AUST_VENDITE>20,000000</AUST_VENDITE>
    <BRNN_VENDITE>1253,150000</BRNN_VENDITE>
    <COAC_VENDITE>0,000000</COAC_VENDITE>
    <CORS_VENDITE>0,000000</CORS_VENDITE>
    <FOGN_VENDITE>385,656000</FOGN_VENDITE>
    <FRAN_VENDITE>99,000000</FRAN_VENDITE>
    <GREC_VENDITE>500,000000</GREC_VENDITE>
    <MFTV_VENDITE>0,000000</MFTV_VENDITE>
    <PRGP_VENDITE>0,058000</PRGP_VENDITE>
    <ROSN_VENDITE>528,552000</ROSN_VENDITE>
    <SLOV_VENDITE>0,000000</SLOV_VENDITE>
    <SVIZ_VENDITE>2890,000000</SVIZ_VENDITE>
    <BSP_VENDITE>620,000000</BSP_VENDITE>
    <MALT_VENDITE>0,000000</MALT_VENDITE>
    <XAUS_VENDITE>275,000000</XAUS_VENDITE>
    <XFRA_VENDITE>2888,000000</XFRA_VENDITE>
    <TOTITABSP_VENDITE>25954,631</TOTITABSP_VENDITE>
    <TOTITABSP_ACQUISTI>29117,631</TOTITABSP_ACQUISTI>
  </Quantita>
  <Quantita>
    <Data>20180409</Data>
    <Mercato>MGP</Mercato>
    <Ora>8</Ora>
    <TOTALE_ACQUISTI>34187,051</TOTALE_ACQUISTI>
    <NAT_ACQUISTI>34187,051000</NAT_ACQUISTI>
    <CNOR_ACQUISTI>3629,884000</CNOR_ACQUISTI>
    <CSUD_ACQUISTI>4954,240000</CSUD_ACQUISTI>
    <NORD_ACQUISTI>20105,584000</NORD_ACQUISTI>
    <SARD_ACQUISTI>1000,480000</SARD_ACQUISTI>
    <SICI_ACQUISTI>1816,433000</SICI_ACQUISTI>
    <SUD_ACQUISTI>2429,430000</SUD_ACQUISTI>
    <AUST_ACQUISTI>0,000000</AUST_ACQUISTI>
    <BRNN_ACQUISTI>0,000000</BRNN_ACQUISTI>
    <COAC_ACQUISTI>46,000000</COAC_ACQUISTI>
    <CORS_ACQUISTI>19,000000</CORS_ACQUISTI>
    <FOGN_ACQUISTI>0,000000</FOGN_ACQUISTI>
    <FRAN_ACQUISTI>0,000000</FRAN_ACQUISTI>
    <GREC_ACQUISTI>0,000000</GREC_ACQUISTI>
    <MFTV_ACQUISTI>0,000000</MFTV_ACQUISTI>
    <PRGP_ACQUISTI>0,000000</PRGP_ACQUISTI>
    <ROSN_ACQUISTI>0,000000</ROSN_ACQUISTI>
    <SLOV_ACQUISTI>0,000000</SLOV_ACQUISTI>
    <SVIZ_ACQUISTI>0,000000</SVIZ_ACQUISTI>
    <BSP_ACQUISTI>0,000000</BSP_ACQUISTI>
    <MALT_ACQUISTI>186,000000</MALT_ACQUISTI>
    <XAUS_ACQUISTI>0,000000</XAUS_ACQUISTI>
    <XFRA_ACQUISTI>0,000000</XFRA_ACQUISTI>
    <TOTALE_VENDITE>30426,051</TOTALE_VENDITE>
    <NAT_VENDITE>34187,051000</NAT_VENDITE>
    <CNOR_VENDITE>2519,863000</CNOR_VENDITE>
    <CSUD_VENDITE>2784,606000</CSUD_VENDITE>
    <NORD_VENDITE>15473,370000</NORD_VENDITE>
    <SARD_VENDITE>927,527000</SARD_VENDITE>
    <SICI_VENDITE>910,254000</SICI_VENDITE>
    <SUD_VENDITE>1843,862000</SUD_VENDITE>
    <AUST_VENDITE>20,000000</AUST_VENDITE>
    <BRNN_VENDITE>1248,227000</BRNN_VENDITE>
    <COAC_VENDITE>0,000000</COAC_VENDITE>
    <CORS_VENDITE>0,000000</CORS_VENDITE>
    <FOGN_VENDITE>437,065000</FOGN_VENDITE>
    <FRAN_VENDITE>99,000000</FRAN_VENDITE>
    <GREC_VENDITE>500,000000</GREC_VENDITE>
    <MFTV_VENDITE>0,000000</MFTV_VENDITE>
    <PRGP_VENDITE>0,868000</PRGP_VENDITE>
    <ROSN_VENDITE>662,409000</ROSN_VENDITE>
    <SLOV_VENDITE>0,000000</SLOV_VENDITE>
    <SVIZ_VENDITE>2999,000000</SVIZ_VENDITE>
    <BSP_VENDITE>674,000000</BSP_VENDITE>
    <MALT_VENDITE>0,000000</MALT_VENDITE>
    <XAUS_VENDITE>277,000000</XAUS_VENDITE>
    <XFRA_VENDITE>2810,000000</XFRA_VENDITE>
    <TOTITABSP_VENDITE>31100,051</TOTITABSP_VENDITE>
    <TOTITABSP_ACQUISTI>34187,051</TOTITABSP_ACQUISTI>
  </Quantita>
  <Quantita>
    <Data>20180409</Data>
    <Mercato>MGP</Mercato>
    <Ora>9</Ora>
    <TOTALE_ACQUISTI>39027,164</TOTALE_ACQUISTI>
    <NAT_ACQUISTI>39118,164000</NAT_ACQUISTI>
    <CNOR_ACQUISTI>4289,953000</CNOR_ACQUISTI>
    <CSUD_ACQUISTI>5575,589000</CSUD_ACQUISTI>
    <NORD_ACQUISTI>23082,751000</NORD_ACQUISTI>
    <SARD_ACQUISTI>1097,844000</SARD_ACQUISTI>
    <SICI_ACQUISTI>2047,059000</SICI_ACQUISTI>
    <SUD_ACQUISTI>2758,968000</SUD_ACQUISTI>
    <AUST_ACQUISTI>0,000000</AUST_ACQUISTI>
    <BRNN_ACQUISTI>0,000000</BRNN_ACQUISTI>
    <COAC_ACQUISTI>47,000000</COAC_ACQUISTI>
    <CORS_ACQUISTI>19,000000</CORS_ACQUISTI>
    <FOGN_ACQUISTI>0,000000</FOGN_ACQUISTI>
    <FRAN_ACQUISTI>0,000000</FRAN_ACQUISTI>
    <GREC_ACQUISTI>0,000000</GREC_ACQUISTI>
    <MFTV_ACQUISTI>0,000000</MFTV_ACQUISTI>
    <PRGP_ACQUISTI>0,000000</PRGP_ACQUISTI>
    <ROSN_ACQUISTI>0,000000</ROSN_ACQUISTI>
    <SLOV_ACQUISTI>0,000000</SLOV_ACQUISTI>
    <SVIZ_ACQUISTI>0,000000</SVIZ_ACQUISTI>
    <BSP_ACQUISTI>0,000000</BSP_ACQUISTI>
    <MALT_ACQUISTI>109,000000</MALT_ACQUISTI>
    <XAUS_ACQUISTI>0,000000</XAUS_ACQUISTI>
    <XFRA_ACQUISTI>0,000000</XFRA_ACQUISTI>
    <TOTALE_VENDITE>35266,164</TOTALE_VENDITE>
    <NAT_VENDITE>39118,164000</NAT_VENDITE>
    <CNOR_VENDITE>2925,549000</CNOR_VENDITE>
    <CSUD_VENDITE>3229,738000</CSUD_VENDITE>
    <NORD_VENDITE>17020,403000</NORD_VENDITE>
    <SARD_VENDITE>1057,815000</SARD_VENDITE>
    <SICI_VENDITE>1125,419000</SICI_VENDITE>
    <SUD_VENDITE>2303,439000</SUD_VENDITE>
    <AUST_VENDITE>20,000000</AUST_VENDITE>
    <BRNN_VENDITE>2385,899000</BRNN_VENDITE>
    <COAC_VENDITE>0,000000</COAC_VENDITE>
    <CORS_VENDITE>0,000000</CORS_VENDITE>
    <FOGN_VENDITE>537,669000</FOGN_VENDITE>
    <FRAN_VENDITE>99,000000</FRAN_VENDITE>
    <GREC_VENDITE>500,000000</GREC_VENDITE>
    <MFTV_VENDITE>0,000000</MFTV_VENDITE>
    <PRGP_VENDITE>130,640000</PRGP_VENDITE>
    <ROSN_VENDITE>796,593000</ROSN_VENDITE>
    <SLOV_VENDITE>0,000000</SLOV_VENDITE>
    <SVIZ_VENDITE>3134,000000</SVIZ_VENDITE>
    <BSP_VENDITE>674,000000</BSP_VENDITE>
    <MALT_VENDITE>0,000000</MALT_VENDITE>
    <XAUS_VENDITE>277,000000</XAUS_VENDITE>
    <XFRA_VENDITE>2810,000000</XFRA_VENDITE>
    <TOTITABSP_VENDITE>35940,164</TOTITABSP_VENDITE>
    <TOTITABSP_ACQUISTI>39027,164</TOTITABSP_ACQUISTI>
  </Quantita>
  <Quantita>
    <Data>20180409</Data>
    <Mercato>MGP</Mercato>
    <Ora>10</Ora>
    <TOTALE_ACQUISTI>39764,748</TOTALE_ACQUISTI>
    <NAT_ACQUISTI>39855,748000</NAT_ACQUISTI>
    <CNOR_ACQUISTI>4399,764000</CNOR_ACQUISTI>
    <CSUD_ACQUISTI>5794,015000</CSUD_ACQUISTI>
    <NORD_ACQUISTI>23441,550000</NORD_ACQUISTI>
    <SARD_ACQUISTI>1082,363000</SARD_ACQUISTI>
    <SICI_ACQUISTI>2079,911000</SICI_ACQUISTI>
    <SUD_ACQUISTI>2791,145000</SUD_ACQUISTI>
    <AUST_ACQUISTI>0,000000</AUST_ACQUISTI>
    <BRNN_ACQUISTI>0,000000</BRNN_ACQUISTI>
    <COAC_ACQUISTI>51,000000</COAC_ACQUISTI>
    <CORS_ACQUISTI>19,000000</CORS_ACQUISTI>
    <FOGN_ACQUISTI>0,000000</FOGN_ACQUISTI>
    <FRAN_ACQUISTI>0,000000</FRAN_ACQUISTI>
    <GREC_ACQUISTI>0,000000</GREC_ACQUISTI>
    <MFTV_ACQUISTI>0,000000</MFTV_ACQUISTI>
    <PRGP_ACQUISTI>0,000000</PRGP_ACQUISTI>
    <ROSN_ACQUISTI>0,000000</ROSN_ACQUISTI>
    <SLOV_ACQUISTI>0,000000</SLOV_ACQUISTI>
    <SVIZ_ACQUISTI>0,000000</SVIZ_ACQUISTI>
    <BSP_ACQUISTI>0,000000</BSP_ACQUISTI>
    <MALT_ACQUISTI>106,000000</MALT_ACQUISTI>
    <XAUS_ACQUISTI>0,000000</XAUS_ACQUISTI>
    <XFRA_ACQUISTI>0,000000</XFRA_ACQUISTI>
    <TOTALE_VENDITE>35895,748</TOTALE_VENDITE>
    <NAT_VENDITE>39855,748000</NAT_VENDITE>
    <CNOR_VENDITE>3007,420000</CNOR_VENDITE>
    <CSUD_VENDITE>3704,500000</CSUD_VENDITE>
    <NORD_VENDITE>17205,062000</NORD_VENDITE>
    <SARD_VENDITE>1159,957000</SARD_VENDITE>
    <SICI_VENDITE>1184,922000</SICI_VENDITE>
    <SUD_VENDITE>2646,453000</SUD_VENDITE>
    <AUST_VENDITE>20,000000</AUST_VENDITE>
    <BRNN_VENDITE>1713,480000</BRNN_VENDITE>
    <COAC_VENDITE>0,000000</COAC_VENDITE>
    <CORS_VENDITE>0,000000</CORS_VENDITE>
    <FOGN_VENDITE>738,793000</FOGN_VENDITE>
    <FRAN_VENDITE>99,000000</FRAN_VENDITE>
    <GREC_VENDITE>500,000000</GREC_VENDITE>
    <MFTV_VENDITE>0,000000</MFTV_VENDITE>
    <PRGP_VENDITE>100,989000</PRGP_VENDITE>
    <ROSN_VENDITE>789,172000</ROSN_VENDITE>
    <SLOV_VENDITE>0,000000</SLOV_VENDITE>
    <SVIZ_VENDITE>3026,000000</SVIZ_VENDITE>
    <BSP_VENDITE>693,000000</BSP_VENDITE>
    <MALT_VENDITE>0,000000</MALT_VENDITE>
    <XAUS_VENDITE>283,000000</XAUS_VENDITE>
    <XFRA_VENDITE>2893,000000</XFRA_VENDITE>
    <TOTITABSP_VENDITE>36588,748</TOTITABSP_VENDITE>
    <TOTITABSP_ACQUISTI>39764,748</TOTITABSP_ACQUISTI>
  </Quantita>
  <Quantita>
    <Data>20180409</Data>
    <Mercato>MGP</Mercato>
    <Ora>11</Ora>
    <TOTALE_ACQUISTI>39458,899</TOTALE_ACQUISTI>
    <NAT_ACQUISTI>39471,862000</NAT_ACQUISTI>
    <CNOR_ACQUISTI>4371,343000</CNOR_ACQUISTI>
    <CSUD_ACQUISTI>5776,678000</CSUD_ACQUISTI>
    <NORD_ACQUISTI>23283,705000</NORD_ACQUISTI>
    <SARD_ACQUISTI>1035,126000</SARD_ACQUISTI>
    <SICI_ACQUISTI>2028,841000</SICI_ACQUISTI>
    <SUD_ACQUISTI>2706,169000</SUD_ACQUISTI>
    <AUST_ACQUISTI>0,000000</AUST_ACQUISTI>
    <BRNN_ACQUISTI>0,000000</BRNN_ACQUISTI>
    <COAC_ACQUISTI>63,000000</COAC_ACQUISTI>
    <CORS_ACQUISTI>19,000000</CORS_ACQUISTI>
    <FOGN_ACQUISTI>0,000000</FOGN_ACQUISTI>
    <FRAN_ACQUISTI>0,000000</FRAN_ACQUISTI>
    <GREC_ACQUISTI>0,000000</GREC_ACQUISTI>
    <MFTV_ACQUISTI>0,000000</MFTV_ACQUISTI>
    <PRGP_ACQUISTI>0,000000</PRGP_ACQUISTI>
    <ROSN_ACQUISTI>0,000000</ROSN_ACQUISTI>
    <SLOV_ACQUISTI>0,000000</SLOV_ACQUISTI>
    <SVIZ_ACQUISTI>0,000000</SVIZ_ACQUISTI>
    <BSP_ACQUISTI>0,000000</BSP_ACQUISTI>
    <MALT_ACQUISTI>175,037000</MALT_ACQUISTI>
    <XAUS_ACQUISTI>0,000000</XAUS_ACQUISTI>
    <XFRA_ACQUISTI>0,000000</XFRA_ACQUISTI>
    <TOTALE_VENDITE>35589,899</TOTALE_VENDITE>
    <NAT_VENDITE>39471,862000</NAT_VENDITE>
    <CNOR_VENDITE>3002,279000</CNOR_VENDITE>
    <CSUD_VENDITE>4208,976000</CSUD_VENDITE>
    <NORD_VENDITE>16513,304000</NORD_VENDITE>
    <SARD_VENDITE>1271,843000</SARD_VENDITE>
    <SICI_VENDITE>1299,038000</SICI_VENDITE>
    <SUD_VENDITE>3076,961000</SUD_VENDITE>
    <AUST_VENDITE>20,000000</AUST_VENDITE>
    <BRNN_VENDITE>1045,844000</BRNN_VENDITE>
    <COAC_VENDITE>0,000000</COAC_VENDITE>
    <CORS_VENDITE>0,000000</CORS_VENDITE>
    <FOGN_VENDITE>736,510000</FOGN_VENDITE>
    <FRAN_VENDITE>99,000000</FRAN_VENDITE>
    <GREC_VENDITE>500,000000</GREC_VENDITE>
    <MFTV_VENDITE>0,000000</MFTV_VENDITE>
    <PRGP_VENDITE>4,840000</PRGP_VENDITE>
    <ROSN_VENDITE>785,304000</ROSN_VENDITE>
    <SLOV_VENDITE>0,000000</SLOV_VENDITE>
    <SVIZ_VENDITE>3026,000000</SVIZ_VENDITE>
    <BSP_VENDITE>693,000000</BSP_VENDITE>
    <MALT_VENDITE>0,000000</MALT_VENDITE>
    <XAUS_VENDITE>283,000000</XAUS_VENDITE>
    <XFRA_VENDITE>2893,000000</XFRA_VENDITE>
    <TOTITABSP_VENDITE>36282,899</TOTITABSP_VENDITE>
    <TOTITABSP_ACQUISTI>39458,899</TOTITABSP_ACQUISTI>
  </Quantita>
  <Quantita>
    <Data>20180409</Data>
    <Mercato>MGP</Mercato>
    <Ora>12</Ora>
    <TOTALE_ACQUISTI>39204,564</TOTALE_ACQUISTI>
    <NAT_ACQUISTI>39204,564000</NAT_ACQUISTI>
    <CNOR_ACQUISTI>4339,986000</CNOR_ACQUISTI>
    <CSUD_ACQUISTI>5725,939000</CSUD_ACQUISTI>
    <NORD_ACQUISTI>23151,075000</NORD_ACQUISTI>
    <SARD_ACQUISTI>997,782000</SARD_ACQUISTI>
    <SICI_ACQUISTI>1980,488000</SICI_ACQUISTI>
    <SUD_ACQUISTI>2672,294000</SUD_ACQUISTI>
    <AUST_ACQUISTI>0,000000</AUST_ACQUISTI>
    <BRNN_ACQUISTI>0,000000</BRNN_ACQUISTI>
    <COAC_ACQUISTI>54,000000</COAC_ACQUISTI>
    <CORS_ACQUISTI>19,000000</CORS_ACQUISTI>
    <FOGN_ACQUISTI>0,000000</FOGN_ACQUISTI>
    <FRAN_ACQUISTI>0,000000</FRAN_ACQUISTI>
    <GREC_ACQUISTI>100,000000</GREC_ACQUISTI>
    <MFTV_ACQUISTI>0,000000</MFTV_ACQUISTI>
    <PRGP_ACQUISTI>0,000000</PRGP_ACQUISTI>
    <ROSN_ACQUISTI>0,000000</ROSN_ACQUISTI>
    <SLOV_ACQUISTI>0,000000</SLOV_ACQUISTI>
    <SVIZ_ACQUISTI>0,000000</SVIZ_ACQUISTI>
    <BSP_ACQUISTI>0,000000</BSP_ACQUISTI>
    <MALT_ACQUISTI>164,000000</MALT_ACQUISTI>
    <XAUS_ACQUISTI>0,000000</XAUS_ACQUISTI>
    <XFRA_ACQUISTI>0,000000</XFRA_ACQUISTI>
    <TOTALE_VENDITE>35335,564</TOTALE_VENDITE>
    <NAT_VENDITE>39204,564000</NAT_VENDITE>
    <CNOR_VENDITE>3041,661000</CNOR_VENDITE>
    <CSUD_VENDITE>4327,999000</CSUD_VENDITE>
    <NORD_VENDITE>15743,684000</NORD_VENDITE>
    <SARD_VENDITE>1361,046000</SARD_VENDITE>
    <SICI_VENDITE>1307,344000</SICI_VENDITE>
    <SUD_VENDITE>3367,053000</SUD_VENDITE>
    <AUST_VENDITE>20,000000</AUST_VENDITE>
    <BRNN_VENDITE>1040,129000</BRNN_VENDITE>
    <COAC_VENDITE>0,000000</COAC_VENDITE>
    <CORS_VENDITE>0,000000</CORS_VENDITE>
    <FOGN_VENDITE>737,961000</FOGN_VENDITE>
    <FRAN_VENDITE>99,000000</FRAN_VENDITE>
    <GREC_VENDITE>480,000000</GREC_VENDITE>
    <MFTV_VENDITE>0,000000</MFTV_VENDITE>
    <PRGP_VENDITE>5,724000</PRGP_VENDITE>
    <ROSN_VENDITE>777,963000</ROSN_VENDITE>
    <SLOV_VENDITE>0,000000</SLOV_VENDITE>
    <SVIZ_VENDITE>3026,000000</SVIZ_VENDITE>
    <BSP_VENDITE>693,000000</BSP_VENDITE>
    <MALT_VENDITE>0,000000</MALT_VENDITE>
    <XAUS_VENDITE>283,000000</XAUS_VENDITE>
    <XFRA_VENDITE>2893,000000</XFRA_VENDITE>
    <TOTITABSP_VENDITE>36028,564</TOTITABSP_VENDITE>
    <TOTITABSP_ACQUISTI>39204,564</TOTITABSP_ACQUISTI>
  </Quantita>
  <Quantita>
    <Data>20180409</Data>
    <Mercato>MGP</Mercato>
    <Ora>13</Ora>
    <TOTALE_ACQUISTI>37372,086</TOTALE_ACQUISTI>
    <NAT_ACQUISTI>37372,086000</NAT_ACQUISTI>
    <CNOR_ACQUISTI>4103,642000</CNOR_ACQUISTI>
    <CSUD_ACQUISTI>5706,322000</CSUD_ACQUISTI>
    <NORD_ACQUISTI>21584,136000</NORD_ACQUISTI>
    <SARD_ACQUISTI>986,435000</SARD_ACQUISTI>
    <SICI_ACQUISTI>1961,381000</SICI_ACQUISTI>
    <SUD_ACQUISTI>2696,170000</SUD_ACQUISTI>
    <AUST_ACQUISTI>0,000000</AUST_ACQUISTI>
    <BRNN_ACQUISTI>0,000000</BRNN_ACQUISTI>
    <COAC_ACQUISTI>46,000000</COAC_ACQUISTI>
    <CORS_ACQUISTI>19,000000</CORS_ACQUISTI>
    <FOGN_ACQUISTI>0,000000</FOGN_ACQUISTI>
    <FRAN_ACQUISTI>0,000000</FRAN_ACQUISTI>
    <GREC_ACQUISTI>120,000000</GREC_ACQUISTI>
    <MFTV_ACQUISTI>0,000000</MFTV_ACQUISTI>
    <PRGP_ACQUISTI>0,000000</PRGP_ACQUISTI>
    <ROSN_ACQUISTI>0,000000</ROSN_ACQUISTI>
    <SLOV_ACQUISTI>0,000000</SLOV_ACQUISTI>
    <SVIZ_ACQUISTI>0,000000</SVIZ_ACQUISTI>
    <BSP_ACQUISTI>0,000000</BSP_ACQUISTI>
    <MALT_ACQUISTI>149,000000</MALT_ACQUISTI>
    <XAUS_ACQUISTI>0,000000</XAUS_ACQUISTI>
    <XFRA_ACQUISTI>0,000000</XFRA_ACQUISTI>
    <TOTALE_VENDITE>33503,086</TOTALE_VENDITE>
    <NAT_VENDITE>37372,086000</NAT_VENDITE>
    <CNOR_VENDITE>3123,044000</CNOR_VENDITE>
    <CSUD_VENDITE>4265,647000</CSUD_VENDITE>
    <NORD_VENDITE>13689,762000</NORD_VENDITE>
    <SARD_VENDITE>1406,363000</SARD_VENDITE>
    <SICI_VENDITE>1343,764000</SICI_VENDITE>
    <SUD_VENDITE>3668,047000</SUD_VENDITE>
    <AUST_VENDITE>20,000000</AUST_VENDITE>
    <BRNN_VENDITE>1036,677000</BRNN_VENDITE>
    <COAC_VENDITE>0,000000</COAC_VENDITE>
    <CORS_VENDITE>0,000000</CORS_VENDITE>
    <FOGN_VENDITE>545,146000</FOGN_VENDITE>
    <FRAN_VENDITE>99,000000</FRAN_VENDITE>
    <GREC_VENDITE>500,000000</GREC_VENDITE>
    <MFTV_VENDITE>0,000000</MFTV_VENDITE>
    <PRGP_VENDITE>6,403000</PRGP_VENDITE>
    <ROSN_VENDITE>773,233000</ROSN_VENDITE>
    <SLOV_VENDITE>0,000000</SLOV_VENDITE>
    <SVIZ_VENDITE>3026,000000</SVIZ_VENDITE>
    <BSP_VENDITE>693,000000</BSP_VENDITE>
    <MALT_VENDITE>0,000000</MALT_VENDITE>
    <XAUS_VENDITE>283,000000</XAUS_VENDITE>
    <XFRA_VENDITE>2893,000000</XFRA_VENDITE>
    <TOTITABSP_VENDITE>34196,086</TOTITABSP_VENDITE>
    <TOTITABSP_ACQUISTI>37372,086</TOTITABSP_ACQUISTI>
  </Quantita>
  <Quantita>
    <Data>20180409</Data>
    <Mercato>MGP</Mercato>
    <Ora>14</Ora>
    <TOTALE_ACQUISTI>37181,329</TOTALE_ACQUISTI>
    <NAT_ACQUISTI>37280,193000</NAT_ACQUISTI>
    <CNOR_ACQUISTI>3962,030000</CNOR_ACQUISTI>
    <CSUD_ACQUISTI>5524,653000</CSUD_ACQUISTI>
    <NORD_ACQUISTI>21842,670000</NORD_ACQUISTI>
    <SARD_ACQUISTI>954,689000</SARD_ACQUISTI>
    <SICI_ACQUISTI>1908,509000</SICI_ACQUISTI>
    <SUD_ACQUISTI>2597,778000</SUD_ACQUISTI>
    <AUST_ACQUISTI>0,000000</AUST_ACQUISTI>
    <BRNN_ACQUISTI>0,000000</BRNN_ACQUISTI>
    <COAC_ACQUISTI>33,000000</COAC_ACQUISTI>
    <CORS_ACQUISTI>19,000000</CORS_ACQUISTI>
    <FOGN_ACQUISTI>0,000000</FOGN_ACQUISTI>
    <FRAN_ACQUISTI>0,000000</FRAN_ACQUISTI>
    <GREC_ACQUISTI>181,000000</GREC_ACQUISTI>
    <MFTV_ACQUISTI>0,000000</MFTV_ACQUISTI>
    <PRGP_ACQUISTI>0,000000</PRGP_ACQUISTI>
    <ROSN_ACQUISTI>0,000000</ROSN_ACQUISTI>
    <SLOV_ACQUISTI>0,000000</SLOV_ACQUISTI>
    <SVIZ_ACQUISTI>0,000000</SVIZ_ACQUISTI>
    <BSP_ACQUISTI>0,000000</BSP_ACQUISTI>
    <MALT_ACQUISTI>158,000000</MALT_ACQUISTI>
    <XAUS_ACQUISTI>0,000000</XAUS_ACQUISTI>
    <XFRA_ACQUISTI>0,000000</XFRA_ACQUISTI>
    <TOTALE_VENDITE>33312,329</TOTALE_VENDITE>
    <NAT_VENDITE>37280,193000</NAT_VENDITE>
    <CNOR_VENDITE>2730,417000</CNOR_VENDITE>
    <CSUD_VENDITE>4124,140000</CSUD_VENDITE>
    <NORD_VENDITE>13579,283000</NORD_VENDITE>
    <SARD_VENDITE>1437,338000</SARD_VENDITE>
    <SICI_VENDITE>1433,172000</SICI_VENDITE>
    <SUD_VENDITE>3996,943000</SUD_VENDITE>
    <AUST_VENDITE>20,000000</AUST_VENDITE>
    <BRNN_VENDITE>1030,803000</BRNN_VENDITE>
    <COAC_VENDITE>0,000000</COAC_VENDITE>
    <CORS_VENDITE>0,000000</CORS_VENDITE>
    <FOGN_VENDITE>551,197000</FOGN_VENDITE>
    <FRAN_VENDITE>99,000000</FRAN_VENDITE>
    <GREC_VENDITE>506,000000</GREC_VENDITE>
    <MFTV_VENDITE>0,000000</MFTV_VENDITE>
    <PRGP_VENDITE>6,957000</PRGP_VENDITE>
    <ROSN_VENDITE>771,079000</ROSN_VENDITE>
    <SLOV_VENDITE>0,000000</SLOV_VENDITE>
    <SVIZ_VENDITE>3026,000000</SVIZ_VENDITE>
    <BSP_VENDITE>693,000000</BSP_VENDITE>
    <MALT_VENDITE>0,000000</MALT_VENDITE>
    <XAUS_VENDITE>283,000000</XAUS_VENDITE>
    <XFRA_VENDITE>2893,000000</XFRA_VENDITE>
    <TOTITABSP_VENDITE>34005,329</TOTITABSP_VENDITE>
    <TOTITABSP_ACQUISTI>37181,329</TOTITABSP_ACQUISTI>
  </Quantita>
  <Quantita>
    <Data>20180409</Data>
    <Mercato>MGP</Mercato>
    <Ora>15</Ora>
    <TOTALE_ACQUISTI>38033,183</TOTALE_ACQUISTI>
    <NAT_ACQUISTI>38033,183000</NAT_ACQUISTI>
    <CNOR_ACQUISTI>4164,966000</CNOR_ACQUISTI>
    <CSUD_ACQUISTI>5559,309000</CSUD_ACQUISTI>
    <NORD_ACQUISTI>22514,873000</NORD_ACQUISTI>
    <SARD_ACQUISTI>938,475000</SARD_ACQUISTI>
    <SICI_ACQUISTI>1915,251000</SICI_ACQUISTI>
    <SUD_ACQUISTI>2554,309000</SUD_ACQUISTI>
    <AUST_ACQUISTI>0,000000</AUST_ACQUISTI>
    <BRNN_ACQUISTI>0,000000</BRNN_ACQUISTI>
    <COAC_ACQUISTI>32,000000</COAC_ACQUISTI>
    <CORS_ACQUISTI>19,000000</CORS_ACQUISTI>
    <FOGN_ACQUISTI>0,000000</FOGN_ACQUISTI>
    <FRAN_ACQUISTI>0,000000</FRAN_ACQUISTI>
    <GREC_ACQUISTI>211,000000</GREC_ACQUISTI>
    <MFTV_ACQUISTI>0,000000</MFTV_ACQUISTI>
    <PRGP_ACQUISTI>0,000000</PRGP_ACQUISTI>
    <ROSN_ACQUISTI>0,000000</ROSN_ACQUISTI>
    <SLOV_ACQUISTI>0,000000</SLOV_ACQUISTI>
    <SVIZ_ACQUISTI>0,000000</SVIZ_ACQUISTI>
    <BSP_ACQUISTI>0,000000</BSP_ACQUISTI>
    <MALT_ACQUISTI>124,000000</MALT_ACQUISTI>
    <XAUS_ACQUISTI>0,000000</XAUS_ACQUISTI>
    <XFRA_ACQUISTI>0,000000</XFRA_ACQUISTI>
    <TOTALE_VENDITE>34164,183</TOTALE_VENDITE>
    <NAT_VENDITE>38033,183000</NAT_VENDITE>
    <CNOR_VENDITE>3060,114000</CNOR_VENDITE>
    <CSUD_VENDITE>3963,191000</CSUD_VENDITE>
    <NORD_VENDITE>14124,725000</NORD_VENDITE>
    <SARD_VENDITE>1422,680000</SARD_VENDITE>
    <SICI_VENDITE>1456,500000</SICI_VENDITE>
    <SUD_VENDITE>4127,043000</SUD_VENDITE>
    <AUST_VENDITE>20,000000</AUST_VENDITE>
    <BRNN_VENDITE>1026,300000</BRNN_VENDITE>
    <COAC_VENDITE>0,000000</COAC_VENDITE>
    <CORS_VENDITE>0,000000</CORS_VENDITE>
    <FOGN_VENDITE>556,710000</FOGN_VENDITE>
    <FRAN_VENDITE>99,000000</FRAN_VENDITE>
    <GREC_VENDITE>506,000000</GREC_VENDITE>
    <MFTV_VENDITE>0,000000</MFTV_VENDITE>
    <PRGP_VENDITE>7,088000</PRGP_VENDITE>
    <ROSN_VENDITE>768,832000</ROSN_VENDITE>
    <SLOV_VENDITE>0,000000</SLOV_VENDITE>
    <SVIZ_VENDITE>3026,000000</SVIZ_VENDITE>
    <BSP_VENDITE>693,000000</BSP_VENDITE>
    <MALT_VENDITE>0,000000</MALT_VENDITE>
    <XAUS_VENDITE>283,000000</XAUS_VENDITE>
    <XFRA_VENDITE>2893,000000</XFRA_VENDITE>
    <TOTITABSP_VENDITE>34857,183</TOTITABSP_VENDITE>
    <TOTITABSP_ACQUISTI>38033,183</TOTITABSP_ACQUISTI>
  </Quantita>
  <Quantita>
    <Data>20180409</Data>
    <Mercato>MGP</Mercato>
    <Ora>16</Ora>
    <TOTALE_ACQUISTI>38368,258</TOTALE_ACQUISTI>
    <NAT_ACQUISTI>38310,134000</NAT_ACQUISTI>
    <CNOR_ACQUISTI>4234,914000</CNOR_ACQUISTI>
    <CSUD_ACQUISTI>5598,741000</CSUD_ACQUISTI>
    <NORD_ACQUISTI>22752,657000</NORD_ACQUISTI>
    <SARD_ACQUISTI>944,564000</SARD_ACQUISTI>
    <SICI_ACQUISTI>1930,379000</SICI_ACQUISTI>
    <SUD_ACQUISTI>2581,003000</SUD_ACQUISTI>
    <AUST_ACQUISTI>0,000000</AUST_ACQUISTI>
    <BRNN_ACQUISTI>0,000000</BRNN_ACQUISTI>
    <COAC_ACQUISTI>34,000000</COAC_ACQUISTI>
    <CORS_ACQUISTI>5,000000</CORS_ACQUISTI>
    <FOGN_ACQUISTI>0,000000</FOGN_ACQUISTI>
    <FRAN_ACQUISTI>0,000000</FRAN_ACQUISTI>
    <GREC_ACQUISTI>151,000000</GREC_ACQUISTI>
    <MFTV_ACQUISTI>0,000000</MFTV_ACQUISTI>
    <PRGP_ACQUISTI>0,000000</PRGP_ACQUISTI>
    <ROSN_ACQUISTI>0,000000</ROSN_ACQUISTI>
    <SLOV_ACQUISTI>0,000000</SLOV_ACQUISTI>
    <SVIZ_ACQUISTI>0,000000</SVIZ_ACQUISTI>
    <BSP_ACQUISTI>0,000000</BSP_ACQUISTI>
    <MALT_ACQUISTI>136,000000</MALT_ACQUISTI>
    <XAUS_ACQUISTI>0,000000</XAUS_ACQUISTI>
    <XFRA_ACQUISTI>0,000000</XFRA_ACQUISTI>
    <TOTALE_VENDITE>34733,258</TOTALE_VENDITE>
    <NAT_VENDITE>38310,134000</NAT_VENDITE>
    <CNOR_VENDITE>3022,017000</CNOR_VENDITE>
    <CSUD_VENDITE>4275,119000</CSUD_VENDITE>
    <NORD_VENDITE>14855,554000</NORD_VENDITE>
    <SARD_VENDITE>1371,874000</SARD_VENDITE>
    <SICI_VENDITE>1419,420000</SICI_VENDITE>
    <SUD_VENDITE>3952,366000</SUD_VENDITE>
    <AUST_VENDITE>20,000000</AUST_VENDITE>
    <BRNN_VENDITE>1016,405000</BRNN_VENDITE>
    <COAC_VENDITE>0,000000</COAC_VENDITE>
    <CORS_VENDITE>0,000000</CORS_VENDITE>
    <FOGN_VENDITE>558,148000</FOGN_VENDITE>
    <FRAN_VENDITE>99,000000</FRAN_VENDITE>
    <GREC_VENDITE>504,000000</GREC_VENDITE>
    <MFTV_VENDITE>0,000000</MFTV_VENDITE>
    <PRGP_VENDITE>6,324000</PRGP_VENDITE>
    <ROSN_VENDITE>772,031000</ROSN_VENDITE>
    <SLOV_VENDITE>0,000000</SLOV_VENDITE>
    <SVIZ_VENDITE>2861,000000</SVIZ_VENDITE>
    <BSP_VENDITE>652,000000</BSP_VENDITE>
    <MALT_VENDITE>0,000000</MALT_VENDITE>
    <XAUS_VENDITE>270,000000</XAUS_VENDITE>
    <XFRA_VENDITE>2713,000000</XFRA_VENDITE>
    <TOTITABSP_VENDITE>35385,258</TOTITABSP_VENDITE>
    <TOTITABSP_ACQUISTI>38368,258</TOTITABSP_ACQUISTI>
  </Quantita>
  <Quantita>
    <Data>20180409</Data>
    <Mercato>MGP</Mercato>
    <Ora>17</Ora>
    <TOTALE_ACQUISTI>38314,237</TOTALE_ACQUISTI>
    <NAT_ACQUISTI>38314,237000</NAT_ACQUISTI>
    <CNOR_ACQUISTI>4215,986000</CNOR_ACQUISTI>
    <CSUD_ACQUISTI>5628,729000</CSUD_ACQUISTI>
    <NORD_ACQUISTI>22609,638000</NORD_ACQUISTI>
    <SARD_ACQUISTI>959,455000</SARD_ACQUISTI>
    <SICI_ACQUISTI>1994,848000</SICI_ACQUISTI>
    <SUD_ACQUISTI>2643,581000</SUD_ACQUISTI>
    <AUST_ACQUISTI>0,000000</AUST_ACQUISTI>
    <BRNN_ACQUISTI>0,000000</BRNN_ACQUISTI>
    <COAC_ACQUISTI>25,000000</COAC_ACQUISTI>
    <CORS_ACQUISTI>5,000000</CORS_ACQUISTI>
    <FOGN_ACQUISTI>0,000000</FOGN_ACQUISTI>
    <FRAN_ACQUISTI>0,000000</FRAN_ACQUISTI>
    <GREC_ACQUISTI>80,000000</GREC_ACQUISTI>
    <MFTV_ACQUISTI>0,000000</MFTV_ACQUISTI>
    <PRGP_ACQUISTI>0,000000</PRGP_ACQUISTI>
    <ROSN_ACQUISTI>0,000000</ROSN_ACQUISTI>
    <SLOV_ACQUISTI>0,000000</SLOV_ACQUISTI>
    <SVIZ_ACQUISTI>0,000000</SVIZ_ACQUISTI>
    <BSP_ACQUISTI>0,000000</BSP_ACQUISTI>
    <MALT_ACQUISTI>152,000000</MALT_ACQUISTI>
    <XAUS_ACQUISTI>0,000000</XAUS_ACQUISTI>
    <XFRA_ACQUISTI>0,000000</XFRA_ACQUISTI>
    <TOTALE_VENDITE>34679,237</TOTALE_VENDITE>
    <NAT_VENDITE>38314,237000</NAT_VENDITE>
    <CNOR_VENDITE>2976,402000</CNOR_VENDITE>
    <CSUD_VENDITE>4324,447000</CSUD_VENDITE>
    <NORD_VENDITE>14953,097000</NORD_VENDITE>
    <SARD_VENDITE>1272,710000</SARD_VENDITE>
    <SICI_VENDITE>1344,913000</SICI_VENDITE>
    <SUD_VENDITE>3675,807000</SUD_VENDITE>
    <AUST_VENDITE>20,000000</AUST_VENDITE>
    <BRNN_VENDITE>1027,922000</BRNN_VENDITE>
    <COAC_VENDITE>0,000000</COAC_VENDITE>
    <CORS_VENDITE>0,000000</CORS_VENDITE>
    <FOGN_VENDITE>836,176000</FOGN_VENDITE>
    <FRAN_VENDITE>99,000000</FRAN_VENDITE>
    <GREC_VENDITE>498,000000</GREC_VENDITE>
    <MFTV_VENDITE>0,000000</MFTV_VENDITE>
    <PRGP_VENDITE>4,678000</PRGP_VENDITE>
    <ROSN_VENDITE>785,085000</ROSN_VENDITE>
    <SLOV_VENDITE>0,000000</SLOV_VENDITE>
    <SVIZ_VENDITE>2861,000000</SVIZ_VENDITE>
    <BSP_VENDITE>652,000000</BSP_VENDITE>
    <MALT_VENDITE>0,000000</MALT_VENDITE>
    <XAUS_VENDITE>270,000000</XAUS_VENDITE>
    <XFRA_VENDITE>2713,000000</XFRA_VENDITE>
    <TOTITABSP_VENDITE>35331,237</TOTITABSP_VENDITE>
    <TOTITABSP_ACQUISTI>38314,237</TOTITABSP_ACQUISTI>
  </Quantita>
  <Quantita>
    <Data>20180409</Data>
    <Mercato>MGP</Mercato>
    <Ora>18</Ora>
    <TOTALE_ACQUISTI>37802,656</TOTALE_ACQUISTI>
    <NAT_ACQUISTI>37802,656000</NAT_ACQUISTI>
    <CNOR_ACQUISTI>4158,199000</CNOR_ACQUISTI>
    <CSUD_ACQUISTI>5631,412000</CSUD_ACQUISTI>
    <NORD_ACQUISTI>21959,015000</NORD_ACQUISTI>
    <SARD_ACQUISTI>1005,179000</SARD_ACQUISTI>
    <SICI_ACQUISTI>2041,891000</SICI_ACQUISTI>
    <SUD_ACQUISTI>2738,960000</SUD_ACQUISTI>
    <AUST_ACQUISTI>0,000000</AUST_ACQUISTI>
    <BRNN_ACQUISTI>0,000000</BRNN_ACQUISTI>
    <COAC_ACQUISTI>23,000000</COAC_ACQUISTI>
    <CORS_ACQUISTI>5,000000</CORS_ACQUISTI>
    <FOGN_ACQUISTI>0,000000</FOGN_ACQUISTI>
    <FRAN_ACQUISTI>0,000000</FRAN_ACQUISTI>
    <GREC_ACQUISTI>60,000000</GREC_ACQUISTI>
    <MFTV_ACQUISTI>0,000000</MFTV_ACQUISTI>
    <PRGP_ACQUISTI>0,000000</PRGP_ACQUISTI>
    <ROSN_ACQUISTI>0,000000</ROSN_ACQUISTI>
    <SLOV_ACQUISTI>0,000000</SLOV_ACQUISTI>
    <SVIZ_ACQUISTI>0,000000</SVIZ_ACQUISTI>
    <BSP_ACQUISTI>0,000000</BSP_ACQUISTI>
    <MALT_ACQUISTI>180,000000</MALT_ACQUISTI>
    <XAUS_ACQUISTI>0,000000</XAUS_ACQUISTI>
    <XFRA_ACQUISTI>0,000000</XFRA_ACQUISTI>
    <TOTALE_VENDITE>34167,656</TOTALE_VENDITE>
    <NAT_VENDITE>37802,656000</NAT_VENDITE>
    <CNOR_VENDITE>2977,352000</CNOR_VENDITE>
    <CSUD_VENDITE>4186,440000</CSUD_VENDITE>
    <NORD_VENDITE>15060,004000</NORD_VENDITE>
    <SARD_VENDITE>1137,130000</SARD_VENDITE>
    <SICI_VENDITE>1172,020000</SICI_VENDITE>
    <SUD_VENDITE>3434,070000</SUD_VENDITE>
    <AUST_VENDITE>20,000000</AUST_VENDITE>
    <BRNN_VENDITE>1076,183000</BRNN_VENDITE>
    <COAC_VENDITE>0,000000</COAC_VENDITE>
    <CORS_VENDITE>0,000000</CORS_VENDITE>
    <FOGN_VENDITE>838,349000</FOGN_VENDITE>
    <FRAN_VENDITE>99,000000</FRAN_VENDITE>
    <GREC_VENDITE>499,000000</GREC_VENDITE>
    <MFTV_VENDITE>0,000000</MFTV_VENDITE>
    <PRGP_VENDITE>2,713000</PRGP_VENDITE>
    <ROSN_VENDITE>804,395000</ROSN_VENDITE>
    <SLOV_VENDITE>0,000000</SLOV_VENDITE>
    <SVIZ_VENDITE>2861,000000</SVIZ_VENDITE>
    <BSP_VENDITE>652,000000</BSP_VENDITE>
    <MALT_VENDITE>0,000000</MALT_VENDITE>
    <XAUS_VENDITE>270,000000</XAUS_VENDITE>
    <XFRA_VENDITE>2713,000000</XFRA_VENDITE>
    <TOTITABSP_VENDITE>34819,656</TOTITABSP_VENDITE>
    <TOTITABSP_ACQUISTI>37802,656</TOTITABSP_ACQUISTI>
  </Quantita>
  <Quantita>
    <Data>20180409</Data>
    <Mercato>MGP</Mercato>
    <Ora>19</Ora>
    <TOTALE_ACQUISTI>37713,17</TOTALE_ACQUISTI>
    <NAT_ACQUISTI>37766,480000</NAT_ACQUISTI>
    <CNOR_ACQUISTI>4104,320000</CNOR_ACQUISTI>
    <CSUD_ACQUISTI>5686,303000</CSUD_ACQUISTI>
    <NORD_ACQUISTI>21687,306000</NORD_ACQUISTI>
    <SARD_ACQUISTI>1045,084000</SARD_ACQUISTI>
    <SICI_ACQUISTI>2121,608000</SICI_ACQUISTI>
    <SUD_ACQUISTI>2852,202000</SUD_ACQUISTI>
    <AUST_ACQUISTI>0,000000</AUST_ACQUISTI>
    <BRNN_ACQUISTI>0,000000</BRNN_ACQUISTI>
    <COAC_ACQUISTI>53,000000</COAC_ACQUISTI>
    <CORS_ACQUISTI>5,000000</CORS_ACQUISTI>
    <FOGN_ACQUISTI>0,000000</FOGN_ACQUISTI>
    <FRAN_ACQUISTI>0,000000</FRAN_ACQUISTI>
    <GREC_ACQUISTI>0,000000</GREC_ACQUISTI>
    <MFTV_ACQUISTI>0,000000</MFTV_ACQUISTI>
    <PRGP_ACQUISTI>0,000000</PRGP_ACQUISTI>
    <ROSN_ACQUISTI>0,000000</ROSN_ACQUISTI>
    <SLOV_ACQUISTI>0,000000</SLOV_ACQUISTI>
    <SVIZ_ACQUISTI>0,000000</SVIZ_ACQUISTI>
    <BSP_ACQUISTI>0,000000</BSP_ACQUISTI>
    <MALT_ACQUISTI>158,347000</MALT_ACQUISTI>
    <XAUS_ACQUISTI>0,000000</XAUS_ACQUISTI>
    <XFRA_ACQUISTI>0,000000</XFRA_ACQUISTI>
    <TOTALE_VENDITE>33844,17</TOTALE_VENDITE>
    <NAT_VENDITE>37766,480000</NAT_VENDITE>
    <CNOR_VENDITE>2849,145000</CNOR_VENDITE>
    <CSUD_VENDITE>3979,593000</CSUD_VENDITE>
    <NORD_VENDITE>15642,873000</NORD_VENDITE>
    <SARD_VENDITE>956,671000</SARD_VENDITE>
    <SICI_VENDITE>1178,955000</SICI_VENDITE>
    <SUD_VENDITE>2941,978000</SUD_VENDITE>
    <AUST_VENDITE>20,000000</AUST_VENDITE>
    <BRNN_VENDITE>1119,821000</BRNN_VENDITE>
    <COAC_VENDITE>0,000000</COAC_VENDITE>
    <CORS_VENDITE>0,000000</CORS_VENDITE>
    <FOGN_VENDITE>835,369000</FOGN_VENDITE>
    <FRAN_VENDITE>99,000000</FRAN_VENDITE>
    <GREC_VENDITE>378,000000</GREC_VENDITE>
    <MFTV_VENDITE>0,000000</MFTV_VENDITE>
    <PRGP_VENDITE>1,000000</PRGP_VENDITE>
    <ROSN_VENDITE>815,765000</ROSN_VENDITE>
    <SLOV_VENDITE>0,000000</SLOV_VENDITE>
    <SVIZ_VENDITE>3026,000000</SVIZ_VENDITE>
    <BSP_VENDITE>693,000000</BSP_VENDITE>
    <MALT_VENDITE>0,000000</MALT_VENDITE>
    <XAUS_VENDITE>283,000000</XAUS_VENDITE>
    <XFRA_VENDITE>2893,000000</XFRA_VENDITE>
    <TOTITABSP_VENDITE>34537,17</TOTITABSP_VENDITE>
    <TOTITABSP_ACQUISTI>37713,17</TOTITABSP_ACQUISTI>
  </Quantita>
  <Quantita>
    <Data>20180409</Data>
    <Mercato>MGP</Mercato>
    <Ora>20</Ora>
    <TOTALE_ACQUISTI>38277,827</TOTALE_ACQUISTI>
    <NAT_ACQUISTI>38350,163000</NAT_ACQUISTI>
    <CNOR_ACQUISTI>4161,553000</CNOR_ACQUISTI>
    <CSUD_ACQUISTI>6036,453000</CSUD_ACQUISTI>
    <NORD_ACQUISTI>21491,358000</NORD_ACQUISTI>
    <SARD_ACQUISTI>1075,622000</SARD_ACQUISTI>
    <SICI_ACQUISTI>2242,993000</SICI_ACQUISTI>
    <SUD_ACQUISTI>3072,848000</SUD_ACQUISTI>
    <AUST_ACQUISTI>0,000000</AUST_ACQUISTI>
    <BRNN_ACQUISTI>0,000000</BRNN_ACQUISTI>
    <COAC_ACQUISTI>63,000000</COAC_ACQUISTI>
    <CORS_ACQUISTI>5,000000</CORS_ACQUISTI>
    <FOGN_ACQUISTI>0,000000</FOGN_ACQUISTI>
    <FRAN_ACQUISTI>0,000000</FRAN_ACQUISTI>
    <GREC_ACQUISTI>0,000000</GREC_ACQUISTI>
    <MFTV_ACQUISTI>0,000000</MFTV_ACQUISTI>
    <PRGP_ACQUISTI>0,000000</PRGP_ACQUISTI>
    <ROSN_ACQUISTI>0,000000</ROSN_ACQUISTI>
    <SLOV_ACQUISTI>0,000000</SLOV_ACQUISTI>
    <SVIZ_ACQUISTI>0,000000</SVIZ_ACQUISTI>
    <BSP_ACQUISTI>0,000000</BSP_ACQUISTI>
    <MALT_ACQUISTI>129,000000</MALT_ACQUISTI>
    <XAUS_ACQUISTI>0,000000</XAUS_ACQUISTI>
    <XFRA_ACQUISTI>0,000000</XFRA_ACQUISTI>
    <TOTALE_VENDITE>34408,827</TOTALE_VENDITE>
    <NAT_VENDITE>38350,163000</NAT_VENDITE>
    <CNOR_VENDITE>2804,004000</CNOR_VENDITE>
    <CSUD_VENDITE>3719,469000</CSUD_VENDITE>
    <NORD_VENDITE>16728,472000</NORD_VENDITE>
    <SARD_VENDITE>766,871000</SARD_VENDITE>
    <SICI_VENDITE>1002,436000</SICI_VENDITE>
    <SUD_VENDITE>2495,706000</SUD_VENDITE>
    <AUST_VENDITE>20,000000</AUST_VENDITE>
    <BRNN_VENDITE>1203,719000</BRNN_VENDITE>
    <COAC_VENDITE>0,000000</COAC_VENDITE>
    <CORS_VENDITE>0,000000</CORS_VENDITE>
    <FOGN_VENDITE>1040,169000</FOGN_VENDITE>
    <FRAN_VENDITE>99,000000</FRAN_VENDITE>
    <GREC_VENDITE>403,000000</GREC_VENDITE>
    <MFTV_VENDITE>0,000000</MFTV_VENDITE>
    <PRGP_VENDITE>269,557000</PRGP_VENDITE>
    <ROSN_VENDITE>830,424000</ROSN_VENDITE>
    <SLOV_VENDITE>0,000000</SLOV_VENDITE>
    <SVIZ_VENDITE>3026,000000</SVIZ_VENDITE>
    <BSP_VENDITE>693,000000</BSP_VENDITE>
    <MALT_VENDITE>0,000000</MALT_VENDITE>
    <XAUS_VENDITE>283,000000</XAUS_VENDITE>
    <XFRA_VENDITE>2893,000000</XFRA_VENDITE>
    <TOTITABSP_VENDITE>35101,827</TOTITABSP_VENDITE>
    <TOTITABSP_ACQUISTI>38277,827</TOTITABSP_ACQUISTI>
  </Quantita>
  <Quantita>
    <Data>20180409</Data>
    <Mercato>MGP</Mercato>
    <Ora>21</Ora>
    <TOTALE_ACQUISTI>39336,381</TOTALE_ACQUISTI>
    <NAT_ACQUISTI>39423,010000</NAT_ACQUISTI>
    <CNOR_ACQUISTI>4245,713000</CNOR_ACQUISTI>
    <CSUD_ACQUISTI>6314,395000</CSUD_ACQUISTI>
    <NORD_ACQUISTI>21699,967000</NORD_ACQUISTI>
    <SARD_ACQUISTI>1168,267000</SARD_ACQUISTI>
    <SICI_ACQUISTI>2415,419000</SICI_ACQUISTI>
    <SUD_ACQUISTI>3270,620000</SUD_ACQUISTI>
    <AUST_ACQUISTI>0,000000</AUST_ACQUISTI>
    <BRNN_ACQUISTI>0,000000</BRNN_ACQUISTI>
    <COAC_ACQUISTI>64,000000</COAC_ACQUISTI>
    <CORS_ACQUISTI>29,000000</CORS_ACQUISTI>
    <FOGN_ACQUISTI>0,000000</FOGN_ACQUISTI>
    <FRAN_ACQUISTI>0,000000</FRAN_ACQUISTI>
    <GREC_ACQUISTI>0,000000</GREC_ACQUISTI>
    <MFTV_ACQUISTI>0,000000</MFTV_ACQUISTI>
    <PRGP_ACQUISTI>0,000000</PRGP_ACQUISTI>
    <ROSN_ACQUISTI>0,000000</ROSN_ACQUISTI>
    <SLOV_ACQUISTI>0,000000</SLOV_ACQUISTI>
    <SVIZ_ACQUISTI>0,000000</SVIZ_ACQUISTI>
    <BSP_ACQUISTI>0,000000</BSP_ACQUISTI>
    <MALT_ACQUISTI>129,000000</MALT_ACQUISTI>
    <XAUS_ACQUISTI>0,000000</XAUS_ACQUISTI>
    <XFRA_ACQUISTI>0,000000</XFRA_ACQUISTI>
    <TOTALE_VENDITE>35467,381</TOTALE_VENDITE>
    <NAT_VENDITE>39423,010000</NAT_VENDITE>
    <CNOR_VENDITE>2802,133000</CNOR_VENDITE>
    <CSUD_VENDITE>3815,349000</CSUD_VENDITE>
    <NORD_VENDITE>17167,227000</NORD_VENDITE>
    <SARD_VENDITE>692,290000</SARD_VENDITE>
    <SICI_VENDITE>1050,524000</SICI_VENDITE>
    <SUD_VENDITE>2511,747000</SUD_VENDITE>
    <AUST_VENDITE>20,000000</AUST_VENDITE>
    <BRNN_VENDITE>1569,504000</BRNN_VENDITE>
    <COAC_VENDITE>0,000000</COAC_VENDITE>
    <CORS_VENDITE>0,000000</CORS_VENDITE>
    <FOGN_VENDITE>983,291000</FOGN_VENDITE>
    <FRAN_VENDITE>99,000000</FRAN_VENDITE>
    <GREC_VENDITE>500,000000</GREC_VENDITE>
    <MFTV_VENDITE>0,000000</MFTV_VENDITE>
    <PRGP_VENDITE>393,895000</PRGP_VENDITE>
    <ROSN_VENDITE>836,421000</ROSN_VENDITE>
    <SLOV_VENDITE>0,000000</SLOV_VENDITE>
    <SVIZ_VENDITE>3026,000000</SVIZ_VENDITE>
    <BSP_VENDITE>693,000000</BSP_VENDITE>
    <MALT_VENDITE>0,000000</MALT_VENDITE>
    <XAUS_VENDITE>283,000000</XAUS_VENDITE>
    <XFRA_VENDITE>2893,000000</XFRA_VENDITE>
    <TOTITABSP_VENDITE>36160,381</TOTITABSP_VENDITE>
    <TOTITABSP_ACQUISTI>39336,381</TOTITABSP_ACQUISTI>
  </Quantita>
  <Quantita>
    <Data>20180409</Data>
    <Mercato>MGP</Mercato>
    <Ora>22</Ora>
    <TOTALE_ACQUISTI>36817,75</TOTALE_ACQUISTI>
    <NAT_ACQUISTI>36908,750000</NAT_ACQUISTI>
    <CNOR_ACQUISTI>3967,283000</CNOR_ACQUISTI>
    <CSUD_ACQUISTI>5887,246000</CSUD_ACQUISTI>
    <NORD_ACQUISTI>20394,837000</NORD_ACQUISTI>
    <SARD_ACQUISTI>1102,911000</SARD_ACQUISTI>
    <SICI_ACQUISTI>2256,975000</SICI_ACQUISTI>
    <SUD_ACQUISTI>3022,498000</SUD_ACQUISTI>
    <AUST_ACQUISTI>0,000000</AUST_ACQUISTI>
    <BRNN_ACQUISTI>0,000000</BRNN_ACQUISTI>
    <COAC_ACQUISTI>48,000000</COAC_ACQUISTI>
    <CORS_ACQUISTI>29,000000</CORS_ACQUISTI>
    <FOGN_ACQUISTI>0,000000</FOGN_ACQUISTI>
    <FRAN_ACQUISTI>0,000000</FRAN_ACQUISTI>
    <GREC_ACQUISTI>0,000000</GREC_ACQUISTI>
    <MFTV_ACQUISTI>0,000000</MFTV_ACQUISTI>
    <PRGP_ACQUISTI>0,000000</PRGP_ACQUISTI>
    <ROSN_ACQUISTI>0,000000</ROSN_ACQUISTI>
    <SLOV_ACQUISTI>0,000000</SLOV_ACQUISTI>
    <SVIZ_ACQUISTI>0,000000</SVIZ_ACQUISTI>
    <BSP_ACQUISTI>0,000000</BSP_ACQUISTI>
    <MALT_ACQUISTI>109,000000</MALT_ACQUISTI>
    <XAUS_ACQUISTI>0,000000</XAUS_ACQUISTI>
    <XFRA_ACQUISTI>0,000000</XFRA_ACQUISTI>
    <TOTALE_VENDITE>32948,75</TOTALE_VENDITE>
    <NAT_VENDITE>36908,750000</NAT_VENDITE>
    <CNOR_VENDITE>2752,886000</CNOR_VENDITE>
    <CSUD_VENDITE>3527,551000</CSUD_VENDITE>
    <NORD_VENDITE>15688,870000</NORD_VENDITE>
    <SARD_VENDITE>664,834000</SARD_VENDITE>
    <SICI_VENDITE>946,388000</SICI_VENDITE>
    <SUD_VENDITE>2386,853000</SUD_VENDITE>
    <AUST_VENDITE>20,000000</AUST_VENDITE>
    <BRNN_VENDITE>1308,794000</BRNN_VENDITE>
    <COAC_VENDITE>0,000000</COAC_VENDITE>
    <CORS_VENDITE>0,000000</CORS_VENDITE>
    <FOGN_VENDITE>780,406000</FOGN_VENDITE>
    <FRAN_VENDITE>99,000000</FRAN_VENDITE>
    <GREC_VENDITE>440,011000</GREC_VENDITE>
    <MFTV_VENDITE>0,000000</MFTV_VENDITE>
    <PRGP_VENDITE>319,587000</PRGP_VENDITE>
    <ROSN_VENDITE>987,570000</ROSN_VENDITE>
    <SLOV_VENDITE>0,000000</SLOV_VENDITE>
    <SVIZ_VENDITE>3026,000000</SVIZ_VENDITE>
    <BSP_VENDITE>693,000000</BSP_VENDITE>
    <MALT_VENDITE>0,000000</MALT_VENDITE>
    <XAUS_VENDITE>283,000000</XAUS_VENDITE>
    <XFRA_VENDITE>2893,000000</XFRA_VENDITE>
    <TOTITABSP_VENDITE>33641,75</TOTITABSP_VENDITE>
    <TOTITABSP_ACQUISTI>36817,75</TOTITABSP_ACQUISTI>
  </Quantita>
  <Quantita>
    <Data>20180409</Data>
    <Mercato>MGP</Mercato>
    <Ora>23</Ora>
    <TOTALE_ACQUISTI>33408,454</TOTALE_ACQUISTI>
    <NAT_ACQUISTI>33508,454000</NAT_ACQUISTI>
    <CNOR_ACQUISTI>3571,178000</CNOR_ACQUISTI>
    <CSUD_ACQUISTI>5324,071000</CSUD_ACQUISTI>
    <NORD_ACQUISTI>18477,429000</NORD_ACQUISTI>
    <SARD_ACQUISTI>1016,813000</SARD_ACQUISTI>
    <SICI_ACQUISTI>2054,110000</SICI_ACQUISTI>
    <SUD_ACQUISTI>2750,853000</SUD_ACQUISTI>
    <AUST_ACQUISTI>0,000000</AUST_ACQUISTI>
    <BRNN_ACQUISTI>0,000000</BRNN_ACQUISTI>
    <COAC_ACQUISTI>48,000000</COAC_ACQUISTI>
    <CORS_ACQUISTI>29,000000</CORS_ACQUISTI>
    <FOGN_ACQUISTI>0,000000</FOGN_ACQUISTI>
    <FRAN_ACQUISTI>0,000000</FRAN_ACQUISTI>
    <GREC_ACQUISTI>60,000000</GREC_ACQUISTI>
    <MFTV_ACQUISTI>0,000000</MFTV_ACQUISTI>
    <PRGP_ACQUISTI>0,000000</PRGP_ACQUISTI>
    <ROSN_ACQUISTI>0,000000</ROSN_ACQUISTI>
    <SLOV_ACQUISTI>0,000000</SLOV_ACQUISTI>
    <SVIZ_ACQUISTI>0,000000</SVIZ_ACQUISTI>
    <BSP_ACQUISTI>0,000000</BSP_ACQUISTI>
    <MALT_ACQUISTI>77,000000</MALT_ACQUISTI>
    <XAUS_ACQUISTI>0,000000</XAUS_ACQUISTI>
    <XFRA_ACQUISTI>0,000000</XFRA_ACQUISTI>
    <TOTALE_VENDITE>29539,454</TOTALE_VENDITE>
    <NAT_VENDITE>33508,454000</NAT_VENDITE>
    <CNOR_VENDITE>2392,670000</CNOR_VENDITE>
    <CSUD_VENDITE>3563,039000</CSUD_VENDITE>
    <NORD_VENDITE>13199,611000</NORD_VENDITE>
    <SARD_VENDITE>659,027000</SARD_VENDITE>
    <SICI_VENDITE>914,424000</SICI_VENDITE>
    <SUD_VENDITE>2318,881000</SUD_VENDITE>
    <AUST_VENDITE>20,000000</AUST_VENDITE>
    <BRNN_VENDITE>1211,920000</BRNN_VENDITE>
    <COAC_VENDITE>0,000000</COAC_VENDITE>
    <CORS_VENDITE>0,000000</CORS_VENDITE>
    <FOGN_VENDITE>722,468000</FOGN_VENDITE>
    <FRAN_VENDITE>99,000000</FRAN_VENDITE>
    <GREC_VENDITE>478,000000</GREC_VENDITE>
    <MFTV_VENDITE>0,000000</MFTV_VENDITE>
    <PRGP_VENDITE>116,686000</PRGP_VENDITE>
    <ROSN_VENDITE>817,728000</ROSN_VENDITE>
    <SLOV_VENDITE>0,000000</SLOV_VENDITE>
    <SVIZ_VENDITE>3026,000000</SVIZ_VENDITE>
    <BSP_VENDITE>693,000000</BSP_VENDITE>
    <MALT_VENDITE>0,000000</MALT_VENDITE>
    <XAUS_VENDITE>283,000000</XAUS_VENDITE>
    <XFRA_VENDITE>2893,000000</XFRA_VENDITE>
    <TOTITABSP_VENDITE>30232,454</TOTITABSP_VENDITE>
    <TOTITABSP_ACQUISTI>33408,454</TOTITABSP_ACQUISTI>
  </Quantita>
  <Quantita>
    <Data>20180409</Data>
    <Mercato>MGP</Mercato>
    <Ora>24</Ora>
    <TOTALE_ACQUISTI>30282,926</TOTALE_ACQUISTI>
    <NAT_ACQUISTI>30292,926000</NAT_ACQUISTI>
    <CNOR_ACQUISTI>3258,143000</CNOR_ACQUISTI>
    <CSUD_ACQUISTI>4720,846000</CSUD_ACQUISTI>
    <NORD_ACQUISTI>16866,429000</NORD_ACQUISTI>
    <SARD_ACQUISTI>927,298000</SARD_ACQUISTI>
    <SICI_ACQUISTI>1833,817000</SICI_ACQUISTI>
    <SUD_ACQUISTI>2423,393000</SUD_ACQUISTI>
    <AUST_ACQUISTI>0,000000</AUST_ACQUISTI>
    <BRNN_ACQUISTI>0,000000</BRNN_ACQUISTI>
    <COAC_ACQUISTI>35,000000</COAC_ACQUISTI>
    <CORS_ACQUISTI>29,000000</CORS_ACQUISTI>
    <FOGN_ACQUISTI>0,000000</FOGN_ACQUISTI>
    <FRAN_ACQUISTI>0,000000</FRAN_ACQUISTI>
    <GREC_ACQUISTI>60,000000</GREC_ACQUISTI>
    <MFTV_ACQUISTI>0,000000</MFTV_ACQUISTI>
    <PRGP_ACQUISTI>0,000000</PRGP_ACQUISTI>
    <ROSN_ACQUISTI>0,000000</ROSN_ACQUISTI>
    <SLOV_ACQUISTI>0,000000</SLOV_ACQUISTI>
    <SVIZ_ACQUISTI>0,000000</SVIZ_ACQUISTI>
    <BSP_ACQUISTI>0,000000</BSP_ACQUISTI>
    <MALT_ACQUISTI>129,000000</MALT_ACQUISTI>
    <XAUS_ACQUISTI>0,000000</XAUS_ACQUISTI>
    <XFRA_ACQUISTI>0,000000</XFRA_ACQUISTI>
    <TOTALE_VENDITE>26438,926</TOTALE_VENDITE>
    <NAT_VENDITE>30292,926000</NAT_VENDITE>
    <CNOR_VENDITE>2245,271000</CNOR_VENDITE>
    <CSUD_VENDITE>2475,699000</CSUD_VENDITE>
    <NORD_VENDITE>11963,663000</NORD_VENDITE>
    <SARD_VENDITE>659,676000</SARD_VENDITE>
    <SICI_VENDITE>862,817000</SICI_VENDITE>
    <SUD_VENDITE>2368,986000</SUD_VENDITE>
    <AUST_VENDITE>20,000000</AUST_VENDITE>
    <BRNN_VENDITE>1209,523000</BRNN_VENDITE>
    <COAC_VENDITE>0,000000</COAC_VENDITE>
    <CORS_VENDITE>0,000000</CORS_VENDITE>
    <FOGN_VENDITE>346,821000</FOGN_VENDITE>
    <FRAN_VENDITE>99,000000</FRAN_VENDITE>
    <GREC_VENDITE>500,000000</GREC_VENDITE>
    <MFTV_VENDITE>0,000000</MFTV_VENDITE>
    <PRGP_VENDITE>0,000000</PRGP_VENDITE>
    <ROSN_VENDITE>810,470000</ROSN_VENDITE>
    <SLOV_VENDITE>0,000000</SLOV_VENDITE>
    <SVIZ_VENDITE>2877,000000</SVIZ_VENDITE>
    <BSP_VENDITE>629,000000</BSP_VENDITE>
    <MALT_VENDITE>0,000000</MALT_VENDITE>
    <XAUS_VENDITE>275,000000</XAUS_VENDITE>
    <XFRA_VENDITE>2940,000000</XFRA_VENDITE>
    <TOTITABSP_VENDITE>27067,926</TOTITABSP_VENDITE>
    <TOTITABSP_ACQUISTI>30282,926</TOTITABSP_ACQUISTI>
  </Quantita>
</NewDataSet>