<?xml version="1.0" standalone="yes"?>
<NewDataSet>
  <xs:schema id="NewDataSet" xmlns="" xmlns:xs="http://www.w3.org/2001/XMLSchema" xmlns:msdata="urn:schemas-microsoft-com:xml-msdata">
    <xs:element name="NewDataSet" msdata:IsDataSet="true" msdata:UseCurrentLocale="true">
      <xs:complexType>
        <xs:choice minOccurs="0" maxOccurs="unbounded">
          <xs:element name="Quantita">
            <xs:complexType>
              <xs:sequence>
                <xs:element name="Data" type="xs:string" minOccurs="0" />
                <xs:element name="Mercato" type="xs:string" minOccurs="0" />
                <xs:element name="Ora" type="xs:string" minOccurs="0" />
                <xs:element name="TOTALE_ACQUISTI" type="xs:string" minOccurs="0" />
                <xs:element name="NAT_ACQUISTI" type="xs:string" minOccurs="0" />
                <xs:element name="CNOR_ACQUISTI" type="xs:string" minOccurs="0" />
                <xs:element name="CSUD_ACQUISTI" type="xs:string" minOccurs="0" />
                <xs:element name="NORD_ACQUISTI" type="xs:string" minOccurs="0" />
                <xs:element name="SARD_ACQUISTI" type="xs:string" minOccurs="0" />
                <xs:element name="SICI_ACQUISTI" type="xs:string" minOccurs="0" />
                <xs:element name="SUD_ACQUISTI" type="xs:string" minOccurs="0" />
                <xs:element name="AUST_ACQUISTI" type="xs:string" minOccurs="0" />
                <xs:element name="BRNN_ACQUISTI" type="xs:string" minOccurs="0" />
                <xs:element name="COAC_ACQUISTI" type="xs:string" minOccurs="0" />
                <xs:element name="CORS_ACQUISTI" type="xs:string" minOccurs="0" />
                <xs:element name="FOGN_ACQUISTI" type="xs:string" minOccurs="0" />
                <xs:element name="FRAN_ACQUISTI" type="xs:string" minOccurs="0" />
                <xs:element name="GREC_ACQUISTI" type="xs:string" minOccurs="0" />
                <xs:element name="MFTV_ACQUISTI" type="xs:string" minOccurs="0" />
                <xs:element name="PRGP_ACQUISTI" type="xs:string" minOccurs="0" />
                <xs:element name="ROSN_ACQUISTI" type="xs:string" minOccurs="0" />
                <xs:element name="SLOV_ACQUISTI" type="xs:string" minOccurs="0" />
                <xs:element name="SVIZ_ACQUISTI" type="xs:string" minOccurs="0" />
                <xs:element name="BSP_ACQUISTI" type="xs:string" minOccurs="0" />
                <xs:element name="MALT_ACQUISTI" type="xs:string" minOccurs="0" />
                <xs:element name="XAUS_ACQUISTI" type="xs:string" minOccurs="0" />
                <xs:element name="XFRA_ACQUISTI" type="xs:string" minOccurs="0" />
                <xs:element name="TOTALE_VENDITE" type="xs:string" minOccurs="0" />
                <xs:element name="NAT_VENDITE" type="xs:string" minOccurs="0" />
                <xs:element name="CNOR_VENDITE" type="xs:string" minOccurs="0" />
                <xs:element name="CSUD_VENDITE" type="xs:string" minOccurs="0" />
                <xs:element name="NORD_VENDITE" type="xs:string" minOccurs="0" />
                <xs:element name="SARD_VENDITE" type="xs:string" minOccurs="0" />
                <xs:element name="SICI_VENDITE" type="xs:string" minOccurs="0" />
                <xs:element name="SUD_VENDITE" type="xs:string" minOccurs="0" />
                <xs:element name="AUST_VENDITE" type="xs:string" minOccurs="0" />
                <xs:element name="BRNN_VENDITE" type="xs:string" minOccurs="0" />
                <xs:element name="COAC_VENDITE" type="xs:string" minOccurs="0" />
                <xs:element name="CORS_VENDITE" type="xs:string" minOccurs="0" />
                <xs:element name="FOGN_VENDITE" type="xs:string" minOccurs="0" />
                <xs:element name="FRAN_VENDITE" type="xs:string" minOccurs="0" />
                <xs:element name="GREC_VENDITE" type="xs:string" minOccurs="0" />
                <xs:element name="MFTV_VENDITE" type="xs:string" minOccurs="0" />
                <xs:element name="PRGP_VENDITE" type="xs:string" minOccurs="0" />
                <xs:element name="ROSN_VENDITE" type="xs:string" minOccurs="0" />
                <xs:element name="SLOV_VENDITE" type="xs:string" minOccurs="0" />
                <xs:element name="SVIZ_VENDITE" type="xs:string" minOccurs="0" />
                <xs:element name="BSP_VENDITE" type="xs:string" minOccurs="0" />
                <xs:element name="MALT_VENDITE" type="xs:string" minOccurs="0" />
                <xs:element name="XAUS_VENDITE" type="xs:string" minOccurs="0" />
                <xs:element name="XFRA_VENDITE" type="xs:string" minOccurs="0" />
                <xs:element name="TOTITABSP_VENDITE" msdata:ReadOnly="true" msdata:Expression="Convert(TOTALE_VENDITE, System.Double) + Convert(BSP_VENDITE,System.Double)" type="xs:string" minOccurs="0" />
                <xs:element name="TOTITABSP_ACQUISTI" msdata:ReadOnly="true" msdata:Expression="Convert(TOTALE_ACQUISTI, System.Double) + Convert(BSP_ACQUISTI, System.Double)" type="xs:string" minOccurs="0" />
              </xs:sequence>
            </xs:complexType>
          </xs:element>
        </xs:choice>
      </xs:complexType>
    </xs:element>
  </xs:schema>
  <Quantita>
    <Data>20180416</Data>
    <Mercato>MGP</Mercato>
    <Ora>1</Ora>
    <TOTALE_ACQUISTI>23839,328</TOTALE_ACQUISTI>
    <NAT_ACQUISTI>23839,328000</NAT_ACQUISTI>
    <CNOR_ACQUISTI>2505,313000</CNOR_ACQUISTI>
    <CSUD_ACQUISTI>3865,991000</CSUD_ACQUISTI>
    <NORD_ACQUISTI>12836,807000</NORD_ACQUISTI>
    <SARD_ACQUISTI>810,980000</SARD_ACQUISTI>
    <SICI_ACQUISTI>1526,303000</SICI_ACQUISTI>
    <SUD_ACQUISTI>2020,934000</SUD_ACQUISTI>
    <AUST_ACQUISTI>0,000000</AUST_ACQUISTI>
    <BRNN_ACQUISTI>0,000000</BRNN_ACQUISTI>
    <COAC_ACQUISTI>28,000000</COAC_ACQUISTI>
    <CORS_ACQUISTI>5,000000</CORS_ACQUISTI>
    <FOGN_ACQUISTI>0,000000</FOGN_ACQUISTI>
    <FRAN_ACQUISTI>0,000000</FRAN_ACQUISTI>
    <GREC_ACQUISTI>143,000000</GREC_ACQUISTI>
    <MFTV_ACQUISTI>0,000000</MFTV_ACQUISTI>
    <PRGP_ACQUISTI>0,000000</PRGP_ACQUISTI>
    <ROSN_ACQUISTI>0,000000</ROSN_ACQUISTI>
    <SLOV_ACQUISTI>0,000000</SLOV_ACQUISTI>
    <SVIZ_ACQUISTI>0,000000</SVIZ_ACQUISTI>
    <BSP_ACQUISTI>0,000000</BSP_ACQUISTI>
    <MALT_ACQUISTI>97,000000</MALT_ACQUISTI>
    <XAUS_ACQUISTI>0,000000</XAUS_ACQUISTI>
    <XFRA_ACQUISTI>0,000000</XFRA_ACQUISTI>
    <TOTALE_VENDITE>21722,328</TOTALE_VENDITE>
    <NAT_VENDITE>23839,328000</NAT_VENDITE>
    <CNOR_VENDITE>1659,905000</CNOR_VENDITE>
    <CSUD_VENDITE>1852,542000</CSUD_VENDITE>
    <NORD_VENDITE>11582,215000</NORD_VENDITE>
    <SARD_VENDITE>697,917000</SARD_VENDITE>
    <SICI_VENDITE>630,487000</SICI_VENDITE>
    <SUD_VENDITE>1118,976000</SUD_VENDITE>
    <AUST_VENDITE>0,000000</AUST_VENDITE>
    <BRNN_VENDITE>1317,610000</BRNN_VENDITE>
    <COAC_VENDITE>0,000000</COAC_VENDITE>
    <CORS_VENDITE>0,000000</CORS_VENDITE>
    <FOGN_VENDITE>2,355000</FOGN_VENDITE>
    <FRAN_VENDITE>99,000000</FRAN_VENDITE>
    <GREC_VENDITE>460,000000</GREC_VENDITE>
    <MFTV_VENDITE>0,000000</MFTV_VENDITE>
    <PRGP_VENDITE>0,000000</PRGP_VENDITE>
    <ROSN_VENDITE>17,321000</ROSN_VENDITE>
    <SLOV_VENDITE>0,000000</SLOV_VENDITE>
    <SVIZ_VENDITE>2284,000000</SVIZ_VENDITE>
    <BSP_VENDITE>385,000000</BSP_VENDITE>
    <MALT_VENDITE>0,000000</MALT_VENDITE>
    <XAUS_VENDITE>171,000000</XAUS_VENDITE>
    <XFRA_VENDITE>1561,000000</XFRA_VENDITE>
    <TOTITABSP_VENDITE>22107,328</TOTITABSP_VENDITE>
    <TOTITABSP_ACQUISTI>23839,328</TOTITABSP_ACQUISTI>
  </Quantita>
  <Quantita>
    <Data>20180416</Data>
    <Mercato>MGP</Mercato>
    <Ora>2</Ora>
    <TOTALE_ACQUISTI>22621,486</TOTALE_ACQUISTI>
    <NAT_ACQUISTI>22673,844000</NAT_ACQUISTI>
    <CNOR_ACQUISTI>2341,116000</CNOR_ACQUISTI>
    <CSUD_ACQUISTI>3548,373000</CSUD_ACQUISTI>
    <NORD_ACQUISTI>12257,091000</NORD_ACQUISTI>
    <SARD_ACQUISTI>763,507000</SARD_ACQUISTI>
    <SICI_ACQUISTI>1395,516000</SICI_ACQUISTI>
    <SUD_ACQUISTI>1883,883000</SUD_ACQUISTI>
    <AUST_ACQUISTI>0,000000</AUST_ACQUISTI>
    <BRNN_ACQUISTI>0,000000</BRNN_ACQUISTI>
    <COAC_ACQUISTI>20,000000</COAC_ACQUISTI>
    <CORS_ACQUISTI>5,000000</CORS_ACQUISTI>
    <FOGN_ACQUISTI>0,000000</FOGN_ACQUISTI>
    <FRAN_ACQUISTI>0,000000</FRAN_ACQUISTI>
    <GREC_ACQUISTI>319,000000</GREC_ACQUISTI>
    <MFTV_ACQUISTI>0,000000</MFTV_ACQUISTI>
    <PRGP_ACQUISTI>0,000000</PRGP_ACQUISTI>
    <ROSN_ACQUISTI>0,000000</ROSN_ACQUISTI>
    <SLOV_ACQUISTI>0,000000</SLOV_ACQUISTI>
    <SVIZ_ACQUISTI>0,000000</SVIZ_ACQUISTI>
    <BSP_ACQUISTI>0,000000</BSP_ACQUISTI>
    <MALT_ACQUISTI>88,000000</MALT_ACQUISTI>
    <XAUS_ACQUISTI>0,000000</XAUS_ACQUISTI>
    <XFRA_ACQUISTI>0,000000</XFRA_ACQUISTI>
    <TOTALE_VENDITE>20259,486</TOTALE_VENDITE>
    <NAT_VENDITE>22673,844000</NAT_VENDITE>
    <CNOR_VENDITE>1639,614000</CNOR_VENDITE>
    <CSUD_VENDITE>1384,175000</CSUD_VENDITE>
    <NORD_VENDITE>10408,593000</NORD_VENDITE>
    <SARD_VENDITE>716,772000</SARD_VENDITE>
    <SICI_VENDITE>638,040000</SICI_VENDITE>
    <SUD_VENDITE>1060,819000</SUD_VENDITE>
    <AUST_VENDITE>0,000000</AUST_VENDITE>
    <BRNN_VENDITE>1309,475000</BRNN_VENDITE>
    <COAC_VENDITE>0,000000</COAC_VENDITE>
    <CORS_VENDITE>0,000000</CORS_VENDITE>
    <FOGN_VENDITE>1,959000</FOGN_VENDITE>
    <FRAN_VENDITE>99,000000</FRAN_VENDITE>
    <GREC_VENDITE>491,000000</GREC_VENDITE>
    <MFTV_VENDITE>0,000000</MFTV_VENDITE>
    <PRGP_VENDITE>0,000000</PRGP_VENDITE>
    <ROSN_VENDITE>21,039000</ROSN_VENDITE>
    <SLOV_VENDITE>0,000000</SLOV_VENDITE>
    <SVIZ_VENDITE>2489,000000</SVIZ_VENDITE>
    <BSP_VENDITE>428,000000</BSP_VENDITE>
    <MALT_VENDITE>0,000000</MALT_VENDITE>
    <XAUS_VENDITE>186,000000</XAUS_VENDITE>
    <XFRA_VENDITE>1748,000000</XFRA_VENDITE>
    <TOTITABSP_VENDITE>20687,486</TOTITABSP_VENDITE>
    <TOTITABSP_ACQUISTI>22621,486</TOTITABSP_ACQUISTI>
  </Quantita>
  <Quantita>
    <Data>20180416</Data>
    <Mercato>MGP</Mercato>
    <Ora>3</Ora>
    <TOTALE_ACQUISTI>22077,694</TOTALE_ACQUISTI>
    <NAT_ACQUISTI>22207,694000</NAT_ACQUISTI>
    <CNOR_ACQUISTI>2302,626000</CNOR_ACQUISTI>
    <CSUD_ACQUISTI>3416,754000</CSUD_ACQUISTI>
    <NORD_ACQUISTI>12049,676000</NORD_ACQUISTI>
    <SARD_ACQUISTI>746,800000</SARD_ACQUISTI>
    <SICI_ACQUISTI>1335,498000</SICI_ACQUISTI>
    <SUD_ACQUISTI>1843,340000</SUD_ACQUISTI>
    <AUST_ACQUISTI>0,000000</AUST_ACQUISTI>
    <BRNN_ACQUISTI>0,000000</BRNN_ACQUISTI>
    <COAC_ACQUISTI>20,000000</COAC_ACQUISTI>
    <CORS_ACQUISTI>5,000000</CORS_ACQUISTI>
    <FOGN_ACQUISTI>0,000000</FOGN_ACQUISTI>
    <FRAN_ACQUISTI>0,000000</FRAN_ACQUISTI>
    <GREC_ACQUISTI>273,000000</GREC_ACQUISTI>
    <MFTV_ACQUISTI>0,000000</MFTV_ACQUISTI>
    <PRGP_ACQUISTI>0,000000</PRGP_ACQUISTI>
    <ROSN_ACQUISTI>0,000000</ROSN_ACQUISTI>
    <SLOV_ACQUISTI>0,000000</SLOV_ACQUISTI>
    <SVIZ_ACQUISTI>0,000000</SVIZ_ACQUISTI>
    <BSP_ACQUISTI>0,000000</BSP_ACQUISTI>
    <MALT_ACQUISTI>85,000000</MALT_ACQUISTI>
    <XAUS_ACQUISTI>0,000000</XAUS_ACQUISTI>
    <XFRA_ACQUISTI>0,000000</XFRA_ACQUISTI>
    <TOTALE_VENDITE>19715,694</TOTALE_VENDITE>
    <NAT_VENDITE>22207,694000</NAT_VENDITE>
    <CNOR_VENDITE>1632,545000</CNOR_VENDITE>
    <CSUD_VENDITE>1104,666000</CSUD_VENDITE>
    <NORD_VENDITE>10169,757000</NORD_VENDITE>
    <SARD_VENDITE>714,769000</SARD_VENDITE>
    <SICI_VENDITE>635,933000</SICI_VENDITE>
    <SUD_VENDITE>1049,039000</SUD_VENDITE>
    <AUST_VENDITE>0,000000</AUST_VENDITE>
    <BRNN_VENDITE>1292,347000</BRNN_VENDITE>
    <COAC_VENDITE>0,000000</COAC_VENDITE>
    <CORS_VENDITE>0,000000</CORS_VENDITE>
    <FOGN_VENDITE>1,754000</FOGN_VENDITE>
    <FRAN_VENDITE>99,000000</FRAN_VENDITE>
    <GREC_VENDITE>504,000000</GREC_VENDITE>
    <MFTV_VENDITE>0,000000</MFTV_VENDITE>
    <PRGP_VENDITE>0,000000</PRGP_VENDITE>
    <ROSN_VENDITE>22,884000</ROSN_VENDITE>
    <SLOV_VENDITE>0,000000</SLOV_VENDITE>
    <SVIZ_VENDITE>2489,000000</SVIZ_VENDITE>
    <BSP_VENDITE>428,000000</BSP_VENDITE>
    <MALT_VENDITE>0,000000</MALT_VENDITE>
    <XAUS_VENDITE>186,000000</XAUS_VENDITE>
    <XFRA_VENDITE>1748,000000</XFRA_VENDITE>
    <TOTITABSP_VENDITE>20143,694</TOTITABSP_VENDITE>
    <TOTITABSP_ACQUISTI>22077,694</TOTITABSP_ACQUISTI>
  </Quantita>
  <Quantita>
    <Data>20180416</Data>
    <Mercato>MGP</Mercato>
    <Ora>4</Ora>
    <TOTALE_ACQUISTI>22016,386</TOTALE_ACQUISTI>
    <NAT_ACQUISTI>22121,386000</NAT_ACQUISTI>
    <CNOR_ACQUISTI>2303,245000</CNOR_ACQUISTI>
    <CSUD_ACQUISTI>3374,646000</CSUD_ACQUISTI>
    <NORD_ACQUISTI>12087,158000</NORD_ACQUISTI>
    <SARD_ACQUISTI>745,451000</SARD_ACQUISTI>
    <SICI_ACQUISTI>1317,517000</SICI_ACQUISTI>
    <SUD_ACQUISTI>1824,369000</SUD_ACQUISTI>
    <AUST_ACQUISTI>0,000000</AUST_ACQUISTI>
    <BRNN_ACQUISTI>0,000000</BRNN_ACQUISTI>
    <COAC_ACQUISTI>20,000000</COAC_ACQUISTI>
    <CORS_ACQUISTI>5,000000</CORS_ACQUISTI>
    <FOGN_ACQUISTI>0,000000</FOGN_ACQUISTI>
    <FRAN_ACQUISTI>0,000000</FRAN_ACQUISTI>
    <GREC_ACQUISTI>253,000000</GREC_ACQUISTI>
    <MFTV_ACQUISTI>0,000000</MFTV_ACQUISTI>
    <PRGP_ACQUISTI>0,000000</PRGP_ACQUISTI>
    <ROSN_ACQUISTI>0,000000</ROSN_ACQUISTI>
    <SLOV_ACQUISTI>0,000000</SLOV_ACQUISTI>
    <SVIZ_ACQUISTI>0,000000</SVIZ_ACQUISTI>
    <BSP_ACQUISTI>0,000000</BSP_ACQUISTI>
    <MALT_ACQUISTI>86,000000</MALT_ACQUISTI>
    <XAUS_ACQUISTI>0,000000</XAUS_ACQUISTI>
    <XFRA_ACQUISTI>0,000000</XFRA_ACQUISTI>
    <TOTALE_VENDITE>19628,386</TOTALE_VENDITE>
    <NAT_VENDITE>22121,386000</NAT_VENDITE>
    <CNOR_VENDITE>1632,194000</CNOR_VENDITE>
    <CSUD_VENDITE>1029,785000</CSUD_VENDITE>
    <NORD_VENDITE>10159,209000</NORD_VENDITE>
    <SARD_VENDITE>695,165000</SARD_VENDITE>
    <SICI_VENDITE>666,575000</SICI_VENDITE>
    <SUD_VENDITE>1022,214000</SUD_VENDITE>
    <AUST_VENDITE>0,000000</AUST_VENDITE>
    <BRNN_VENDITE>1286,291000</BRNN_VENDITE>
    <COAC_VENDITE>0,000000</COAC_VENDITE>
    <CORS_VENDITE>0,000000</CORS_VENDITE>
    <FOGN_VENDITE>1,400000</FOGN_VENDITE>
    <FRAN_VENDITE>99,000000</FRAN_VENDITE>
    <GREC_VENDITE>500,000000</GREC_VENDITE>
    <MFTV_VENDITE>0,000000</MFTV_VENDITE>
    <PRGP_VENDITE>0,000000</PRGP_VENDITE>
    <ROSN_VENDITE>24,553000</ROSN_VENDITE>
    <SLOV_VENDITE>0,000000</SLOV_VENDITE>
    <SVIZ_VENDITE>2512,000000</SVIZ_VENDITE>
    <BSP_VENDITE>433,000000</BSP_VENDITE>
    <MALT_VENDITE>0,000000</MALT_VENDITE>
    <XAUS_VENDITE>187,000000</XAUS_VENDITE>
    <XFRA_VENDITE>1768,000000</XFRA_VENDITE>
    <TOTITABSP_VENDITE>20061,386</TOTITABSP_VENDITE>
    <TOTITABSP_ACQUISTI>22016,386</TOTITABSP_ACQUISTI>
  </Quantita>
  <Quantita>
    <Data>20180416</Data>
    <Mercato>MGP</Mercato>
    <Ora>5</Ora>
    <TOTALE_ACQUISTI>22319,399</TOTALE_ACQUISTI>
    <NAT_ACQUISTI>22414,399000</NAT_ACQUISTI>
    <CNOR_ACQUISTI>2311,299000</CNOR_ACQUISTI>
    <CSUD_ACQUISTI>3411,766000</CSUD_ACQUISTI>
    <NORD_ACQUISTI>12357,761000</NORD_ACQUISTI>
    <SARD_ACQUISTI>749,654000</SARD_ACQUISTI>
    <SICI_ACQUISTI>1326,216000</SICI_ACQUISTI>
    <SUD_ACQUISTI>1813,703000</SUD_ACQUISTI>
    <AUST_ACQUISTI>0,000000</AUST_ACQUISTI>
    <BRNN_ACQUISTI>0,000000</BRNN_ACQUISTI>
    <COAC_ACQUISTI>20,000000</COAC_ACQUISTI>
    <CORS_ACQUISTI>5,000000</CORS_ACQUISTI>
    <FOGN_ACQUISTI>0,000000</FOGN_ACQUISTI>
    <FRAN_ACQUISTI>0,000000</FRAN_ACQUISTI>
    <GREC_ACQUISTI>228,000000</GREC_ACQUISTI>
    <MFTV_ACQUISTI>0,000000</MFTV_ACQUISTI>
    <PRGP_ACQUISTI>0,000000</PRGP_ACQUISTI>
    <ROSN_ACQUISTI>0,000000</ROSN_ACQUISTI>
    <SLOV_ACQUISTI>0,000000</SLOV_ACQUISTI>
    <SVIZ_ACQUISTI>0,000000</SVIZ_ACQUISTI>
    <BSP_ACQUISTI>0,000000</BSP_ACQUISTI>
    <MALT_ACQUISTI>96,000000</MALT_ACQUISTI>
    <XAUS_ACQUISTI>0,000000</XAUS_ACQUISTI>
    <XFRA_ACQUISTI>0,000000</XFRA_ACQUISTI>
    <TOTALE_VENDITE>19931,399</TOTALE_VENDITE>
    <NAT_VENDITE>22414,399000</NAT_VENDITE>
    <CNOR_VENDITE>1659,424000</CNOR_VENDITE>
    <CSUD_VENDITE>1136,866000</CSUD_VENDITE>
    <NORD_VENDITE>10409,636000</NORD_VENDITE>
    <SARD_VENDITE>676,636000</SARD_VENDITE>
    <SICI_VENDITE>676,795000</SICI_VENDITE>
    <SUD_VENDITE>979,611000</SUD_VENDITE>
    <AUST_VENDITE>0,000000</AUST_VENDITE>
    <BRNN_VENDITE>1281,624000</BRNN_VENDITE>
    <COAC_VENDITE>0,000000</COAC_VENDITE>
    <CORS_VENDITE>0,000000</CORS_VENDITE>
    <FOGN_VENDITE>1,333000</FOGN_VENDITE>
    <FRAN_VENDITE>99,000000</FRAN_VENDITE>
    <GREC_VENDITE>474,000000</GREC_VENDITE>
    <MFTV_VENDITE>0,000000</MFTV_VENDITE>
    <PRGP_VENDITE>0,000000</PRGP_VENDITE>
    <ROSN_VENDITE>23,474000</ROSN_VENDITE>
    <SLOV_VENDITE>0,000000</SLOV_VENDITE>
    <SVIZ_VENDITE>2513,000000</SVIZ_VENDITE>
    <BSP_VENDITE>433,000000</BSP_VENDITE>
    <MALT_VENDITE>0,000000</MALT_VENDITE>
    <XAUS_VENDITE>187,000000</XAUS_VENDITE>
    <XFRA_VENDITE>1768,000000</XFRA_VENDITE>
    <TOTITABSP_VENDITE>20364,399</TOTITABSP_VENDITE>
    <TOTITABSP_ACQUISTI>22319,399</TOTITABSP_ACQUISTI>
  </Quantita>
  <Quantita>
    <Data>20180416</Data>
    <Mercato>MGP</Mercato>
    <Ora>6</Ora>
    <TOTALE_ACQUISTI>24097,226</TOTALE_ACQUISTI>
    <NAT_ACQUISTI>24177,226000</NAT_ACQUISTI>
    <CNOR_ACQUISTI>2500,778000</CNOR_ACQUISTI>
    <CSUD_ACQUISTI>3642,570000</CSUD_ACQUISTI>
    <NORD_ACQUISTI>13606,152000</NORD_ACQUISTI>
    <SARD_ACQUISTI>774,997000</SARD_ACQUISTI>
    <SICI_ACQUISTI>1399,833000</SICI_ACQUISTI>
    <SUD_ACQUISTI>1874,896000</SUD_ACQUISTI>
    <AUST_ACQUISTI>0,000000</AUST_ACQUISTI>
    <BRNN_ACQUISTI>0,000000</BRNN_ACQUISTI>
    <COAC_ACQUISTI>20,000000</COAC_ACQUISTI>
    <CORS_ACQUISTI>5,000000</CORS_ACQUISTI>
    <FOGN_ACQUISTI>0,000000</FOGN_ACQUISTI>
    <FRAN_ACQUISTI>0,000000</FRAN_ACQUISTI>
    <GREC_ACQUISTI>154,000000</GREC_ACQUISTI>
    <MFTV_ACQUISTI>0,000000</MFTV_ACQUISTI>
    <PRGP_ACQUISTI>0,000000</PRGP_ACQUISTI>
    <ROSN_ACQUISTI>0,000000</ROSN_ACQUISTI>
    <SLOV_ACQUISTI>0,000000</SLOV_ACQUISTI>
    <SVIZ_ACQUISTI>0,000000</SVIZ_ACQUISTI>
    <BSP_ACQUISTI>0,000000</BSP_ACQUISTI>
    <MALT_ACQUISTI>119,000000</MALT_ACQUISTI>
    <XAUS_ACQUISTI>0,000000</XAUS_ACQUISTI>
    <XFRA_ACQUISTI>0,000000</XFRA_ACQUISTI>
    <TOTALE_VENDITE>20979,226</TOTALE_VENDITE>
    <NAT_VENDITE>24177,226000</NAT_VENDITE>
    <CNOR_VENDITE>1697,997000</CNOR_VENDITE>
    <CSUD_VENDITE>1185,594000</CSUD_VENDITE>
    <NORD_VENDITE>10698,933000</NORD_VENDITE>
    <SARD_VENDITE>660,005000</SARD_VENDITE>
    <SICI_VENDITE>647,908000</SICI_VENDITE>
    <SUD_VENDITE>982,578000</SUD_VENDITE>
    <AUST_VENDITE>20,000000</AUST_VENDITE>
    <BRNN_VENDITE>1279,752000</BRNN_VENDITE>
    <COAC_VENDITE>0,000000</COAC_VENDITE>
    <CORS_VENDITE>0,000000</CORS_VENDITE>
    <FOGN_VENDITE>161,426000</FOGN_VENDITE>
    <FRAN_VENDITE>99,000000</FRAN_VENDITE>
    <GREC_VENDITE>503,000000</GREC_VENDITE>
    <MFTV_VENDITE>0,000000</MFTV_VENDITE>
    <PRGP_VENDITE>0,000000</PRGP_VENDITE>
    <ROSN_VENDITE>170,033000</ROSN_VENDITE>
    <SLOV_VENDITE>0,000000</SLOV_VENDITE>
    <SVIZ_VENDITE>2873,000000</SVIZ_VENDITE>
    <BSP_VENDITE>563,000000</BSP_VENDITE>
    <MALT_VENDITE>0,000000</MALT_VENDITE>
    <XAUS_VENDITE>227,000000</XAUS_VENDITE>
    <XFRA_VENDITE>2328,000000</XFRA_VENDITE>
    <TOTITABSP_VENDITE>21542,226</TOTITABSP_VENDITE>
    <TOTITABSP_ACQUISTI>24097,226</TOTITABSP_ACQUISTI>
  </Quantita>
  <Quantita>
    <Data>20180416</Data>
    <Mercato>MGP</Mercato>
    <Ora>7</Ora>
    <TOTALE_ACQUISTI>28608,756</TOTALE_ACQUISTI>
    <NAT_ACQUISTI>28608,756000</NAT_ACQUISTI>
    <CNOR_ACQUISTI>2983,293000</CNOR_ACQUISTI>
    <CSUD_ACQUISTI>4219,135000</CSUD_ACQUISTI>
    <NORD_ACQUISTI>16759,294000</NORD_ACQUISTI>
    <SARD_ACQUISTI>870,801000</SARD_ACQUISTI>
    <SICI_ACQUISTI>1533,332000</SICI_ACQUISTI>
    <SUD_ACQUISTI>1996,901000</SUD_ACQUISTI>
    <AUST_ACQUISTI>0,000000</AUST_ACQUISTI>
    <BRNN_ACQUISTI>0,000000</BRNN_ACQUISTI>
    <COAC_ACQUISTI>33,000000</COAC_ACQUISTI>
    <CORS_ACQUISTI>5,000000</CORS_ACQUISTI>
    <FOGN_ACQUISTI>0,000000</FOGN_ACQUISTI>
    <FRAN_ACQUISTI>0,000000</FRAN_ACQUISTI>
    <GREC_ACQUISTI>50,000000</GREC_ACQUISTI>
    <MFTV_ACQUISTI>0,000000</MFTV_ACQUISTI>
    <PRGP_ACQUISTI>0,000000</PRGP_ACQUISTI>
    <ROSN_ACQUISTI>0,000000</ROSN_ACQUISTI>
    <SLOV_ACQUISTI>0,000000</SLOV_ACQUISTI>
    <SVIZ_ACQUISTI>0,000000</SVIZ_ACQUISTI>
    <BSP_ACQUISTI>0,000000</BSP_ACQUISTI>
    <MALT_ACQUISTI>158,000000</MALT_ACQUISTI>
    <XAUS_ACQUISTI>0,000000</XAUS_ACQUISTI>
    <XFRA_ACQUISTI>0,000000</XFRA_ACQUISTI>
    <TOTALE_VENDITE>24629,756</TOTALE_VENDITE>
    <NAT_VENDITE>28608,756000</NAT_VENDITE>
    <CNOR_VENDITE>1973,095000</CNOR_VENDITE>
    <CSUD_VENDITE>2060,428000</CSUD_VENDITE>
    <NORD_VENDITE>12844,196000</NORD_VENDITE>
    <SARD_VENDITE>642,647000</SARD_VENDITE>
    <SICI_VENDITE>626,883000</SICI_VENDITE>
    <SUD_VENDITE>1028,590000</SUD_VENDITE>
    <AUST_VENDITE>20,000000</AUST_VENDITE>
    <BRNN_VENDITE>1492,878000</BRNN_VENDITE>
    <COAC_VENDITE>0,000000</COAC_VENDITE>
    <CORS_VENDITE>0,000000</CORS_VENDITE>
    <FOGN_VENDITE>161,336000</FOGN_VENDITE>
    <FRAN_VENDITE>99,000000</FRAN_VENDITE>
    <GREC_VENDITE>461,000000</GREC_VENDITE>
    <MFTV_VENDITE>0,000000</MFTV_VENDITE>
    <PRGP_VENDITE>0,120000</PRGP_VENDITE>
    <ROSN_VENDITE>170,583000</ROSN_VENDITE>
    <SLOV_VENDITE>0,000000</SLOV_VENDITE>
    <SVIZ_VENDITE>3049,000000</SVIZ_VENDITE>
    <BSP_VENDITE>654,000000</BSP_VENDITE>
    <MALT_VENDITE>0,000000</MALT_VENDITE>
    <XAUS_VENDITE>275,000000</XAUS_VENDITE>
    <XFRA_VENDITE>3050,000000</XFRA_VENDITE>
    <TOTITABSP_VENDITE>25283,756</TOTITABSP_VENDITE>
    <TOTITABSP_ACQUISTI>28608,756</TOTITABSP_ACQUISTI>
  </Quantita>
  <Quantita>
    <Data>20180416</Data>
    <Mercato>MGP</Mercato>
    <Ora>8</Ora>
    <TOTALE_ACQUISTI>33788,976</TOTALE_ACQUISTI>
    <NAT_ACQUISTI>33842,468000</NAT_ACQUISTI>
    <CNOR_ACQUISTI>3580,232000</CNOR_ACQUISTI>
    <CSUD_ACQUISTI>4956,423000</CSUD_ACQUISTI>
    <NORD_ACQUISTI>19858,926000</NORD_ACQUISTI>
    <SARD_ACQUISTI>987,419000</SARD_ACQUISTI>
    <SICI_ACQUISTI>1801,693000</SICI_ACQUISTI>
    <SUD_ACQUISTI>2390,775000</SUD_ACQUISTI>
    <AUST_ACQUISTI>0,000000</AUST_ACQUISTI>
    <BRNN_ACQUISTI>0,000000</BRNN_ACQUISTI>
    <COAC_ACQUISTI>62,000000</COAC_ACQUISTI>
    <CORS_ACQUISTI>5,000000</CORS_ACQUISTI>
    <FOGN_ACQUISTI>0,000000</FOGN_ACQUISTI>
    <FRAN_ACQUISTI>0,000000</FRAN_ACQUISTI>
    <GREC_ACQUISTI>10,000000</GREC_ACQUISTI>
    <MFTV_ACQUISTI>0,000000</MFTV_ACQUISTI>
    <PRGP_ACQUISTI>0,000000</PRGP_ACQUISTI>
    <ROSN_ACQUISTI>0,000000</ROSN_ACQUISTI>
    <SLOV_ACQUISTI>0,000000</SLOV_ACQUISTI>
    <SVIZ_ACQUISTI>0,000000</SVIZ_ACQUISTI>
    <BSP_ACQUISTI>0,000000</BSP_ACQUISTI>
    <MALT_ACQUISTI>136,508000</MALT_ACQUISTI>
    <XAUS_ACQUISTI>0,000000</XAUS_ACQUISTI>
    <XFRA_ACQUISTI>0,000000</XFRA_ACQUISTI>
    <TOTALE_VENDITE>29520,976</TOTALE_VENDITE>
    <NAT_VENDITE>33842,468000</NAT_VENDITE>
    <CNOR_VENDITE>2575,958000</CNOR_VENDITE>
    <CSUD_VENDITE>2758,515000</CSUD_VENDITE>
    <NORD_VENDITE>15301,018000</NORD_VENDITE>
    <SARD_VENDITE>649,321000</SARD_VENDITE>
    <SICI_VENDITE>771,970000</SICI_VENDITE>
    <SUD_VENDITE>1036,213000</SUD_VENDITE>
    <AUST_VENDITE>20,000000</AUST_VENDITE>
    <BRNN_VENDITE>1470,965000</BRNN_VENDITE>
    <COAC_VENDITE>0,000000</COAC_VENDITE>
    <CORS_VENDITE>0,000000</CORS_VENDITE>
    <FOGN_VENDITE>430,494000</FOGN_VENDITE>
    <FRAN_VENDITE>99,000000</FRAN_VENDITE>
    <GREC_VENDITE>464,000000</GREC_VENDITE>
    <MFTV_VENDITE>0,000000</MFTV_VENDITE>
    <PRGP_VENDITE>66,231000</PRGP_VENDITE>
    <ROSN_VENDITE>494,291000</ROSN_VENDITE>
    <SLOV_VENDITE>0,000000</SLOV_VENDITE>
    <SVIZ_VENDITE>3383,000000</SVIZ_VENDITE>
    <BSP_VENDITE>766,000000</BSP_VENDITE>
    <MALT_VENDITE>0,000000</MALT_VENDITE>
    <XAUS_VENDITE>295,000000</XAUS_VENDITE>
    <XFRA_VENDITE>3207,000000</XFRA_VENDITE>
    <TOTITABSP_VENDITE>30286,976</TOTITABSP_VENDITE>
    <TOTITABSP_ACQUISTI>33788,976</TOTITABSP_ACQUISTI>
  </Quantita>
  <Quantita>
    <Data>20180416</Data>
    <Mercato>MGP</Mercato>
    <Ora>9</Ora>
    <TOTALE_ACQUISTI>38549,207</TOTALE_ACQUISTI>
    <NAT_ACQUISTI>38549,207000</NAT_ACQUISTI>
    <CNOR_ACQUISTI>4183,142000</CNOR_ACQUISTI>
    <CSUD_ACQUISTI>5569,940000</CSUD_ACQUISTI>
    <NORD_ACQUISTI>22851,694000</NORD_ACQUISTI>
    <SARD_ACQUISTI>1083,841000</SARD_ACQUISTI>
    <SICI_ACQUISTI>2021,625000</SICI_ACQUISTI>
    <SUD_ACQUISTI>2699,965000</SUD_ACQUISTI>
    <AUST_ACQUISTI>0,000000</AUST_ACQUISTI>
    <BRNN_ACQUISTI>0,000000</BRNN_ACQUISTI>
    <COAC_ACQUISTI>65,000000</COAC_ACQUISTI>
    <CORS_ACQUISTI>5,000000</CORS_ACQUISTI>
    <FOGN_ACQUISTI>0,000000</FOGN_ACQUISTI>
    <FRAN_ACQUISTI>0,000000</FRAN_ACQUISTI>
    <GREC_ACQUISTI>0,000000</GREC_ACQUISTI>
    <MFTV_ACQUISTI>0,000000</MFTV_ACQUISTI>
    <PRGP_ACQUISTI>0,000000</PRGP_ACQUISTI>
    <ROSN_ACQUISTI>0,000000</ROSN_ACQUISTI>
    <SLOV_ACQUISTI>0,000000</SLOV_ACQUISTI>
    <SVIZ_ACQUISTI>0,000000</SVIZ_ACQUISTI>
    <BSP_ACQUISTI>0,000000</BSP_ACQUISTI>
    <MALT_ACQUISTI>69,000000</MALT_ACQUISTI>
    <XAUS_ACQUISTI>0,000000</XAUS_ACQUISTI>
    <XFRA_ACQUISTI>0,000000</XFRA_ACQUISTI>
    <TOTALE_VENDITE>34957,207</TOTALE_VENDITE>
    <NAT_VENDITE>38549,207000</NAT_VENDITE>
    <CNOR_VENDITE>2891,110000</CNOR_VENDITE>
    <CSUD_VENDITE>3213,626000</CSUD_VENDITE>
    <NORD_VENDITE>18833,389000</NORD_VENDITE>
    <SARD_VENDITE>768,753000</SARD_VENDITE>
    <SICI_VENDITE>922,670000</SICI_VENDITE>
    <SUD_VENDITE>1559,695000</SUD_VENDITE>
    <AUST_VENDITE>20,000000</AUST_VENDITE>
    <BRNN_VENDITE>1979,841000</BRNN_VENDITE>
    <COAC_VENDITE>0,000000</COAC_VENDITE>
    <CORS_VENDITE>0,000000</CORS_VENDITE>
    <FOGN_VENDITE>563,429000</FOGN_VENDITE>
    <FRAN_VENDITE>99,000000</FRAN_VENDITE>
    <GREC_VENDITE>499,000000</GREC_VENDITE>
    <MFTV_VENDITE>0,000000</MFTV_VENDITE>
    <PRGP_VENDITE>67,955000</PRGP_VENDITE>
    <ROSN_VENDITE>632,739000</ROSN_VENDITE>
    <SLOV_VENDITE>0,000000</SLOV_VENDITE>
    <SVIZ_VENDITE>2906,000000</SVIZ_VENDITE>
    <BSP_VENDITE>646,000000</BSP_VENDITE>
    <MALT_VENDITE>0,000000</MALT_VENDITE>
    <XAUS_VENDITE>259,000000</XAUS_VENDITE>
    <XFRA_VENDITE>2687,000000</XFRA_VENDITE>
    <TOTITABSP_VENDITE>35603,207</TOTITABSP_VENDITE>
    <TOTITABSP_ACQUISTI>38549,207</TOTITABSP_ACQUISTI>
  </Quantita>
  <Quantita>
    <Data>20180416</Data>
    <Mercato>MGP</Mercato>
    <Ora>10</Ora>
    <TOTALE_ACQUISTI>39304,411</TOTALE_ACQUISTI>
    <NAT_ACQUISTI>39304,411000</NAT_ACQUISTI>
    <CNOR_ACQUISTI>4287,329000</CNOR_ACQUISTI>
    <CSUD_ACQUISTI>5799,859000</CSUD_ACQUISTI>
    <NORD_ACQUISTI>23274,685000</NORD_ACQUISTI>
    <SARD_ACQUISTI>1065,503000</SARD_ACQUISTI>
    <SICI_ACQUISTI>2055,867000</SICI_ACQUISTI>
    <SUD_ACQUISTI>2708,168000</SUD_ACQUISTI>
    <AUST_ACQUISTI>0,000000</AUST_ACQUISTI>
    <BRNN_ACQUISTI>0,000000</BRNN_ACQUISTI>
    <COAC_ACQUISTI>46,000000</COAC_ACQUISTI>
    <CORS_ACQUISTI>5,000000</CORS_ACQUISTI>
    <FOGN_ACQUISTI>0,000000</FOGN_ACQUISTI>
    <FRAN_ACQUISTI>0,000000</FRAN_ACQUISTI>
    <GREC_ACQUISTI>0,000000</GREC_ACQUISTI>
    <MFTV_ACQUISTI>0,000000</MFTV_ACQUISTI>
    <PRGP_ACQUISTI>0,000000</PRGP_ACQUISTI>
    <ROSN_ACQUISTI>0,000000</ROSN_ACQUISTI>
    <SLOV_ACQUISTI>0,000000</SLOV_ACQUISTI>
    <SVIZ_ACQUISTI>0,000000</SVIZ_ACQUISTI>
    <BSP_ACQUISTI>0,000000</BSP_ACQUISTI>
    <MALT_ACQUISTI>62,000000</MALT_ACQUISTI>
    <XAUS_ACQUISTI>0,000000</XAUS_ACQUISTI>
    <XFRA_ACQUISTI>0,000000</XFRA_ACQUISTI>
    <TOTALE_VENDITE>36589,411</TOTALE_VENDITE>
    <NAT_VENDITE>39304,411000</NAT_VENDITE>
    <CNOR_VENDITE>3061,927000</CNOR_VENDITE>
    <CSUD_VENDITE>4375,392000</CSUD_VENDITE>
    <NORD_VENDITE>19225,419000</NORD_VENDITE>
    <SARD_VENDITE>850,235000</SARD_VENDITE>
    <SICI_VENDITE>1022,130000</SICI_VENDITE>
    <SUD_VENDITE>2045,737000</SUD_VENDITE>
    <AUST_VENDITE>20,000000</AUST_VENDITE>
    <BRNN_VENDITE>1334,097000</BRNN_VENDITE>
    <COAC_VENDITE>0,000000</COAC_VENDITE>
    <CORS_VENDITE>0,000000</CORS_VENDITE>
    <FOGN_VENDITE>563,389000</FOGN_VENDITE>
    <FRAN_VENDITE>99,000000</FRAN_VENDITE>
    <GREC_VENDITE>497,000000</GREC_VENDITE>
    <MFTV_VENDITE>0,000000</MFTV_VENDITE>
    <PRGP_VENDITE>69,734000</PRGP_VENDITE>
    <ROSN_VENDITE>1142,351000</ROSN_VENDITE>
    <SLOV_VENDITE>0,000000</SLOV_VENDITE>
    <SVIZ_VENDITE>2283,000000</SVIZ_VENDITE>
    <BSP_VENDITE>488,000000</BSP_VENDITE>
    <MALT_VENDITE>0,000000</MALT_VENDITE>
    <XAUS_VENDITE>219,000000</XAUS_VENDITE>
    <XFRA_VENDITE>2008,000000</XFRA_VENDITE>
    <TOTITABSP_VENDITE>37077,411</TOTITABSP_VENDITE>
    <TOTITABSP_ACQUISTI>39304,411</TOTITABSP_ACQUISTI>
  </Quantita>
  <Quantita>
    <Data>20180416</Data>
    <Mercato>MGP</Mercato>
    <Ora>11</Ora>
    <TOTALE_ACQUISTI>39021,795</TOTALE_ACQUISTI>
    <NAT_ACQUISTI>39021,795000</NAT_ACQUISTI>
    <CNOR_ACQUISTI>4258,820000</CNOR_ACQUISTI>
    <CSUD_ACQUISTI>5792,670000</CSUD_ACQUISTI>
    <NORD_ACQUISTI>23099,376000</NORD_ACQUISTI>
    <SARD_ACQUISTI>1023,100000</SARD_ACQUISTI>
    <SICI_ACQUISTI>2011,625000</SICI_ACQUISTI>
    <SUD_ACQUISTI>2677,204000</SUD_ACQUISTI>
    <AUST_ACQUISTI>0,000000</AUST_ACQUISTI>
    <BRNN_ACQUISTI>0,000000</BRNN_ACQUISTI>
    <COAC_ACQUISTI>25,000000</COAC_ACQUISTI>
    <CORS_ACQUISTI>5,000000</CORS_ACQUISTI>
    <FOGN_ACQUISTI>0,000000</FOGN_ACQUISTI>
    <FRAN_ACQUISTI>0,000000</FRAN_ACQUISTI>
    <GREC_ACQUISTI>0,000000</GREC_ACQUISTI>
    <MFTV_ACQUISTI>0,000000</MFTV_ACQUISTI>
    <PRGP_ACQUISTI>0,000000</PRGP_ACQUISTI>
    <ROSN_ACQUISTI>0,000000</ROSN_ACQUISTI>
    <SLOV_ACQUISTI>0,000000</SLOV_ACQUISTI>
    <SVIZ_ACQUISTI>0,000000</SVIZ_ACQUISTI>
    <BSP_ACQUISTI>0,000000</BSP_ACQUISTI>
    <MALT_ACQUISTI>129,000000</MALT_ACQUISTI>
    <XAUS_ACQUISTI>0,000000</XAUS_ACQUISTI>
    <XFRA_ACQUISTI>0,000000</XFRA_ACQUISTI>
    <TOTALE_VENDITE>36306,795</TOTALE_VENDITE>
    <NAT_VENDITE>39021,795000</NAT_VENDITE>
    <CNOR_VENDITE>3188,429000</CNOR_VENDITE>
    <CSUD_VENDITE>4405,585000</CSUD_VENDITE>
    <NORD_VENDITE>18215,110000</NORD_VENDITE>
    <SARD_VENDITE>951,604000</SARD_VENDITE>
    <SICI_VENDITE>1175,701000</SICI_VENDITE>
    <SUD_VENDITE>2425,285000</SUD_VENDITE>
    <AUST_VENDITE>20,000000</AUST_VENDITE>
    <BRNN_VENDITE>1329,979000</BRNN_VENDITE>
    <COAC_VENDITE>0,000000</COAC_VENDITE>
    <CORS_VENDITE>0,000000</CORS_VENDITE>
    <FOGN_VENDITE>564,871000</FOGN_VENDITE>
    <FRAN_VENDITE>99,000000</FRAN_VENDITE>
    <GREC_VENDITE>497,000000</GREC_VENDITE>
    <MFTV_VENDITE>0,000000</MFTV_VENDITE>
    <PRGP_VENDITE>5,999000</PRGP_VENDITE>
    <ROSN_VENDITE>1145,232000</ROSN_VENDITE>
    <SLOV_VENDITE>0,000000</SLOV_VENDITE>
    <SVIZ_VENDITE>2283,000000</SVIZ_VENDITE>
    <BSP_VENDITE>488,000000</BSP_VENDITE>
    <MALT_VENDITE>0,000000</MALT_VENDITE>
    <XAUS_VENDITE>219,000000</XAUS_VENDITE>
    <XFRA_VENDITE>2008,000000</XFRA_VENDITE>
    <TOTITABSP_VENDITE>36794,795</TOTITABSP_VENDITE>
    <TOTITABSP_ACQUISTI>39021,795</TOTITABSP_ACQUISTI>
  </Quantita>
  <Quantita>
    <Data>20180416</Data>
    <Mercato>MGP</Mercato>
    <Ora>12</Ora>
    <TOTALE_ACQUISTI>38549,43</TOTALE_ACQUISTI>
    <NAT_ACQUISTI>38549,430000</NAT_ACQUISTI>
    <CNOR_ACQUISTI>4216,965000</CNOR_ACQUISTI>
    <CSUD_ACQUISTI>5739,666000</CSUD_ACQUISTI>
    <NORD_ACQUISTI>22834,185000</NORD_ACQUISTI>
    <SARD_ACQUISTI>983,069000</SARD_ACQUISTI>
    <SICI_ACQUISTI>1962,325000</SICI_ACQUISTI>
    <SUD_ACQUISTI>2639,220000</SUD_ACQUISTI>
    <AUST_ACQUISTI>0,000000</AUST_ACQUISTI>
    <BRNN_ACQUISTI>0,000000</BRNN_ACQUISTI>
    <COAC_ACQUISTI>20,000000</COAC_ACQUISTI>
    <CORS_ACQUISTI>5,000000</CORS_ACQUISTI>
    <FOGN_ACQUISTI>0,000000</FOGN_ACQUISTI>
    <FRAN_ACQUISTI>0,000000</FRAN_ACQUISTI>
    <GREC_ACQUISTI>20,000000</GREC_ACQUISTI>
    <MFTV_ACQUISTI>0,000000</MFTV_ACQUISTI>
    <PRGP_ACQUISTI>0,000000</PRGP_ACQUISTI>
    <ROSN_ACQUISTI>0,000000</ROSN_ACQUISTI>
    <SLOV_ACQUISTI>0,000000</SLOV_ACQUISTI>
    <SVIZ_ACQUISTI>0,000000</SVIZ_ACQUISTI>
    <BSP_ACQUISTI>0,000000</BSP_ACQUISTI>
    <MALT_ACQUISTI>129,000000</MALT_ACQUISTI>
    <XAUS_ACQUISTI>0,000000</XAUS_ACQUISTI>
    <XFRA_ACQUISTI>0,000000</XFRA_ACQUISTI>
    <TOTALE_VENDITE>35834,43</TOTALE_VENDITE>
    <NAT_VENDITE>38549,430000</NAT_VENDITE>
    <CNOR_VENDITE>3274,599000</CNOR_VENDITE>
    <CSUD_VENDITE>4544,110000</CSUD_VENDITE>
    <NORD_VENDITE>17283,955000</NORD_VENDITE>
    <SARD_VENDITE>1061,822000</SARD_VENDITE>
    <SICI_VENDITE>1287,038000</SICI_VENDITE>
    <SUD_VENDITE>2655,790000</SUD_VENDITE>
    <AUST_VENDITE>20,000000</AUST_VENDITE>
    <BRNN_VENDITE>1323,409000</BRNN_VENDITE>
    <COAC_VENDITE>0,000000</COAC_VENDITE>
    <CORS_VENDITE>0,000000</CORS_VENDITE>
    <FOGN_VENDITE>563,963000</FOGN_VENDITE>
    <FRAN_VENDITE>99,000000</FRAN_VENDITE>
    <GREC_VENDITE>282,000000</GREC_VENDITE>
    <MFTV_VENDITE>0,000000</MFTV_VENDITE>
    <PRGP_VENDITE>6,481000</PRGP_VENDITE>
    <ROSN_VENDITE>1149,263000</ROSN_VENDITE>
    <SLOV_VENDITE>0,000000</SLOV_VENDITE>
    <SVIZ_VENDITE>2283,000000</SVIZ_VENDITE>
    <BSP_VENDITE>488,000000</BSP_VENDITE>
    <MALT_VENDITE>0,000000</MALT_VENDITE>
    <XAUS_VENDITE>219,000000</XAUS_VENDITE>
    <XFRA_VENDITE>2008,000000</XFRA_VENDITE>
    <TOTITABSP_VENDITE>36322,43</TOTITABSP_VENDITE>
    <TOTITABSP_ACQUISTI>38549,43</TOTITABSP_ACQUISTI>
  </Quantita>
  <Quantita>
    <Data>20180416</Data>
    <Mercato>MGP</Mercato>
    <Ora>13</Ora>
    <TOTALE_ACQUISTI>36791,814</TOTALE_ACQUISTI>
    <NAT_ACQUISTI>36791,814000</NAT_ACQUISTI>
    <CNOR_ACQUISTI>3976,495000</CNOR_ACQUISTI>
    <CSUD_ACQUISTI>5733,231000</CSUD_ACQUISTI>
    <NORD_ACQUISTI>21235,857000</NORD_ACQUISTI>
    <SARD_ACQUISTI>967,992000</SARD_ACQUISTI>
    <SICI_ACQUISTI>1937,381000</SICI_ACQUISTI>
    <SUD_ACQUISTI>2652,858000</SUD_ACQUISTI>
    <AUST_ACQUISTI>0,000000</AUST_ACQUISTI>
    <BRNN_ACQUISTI>0,000000</BRNN_ACQUISTI>
    <COAC_ACQUISTI>20,000000</COAC_ACQUISTI>
    <CORS_ACQUISTI>5,000000</CORS_ACQUISTI>
    <FOGN_ACQUISTI>0,000000</FOGN_ACQUISTI>
    <FRAN_ACQUISTI>0,000000</FRAN_ACQUISTI>
    <GREC_ACQUISTI>135,000000</GREC_ACQUISTI>
    <MFTV_ACQUISTI>0,000000</MFTV_ACQUISTI>
    <PRGP_ACQUISTI>0,000000</PRGP_ACQUISTI>
    <ROSN_ACQUISTI>0,000000</ROSN_ACQUISTI>
    <SLOV_ACQUISTI>0,000000</SLOV_ACQUISTI>
    <SVIZ_ACQUISTI>0,000000</SVIZ_ACQUISTI>
    <BSP_ACQUISTI>0,000000</BSP_ACQUISTI>
    <MALT_ACQUISTI>128,000000</MALT_ACQUISTI>
    <XAUS_ACQUISTI>0,000000</XAUS_ACQUISTI>
    <XFRA_ACQUISTI>0,000000</XFRA_ACQUISTI>
    <TOTALE_VENDITE>33938,814</TOTALE_VENDITE>
    <NAT_VENDITE>36791,814000</NAT_VENDITE>
    <CNOR_VENDITE>2927,857000</CNOR_VENDITE>
    <CSUD_VENDITE>4256,631000</CSUD_VENDITE>
    <NORD_VENDITE>16249,681000</NORD_VENDITE>
    <SARD_VENDITE>1165,626000</SARD_VENDITE>
    <SICI_VENDITE>1335,335000</SICI_VENDITE>
    <SUD_VENDITE>2901,458000</SUD_VENDITE>
    <AUST_VENDITE>20,000000</AUST_VENDITE>
    <BRNN_VENDITE>1322,531000</BRNN_VENDITE>
    <COAC_VENDITE>0,000000</COAC_VENDITE>
    <CORS_VENDITE>0,000000</CORS_VENDITE>
    <FOGN_VENDITE>484,748000</FOGN_VENDITE>
    <FRAN_VENDITE>99,000000</FRAN_VENDITE>
    <GREC_VENDITE>145,000000</GREC_VENDITE>
    <MFTV_VENDITE>0,000000</MFTV_VENDITE>
    <PRGP_VENDITE>6,552000</PRGP_VENDITE>
    <ROSN_VENDITE>644,395000</ROSN_VENDITE>
    <SLOV_VENDITE>0,000000</SLOV_VENDITE>
    <SVIZ_VENDITE>2380,000000</SVIZ_VENDITE>
    <BSP_VENDITE>513,000000</BSP_VENDITE>
    <MALT_VENDITE>0,000000</MALT_VENDITE>
    <XAUS_VENDITE>227,000000</XAUS_VENDITE>
    <XFRA_VENDITE>2113,000000</XFRA_VENDITE>
    <TOTITABSP_VENDITE>34451,814</TOTITABSP_VENDITE>
    <TOTITABSP_ACQUISTI>36791,814</TOTITABSP_ACQUISTI>
  </Quantita>
  <Quantita>
    <Data>20180416</Data>
    <Mercato>MGP</Mercato>
    <Ora>14</Ora>
    <TOTALE_ACQUISTI>36681,878</TOTALE_ACQUISTI>
    <NAT_ACQUISTI>36681,878000</NAT_ACQUISTI>
    <CNOR_ACQUISTI>3890,882000</CNOR_ACQUISTI>
    <CSUD_ACQUISTI>5572,242000</CSUD_ACQUISTI>
    <NORD_ACQUISTI>21472,026000</NORD_ACQUISTI>
    <SARD_ACQUISTI>938,964000</SARD_ACQUISTI>
    <SICI_ACQUISTI>1891,255000</SICI_ACQUISTI>
    <SUD_ACQUISTI>2539,509000</SUD_ACQUISTI>
    <AUST_ACQUISTI>0,000000</AUST_ACQUISTI>
    <BRNN_ACQUISTI>0,000000</BRNN_ACQUISTI>
    <COAC_ACQUISTI>20,000000</COAC_ACQUISTI>
    <CORS_ACQUISTI>5,000000</CORS_ACQUISTI>
    <FOGN_ACQUISTI>0,000000</FOGN_ACQUISTI>
    <FRAN_ACQUISTI>0,000000</FRAN_ACQUISTI>
    <GREC_ACQUISTI>223,000000</GREC_ACQUISTI>
    <MFTV_ACQUISTI>0,000000</MFTV_ACQUISTI>
    <PRGP_ACQUISTI>0,000000</PRGP_ACQUISTI>
    <ROSN_ACQUISTI>0,000000</ROSN_ACQUISTI>
    <SLOV_ACQUISTI>0,000000</SLOV_ACQUISTI>
    <SVIZ_ACQUISTI>0,000000</SVIZ_ACQUISTI>
    <BSP_ACQUISTI>0,000000</BSP_ACQUISTI>
    <MALT_ACQUISTI>129,000000</MALT_ACQUISTI>
    <XAUS_ACQUISTI>0,000000</XAUS_ACQUISTI>
    <XFRA_ACQUISTI>0,000000</XFRA_ACQUISTI>
    <TOTALE_VENDITE>33828,878</TOTALE_VENDITE>
    <NAT_VENDITE>36681,878000</NAT_VENDITE>
    <CNOR_VENDITE>2923,609000</CNOR_VENDITE>
    <CSUD_VENDITE>4056,265000</CSUD_VENDITE>
    <NORD_VENDITE>16116,387000</NORD_VENDITE>
    <SARD_VENDITE>1219,386000</SARD_VENDITE>
    <SICI_VENDITE>1417,734000</SICI_VENDITE>
    <SUD_VENDITE>2986,611000</SUD_VENDITE>
    <AUST_VENDITE>20,000000</AUST_VENDITE>
    <BRNN_VENDITE>1324,679000</BRNN_VENDITE>
    <COAC_VENDITE>0,000000</COAC_VENDITE>
    <CORS_VENDITE>0,000000</CORS_VENDITE>
    <FOGN_VENDITE>483,703000</FOGN_VENDITE>
    <FRAN_VENDITE>99,000000</FRAN_VENDITE>
    <GREC_VENDITE>143,000000</GREC_VENDITE>
    <MFTV_VENDITE>0,000000</MFTV_VENDITE>
    <PRGP_VENDITE>6,201000</PRGP_VENDITE>
    <ROSN_VENDITE>652,303000</ROSN_VENDITE>
    <SLOV_VENDITE>0,000000</SLOV_VENDITE>
    <SVIZ_VENDITE>2380,000000</SVIZ_VENDITE>
    <BSP_VENDITE>513,000000</BSP_VENDITE>
    <MALT_VENDITE>0,000000</MALT_VENDITE>
    <XAUS_VENDITE>227,000000</XAUS_VENDITE>
    <XFRA_VENDITE>2113,000000</XFRA_VENDITE>
    <TOTITABSP_VENDITE>34341,878</TOTITABSP_VENDITE>
    <TOTITABSP_ACQUISTI>36681,878</TOTITABSP_ACQUISTI>
  </Quantita>
  <Quantita>
    <Data>20180416</Data>
    <Mercato>MGP</Mercato>
    <Ora>15</Ora>
    <TOTALE_ACQUISTI>37397,921</TOTALE_ACQUISTI>
    <NAT_ACQUISTI>37397,921000</NAT_ACQUISTI>
    <CNOR_ACQUISTI>4065,759000</CNOR_ACQUISTI>
    <CSUD_ACQUISTI>5588,217000</CSUD_ACQUISTI>
    <NORD_ACQUISTI>22210,071000</NORD_ACQUISTI>
    <SARD_ACQUISTI>914,000000</SARD_ACQUISTI>
    <SICI_ACQUISTI>1882,954000</SICI_ACQUISTI>
    <SUD_ACQUISTI>2469,920000</SUD_ACQUISTI>
    <AUST_ACQUISTI>0,000000</AUST_ACQUISTI>
    <BRNN_ACQUISTI>0,000000</BRNN_ACQUISTI>
    <COAC_ACQUISTI>30,000000</COAC_ACQUISTI>
    <CORS_ACQUISTI>5,000000</CORS_ACQUISTI>
    <FOGN_ACQUISTI>0,000000</FOGN_ACQUISTI>
    <FRAN_ACQUISTI>0,000000</FRAN_ACQUISTI>
    <GREC_ACQUISTI>138,000000</GREC_ACQUISTI>
    <MFTV_ACQUISTI>0,000000</MFTV_ACQUISTI>
    <PRGP_ACQUISTI>0,000000</PRGP_ACQUISTI>
    <ROSN_ACQUISTI>0,000000</ROSN_ACQUISTI>
    <SLOV_ACQUISTI>0,000000</SLOV_ACQUISTI>
    <SVIZ_ACQUISTI>0,000000</SVIZ_ACQUISTI>
    <BSP_ACQUISTI>0,000000</BSP_ACQUISTI>
    <MALT_ACQUISTI>94,000000</MALT_ACQUISTI>
    <XAUS_ACQUISTI>0,000000</XAUS_ACQUISTI>
    <XFRA_ACQUISTI>0,000000</XFRA_ACQUISTI>
    <TOTALE_VENDITE>34544,921</TOTALE_VENDITE>
    <NAT_VENDITE>37397,921000</NAT_VENDITE>
    <CNOR_VENDITE>2883,168000</CNOR_VENDITE>
    <CSUD_VENDITE>4458,392000</CSUD_VENDITE>
    <NORD_VENDITE>16346,673000</NORD_VENDITE>
    <SARD_VENDITE>1221,247000</SARD_VENDITE>
    <SICI_VENDITE>1473,221000</SICI_VENDITE>
    <SUD_VENDITE>2905,574000</SUD_VENDITE>
    <AUST_VENDITE>20,000000</AUST_VENDITE>
    <BRNN_VENDITE>1327,107000</BRNN_VENDITE>
    <COAC_VENDITE>0,000000</COAC_VENDITE>
    <CORS_VENDITE>0,000000</CORS_VENDITE>
    <FOGN_VENDITE>530,426000</FOGN_VENDITE>
    <FRAN_VENDITE>99,000000</FRAN_VENDITE>
    <GREC_VENDITE>157,000000</GREC_VENDITE>
    <MFTV_VENDITE>0,000000</MFTV_VENDITE>
    <PRGP_VENDITE>5,282000</PRGP_VENDITE>
    <ROSN_VENDITE>737,831000</ROSN_VENDITE>
    <SLOV_VENDITE>0,000000</SLOV_VENDITE>
    <SVIZ_VENDITE>2380,000000</SVIZ_VENDITE>
    <BSP_VENDITE>513,000000</BSP_VENDITE>
    <MALT_VENDITE>0,000000</MALT_VENDITE>
    <XAUS_VENDITE>227,000000</XAUS_VENDITE>
    <XFRA_VENDITE>2113,000000</XFRA_VENDITE>
    <TOTITABSP_VENDITE>35057,921</TOTITABSP_VENDITE>
    <TOTITABSP_ACQUISTI>37397,921</TOTITABSP_ACQUISTI>
  </Quantita>
  <Quantita>
    <Data>20180416</Data>
    <Mercato>MGP</Mercato>
    <Ora>16</Ora>
    <TOTALE_ACQUISTI>37799,288</TOTALE_ACQUISTI>
    <NAT_ACQUISTI>37799,288000</NAT_ACQUISTI>
    <CNOR_ACQUISTI>4144,634000</CNOR_ACQUISTI>
    <CSUD_ACQUISTI>5647,094000</CSUD_ACQUISTI>
    <NORD_ACQUISTI>22404,826000</NORD_ACQUISTI>
    <SARD_ACQUISTI>926,825000</SARD_ACQUISTI>
    <SICI_ACQUISTI>1901,731000</SICI_ACQUISTI>
    <SUD_ACQUISTI>2499,178000</SUD_ACQUISTI>
    <AUST_ACQUISTI>0,000000</AUST_ACQUISTI>
    <BRNN_ACQUISTI>0,000000</BRNN_ACQUISTI>
    <COAC_ACQUISTI>29,000000</COAC_ACQUISTI>
    <CORS_ACQUISTI>5,000000</CORS_ACQUISTI>
    <FOGN_ACQUISTI>0,000000</FOGN_ACQUISTI>
    <FRAN_ACQUISTI>0,000000</FRAN_ACQUISTI>
    <GREC_ACQUISTI>145,000000</GREC_ACQUISTI>
    <MFTV_ACQUISTI>0,000000</MFTV_ACQUISTI>
    <PRGP_ACQUISTI>0,000000</PRGP_ACQUISTI>
    <ROSN_ACQUISTI>0,000000</ROSN_ACQUISTI>
    <SLOV_ACQUISTI>0,000000</SLOV_ACQUISTI>
    <SVIZ_ACQUISTI>0,000000</SVIZ_ACQUISTI>
    <BSP_ACQUISTI>0,000000</BSP_ACQUISTI>
    <MALT_ACQUISTI>96,000000</MALT_ACQUISTI>
    <XAUS_ACQUISTI>0,000000</XAUS_ACQUISTI>
    <XFRA_ACQUISTI>0,000000</XFRA_ACQUISTI>
    <TOTALE_VENDITE>34290,288</TOTALE_VENDITE>
    <NAT_VENDITE>37799,288000</NAT_VENDITE>
    <CNOR_VENDITE>2824,890000</CNOR_VENDITE>
    <CSUD_VENDITE>4177,177000</CSUD_VENDITE>
    <NORD_VENDITE>16191,773000</NORD_VENDITE>
    <SARD_VENDITE>1186,873000</SARD_VENDITE>
    <SICI_VENDITE>1422,286000</SICI_VENDITE>
    <SUD_VENDITE>2660,373000</SUD_VENDITE>
    <AUST_VENDITE>20,000000</AUST_VENDITE>
    <BRNN_VENDITE>1324,713000</BRNN_VENDITE>
    <COAC_VENDITE>0,000000</COAC_VENDITE>
    <CORS_VENDITE>0,000000</CORS_VENDITE>
    <FOGN_VENDITE>687,094000</FOGN_VENDITE>
    <FRAN_VENDITE>99,000000</FRAN_VENDITE>
    <GREC_VENDITE>185,000000</GREC_VENDITE>
    <MFTV_VENDITE>0,000000</MFTV_VENDITE>
    <PRGP_VENDITE>4,147000</PRGP_VENDITE>
    <ROSN_VENDITE>664,962000</ROSN_VENDITE>
    <SLOV_VENDITE>0,000000</SLOV_VENDITE>
    <SVIZ_VENDITE>2842,000000</SVIZ_VENDITE>
    <BSP_VENDITE>629,000000</BSP_VENDITE>
    <MALT_VENDITE>0,000000</MALT_VENDITE>
    <XAUS_VENDITE>263,000000</XAUS_VENDITE>
    <XFRA_VENDITE>2617,000000</XFRA_VENDITE>
    <TOTITABSP_VENDITE>34919,288</TOTITABSP_VENDITE>
    <TOTITABSP_ACQUISTI>37799,288</TOTITABSP_ACQUISTI>
  </Quantita>
  <Quantita>
    <Data>20180416</Data>
    <Mercato>MGP</Mercato>
    <Ora>17</Ora>
    <TOTALE_ACQUISTI>37739,554</TOTALE_ACQUISTI>
    <NAT_ACQUISTI>37739,554000</NAT_ACQUISTI>
    <CNOR_ACQUISTI>4174,579000</CNOR_ACQUISTI>
    <CSUD_ACQUISTI>5668,771000</CSUD_ACQUISTI>
    <NORD_ACQUISTI>22268,104000</NORD_ACQUISTI>
    <SARD_ACQUISTI>939,042000</SARD_ACQUISTI>
    <SICI_ACQUISTI>1966,913000</SICI_ACQUISTI>
    <SUD_ACQUISTI>2563,145000</SUD_ACQUISTI>
    <AUST_ACQUISTI>0,000000</AUST_ACQUISTI>
    <BRNN_ACQUISTI>0,000000</BRNN_ACQUISTI>
    <COAC_ACQUISTI>26,000000</COAC_ACQUISTI>
    <CORS_ACQUISTI>5,000000</CORS_ACQUISTI>
    <FOGN_ACQUISTI>0,000000</FOGN_ACQUISTI>
    <FRAN_ACQUISTI>0,000000</FRAN_ACQUISTI>
    <GREC_ACQUISTI>30,000000</GREC_ACQUISTI>
    <MFTV_ACQUISTI>0,000000</MFTV_ACQUISTI>
    <PRGP_ACQUISTI>0,000000</PRGP_ACQUISTI>
    <ROSN_ACQUISTI>0,000000</ROSN_ACQUISTI>
    <SLOV_ACQUISTI>0,000000</SLOV_ACQUISTI>
    <SVIZ_ACQUISTI>0,000000</SVIZ_ACQUISTI>
    <BSP_ACQUISTI>0,000000</BSP_ACQUISTI>
    <MALT_ACQUISTI>98,000000</MALT_ACQUISTI>
    <XAUS_ACQUISTI>0,000000</XAUS_ACQUISTI>
    <XFRA_ACQUISTI>0,000000</XFRA_ACQUISTI>
    <TOTALE_VENDITE>34230,554</TOTALE_VENDITE>
    <NAT_VENDITE>37739,554000</NAT_VENDITE>
    <CNOR_VENDITE>2712,449000</CNOR_VENDITE>
    <CSUD_VENDITE>4357,631000</CSUD_VENDITE>
    <NORD_VENDITE>16271,082000</NORD_VENDITE>
    <SARD_VENDITE>1135,276000</SARD_VENDITE>
    <SICI_VENDITE>1350,649000</SICI_VENDITE>
    <SUD_VENDITE>2484,741000</SUD_VENDITE>
    <AUST_VENDITE>20,000000</AUST_VENDITE>
    <BRNN_VENDITE>1278,201000</BRNN_VENDITE>
    <COAC_VENDITE>0,000000</COAC_VENDITE>
    <CORS_VENDITE>0,000000</CORS_VENDITE>
    <FOGN_VENDITE>686,359000</FOGN_VENDITE>
    <FRAN_VENDITE>99,000000</FRAN_VENDITE>
    <GREC_VENDITE>244,000000</GREC_VENDITE>
    <MFTV_VENDITE>0,000000</MFTV_VENDITE>
    <PRGP_VENDITE>2,983000</PRGP_VENDITE>
    <ROSN_VENDITE>746,183000</ROSN_VENDITE>
    <SLOV_VENDITE>0,000000</SLOV_VENDITE>
    <SVIZ_VENDITE>2842,000000</SVIZ_VENDITE>
    <BSP_VENDITE>629,000000</BSP_VENDITE>
    <MALT_VENDITE>0,000000</MALT_VENDITE>
    <XAUS_VENDITE>263,000000</XAUS_VENDITE>
    <XFRA_VENDITE>2617,000000</XFRA_VENDITE>
    <TOTITABSP_VENDITE>34859,554</TOTITABSP_VENDITE>
    <TOTITABSP_ACQUISTI>37739,554</TOTITABSP_ACQUISTI>
  </Quantita>
  <Quantita>
    <Data>20180416</Data>
    <Mercato>MGP</Mercato>
    <Ora>18</Ora>
    <TOTALE_ACQUISTI>37229,691</TOTALE_ACQUISTI>
    <NAT_ACQUISTI>37229,691000</NAT_ACQUISTI>
    <CNOR_ACQUISTI>4095,742000</CNOR_ACQUISTI>
    <CSUD_ACQUISTI>5658,183000</CSUD_ACQUISTI>
    <NORD_ACQUISTI>21686,749000</NORD_ACQUISTI>
    <SARD_ACQUISTI>973,407000</SARD_ACQUISTI>
    <SICI_ACQUISTI>2007,780000</SICI_ACQUISTI>
    <SUD_ACQUISTI>2654,830000</SUD_ACQUISTI>
    <AUST_ACQUISTI>0,000000</AUST_ACQUISTI>
    <BRNN_ACQUISTI>0,000000</BRNN_ACQUISTI>
    <COAC_ACQUISTI>23,000000</COAC_ACQUISTI>
    <CORS_ACQUISTI>5,000000</CORS_ACQUISTI>
    <FOGN_ACQUISTI>0,000000</FOGN_ACQUISTI>
    <FRAN_ACQUISTI>0,000000</FRAN_ACQUISTI>
    <GREC_ACQUISTI>10,000000</GREC_ACQUISTI>
    <MFTV_ACQUISTI>0,000000</MFTV_ACQUISTI>
    <PRGP_ACQUISTI>0,000000</PRGP_ACQUISTI>
    <ROSN_ACQUISTI>0,000000</ROSN_ACQUISTI>
    <SLOV_ACQUISTI>0,000000</SLOV_ACQUISTI>
    <SVIZ_ACQUISTI>0,000000</SVIZ_ACQUISTI>
    <BSP_ACQUISTI>0,000000</BSP_ACQUISTI>
    <MALT_ACQUISTI>115,000000</MALT_ACQUISTI>
    <XAUS_ACQUISTI>0,000000</XAUS_ACQUISTI>
    <XFRA_ACQUISTI>0,000000</XFRA_ACQUISTI>
    <TOTALE_VENDITE>33720,691</TOTALE_VENDITE>
    <NAT_VENDITE>37229,691000</NAT_VENDITE>
    <CNOR_VENDITE>2565,729000</CNOR_VENDITE>
    <CSUD_VENDITE>4307,122000</CSUD_VENDITE>
    <NORD_VENDITE>16567,237000</NORD_VENDITE>
    <SARD_VENDITE>1056,930000</SARD_VENDITE>
    <SICI_VENDITE>1201,599000</SICI_VENDITE>
    <SUD_VENDITE>2022,150000</SUD_VENDITE>
    <AUST_VENDITE>20,000000</AUST_VENDITE>
    <BRNN_VENDITE>1307,886000</BRNN_VENDITE>
    <COAC_VENDITE>0,000000</COAC_VENDITE>
    <CORS_VENDITE>0,000000</CORS_VENDITE>
    <FOGN_VENDITE>683,394000</FOGN_VENDITE>
    <FRAN_VENDITE>99,000000</FRAN_VENDITE>
    <GREC_VENDITE>220,000000</GREC_VENDITE>
    <MFTV_VENDITE>0,000000</MFTV_VENDITE>
    <PRGP_VENDITE>1,811000</PRGP_VENDITE>
    <ROSN_VENDITE>825,833000</ROSN_VENDITE>
    <SLOV_VENDITE>0,000000</SLOV_VENDITE>
    <SVIZ_VENDITE>2842,000000</SVIZ_VENDITE>
    <BSP_VENDITE>629,000000</BSP_VENDITE>
    <MALT_VENDITE>0,000000</MALT_VENDITE>
    <XAUS_VENDITE>263,000000</XAUS_VENDITE>
    <XFRA_VENDITE>2617,000000</XFRA_VENDITE>
    <TOTITABSP_VENDITE>34349,691</TOTITABSP_VENDITE>
    <TOTITABSP_ACQUISTI>37229,691</TOTITABSP_ACQUISTI>
  </Quantita>
  <Quantita>
    <Data>20180416</Data>
    <Mercato>MGP</Mercato>
    <Ora>19</Ora>
    <TOTALE_ACQUISTI>37137,393</TOTALE_ACQUISTI>
    <NAT_ACQUISTI>37146,393000</NAT_ACQUISTI>
    <CNOR_ACQUISTI>4029,237000</CNOR_ACQUISTI>
    <CSUD_ACQUISTI>5688,500000</CSUD_ACQUISTI>
    <NORD_ACQUISTI>21370,838000</NORD_ACQUISTI>
    <SARD_ACQUISTI>1013,908000</SARD_ACQUISTI>
    <SICI_ACQUISTI>2081,487000</SICI_ACQUISTI>
    <SUD_ACQUISTI>2760,423000</SUD_ACQUISTI>
    <AUST_ACQUISTI>0,000000</AUST_ACQUISTI>
    <BRNN_ACQUISTI>0,000000</BRNN_ACQUISTI>
    <COAC_ACQUISTI>34,000000</COAC_ACQUISTI>
    <CORS_ACQUISTI>19,000000</CORS_ACQUISTI>
    <FOGN_ACQUISTI>0,000000</FOGN_ACQUISTI>
    <FRAN_ACQUISTI>0,000000</FRAN_ACQUISTI>
    <GREC_ACQUISTI>10,000000</GREC_ACQUISTI>
    <MFTV_ACQUISTI>0,000000</MFTV_ACQUISTI>
    <PRGP_ACQUISTI>0,000000</PRGP_ACQUISTI>
    <ROSN_ACQUISTI>0,000000</ROSN_ACQUISTI>
    <SLOV_ACQUISTI>0,000000</SLOV_ACQUISTI>
    <SVIZ_ACQUISTI>0,000000</SVIZ_ACQUISTI>
    <BSP_ACQUISTI>0,000000</BSP_ACQUISTI>
    <MALT_ACQUISTI>130,000000</MALT_ACQUISTI>
    <XAUS_ACQUISTI>0,000000</XAUS_ACQUISTI>
    <XFRA_ACQUISTI>0,000000</XFRA_ACQUISTI>
    <TOTALE_VENDITE>33657,393</TOTALE_VENDITE>
    <NAT_VENDITE>37146,393000</NAT_VENDITE>
    <CNOR_VENDITE>2773,634000</CNOR_VENDITE>
    <CSUD_VENDITE>4210,833000</CSUD_VENDITE>
    <NORD_VENDITE>16576,994000</NORD_VENDITE>
    <SARD_VENDITE>932,532000</SARD_VENDITE>
    <SICI_VENDITE>1060,593000</SICI_VENDITE>
    <SUD_VENDITE>1694,784000</SUD_VENDITE>
    <AUST_VENDITE>20,000000</AUST_VENDITE>
    <BRNN_VENDITE>1306,741000</BRNN_VENDITE>
    <COAC_VENDITE>0,000000</COAC_VENDITE>
    <CORS_VENDITE>0,000000</CORS_VENDITE>
    <FOGN_VENDITE>681,056000</FOGN_VENDITE>
    <FRAN_VENDITE>99,000000</FRAN_VENDITE>
    <GREC_VENDITE>430,000000</GREC_VENDITE>
    <MFTV_VENDITE>0,000000</MFTV_VENDITE>
    <PRGP_VENDITE>50,894000</PRGP_VENDITE>
    <ROSN_VENDITE>999,332000</ROSN_VENDITE>
    <SLOV_VENDITE>0,000000</SLOV_VENDITE>
    <SVIZ_VENDITE>2821,000000</SVIZ_VENDITE>
    <BSP_VENDITE>624,000000</BSP_VENDITE>
    <MALT_VENDITE>0,000000</MALT_VENDITE>
    <XAUS_VENDITE>262,000000</XAUS_VENDITE>
    <XFRA_VENDITE>2594,000000</XFRA_VENDITE>
    <TOTITABSP_VENDITE>34281,393</TOTITABSP_VENDITE>
    <TOTITABSP_ACQUISTI>37137,393</TOTITABSP_ACQUISTI>
  </Quantita>
  <Quantita>
    <Data>20180416</Data>
    <Mercato>MGP</Mercato>
    <Ora>20</Ora>
    <TOTALE_ACQUISTI>37663,805</TOTALE_ACQUISTI>
    <NAT_ACQUISTI>37684,954000</NAT_ACQUISTI>
    <CNOR_ACQUISTI>4075,105000</CNOR_ACQUISTI>
    <CSUD_ACQUISTI>6028,324000</CSUD_ACQUISTI>
    <NORD_ACQUISTI>21168,215000</NORD_ACQUISTI>
    <SARD_ACQUISTI>1048,339000</SARD_ACQUISTI>
    <SICI_ACQUISTI>2212,017000</SICI_ACQUISTI>
    <SUD_ACQUISTI>2942,805000</SUD_ACQUISTI>
    <AUST_ACQUISTI>0,000000</AUST_ACQUISTI>
    <BRNN_ACQUISTI>0,000000</BRNN_ACQUISTI>
    <COAC_ACQUISTI>48,000000</COAC_ACQUISTI>
    <CORS_ACQUISTI>19,000000</CORS_ACQUISTI>
    <FOGN_ACQUISTI>0,000000</FOGN_ACQUISTI>
    <FRAN_ACQUISTI>0,000000</FRAN_ACQUISTI>
    <GREC_ACQUISTI>0,000000</GREC_ACQUISTI>
    <MFTV_ACQUISTI>0,000000</MFTV_ACQUISTI>
    <PRGP_ACQUISTI>0,000000</PRGP_ACQUISTI>
    <ROSN_ACQUISTI>0,000000</ROSN_ACQUISTI>
    <SLOV_ACQUISTI>0,000000</SLOV_ACQUISTI>
    <SVIZ_ACQUISTI>0,000000</SVIZ_ACQUISTI>
    <BSP_ACQUISTI>0,000000</BSP_ACQUISTI>
    <MALT_ACQUISTI>122,000000</MALT_ACQUISTI>
    <XAUS_ACQUISTI>0,000000</XAUS_ACQUISTI>
    <XFRA_ACQUISTI>0,000000</XFRA_ACQUISTI>
    <TOTALE_VENDITE>34281,805</TOTALE_VENDITE>
    <NAT_VENDITE>37684,954000</NAT_VENDITE>
    <CNOR_VENDITE>2552,044000</CNOR_VENDITE>
    <CSUD_VENDITE>3976,176000</CSUD_VENDITE>
    <NORD_VENDITE>17477,254000</NORD_VENDITE>
    <SARD_VENDITE>794,752000</SARD_VENDITE>
    <SICI_VENDITE>1168,955000</SICI_VENDITE>
    <SUD_VENDITE>1330,948000</SUD_VENDITE>
    <AUST_VENDITE>20,000000</AUST_VENDITE>
    <BRNN_VENDITE>1305,818000</BRNN_VENDITE>
    <COAC_VENDITE>0,000000</COAC_VENDITE>
    <CORS_VENDITE>0,000000</CORS_VENDITE>
    <FOGN_VENDITE>972,185000</FOGN_VENDITE>
    <FRAN_VENDITE>99,000000</FRAN_VENDITE>
    <GREC_VENDITE>411,000000</GREC_VENDITE>
    <MFTV_VENDITE>0,000000</MFTV_VENDITE>
    <PRGP_VENDITE>65,062000</PRGP_VENDITE>
    <ROSN_VENDITE>1190,611000</ROSN_VENDITE>
    <SLOV_VENDITE>0,000000</SLOV_VENDITE>
    <SVIZ_VENDITE>2918,000000</SVIZ_VENDITE>
    <BSP_VENDITE>607,000000</BSP_VENDITE>
    <MALT_VENDITE>0,000000</MALT_VENDITE>
    <XAUS_VENDITE>256,000000</XAUS_VENDITE>
    <XFRA_VENDITE>2519,000000</XFRA_VENDITE>
    <TOTITABSP_VENDITE>34888,805</TOTITABSP_VENDITE>
    <TOTITABSP_ACQUISTI>37663,805</TOTITABSP_ACQUISTI>
  </Quantita>
  <Quantita>
    <Data>20180416</Data>
    <Mercato>MGP</Mercato>
    <Ora>21</Ora>
    <TOTALE_ACQUISTI>38772,881</TOTALE_ACQUISTI>
    <NAT_ACQUISTI>38772,881000</NAT_ACQUISTI>
    <CNOR_ACQUISTI>4138,001000</CNOR_ACQUISTI>
    <CSUD_ACQUISTI>6318,839000</CSUD_ACQUISTI>
    <NORD_ACQUISTI>21395,968000</NORD_ACQUISTI>
    <SARD_ACQUISTI>1133,919000</SARD_ACQUISTI>
    <SICI_ACQUISTI>2386,169000</SICI_ACQUISTI>
    <SUD_ACQUISTI>3198,985000</SUD_ACQUISTI>
    <AUST_ACQUISTI>0,000000</AUST_ACQUISTI>
    <BRNN_ACQUISTI>0,000000</BRNN_ACQUISTI>
    <COAC_ACQUISTI>35,000000</COAC_ACQUISTI>
    <CORS_ACQUISTI>39,000000</CORS_ACQUISTI>
    <FOGN_ACQUISTI>0,000000</FOGN_ACQUISTI>
    <FRAN_ACQUISTI>0,000000</FRAN_ACQUISTI>
    <GREC_ACQUISTI>0,000000</GREC_ACQUISTI>
    <MFTV_ACQUISTI>0,000000</MFTV_ACQUISTI>
    <PRGP_ACQUISTI>0,000000</PRGP_ACQUISTI>
    <ROSN_ACQUISTI>0,000000</ROSN_ACQUISTI>
    <SLOV_ACQUISTI>0,000000</SLOV_ACQUISTI>
    <SVIZ_ACQUISTI>0,000000</SVIZ_ACQUISTI>
    <BSP_ACQUISTI>0,000000</BSP_ACQUISTI>
    <MALT_ACQUISTI>127,000000</MALT_ACQUISTI>
    <XAUS_ACQUISTI>0,000000</XAUS_ACQUISTI>
    <XFRA_ACQUISTI>0,000000</XFRA_ACQUISTI>
    <TOTALE_VENDITE>35390,881</TOTALE_VENDITE>
    <NAT_VENDITE>38772,881000</NAT_VENDITE>
    <CNOR_VENDITE>2563,601000</CNOR_VENDITE>
    <CSUD_VENDITE>4189,690000</CSUD_VENDITE>
    <NORD_VENDITE>18149,754000</NORD_VENDITE>
    <SARD_VENDITE>755,544000</SARD_VENDITE>
    <SICI_VENDITE>1155,787000</SICI_VENDITE>
    <SUD_VENDITE>1369,540000</SUD_VENDITE>
    <AUST_VENDITE>20,000000</AUST_VENDITE>
    <BRNN_VENDITE>1308,168000</BRNN_VENDITE>
    <COAC_VENDITE>0,000000</COAC_VENDITE>
    <CORS_VENDITE>0,000000</CORS_VENDITE>
    <FOGN_VENDITE>946,419000</FOGN_VENDITE>
    <FRAN_VENDITE>99,000000</FRAN_VENDITE>
    <GREC_VENDITE>465,000000</GREC_VENDITE>
    <MFTV_VENDITE>0,000000</MFTV_VENDITE>
    <PRGP_VENDITE>257,382000</PRGP_VENDITE>
    <ROSN_VENDITE>1192,996000</ROSN_VENDITE>
    <SLOV_VENDITE>0,000000</SLOV_VENDITE>
    <SVIZ_VENDITE>2918,000000</SVIZ_VENDITE>
    <BSP_VENDITE>607,000000</BSP_VENDITE>
    <MALT_VENDITE>0,000000</MALT_VENDITE>
    <XAUS_VENDITE>256,000000</XAUS_VENDITE>
    <XFRA_VENDITE>2519,000000</XFRA_VENDITE>
    <TOTITABSP_VENDITE>35997,881</TOTITABSP_VENDITE>
    <TOTITABSP_ACQUISTI>38772,881</TOTITABSP_ACQUISTI>
  </Quantita>
  <Quantita>
    <Data>20180416</Data>
    <Mercato>MGP</Mercato>
    <Ora>22</Ora>
    <TOTALE_ACQUISTI>36640,63</TOTALE_ACQUISTI>
    <NAT_ACQUISTI>36674,630000</NAT_ACQUISTI>
    <CNOR_ACQUISTI>3928,552000</CNOR_ACQUISTI>
    <CSUD_ACQUISTI>5917,154000</CSUD_ACQUISTI>
    <NORD_ACQUISTI>20316,882000</NORD_ACQUISTI>
    <SARD_ACQUISTI>1084,371000</SARD_ACQUISTI>
    <SICI_ACQUISTI>2247,577000</SICI_ACQUISTI>
    <SUD_ACQUISTI>2968,094000</SUD_ACQUISTI>
    <AUST_ACQUISTI>0,000000</AUST_ACQUISTI>
    <BRNN_ACQUISTI>0,000000</BRNN_ACQUISTI>
    <COAC_ACQUISTI>42,000000</COAC_ACQUISTI>
    <CORS_ACQUISTI>39,000000</CORS_ACQUISTI>
    <FOGN_ACQUISTI>0,000000</FOGN_ACQUISTI>
    <FRAN_ACQUISTI>0,000000</FRAN_ACQUISTI>
    <GREC_ACQUISTI>0,000000</GREC_ACQUISTI>
    <MFTV_ACQUISTI>0,000000</MFTV_ACQUISTI>
    <PRGP_ACQUISTI>0,000000</PRGP_ACQUISTI>
    <ROSN_ACQUISTI>0,000000</ROSN_ACQUISTI>
    <SLOV_ACQUISTI>0,000000</SLOV_ACQUISTI>
    <SVIZ_ACQUISTI>0,000000</SVIZ_ACQUISTI>
    <BSP_ACQUISTI>0,000000</BSP_ACQUISTI>
    <MALT_ACQUISTI>97,000000</MALT_ACQUISTI>
    <XAUS_ACQUISTI>0,000000</XAUS_ACQUISTI>
    <XFRA_ACQUISTI>0,000000</XFRA_ACQUISTI>
    <TOTALE_VENDITE>33309,63</TOTALE_VENDITE>
    <NAT_VENDITE>36674,630000</NAT_VENDITE>
    <CNOR_VENDITE>2567,533000</CNOR_VENDITE>
    <CSUD_VENDITE>3975,813000</CSUD_VENDITE>
    <NORD_VENDITE>16706,490000</NORD_VENDITE>
    <SARD_VENDITE>750,125000</SARD_VENDITE>
    <SICI_VENDITE>1152,679000</SICI_VENDITE>
    <SUD_VENDITE>1422,684000</SUD_VENDITE>
    <AUST_VENDITE>20,000000</AUST_VENDITE>
    <BRNN_VENDITE>1311,565000</BRNN_VENDITE>
    <COAC_VENDITE>0,000000</COAC_VENDITE>
    <CORS_VENDITE>0,000000</CORS_VENDITE>
    <FOGN_VENDITE>748,152000</FOGN_VENDITE>
    <FRAN_VENDITE>99,000000</FRAN_VENDITE>
    <GREC_VENDITE>387,000000</GREC_VENDITE>
    <MFTV_VENDITE>0,000000</MFTV_VENDITE>
    <PRGP_VENDITE>91,898000</PRGP_VENDITE>
    <ROSN_VENDITE>1196,691000</ROSN_VENDITE>
    <SLOV_VENDITE>0,000000</SLOV_VENDITE>
    <SVIZ_VENDITE>2880,000000</SVIZ_VENDITE>
    <BSP_VENDITE>598,000000</BSP_VENDITE>
    <MALT_VENDITE>0,000000</MALT_VENDITE>
    <XAUS_VENDITE>253,000000</XAUS_VENDITE>
    <XFRA_VENDITE>2480,000000</XFRA_VENDITE>
    <TOTITABSP_VENDITE>33907,63</TOTITABSP_VENDITE>
    <TOTITABSP_ACQUISTI>36640,63</TOTITABSP_ACQUISTI>
  </Quantita>
  <Quantita>
    <Data>20180416</Data>
    <Mercato>MGP</Mercato>
    <Ora>23</Ora>
    <TOTALE_ACQUISTI>33327,885</TOTALE_ACQUISTI>
    <NAT_ACQUISTI>33370,885000</NAT_ACQUISTI>
    <CNOR_ACQUISTI>3537,378000</CNOR_ACQUISTI>
    <CSUD_ACQUISTI>5345,432000</CSUD_ACQUISTI>
    <NORD_ACQUISTI>18538,543000</NORD_ACQUISTI>
    <SARD_ACQUISTI>1001,411000</SARD_ACQUISTI>
    <SICI_ACQUISTI>2042,150000</SICI_ACQUISTI>
    <SUD_ACQUISTI>2690,971000</SUD_ACQUISTI>
    <AUST_ACQUISTI>0,000000</AUST_ACQUISTI>
    <BRNN_ACQUISTI>0,000000</BRNN_ACQUISTI>
    <COAC_ACQUISTI>49,000000</COAC_ACQUISTI>
    <CORS_ACQUISTI>39,000000</CORS_ACQUISTI>
    <FOGN_ACQUISTI>0,000000</FOGN_ACQUISTI>
    <FRAN_ACQUISTI>0,000000</FRAN_ACQUISTI>
    <GREC_ACQUISTI>20,000000</GREC_ACQUISTI>
    <MFTV_ACQUISTI>0,000000</MFTV_ACQUISTI>
    <PRGP_ACQUISTI>0,000000</PRGP_ACQUISTI>
    <ROSN_ACQUISTI>0,000000</ROSN_ACQUISTI>
    <SLOV_ACQUISTI>0,000000</SLOV_ACQUISTI>
    <SVIZ_ACQUISTI>0,000000</SVIZ_ACQUISTI>
    <BSP_ACQUISTI>0,000000</BSP_ACQUISTI>
    <MALT_ACQUISTI>64,000000</MALT_ACQUISTI>
    <XAUS_ACQUISTI>0,000000</XAUS_ACQUISTI>
    <XFRA_ACQUISTI>0,000000</XFRA_ACQUISTI>
    <TOTALE_VENDITE>29996,885</TOTALE_VENDITE>
    <NAT_VENDITE>33370,885000</NAT_VENDITE>
    <CNOR_VENDITE>2202,650000</CNOR_VENDITE>
    <CSUD_VENDITE>3842,277000</CSUD_VENDITE>
    <NORD_VENDITE>14824,677000</NORD_VENDITE>
    <SARD_VENDITE>703,201000</SARD_VENDITE>
    <SICI_VENDITE>941,150000</SICI_VENDITE>
    <SUD_VENDITE>1431,886000</SUD_VENDITE>
    <AUST_VENDITE>20,000000</AUST_VENDITE>
    <BRNN_VENDITE>1175,059000</BRNN_VENDITE>
    <COAC_VENDITE>0,000000</COAC_VENDITE>
    <CORS_VENDITE>0,000000</CORS_VENDITE>
    <FOGN_VENDITE>690,449000</FOGN_VENDITE>
    <FRAN_VENDITE>99,000000</FRAN_VENDITE>
    <GREC_VENDITE>305,000000</GREC_VENDITE>
    <MFTV_VENDITE>0,000000</MFTV_VENDITE>
    <PRGP_VENDITE>65,000000</PRGP_VENDITE>
    <ROSN_VENDITE>816,536000</ROSN_VENDITE>
    <SLOV_VENDITE>0,000000</SLOV_VENDITE>
    <SVIZ_VENDITE>2880,000000</SVIZ_VENDITE>
    <BSP_VENDITE>598,000000</BSP_VENDITE>
    <MALT_VENDITE>0,000000</MALT_VENDITE>
    <XAUS_VENDITE>253,000000</XAUS_VENDITE>
    <XFRA_VENDITE>2480,000000</XFRA_VENDITE>
    <TOTITABSP_VENDITE>30594,885</TOTITABSP_VENDITE>
    <TOTITABSP_ACQUISTI>33327,885</TOTITABSP_ACQUISTI>
  </Quantita>
  <Quantita>
    <Data>20180416</Data>
    <Mercato>MGP</Mercato>
    <Ora>24</Ora>
    <TOTALE_ACQUISTI>30293,281</TOTALE_ACQUISTI>
    <NAT_ACQUISTI>30302,565000</NAT_ACQUISTI>
    <CNOR_ACQUISTI>3227,096000</CNOR_ACQUISTI>
    <CSUD_ACQUISTI>4744,185000</CSUD_ACQUISTI>
    <NORD_ACQUISTI>16978,873000</NORD_ACQUISTI>
    <SARD_ACQUISTI>913,227000</SARD_ACQUISTI>
    <SICI_ACQUISTI>1829,882000</SICI_ACQUISTI>
    <SUD_ACQUISTI>2368,018000</SUD_ACQUISTI>
    <AUST_ACQUISTI>0,000000</AUST_ACQUISTI>
    <BRNN_ACQUISTI>0,000000</BRNN_ACQUISTI>
    <COAC_ACQUISTI>66,000000</COAC_ACQUISTI>
    <CORS_ACQUISTI>39,000000</CORS_ACQUISTI>
    <FOGN_ACQUISTI>0,000000</FOGN_ACQUISTI>
    <FRAN_ACQUISTI>0,000000</FRAN_ACQUISTI>
    <GREC_ACQUISTI>53,000000</GREC_ACQUISTI>
    <MFTV_ACQUISTI>0,000000</MFTV_ACQUISTI>
    <PRGP_ACQUISTI>0,000000</PRGP_ACQUISTI>
    <ROSN_ACQUISTI>0,000000</ROSN_ACQUISTI>
    <SLOV_ACQUISTI>0,000000</SLOV_ACQUISTI>
    <SVIZ_ACQUISTI>0,000000</SVIZ_ACQUISTI>
    <BSP_ACQUISTI>0,000000</BSP_ACQUISTI>
    <MALT_ACQUISTI>74,000000</MALT_ACQUISTI>
    <XAUS_ACQUISTI>0,000000</XAUS_ACQUISTI>
    <XFRA_ACQUISTI>0,000000</XFRA_ACQUISTI>
    <TOTALE_VENDITE>26906,281</TOTALE_VENDITE>
    <NAT_VENDITE>30302,565000</NAT_VENDITE>
    <CNOR_VENDITE>2159,714000</CNOR_VENDITE>
    <CSUD_VENDITE>3170,804000</CSUD_VENDITE>
    <NORD_VENDITE>13364,445000</NORD_VENDITE>
    <SARD_VENDITE>668,248000</SARD_VENDITE>
    <SICI_VENDITE>776,657000</SICI_VENDITE>
    <SUD_VENDITE>1509,569000</SUD_VENDITE>
    <AUST_VENDITE>20,000000</AUST_VENDITE>
    <BRNN_VENDITE>1052,180000</BRNN_VENDITE>
    <COAC_VENDITE>0,000000</COAC_VENDITE>
    <CORS_VENDITE>0,000000</CORS_VENDITE>
    <FOGN_VENDITE>314,677000</FOGN_VENDITE>
    <FRAN_VENDITE>99,000000</FRAN_VENDITE>
    <GREC_VENDITE>356,000000</GREC_VENDITE>
    <MFTV_VENDITE>0,000000</MFTV_VENDITE>
    <PRGP_VENDITE>27,225000</PRGP_VENDITE>
    <ROSN_VENDITE>568,762000</ROSN_VENDITE>
    <SLOV_VENDITE>0,000000</SLOV_VENDITE>
    <SVIZ_VENDITE>2819,000000</SVIZ_VENDITE>
    <BSP_VENDITE>555,000000</BSP_VENDITE>
    <MALT_VENDITE>0,000000</MALT_VENDITE>
    <XAUS_VENDITE>252,000000</XAUS_VENDITE>
    <XFRA_VENDITE>2580,000000</XFRA_VENDITE>
    <TOTITABSP_VENDITE>27461,281</TOTITABSP_VENDITE>
    <TOTITABSP_ACQUISTI>30293,281</TOTITABSP_ACQUISTI>
  </Quantita>
</NewDataSet>