<?xml version="1.0" standalone="yes"?>
<NewDataSet>
  <xs:schema id="NewDataSet" xmlns="" xmlns:xs="http://www.w3.org/2001/XMLSchema" xmlns:msdata="urn:schemas-microsoft-com:xml-msdata">
    <xs:element name="NewDataSet" msdata:IsDataSet="true" msdata:UseCurrentLocale="true">
      <xs:complexType>
        <xs:choice minOccurs="0" maxOccurs="unbounded">
          <xs:element name="Quantita">
            <xs:complexType>
              <xs:sequence>
                <xs:element name="Data" type="xs:string" minOccurs="0" />
                <xs:element name="Mercato" type="xs:string" minOccurs="0" />
                <xs:element name="Ora" type="xs:string" minOccurs="0" />
                <xs:element name="TOTALE_ACQUISTI" type="xs:string" minOccurs="0" />
                <xs:element name="NAT_ACQUISTI" type="xs:string" minOccurs="0" />
                <xs:element name="CNOR_ACQUISTI" type="xs:string" minOccurs="0" />
                <xs:element name="CSUD_ACQUISTI" type="xs:string" minOccurs="0" />
                <xs:element name="NORD_ACQUISTI" type="xs:string" minOccurs="0" />
                <xs:element name="SARD_ACQUISTI" type="xs:string" minOccurs="0" />
                <xs:element name="SICI_ACQUISTI" type="xs:string" minOccurs="0" />
                <xs:element name="SUD_ACQUISTI" type="xs:string" minOccurs="0" />
                <xs:element name="AUST_ACQUISTI" type="xs:string" minOccurs="0" />
                <xs:element name="BRNN_ACQUISTI" type="xs:string" minOccurs="0" />
                <xs:element name="COAC_ACQUISTI" type="xs:string" minOccurs="0" />
                <xs:element name="CORS_ACQUISTI" type="xs:string" minOccurs="0" />
                <xs:element name="FOGN_ACQUISTI" type="xs:string" minOccurs="0" />
                <xs:element name="FRAN_ACQUISTI" type="xs:string" minOccurs="0" />
                <xs:element name="GREC_ACQUISTI" type="xs:string" minOccurs="0" />
                <xs:element name="MFTV_ACQUISTI" type="xs:string" minOccurs="0" />
                <xs:element name="PRGP_ACQUISTI" type="xs:string" minOccurs="0" />
                <xs:element name="ROSN_ACQUISTI" type="xs:string" minOccurs="0" />
                <xs:element name="SLOV_ACQUISTI" type="xs:string" minOccurs="0" />
                <xs:element name="SVIZ_ACQUISTI" type="xs:string" minOccurs="0" />
                <xs:element name="BSP_ACQUISTI" type="xs:string" minOccurs="0" />
                <xs:element name="MALT_ACQUISTI" type="xs:string" minOccurs="0" />
                <xs:element name="XAUS_ACQUISTI" type="xs:string" minOccurs="0" />
                <xs:element name="XFRA_ACQUISTI" type="xs:string" minOccurs="0" />
                <xs:element name="TOTALE_VENDITE" type="xs:string" minOccurs="0" />
                <xs:element name="NAT_VENDITE" type="xs:string" minOccurs="0" />
                <xs:element name="CNOR_VENDITE" type="xs:string" minOccurs="0" />
                <xs:element name="CSUD_VENDITE" type="xs:string" minOccurs="0" />
                <xs:element name="NORD_VENDITE" type="xs:string" minOccurs="0" />
                <xs:element name="SARD_VENDITE" type="xs:string" minOccurs="0" />
                <xs:element name="SICI_VENDITE" type="xs:string" minOccurs="0" />
                <xs:element name="SUD_VENDITE" type="xs:string" minOccurs="0" />
                <xs:element name="AUST_VENDITE" type="xs:string" minOccurs="0" />
                <xs:element name="BRNN_VENDITE" type="xs:string" minOccurs="0" />
                <xs:element name="COAC_VENDITE" type="xs:string" minOccurs="0" />
                <xs:element name="CORS_VENDITE" type="xs:string" minOccurs="0" />
                <xs:element name="FOGN_VENDITE" type="xs:string" minOccurs="0" />
                <xs:element name="FRAN_VENDITE" type="xs:string" minOccurs="0" />
                <xs:element name="GREC_VENDITE" type="xs:string" minOccurs="0" />
                <xs:element name="MFTV_VENDITE" type="xs:string" minOccurs="0" />
                <xs:element name="PRGP_VENDITE" type="xs:string" minOccurs="0" />
                <xs:element name="ROSN_VENDITE" type="xs:string" minOccurs="0" />
                <xs:element name="SLOV_VENDITE" type="xs:string" minOccurs="0" />
                <xs:element name="SVIZ_VENDITE" type="xs:string" minOccurs="0" />
                <xs:element name="BSP_VENDITE" type="xs:string" minOccurs="0" />
                <xs:element name="MALT_VENDITE" type="xs:string" minOccurs="0" />
                <xs:element name="XAUS_VENDITE" type="xs:string" minOccurs="0" />
                <xs:element name="XFRA_VENDITE" type="xs:string" minOccurs="0" />
                <xs:element name="TOTITABSP_VENDITE" msdata:ReadOnly="true" msdata:Expression="Convert(TOTALE_VENDITE, System.Double) + Convert(BSP_VENDITE,System.Double)" type="xs:string" minOccurs="0" />
                <xs:element name="TOTITABSP_ACQUISTI" msdata:ReadOnly="true" msdata:Expression="Convert(TOTALE_ACQUISTI, System.Double) + Convert(BSP_ACQUISTI, System.Double)" type="xs:string" minOccurs="0" />
              </xs:sequence>
            </xs:complexType>
          </xs:element>
        </xs:choice>
      </xs:complexType>
    </xs:element>
  </xs:schema>
  <Quantita>
    <Data>20180427</Data>
    <Mercato>MGP</Mercato>
    <Ora>1</Ora>
    <TOTALE_ACQUISTI>27611,799</TOTALE_ACQUISTI>
    <NAT_ACQUISTI>27628,799000</NAT_ACQUISTI>
    <CNOR_ACQUISTI>2858,937000</CNOR_ACQUISTI>
    <CSUD_ACQUISTI>4208,399000</CSUD_ACQUISTI>
    <NORD_ACQUISTI>15717,009000</NORD_ACQUISTI>
    <SARD_ACQUISTI>871,899000</SARD_ACQUISTI>
    <SICI_ACQUISTI>1645,535000</SICI_ACQUISTI>
    <SUD_ACQUISTI>2213,020000</SUD_ACQUISTI>
    <AUST_ACQUISTI>0,000000</AUST_ACQUISTI>
    <BRNN_ACQUISTI>0,000000</BRNN_ACQUISTI>
    <COAC_ACQUISTI>0,000000</COAC_ACQUISTI>
    <CORS_ACQUISTI>15,000000</CORS_ACQUISTI>
    <FOGN_ACQUISTI>0,000000</FOGN_ACQUISTI>
    <FRAN_ACQUISTI>0,000000</FRAN_ACQUISTI>
    <GREC_ACQUISTI>0,000000</GREC_ACQUISTI>
    <MFTV_ACQUISTI>0,000000</MFTV_ACQUISTI>
    <PRGP_ACQUISTI>0,000000</PRGP_ACQUISTI>
    <ROSN_ACQUISTI>0,000000</ROSN_ACQUISTI>
    <SLOV_ACQUISTI>0,000000</SLOV_ACQUISTI>
    <SVIZ_ACQUISTI>50,000000</SVIZ_ACQUISTI>
    <BSP_ACQUISTI>0,000000</BSP_ACQUISTI>
    <MALT_ACQUISTI>32,000000</MALT_ACQUISTI>
    <XAUS_ACQUISTI>0,000000</XAUS_ACQUISTI>
    <XFRA_ACQUISTI>0,000000</XFRA_ACQUISTI>
    <TOTALE_VENDITE>24165,717</TOTALE_VENDITE>
    <NAT_VENDITE>27628,799000</NAT_VENDITE>
    <CNOR_VENDITE>1558,937000</CNOR_VENDITE>
    <CSUD_VENDITE>1704,245000</CSUD_VENDITE>
    <NORD_VENDITE>12051,677000</NORD_VENDITE>
    <SARD_VENDITE>697,384000</SARD_VENDITE>
    <SICI_VENDITE>999,599000</SICI_VENDITE>
    <SUD_VENDITE>756,883000</SUD_VENDITE>
    <AUST_VENDITE>20,000000</AUST_VENDITE>
    <BRNN_VENDITE>1360,821000</BRNN_VENDITE>
    <COAC_VENDITE>0,000000</COAC_VENDITE>
    <CORS_VENDITE>0,000000</CORS_VENDITE>
    <FOGN_VENDITE>278,587000</FOGN_VENDITE>
    <FRAN_VENDITE>99,000000</FRAN_VENDITE>
    <GREC_VENDITE>500,000000</GREC_VENDITE>
    <MFTV_VENDITE>0,000000</MFTV_VENDITE>
    <PRGP_VENDITE>285,702000</PRGP_VENDITE>
    <ROSN_VENDITE>2,632000</ROSN_VENDITE>
    <SLOV_VENDITE>0,000000</SLOV_VENDITE>
    <SVIZ_VENDITE>3850,250000</SVIZ_VENDITE>
    <BSP_VENDITE>663,000000</BSP_VENDITE>
    <MALT_VENDITE>0,000000</MALT_VENDITE>
    <XAUS_VENDITE>275,000000</XAUS_VENDITE>
    <XFRA_VENDITE>2508,082000</XFRA_VENDITE>
    <TOTITABSP_VENDITE>24828,717</TOTITABSP_VENDITE>
    <TOTITABSP_ACQUISTI>27611,799</TOTITABSP_ACQUISTI>
  </Quantita>
  <Quantita>
    <Data>20180427</Data>
    <Mercato>MGP</Mercato>
    <Ora>2</Ora>
    <TOTALE_ACQUISTI>26365,217</TOTALE_ACQUISTI>
    <NAT_ACQUISTI>26335,706000</NAT_ACQUISTI>
    <CNOR_ACQUISTI>2729,572000</CNOR_ACQUISTI>
    <CSUD_ACQUISTI>3884,154000</CSUD_ACQUISTI>
    <NORD_ACQUISTI>15139,343000</NORD_ACQUISTI>
    <SARD_ACQUISTI>818,638000</SARD_ACQUISTI>
    <SICI_ACQUISTI>1512,759000</SICI_ACQUISTI>
    <SUD_ACQUISTI>2038,751000</SUD_ACQUISTI>
    <AUST_ACQUISTI>0,000000</AUST_ACQUISTI>
    <BRNN_ACQUISTI>0,000000</BRNN_ACQUISTI>
    <COAC_ACQUISTI>0,000000</COAC_ACQUISTI>
    <CORS_ACQUISTI>13,000000</CORS_ACQUISTI>
    <FOGN_ACQUISTI>0,000000</FOGN_ACQUISTI>
    <FRAN_ACQUISTI>0,000000</FRAN_ACQUISTI>
    <GREC_ACQUISTI>128,000000</GREC_ACQUISTI>
    <MFTV_ACQUISTI>0,000000</MFTV_ACQUISTI>
    <PRGP_ACQUISTI>0,000000</PRGP_ACQUISTI>
    <ROSN_ACQUISTI>0,000000</ROSN_ACQUISTI>
    <SLOV_ACQUISTI>0,000000</SLOV_ACQUISTI>
    <SVIZ_ACQUISTI>50,000000</SVIZ_ACQUISTI>
    <BSP_ACQUISTI>0,000000</BSP_ACQUISTI>
    <MALT_ACQUISTI>51,000000</MALT_ACQUISTI>
    <XAUS_ACQUISTI>0,000000</XAUS_ACQUISTI>
    <XFRA_ACQUISTI>0,000000</XFRA_ACQUISTI>
    <TOTALE_VENDITE>23561,906</TOTALE_VENDITE>
    <NAT_VENDITE>26335,706000</NAT_VENDITE>
    <CNOR_VENDITE>1529,834000</CNOR_VENDITE>
    <CSUD_VENDITE>1664,823000</CSUD_VENDITE>
    <NORD_VENDITE>11972,770000</NORD_VENDITE>
    <SARD_VENDITE>703,188000</SARD_VENDITE>
    <SICI_VENDITE>872,816000</SICI_VENDITE>
    <SUD_VENDITE>742,225000</SUD_VENDITE>
    <AUST_VENDITE>20,000000</AUST_VENDITE>
    <BRNN_VENDITE>1426,762000</BRNN_VENDITE>
    <COAC_VENDITE>0,000000</COAC_VENDITE>
    <CORS_VENDITE>0,000000</CORS_VENDITE>
    <FOGN_VENDITE>151,575000</FOGN_VENDITE>
    <FRAN_VENDITE>99,000000</FRAN_VENDITE>
    <GREC_VENDITE>481,000000</GREC_VENDITE>
    <MFTV_VENDITE>0,000000</MFTV_VENDITE>
    <PRGP_VENDITE>0,000000</PRGP_VENDITE>
    <ROSN_VENDITE>3,913000</ROSN_VENDITE>
    <SLOV_VENDITE>0,000000</SLOV_VENDITE>
    <SVIZ_VENDITE>3894,000000</SVIZ_VENDITE>
    <BSP_VENDITE>663,000000</BSP_VENDITE>
    <MALT_VENDITE>0,000000</MALT_VENDITE>
    <XAUS_VENDITE>275,000000</XAUS_VENDITE>
    <XFRA_VENDITE>1865,311000</XFRA_VENDITE>
    <TOTITABSP_VENDITE>24224,906</TOTITABSP_VENDITE>
    <TOTITABSP_ACQUISTI>26365,217</TOTITABSP_ACQUISTI>
  </Quantita>
  <Quantita>
    <Data>20180427</Data>
    <Mercato>MGP</Mercato>
    <Ora>3</Ora>
    <TOTALE_ACQUISTI>25731,17</TOTALE_ACQUISTI>
    <NAT_ACQUISTI>25762,170000</NAT_ACQUISTI>
    <CNOR_ACQUISTI>2638,366000</CNOR_ACQUISTI>
    <CSUD_ACQUISTI>3719,512000</CSUD_ACQUISTI>
    <NORD_ACQUISTI>14754,337000</NORD_ACQUISTI>
    <SARD_ACQUISTI>800,267000</SARD_ACQUISTI>
    <SICI_ACQUISTI>1446,435000</SICI_ACQUISTI>
    <SUD_ACQUISTI>1970,253000</SUD_ACQUISTI>
    <AUST_ACQUISTI>0,000000</AUST_ACQUISTI>
    <BRNN_ACQUISTI>0,000000</BRNN_ACQUISTI>
    <COAC_ACQUISTI>0,000000</COAC_ACQUISTI>
    <CORS_ACQUISTI>5,000000</CORS_ACQUISTI>
    <FOGN_ACQUISTI>0,000000</FOGN_ACQUISTI>
    <FRAN_ACQUISTI>0,000000</FRAN_ACQUISTI>
    <GREC_ACQUISTI>303,000000</GREC_ACQUISTI>
    <MFTV_ACQUISTI>0,000000</MFTV_ACQUISTI>
    <PRGP_ACQUISTI>0,000000</PRGP_ACQUISTI>
    <ROSN_ACQUISTI>0,000000</ROSN_ACQUISTI>
    <SLOV_ACQUISTI>0,000000</SLOV_ACQUISTI>
    <SVIZ_ACQUISTI>50,000000</SVIZ_ACQUISTI>
    <BSP_ACQUISTI>0,000000</BSP_ACQUISTI>
    <MALT_ACQUISTI>44,000000</MALT_ACQUISTI>
    <XAUS_ACQUISTI>0,000000</XAUS_ACQUISTI>
    <XFRA_ACQUISTI>0,000000</XFRA_ACQUISTI>
    <TOTALE_VENDITE>23243,989</TOTALE_VENDITE>
    <NAT_VENDITE>25762,170000</NAT_VENDITE>
    <CNOR_VENDITE>1591,209000</CNOR_VENDITE>
    <CSUD_VENDITE>1474,188000</CSUD_VENDITE>
    <NORD_VENDITE>11751,313000</NORD_VENDITE>
    <SARD_VENDITE>697,396000</SARD_VENDITE>
    <SICI_VENDITE>882,844000</SICI_VENDITE>
    <SUD_VENDITE>758,414000</SUD_VENDITE>
    <AUST_VENDITE>20,000000</AUST_VENDITE>
    <BRNN_VENDITE>1380,831000</BRNN_VENDITE>
    <COAC_VENDITE>0,000000</COAC_VENDITE>
    <CORS_VENDITE>0,000000</CORS_VENDITE>
    <FOGN_VENDITE>201,858000</FOGN_VENDITE>
    <FRAN_VENDITE>99,000000</FRAN_VENDITE>
    <GREC_VENDITE>488,000000</GREC_VENDITE>
    <MFTV_VENDITE>0,000000</MFTV_VENDITE>
    <PRGP_VENDITE>0,000000</PRGP_VENDITE>
    <ROSN_VENDITE>4,936000</ROSN_VENDITE>
    <SLOV_VENDITE>0,000000</SLOV_VENDITE>
    <SVIZ_VENDITE>3894,000000</SVIZ_VENDITE>
    <BSP_VENDITE>663,000000</BSP_VENDITE>
    <MALT_VENDITE>0,000000</MALT_VENDITE>
    <XAUS_VENDITE>275,000000</XAUS_VENDITE>
    <XFRA_VENDITE>1549,181000</XFRA_VENDITE>
    <TOTITABSP_VENDITE>23906,989</TOTITABSP_VENDITE>
    <TOTITABSP_ACQUISTI>25731,17</TOTITABSP_ACQUISTI>
  </Quantita>
  <Quantita>
    <Data>20180427</Data>
    <Mercato>MGP</Mercato>
    <Ora>4</Ora>
    <TOTALE_ACQUISTI>25492,301</TOTALE_ACQUISTI>
    <NAT_ACQUISTI>25546,764000</NAT_ACQUISTI>
    <CNOR_ACQUISTI>2608,776000</CNOR_ACQUISTI>
    <CSUD_ACQUISTI>3643,816000</CSUD_ACQUISTI>
    <NORD_ACQUISTI>14566,873000</NORD_ACQUISTI>
    <SARD_ACQUISTI>788,428000</SARD_ACQUISTI>
    <SICI_ACQUISTI>1445,410000</SICI_ACQUISTI>
    <SUD_ACQUISTI>1943,461000</SUD_ACQUISTI>
    <AUST_ACQUISTI>0,000000</AUST_ACQUISTI>
    <BRNN_ACQUISTI>0,000000</BRNN_ACQUISTI>
    <COAC_ACQUISTI>0,000000</COAC_ACQUISTI>
    <CORS_ACQUISTI>5,000000</CORS_ACQUISTI>
    <FOGN_ACQUISTI>0,000000</FOGN_ACQUISTI>
    <FRAN_ACQUISTI>0,000000</FRAN_ACQUISTI>
    <GREC_ACQUISTI>398,537000</GREC_ACQUISTI>
    <MFTV_ACQUISTI>0,000000</MFTV_ACQUISTI>
    <PRGP_ACQUISTI>0,000000</PRGP_ACQUISTI>
    <ROSN_ACQUISTI>0,000000</ROSN_ACQUISTI>
    <SLOV_ACQUISTI>0,000000</SLOV_ACQUISTI>
    <SVIZ_ACQUISTI>50,000000</SVIZ_ACQUISTI>
    <BSP_ACQUISTI>0,000000</BSP_ACQUISTI>
    <MALT_ACQUISTI>42,000000</MALT_ACQUISTI>
    <XAUS_ACQUISTI>0,000000</XAUS_ACQUISTI>
    <XFRA_ACQUISTI>0,000000</XFRA_ACQUISTI>
    <TOTALE_VENDITE>22962,633</TOTALE_VENDITE>
    <NAT_VENDITE>25546,764000</NAT_VENDITE>
    <CNOR_VENDITE>1593,392000</CNOR_VENDITE>
    <CSUD_VENDITE>1665,845000</CSUD_VENDITE>
    <NORD_VENDITE>11489,589000</NORD_VENDITE>
    <SARD_VENDITE>693,179000</SARD_VENDITE>
    <SICI_VENDITE>882,110000</SICI_VENDITE>
    <SUD_VENDITE>755,932000</SUD_VENDITE>
    <AUST_VENDITE>20,000000</AUST_VENDITE>
    <BRNN_VENDITE>1220,469000</BRNN_VENDITE>
    <COAC_VENDITE>0,000000</COAC_VENDITE>
    <CORS_VENDITE>0,000000</CORS_VENDITE>
    <FOGN_VENDITE>209,731000</FOGN_VENDITE>
    <FRAN_VENDITE>99,000000</FRAN_VENDITE>
    <GREC_VENDITE>434,000000</GREC_VENDITE>
    <MFTV_VENDITE>0,000000</MFTV_VENDITE>
    <PRGP_VENDITE>0,000000</PRGP_VENDITE>
    <ROSN_VENDITE>5,386000</ROSN_VENDITE>
    <SLOV_VENDITE>0,000000</SLOV_VENDITE>
    <SVIZ_VENDITE>3894,000000</SVIZ_VENDITE>
    <BSP_VENDITE>663,000000</BSP_VENDITE>
    <MALT_VENDITE>0,000000</MALT_VENDITE>
    <XAUS_VENDITE>275,000000</XAUS_VENDITE>
    <XFRA_VENDITE>1591,668000</XFRA_VENDITE>
    <TOTITABSP_VENDITE>23625,633</TOTITABSP_VENDITE>
    <TOTITABSP_ACQUISTI>25492,301</TOTITABSP_ACQUISTI>
  </Quantita>
  <Quantita>
    <Data>20180427</Data>
    <Mercato>MGP</Mercato>
    <Ora>5</Ora>
    <TOTALE_ACQUISTI>25585,471</TOTALE_ACQUISTI>
    <NAT_ACQUISTI>25741,971000</NAT_ACQUISTI>
    <CNOR_ACQUISTI>2642,480000</CNOR_ACQUISTI>
    <CSUD_ACQUISTI>3688,331000</CSUD_ACQUISTI>
    <NORD_ACQUISTI>14713,902000</NORD_ACQUISTI>
    <SARD_ACQUISTI>797,218000</SARD_ACQUISTI>
    <SICI_ACQUISTI>1453,479000</SICI_ACQUISTI>
    <SUD_ACQUISTI>1986,061000</SUD_ACQUISTI>
    <AUST_ACQUISTI>0,000000</AUST_ACQUISTI>
    <BRNN_ACQUISTI>0,000000</BRNN_ACQUISTI>
    <COAC_ACQUISTI>0,000000</COAC_ACQUISTI>
    <CORS_ACQUISTI>5,000000</CORS_ACQUISTI>
    <FOGN_ACQUISTI>0,000000</FOGN_ACQUISTI>
    <FRAN_ACQUISTI>0,000000</FRAN_ACQUISTI>
    <GREC_ACQUISTI>198,000000</GREC_ACQUISTI>
    <MFTV_ACQUISTI>0,000000</MFTV_ACQUISTI>
    <PRGP_ACQUISTI>0,000000</PRGP_ACQUISTI>
    <ROSN_ACQUISTI>0,000000</ROSN_ACQUISTI>
    <SLOV_ACQUISTI>0,000000</SLOV_ACQUISTI>
    <SVIZ_ACQUISTI>50,000000</SVIZ_ACQUISTI>
    <BSP_ACQUISTI>0,000000</BSP_ACQUISTI>
    <MALT_ACQUISTI>51,000000</MALT_ACQUISTI>
    <XAUS_ACQUISTI>130,500000</XAUS_ACQUISTI>
    <XFRA_ACQUISTI>0,000000</XFRA_ACQUISTI>
    <TOTALE_VENDITE>22611,971</TOTALE_VENDITE>
    <NAT_VENDITE>25741,971000</NAT_VENDITE>
    <CNOR_VENDITE>1518,354000</CNOR_VENDITE>
    <CSUD_VENDITE>1458,114000</CSUD_VENDITE>
    <NORD_VENDITE>11414,028000</NORD_VENDITE>
    <SARD_VENDITE>685,660000</SARD_VENDITE>
    <SICI_VENDITE>886,550000</SICI_VENDITE>
    <SUD_VENDITE>752,097000</SUD_VENDITE>
    <AUST_VENDITE>20,000000</AUST_VENDITE>
    <BRNN_VENDITE>1382,827000</BRNN_VENDITE>
    <COAC_VENDITE>0,000000</COAC_VENDITE>
    <CORS_VENDITE>0,000000</CORS_VENDITE>
    <FOGN_VENDITE>231,424000</FOGN_VENDITE>
    <FRAN_VENDITE>99,000000</FRAN_VENDITE>
    <GREC_VENDITE>371,000000</GREC_VENDITE>
    <MFTV_VENDITE>0,000000</MFTV_VENDITE>
    <PRGP_VENDITE>0,000000</PRGP_VENDITE>
    <ROSN_VENDITE>11,417000</ROSN_VENDITE>
    <SLOV_VENDITE>0,000000</SLOV_VENDITE>
    <SVIZ_VENDITE>3781,500000</SVIZ_VENDITE>
    <BSP_VENDITE>0,000000</BSP_VENDITE>
    <MALT_VENDITE>0,000000</MALT_VENDITE>
    <XAUS_VENDITE>0,000000</XAUS_VENDITE>
    <XFRA_VENDITE>3104,000000</XFRA_VENDITE>
    <TOTITABSP_VENDITE>22611,971</TOTITABSP_VENDITE>
    <TOTITABSP_ACQUISTI>25585,471</TOTITABSP_ACQUISTI>
  </Quantita>
  <Quantita>
    <Data>20180427</Data>
    <Mercato>MGP</Mercato>
    <Ora>6</Ora>
    <TOTALE_ACQUISTI>26887,78</TOTALE_ACQUISTI>
    <NAT_ACQUISTI>26892,780000</NAT_ACQUISTI>
    <CNOR_ACQUISTI>2758,276000</CNOR_ACQUISTI>
    <CSUD_ACQUISTI>3860,203000</CSUD_ACQUISTI>
    <NORD_ACQUISTI>15618,993000</NORD_ACQUISTI>
    <SARD_ACQUISTI>827,488000</SARD_ACQUISTI>
    <SICI_ACQUISTI>1518,066000</SICI_ACQUISTI>
    <SUD_ACQUISTI>2049,754000</SUD_ACQUISTI>
    <AUST_ACQUISTI>0,000000</AUST_ACQUISTI>
    <BRNN_ACQUISTI>0,000000</BRNN_ACQUISTI>
    <COAC_ACQUISTI>0,000000</COAC_ACQUISTI>
    <CORS_ACQUISTI>5,000000</CORS_ACQUISTI>
    <FOGN_ACQUISTI>0,000000</FOGN_ACQUISTI>
    <FRAN_ACQUISTI>0,000000</FRAN_ACQUISTI>
    <GREC_ACQUISTI>125,000000</GREC_ACQUISTI>
    <MFTV_ACQUISTI>0,000000</MFTV_ACQUISTI>
    <PRGP_ACQUISTI>0,000000</PRGP_ACQUISTI>
    <ROSN_ACQUISTI>0,000000</ROSN_ACQUISTI>
    <SLOV_ACQUISTI>0,000000</SLOV_ACQUISTI>
    <SVIZ_ACQUISTI>50,000000</SVIZ_ACQUISTI>
    <BSP_ACQUISTI>0,000000</BSP_ACQUISTI>
    <MALT_ACQUISTI>75,000000</MALT_ACQUISTI>
    <XAUS_ACQUISTI>0,000000</XAUS_ACQUISTI>
    <XFRA_ACQUISTI>0,000000</XFRA_ACQUISTI>
    <TOTALE_VENDITE>23689,193</TOTALE_VENDITE>
    <NAT_VENDITE>26892,780000</NAT_VENDITE>
    <CNOR_VENDITE>1609,028000</CNOR_VENDITE>
    <CSUD_VENDITE>1529,244000</CSUD_VENDITE>
    <NORD_VENDITE>12050,404000</NORD_VENDITE>
    <SARD_VENDITE>682,495000</SARD_VENDITE>
    <SICI_VENDITE>889,296000</SICI_VENDITE>
    <SUD_VENDITE>754,101000</SUD_VENDITE>
    <AUST_VENDITE>20,000000</AUST_VENDITE>
    <BRNN_VENDITE>1238,076000</BRNN_VENDITE>
    <COAC_VENDITE>0,000000</COAC_VENDITE>
    <CORS_VENDITE>0,000000</CORS_VENDITE>
    <FOGN_VENDITE>331,282000</FOGN_VENDITE>
    <FRAN_VENDITE>99,000000</FRAN_VENDITE>
    <GREC_VENDITE>410,000000</GREC_VENDITE>
    <MFTV_VENDITE>0,000000</MFTV_VENDITE>
    <PRGP_VENDITE>0,000000</PRGP_VENDITE>
    <ROSN_VENDITE>226,017000</ROSN_VENDITE>
    <SLOV_VENDITE>0,000000</SLOV_VENDITE>
    <SVIZ_VENDITE>3850,250000</SVIZ_VENDITE>
    <BSP_VENDITE>663,000000</BSP_VENDITE>
    <MALT_VENDITE>0,000000</MALT_VENDITE>
    <XAUS_VENDITE>275,000000</XAUS_VENDITE>
    <XFRA_VENDITE>2260,587000</XFRA_VENDITE>
    <TOTITABSP_VENDITE>24352,193</TOTITABSP_VENDITE>
    <TOTITABSP_ACQUISTI>26887,78</TOTITABSP_ACQUISTI>
  </Quantita>
  <Quantita>
    <Data>20180427</Data>
    <Mercato>MGP</Mercato>
    <Ora>7</Ora>
    <TOTALE_ACQUISTI>29499,435</TOTALE_ACQUISTI>
    <NAT_ACQUISTI>29499,435000</NAT_ACQUISTI>
    <CNOR_ACQUISTI>3077,717000</CNOR_ACQUISTI>
    <CSUD_ACQUISTI>4208,144000</CSUD_ACQUISTI>
    <NORD_ACQUISTI>17459,744000</NORD_ACQUISTI>
    <SARD_ACQUISTI>891,226000</SARD_ACQUISTI>
    <SICI_ACQUISTI>1580,129000</SICI_ACQUISTI>
    <SUD_ACQUISTI>2147,475000</SUD_ACQUISTI>
    <AUST_ACQUISTI>0,000000</AUST_ACQUISTI>
    <BRNN_ACQUISTI>0,000000</BRNN_ACQUISTI>
    <COAC_ACQUISTI>0,000000</COAC_ACQUISTI>
    <CORS_ACQUISTI>12,000000</CORS_ACQUISTI>
    <FOGN_ACQUISTI>0,000000</FOGN_ACQUISTI>
    <FRAN_ACQUISTI>0,000000</FRAN_ACQUISTI>
    <GREC_ACQUISTI>10,000000</GREC_ACQUISTI>
    <MFTV_ACQUISTI>0,000000</MFTV_ACQUISTI>
    <PRGP_ACQUISTI>0,000000</PRGP_ACQUISTI>
    <ROSN_ACQUISTI>0,000000</ROSN_ACQUISTI>
    <SLOV_ACQUISTI>0,000000</SLOV_ACQUISTI>
    <SVIZ_ACQUISTI>0,000000</SVIZ_ACQUISTI>
    <BSP_ACQUISTI>0,000000</BSP_ACQUISTI>
    <MALT_ACQUISTI>113,000000</MALT_ACQUISTI>
    <XAUS_ACQUISTI>0,000000</XAUS_ACQUISTI>
    <XFRA_ACQUISTI>0,000000</XFRA_ACQUISTI>
    <TOTALE_VENDITE>25808,435</TOTALE_VENDITE>
    <NAT_VENDITE>29499,435000</NAT_VENDITE>
    <CNOR_VENDITE>1892,898000</CNOR_VENDITE>
    <CSUD_VENDITE>1672,177000</CSUD_VENDITE>
    <NORD_VENDITE>13662,563000</NORD_VENDITE>
    <SARD_VENDITE>682,195000</SARD_VENDITE>
    <SICI_VENDITE>894,919000</SICI_VENDITE>
    <SUD_VENDITE>776,304000</SUD_VENDITE>
    <AUST_VENDITE>20,000000</AUST_VENDITE>
    <BRNN_VENDITE>1287,181000</BRNN_VENDITE>
    <COAC_VENDITE>0,000000</COAC_VENDITE>
    <CORS_VENDITE>0,000000</CORS_VENDITE>
    <FOGN_VENDITE>675,485000</FOGN_VENDITE>
    <FRAN_VENDITE>99,000000</FRAN_VENDITE>
    <GREC_VENDITE>327,000000</GREC_VENDITE>
    <MFTV_VENDITE>0,000000</MFTV_VENDITE>
    <PRGP_VENDITE>0,214000</PRGP_VENDITE>
    <ROSN_VENDITE>246,499000</ROSN_VENDITE>
    <SLOV_VENDITE>0,000000</SLOV_VENDITE>
    <SVIZ_VENDITE>3572,000000</SVIZ_VENDITE>
    <BSP_VENDITE>604,000000</BSP_VENDITE>
    <MALT_VENDITE>0,000000</MALT_VENDITE>
    <XAUS_VENDITE>269,000000</XAUS_VENDITE>
    <XFRA_VENDITE>2818,000000</XFRA_VENDITE>
    <TOTITABSP_VENDITE>26412,435</TOTITABSP_VENDITE>
    <TOTITABSP_ACQUISTI>29499,435</TOTITABSP_ACQUISTI>
  </Quantita>
  <Quantita>
    <Data>20180427</Data>
    <Mercato>MGP</Mercato>
    <Ora>8</Ora>
    <TOTALE_ACQUISTI>34347,408</TOTALE_ACQUISTI>
    <NAT_ACQUISTI>34347,408000</NAT_ACQUISTI>
    <CNOR_ACQUISTI>3748,025000</CNOR_ACQUISTI>
    <CSUD_ACQUISTI>4929,768000</CSUD_ACQUISTI>
    <NORD_ACQUISTI>20174,377000</NORD_ACQUISTI>
    <SARD_ACQUISTI>998,559000</SARD_ACQUISTI>
    <SICI_ACQUISTI>1862,865000</SICI_ACQUISTI>
    <SUD_ACQUISTI>2488,814000</SUD_ACQUISTI>
    <AUST_ACQUISTI>0,000000</AUST_ACQUISTI>
    <BRNN_ACQUISTI>0,000000</BRNN_ACQUISTI>
    <COAC_ACQUISTI>0,000000</COAC_ACQUISTI>
    <CORS_ACQUISTI>16,000000</CORS_ACQUISTI>
    <FOGN_ACQUISTI>0,000000</FOGN_ACQUISTI>
    <FRAN_ACQUISTI>0,000000</FRAN_ACQUISTI>
    <GREC_ACQUISTI>0,000000</GREC_ACQUISTI>
    <MFTV_ACQUISTI>0,000000</MFTV_ACQUISTI>
    <PRGP_ACQUISTI>0,000000</PRGP_ACQUISTI>
    <ROSN_ACQUISTI>0,000000</ROSN_ACQUISTI>
    <SLOV_ACQUISTI>0,000000</SLOV_ACQUISTI>
    <SVIZ_ACQUISTI>0,000000</SVIZ_ACQUISTI>
    <BSP_ACQUISTI>0,000000</BSP_ACQUISTI>
    <MALT_ACQUISTI>129,000000</MALT_ACQUISTI>
    <XAUS_ACQUISTI>0,000000</XAUS_ACQUISTI>
    <XFRA_ACQUISTI>0,000000</XFRA_ACQUISTI>
    <TOTALE_VENDITE>30367,408</TOTALE_VENDITE>
    <NAT_VENDITE>34347,408000</NAT_VENDITE>
    <CNOR_VENDITE>2448,025000</CNOR_VENDITE>
    <CSUD_VENDITE>1898,775000</CSUD_VENDITE>
    <NORD_VENDITE>15726,377000</NORD_VENDITE>
    <SARD_VENDITE>713,975000</SARD_VENDITE>
    <SICI_VENDITE>1121,389000</SICI_VENDITE>
    <SUD_VENDITE>1087,654000</SUD_VENDITE>
    <AUST_VENDITE>20,000000</AUST_VENDITE>
    <BRNN_VENDITE>1362,677000</BRNN_VENDITE>
    <COAC_VENDITE>0,000000</COAC_VENDITE>
    <CORS_VENDITE>0,000000</CORS_VENDITE>
    <FOGN_VENDITE>980,091000</FOGN_VENDITE>
    <FRAN_VENDITE>99,000000</FRAN_VENDITE>
    <GREC_VENDITE>407,000000</GREC_VENDITE>
    <MFTV_VENDITE>0,000000</MFTV_VENDITE>
    <PRGP_VENDITE>1,338000</PRGP_VENDITE>
    <ROSN_VENDITE>452,107000</ROSN_VENDITE>
    <SLOV_VENDITE>0,000000</SLOV_VENDITE>
    <SVIZ_VENDITE>4049,000000</SVIZ_VENDITE>
    <BSP_VENDITE>713,000000</BSP_VENDITE>
    <MALT_VENDITE>0,000000</MALT_VENDITE>
    <XAUS_VENDITE>290,000000</XAUS_VENDITE>
    <XFRA_VENDITE>2977,000000</XFRA_VENDITE>
    <TOTITABSP_VENDITE>31080,408</TOTITABSP_VENDITE>
    <TOTITABSP_ACQUISTI>34347,408</TOTITABSP_ACQUISTI>
  </Quantita>
  <Quantita>
    <Data>20180427</Data>
    <Mercato>MGP</Mercato>
    <Ora>9</Ora>
    <TOTALE_ACQUISTI>38816,637</TOTALE_ACQUISTI>
    <NAT_ACQUISTI>38816,637000</NAT_ACQUISTI>
    <CNOR_ACQUISTI>4336,099000</CNOR_ACQUISTI>
    <CSUD_ACQUISTI>5597,685000</CSUD_ACQUISTI>
    <NORD_ACQUISTI>22781,266000</NORD_ACQUISTI>
    <SARD_ACQUISTI>1091,764000</SARD_ACQUISTI>
    <SICI_ACQUISTI>2097,530000</SICI_ACQUISTI>
    <SUD_ACQUISTI>2800,293000</SUD_ACQUISTI>
    <AUST_ACQUISTI>0,000000</AUST_ACQUISTI>
    <BRNN_ACQUISTI>0,000000</BRNN_ACQUISTI>
    <COAC_ACQUISTI>0,000000</COAC_ACQUISTI>
    <CORS_ACQUISTI>17,000000</CORS_ACQUISTI>
    <FOGN_ACQUISTI>0,000000</FOGN_ACQUISTI>
    <FRAN_ACQUISTI>0,000000</FRAN_ACQUISTI>
    <GREC_ACQUISTI>0,000000</GREC_ACQUISTI>
    <MFTV_ACQUISTI>0,000000</MFTV_ACQUISTI>
    <PRGP_ACQUISTI>0,000000</PRGP_ACQUISTI>
    <ROSN_ACQUISTI>0,000000</ROSN_ACQUISTI>
    <SLOV_ACQUISTI>0,000000</SLOV_ACQUISTI>
    <SVIZ_ACQUISTI>0,000000</SVIZ_ACQUISTI>
    <BSP_ACQUISTI>0,000000</BSP_ACQUISTI>
    <MALT_ACQUISTI>95,000000</MALT_ACQUISTI>
    <XAUS_ACQUISTI>0,000000</XAUS_ACQUISTI>
    <XFRA_ACQUISTI>0,000000</XFRA_ACQUISTI>
    <TOTALE_VENDITE>34836,637</TOTALE_VENDITE>
    <NAT_VENDITE>38816,637000</NAT_VENDITE>
    <CNOR_VENDITE>2836,225000</CNOR_VENDITE>
    <CSUD_VENDITE>2539,502000</CSUD_VENDITE>
    <NORD_VENDITE>18051,201000</NORD_VENDITE>
    <SARD_VENDITE>839,038000</SARD_VENDITE>
    <SICI_VENDITE>1293,492000</SICI_VENDITE>
    <SUD_VENDITE>1731,242000</SUD_VENDITE>
    <AUST_VENDITE>20,000000</AUST_VENDITE>
    <BRNN_VENDITE>1422,331000</BRNN_VENDITE>
    <COAC_VENDITE>0,000000</COAC_VENDITE>
    <CORS_VENDITE>0,000000</CORS_VENDITE>
    <FOGN_VENDITE>1024,422000</FOGN_VENDITE>
    <FRAN_VENDITE>99,000000</FRAN_VENDITE>
    <GREC_VENDITE>444,000000</GREC_VENDITE>
    <MFTV_VENDITE>0,000000</MFTV_VENDITE>
    <PRGP_VENDITE>2,752000</PRGP_VENDITE>
    <ROSN_VENDITE>591,599000</ROSN_VENDITE>
    <SLOV_VENDITE>0,000000</SLOV_VENDITE>
    <SVIZ_VENDITE>3941,833000</SVIZ_VENDITE>
    <BSP_VENDITE>713,000000</BSP_VENDITE>
    <MALT_VENDITE>0,000000</MALT_VENDITE>
    <XAUS_VENDITE>290,000000</XAUS_VENDITE>
    <XFRA_VENDITE>2977,000000</XFRA_VENDITE>
    <TOTITABSP_VENDITE>35549,637</TOTITABSP_VENDITE>
    <TOTITABSP_ACQUISTI>38816,637</TOTITABSP_ACQUISTI>
  </Quantita>
  <Quantita>
    <Data>20180427</Data>
    <Mercato>MGP</Mercato>
    <Ora>10</Ora>
    <TOTALE_ACQUISTI>39233,016</TOTALE_ACQUISTI>
    <NAT_ACQUISTI>39233,016000</NAT_ACQUISTI>
    <CNOR_ACQUISTI>4273,041000</CNOR_ACQUISTI>
    <CSUD_ACQUISTI>5832,043000</CSUD_ACQUISTI>
    <NORD_ACQUISTI>22995,057000</NORD_ACQUISTI>
    <SARD_ACQUISTI>1068,494000</SARD_ACQUISTI>
    <SICI_ACQUISTI>2130,197000</SICI_ACQUISTI>
    <SUD_ACQUISTI>2812,184000</SUD_ACQUISTI>
    <AUST_ACQUISTI>0,000000</AUST_ACQUISTI>
    <BRNN_ACQUISTI>0,000000</BRNN_ACQUISTI>
    <COAC_ACQUISTI>0,000000</COAC_ACQUISTI>
    <CORS_ACQUISTI>17,000000</CORS_ACQUISTI>
    <FOGN_ACQUISTI>0,000000</FOGN_ACQUISTI>
    <FRAN_ACQUISTI>0,000000</FRAN_ACQUISTI>
    <GREC_ACQUISTI>0,000000</GREC_ACQUISTI>
    <MFTV_ACQUISTI>0,000000</MFTV_ACQUISTI>
    <PRGP_ACQUISTI>0,000000</PRGP_ACQUISTI>
    <ROSN_ACQUISTI>0,000000</ROSN_ACQUISTI>
    <SLOV_ACQUISTI>0,000000</SLOV_ACQUISTI>
    <SVIZ_ACQUISTI>0,000000</SVIZ_ACQUISTI>
    <BSP_ACQUISTI>0,000000</BSP_ACQUISTI>
    <MALT_ACQUISTI>105,000000</MALT_ACQUISTI>
    <XAUS_ACQUISTI>0,000000</XAUS_ACQUISTI>
    <XFRA_ACQUISTI>0,000000</XFRA_ACQUISTI>
    <TOTALE_VENDITE>35034,016</TOTALE_VENDITE>
    <NAT_VENDITE>39233,016000</NAT_VENDITE>
    <CNOR_VENDITE>2700,584000</CNOR_VENDITE>
    <CSUD_VENDITE>2839,090000</CSUD_VENDITE>
    <NORD_VENDITE>17196,630000</NORD_VENDITE>
    <SARD_VENDITE>919,434000</SARD_VENDITE>
    <SICI_VENDITE>1405,246000</SICI_VENDITE>
    <SUD_VENDITE>2205,047000</SUD_VENDITE>
    <AUST_VENDITE>20,000000</AUST_VENDITE>
    <BRNN_VENDITE>1340,809000</BRNN_VENDITE>
    <COAC_VENDITE>0,000000</COAC_VENDITE>
    <CORS_VENDITE>0,000000</CORS_VENDITE>
    <FOGN_VENDITE>1050,994000</FOGN_VENDITE>
    <FRAN_VENDITE>99,000000</FRAN_VENDITE>
    <GREC_VENDITE>348,000000</GREC_VENDITE>
    <MFTV_VENDITE>0,000000</MFTV_VENDITE>
    <PRGP_VENDITE>4,240000</PRGP_VENDITE>
    <ROSN_VENDITE>730,442000</ROSN_VENDITE>
    <SLOV_VENDITE>0,000000</SLOV_VENDITE>
    <SVIZ_VENDITE>4174,500000</SVIZ_VENDITE>
    <BSP_VENDITE>753,000000</BSP_VENDITE>
    <MALT_VENDITE>0,000000</MALT_VENDITE>
    <XAUS_VENDITE>295,000000</XAUS_VENDITE>
    <XFRA_VENDITE>3151,000000</XFRA_VENDITE>
    <TOTITABSP_VENDITE>35787,016</TOTITABSP_VENDITE>
    <TOTITABSP_ACQUISTI>39233,016</TOTITABSP_ACQUISTI>
  </Quantita>
  <Quantita>
    <Data>20180427</Data>
    <Mercato>MGP</Mercato>
    <Ora>11</Ora>
    <TOTALE_ACQUISTI>38419,354</TOTALE_ACQUISTI>
    <NAT_ACQUISTI>38419,354000</NAT_ACQUISTI>
    <CNOR_ACQUISTI>4214,878000</CNOR_ACQUISTI>
    <CSUD_ACQUISTI>5760,368000</CSUD_ACQUISTI>
    <NORD_ACQUISTI>22469,373000</NORD_ACQUISTI>
    <SARD_ACQUISTI>1041,107000</SARD_ACQUISTI>
    <SICI_ACQUISTI>2075,941000</SICI_ACQUISTI>
    <SUD_ACQUISTI>2730,687000</SUD_ACQUISTI>
    <AUST_ACQUISTI>0,000000</AUST_ACQUISTI>
    <BRNN_ACQUISTI>0,000000</BRNN_ACQUISTI>
    <COAC_ACQUISTI>0,000000</COAC_ACQUISTI>
    <CORS_ACQUISTI>15,000000</CORS_ACQUISTI>
    <FOGN_ACQUISTI>0,000000</FOGN_ACQUISTI>
    <FRAN_ACQUISTI>0,000000</FRAN_ACQUISTI>
    <GREC_ACQUISTI>10,000000</GREC_ACQUISTI>
    <MFTV_ACQUISTI>0,000000</MFTV_ACQUISTI>
    <PRGP_ACQUISTI>0,000000</PRGP_ACQUISTI>
    <ROSN_ACQUISTI>0,000000</ROSN_ACQUISTI>
    <SLOV_ACQUISTI>0,000000</SLOV_ACQUISTI>
    <SVIZ_ACQUISTI>0,000000</SVIZ_ACQUISTI>
    <BSP_ACQUISTI>0,000000</BSP_ACQUISTI>
    <MALT_ACQUISTI>102,000000</MALT_ACQUISTI>
    <XAUS_ACQUISTI>0,000000</XAUS_ACQUISTI>
    <XFRA_ACQUISTI>0,000000</XFRA_ACQUISTI>
    <TOTALE_VENDITE>34220,354</TOTALE_VENDITE>
    <NAT_VENDITE>38419,354000</NAT_VENDITE>
    <CNOR_VENDITE>2891,129000</CNOR_VENDITE>
    <CSUD_VENDITE>2566,176000</CSUD_VENDITE>
    <NORD_VENDITE>16406,137000</NORD_VENDITE>
    <SARD_VENDITE>976,059000</SARD_VENDITE>
    <SICI_VENDITE>1510,428000</SICI_VENDITE>
    <SUD_VENDITE>2602,881000</SUD_VENDITE>
    <AUST_VENDITE>20,000000</AUST_VENDITE>
    <BRNN_VENDITE>1337,448000</BRNN_VENDITE>
    <COAC_VENDITE>0,000000</COAC_VENDITE>
    <CORS_VENDITE>0,000000</CORS_VENDITE>
    <FOGN_VENDITE>750,768000</FOGN_VENDITE>
    <FRAN_VENDITE>99,000000</FRAN_VENDITE>
    <GREC_VENDITE>311,000000</GREC_VENDITE>
    <MFTV_VENDITE>0,000000</MFTV_VENDITE>
    <PRGP_VENDITE>5,533000</PRGP_VENDITE>
    <ROSN_VENDITE>607,795000</ROSN_VENDITE>
    <SLOV_VENDITE>0,000000</SLOV_VENDITE>
    <SVIZ_VENDITE>4136,000000</SVIZ_VENDITE>
    <BSP_VENDITE>753,000000</BSP_VENDITE>
    <MALT_VENDITE>0,000000</MALT_VENDITE>
    <XAUS_VENDITE>295,000000</XAUS_VENDITE>
    <XFRA_VENDITE>3151,000000</XFRA_VENDITE>
    <TOTITABSP_VENDITE>34973,354</TOTITABSP_VENDITE>
    <TOTITABSP_ACQUISTI>38419,354</TOTITABSP_ACQUISTI>
  </Quantita>
  <Quantita>
    <Data>20180427</Data>
    <Mercato>MGP</Mercato>
    <Ora>12</Ora>
    <TOTALE_ACQUISTI>38185,984</TOTALE_ACQUISTI>
    <NAT_ACQUISTI>38185,984000</NAT_ACQUISTI>
    <CNOR_ACQUISTI>4136,358000</CNOR_ACQUISTI>
    <CSUD_ACQUISTI>5752,348000</CSUD_ACQUISTI>
    <NORD_ACQUISTI>22164,022000</NORD_ACQUISTI>
    <SARD_ACQUISTI>1010,302000</SARD_ACQUISTI>
    <SICI_ACQUISTI>2023,100000</SICI_ACQUISTI>
    <SUD_ACQUISTI>2697,854000</SUD_ACQUISTI>
    <AUST_ACQUISTI>0,000000</AUST_ACQUISTI>
    <BRNN_ACQUISTI>0,000000</BRNN_ACQUISTI>
    <COAC_ACQUISTI>0,000000</COAC_ACQUISTI>
    <CORS_ACQUISTI>15,000000</CORS_ACQUISTI>
    <FOGN_ACQUISTI>0,000000</FOGN_ACQUISTI>
    <FRAN_ACQUISTI>0,000000</FRAN_ACQUISTI>
    <GREC_ACQUISTI>308,000000</GREC_ACQUISTI>
    <MFTV_ACQUISTI>0,000000</MFTV_ACQUISTI>
    <PRGP_ACQUISTI>0,000000</PRGP_ACQUISTI>
    <ROSN_ACQUISTI>0,000000</ROSN_ACQUISTI>
    <SLOV_ACQUISTI>0,000000</SLOV_ACQUISTI>
    <SVIZ_ACQUISTI>0,000000</SVIZ_ACQUISTI>
    <BSP_ACQUISTI>0,000000</BSP_ACQUISTI>
    <MALT_ACQUISTI>79,000000</MALT_ACQUISTI>
    <XAUS_ACQUISTI>0,000000</XAUS_ACQUISTI>
    <XFRA_ACQUISTI>0,000000</XFRA_ACQUISTI>
    <TOTALE_VENDITE>33986,984</TOTALE_VENDITE>
    <NAT_VENDITE>38185,984000</NAT_VENDITE>
    <CNOR_VENDITE>2913,432000</CNOR_VENDITE>
    <CSUD_VENDITE>2604,220000</CSUD_VENDITE>
    <NORD_VENDITE>15888,677000</NORD_VENDITE>
    <SARD_VENDITE>1023,364000</SARD_VENDITE>
    <SICI_VENDITE>1605,929000</SICI_VENDITE>
    <SUD_VENDITE>2942,306000</SUD_VENDITE>
    <AUST_VENDITE>20,000000</AUST_VENDITE>
    <BRNN_VENDITE>940,482000</BRNN_VENDITE>
    <COAC_VENDITE>0,000000</COAC_VENDITE>
    <CORS_VENDITE>0,000000</CORS_VENDITE>
    <FOGN_VENDITE>685,424000</FOGN_VENDITE>
    <FRAN_VENDITE>99,000000</FRAN_VENDITE>
    <GREC_VENDITE>95,000000</GREC_VENDITE>
    <MFTV_VENDITE>0,000000</MFTV_VENDITE>
    <PRGP_VENDITE>6,208000</PRGP_VENDITE>
    <ROSN_VENDITE>932,192000</ROSN_VENDITE>
    <SLOV_VENDITE>0,000000</SLOV_VENDITE>
    <SVIZ_VENDITE>4230,750000</SVIZ_VENDITE>
    <BSP_VENDITE>753,000000</BSP_VENDITE>
    <MALT_VENDITE>0,000000</MALT_VENDITE>
    <XAUS_VENDITE>295,000000</XAUS_VENDITE>
    <XFRA_VENDITE>3151,000000</XFRA_VENDITE>
    <TOTITABSP_VENDITE>34739,984</TOTITABSP_VENDITE>
    <TOTITABSP_ACQUISTI>38185,984</TOTITABSP_ACQUISTI>
  </Quantita>
  <Quantita>
    <Data>20180427</Data>
    <Mercato>MGP</Mercato>
    <Ora>13</Ora>
    <TOTALE_ACQUISTI>36606,605</TOTALE_ACQUISTI>
    <NAT_ACQUISTI>36606,605000</NAT_ACQUISTI>
    <CNOR_ACQUISTI>3902,192000</CNOR_ACQUISTI>
    <CSUD_ACQUISTI>5671,018000</CSUD_ACQUISTI>
    <NORD_ACQUISTI>20764,177000</NORD_ACQUISTI>
    <SARD_ACQUISTI>1001,181000</SARD_ACQUISTI>
    <SICI_ACQUISTI>2010,017000</SICI_ACQUISTI>
    <SUD_ACQUISTI>2693,020000</SUD_ACQUISTI>
    <AUST_ACQUISTI>0,000000</AUST_ACQUISTI>
    <BRNN_ACQUISTI>0,000000</BRNN_ACQUISTI>
    <COAC_ACQUISTI>0,000000</COAC_ACQUISTI>
    <CORS_ACQUISTI>12,000000</CORS_ACQUISTI>
    <FOGN_ACQUISTI>0,000000</FOGN_ACQUISTI>
    <FRAN_ACQUISTI>0,000000</FRAN_ACQUISTI>
    <GREC_ACQUISTI>478,000000</GREC_ACQUISTI>
    <MFTV_ACQUISTI>0,000000</MFTV_ACQUISTI>
    <PRGP_ACQUISTI>0,000000</PRGP_ACQUISTI>
    <ROSN_ACQUISTI>0,000000</ROSN_ACQUISTI>
    <SLOV_ACQUISTI>0,000000</SLOV_ACQUISTI>
    <SVIZ_ACQUISTI>0,000000</SVIZ_ACQUISTI>
    <BSP_ACQUISTI>0,000000</BSP_ACQUISTI>
    <MALT_ACQUISTI>75,000000</MALT_ACQUISTI>
    <XAUS_ACQUISTI>0,000000</XAUS_ACQUISTI>
    <XFRA_ACQUISTI>0,000000</XFRA_ACQUISTI>
    <TOTALE_VENDITE>32436,605</TOTALE_VENDITE>
    <NAT_VENDITE>36606,605000</NAT_VENDITE>
    <CNOR_VENDITE>2824,288000</CNOR_VENDITE>
    <CSUD_VENDITE>2673,420000</CSUD_VENDITE>
    <NORD_VENDITE>14724,600000</NORD_VENDITE>
    <SARD_VENDITE>1052,481000</SARD_VENDITE>
    <SICI_VENDITE>1688,751000</SICI_VENDITE>
    <SUD_VENDITE>3095,746000</SUD_VENDITE>
    <AUST_VENDITE>20,000000</AUST_VENDITE>
    <BRNN_VENDITE>941,872000</BRNN_VENDITE>
    <COAC_VENDITE>0,000000</COAC_VENDITE>
    <CORS_VENDITE>0,000000</CORS_VENDITE>
    <FOGN_VENDITE>442,773000</FOGN_VENDITE>
    <FRAN_VENDITE>99,000000</FRAN_VENDITE>
    <GREC_VENDITE>98,000000</GREC_VENDITE>
    <MFTV_VENDITE>0,000000</MFTV_VENDITE>
    <PRGP_VENDITE>6,413000</PRGP_VENDITE>
    <ROSN_VENDITE>611,766000</ROSN_VENDITE>
    <SLOV_VENDITE>0,000000</SLOV_VENDITE>
    <SVIZ_VENDITE>4157,495000</SVIZ_VENDITE>
    <BSP_VENDITE>748,000000</BSP_VENDITE>
    <MALT_VENDITE>0,000000</MALT_VENDITE>
    <XAUS_VENDITE>295,000000</XAUS_VENDITE>
    <XFRA_VENDITE>3127,000000</XFRA_VENDITE>
    <TOTITABSP_VENDITE>33184,605</TOTITABSP_VENDITE>
    <TOTITABSP_ACQUISTI>36606,605</TOTITABSP_ACQUISTI>
  </Quantita>
  <Quantita>
    <Data>20180427</Data>
    <Mercato>MGP</Mercato>
    <Ora>14</Ora>
    <TOTALE_ACQUISTI>36121,353</TOTALE_ACQUISTI>
    <NAT_ACQUISTI>36121,353000</NAT_ACQUISTI>
    <CNOR_ACQUISTI>3779,142000</CNOR_ACQUISTI>
    <CSUD_ACQUISTI>5473,469000</CSUD_ACQUISTI>
    <NORD_ACQUISTI>20839,302000</NORD_ACQUISTI>
    <SARD_ACQUISTI>963,242000</SARD_ACQUISTI>
    <SICI_ACQUISTI>1947,832000</SICI_ACQUISTI>
    <SUD_ACQUISTI>2563,366000</SUD_ACQUISTI>
    <AUST_ACQUISTI>0,000000</AUST_ACQUISTI>
    <BRNN_ACQUISTI>0,000000</BRNN_ACQUISTI>
    <COAC_ACQUISTI>0,000000</COAC_ACQUISTI>
    <CORS_ACQUISTI>5,000000</CORS_ACQUISTI>
    <FOGN_ACQUISTI>0,000000</FOGN_ACQUISTI>
    <FRAN_ACQUISTI>0,000000</FRAN_ACQUISTI>
    <GREC_ACQUISTI>478,000000</GREC_ACQUISTI>
    <MFTV_ACQUISTI>0,000000</MFTV_ACQUISTI>
    <PRGP_ACQUISTI>0,000000</PRGP_ACQUISTI>
    <ROSN_ACQUISTI>0,000000</ROSN_ACQUISTI>
    <SLOV_ACQUISTI>0,000000</SLOV_ACQUISTI>
    <SVIZ_ACQUISTI>1,000000</SVIZ_ACQUISTI>
    <BSP_ACQUISTI>0,000000</BSP_ACQUISTI>
    <MALT_ACQUISTI>71,000000</MALT_ACQUISTI>
    <XAUS_ACQUISTI>0,000000</XAUS_ACQUISTI>
    <XFRA_ACQUISTI>0,000000</XFRA_ACQUISTI>
    <TOTALE_VENDITE>32229,368</TOTALE_VENDITE>
    <NAT_VENDITE>36121,353000</NAT_VENDITE>
    <CNOR_VENDITE>2741,064000</CNOR_VENDITE>
    <CSUD_VENDITE>2584,288000</CSUD_VENDITE>
    <NORD_VENDITE>14848,498000</NORD_VENDITE>
    <SARD_VENDITE>1040,514000</SARD_VENDITE>
    <SICI_VENDITE>1589,165000</SICI_VENDITE>
    <SUD_VENDITE>3028,630000</SUD_VENDITE>
    <AUST_VENDITE>20,000000</AUST_VENDITE>
    <BRNN_VENDITE>943,196000</BRNN_VENDITE>
    <COAC_VENDITE>0,000000</COAC_VENDITE>
    <CORS_VENDITE>0,000000</CORS_VENDITE>
    <FOGN_VENDITE>444,127000</FOGN_VENDITE>
    <FRAN_VENDITE>99,000000</FRAN_VENDITE>
    <GREC_VENDITE>110,000000</GREC_VENDITE>
    <MFTV_VENDITE>0,000000</MFTV_VENDITE>
    <PRGP_VENDITE>6,610000</PRGP_VENDITE>
    <ROSN_VENDITE>611,026000</ROSN_VENDITE>
    <SLOV_VENDITE>0,000000</SLOV_VENDITE>
    <SVIZ_VENDITE>4163,250000</SVIZ_VENDITE>
    <BSP_VENDITE>748,000000</BSP_VENDITE>
    <MALT_VENDITE>0,000000</MALT_VENDITE>
    <XAUS_VENDITE>295,000000</XAUS_VENDITE>
    <XFRA_VENDITE>2848,985000</XFRA_VENDITE>
    <TOTITABSP_VENDITE>32977,368</TOTITABSP_VENDITE>
    <TOTITABSP_ACQUISTI>36121,353</TOTITABSP_ACQUISTI>
  </Quantita>
  <Quantita>
    <Data>20180427</Data>
    <Mercato>MGP</Mercato>
    <Ora>15</Ora>
    <TOTALE_ACQUISTI>36662,834</TOTALE_ACQUISTI>
    <NAT_ACQUISTI>36662,834000</NAT_ACQUISTI>
    <CNOR_ACQUISTI>3939,658000</CNOR_ACQUISTI>
    <CSUD_ACQUISTI>5507,717000</CSUD_ACQUISTI>
    <NORD_ACQUISTI>21312,037000</NORD_ACQUISTI>
    <SARD_ACQUISTI>956,469000</SARD_ACQUISTI>
    <SICI_ACQUISTI>1921,245000</SICI_ACQUISTI>
    <SUD_ACQUISTI>2512,708000</SUD_ACQUISTI>
    <AUST_ACQUISTI>0,000000</AUST_ACQUISTI>
    <BRNN_ACQUISTI>0,000000</BRNN_ACQUISTI>
    <COAC_ACQUISTI>0,000000</COAC_ACQUISTI>
    <CORS_ACQUISTI>5,000000</CORS_ACQUISTI>
    <FOGN_ACQUISTI>0,000000</FOGN_ACQUISTI>
    <FRAN_ACQUISTI>0,000000</FRAN_ACQUISTI>
    <GREC_ACQUISTI>428,000000</GREC_ACQUISTI>
    <MFTV_ACQUISTI>0,000000</MFTV_ACQUISTI>
    <PRGP_ACQUISTI>0,000000</PRGP_ACQUISTI>
    <ROSN_ACQUISTI>0,000000</ROSN_ACQUISTI>
    <SLOV_ACQUISTI>0,000000</SLOV_ACQUISTI>
    <SVIZ_ACQUISTI>0,000000</SVIZ_ACQUISTI>
    <BSP_ACQUISTI>0,000000</BSP_ACQUISTI>
    <MALT_ACQUISTI>80,000000</MALT_ACQUISTI>
    <XAUS_ACQUISTI>0,000000</XAUS_ACQUISTI>
    <XFRA_ACQUISTI>0,000000</XFRA_ACQUISTI>
    <TOTALE_VENDITE>32492,834</TOTALE_VENDITE>
    <NAT_VENDITE>36662,834000</NAT_VENDITE>
    <CNOR_VENDITE>2647,089000</CNOR_VENDITE>
    <CSUD_VENDITE>2530,533000</CSUD_VENDITE>
    <NORD_VENDITE>14832,055000</NORD_VENDITE>
    <SARD_VENDITE>1026,534000</SARD_VENDITE>
    <SICI_VENDITE>1708,582000</SICI_VENDITE>
    <SUD_VENDITE>2958,747000</SUD_VENDITE>
    <AUST_VENDITE>20,000000</AUST_VENDITE>
    <BRNN_VENDITE>945,098000</BRNN_VENDITE>
    <COAC_VENDITE>0,000000</COAC_VENDITE>
    <CORS_VENDITE>0,000000</CORS_VENDITE>
    <FOGN_VENDITE>444,761000</FOGN_VENDITE>
    <FRAN_VENDITE>99,000000</FRAN_VENDITE>
    <GREC_VENDITE>128,000000</GREC_VENDITE>
    <MFTV_VENDITE>0,000000</MFTV_VENDITE>
    <PRGP_VENDITE>6,429000</PRGP_VENDITE>
    <ROSN_VENDITE>914,006000</ROSN_VENDITE>
    <SLOV_VENDITE>0,000000</SLOV_VENDITE>
    <SVIZ_VENDITE>4232,000000</SVIZ_VENDITE>
    <BSP_VENDITE>748,000000</BSP_VENDITE>
    <MALT_VENDITE>0,000000</MALT_VENDITE>
    <XAUS_VENDITE>295,000000</XAUS_VENDITE>
    <XFRA_VENDITE>3127,000000</XFRA_VENDITE>
    <TOTITABSP_VENDITE>33240,834</TOTITABSP_VENDITE>
    <TOTITABSP_ACQUISTI>36662,834</TOTITABSP_ACQUISTI>
  </Quantita>
  <Quantita>
    <Data>20180427</Data>
    <Mercato>MGP</Mercato>
    <Ora>16</Ora>
    <TOTALE_ACQUISTI>36857,167</TOTALE_ACQUISTI>
    <NAT_ACQUISTI>36857,167000</NAT_ACQUISTI>
    <CNOR_ACQUISTI>3955,073000</CNOR_ACQUISTI>
    <CSUD_ACQUISTI>5553,808000</CSUD_ACQUISTI>
    <NORD_ACQUISTI>21423,435000</NORD_ACQUISTI>
    <SARD_ACQUISTI>952,209000</SARD_ACQUISTI>
    <SICI_ACQUISTI>1937,191000</SICI_ACQUISTI>
    <SUD_ACQUISTI>2534,451000</SUD_ACQUISTI>
    <AUST_ACQUISTI>0,000000</AUST_ACQUISTI>
    <BRNN_ACQUISTI>0,000000</BRNN_ACQUISTI>
    <COAC_ACQUISTI>0,000000</COAC_ACQUISTI>
    <CORS_ACQUISTI>5,000000</CORS_ACQUISTI>
    <FOGN_ACQUISTI>0,000000</FOGN_ACQUISTI>
    <FRAN_ACQUISTI>0,000000</FRAN_ACQUISTI>
    <GREC_ACQUISTI>413,000000</GREC_ACQUISTI>
    <MFTV_ACQUISTI>0,000000</MFTV_ACQUISTI>
    <PRGP_ACQUISTI>0,000000</PRGP_ACQUISTI>
    <ROSN_ACQUISTI>0,000000</ROSN_ACQUISTI>
    <SLOV_ACQUISTI>0,000000</SLOV_ACQUISTI>
    <SVIZ_ACQUISTI>0,000000</SVIZ_ACQUISTI>
    <BSP_ACQUISTI>0,000000</BSP_ACQUISTI>
    <MALT_ACQUISTI>83,000000</MALT_ACQUISTI>
    <XAUS_ACQUISTI>0,000000</XAUS_ACQUISTI>
    <XFRA_ACQUISTI>0,000000</XFRA_ACQUISTI>
    <TOTALE_VENDITE>33039,167</TOTALE_VENDITE>
    <NAT_VENDITE>36857,167000</NAT_VENDITE>
    <CNOR_VENDITE>2742,503000</CNOR_VENDITE>
    <CSUD_VENDITE>2463,426000</CSUD_VENDITE>
    <NORD_VENDITE>15729,478000</NORD_VENDITE>
    <SARD_VENDITE>995,277000</SARD_VENDITE>
    <SICI_VENDITE>1669,441000</SICI_VENDITE>
    <SUD_VENDITE>2768,231000</SUD_VENDITE>
    <AUST_VENDITE>20,000000</AUST_VENDITE>
    <BRNN_VENDITE>944,137000</BRNN_VENDITE>
    <COAC_VENDITE>0,000000</COAC_VENDITE>
    <CORS_VENDITE>0,000000</CORS_VENDITE>
    <FOGN_VENDITE>636,304000</FOGN_VENDITE>
    <FRAN_VENDITE>99,000000</FRAN_VENDITE>
    <GREC_VENDITE>155,000000</GREC_VENDITE>
    <MFTV_VENDITE>0,000000</MFTV_VENDITE>
    <PRGP_VENDITE>5,388000</PRGP_VENDITE>
    <ROSN_VENDITE>912,982000</ROSN_VENDITE>
    <SLOV_VENDITE>0,000000</SLOV_VENDITE>
    <SVIZ_VENDITE>3898,000000</SVIZ_VENDITE>
    <BSP_VENDITE>684,000000</BSP_VENDITE>
    <MALT_VENDITE>0,000000</MALT_VENDITE>
    <XAUS_VENDITE>281,000000</XAUS_VENDITE>
    <XFRA_VENDITE>2853,000000</XFRA_VENDITE>
    <TOTITABSP_VENDITE>33723,167</TOTITABSP_VENDITE>
    <TOTITABSP_ACQUISTI>36857,167</TOTITABSP_ACQUISTI>
  </Quantita>
  <Quantita>
    <Data>20180427</Data>
    <Mercato>MGP</Mercato>
    <Ora>17</Ora>
    <TOTALE_ACQUISTI>36990,216</TOTALE_ACQUISTI>
    <NAT_ACQUISTI>36990,216000</NAT_ACQUISTI>
    <CNOR_ACQUISTI>3988,801000</CNOR_ACQUISTI>
    <CSUD_ACQUISTI>5571,641000</CSUD_ACQUISTI>
    <NORD_ACQUISTI>21367,512000</NORD_ACQUISTI>
    <SARD_ACQUISTI>975,568000</SARD_ACQUISTI>
    <SICI_ACQUISTI>1985,534000</SICI_ACQUISTI>
    <SUD_ACQUISTI>2622,160000</SUD_ACQUISTI>
    <AUST_ACQUISTI>0,000000</AUST_ACQUISTI>
    <BRNN_ACQUISTI>0,000000</BRNN_ACQUISTI>
    <COAC_ACQUISTI>0,000000</COAC_ACQUISTI>
    <CORS_ACQUISTI>5,000000</CORS_ACQUISTI>
    <FOGN_ACQUISTI>0,000000</FOGN_ACQUISTI>
    <FRAN_ACQUISTI>0,000000</FRAN_ACQUISTI>
    <GREC_ACQUISTI>368,000000</GREC_ACQUISTI>
    <MFTV_ACQUISTI>0,000000</MFTV_ACQUISTI>
    <PRGP_ACQUISTI>0,000000</PRGP_ACQUISTI>
    <ROSN_ACQUISTI>0,000000</ROSN_ACQUISTI>
    <SLOV_ACQUISTI>0,000000</SLOV_ACQUISTI>
    <SVIZ_ACQUISTI>0,000000</SVIZ_ACQUISTI>
    <BSP_ACQUISTI>0,000000</BSP_ACQUISTI>
    <MALT_ACQUISTI>106,000000</MALT_ACQUISTI>
    <XAUS_ACQUISTI>0,000000</XAUS_ACQUISTI>
    <XFRA_ACQUISTI>0,000000</XFRA_ACQUISTI>
    <TOTALE_VENDITE>33172,216</TOTALE_VENDITE>
    <NAT_VENDITE>36990,216000</NAT_VENDITE>
    <CNOR_VENDITE>2597,405000</CNOR_VENDITE>
    <CSUD_VENDITE>2555,503000</CSUD_VENDITE>
    <NORD_VENDITE>16225,442000</NORD_VENDITE>
    <SARD_VENDITE>964,439000</SARD_VENDITE>
    <SICI_VENDITE>1573,867000</SICI_VENDITE>
    <SUD_VENDITE>2422,372000</SUD_VENDITE>
    <AUST_VENDITE>20,000000</AUST_VENDITE>
    <BRNN_VENDITE>1136,253000</BRNN_VENDITE>
    <COAC_VENDITE>0,000000</COAC_VENDITE>
    <CORS_VENDITE>0,000000</CORS_VENDITE>
    <FOGN_VENDITE>757,122000</FOGN_VENDITE>
    <FRAN_VENDITE>99,000000</FRAN_VENDITE>
    <GREC_VENDITE>171,000000</GREC_VENDITE>
    <MFTV_VENDITE>0,000000</MFTV_VENDITE>
    <PRGP_VENDITE>4,020000</PRGP_VENDITE>
    <ROSN_VENDITE>747,793000</ROSN_VENDITE>
    <SLOV_VENDITE>0,000000</SLOV_VENDITE>
    <SVIZ_VENDITE>3898,000000</SVIZ_VENDITE>
    <BSP_VENDITE>684,000000</BSP_VENDITE>
    <MALT_VENDITE>0,000000</MALT_VENDITE>
    <XAUS_VENDITE>281,000000</XAUS_VENDITE>
    <XFRA_VENDITE>2853,000000</XFRA_VENDITE>
    <TOTITABSP_VENDITE>33856,216</TOTITABSP_VENDITE>
    <TOTITABSP_ACQUISTI>36990,216</TOTITABSP_ACQUISTI>
  </Quantita>
  <Quantita>
    <Data>20180427</Data>
    <Mercato>MGP</Mercato>
    <Ora>18</Ora>
    <TOTALE_ACQUISTI>36475,795</TOTALE_ACQUISTI>
    <NAT_ACQUISTI>36475,795000</NAT_ACQUISTI>
    <CNOR_ACQUISTI>3962,951000</CNOR_ACQUISTI>
    <CSUD_ACQUISTI>5550,989000</CSUD_ACQUISTI>
    <NORD_ACQUISTI>20868,276000</NORD_ACQUISTI>
    <SARD_ACQUISTI>1015,030000</SARD_ACQUISTI>
    <SICI_ACQUISTI>2067,473000</SICI_ACQUISTI>
    <SUD_ACQUISTI>2764,076000</SUD_ACQUISTI>
    <AUST_ACQUISTI>0,000000</AUST_ACQUISTI>
    <BRNN_ACQUISTI>0,000000</BRNN_ACQUISTI>
    <COAC_ACQUISTI>22,000000</COAC_ACQUISTI>
    <CORS_ACQUISTI>8,000000</CORS_ACQUISTI>
    <FOGN_ACQUISTI>0,000000</FOGN_ACQUISTI>
    <FRAN_ACQUISTI>0,000000</FRAN_ACQUISTI>
    <GREC_ACQUISTI>85,000000</GREC_ACQUISTI>
    <MFTV_ACQUISTI>0,000000</MFTV_ACQUISTI>
    <PRGP_ACQUISTI>0,000000</PRGP_ACQUISTI>
    <ROSN_ACQUISTI>0,000000</ROSN_ACQUISTI>
    <SLOV_ACQUISTI>0,000000</SLOV_ACQUISTI>
    <SVIZ_ACQUISTI>0,000000</SVIZ_ACQUISTI>
    <BSP_ACQUISTI>0,000000</BSP_ACQUISTI>
    <MALT_ACQUISTI>132,000000</MALT_ACQUISTI>
    <XAUS_ACQUISTI>0,000000</XAUS_ACQUISTI>
    <XFRA_ACQUISTI>0,000000</XFRA_ACQUISTI>
    <TOTALE_VENDITE>32656,795</TOTALE_VENDITE>
    <NAT_VENDITE>36475,795000</NAT_VENDITE>
    <CNOR_VENDITE>2420,577000</CNOR_VENDITE>
    <CSUD_VENDITE>2511,160000</CSUD_VENDITE>
    <NORD_VENDITE>16200,366000</NORD_VENDITE>
    <SARD_VENDITE>905,988000</SARD_VENDITE>
    <SICI_VENDITE>1364,047000</SICI_VENDITE>
    <SUD_VENDITE>1970,380000</SUD_VENDITE>
    <AUST_VENDITE>20,000000</AUST_VENDITE>
    <BRNN_VENDITE>1300,468000</BRNN_VENDITE>
    <COAC_VENDITE>0,000000</COAC_VENDITE>
    <CORS_VENDITE>0,000000</CORS_VENDITE>
    <FOGN_VENDITE>753,782000</FOGN_VENDITE>
    <FRAN_VENDITE>99,000000</FRAN_VENDITE>
    <GREC_VENDITE>144,000000</GREC_VENDITE>
    <MFTV_VENDITE>0,000000</MFTV_VENDITE>
    <PRGP_VENDITE>2,455000</PRGP_VENDITE>
    <ROSN_VENDITE>967,572000</ROSN_VENDITE>
    <SLOV_VENDITE>0,000000</SLOV_VENDITE>
    <SVIZ_VENDITE>3997,000000</SVIZ_VENDITE>
    <BSP_VENDITE>684,000000</BSP_VENDITE>
    <MALT_VENDITE>0,000000</MALT_VENDITE>
    <XAUS_VENDITE>281,000000</XAUS_VENDITE>
    <XFRA_VENDITE>2854,000000</XFRA_VENDITE>
    <TOTITABSP_VENDITE>33340,795</TOTITABSP_VENDITE>
    <TOTITABSP_ACQUISTI>36475,795</TOTITABSP_ACQUISTI>
  </Quantita>
  <Quantita>
    <Data>20180427</Data>
    <Mercato>MGP</Mercato>
    <Ora>19</Ora>
    <TOTALE_ACQUISTI>36544,82</TOTALE_ACQUISTI>
    <NAT_ACQUISTI>36544,820000</NAT_ACQUISTI>
    <CNOR_ACQUISTI>3996,566000</CNOR_ACQUISTI>
    <CSUD_ACQUISTI>5584,531000</CSUD_ACQUISTI>
    <NORD_ACQUISTI>20768,136000</NORD_ACQUISTI>
    <SARD_ACQUISTI>1056,582000</SARD_ACQUISTI>
    <SICI_ACQUISTI>2098,514000</SICI_ACQUISTI>
    <SUD_ACQUISTI>2834,491000</SUD_ACQUISTI>
    <AUST_ACQUISTI>0,000000</AUST_ACQUISTI>
    <BRNN_ACQUISTI>0,000000</BRNN_ACQUISTI>
    <COAC_ACQUISTI>42,000000</COAC_ACQUISTI>
    <CORS_ACQUISTI>14,000000</CORS_ACQUISTI>
    <FOGN_ACQUISTI>0,000000</FOGN_ACQUISTI>
    <FRAN_ACQUISTI>0,000000</FRAN_ACQUISTI>
    <GREC_ACQUISTI>0,000000</GREC_ACQUISTI>
    <MFTV_ACQUISTI>0,000000</MFTV_ACQUISTI>
    <PRGP_ACQUISTI>0,000000</PRGP_ACQUISTI>
    <ROSN_ACQUISTI>0,000000</ROSN_ACQUISTI>
    <SLOV_ACQUISTI>0,000000</SLOV_ACQUISTI>
    <SVIZ_ACQUISTI>0,000000</SVIZ_ACQUISTI>
    <BSP_ACQUISTI>0,000000</BSP_ACQUISTI>
    <MALT_ACQUISTI>150,000000</MALT_ACQUISTI>
    <XAUS_ACQUISTI>0,000000</XAUS_ACQUISTI>
    <XFRA_ACQUISTI>0,000000</XFRA_ACQUISTI>
    <TOTALE_VENDITE>32468,82</TOTALE_VENDITE>
    <NAT_VENDITE>36544,820000</NAT_VENDITE>
    <CNOR_VENDITE>2301,676000</CNOR_VENDITE>
    <CSUD_VENDITE>3014,924000</CSUD_VENDITE>
    <NORD_VENDITE>15954,893000</NORD_VENDITE>
    <SARD_VENDITE>847,520000</SARD_VENDITE>
    <SICI_VENDITE>1173,166000</SICI_VENDITE>
    <SUD_VENDITE>1487,001000</SUD_VENDITE>
    <AUST_VENDITE>20,000000</AUST_VENDITE>
    <BRNN_VENDITE>1338,163000</BRNN_VENDITE>
    <COAC_VENDITE>0,000000</COAC_VENDITE>
    <CORS_VENDITE>0,000000</CORS_VENDITE>
    <FOGN_VENDITE>752,184000</FOGN_VENDITE>
    <FRAN_VENDITE>99,000000</FRAN_VENDITE>
    <GREC_VENDITE>273,000000</GREC_VENDITE>
    <MFTV_VENDITE>0,000000</MFTV_VENDITE>
    <PRGP_VENDITE>0,989000</PRGP_VENDITE>
    <ROSN_VENDITE>966,304000</ROSN_VENDITE>
    <SLOV_VENDITE>0,000000</SLOV_VENDITE>
    <SVIZ_VENDITE>4240,000000</SVIZ_VENDITE>
    <BSP_VENDITE>730,000000</BSP_VENDITE>
    <MALT_VENDITE>0,000000</MALT_VENDITE>
    <XAUS_VENDITE>295,000000</XAUS_VENDITE>
    <XFRA_VENDITE>3051,000000</XFRA_VENDITE>
    <TOTITABSP_VENDITE>33198,82</TOTITABSP_VENDITE>
    <TOTITABSP_ACQUISTI>36544,82</TOTITABSP_ACQUISTI>
  </Quantita>
  <Quantita>
    <Data>20180427</Data>
    <Mercato>MGP</Mercato>
    <Ora>20</Ora>
    <TOTALE_ACQUISTI>36826,396</TOTALE_ACQUISTI>
    <NAT_ACQUISTI>36852,396000</NAT_ACQUISTI>
    <CNOR_ACQUISTI>4056,361000</CNOR_ACQUISTI>
    <CSUD_ACQUISTI>5778,617000</CSUD_ACQUISTI>
    <NORD_ACQUISTI>20519,934000</NORD_ACQUISTI>
    <SARD_ACQUISTI>1065,072000</SARD_ACQUISTI>
    <SICI_ACQUISTI>2210,868000</SICI_ACQUISTI>
    <SUD_ACQUISTI>3007,544000</SUD_ACQUISTI>
    <AUST_ACQUISTI>0,000000</AUST_ACQUISTI>
    <BRNN_ACQUISTI>0,000000</BRNN_ACQUISTI>
    <COAC_ACQUISTI>40,000000</COAC_ACQUISTI>
    <CORS_ACQUISTI>19,000000</CORS_ACQUISTI>
    <FOGN_ACQUISTI>0,000000</FOGN_ACQUISTI>
    <FRAN_ACQUISTI>0,000000</FRAN_ACQUISTI>
    <GREC_ACQUISTI>0,000000</GREC_ACQUISTI>
    <MFTV_ACQUISTI>0,000000</MFTV_ACQUISTI>
    <PRGP_ACQUISTI>0,000000</PRGP_ACQUISTI>
    <ROSN_ACQUISTI>0,000000</ROSN_ACQUISTI>
    <SLOV_ACQUISTI>0,000000</SLOV_ACQUISTI>
    <SVIZ_ACQUISTI>0,000000</SVIZ_ACQUISTI>
    <BSP_ACQUISTI>0,000000</BSP_ACQUISTI>
    <MALT_ACQUISTI>129,000000</MALT_ACQUISTI>
    <XAUS_ACQUISTI>0,000000</XAUS_ACQUISTI>
    <XFRA_ACQUISTI>0,000000</XFRA_ACQUISTI>
    <TOTALE_VENDITE>32750,396</TOTALE_VENDITE>
    <NAT_VENDITE>36852,396000</NAT_VENDITE>
    <CNOR_VENDITE>2432,015000</CNOR_VENDITE>
    <CSUD_VENDITE>2940,142000</CSUD_VENDITE>
    <NORD_VENDITE>16084,934000</NORD_VENDITE>
    <SARD_VENDITE>770,830000</SARD_VENDITE>
    <SICI_VENDITE>1239,733000</SICI_VENDITE>
    <SUD_VENDITE>1090,541000</SUD_VENDITE>
    <AUST_VENDITE>20,000000</AUST_VENDITE>
    <BRNN_VENDITE>1340,355000</BRNN_VENDITE>
    <COAC_VENDITE>0,000000</COAC_VENDITE>
    <CORS_VENDITE>0,000000</CORS_VENDITE>
    <FOGN_VENDITE>1043,812000</FOGN_VENDITE>
    <FRAN_VENDITE>99,000000</FRAN_VENDITE>
    <GREC_VENDITE>335,000000</GREC_VENDITE>
    <MFTV_VENDITE>0,000000</MFTV_VENDITE>
    <PRGP_VENDITE>0,135000</PRGP_VENDITE>
    <ROSN_VENDITE>1113,899000</ROSN_VENDITE>
    <SLOV_VENDITE>0,000000</SLOV_VENDITE>
    <SVIZ_VENDITE>4240,000000</SVIZ_VENDITE>
    <BSP_VENDITE>730,000000</BSP_VENDITE>
    <MALT_VENDITE>0,000000</MALT_VENDITE>
    <XAUS_VENDITE>295,000000</XAUS_VENDITE>
    <XFRA_VENDITE>3051,000000</XFRA_VENDITE>
    <TOTITABSP_VENDITE>33480,396</TOTITABSP_VENDITE>
    <TOTITABSP_ACQUISTI>36826,396</TOTITABSP_ACQUISTI>
  </Quantita>
  <Quantita>
    <Data>20180427</Data>
    <Mercato>MGP</Mercato>
    <Ora>21</Ora>
    <TOTALE_ACQUISTI>37939,433</TOTALE_ACQUISTI>
    <NAT_ACQUISTI>38182,605000</NAT_ACQUISTI>
    <CNOR_ACQUISTI>4185,270000</CNOR_ACQUISTI>
    <CSUD_ACQUISTI>6195,723000</CSUD_ACQUISTI>
    <NORD_ACQUISTI>20663,359000</NORD_ACQUISTI>
    <SARD_ACQUISTI>1164,075000</SARD_ACQUISTI>
    <SICI_ACQUISTI>2356,644000</SICI_ACQUISTI>
    <SUD_ACQUISTI>3245,362000</SUD_ACQUISTI>
    <AUST_ACQUISTI>0,000000</AUST_ACQUISTI>
    <BRNN_ACQUISTI>0,000000</BRNN_ACQUISTI>
    <COAC_ACQUISTI>35,000000</COAC_ACQUISTI>
    <CORS_ACQUISTI>19,000000</CORS_ACQUISTI>
    <FOGN_ACQUISTI>0,000000</FOGN_ACQUISTI>
    <FRAN_ACQUISTI>0,000000</FRAN_ACQUISTI>
    <GREC_ACQUISTI>0,000000</GREC_ACQUISTI>
    <MFTV_ACQUISTI>0,000000</MFTV_ACQUISTI>
    <PRGP_ACQUISTI>0,000000</PRGP_ACQUISTI>
    <ROSN_ACQUISTI>0,000000</ROSN_ACQUISTI>
    <SLOV_ACQUISTI>0,000000</SLOV_ACQUISTI>
    <SVIZ_ACQUISTI>0,000000</SVIZ_ACQUISTI>
    <BSP_ACQUISTI>0,000000</BSP_ACQUISTI>
    <MALT_ACQUISTI>75,000000</MALT_ACQUISTI>
    <XAUS_ACQUISTI>0,000000</XAUS_ACQUISTI>
    <XFRA_ACQUISTI>0,000000</XFRA_ACQUISTI>
    <TOTALE_VENDITE>33863,433</TOTALE_VENDITE>
    <NAT_VENDITE>38182,605000</NAT_VENDITE>
    <CNOR_VENDITE>2505,552000</CNOR_VENDITE>
    <CSUD_VENDITE>2936,814000</CSUD_VENDITE>
    <NORD_VENDITE>16259,609000</NORD_VENDITE>
    <SARD_VENDITE>766,074000</SARD_VENDITE>
    <SICI_VENDITE>1331,644000</SICI_VENDITE>
    <SUD_VENDITE>1057,159000</SUD_VENDITE>
    <AUST_VENDITE>20,000000</AUST_VENDITE>
    <BRNN_VENDITE>1463,822000</BRNN_VENDITE>
    <COAC_VENDITE>0,000000</COAC_VENDITE>
    <CORS_VENDITE>0,000000</CORS_VENDITE>
    <FOGN_VENDITE>1306,728000</FOGN_VENDITE>
    <FRAN_VENDITE>99,000000</FRAN_VENDITE>
    <GREC_VENDITE>454,000000</GREC_VENDITE>
    <MFTV_VENDITE>0,000000</MFTV_VENDITE>
    <PRGP_VENDITE>0,000000</PRGP_VENDITE>
    <ROSN_VENDITE>1454,281000</ROSN_VENDITE>
    <SLOV_VENDITE>0,000000</SLOV_VENDITE>
    <SVIZ_VENDITE>4208,750000</SVIZ_VENDITE>
    <BSP_VENDITE>730,000000</BSP_VENDITE>
    <MALT_VENDITE>0,000000</MALT_VENDITE>
    <XAUS_VENDITE>295,000000</XAUS_VENDITE>
    <XFRA_VENDITE>3051,000000</XFRA_VENDITE>
    <TOTITABSP_VENDITE>34593,433</TOTITABSP_VENDITE>
    <TOTITABSP_ACQUISTI>37939,433</TOTITABSP_ACQUISTI>
  </Quantita>
  <Quantita>
    <Data>20180427</Data>
    <Mercato>MGP</Mercato>
    <Ora>22</Ora>
    <TOTALE_ACQUISTI>36188,658</TOTALE_ACQUISTI>
    <NAT_ACQUISTI>36211,658000</NAT_ACQUISTI>
    <CNOR_ACQUISTI>3924,949000</CNOR_ACQUISTI>
    <CSUD_ACQUISTI>5774,050000</CSUD_ACQUISTI>
    <NORD_ACQUISTI>19937,284000</NORD_ACQUISTI>
    <SARD_ACQUISTI>1109,815000</SARD_ACQUISTI>
    <SICI_ACQUISTI>2228,817000</SICI_ACQUISTI>
    <SUD_ACQUISTI>3049,743000</SUD_ACQUISTI>
    <AUST_ACQUISTI>0,000000</AUST_ACQUISTI>
    <BRNN_ACQUISTI>0,000000</BRNN_ACQUISTI>
    <COAC_ACQUISTI>33,000000</COAC_ACQUISTI>
    <CORS_ACQUISTI>19,000000</CORS_ACQUISTI>
    <FOGN_ACQUISTI>0,000000</FOGN_ACQUISTI>
    <FRAN_ACQUISTI>0,000000</FRAN_ACQUISTI>
    <GREC_ACQUISTI>0,000000</GREC_ACQUISTI>
    <MFTV_ACQUISTI>0,000000</MFTV_ACQUISTI>
    <PRGP_ACQUISTI>0,000000</PRGP_ACQUISTI>
    <ROSN_ACQUISTI>0,000000</ROSN_ACQUISTI>
    <SLOV_ACQUISTI>0,000000</SLOV_ACQUISTI>
    <SVIZ_ACQUISTI>0,000000</SVIZ_ACQUISTI>
    <BSP_ACQUISTI>0,000000</BSP_ACQUISTI>
    <MALT_ACQUISTI>112,000000</MALT_ACQUISTI>
    <XAUS_ACQUISTI>0,000000</XAUS_ACQUISTI>
    <XFRA_ACQUISTI>0,000000</XFRA_ACQUISTI>
    <TOTALE_VENDITE>32314,658</TOTALE_VENDITE>
    <NAT_VENDITE>36211,658000</NAT_VENDITE>
    <CNOR_VENDITE>2324,949000</CNOR_VENDITE>
    <CSUD_VENDITE>2743,902000</CSUD_VENDITE>
    <NORD_VENDITE>15910,784000</NORD_VENDITE>
    <SARD_VENDITE>756,566000</SARD_VENDITE>
    <SICI_VENDITE>1240,817000</SICI_VENDITE>
    <SUD_VENDITE>1004,505000</SUD_VENDITE>
    <AUST_VENDITE>20,000000</AUST_VENDITE>
    <BRNN_VENDITE>1347,055000</BRNN_VENDITE>
    <COAC_VENDITE>0,000000</COAC_VENDITE>
    <CORS_VENDITE>0,000000</CORS_VENDITE>
    <FOGN_VENDITE>1055,823000</FOGN_VENDITE>
    <FRAN_VENDITE>99,000000</FRAN_VENDITE>
    <GREC_VENDITE>437,000000</GREC_VENDITE>
    <MFTV_VENDITE>0,000000</MFTV_VENDITE>
    <PRGP_VENDITE>0,000000</PRGP_VENDITE>
    <ROSN_VENDITE>1340,757000</ROSN_VENDITE>
    <SLOV_VENDITE>0,000000</SLOV_VENDITE>
    <SVIZ_VENDITE>4033,500000</SVIZ_VENDITE>
    <BSP_VENDITE>694,000000</BSP_VENDITE>
    <MALT_VENDITE>0,000000</MALT_VENDITE>
    <XAUS_VENDITE>284,000000</XAUS_VENDITE>
    <XFRA_VENDITE>2896,000000</XFRA_VENDITE>
    <TOTITABSP_VENDITE>33008,658</TOTITABSP_VENDITE>
    <TOTITABSP_ACQUISTI>36188,658</TOTITABSP_ACQUISTI>
  </Quantita>
  <Quantita>
    <Data>20180427</Data>
    <Mercato>MGP</Mercato>
    <Ora>23</Ora>
    <TOTALE_ACQUISTI>32989,788</TOTALE_ACQUISTI>
    <NAT_ACQUISTI>32989,788000</NAT_ACQUISTI>
    <CNOR_ACQUISTI>3571,835000</CNOR_ACQUISTI>
    <CSUD_ACQUISTI>5306,959000</CSUD_ACQUISTI>
    <NORD_ACQUISTI>18079,959000</NORD_ACQUISTI>
    <SARD_ACQUISTI>1035,541000</SARD_ACQUISTI>
    <SICI_ACQUISTI>2043,999000</SICI_ACQUISTI>
    <SUD_ACQUISTI>2751,495000</SUD_ACQUISTI>
    <AUST_ACQUISTI>0,000000</AUST_ACQUISTI>
    <BRNN_ACQUISTI>0,000000</BRNN_ACQUISTI>
    <COAC_ACQUISTI>45,000000</COAC_ACQUISTI>
    <CORS_ACQUISTI>19,000000</CORS_ACQUISTI>
    <FOGN_ACQUISTI>0,000000</FOGN_ACQUISTI>
    <FRAN_ACQUISTI>0,000000</FRAN_ACQUISTI>
    <GREC_ACQUISTI>20,000000</GREC_ACQUISTI>
    <MFTV_ACQUISTI>0,000000</MFTV_ACQUISTI>
    <PRGP_ACQUISTI>0,000000</PRGP_ACQUISTI>
    <ROSN_ACQUISTI>0,000000</ROSN_ACQUISTI>
    <SLOV_ACQUISTI>0,000000</SLOV_ACQUISTI>
    <SVIZ_ACQUISTI>0,000000</SVIZ_ACQUISTI>
    <BSP_ACQUISTI>0,000000</BSP_ACQUISTI>
    <MALT_ACQUISTI>116,000000</MALT_ACQUISTI>
    <XAUS_ACQUISTI>0,000000</XAUS_ACQUISTI>
    <XFRA_ACQUISTI>0,000000</XFRA_ACQUISTI>
    <TOTALE_VENDITE>29115,788</TOTALE_VENDITE>
    <NAT_VENDITE>32989,788000</NAT_VENDITE>
    <CNOR_VENDITE>2060,844000</CNOR_VENDITE>
    <CSUD_VENDITE>2558,113000</CSUD_VENDITE>
    <NORD_VENDITE>13750,459000</NORD_VENDITE>
    <SARD_VENDITE>733,222000</SARD_VENDITE>
    <SICI_VENDITE>1059,999000</SICI_VENDITE>
    <SUD_VENDITE>936,483000</SUD_VENDITE>
    <AUST_VENDITE>20,000000</AUST_VENDITE>
    <BRNN_VENDITE>1283,872000</BRNN_VENDITE>
    <COAC_VENDITE>0,000000</COAC_VENDITE>
    <CORS_VENDITE>0,000000</CORS_VENDITE>
    <FOGN_VENDITE>1058,820000</FOGN_VENDITE>
    <FRAN_VENDITE>99,000000</FRAN_VENDITE>
    <GREC_VENDITE>408,000000</GREC_VENDITE>
    <MFTV_VENDITE>0,000000</MFTV_VENDITE>
    <PRGP_VENDITE>0,000000</PRGP_VENDITE>
    <ROSN_VENDITE>1110,476000</ROSN_VENDITE>
    <SLOV_VENDITE>0,000000</SLOV_VENDITE>
    <SVIZ_VENDITE>4036,500000</SVIZ_VENDITE>
    <BSP_VENDITE>694,000000</BSP_VENDITE>
    <MALT_VENDITE>0,000000</MALT_VENDITE>
    <XAUS_VENDITE>284,000000</XAUS_VENDITE>
    <XFRA_VENDITE>2896,000000</XFRA_VENDITE>
    <TOTITABSP_VENDITE>29809,788</TOTITABSP_VENDITE>
    <TOTITABSP_ACQUISTI>32989,788</TOTITABSP_ACQUISTI>
  </Quantita>
  <Quantita>
    <Data>20180427</Data>
    <Mercato>MGP</Mercato>
    <Ora>24</Ora>
    <TOTALE_ACQUISTI>30015,845</TOTALE_ACQUISTI>
    <NAT_ACQUISTI>30159,845000</NAT_ACQUISTI>
    <CNOR_ACQUISTI>3200,766000</CNOR_ACQUISTI>
    <CSUD_ACQUISTI>4679,734000</CSUD_ACQUISTI>
    <NORD_ACQUISTI>16631,895000</NORD_ACQUISTI>
    <SARD_ACQUISTI>945,595000</SARD_ACQUISTI>
    <SICI_ACQUISTI>1851,472000</SICI_ACQUISTI>
    <SUD_ACQUISTI>2418,383000</SUD_ACQUISTI>
    <AUST_ACQUISTI>0,000000</AUST_ACQUISTI>
    <BRNN_ACQUISTI>0,000000</BRNN_ACQUISTI>
    <COAC_ACQUISTI>55,000000</COAC_ACQUISTI>
    <CORS_ACQUISTI>19,000000</CORS_ACQUISTI>
    <FOGN_ACQUISTI>0,000000</FOGN_ACQUISTI>
    <FRAN_ACQUISTI>0,000000</FRAN_ACQUISTI>
    <GREC_ACQUISTI>134,000000</GREC_ACQUISTI>
    <MFTV_ACQUISTI>0,000000</MFTV_ACQUISTI>
    <PRGP_ACQUISTI>0,000000</PRGP_ACQUISTI>
    <ROSN_ACQUISTI>0,000000</ROSN_ACQUISTI>
    <SLOV_ACQUISTI>0,000000</SLOV_ACQUISTI>
    <SVIZ_ACQUISTI>0,000000</SVIZ_ACQUISTI>
    <BSP_ACQUISTI>0,000000</BSP_ACQUISTI>
    <MALT_ACQUISTI>80,000000</MALT_ACQUISTI>
    <XAUS_ACQUISTI>0,000000</XAUS_ACQUISTI>
    <XFRA_ACQUISTI>0,000000</XFRA_ACQUISTI>
    <TOTALE_VENDITE>26434,845</TOTALE_VENDITE>
    <NAT_VENDITE>30159,845000</NAT_VENDITE>
    <CNOR_VENDITE>1900,766000</CNOR_VENDITE>
    <CSUD_VENDITE>1654,308000</CSUD_VENDITE>
    <NORD_VENDITE>13105,895000</NORD_VENDITE>
    <SARD_VENDITE>725,548000</SARD_VENDITE>
    <SICI_VENDITE>1033,660000</SICI_VENDITE>
    <SUD_VENDITE>1057,360000</SUD_VENDITE>
    <AUST_VENDITE>20,000000</AUST_VENDITE>
    <BRNN_VENDITE>1241,118000</BRNN_VENDITE>
    <COAC_VENDITE>0,000000</COAC_VENDITE>
    <CORS_VENDITE>0,000000</CORS_VENDITE>
    <FOGN_VENDITE>757,367000</FOGN_VENDITE>
    <FRAN_VENDITE>99,000000</FRAN_VENDITE>
    <GREC_VENDITE>336,000000</GREC_VENDITE>
    <MFTV_VENDITE>0,000000</MFTV_VENDITE>
    <PRGP_VENDITE>0,000000</PRGP_VENDITE>
    <ROSN_VENDITE>977,823000</ROSN_VENDITE>
    <SLOV_VENDITE>0,000000</SLOV_VENDITE>
    <SVIZ_VENDITE>3526,000000</SVIZ_VENDITE>
    <BSP_VENDITE>586,000000</BSP_VENDITE>
    <MALT_VENDITE>0,000000</MALT_VENDITE>
    <XAUS_VENDITE>263,000000</XAUS_VENDITE>
    <XFRA_VENDITE>2732,000000</XFRA_VENDITE>
    <TOTITABSP_VENDITE>27020,845</TOTITABSP_VENDITE>
    <TOTITABSP_ACQUISTI>30015,845</TOTITABSP_ACQUISTI>
  </Quantita>
</NewDataSet>