<?xml version="1.0" standalone="yes"?>
<NewDataSet>
  <xs:schema id="NewDataSet" xmlns="" xmlns:xs="http://www.w3.org/2001/XMLSchema" xmlns:msdata="urn:schemas-microsoft-com:xml-msdata">
    <xs:element name="NewDataSet" msdata:IsDataSet="true" msdata:UseCurrentLocale="true">
      <xs:complexType>
        <xs:choice minOccurs="0" maxOccurs="unbounded">
          <xs:element name="Quantita">
            <xs:complexType>
              <xs:sequence>
                <xs:element name="Data" type="xs:string" minOccurs="0" />
                <xs:element name="Mercato" type="xs:string" minOccurs="0" />
                <xs:element name="Ora" type="xs:string" minOccurs="0" />
                <xs:element name="TOTALE_ACQUISTI" type="xs:string" minOccurs="0" />
                <xs:element name="NAT_ACQUISTI" type="xs:string" minOccurs="0" />
                <xs:element name="CNOR_ACQUISTI" type="xs:string" minOccurs="0" />
                <xs:element name="CSUD_ACQUISTI" type="xs:string" minOccurs="0" />
                <xs:element name="NORD_ACQUISTI" type="xs:string" minOccurs="0" />
                <xs:element name="SARD_ACQUISTI" type="xs:string" minOccurs="0" />
                <xs:element name="SICI_ACQUISTI" type="xs:string" minOccurs="0" />
                <xs:element name="SUD_ACQUISTI" type="xs:string" minOccurs="0" />
                <xs:element name="AUST_ACQUISTI" type="xs:string" minOccurs="0" />
                <xs:element name="BRNN_ACQUISTI" type="xs:string" minOccurs="0" />
                <xs:element name="COAC_ACQUISTI" type="xs:string" minOccurs="0" />
                <xs:element name="CORS_ACQUISTI" type="xs:string" minOccurs="0" />
                <xs:element name="FOGN_ACQUISTI" type="xs:string" minOccurs="0" />
                <xs:element name="FRAN_ACQUISTI" type="xs:string" minOccurs="0" />
                <xs:element name="GREC_ACQUISTI" type="xs:string" minOccurs="0" />
                <xs:element name="MFTV_ACQUISTI" type="xs:string" minOccurs="0" />
                <xs:element name="PRGP_ACQUISTI" type="xs:string" minOccurs="0" />
                <xs:element name="ROSN_ACQUISTI" type="xs:string" minOccurs="0" />
                <xs:element name="SLOV_ACQUISTI" type="xs:string" minOccurs="0" />
                <xs:element name="SVIZ_ACQUISTI" type="xs:string" minOccurs="0" />
                <xs:element name="BSP_ACQUISTI" type="xs:string" minOccurs="0" />
                <xs:element name="MALT_ACQUISTI" type="xs:string" minOccurs="0" />
                <xs:element name="XAUS_ACQUISTI" type="xs:string" minOccurs="0" />
                <xs:element name="XFRA_ACQUISTI" type="xs:string" minOccurs="0" />
                <xs:element name="TOTALE_VENDITE" type="xs:string" minOccurs="0" />
                <xs:element name="NAT_VENDITE" type="xs:string" minOccurs="0" />
                <xs:element name="CNOR_VENDITE" type="xs:string" minOccurs="0" />
                <xs:element name="CSUD_VENDITE" type="xs:string" minOccurs="0" />
                <xs:element name="NORD_VENDITE" type="xs:string" minOccurs="0" />
                <xs:element name="SARD_VENDITE" type="xs:string" minOccurs="0" />
                <xs:element name="SICI_VENDITE" type="xs:string" minOccurs="0" />
                <xs:element name="SUD_VENDITE" type="xs:string" minOccurs="0" />
                <xs:element name="AUST_VENDITE" type="xs:string" minOccurs="0" />
                <xs:element name="BRNN_VENDITE" type="xs:string" minOccurs="0" />
                <xs:element name="COAC_VENDITE" type="xs:string" minOccurs="0" />
                <xs:element name="CORS_VENDITE" type="xs:string" minOccurs="0" />
                <xs:element name="FOGN_VENDITE" type="xs:string" minOccurs="0" />
                <xs:element name="FRAN_VENDITE" type="xs:string" minOccurs="0" />
                <xs:element name="GREC_VENDITE" type="xs:string" minOccurs="0" />
                <xs:element name="MFTV_VENDITE" type="xs:string" minOccurs="0" />
                <xs:element name="PRGP_VENDITE" type="xs:string" minOccurs="0" />
                <xs:element name="ROSN_VENDITE" type="xs:string" minOccurs="0" />
                <xs:element name="SLOV_VENDITE" type="xs:string" minOccurs="0" />
                <xs:element name="SVIZ_VENDITE" type="xs:string" minOccurs="0" />
                <xs:element name="BSP_VENDITE" type="xs:string" minOccurs="0" />
                <xs:element name="MALT_VENDITE" type="xs:string" minOccurs="0" />
                <xs:element name="XAUS_VENDITE" type="xs:string" minOccurs="0" />
                <xs:element name="XFRA_VENDITE" type="xs:string" minOccurs="0" />
                <xs:element name="TOTITABSP_VENDITE" msdata:ReadOnly="true" msdata:Expression="Convert(TOTALE_VENDITE, System.Double) + Convert(BSP_VENDITE,System.Double)" type="xs:string" minOccurs="0" />
                <xs:element name="TOTITABSP_ACQUISTI" msdata:ReadOnly="true" msdata:Expression="Convert(TOTALE_ACQUISTI, System.Double) + Convert(BSP_ACQUISTI, System.Double)" type="xs:string" minOccurs="0" />
              </xs:sequence>
            </xs:complexType>
          </xs:element>
        </xs:choice>
      </xs:complexType>
    </xs:element>
  </xs:schema>
  <Quantita>
    <Data>20180401</Data>
    <Mercato>MGP</Mercato>
    <Ora>1</Ora>
    <TOTALE_ACQUISTI>23174,301</TOTALE_ACQUISTI>
    <NAT_ACQUISTI>23174,301000</NAT_ACQUISTI>
    <CNOR_ACQUISTI>2530,179000</CNOR_ACQUISTI>
    <CSUD_ACQUISTI>4010,511000</CSUD_ACQUISTI>
    <NORD_ACQUISTI>11871,895000</NORD_ACQUISTI>
    <SARD_ACQUISTI>832,115000</SARD_ACQUISTI>
    <SICI_ACQUISTI>1608,608000</SICI_ACQUISTI>
    <SUD_ACQUISTI>2099,993000</SUD_ACQUISTI>
    <AUST_ACQUISTI>0,000000</AUST_ACQUISTI>
    <BRNN_ACQUISTI>0,000000</BRNN_ACQUISTI>
    <COAC_ACQUISTI>64,000000</COAC_ACQUISTI>
    <CORS_ACQUISTI>5,000000</CORS_ACQUISTI>
    <FOGN_ACQUISTI>0,000000</FOGN_ACQUISTI>
    <FRAN_ACQUISTI>0,000000</FRAN_ACQUISTI>
    <GREC_ACQUISTI>0,000000</GREC_ACQUISTI>
    <MFTV_ACQUISTI>0,000000</MFTV_ACQUISTI>
    <PRGP_ACQUISTI>0,000000</PRGP_ACQUISTI>
    <ROSN_ACQUISTI>0,000000</ROSN_ACQUISTI>
    <SLOV_ACQUISTI>0,000000</SLOV_ACQUISTI>
    <SVIZ_ACQUISTI>0,000000</SVIZ_ACQUISTI>
    <BSP_ACQUISTI>0,000000</BSP_ACQUISTI>
    <MALT_ACQUISTI>152,000000</MALT_ACQUISTI>
    <XAUS_ACQUISTI>0,000000</XAUS_ACQUISTI>
    <XFRA_ACQUISTI>0,000000</XFRA_ACQUISTI>
    <TOTALE_VENDITE>22344,5</TOTALE_VENDITE>
    <NAT_VENDITE>23174,301000</NAT_VENDITE>
    <CNOR_VENDITE>1710,882000</CNOR_VENDITE>
    <CSUD_VENDITE>2031,656000</CSUD_VENDITE>
    <NORD_VENDITE>7511,391000</NORD_VENDITE>
    <SARD_VENDITE>1460,232000</SARD_VENDITE>
    <SICI_VENDITE>1690,586000</SICI_VENDITE>
    <SUD_VENDITE>3841,273000</SUD_VENDITE>
    <AUST_VENDITE>0,000000</AUST_VENDITE>
    <BRNN_VENDITE>1274,543000</BRNN_VENDITE>
    <COAC_VENDITE>0,000000</COAC_VENDITE>
    <CORS_VENDITE>0,000000</CORS_VENDITE>
    <FOGN_VENDITE>42,704000</FOGN_VENDITE>
    <FRAN_VENDITE>99,000000</FRAN_VENDITE>
    <GREC_VENDITE>293,000000</GREC_VENDITE>
    <MFTV_VENDITE>0,000000</MFTV_VENDITE>
    <PRGP_VENDITE>0,000000</PRGP_VENDITE>
    <ROSN_VENDITE>1133,233000</ROSN_VENDITE>
    <SLOV_VENDITE>0,000000</SLOV_VENDITE>
    <SVIZ_VENDITE>1256,000000</SVIZ_VENDITE>
    <BSP_VENDITE>207,000000</BSP_VENDITE>
    <MALT_VENDITE>0,000000</MALT_VENDITE>
    <XAUS_VENDITE>97,000000</XAUS_VENDITE>
    <XFRA_VENDITE>525,801000</XFRA_VENDITE>
    <TOTITABSP_VENDITE>22551,5</TOTITABSP_VENDITE>
    <TOTITABSP_ACQUISTI>23174,301</TOTITABSP_ACQUISTI>
  </Quantita>
  <Quantita>
    <Data>20180401</Data>
    <Mercato>MGP</Mercato>
    <Ora>2</Ora>
    <TOTALE_ACQUISTI>21470,802</TOTALE_ACQUISTI>
    <NAT_ACQUISTI>21457,802000</NAT_ACQUISTI>
    <CNOR_ACQUISTI>2334,112000</CNOR_ACQUISTI>
    <CSUD_ACQUISTI>3657,014000</CSUD_ACQUISTI>
    <NORD_ACQUISTI>11095,071000</NORD_ACQUISTI>
    <SARD_ACQUISTI>777,695000</SARD_ACQUISTI>
    <SICI_ACQUISTI>1483,366000</SICI_ACQUISTI>
    <SUD_ACQUISTI>1933,544000</SUD_ACQUISTI>
    <AUST_ACQUISTI>0,000000</AUST_ACQUISTI>
    <BRNN_ACQUISTI>0,000000</BRNN_ACQUISTI>
    <COAC_ACQUISTI>30,000000</COAC_ACQUISTI>
    <CORS_ACQUISTI>5,000000</CORS_ACQUISTI>
    <FOGN_ACQUISTI>0,000000</FOGN_ACQUISTI>
    <FRAN_ACQUISTI>0,000000</FRAN_ACQUISTI>
    <GREC_ACQUISTI>5,000000</GREC_ACQUISTI>
    <MFTV_ACQUISTI>0,000000</MFTV_ACQUISTI>
    <PRGP_ACQUISTI>0,000000</PRGP_ACQUISTI>
    <ROSN_ACQUISTI>0,000000</ROSN_ACQUISTI>
    <SLOV_ACQUISTI>0,000000</SLOV_ACQUISTI>
    <SVIZ_ACQUISTI>0,000000</SVIZ_ACQUISTI>
    <BSP_ACQUISTI>0,000000</BSP_ACQUISTI>
    <MALT_ACQUISTI>150,000000</MALT_ACQUISTI>
    <XAUS_ACQUISTI>0,000000</XAUS_ACQUISTI>
    <XFRA_ACQUISTI>0,000000</XFRA_ACQUISTI>
    <TOTALE_VENDITE>21105,802</TOTALE_VENDITE>
    <NAT_VENDITE>21457,802000</NAT_VENDITE>
    <CNOR_VENDITE>1691,952000</CNOR_VENDITE>
    <CSUD_VENDITE>1940,719000</CSUD_VENDITE>
    <NORD_VENDITE>7792,231000</NORD_VENDITE>
    <SARD_VENDITE>1428,897000</SARD_VENDITE>
    <SICI_VENDITE>1647,785000</SICI_VENDITE>
    <SUD_VENDITE>3567,159000</SUD_VENDITE>
    <AUST_VENDITE>0,000000</AUST_VENDITE>
    <BRNN_VENDITE>1267,634000</BRNN_VENDITE>
    <COAC_VENDITE>0,000000</COAC_VENDITE>
    <CORS_VENDITE>0,000000</CORS_VENDITE>
    <FOGN_VENDITE>40,779000</FOGN_VENDITE>
    <FRAN_VENDITE>99,000000</FRAN_VENDITE>
    <GREC_VENDITE>251,000000</GREC_VENDITE>
    <MFTV_VENDITE>0,000000</MFTV_VENDITE>
    <PRGP_VENDITE>0,000000</PRGP_VENDITE>
    <ROSN_VENDITE>892,646000</ROSN_VENDITE>
    <SLOV_VENDITE>0,000000</SLOV_VENDITE>
    <SVIZ_VENDITE>486,000000</SVIZ_VENDITE>
    <BSP_VENDITE>80,000000</BSP_VENDITE>
    <MALT_VENDITE>0,000000</MALT_VENDITE>
    <XAUS_VENDITE>40,000000</XAUS_VENDITE>
    <XFRA_VENDITE>245,000000</XFRA_VENDITE>
    <TOTITABSP_VENDITE>21185,802</TOTITABSP_VENDITE>
    <TOTITABSP_ACQUISTI>21470,802</TOTITABSP_ACQUISTI>
  </Quantita>
  <Quantita>
    <Data>20180401</Data>
    <Mercato>MGP</Mercato>
    <Ora>3</Ora>
    <TOTALE_ACQUISTI>20454,126</TOTALE_ACQUISTI>
    <NAT_ACQUISTI>20490,260000</NAT_ACQUISTI>
    <CNOR_ACQUISTI>2209,895000</CNOR_ACQUISTI>
    <CSUD_ACQUISTI>3425,130000</CSUD_ACQUISTI>
    <NORD_ACQUISTI>10649,868000</NORD_ACQUISTI>
    <SARD_ACQUISTI>744,957000</SARD_ACQUISTI>
    <SICI_ACQUISTI>1390,737000</SICI_ACQUISTI>
    <SUD_ACQUISTI>1833,539000</SUD_ACQUISTI>
    <AUST_ACQUISTI>0,000000</AUST_ACQUISTI>
    <BRNN_ACQUISTI>0,000000</BRNN_ACQUISTI>
    <COAC_ACQUISTI>20,000000</COAC_ACQUISTI>
    <CORS_ACQUISTI>5,000000</CORS_ACQUISTI>
    <FOGN_ACQUISTI>0,000000</FOGN_ACQUISTI>
    <FRAN_ACQUISTI>0,000000</FRAN_ACQUISTI>
    <GREC_ACQUISTI>35,000000</GREC_ACQUISTI>
    <MFTV_ACQUISTI>0,000000</MFTV_ACQUISTI>
    <PRGP_ACQUISTI>0,000000</PRGP_ACQUISTI>
    <ROSN_ACQUISTI>0,000000</ROSN_ACQUISTI>
    <SLOV_ACQUISTI>0,000000</SLOV_ACQUISTI>
    <SVIZ_ACQUISTI>0,000000</SVIZ_ACQUISTI>
    <BSP_ACQUISTI>0,000000</BSP_ACQUISTI>
    <MALT_ACQUISTI>140,000000</MALT_ACQUISTI>
    <XAUS_ACQUISTI>0,000000</XAUS_ACQUISTI>
    <XFRA_ACQUISTI>0,000000</XFRA_ACQUISTI>
    <TOTALE_VENDITE>20089,126</TOTALE_VENDITE>
    <NAT_VENDITE>20490,260000</NAT_VENDITE>
    <CNOR_VENDITE>1672,157000</CNOR_VENDITE>
    <CSUD_VENDITE>1903,726000</CSUD_VENDITE>
    <NORD_VENDITE>7242,606000</NORD_VENDITE>
    <SARD_VENDITE>1436,294000</SARD_VENDITE>
    <SICI_VENDITE>1619,195000</SICI_VENDITE>
    <SUD_VENDITE>3225,069000</SUD_VENDITE>
    <AUST_VENDITE>0,000000</AUST_VENDITE>
    <BRNN_VENDITE>1255,361000</BRNN_VENDITE>
    <COAC_VENDITE>0,000000</COAC_VENDITE>
    <CORS_VENDITE>0,000000</CORS_VENDITE>
    <FOGN_VENDITE>36,440000</FOGN_VENDITE>
    <FRAN_VENDITE>99,000000</FRAN_VENDITE>
    <GREC_VENDITE>221,000000</GREC_VENDITE>
    <MFTV_VENDITE>0,000000</MFTV_VENDITE>
    <PRGP_VENDITE>0,000000</PRGP_VENDITE>
    <ROSN_VENDITE>892,278000</ROSN_VENDITE>
    <SLOV_VENDITE>0,000000</SLOV_VENDITE>
    <SVIZ_VENDITE>486,000000</SVIZ_VENDITE>
    <BSP_VENDITE>80,000000</BSP_VENDITE>
    <MALT_VENDITE>0,000000</MALT_VENDITE>
    <XAUS_VENDITE>40,000000</XAUS_VENDITE>
    <XFRA_VENDITE>245,000000</XFRA_VENDITE>
    <TOTITABSP_VENDITE>20169,126</TOTITABSP_VENDITE>
    <TOTITABSP_ACQUISTI>20454,126</TOTITABSP_ACQUISTI>
  </Quantita>
  <Quantita>
    <Data>20180401</Data>
    <Mercato>MGP</Mercato>
    <Ora>4</Ora>
    <TOTALE_ACQUISTI>20075,446</TOTALE_ACQUISTI>
    <NAT_ACQUISTI>20075,446000</NAT_ACQUISTI>
    <CNOR_ACQUISTI>2193,222000</CNOR_ACQUISTI>
    <CSUD_ACQUISTI>3315,403000</CSUD_ACQUISTI>
    <NORD_ACQUISTI>10484,104000</NORD_ACQUISTI>
    <SARD_ACQUISTI>731,833000</SARD_ACQUISTI>
    <SICI_ACQUISTI>1344,565000</SICI_ACQUISTI>
    <SUD_ACQUISTI>1800,319000</SUD_ACQUISTI>
    <AUST_ACQUISTI>0,000000</AUST_ACQUISTI>
    <BRNN_ACQUISTI>0,000000</BRNN_ACQUISTI>
    <COAC_ACQUISTI>20,000000</COAC_ACQUISTI>
    <CORS_ACQUISTI>5,000000</CORS_ACQUISTI>
    <FOGN_ACQUISTI>0,000000</FOGN_ACQUISTI>
    <FRAN_ACQUISTI>0,000000</FRAN_ACQUISTI>
    <GREC_ACQUISTI>45,000000</GREC_ACQUISTI>
    <MFTV_ACQUISTI>0,000000</MFTV_ACQUISTI>
    <PRGP_ACQUISTI>0,000000</PRGP_ACQUISTI>
    <ROSN_ACQUISTI>0,000000</ROSN_ACQUISTI>
    <SLOV_ACQUISTI>0,000000</SLOV_ACQUISTI>
    <SVIZ_ACQUISTI>0,000000</SVIZ_ACQUISTI>
    <BSP_ACQUISTI>0,000000</BSP_ACQUISTI>
    <MALT_ACQUISTI>136,000000</MALT_ACQUISTI>
    <XAUS_ACQUISTI>0,000000</XAUS_ACQUISTI>
    <XFRA_ACQUISTI>0,000000</XFRA_ACQUISTI>
    <TOTALE_VENDITE>19677,446</TOTALE_VENDITE>
    <NAT_VENDITE>20075,446000</NAT_VENDITE>
    <CNOR_VENDITE>1666,127000</CNOR_VENDITE>
    <CSUD_VENDITE>1840,779000</CSUD_VENDITE>
    <NORD_VENDITE>7016,199000</NORD_VENDITE>
    <SARD_VENDITE>1456,254000</SARD_VENDITE>
    <SICI_VENDITE>1590,152000</SICI_VENDITE>
    <SUD_VENDITE>3156,000000</SUD_VENDITE>
    <AUST_VENDITE>0,000000</AUST_VENDITE>
    <BRNN_VENDITE>1235,617000</BRNN_VENDITE>
    <COAC_VENDITE>0,000000</COAC_VENDITE>
    <CORS_VENDITE>0,000000</CORS_VENDITE>
    <FOGN_VENDITE>20,567000</FOGN_VENDITE>
    <FRAN_VENDITE>99,000000</FRAN_VENDITE>
    <GREC_VENDITE>217,000000</GREC_VENDITE>
    <MFTV_VENDITE>0,000000</MFTV_VENDITE>
    <PRGP_VENDITE>0,000000</PRGP_VENDITE>
    <ROSN_VENDITE>876,751000</ROSN_VENDITE>
    <SLOV_VENDITE>0,000000</SLOV_VENDITE>
    <SVIZ_VENDITE>503,000000</SVIZ_VENDITE>
    <BSP_VENDITE>87,000000</BSP_VENDITE>
    <MALT_VENDITE>0,000000</MALT_VENDITE>
    <XAUS_VENDITE>37,000000</XAUS_VENDITE>
    <XFRA_VENDITE>274,000000</XFRA_VENDITE>
    <TOTITABSP_VENDITE>19764,446</TOTITABSP_VENDITE>
    <TOTITABSP_ACQUISTI>20075,446</TOTITABSP_ACQUISTI>
  </Quantita>
  <Quantita>
    <Data>20180401</Data>
    <Mercato>MGP</Mercato>
    <Ora>5</Ora>
    <TOTALE_ACQUISTI>19867,504</TOTALE_ACQUISTI>
    <NAT_ACQUISTI>19867,504000</NAT_ACQUISTI>
    <CNOR_ACQUISTI>2151,522000</CNOR_ACQUISTI>
    <CSUD_ACQUISTI>3250,747000</CSUD_ACQUISTI>
    <NORD_ACQUISTI>10426,497000</NORD_ACQUISTI>
    <SARD_ACQUISTI>725,706000</SARD_ACQUISTI>
    <SICI_ACQUISTI>1324,771000</SICI_ACQUISTI>
    <SUD_ACQUISTI>1779,261000</SUD_ACQUISTI>
    <AUST_ACQUISTI>0,000000</AUST_ACQUISTI>
    <BRNN_ACQUISTI>0,000000</BRNN_ACQUISTI>
    <COAC_ACQUISTI>20,000000</COAC_ACQUISTI>
    <CORS_ACQUISTI>5,000000</CORS_ACQUISTI>
    <FOGN_ACQUISTI>0,000000</FOGN_ACQUISTI>
    <FRAN_ACQUISTI>0,000000</FRAN_ACQUISTI>
    <GREC_ACQUISTI>45,000000</GREC_ACQUISTI>
    <MFTV_ACQUISTI>0,000000</MFTV_ACQUISTI>
    <PRGP_ACQUISTI>0,000000</PRGP_ACQUISTI>
    <ROSN_ACQUISTI>0,000000</ROSN_ACQUISTI>
    <SLOV_ACQUISTI>0,000000</SLOV_ACQUISTI>
    <SVIZ_ACQUISTI>0,000000</SVIZ_ACQUISTI>
    <BSP_ACQUISTI>0,000000</BSP_ACQUISTI>
    <MALT_ACQUISTI>139,000000</MALT_ACQUISTI>
    <XAUS_ACQUISTI>0,000000</XAUS_ACQUISTI>
    <XFRA_ACQUISTI>0,000000</XFRA_ACQUISTI>
    <TOTALE_VENDITE>19469,504</TOTALE_VENDITE>
    <NAT_VENDITE>19867,504000</NAT_VENDITE>
    <CNOR_VENDITE>1640,479000</CNOR_VENDITE>
    <CSUD_VENDITE>1731,595000</CSUD_VENDITE>
    <NORD_VENDITE>6942,540000</NORD_VENDITE>
    <SARD_VENDITE>1471,236000</SARD_VENDITE>
    <SICI_VENDITE>1547,091000</SICI_VENDITE>
    <SUD_VENDITE>3193,392000</SUD_VENDITE>
    <AUST_VENDITE>0,000000</AUST_VENDITE>
    <BRNN_VENDITE>1221,721000</BRNN_VENDITE>
    <COAC_VENDITE>0,000000</COAC_VENDITE>
    <CORS_VENDITE>0,000000</CORS_VENDITE>
    <FOGN_VENDITE>22,025000</FOGN_VENDITE>
    <FRAN_VENDITE>99,000000</FRAN_VENDITE>
    <GREC_VENDITE>217,000000</GREC_VENDITE>
    <MFTV_VENDITE>0,000000</MFTV_VENDITE>
    <PRGP_VENDITE>0,000000</PRGP_VENDITE>
    <ROSN_VENDITE>880,425000</ROSN_VENDITE>
    <SLOV_VENDITE>0,000000</SLOV_VENDITE>
    <SVIZ_VENDITE>503,000000</SVIZ_VENDITE>
    <BSP_VENDITE>87,000000</BSP_VENDITE>
    <MALT_VENDITE>0,000000</MALT_VENDITE>
    <XAUS_VENDITE>37,000000</XAUS_VENDITE>
    <XFRA_VENDITE>274,000000</XFRA_VENDITE>
    <TOTITABSP_VENDITE>19556,504</TOTITABSP_VENDITE>
    <TOTITABSP_ACQUISTI>19867,504</TOTITABSP_ACQUISTI>
  </Quantita>
  <Quantita>
    <Data>20180401</Data>
    <Mercato>MGP</Mercato>
    <Ora>6</Ora>
    <TOTALE_ACQUISTI>19959,148</TOTALE_ACQUISTI>
    <NAT_ACQUISTI>20021,148000</NAT_ACQUISTI>
    <CNOR_ACQUISTI>2114,445000</CNOR_ACQUISTI>
    <CSUD_ACQUISTI>3281,526000</CSUD_ACQUISTI>
    <NORD_ACQUISTI>10487,054000</NORD_ACQUISTI>
    <SARD_ACQUISTI>735,342000</SARD_ACQUISTI>
    <SICI_ACQUISTI>1340,135000</SICI_ACQUISTI>
    <SUD_ACQUISTI>1785,646000</SUD_ACQUISTI>
    <AUST_ACQUISTI>0,000000</AUST_ACQUISTI>
    <BRNN_ACQUISTI>0,000000</BRNN_ACQUISTI>
    <COAC_ACQUISTI>20,000000</COAC_ACQUISTI>
    <CORS_ACQUISTI>5,000000</CORS_ACQUISTI>
    <FOGN_ACQUISTI>0,000000</FOGN_ACQUISTI>
    <FRAN_ACQUISTI>0,000000</FRAN_ACQUISTI>
    <GREC_ACQUISTI>40,000000</GREC_ACQUISTI>
    <MFTV_ACQUISTI>0,000000</MFTV_ACQUISTI>
    <PRGP_ACQUISTI>0,000000</PRGP_ACQUISTI>
    <ROSN_ACQUISTI>0,000000</ROSN_ACQUISTI>
    <SLOV_ACQUISTI>0,000000</SLOV_ACQUISTI>
    <SVIZ_ACQUISTI>0,000000</SVIZ_ACQUISTI>
    <BSP_ACQUISTI>0,000000</BSP_ACQUISTI>
    <MALT_ACQUISTI>150,000000</MALT_ACQUISTI>
    <XAUS_ACQUISTI>0,000000</XAUS_ACQUISTI>
    <XFRA_ACQUISTI>0,000000</XFRA_ACQUISTI>
    <TOTALE_VENDITE>19959,148</TOTALE_VENDITE>
    <NAT_VENDITE>20021,148000</NAT_VENDITE>
    <CNOR_VENDITE>1622,907000</CNOR_VENDITE>
    <CSUD_VENDITE>1791,512000</CSUD_VENDITE>
    <NORD_VENDITE>7638,054000</NORD_VENDITE>
    <SARD_VENDITE>1468,659000</SARD_VENDITE>
    <SICI_VENDITE>1524,232000</SICI_VENDITE>
    <SUD_VENDITE>3198,721000</SUD_VENDITE>
    <AUST_VENDITE>0,000000</AUST_VENDITE>
    <BRNN_VENDITE>1216,974000</BRNN_VENDITE>
    <COAC_VENDITE>0,000000</COAC_VENDITE>
    <CORS_VENDITE>0,000000</CORS_VENDITE>
    <FOGN_VENDITE>44,333000</FOGN_VENDITE>
    <FRAN_VENDITE>0,000000</FRAN_VENDITE>
    <GREC_VENDITE>222,000000</GREC_VENDITE>
    <MFTV_VENDITE>0,000000</MFTV_VENDITE>
    <PRGP_VENDITE>0,000000</PRGP_VENDITE>
    <ROSN_VENDITE>882,756000</ROSN_VENDITE>
    <SLOV_VENDITE>0,000000</SLOV_VENDITE>
    <SVIZ_VENDITE>349,000000</SVIZ_VENDITE>
    <BSP_VENDITE>0,000000</BSP_VENDITE>
    <MALT_VENDITE>0,000000</MALT_VENDITE>
    <XAUS_VENDITE>0,000000</XAUS_VENDITE>
    <XFRA_VENDITE>0,000000</XFRA_VENDITE>
    <TOTITABSP_VENDITE>19959,148</TOTITABSP_VENDITE>
    <TOTITABSP_ACQUISTI>19959,148</TOTITABSP_ACQUISTI>
  </Quantita>
  <Quantita>
    <Data>20180401</Data>
    <Mercato>MGP</Mercato>
    <Ora>7</Ora>
    <TOTALE_ACQUISTI>20392,632</TOTALE_ACQUISTI>
    <NAT_ACQUISTI>20434,632000</NAT_ACQUISTI>
    <CNOR_ACQUISTI>2149,704000</CNOR_ACQUISTI>
    <CSUD_ACQUISTI>3351,275000</CSUD_ACQUISTI>
    <NORD_ACQUISTI>10770,386000</NORD_ACQUISTI>
    <SARD_ACQUISTI>772,325000</SARD_ACQUISTI>
    <SICI_ACQUISTI>1375,813000</SICI_ACQUISTI>
    <SUD_ACQUISTI>1773,129000</SUD_ACQUISTI>
    <AUST_ACQUISTI>0,000000</AUST_ACQUISTI>
    <BRNN_ACQUISTI>0,000000</BRNN_ACQUISTI>
    <COAC_ACQUISTI>20,000000</COAC_ACQUISTI>
    <CORS_ACQUISTI>5,000000</CORS_ACQUISTI>
    <FOGN_ACQUISTI>0,000000</FOGN_ACQUISTI>
    <FRAN_ACQUISTI>0,000000</FRAN_ACQUISTI>
    <GREC_ACQUISTI>10,000000</GREC_ACQUISTI>
    <MFTV_ACQUISTI>0,000000</MFTV_ACQUISTI>
    <PRGP_ACQUISTI>0,000000</PRGP_ACQUISTI>
    <ROSN_ACQUISTI>0,000000</ROSN_ACQUISTI>
    <SLOV_ACQUISTI>0,000000</SLOV_ACQUISTI>
    <SVIZ_ACQUISTI>0,000000</SVIZ_ACQUISTI>
    <BSP_ACQUISTI>0,000000</BSP_ACQUISTI>
    <MALT_ACQUISTI>165,000000</MALT_ACQUISTI>
    <XAUS_ACQUISTI>0,000000</XAUS_ACQUISTI>
    <XFRA_ACQUISTI>0,000000</XFRA_ACQUISTI>
    <TOTALE_VENDITE>20392,632</TOTALE_VENDITE>
    <NAT_VENDITE>20434,632000</NAT_VENDITE>
    <CNOR_VENDITE>1654,704000</CNOR_VENDITE>
    <CSUD_VENDITE>1797,685000</CSUD_VENDITE>
    <NORD_VENDITE>7921,386000</NORD_VENDITE>
    <SARD_VENDITE>1471,883000</SARD_VENDITE>
    <SICI_VENDITE>1497,411000</SICI_VENDITE>
    <SUD_VENDITE>3325,627000</SUD_VENDITE>
    <AUST_VENDITE>0,000000</AUST_VENDITE>
    <BRNN_VENDITE>1214,725000</BRNN_VENDITE>
    <COAC_VENDITE>0,000000</COAC_VENDITE>
    <CORS_VENDITE>0,000000</CORS_VENDITE>
    <FOGN_VENDITE>42,724000</FOGN_VENDITE>
    <FRAN_VENDITE>0,000000</FRAN_VENDITE>
    <GREC_VENDITE>218,000000</GREC_VENDITE>
    <MFTV_VENDITE>0,000000</MFTV_VENDITE>
    <PRGP_VENDITE>0,030000</PRGP_VENDITE>
    <ROSN_VENDITE>899,457000</ROSN_VENDITE>
    <SLOV_VENDITE>0,000000</SLOV_VENDITE>
    <SVIZ_VENDITE>349,000000</SVIZ_VENDITE>
    <BSP_VENDITE>0,000000</BSP_VENDITE>
    <MALT_VENDITE>0,000000</MALT_VENDITE>
    <XAUS_VENDITE>0,000000</XAUS_VENDITE>
    <XFRA_VENDITE>0,000000</XFRA_VENDITE>
    <TOTITABSP_VENDITE>20392,632</TOTITABSP_VENDITE>
    <TOTITABSP_ACQUISTI>20392,632</TOTITABSP_ACQUISTI>
  </Quantita>
  <Quantita>
    <Data>20180401</Data>
    <Mercato>MGP</Mercato>
    <Ora>8</Ora>
    <TOTALE_ACQUISTI>20567,633</TOTALE_ACQUISTI>
    <NAT_ACQUISTI>20649,633000</NAT_ACQUISTI>
    <CNOR_ACQUISTI>2139,804000</CNOR_ACQUISTI>
    <CSUD_ACQUISTI>3420,098000</CSUD_ACQUISTI>
    <NORD_ACQUISTI>10768,967000</NORD_ACQUISTI>
    <SARD_ACQUISTI>788,201000</SARD_ACQUISTI>
    <SICI_ACQUISTI>1414,678000</SICI_ACQUISTI>
    <SUD_ACQUISTI>1815,885000</SUD_ACQUISTI>
    <AUST_ACQUISTI>0,000000</AUST_ACQUISTI>
    <BRNN_ACQUISTI>0,000000</BRNN_ACQUISTI>
    <COAC_ACQUISTI>20,000000</COAC_ACQUISTI>
    <CORS_ACQUISTI>5,000000</CORS_ACQUISTI>
    <FOGN_ACQUISTI>0,000000</FOGN_ACQUISTI>
    <FRAN_ACQUISTI>0,000000</FRAN_ACQUISTI>
    <GREC_ACQUISTI>10,000000</GREC_ACQUISTI>
    <MFTV_ACQUISTI>0,000000</MFTV_ACQUISTI>
    <PRGP_ACQUISTI>0,000000</PRGP_ACQUISTI>
    <ROSN_ACQUISTI>0,000000</ROSN_ACQUISTI>
    <SLOV_ACQUISTI>0,000000</SLOV_ACQUISTI>
    <SVIZ_ACQUISTI>0,000000</SVIZ_ACQUISTI>
    <BSP_ACQUISTI>0,000000</BSP_ACQUISTI>
    <MALT_ACQUISTI>185,000000</MALT_ACQUISTI>
    <XAUS_ACQUISTI>0,000000</XAUS_ACQUISTI>
    <XFRA_ACQUISTI>0,000000</XFRA_ACQUISTI>
    <TOTALE_VENDITE>20567,633</TOTALE_VENDITE>
    <NAT_VENDITE>20649,633000</NAT_VENDITE>
    <CNOR_VENDITE>1685,248000</CNOR_VENDITE>
    <CSUD_VENDITE>1828,666000</CSUD_VENDITE>
    <NORD_VENDITE>7919,967000</NORD_VENDITE>
    <SARD_VENDITE>1484,702000</SARD_VENDITE>
    <SICI_VENDITE>1528,311000</SICI_VENDITE>
    <SUD_VENDITE>3403,266000</SUD_VENDITE>
    <AUST_VENDITE>0,000000</AUST_VENDITE>
    <BRNN_VENDITE>1216,051000</BRNN_VENDITE>
    <COAC_VENDITE>0,000000</COAC_VENDITE>
    <CORS_VENDITE>0,000000</CORS_VENDITE>
    <FOGN_VENDITE>43,052000</FOGN_VENDITE>
    <FRAN_VENDITE>0,000000</FRAN_VENDITE>
    <GREC_VENDITE>209,000000</GREC_VENDITE>
    <MFTV_VENDITE>0,000000</MFTV_VENDITE>
    <PRGP_VENDITE>1,202000</PRGP_VENDITE>
    <ROSN_VENDITE>899,168000</ROSN_VENDITE>
    <SLOV_VENDITE>0,000000</SLOV_VENDITE>
    <SVIZ_VENDITE>349,000000</SVIZ_VENDITE>
    <BSP_VENDITE>0,000000</BSP_VENDITE>
    <MALT_VENDITE>0,000000</MALT_VENDITE>
    <XAUS_VENDITE>0,000000</XAUS_VENDITE>
    <XFRA_VENDITE>0,000000</XFRA_VENDITE>
    <TOTITABSP_VENDITE>20567,633</TOTITABSP_VENDITE>
    <TOTITABSP_ACQUISTI>20567,633</TOTITABSP_ACQUISTI>
  </Quantita>
  <Quantita>
    <Data>20180401</Data>
    <Mercato>MGP</Mercato>
    <Ora>9</Ora>
    <TOTALE_ACQUISTI>22301,77</TOTALE_ACQUISTI>
    <NAT_ACQUISTI>22355,905000</NAT_ACQUISTI>
    <CNOR_ACQUISTI>2397,064000</CNOR_ACQUISTI>
    <CSUD_ACQUISTI>3826,900000</CSUD_ACQUISTI>
    <NORD_ACQUISTI>11359,564000</NORD_ACQUISTI>
    <SARD_ACQUISTI>860,689000</SARD_ACQUISTI>
    <SICI_ACQUISTI>1615,601000</SICI_ACQUISTI>
    <SUD_ACQUISTI>2022,952000</SUD_ACQUISTI>
    <AUST_ACQUISTI>0,000000</AUST_ACQUISTI>
    <BRNN_ACQUISTI>0,000000</BRNN_ACQUISTI>
    <COAC_ACQUISTI>20,000000</COAC_ACQUISTI>
    <CORS_ACQUISTI>5,000000</CORS_ACQUISTI>
    <FOGN_ACQUISTI>0,000000</FOGN_ACQUISTI>
    <FRAN_ACQUISTI>0,000000</FRAN_ACQUISTI>
    <GREC_ACQUISTI>0,000000</GREC_ACQUISTI>
    <MFTV_ACQUISTI>0,000000</MFTV_ACQUISTI>
    <PRGP_ACQUISTI>0,000000</PRGP_ACQUISTI>
    <ROSN_ACQUISTI>0,000000</ROSN_ACQUISTI>
    <SLOV_ACQUISTI>0,000000</SLOV_ACQUISTI>
    <SVIZ_ACQUISTI>0,000000</SVIZ_ACQUISTI>
    <BSP_ACQUISTI>0,000000</BSP_ACQUISTI>
    <MALT_ACQUISTI>194,000000</MALT_ACQUISTI>
    <XAUS_ACQUISTI>0,000000</XAUS_ACQUISTI>
    <XFRA_ACQUISTI>0,000000</XFRA_ACQUISTI>
    <TOTALE_VENDITE>22301,77</TOTALE_VENDITE>
    <NAT_VENDITE>22355,905000</NAT_VENDITE>
    <CNOR_VENDITE>1902,064000</CNOR_VENDITE>
    <CSUD_VENDITE>2091,653000</CSUD_VENDITE>
    <NORD_VENDITE>8509,564000</NORD_VENDITE>
    <SARD_VENDITE>1530,652000</SARD_VENDITE>
    <SICI_VENDITE>1684,569000</SICI_VENDITE>
    <SUD_VENDITE>3919,372000</SUD_VENDITE>
    <AUST_VENDITE>0,000000</AUST_VENDITE>
    <BRNN_VENDITE>1215,951000</BRNN_VENDITE>
    <COAC_VENDITE>0,000000</COAC_VENDITE>
    <CORS_VENDITE>0,000000</CORS_VENDITE>
    <FOGN_VENDITE>44,657000</FOGN_VENDITE>
    <FRAN_VENDITE>0,000000</FRAN_VENDITE>
    <GREC_VENDITE>150,000000</GREC_VENDITE>
    <MFTV_VENDITE>0,000000</MFTV_VENDITE>
    <PRGP_VENDITE>3,420000</PRGP_VENDITE>
    <ROSN_VENDITE>899,868000</ROSN_VENDITE>
    <SLOV_VENDITE>0,000000</SLOV_VENDITE>
    <SVIZ_VENDITE>350,000000</SVIZ_VENDITE>
    <BSP_VENDITE>0,000000</BSP_VENDITE>
    <MALT_VENDITE>0,000000</MALT_VENDITE>
    <XAUS_VENDITE>0,000000</XAUS_VENDITE>
    <XFRA_VENDITE>0,000000</XFRA_VENDITE>
    <TOTITABSP_VENDITE>22301,77</TOTITABSP_VENDITE>
    <TOTITABSP_ACQUISTI>22301,77</TOTITABSP_ACQUISTI>
  </Quantita>
  <Quantita>
    <Data>20180401</Data>
    <Mercato>MGP</Mercato>
    <Ora>10</Ora>
    <TOTALE_ACQUISTI>23456,496</TOTALE_ACQUISTI>
    <NAT_ACQUISTI>23538,496000</NAT_ACQUISTI>
    <CNOR_ACQUISTI>2549,276000</CNOR_ACQUISTI>
    <CSUD_ACQUISTI>4161,346000</CSUD_ACQUISTI>
    <NORD_ACQUISTI>11727,527000</NORD_ACQUISTI>
    <SARD_ACQUISTI>898,540000</SARD_ACQUISTI>
    <SICI_ACQUISTI>1748,300000</SICI_ACQUISTI>
    <SUD_ACQUISTI>2153,507000</SUD_ACQUISTI>
    <AUST_ACQUISTI>0,000000</AUST_ACQUISTI>
    <BRNN_ACQUISTI>0,000000</BRNN_ACQUISTI>
    <COAC_ACQUISTI>20,000000</COAC_ACQUISTI>
    <CORS_ACQUISTI>5,000000</CORS_ACQUISTI>
    <FOGN_ACQUISTI>0,000000</FOGN_ACQUISTI>
    <FRAN_ACQUISTI>0,000000</FRAN_ACQUISTI>
    <GREC_ACQUISTI>10,000000</GREC_ACQUISTI>
    <MFTV_ACQUISTI>0,000000</MFTV_ACQUISTI>
    <PRGP_ACQUISTI>0,000000</PRGP_ACQUISTI>
    <ROSN_ACQUISTI>0,000000</ROSN_ACQUISTI>
    <SLOV_ACQUISTI>0,000000</SLOV_ACQUISTI>
    <SVIZ_ACQUISTI>0,000000</SVIZ_ACQUISTI>
    <BSP_ACQUISTI>0,000000</BSP_ACQUISTI>
    <MALT_ACQUISTI>183,000000</MALT_ACQUISTI>
    <XAUS_ACQUISTI>0,000000</XAUS_ACQUISTI>
    <XFRA_ACQUISTI>0,000000</XFRA_ACQUISTI>
    <TOTALE_VENDITE>23456,496</TOTALE_VENDITE>
    <NAT_VENDITE>23538,496000</NAT_VENDITE>
    <CNOR_VENDITE>2054,276000</CNOR_VENDITE>
    <CSUD_VENDITE>2269,318000</CSUD_VENDITE>
    <NORD_VENDITE>8877,527000</NORD_VENDITE>
    <SARD_VENDITE>1598,601000</SARD_VENDITE>
    <SICI_VENDITE>1868,906000</SICI_VENDITE>
    <SUD_VENDITE>4191,562000</SUD_VENDITE>
    <AUST_VENDITE>0,000000</AUST_VENDITE>
    <BRNN_VENDITE>1223,332000</BRNN_VENDITE>
    <COAC_VENDITE>0,000000</COAC_VENDITE>
    <CORS_VENDITE>0,000000</CORS_VENDITE>
    <FOGN_VENDITE>47,260000</FOGN_VENDITE>
    <FRAN_VENDITE>0,000000</FRAN_VENDITE>
    <GREC_VENDITE>68,000000</GREC_VENDITE>
    <MFTV_VENDITE>0,000000</MFTV_VENDITE>
    <PRGP_VENDITE>5,876000</PRGP_VENDITE>
    <ROSN_VENDITE>901,838000</ROSN_VENDITE>
    <SLOV_VENDITE>0,000000</SLOV_VENDITE>
    <SVIZ_VENDITE>350,000000</SVIZ_VENDITE>
    <BSP_VENDITE>0,000000</BSP_VENDITE>
    <MALT_VENDITE>0,000000</MALT_VENDITE>
    <XAUS_VENDITE>0,000000</XAUS_VENDITE>
    <XFRA_VENDITE>0,000000</XFRA_VENDITE>
    <TOTITABSP_VENDITE>23456,496</TOTITABSP_VENDITE>
    <TOTITABSP_ACQUISTI>23456,496</TOTITABSP_ACQUISTI>
  </Quantita>
  <Quantita>
    <Data>20180401</Data>
    <Mercato>MGP</Mercato>
    <Ora>11</Ora>
    <TOTALE_ACQUISTI>23975,198</TOTALE_ACQUISTI>
    <NAT_ACQUISTI>24263,485000</NAT_ACQUISTI>
    <CNOR_ACQUISTI>2639,644000</CNOR_ACQUISTI>
    <CSUD_ACQUISTI>4337,574000</CSUD_ACQUISTI>
    <NORD_ACQUISTI>11888,800000</NORD_ACQUISTI>
    <SARD_ACQUISTI>904,553000</SARD_ACQUISTI>
    <SICI_ACQUISTI>1803,394000</SICI_ACQUISTI>
    <SUD_ACQUISTI>2199,233000</SUD_ACQUISTI>
    <AUST_ACQUISTI>0,000000</AUST_ACQUISTI>
    <BRNN_ACQUISTI>0,000000</BRNN_ACQUISTI>
    <COAC_ACQUISTI>20,000000</COAC_ACQUISTI>
    <CORS_ACQUISTI>5,000000</CORS_ACQUISTI>
    <FOGN_ACQUISTI>0,000000</FOGN_ACQUISTI>
    <FRAN_ACQUISTI>0,000000</FRAN_ACQUISTI>
    <GREC_ACQUISTI>15,000000</GREC_ACQUISTI>
    <MFTV_ACQUISTI>0,000000</MFTV_ACQUISTI>
    <PRGP_ACQUISTI>0,000000</PRGP_ACQUISTI>
    <ROSN_ACQUISTI>0,000000</ROSN_ACQUISTI>
    <SLOV_ACQUISTI>0,000000</SLOV_ACQUISTI>
    <SVIZ_ACQUISTI>0,000000</SVIZ_ACQUISTI>
    <BSP_ACQUISTI>0,000000</BSP_ACQUISTI>
    <MALT_ACQUISTI>162,000000</MALT_ACQUISTI>
    <XAUS_ACQUISTI>0,000000</XAUS_ACQUISTI>
    <XFRA_ACQUISTI>235,447000</XFRA_ACQUISTI>
    <TOTALE_VENDITE>24210,645</TOTALE_VENDITE>
    <NAT_VENDITE>24263,485000</NAT_VENDITE>
    <CNOR_VENDITE>2144,644000</CNOR_VENDITE>
    <CSUD_VENDITE>2284,850000</CSUD_VENDITE>
    <NORD_VENDITE>9274,247000</NORD_VENDITE>
    <SARD_VENDITE>1596,967000</SARD_VENDITE>
    <SICI_VENDITE>2029,231000</SICI_VENDITE>
    <SUD_VENDITE>4324,382000</SUD_VENDITE>
    <AUST_VENDITE>0,000000</AUST_VENDITE>
    <BRNN_VENDITE>1216,327000</BRNN_VENDITE>
    <COAC_VENDITE>0,000000</COAC_VENDITE>
    <CORS_VENDITE>0,000000</CORS_VENDITE>
    <FOGN_VENDITE>29,734000</FOGN_VENDITE>
    <FRAN_VENDITE>0,000000</FRAN_VENDITE>
    <GREC_VENDITE>68,000000</GREC_VENDITE>
    <MFTV_VENDITE>0,000000</MFTV_VENDITE>
    <PRGP_VENDITE>7,848000</PRGP_VENDITE>
    <ROSN_VENDITE>884,415000</ROSN_VENDITE>
    <SLOV_VENDITE>0,000000</SLOV_VENDITE>
    <SVIZ_VENDITE>350,000000</SVIZ_VENDITE>
    <BSP_VENDITE>0,000000</BSP_VENDITE>
    <MALT_VENDITE>0,000000</MALT_VENDITE>
    <XAUS_VENDITE>0,000000</XAUS_VENDITE>
    <XFRA_VENDITE>0,000000</XFRA_VENDITE>
    <TOTITABSP_VENDITE>24210,645</TOTITABSP_VENDITE>
    <TOTITABSP_ACQUISTI>23975,198</TOTITABSP_ACQUISTI>
  </Quantita>
  <Quantita>
    <Data>20180401</Data>
    <Mercato>MGP</Mercato>
    <Ora>12</Ora>
    <TOTALE_ACQUISTI>24097,86</TOTALE_ACQUISTI>
    <NAT_ACQUISTI>24779,958000</NAT_ACQUISTI>
    <CNOR_ACQUISTI>2665,310000</CNOR_ACQUISTI>
    <CSUD_ACQUISTI>4409,409000</CSUD_ACQUISTI>
    <NORD_ACQUISTI>11885,214000</NORD_ACQUISTI>
    <SARD_ACQUISTI>896,859000</SARD_ACQUISTI>
    <SICI_ACQUISTI>1784,770000</SICI_ACQUISTI>
    <SUD_ACQUISTI>2215,298000</SUD_ACQUISTI>
    <AUST_ACQUISTI>0,000000</AUST_ACQUISTI>
    <BRNN_ACQUISTI>0,000000</BRNN_ACQUISTI>
    <COAC_ACQUISTI>20,000000</COAC_ACQUISTI>
    <CORS_ACQUISTI>5,000000</CORS_ACQUISTI>
    <FOGN_ACQUISTI>0,000000</FOGN_ACQUISTI>
    <FRAN_ACQUISTI>0,000000</FRAN_ACQUISTI>
    <GREC_ACQUISTI>65,000000</GREC_ACQUISTI>
    <MFTV_ACQUISTI>0,000000</MFTV_ACQUISTI>
    <PRGP_ACQUISTI>0,000000</PRGP_ACQUISTI>
    <ROSN_ACQUISTI>0,000000</ROSN_ACQUISTI>
    <SLOV_ACQUISTI>0,000000</SLOV_ACQUISTI>
    <SVIZ_ACQUISTI>0,000000</SVIZ_ACQUISTI>
    <BSP_ACQUISTI>0,000000</BSP_ACQUISTI>
    <MALT_ACQUISTI>151,000000</MALT_ACQUISTI>
    <XAUS_ACQUISTI>0,000000</XAUS_ACQUISTI>
    <XFRA_ACQUISTI>626,706000</XFRA_ACQUISTI>
    <TOTALE_VENDITE>24724,566</TOTALE_VENDITE>
    <NAT_VENDITE>24779,958000</NAT_VENDITE>
    <CNOR_VENDITE>2187,610000</CNOR_VENDITE>
    <CSUD_VENDITE>2367,636000</CSUD_VENDITE>
    <NORD_VENDITE>9661,920000</NORD_VENDITE>
    <SARD_VENDITE>1601,216000</SARD_VENDITE>
    <SICI_VENDITE>2131,775000</SICI_VENDITE>
    <SUD_VENDITE>4219,110000</SUD_VENDITE>
    <AUST_VENDITE>0,000000</AUST_VENDITE>
    <BRNN_VENDITE>1223,125000</BRNN_VENDITE>
    <COAC_VENDITE>0,000000</COAC_VENDITE>
    <CORS_VENDITE>0,000000</CORS_VENDITE>
    <FOGN_VENDITE>30,905000</FOGN_VENDITE>
    <FRAN_VENDITE>0,000000</FRAN_VENDITE>
    <GREC_VENDITE>58,000000</GREC_VENDITE>
    <MFTV_VENDITE>0,000000</MFTV_VENDITE>
    <PRGP_VENDITE>9,053000</PRGP_VENDITE>
    <ROSN_VENDITE>884,216000</ROSN_VENDITE>
    <SLOV_VENDITE>0,000000</SLOV_VENDITE>
    <SVIZ_VENDITE>350,000000</SVIZ_VENDITE>
    <BSP_VENDITE>0,000000</BSP_VENDITE>
    <MALT_VENDITE>0,000000</MALT_VENDITE>
    <XAUS_VENDITE>0,000000</XAUS_VENDITE>
    <XFRA_VENDITE>0,000000</XFRA_VENDITE>
    <TOTITABSP_VENDITE>24724,566</TOTITABSP_VENDITE>
    <TOTITABSP_ACQUISTI>24097,86</TOTITABSP_ACQUISTI>
  </Quantita>
  <Quantita>
    <Data>20180401</Data>
    <Mercato>MGP</Mercato>
    <Ora>13</Ora>
    <TOTALE_ACQUISTI>23667,451</TOTALE_ACQUISTI>
    <NAT_ACQUISTI>24829,988000</NAT_ACQUISTI>
    <CNOR_ACQUISTI>2595,256000</CNOR_ACQUISTI>
    <CSUD_ACQUISTI>4450,996000</CSUD_ACQUISTI>
    <NORD_ACQUISTI>11478,916000</NORD_ACQUISTI>
    <SARD_ACQUISTI>876,625000</SARD_ACQUISTI>
    <SICI_ACQUISTI>1749,780000</SICI_ACQUISTI>
    <SUD_ACQUISTI>2236,878000</SUD_ACQUISTI>
    <AUST_ACQUISTI>0,000000</AUST_ACQUISTI>
    <BRNN_ACQUISTI>0,000000</BRNN_ACQUISTI>
    <COAC_ACQUISTI>20,000000</COAC_ACQUISTI>
    <CORS_ACQUISTI>5,000000</CORS_ACQUISTI>
    <FOGN_ACQUISTI>0,000000</FOGN_ACQUISTI>
    <FRAN_ACQUISTI>0,000000</FRAN_ACQUISTI>
    <GREC_ACQUISTI>107,000000</GREC_ACQUISTI>
    <MFTV_ACQUISTI>0,000000</MFTV_ACQUISTI>
    <PRGP_ACQUISTI>0,000000</PRGP_ACQUISTI>
    <ROSN_ACQUISTI>0,000000</ROSN_ACQUISTI>
    <SLOV_ACQUISTI>0,000000</SLOV_ACQUISTI>
    <SVIZ_ACQUISTI>0,000000</SVIZ_ACQUISTI>
    <BSP_ACQUISTI>0,000000</BSP_ACQUISTI>
    <MALT_ACQUISTI>147,000000</MALT_ACQUISTI>
    <XAUS_ACQUISTI>0,000000</XAUS_ACQUISTI>
    <XFRA_ACQUISTI>1160,000000</XFRA_ACQUISTI>
    <TOTALE_VENDITE>24827,451</TOTALE_VENDITE>
    <NAT_VENDITE>24829,988000</NAT_VENDITE>
    <CNOR_VENDITE>2273,413000</CNOR_VENDITE>
    <CSUD_VENDITE>2400,627000</CSUD_VENDITE>
    <NORD_VENDITE>9788,916000</NORD_VENDITE>
    <SARD_VENDITE>1585,448000</SARD_VENDITE>
    <SICI_VENDITE>2131,242000</SICI_VENDITE>
    <SUD_VENDITE>4120,097000</SUD_VENDITE>
    <AUST_VENDITE>0,000000</AUST_VENDITE>
    <BRNN_VENDITE>1227,458000</BRNN_VENDITE>
    <COAC_VENDITE>0,000000</COAC_VENDITE>
    <CORS_VENDITE>0,000000</CORS_VENDITE>
    <FOGN_VENDITE>29,733000</FOGN_VENDITE>
    <FRAN_VENDITE>0,000000</FRAN_VENDITE>
    <GREC_VENDITE>28,000000</GREC_VENDITE>
    <MFTV_VENDITE>0,000000</MFTV_VENDITE>
    <PRGP_VENDITE>9,591000</PRGP_VENDITE>
    <ROSN_VENDITE>882,926000</ROSN_VENDITE>
    <SLOV_VENDITE>0,000000</SLOV_VENDITE>
    <SVIZ_VENDITE>350,000000</SVIZ_VENDITE>
    <BSP_VENDITE>0,000000</BSP_VENDITE>
    <MALT_VENDITE>0,000000</MALT_VENDITE>
    <XAUS_VENDITE>0,000000</XAUS_VENDITE>
    <XFRA_VENDITE>0,000000</XFRA_VENDITE>
    <TOTITABSP_VENDITE>24827,451</TOTITABSP_VENDITE>
    <TOTITABSP_ACQUISTI>23667,451</TOTITABSP_ACQUISTI>
  </Quantita>
  <Quantita>
    <Data>20180401</Data>
    <Mercato>MGP</Mercato>
    <Ora>14</Ora>
    <TOTALE_ACQUISTI>21783,887</TOTALE_ACQUISTI>
    <NAT_ACQUISTI>23415,887000</NAT_ACQUISTI>
    <CNOR_ACQUISTI>2318,351000</CNOR_ACQUISTI>
    <CSUD_ACQUISTI>4126,602000</CSUD_ACQUISTI>
    <NORD_ACQUISTI>10696,292000</NORD_ACQUISTI>
    <SARD_ACQUISTI>792,237000</SARD_ACQUISTI>
    <SICI_ACQUISTI>1565,065000</SICI_ACQUISTI>
    <SUD_ACQUISTI>2009,340000</SUD_ACQUISTI>
    <AUST_ACQUISTI>0,000000</AUST_ACQUISTI>
    <BRNN_ACQUISTI>0,000000</BRNN_ACQUISTI>
    <COAC_ACQUISTI>20,000000</COAC_ACQUISTI>
    <CORS_ACQUISTI>5,000000</CORS_ACQUISTI>
    <FOGN_ACQUISTI>0,000000</FOGN_ACQUISTI>
    <FRAN_ACQUISTI>0,000000</FRAN_ACQUISTI>
    <GREC_ACQUISTI>110,000000</GREC_ACQUISTI>
    <MFTV_ACQUISTI>0,000000</MFTV_ACQUISTI>
    <PRGP_ACQUISTI>0,000000</PRGP_ACQUISTI>
    <ROSN_ACQUISTI>0,000000</ROSN_ACQUISTI>
    <SLOV_ACQUISTI>0,000000</SLOV_ACQUISTI>
    <SVIZ_ACQUISTI>0,000000</SVIZ_ACQUISTI>
    <BSP_ACQUISTI>327,000000</BSP_ACQUISTI>
    <MALT_ACQUISTI>141,000000</MALT_ACQUISTI>
    <XAUS_ACQUISTI>145,000000</XAUS_ACQUISTI>
    <XFRA_ACQUISTI>1160,000000</XFRA_ACQUISTI>
    <TOTALE_VENDITE>23415,887</TOTALE_VENDITE>
    <NAT_VENDITE>23415,887000</NAT_VENDITE>
    <CNOR_VENDITE>2117,482000</CNOR_VENDITE>
    <CSUD_VENDITE>2376,393000</CSUD_VENDITE>
    <NORD_VENDITE>9478,292000</NORD_VENDITE>
    <SARD_VENDITE>1524,833000</SARD_VENDITE>
    <SICI_VENDITE>1969,817000</SICI_VENDITE>
    <SUD_VENDITE>3898,395000</SUD_VENDITE>
    <AUST_VENDITE>0,000000</AUST_VENDITE>
    <BRNN_VENDITE>1169,410000</BRNN_VENDITE>
    <COAC_VENDITE>0,000000</COAC_VENDITE>
    <CORS_VENDITE>0,000000</CORS_VENDITE>
    <FOGN_VENDITE>27,243000</FOGN_VENDITE>
    <FRAN_VENDITE>0,000000</FRAN_VENDITE>
    <GREC_VENDITE>23,000000</GREC_VENDITE>
    <MFTV_VENDITE>0,000000</MFTV_VENDITE>
    <PRGP_VENDITE>9,495000</PRGP_VENDITE>
    <ROSN_VENDITE>471,527000</ROSN_VENDITE>
    <SLOV_VENDITE>0,000000</SLOV_VENDITE>
    <SVIZ_VENDITE>350,000000</SVIZ_VENDITE>
    <BSP_VENDITE>0,000000</BSP_VENDITE>
    <MALT_VENDITE>0,000000</MALT_VENDITE>
    <XAUS_VENDITE>0,000000</XAUS_VENDITE>
    <XFRA_VENDITE>0,000000</XFRA_VENDITE>
    <TOTITABSP_VENDITE>23415,887</TOTITABSP_VENDITE>
    <TOTITABSP_ACQUISTI>22110,887</TOTITABSP_ACQUISTI>
  </Quantita>
  <Quantita>
    <Data>20180401</Data>
    <Mercato>MGP</Mercato>
    <Ora>15</Ora>
    <TOTALE_ACQUISTI>20989,725</TOTALE_ACQUISTI>
    <NAT_ACQUISTI>22439,026000</NAT_ACQUISTI>
    <CNOR_ACQUISTI>2277,266000</CNOR_ACQUISTI>
    <CSUD_ACQUISTI>3871,172000</CSUD_ACQUISTI>
    <NORD_ACQUISTI>10572,873000</NORD_ACQUISTI>
    <SARD_ACQUISTI>748,018000</SARD_ACQUISTI>
    <SICI_ACQUISTI>1435,269000</SICI_ACQUISTI>
    <SUD_ACQUISTI>1810,127000</SUD_ACQUISTI>
    <AUST_ACQUISTI>0,000000</AUST_ACQUISTI>
    <BRNN_ACQUISTI>0,000000</BRNN_ACQUISTI>
    <COAC_ACQUISTI>20,000000</COAC_ACQUISTI>
    <CORS_ACQUISTI>5,000000</CORS_ACQUISTI>
    <FOGN_ACQUISTI>0,000000</FOGN_ACQUISTI>
    <FRAN_ACQUISTI>0,000000</FRAN_ACQUISTI>
    <GREC_ACQUISTI>110,000000</GREC_ACQUISTI>
    <MFTV_ACQUISTI>0,000000</MFTV_ACQUISTI>
    <PRGP_ACQUISTI>0,000000</PRGP_ACQUISTI>
    <ROSN_ACQUISTI>0,000000</ROSN_ACQUISTI>
    <SLOV_ACQUISTI>0,000000</SLOV_ACQUISTI>
    <SVIZ_ACQUISTI>0,000000</SVIZ_ACQUISTI>
    <BSP_ACQUISTI>144,301000</BSP_ACQUISTI>
    <MALT_ACQUISTI>140,000000</MALT_ACQUISTI>
    <XAUS_ACQUISTI>145,000000</XAUS_ACQUISTI>
    <XFRA_ACQUISTI>1160,000000</XFRA_ACQUISTI>
    <TOTALE_VENDITE>22439,026</TOTALE_VENDITE>
    <NAT_VENDITE>22439,026000</NAT_VENDITE>
    <CNOR_VENDITE>2069,162000</CNOR_VENDITE>
    <CSUD_VENDITE>2328,239000</CSUD_VENDITE>
    <NORD_VENDITE>9172,174000</NORD_VENDITE>
    <SARD_VENDITE>1462,244000</SARD_VENDITE>
    <SICI_VENDITE>1919,955000</SICI_VENDITE>
    <SUD_VENDITE>3588,602000</SUD_VENDITE>
    <AUST_VENDITE>0,000000</AUST_VENDITE>
    <BRNN_VENDITE>1057,891000</BRNN_VENDITE>
    <COAC_VENDITE>0,000000</COAC_VENDITE>
    <CORS_VENDITE>0,000000</CORS_VENDITE>
    <FOGN_VENDITE>73,581000</FOGN_VENDITE>
    <FRAN_VENDITE>0,000000</FRAN_VENDITE>
    <GREC_VENDITE>23,000000</GREC_VENDITE>
    <MFTV_VENDITE>0,000000</MFTV_VENDITE>
    <PRGP_VENDITE>8,603000</PRGP_VENDITE>
    <ROSN_VENDITE>385,575000</ROSN_VENDITE>
    <SLOV_VENDITE>0,000000</SLOV_VENDITE>
    <SVIZ_VENDITE>350,000000</SVIZ_VENDITE>
    <BSP_VENDITE>0,000000</BSP_VENDITE>
    <MALT_VENDITE>0,000000</MALT_VENDITE>
    <XAUS_VENDITE>0,000000</XAUS_VENDITE>
    <XFRA_VENDITE>0,000000</XFRA_VENDITE>
    <TOTITABSP_VENDITE>22439,026</TOTITABSP_VENDITE>
    <TOTITABSP_ACQUISTI>21134,026</TOTITABSP_ACQUISTI>
  </Quantita>
  <Quantita>
    <Data>20180401</Data>
    <Mercato>MGP</Mercato>
    <Ora>16</Ora>
    <TOTALE_ACQUISTI>21208,762</TOTALE_ACQUISTI>
    <NAT_ACQUISTI>22226,608000</NAT_ACQUISTI>
    <CNOR_ACQUISTI>2315,919000</CNOR_ACQUISTI>
    <CSUD_ACQUISTI>3880,722000</CSUD_ACQUISTI>
    <NORD_ACQUISTI>10646,822000</NORD_ACQUISTI>
    <SARD_ACQUISTI>746,529000</SARD_ACQUISTI>
    <SICI_ACQUISTI>1427,223000</SICI_ACQUISTI>
    <SUD_ACQUISTI>1842,547000</SUD_ACQUISTI>
    <AUST_ACQUISTI>0,000000</AUST_ACQUISTI>
    <BRNN_ACQUISTI>0,000000</BRNN_ACQUISTI>
    <COAC_ACQUISTI>20,000000</COAC_ACQUISTI>
    <CORS_ACQUISTI>5,000000</CORS_ACQUISTI>
    <FOGN_ACQUISTI>0,000000</FOGN_ACQUISTI>
    <FRAN_ACQUISTI>0,000000</FRAN_ACQUISTI>
    <GREC_ACQUISTI>177,000000</GREC_ACQUISTI>
    <MFTV_ACQUISTI>0,000000</MFTV_ACQUISTI>
    <PRGP_ACQUISTI>0,000000</PRGP_ACQUISTI>
    <ROSN_ACQUISTI>0,000000</ROSN_ACQUISTI>
    <SLOV_ACQUISTI>0,000000</SLOV_ACQUISTI>
    <SVIZ_ACQUISTI>0,000000</SVIZ_ACQUISTI>
    <BSP_ACQUISTI>0,000000</BSP_ACQUISTI>
    <MALT_ACQUISTI>147,000000</MALT_ACQUISTI>
    <XAUS_ACQUISTI>145,000000</XAUS_ACQUISTI>
    <XFRA_ACQUISTI>872,846000</XFRA_ACQUISTI>
    <TOTALE_VENDITE>22226,608</TOTALE_VENDITE>
    <NAT_VENDITE>22226,608000</NAT_VENDITE>
    <CNOR_VENDITE>2053,533000</CNOR_VENDITE>
    <CSUD_VENDITE>2171,821000</CSUD_VENDITE>
    <NORD_VENDITE>8814,668000</NORD_VENDITE>
    <SARD_VENDITE>1456,389000</SARD_VENDITE>
    <SICI_VENDITE>1819,653000</SICI_VENDITE>
    <SUD_VENDITE>3282,927000</SUD_VENDITE>
    <AUST_VENDITE>0,000000</AUST_VENDITE>
    <BRNN_VENDITE>1228,835000</BRNN_VENDITE>
    <COAC_VENDITE>0,000000</COAC_VENDITE>
    <CORS_VENDITE>0,000000</CORS_VENDITE>
    <FOGN_VENDITE>166,914000</FOGN_VENDITE>
    <FRAN_VENDITE>0,000000</FRAN_VENDITE>
    <GREC_VENDITE>23,000000</GREC_VENDITE>
    <MFTV_VENDITE>0,000000</MFTV_VENDITE>
    <PRGP_VENDITE>7,118000</PRGP_VENDITE>
    <ROSN_VENDITE>851,750000</ROSN_VENDITE>
    <SLOV_VENDITE>0,000000</SLOV_VENDITE>
    <SVIZ_VENDITE>350,000000</SVIZ_VENDITE>
    <BSP_VENDITE>0,000000</BSP_VENDITE>
    <MALT_VENDITE>0,000000</MALT_VENDITE>
    <XAUS_VENDITE>0,000000</XAUS_VENDITE>
    <XFRA_VENDITE>0,000000</XFRA_VENDITE>
    <TOTITABSP_VENDITE>22226,608</TOTITABSP_VENDITE>
    <TOTITABSP_ACQUISTI>21208,762</TOTITABSP_ACQUISTI>
  </Quantita>
  <Quantita>
    <Data>20180401</Data>
    <Mercato>MGP</Mercato>
    <Ora>17</Ora>
    <TOTALE_ACQUISTI>21506,675</TOTALE_ACQUISTI>
    <NAT_ACQUISTI>22257,921000</NAT_ACQUISTI>
    <CNOR_ACQUISTI>2351,245000</CNOR_ACQUISTI>
    <CSUD_ACQUISTI>3917,326000</CSUD_ACQUISTI>
    <NORD_ACQUISTI>10893,827000</NORD_ACQUISTI>
    <SARD_ACQUISTI>766,724000</SARD_ACQUISTI>
    <SICI_ACQUISTI>1461,726000</SICI_ACQUISTI>
    <SUD_ACQUISTI>1924,827000</SUD_ACQUISTI>
    <AUST_ACQUISTI>0,000000</AUST_ACQUISTI>
    <BRNN_ACQUISTI>0,000000</BRNN_ACQUISTI>
    <COAC_ACQUISTI>20,000000</COAC_ACQUISTI>
    <CORS_ACQUISTI>5,000000</CORS_ACQUISTI>
    <FOGN_ACQUISTI>0,000000</FOGN_ACQUISTI>
    <FRAN_ACQUISTI>0,000000</FRAN_ACQUISTI>
    <GREC_ACQUISTI>10,000000</GREC_ACQUISTI>
    <MFTV_ACQUISTI>0,000000</MFTV_ACQUISTI>
    <PRGP_ACQUISTI>0,000000</PRGP_ACQUISTI>
    <ROSN_ACQUISTI>0,000000</ROSN_ACQUISTI>
    <SLOV_ACQUISTI>0,000000</SLOV_ACQUISTI>
    <SVIZ_ACQUISTI>0,000000</SVIZ_ACQUISTI>
    <BSP_ACQUISTI>0,000000</BSP_ACQUISTI>
    <MALT_ACQUISTI>156,000000</MALT_ACQUISTI>
    <XAUS_ACQUISTI>145,000000</XAUS_ACQUISTI>
    <XFRA_ACQUISTI>606,246000</XFRA_ACQUISTI>
    <TOTALE_VENDITE>22257,921</TOTALE_VENDITE>
    <NAT_VENDITE>22257,921000</NAT_VENDITE>
    <CNOR_VENDITE>2157,792000</CNOR_VENDITE>
    <CSUD_VENDITE>2048,761000</CSUD_VENDITE>
    <NORD_VENDITE>8795,073000</NORD_VENDITE>
    <SARD_VENDITE>1487,340000</SARD_VENDITE>
    <SICI_VENDITE>1901,324000</SICI_VENDITE>
    <SUD_VENDITE>2981,461000</SUD_VENDITE>
    <AUST_VENDITE>0,000000</AUST_VENDITE>
    <BRNN_VENDITE>1223,446000</BRNN_VENDITE>
    <COAC_VENDITE>0,000000</COAC_VENDITE>
    <CORS_VENDITE>0,000000</CORS_VENDITE>
    <FOGN_VENDITE>261,259000</FOGN_VENDITE>
    <FRAN_VENDITE>0,000000</FRAN_VENDITE>
    <GREC_VENDITE>165,000000</GREC_VENDITE>
    <MFTV_VENDITE>0,000000</MFTV_VENDITE>
    <PRGP_VENDITE>5,190000</PRGP_VENDITE>
    <ROSN_VENDITE>881,275000</ROSN_VENDITE>
    <SLOV_VENDITE>0,000000</SLOV_VENDITE>
    <SVIZ_VENDITE>350,000000</SVIZ_VENDITE>
    <BSP_VENDITE>0,000000</BSP_VENDITE>
    <MALT_VENDITE>0,000000</MALT_VENDITE>
    <XAUS_VENDITE>0,000000</XAUS_VENDITE>
    <XFRA_VENDITE>0,000000</XFRA_VENDITE>
    <TOTITABSP_VENDITE>22257,921</TOTITABSP_VENDITE>
    <TOTITABSP_ACQUISTI>21506,675</TOTITABSP_ACQUISTI>
  </Quantita>
  <Quantita>
    <Data>20180401</Data>
    <Mercato>MGP</Mercato>
    <Ora>18</Ora>
    <TOTALE_ACQUISTI>22503,244</TOTALE_ACQUISTI>
    <NAT_ACQUISTI>22503,244000</NAT_ACQUISTI>
    <CNOR_ACQUISTI>2428,308000</CNOR_ACQUISTI>
    <CSUD_ACQUISTI>4041,421000</CSUD_ACQUISTI>
    <NORD_ACQUISTI>11421,638000</NORD_ACQUISTI>
    <SARD_ACQUISTI>816,064000</SARD_ACQUISTI>
    <SICI_ACQUISTI>1538,314000</SICI_ACQUISTI>
    <SUD_ACQUISTI>2037,499000</SUD_ACQUISTI>
    <AUST_ACQUISTI>0,000000</AUST_ACQUISTI>
    <BRNN_ACQUISTI>0,000000</BRNN_ACQUISTI>
    <COAC_ACQUISTI>20,000000</COAC_ACQUISTI>
    <CORS_ACQUISTI>5,000000</CORS_ACQUISTI>
    <FOGN_ACQUISTI>0,000000</FOGN_ACQUISTI>
    <FRAN_ACQUISTI>0,000000</FRAN_ACQUISTI>
    <GREC_ACQUISTI>10,000000</GREC_ACQUISTI>
    <MFTV_ACQUISTI>0,000000</MFTV_ACQUISTI>
    <PRGP_ACQUISTI>0,000000</PRGP_ACQUISTI>
    <ROSN_ACQUISTI>0,000000</ROSN_ACQUISTI>
    <SLOV_ACQUISTI>0,000000</SLOV_ACQUISTI>
    <SVIZ_ACQUISTI>0,000000</SVIZ_ACQUISTI>
    <BSP_ACQUISTI>0,000000</BSP_ACQUISTI>
    <MALT_ACQUISTI>185,000000</MALT_ACQUISTI>
    <XAUS_ACQUISTI>0,000000</XAUS_ACQUISTI>
    <XFRA_ACQUISTI>0,000000</XFRA_ACQUISTI>
    <TOTALE_VENDITE>22503,244</TOTALE_VENDITE>
    <NAT_VENDITE>22503,244000</NAT_VENDITE>
    <CNOR_VENDITE>2102,151000</CNOR_VENDITE>
    <CSUD_VENDITE>2035,249000</CSUD_VENDITE>
    <NORD_VENDITE>8846,201000</NORD_VENDITE>
    <SARD_VENDITE>1462,554000</SARD_VENDITE>
    <SICI_VENDITE>1750,285000</SICI_VENDITE>
    <SUD_VENDITE>3026,613000</SUD_VENDITE>
    <AUST_VENDITE>0,000000</AUST_VENDITE>
    <BRNN_VENDITE>1222,459000</BRNN_VENDITE>
    <COAC_VENDITE>0,000000</COAC_VENDITE>
    <CORS_VENDITE>0,000000</CORS_VENDITE>
    <FOGN_VENDITE>273,801000</FOGN_VENDITE>
    <FRAN_VENDITE>0,000000</FRAN_VENDITE>
    <GREC_VENDITE>348,000000</GREC_VENDITE>
    <MFTV_VENDITE>0,000000</MFTV_VENDITE>
    <PRGP_VENDITE>2,943000</PRGP_VENDITE>
    <ROSN_VENDITE>1082,988000</ROSN_VENDITE>
    <SLOV_VENDITE>0,000000</SLOV_VENDITE>
    <SVIZ_VENDITE>350,000000</SVIZ_VENDITE>
    <BSP_VENDITE>0,000000</BSP_VENDITE>
    <MALT_VENDITE>0,000000</MALT_VENDITE>
    <XAUS_VENDITE>0,000000</XAUS_VENDITE>
    <XFRA_VENDITE>0,000000</XFRA_VENDITE>
    <TOTITABSP_VENDITE>22503,244</TOTITABSP_VENDITE>
    <TOTITABSP_ACQUISTI>22503,244</TOTITABSP_ACQUISTI>
  </Quantita>
  <Quantita>
    <Data>20180401</Data>
    <Mercato>MGP</Mercato>
    <Ora>19</Ora>
    <TOTALE_ACQUISTI>24003,692</TOTALE_ACQUISTI>
    <NAT_ACQUISTI>24003,692000</NAT_ACQUISTI>
    <CNOR_ACQUISTI>2567,770000</CNOR_ACQUISTI>
    <CSUD_ACQUISTI>4181,226000</CSUD_ACQUISTI>
    <NORD_ACQUISTI>12391,377000</NORD_ACQUISTI>
    <SARD_ACQUISTI>864,300000</SARD_ACQUISTI>
    <SICI_ACQUISTI>1600,005000</SICI_ACQUISTI>
    <SUD_ACQUISTI>2131,014000</SUD_ACQUISTI>
    <AUST_ACQUISTI>0,000000</AUST_ACQUISTI>
    <BRNN_ACQUISTI>0,000000</BRNN_ACQUISTI>
    <COAC_ACQUISTI>20,000000</COAC_ACQUISTI>
    <CORS_ACQUISTI>5,000000</CORS_ACQUISTI>
    <FOGN_ACQUISTI>0,000000</FOGN_ACQUISTI>
    <FRAN_ACQUISTI>0,000000</FRAN_ACQUISTI>
    <GREC_ACQUISTI>20,000000</GREC_ACQUISTI>
    <MFTV_ACQUISTI>0,000000</MFTV_ACQUISTI>
    <PRGP_ACQUISTI>0,000000</PRGP_ACQUISTI>
    <ROSN_ACQUISTI>0,000000</ROSN_ACQUISTI>
    <SLOV_ACQUISTI>0,000000</SLOV_ACQUISTI>
    <SVIZ_ACQUISTI>0,000000</SVIZ_ACQUISTI>
    <BSP_ACQUISTI>0,000000</BSP_ACQUISTI>
    <MALT_ACQUISTI>223,000000</MALT_ACQUISTI>
    <XAUS_ACQUISTI>0,000000</XAUS_ACQUISTI>
    <XFRA_ACQUISTI>0,000000</XFRA_ACQUISTI>
    <TOTALE_VENDITE>24003,692</TOTALE_VENDITE>
    <NAT_VENDITE>24003,692000</NAT_VENDITE>
    <CNOR_VENDITE>1974,607000</CNOR_VENDITE>
    <CSUD_VENDITE>1712,852000</CSUD_VENDITE>
    <NORD_VENDITE>10472,819000</NORD_VENDITE>
    <SARD_VENDITE>1371,747000</SARD_VENDITE>
    <SICI_VENDITE>1468,263000</SICI_VENDITE>
    <SUD_VENDITE>2514,713000</SUD_VENDITE>
    <AUST_VENDITE>0,000000</AUST_VENDITE>
    <BRNN_VENDITE>1486,131000</BRNN_VENDITE>
    <COAC_VENDITE>0,000000</COAC_VENDITE>
    <CORS_VENDITE>0,000000</CORS_VENDITE>
    <FOGN_VENDITE>642,272000</FOGN_VENDITE>
    <FRAN_VENDITE>0,000000</FRAN_VENDITE>
    <GREC_VENDITE>340,000000</GREC_VENDITE>
    <MFTV_VENDITE>0,000000</MFTV_VENDITE>
    <PRGP_VENDITE>1,012000</PRGP_VENDITE>
    <ROSN_VENDITE>1669,276000</ROSN_VENDITE>
    <SLOV_VENDITE>0,000000</SLOV_VENDITE>
    <SVIZ_VENDITE>350,000000</SVIZ_VENDITE>
    <BSP_VENDITE>0,000000</BSP_VENDITE>
    <MALT_VENDITE>0,000000</MALT_VENDITE>
    <XAUS_VENDITE>0,000000</XAUS_VENDITE>
    <XFRA_VENDITE>0,000000</XFRA_VENDITE>
    <TOTITABSP_VENDITE>24003,692</TOTITABSP_VENDITE>
    <TOTITABSP_ACQUISTI>24003,692</TOTITABSP_ACQUISTI>
  </Quantita>
  <Quantita>
    <Data>20180401</Data>
    <Mercato>MGP</Mercato>
    <Ora>20</Ora>
    <TOTALE_ACQUISTI>26317,09</TOTALE_ACQUISTI>
    <NAT_ACQUISTI>26317,090000</NAT_ACQUISTI>
    <CNOR_ACQUISTI>2878,771000</CNOR_ACQUISTI>
    <CSUD_ACQUISTI>4631,389000</CSUD_ACQUISTI>
    <NORD_ACQUISTI>13359,393000</NORD_ACQUISTI>
    <SARD_ACQUISTI>923,391000</SARD_ACQUISTI>
    <SICI_ACQUISTI>1789,305000</SICI_ACQUISTI>
    <SUD_ACQUISTI>2448,841000</SUD_ACQUISTI>
    <AUST_ACQUISTI>0,000000</AUST_ACQUISTI>
    <BRNN_ACQUISTI>0,000000</BRNN_ACQUISTI>
    <COAC_ACQUISTI>48,000000</COAC_ACQUISTI>
    <CORS_ACQUISTI>5,000000</CORS_ACQUISTI>
    <FOGN_ACQUISTI>0,000000</FOGN_ACQUISTI>
    <FRAN_ACQUISTI>0,000000</FRAN_ACQUISTI>
    <GREC_ACQUISTI>15,000000</GREC_ACQUISTI>
    <MFTV_ACQUISTI>0,000000</MFTV_ACQUISTI>
    <PRGP_ACQUISTI>0,000000</PRGP_ACQUISTI>
    <ROSN_ACQUISTI>0,000000</ROSN_ACQUISTI>
    <SLOV_ACQUISTI>0,000000</SLOV_ACQUISTI>
    <SVIZ_ACQUISTI>0,000000</SVIZ_ACQUISTI>
    <BSP_ACQUISTI>0,000000</BSP_ACQUISTI>
    <MALT_ACQUISTI>218,000000</MALT_ACQUISTI>
    <XAUS_ACQUISTI>0,000000</XAUS_ACQUISTI>
    <XFRA_ACQUISTI>0,000000</XFRA_ACQUISTI>
    <TOTALE_VENDITE>26317,09</TOTALE_VENDITE>
    <NAT_VENDITE>26317,090000</NAT_VENDITE>
    <CNOR_VENDITE>2241,727000</CNOR_VENDITE>
    <CSUD_VENDITE>2690,900000</CSUD_VENDITE>
    <NORD_VENDITE>12019,328000</NORD_VENDITE>
    <SARD_VENDITE>1232,275000</SARD_VENDITE>
    <SICI_VENDITE>1226,488000</SICI_VENDITE>
    <SUD_VENDITE>2212,367000</SUD_VENDITE>
    <AUST_VENDITE>0,000000</AUST_VENDITE>
    <BRNN_VENDITE>1526,905000</BRNN_VENDITE>
    <COAC_VENDITE>0,000000</COAC_VENDITE>
    <CORS_VENDITE>0,000000</CORS_VENDITE>
    <FOGN_VENDITE>841,472000</FOGN_VENDITE>
    <FRAN_VENDITE>0,000000</FRAN_VENDITE>
    <GREC_VENDITE>300,000000</GREC_VENDITE>
    <MFTV_VENDITE>0,000000</MFTV_VENDITE>
    <PRGP_VENDITE>0,022000</PRGP_VENDITE>
    <ROSN_VENDITE>1675,606000</ROSN_VENDITE>
    <SLOV_VENDITE>0,000000</SLOV_VENDITE>
    <SVIZ_VENDITE>350,000000</SVIZ_VENDITE>
    <BSP_VENDITE>0,000000</BSP_VENDITE>
    <MALT_VENDITE>0,000000</MALT_VENDITE>
    <XAUS_VENDITE>0,000000</XAUS_VENDITE>
    <XFRA_VENDITE>0,000000</XFRA_VENDITE>
    <TOTITABSP_VENDITE>26317,09</TOTITABSP_VENDITE>
    <TOTITABSP_ACQUISTI>26317,09</TOTITABSP_ACQUISTI>
  </Quantita>
  <Quantita>
    <Data>20180401</Data>
    <Mercato>MGP</Mercato>
    <Ora>21</Ora>
    <TOTALE_ACQUISTI>28949,861</TOTALE_ACQUISTI>
    <NAT_ACQUISTI>28949,861000</NAT_ACQUISTI>
    <CNOR_ACQUISTI>3164,812000</CNOR_ACQUISTI>
    <CSUD_ACQUISTI>5175,119000</CSUD_ACQUISTI>
    <NORD_ACQUISTI>14535,744000</NORD_ACQUISTI>
    <SARD_ACQUISTI>1033,267000</SARD_ACQUISTI>
    <SICI_ACQUISTI>2031,502000</SICI_ACQUISTI>
    <SUD_ACQUISTI>2697,417000</SUD_ACQUISTI>
    <AUST_ACQUISTI>0,000000</AUST_ACQUISTI>
    <BRNN_ACQUISTI>0,000000</BRNN_ACQUISTI>
    <COAC_ACQUISTI>68,000000</COAC_ACQUISTI>
    <CORS_ACQUISTI>29,000000</CORS_ACQUISTI>
    <FOGN_ACQUISTI>0,000000</FOGN_ACQUISTI>
    <FRAN_ACQUISTI>0,000000</FRAN_ACQUISTI>
    <GREC_ACQUISTI>0,000000</GREC_ACQUISTI>
    <MFTV_ACQUISTI>0,000000</MFTV_ACQUISTI>
    <PRGP_ACQUISTI>0,000000</PRGP_ACQUISTI>
    <ROSN_ACQUISTI>0,000000</ROSN_ACQUISTI>
    <SLOV_ACQUISTI>0,000000</SLOV_ACQUISTI>
    <SVIZ_ACQUISTI>0,000000</SVIZ_ACQUISTI>
    <BSP_ACQUISTI>0,000000</BSP_ACQUISTI>
    <MALT_ACQUISTI>215,000000</MALT_ACQUISTI>
    <XAUS_ACQUISTI>0,000000</XAUS_ACQUISTI>
    <XFRA_ACQUISTI>0,000000</XFRA_ACQUISTI>
    <TOTALE_VENDITE>28949,861</TOTALE_VENDITE>
    <NAT_VENDITE>28949,861000</NAT_VENDITE>
    <CNOR_VENDITE>2235,050000</CNOR_VENDITE>
    <CSUD_VENDITE>3271,541000</CSUD_VENDITE>
    <NORD_VENDITE>13263,557000</NORD_VENDITE>
    <SARD_VENDITE>1152,817000</SARD_VENDITE>
    <SICI_VENDITE>1187,049000</SICI_VENDITE>
    <SUD_VENDITE>2254,781000</SUD_VENDITE>
    <AUST_VENDITE>0,000000</AUST_VENDITE>
    <BRNN_VENDITE>2241,996000</BRNN_VENDITE>
    <COAC_VENDITE>0,000000</COAC_VENDITE>
    <CORS_VENDITE>0,000000</CORS_VENDITE>
    <FOGN_VENDITE>1005,290000</FOGN_VENDITE>
    <FRAN_VENDITE>0,000000</FRAN_VENDITE>
    <GREC_VENDITE>310,000000</GREC_VENDITE>
    <MFTV_VENDITE>0,000000</MFTV_VENDITE>
    <PRGP_VENDITE>0,000000</PRGP_VENDITE>
    <ROSN_VENDITE>1677,780000</ROSN_VENDITE>
    <SLOV_VENDITE>0,000000</SLOV_VENDITE>
    <SVIZ_VENDITE>350,000000</SVIZ_VENDITE>
    <BSP_VENDITE>0,000000</BSP_VENDITE>
    <MALT_VENDITE>0,000000</MALT_VENDITE>
    <XAUS_VENDITE>0,000000</XAUS_VENDITE>
    <XFRA_VENDITE>0,000000</XFRA_VENDITE>
    <TOTITABSP_VENDITE>28949,861</TOTITABSP_VENDITE>
    <TOTITABSP_ACQUISTI>28949,861</TOTITABSP_ACQUISTI>
  </Quantita>
  <Quantita>
    <Data>20180401</Data>
    <Mercato>MGP</Mercato>
    <Ora>22</Ora>
    <TOTALE_ACQUISTI>28155,963</TOTALE_ACQUISTI>
    <NAT_ACQUISTI>28155,963000</NAT_ACQUISTI>
    <CNOR_ACQUISTI>3041,104000</CNOR_ACQUISTI>
    <CSUD_ACQUISTI>5004,179000</CSUD_ACQUISTI>
    <NORD_ACQUISTI>14208,823000</NORD_ACQUISTI>
    <SARD_ACQUISTI>1008,373000</SARD_ACQUISTI>
    <SICI_ACQUISTI>1968,623000</SICI_ACQUISTI>
    <SUD_ACQUISTI>2635,861000</SUD_ACQUISTI>
    <AUST_ACQUISTI>0,000000</AUST_ACQUISTI>
    <BRNN_ACQUISTI>0,000000</BRNN_ACQUISTI>
    <COAC_ACQUISTI>48,000000</COAC_ACQUISTI>
    <CORS_ACQUISTI>29,000000</CORS_ACQUISTI>
    <FOGN_ACQUISTI>0,000000</FOGN_ACQUISTI>
    <FRAN_ACQUISTI>0,000000</FRAN_ACQUISTI>
    <GREC_ACQUISTI>0,000000</GREC_ACQUISTI>
    <MFTV_ACQUISTI>0,000000</MFTV_ACQUISTI>
    <PRGP_ACQUISTI>0,000000</PRGP_ACQUISTI>
    <ROSN_ACQUISTI>0,000000</ROSN_ACQUISTI>
    <SLOV_ACQUISTI>0,000000</SLOV_ACQUISTI>
    <SVIZ_ACQUISTI>0,000000</SVIZ_ACQUISTI>
    <BSP_ACQUISTI>0,000000</BSP_ACQUISTI>
    <MALT_ACQUISTI>212,000000</MALT_ACQUISTI>
    <XAUS_ACQUISTI>0,000000</XAUS_ACQUISTI>
    <XFRA_ACQUISTI>0,000000</XFRA_ACQUISTI>
    <TOTALE_VENDITE>28155,963</TOTALE_VENDITE>
    <NAT_VENDITE>28155,963000</NAT_VENDITE>
    <CNOR_VENDITE>2216,932000</CNOR_VENDITE>
    <CSUD_VENDITE>3358,682000</CSUD_VENDITE>
    <NORD_VENDITE>12763,853000</NORD_VENDITE>
    <SARD_VENDITE>1103,578000</SARD_VENDITE>
    <SICI_VENDITE>1098,005000</SICI_VENDITE>
    <SUD_VENDITE>2371,314000</SUD_VENDITE>
    <AUST_VENDITE>0,000000</AUST_VENDITE>
    <BRNN_VENDITE>1890,036000</BRNN_VENDITE>
    <COAC_VENDITE>0,000000</COAC_VENDITE>
    <CORS_VENDITE>0,000000</CORS_VENDITE>
    <FOGN_VENDITE>1007,936000</FOGN_VENDITE>
    <FRAN_VENDITE>0,000000</FRAN_VENDITE>
    <GREC_VENDITE>320,000000</GREC_VENDITE>
    <MFTV_VENDITE>0,000000</MFTV_VENDITE>
    <PRGP_VENDITE>0,000000</PRGP_VENDITE>
    <ROSN_VENDITE>1675,627000</ROSN_VENDITE>
    <SLOV_VENDITE>0,000000</SLOV_VENDITE>
    <SVIZ_VENDITE>350,000000</SVIZ_VENDITE>
    <BSP_VENDITE>0,000000</BSP_VENDITE>
    <MALT_VENDITE>0,000000</MALT_VENDITE>
    <XAUS_VENDITE>0,000000</XAUS_VENDITE>
    <XFRA_VENDITE>0,000000</XFRA_VENDITE>
    <TOTITABSP_VENDITE>28155,963</TOTITABSP_VENDITE>
    <TOTITABSP_ACQUISTI>28155,963</TOTITABSP_ACQUISTI>
  </Quantita>
  <Quantita>
    <Data>20180401</Data>
    <Mercato>MGP</Mercato>
    <Ora>23</Ora>
    <TOTALE_ACQUISTI>26287,933</TOTALE_ACQUISTI>
    <NAT_ACQUISTI>26287,933000</NAT_ACQUISTI>
    <CNOR_ACQUISTI>2858,866000</CNOR_ACQUISTI>
    <CSUD_ACQUISTI>4690,437000</CSUD_ACQUISTI>
    <NORD_ACQUISTI>13232,719000</NORD_ACQUISTI>
    <SARD_ACQUISTI>945,842000</SARD_ACQUISTI>
    <SICI_ACQUISTI>1856,675000</SICI_ACQUISTI>
    <SUD_ACQUISTI>2437,394000</SUD_ACQUISTI>
    <AUST_ACQUISTI>0,000000</AUST_ACQUISTI>
    <BRNN_ACQUISTI>0,000000</BRNN_ACQUISTI>
    <COAC_ACQUISTI>48,000000</COAC_ACQUISTI>
    <CORS_ACQUISTI>29,000000</CORS_ACQUISTI>
    <FOGN_ACQUISTI>0,000000</FOGN_ACQUISTI>
    <FRAN_ACQUISTI>0,000000</FRAN_ACQUISTI>
    <GREC_ACQUISTI>0,000000</GREC_ACQUISTI>
    <MFTV_ACQUISTI>0,000000</MFTV_ACQUISTI>
    <PRGP_ACQUISTI>0,000000</PRGP_ACQUISTI>
    <ROSN_ACQUISTI>0,000000</ROSN_ACQUISTI>
    <SLOV_ACQUISTI>0,000000</SLOV_ACQUISTI>
    <SVIZ_ACQUISTI>0,000000</SVIZ_ACQUISTI>
    <BSP_ACQUISTI>0,000000</BSP_ACQUISTI>
    <MALT_ACQUISTI>189,000000</MALT_ACQUISTI>
    <XAUS_ACQUISTI>0,000000</XAUS_ACQUISTI>
    <XFRA_ACQUISTI>0,000000</XFRA_ACQUISTI>
    <TOTALE_VENDITE>26287,933</TOTALE_VENDITE>
    <NAT_VENDITE>26287,933000</NAT_VENDITE>
    <CNOR_VENDITE>2198,168000</CNOR_VENDITE>
    <CSUD_VENDITE>3181,290000</CSUD_VENDITE>
    <NORD_VENDITE>11497,817000</NORD_VENDITE>
    <SARD_VENDITE>1069,230000</SARD_VENDITE>
    <SICI_VENDITE>1014,335000</SICI_VENDITE>
    <SUD_VENDITE>2309,920000</SUD_VENDITE>
    <AUST_VENDITE>0,000000</AUST_VENDITE>
    <BRNN_VENDITE>1636,686000</BRNN_VENDITE>
    <COAC_VENDITE>0,000000</COAC_VENDITE>
    <CORS_VENDITE>0,000000</CORS_VENDITE>
    <FOGN_VENDITE>1009,303000</FOGN_VENDITE>
    <FRAN_VENDITE>0,000000</FRAN_VENDITE>
    <GREC_VENDITE>352,000000</GREC_VENDITE>
    <MFTV_VENDITE>0,000000</MFTV_VENDITE>
    <PRGP_VENDITE>0,000000</PRGP_VENDITE>
    <ROSN_VENDITE>1669,184000</ROSN_VENDITE>
    <SLOV_VENDITE>0,000000</SLOV_VENDITE>
    <SVIZ_VENDITE>350,000000</SVIZ_VENDITE>
    <BSP_VENDITE>0,000000</BSP_VENDITE>
    <MALT_VENDITE>0,000000</MALT_VENDITE>
    <XAUS_VENDITE>0,000000</XAUS_VENDITE>
    <XFRA_VENDITE>0,000000</XFRA_VENDITE>
    <TOTITABSP_VENDITE>26287,933</TOTITABSP_VENDITE>
    <TOTITABSP_ACQUISTI>26287,933</TOTITABSP_ACQUISTI>
  </Quantita>
  <Quantita>
    <Data>20180401</Data>
    <Mercato>MGP</Mercato>
    <Ora>24</Ora>
    <TOTALE_ACQUISTI>24006,746</TOTALE_ACQUISTI>
    <NAT_ACQUISTI>24006,746000</NAT_ACQUISTI>
    <CNOR_ACQUISTI>2599,074000</CNOR_ACQUISTI>
    <CSUD_ACQUISTI>4249,574000</CSUD_ACQUISTI>
    <NORD_ACQUISTI>12107,504000</NORD_ACQUISTI>
    <SARD_ACQUISTI>874,771000</SARD_ACQUISTI>
    <SICI_ACQUISTI>1719,187000</SICI_ACQUISTI>
    <SUD_ACQUISTI>2219,636000</SUD_ACQUISTI>
    <AUST_ACQUISTI>0,000000</AUST_ACQUISTI>
    <BRNN_ACQUISTI>0,000000</BRNN_ACQUISTI>
    <COAC_ACQUISTI>39,000000</COAC_ACQUISTI>
    <CORS_ACQUISTI>29,000000</CORS_ACQUISTI>
    <FOGN_ACQUISTI>0,000000</FOGN_ACQUISTI>
    <FRAN_ACQUISTI>0,000000</FRAN_ACQUISTI>
    <GREC_ACQUISTI>0,000000</GREC_ACQUISTI>
    <MFTV_ACQUISTI>0,000000</MFTV_ACQUISTI>
    <PRGP_ACQUISTI>0,000000</PRGP_ACQUISTI>
    <ROSN_ACQUISTI>0,000000</ROSN_ACQUISTI>
    <SLOV_ACQUISTI>0,000000</SLOV_ACQUISTI>
    <SVIZ_ACQUISTI>0,000000</SVIZ_ACQUISTI>
    <BSP_ACQUISTI>0,000000</BSP_ACQUISTI>
    <MALT_ACQUISTI>169,000000</MALT_ACQUISTI>
    <XAUS_ACQUISTI>0,000000</XAUS_ACQUISTI>
    <XFRA_ACQUISTI>0,000000</XFRA_ACQUISTI>
    <TOTALE_VENDITE>24006,746</TOTALE_VENDITE>
    <NAT_VENDITE>24006,746000</NAT_VENDITE>
    <CNOR_VENDITE>2132,743000</CNOR_VENDITE>
    <CSUD_VENDITE>1948,421000</CSUD_VENDITE>
    <NORD_VENDITE>10745,878000</NORD_VENDITE>
    <SARD_VENDITE>1040,070000</SARD_VENDITE>
    <SICI_VENDITE>908,481000</SICI_VENDITE>
    <SUD_VENDITE>2432,614000</SUD_VENDITE>
    <AUST_VENDITE>0,000000</AUST_VENDITE>
    <BRNN_VENDITE>1698,966000</BRNN_VENDITE>
    <COAC_VENDITE>0,000000</COAC_VENDITE>
    <CORS_VENDITE>0,000000</CORS_VENDITE>
    <FOGN_VENDITE>657,118000</FOGN_VENDITE>
    <FRAN_VENDITE>0,000000</FRAN_VENDITE>
    <GREC_VENDITE>432,000000</GREC_VENDITE>
    <MFTV_VENDITE>0,000000</MFTV_VENDITE>
    <PRGP_VENDITE>0,000000</PRGP_VENDITE>
    <ROSN_VENDITE>1660,455000</ROSN_VENDITE>
    <SLOV_VENDITE>0,000000</SLOV_VENDITE>
    <SVIZ_VENDITE>350,000000</SVIZ_VENDITE>
    <BSP_VENDITE>0,000000</BSP_VENDITE>
    <MALT_VENDITE>0,000000</MALT_VENDITE>
    <XAUS_VENDITE>0,000000</XAUS_VENDITE>
    <XFRA_VENDITE>0,000000</XFRA_VENDITE>
    <TOTITABSP_VENDITE>24006,746</TOTITABSP_VENDITE>
    <TOTITABSP_ACQUISTI>24006,746</TOTITABSP_ACQUISTI>
  </Quantita>
</NewDataSet>