<?xml version="1.0" standalone="yes"?>
<NewDataSet>
  <xs:schema id="NewDataSet" xmlns="" xmlns:xs="http://www.w3.org/2001/XMLSchema" xmlns:msdata="urn:schemas-microsoft-com:xml-msdata">
    <xs:element name="NewDataSet" msdata:IsDataSet="true" msdata:UseCurrentLocale="true">
      <xs:complexType>
        <xs:choice minOccurs="0" maxOccurs="unbounded">
          <xs:element name="Quantita">
            <xs:complexType>
              <xs:sequence>
                <xs:element name="Data" type="xs:string" minOccurs="0" />
                <xs:element name="Mercato" type="xs:string" minOccurs="0" />
                <xs:element name="Ora" type="xs:string" minOccurs="0" />
                <xs:element name="TOTALE_ACQUISTI" type="xs:string" minOccurs="0" />
                <xs:element name="NAT_ACQUISTI" type="xs:string" minOccurs="0" />
                <xs:element name="CNOR_ACQUISTI" type="xs:string" minOccurs="0" />
                <xs:element name="CSUD_ACQUISTI" type="xs:string" minOccurs="0" />
                <xs:element name="NORD_ACQUISTI" type="xs:string" minOccurs="0" />
                <xs:element name="SARD_ACQUISTI" type="xs:string" minOccurs="0" />
                <xs:element name="SICI_ACQUISTI" type="xs:string" minOccurs="0" />
                <xs:element name="SUD_ACQUISTI" type="xs:string" minOccurs="0" />
                <xs:element name="AUST_ACQUISTI" type="xs:string" minOccurs="0" />
                <xs:element name="BRNN_ACQUISTI" type="xs:string" minOccurs="0" />
                <xs:element name="COAC_ACQUISTI" type="xs:string" minOccurs="0" />
                <xs:element name="CORS_ACQUISTI" type="xs:string" minOccurs="0" />
                <xs:element name="FOGN_ACQUISTI" type="xs:string" minOccurs="0" />
                <xs:element name="FRAN_ACQUISTI" type="xs:string" minOccurs="0" />
                <xs:element name="GREC_ACQUISTI" type="xs:string" minOccurs="0" />
                <xs:element name="MFTV_ACQUISTI" type="xs:string" minOccurs="0" />
                <xs:element name="PRGP_ACQUISTI" type="xs:string" minOccurs="0" />
                <xs:element name="ROSN_ACQUISTI" type="xs:string" minOccurs="0" />
                <xs:element name="SLOV_ACQUISTI" type="xs:string" minOccurs="0" />
                <xs:element name="SVIZ_ACQUISTI" type="xs:string" minOccurs="0" />
                <xs:element name="BSP_ACQUISTI" type="xs:string" minOccurs="0" />
                <xs:element name="MALT_ACQUISTI" type="xs:string" minOccurs="0" />
                <xs:element name="XAUS_ACQUISTI" type="xs:string" minOccurs="0" />
                <xs:element name="XFRA_ACQUISTI" type="xs:string" minOccurs="0" />
                <xs:element name="TOTALE_VENDITE" type="xs:string" minOccurs="0" />
                <xs:element name="NAT_VENDITE" type="xs:string" minOccurs="0" />
                <xs:element name="CNOR_VENDITE" type="xs:string" minOccurs="0" />
                <xs:element name="CSUD_VENDITE" type="xs:string" minOccurs="0" />
                <xs:element name="NORD_VENDITE" type="xs:string" minOccurs="0" />
                <xs:element name="SARD_VENDITE" type="xs:string" minOccurs="0" />
                <xs:element name="SICI_VENDITE" type="xs:string" minOccurs="0" />
                <xs:element name="SUD_VENDITE" type="xs:string" minOccurs="0" />
                <xs:element name="AUST_VENDITE" type="xs:string" minOccurs="0" />
                <xs:element name="BRNN_VENDITE" type="xs:string" minOccurs="0" />
                <xs:element name="COAC_VENDITE" type="xs:string" minOccurs="0" />
                <xs:element name="CORS_VENDITE" type="xs:string" minOccurs="0" />
                <xs:element name="FOGN_VENDITE" type="xs:string" minOccurs="0" />
                <xs:element name="FRAN_VENDITE" type="xs:string" minOccurs="0" />
                <xs:element name="GREC_VENDITE" type="xs:string" minOccurs="0" />
                <xs:element name="MFTV_VENDITE" type="xs:string" minOccurs="0" />
                <xs:element name="PRGP_VENDITE" type="xs:string" minOccurs="0" />
                <xs:element name="ROSN_VENDITE" type="xs:string" minOccurs="0" />
                <xs:element name="SLOV_VENDITE" type="xs:string" minOccurs="0" />
                <xs:element name="SVIZ_VENDITE" type="xs:string" minOccurs="0" />
                <xs:element name="BSP_VENDITE" type="xs:string" minOccurs="0" />
                <xs:element name="MALT_VENDITE" type="xs:string" minOccurs="0" />
                <xs:element name="XAUS_VENDITE" type="xs:string" minOccurs="0" />
                <xs:element name="XFRA_VENDITE" type="xs:string" minOccurs="0" />
                <xs:element name="TOTITABSP_VENDITE" msdata:ReadOnly="true" msdata:Expression="Convert(TOTALE_VENDITE, System.Double) + Convert(BSP_VENDITE,System.Double)" type="xs:string" minOccurs="0" />
                <xs:element name="TOTITABSP_ACQUISTI" msdata:ReadOnly="true" msdata:Expression="Convert(TOTALE_ACQUISTI, System.Double) + Convert(BSP_ACQUISTI, System.Double)" type="xs:string" minOccurs="0" />
              </xs:sequence>
            </xs:complexType>
          </xs:element>
        </xs:choice>
      </xs:complexType>
    </xs:element>
  </xs:schema>
  <Quantita>
    <Data>20180404</Data>
    <Mercato>MGP</Mercato>
    <Ora>1</Ora>
    <TOTALE_ACQUISTI>28028,035</TOTALE_ACQUISTI>
    <NAT_ACQUISTI>28028,035000</NAT_ACQUISTI>
    <CNOR_ACQUISTI>2897,786000</CNOR_ACQUISTI>
    <CSUD_ACQUISTI>4221,449000</CSUD_ACQUISTI>
    <NORD_ACQUISTI>15836,901000</NORD_ACQUISTI>
    <SARD_ACQUISTI>804,016000</SARD_ACQUISTI>
    <SICI_ACQUISTI>1663,807000</SICI_ACQUISTI>
    <SUD_ACQUISTI>2149,076000</SUD_ACQUISTI>
    <AUST_ACQUISTI>0,000000</AUST_ACQUISTI>
    <BRNN_ACQUISTI>0,000000</BRNN_ACQUISTI>
    <COAC_ACQUISTI>44,000000</COAC_ACQUISTI>
    <CORS_ACQUISTI>5,000000</CORS_ACQUISTI>
    <FOGN_ACQUISTI>0,000000</FOGN_ACQUISTI>
    <FRAN_ACQUISTI>0,000000</FRAN_ACQUISTI>
    <GREC_ACQUISTI>270,000000</GREC_ACQUISTI>
    <MFTV_ACQUISTI>0,000000</MFTV_ACQUISTI>
    <PRGP_ACQUISTI>0,000000</PRGP_ACQUISTI>
    <ROSN_ACQUISTI>0,000000</ROSN_ACQUISTI>
    <SLOV_ACQUISTI>0,000000</SLOV_ACQUISTI>
    <SVIZ_ACQUISTI>0,000000</SVIZ_ACQUISTI>
    <BSP_ACQUISTI>0,000000</BSP_ACQUISTI>
    <MALT_ACQUISTI>136,000000</MALT_ACQUISTI>
    <XAUS_ACQUISTI>0,000000</XAUS_ACQUISTI>
    <XFRA_ACQUISTI>0,000000</XFRA_ACQUISTI>
    <TOTALE_VENDITE>24731,035</TOTALE_VENDITE>
    <NAT_VENDITE>28028,035000</NAT_VENDITE>
    <CNOR_VENDITE>2150,682000</CNOR_VENDITE>
    <CSUD_VENDITE>1891,099000</CSUD_VENDITE>
    <NORD_VENDITE>11444,201000</NORD_VENDITE>
    <SARD_VENDITE>943,782000</SARD_VENDITE>
    <SICI_VENDITE>1308,335000</SICI_VENDITE>
    <SUD_VENDITE>1751,635000</SUD_VENDITE>
    <AUST_VENDITE>20,000000</AUST_VENDITE>
    <BRNN_VENDITE>1281,461000</BRNN_VENDITE>
    <COAC_VENDITE>0,000000</COAC_VENDITE>
    <CORS_VENDITE>0,000000</CORS_VENDITE>
    <FOGN_VENDITE>7,095000</FOGN_VENDITE>
    <FRAN_VENDITE>99,000000</FRAN_VENDITE>
    <GREC_VENDITE>385,000000</GREC_VENDITE>
    <MFTV_VENDITE>0,000000</MFTV_VENDITE>
    <PRGP_VENDITE>0,000000</PRGP_VENDITE>
    <ROSN_VENDITE>778,745000</ROSN_VENDITE>
    <SLOV_VENDITE>0,000000</SLOV_VENDITE>
    <SVIZ_VENDITE>2670,000000</SVIZ_VENDITE>
    <BSP_VENDITE>540,000000</BSP_VENDITE>
    <MALT_VENDITE>0,000000</MALT_VENDITE>
    <XAUS_VENDITE>247,000000</XAUS_VENDITE>
    <XFRA_VENDITE>2510,000000</XFRA_VENDITE>
    <TOTITABSP_VENDITE>25271,035</TOTITABSP_VENDITE>
    <TOTITABSP_ACQUISTI>28028,035</TOTITABSP_ACQUISTI>
  </Quantita>
  <Quantita>
    <Data>20180404</Data>
    <Mercato>MGP</Mercato>
    <Ora>2</Ora>
    <TOTALE_ACQUISTI>26593,873</TOTALE_ACQUISTI>
    <NAT_ACQUISTI>26593,873000</NAT_ACQUISTI>
    <CNOR_ACQUISTI>2705,884000</CNOR_ACQUISTI>
    <CSUD_ACQUISTI>3872,171000</CSUD_ACQUISTI>
    <NORD_ACQUISTI>15235,395000</NORD_ACQUISTI>
    <SARD_ACQUISTI>750,364000</SARD_ACQUISTI>
    <SICI_ACQUISTI>1512,838000</SICI_ACQUISTI>
    <SUD_ACQUISTI>1986,221000</SUD_ACQUISTI>
    <AUST_ACQUISTI>0,000000</AUST_ACQUISTI>
    <BRNN_ACQUISTI>0,000000</BRNN_ACQUISTI>
    <COAC_ACQUISTI>20,000000</COAC_ACQUISTI>
    <CORS_ACQUISTI>5,000000</CORS_ACQUISTI>
    <FOGN_ACQUISTI>0,000000</FOGN_ACQUISTI>
    <FRAN_ACQUISTI>0,000000</FRAN_ACQUISTI>
    <GREC_ACQUISTI>380,000000</GREC_ACQUISTI>
    <MFTV_ACQUISTI>0,000000</MFTV_ACQUISTI>
    <PRGP_ACQUISTI>0,000000</PRGP_ACQUISTI>
    <ROSN_ACQUISTI>0,000000</ROSN_ACQUISTI>
    <SLOV_ACQUISTI>0,000000</SLOV_ACQUISTI>
    <SVIZ_ACQUISTI>0,000000</SVIZ_ACQUISTI>
    <BSP_ACQUISTI>0,000000</BSP_ACQUISTI>
    <MALT_ACQUISTI>126,000000</MALT_ACQUISTI>
    <XAUS_ACQUISTI>0,000000</XAUS_ACQUISTI>
    <XFRA_ACQUISTI>0,000000</XFRA_ACQUISTI>
    <TOTALE_VENDITE>23296,873</TOTALE_VENDITE>
    <NAT_VENDITE>26593,873000</NAT_VENDITE>
    <CNOR_VENDITE>2162,186000</CNOR_VENDITE>
    <CSUD_VENDITE>1341,177000</CSUD_VENDITE>
    <NORD_VENDITE>10876,911000</NORD_VENDITE>
    <SARD_VENDITE>967,726000</SARD_VENDITE>
    <SICI_VENDITE>1273,602000</SICI_VENDITE>
    <SUD_VENDITE>1795,571000</SUD_VENDITE>
    <AUST_VENDITE>20,000000</AUST_VENDITE>
    <BRNN_VENDITE>908,814000</BRNN_VENDITE>
    <COAC_VENDITE>0,000000</COAC_VENDITE>
    <CORS_VENDITE>0,000000</CORS_VENDITE>
    <FOGN_VENDITE>7,932000</FOGN_VENDITE>
    <FRAN_VENDITE>99,000000</FRAN_VENDITE>
    <GREC_VENDITE>396,000000</GREC_VENDITE>
    <MFTV_VENDITE>0,000000</MFTV_VENDITE>
    <PRGP_VENDITE>0,000000</PRGP_VENDITE>
    <ROSN_VENDITE>777,954000</ROSN_VENDITE>
    <SLOV_VENDITE>0,000000</SLOV_VENDITE>
    <SVIZ_VENDITE>2670,000000</SVIZ_VENDITE>
    <BSP_VENDITE>540,000000</BSP_VENDITE>
    <MALT_VENDITE>0,000000</MALT_VENDITE>
    <XAUS_VENDITE>247,000000</XAUS_VENDITE>
    <XFRA_VENDITE>2510,000000</XFRA_VENDITE>
    <TOTITABSP_VENDITE>23836,873</TOTITABSP_VENDITE>
    <TOTITABSP_ACQUISTI>26593,873</TOTITABSP_ACQUISTI>
  </Quantita>
  <Quantita>
    <Data>20180404</Data>
    <Mercato>MGP</Mercato>
    <Ora>3</Ora>
    <TOTALE_ACQUISTI>25831,495</TOTALE_ACQUISTI>
    <NAT_ACQUISTI>25831,495000</NAT_ACQUISTI>
    <CNOR_ACQUISTI>2618,458000</CNOR_ACQUISTI>
    <CSUD_ACQUISTI>3688,249000</CSUD_ACQUISTI>
    <NORD_ACQUISTI>14969,084000</NORD_ACQUISTI>
    <SARD_ACQUISTI>729,791000</SARD_ACQUISTI>
    <SICI_ACQUISTI>1439,575000</SICI_ACQUISTI>
    <SUD_ACQUISTI>1915,338000</SUD_ACQUISTI>
    <AUST_ACQUISTI>0,000000</AUST_ACQUISTI>
    <BRNN_ACQUISTI>0,000000</BRNN_ACQUISTI>
    <COAC_ACQUISTI>20,000000</COAC_ACQUISTI>
    <CORS_ACQUISTI>5,000000</CORS_ACQUISTI>
    <FOGN_ACQUISTI>0,000000</FOGN_ACQUISTI>
    <FRAN_ACQUISTI>0,000000</FRAN_ACQUISTI>
    <GREC_ACQUISTI>325,000000</GREC_ACQUISTI>
    <MFTV_ACQUISTI>0,000000</MFTV_ACQUISTI>
    <PRGP_ACQUISTI>0,000000</PRGP_ACQUISTI>
    <ROSN_ACQUISTI>0,000000</ROSN_ACQUISTI>
    <SLOV_ACQUISTI>0,000000</SLOV_ACQUISTI>
    <SVIZ_ACQUISTI>0,000000</SVIZ_ACQUISTI>
    <BSP_ACQUISTI>0,000000</BSP_ACQUISTI>
    <MALT_ACQUISTI>121,000000</MALT_ACQUISTI>
    <XAUS_ACQUISTI>0,000000</XAUS_ACQUISTI>
    <XFRA_ACQUISTI>0,000000</XFRA_ACQUISTI>
    <TOTALE_VENDITE>23117,495</TOTALE_VENDITE>
    <NAT_VENDITE>25831,495000</NAT_VENDITE>
    <CNOR_VENDITE>2168,200000</CNOR_VENDITE>
    <CSUD_VENDITE>1356,174000</CSUD_VENDITE>
    <NORD_VENDITE>10990,255000</NORD_VENDITE>
    <SARD_VENDITE>974,908000</SARD_VENDITE>
    <SICI_VENDITE>1251,452000</SICI_VENDITE>
    <SUD_VENDITE>1846,619000</SUD_VENDITE>
    <AUST_VENDITE>20,000000</AUST_VENDITE>
    <BRNN_VENDITE>996,973000</BRNN_VENDITE>
    <COAC_VENDITE>0,000000</COAC_VENDITE>
    <CORS_VENDITE>0,000000</CORS_VENDITE>
    <FOGN_VENDITE>8,853000</FOGN_VENDITE>
    <FRAN_VENDITE>92,000000</FRAN_VENDITE>
    <GREC_VENDITE>401,000000</GREC_VENDITE>
    <MFTV_VENDITE>0,000000</MFTV_VENDITE>
    <PRGP_VENDITE>0,000000</PRGP_VENDITE>
    <ROSN_VENDITE>778,061000</ROSN_VENDITE>
    <SLOV_VENDITE>0,000000</SLOV_VENDITE>
    <SVIZ_VENDITE>2233,000000</SVIZ_VENDITE>
    <BSP_VENDITE>446,000000</BSP_VENDITE>
    <MALT_VENDITE>0,000000</MALT_VENDITE>
    <XAUS_VENDITE>214,000000</XAUS_VENDITE>
    <XFRA_VENDITE>2054,000000</XFRA_VENDITE>
    <TOTITABSP_VENDITE>23563,495</TOTITABSP_VENDITE>
    <TOTITABSP_ACQUISTI>25831,495</TOTITABSP_ACQUISTI>
  </Quantita>
  <Quantita>
    <Data>20180404</Data>
    <Mercato>MGP</Mercato>
    <Ora>4</Ora>
    <TOTALE_ACQUISTI>25499,907</TOTALE_ACQUISTI>
    <NAT_ACQUISTI>25499,907000</NAT_ACQUISTI>
    <CNOR_ACQUISTI>2601,446000</CNOR_ACQUISTI>
    <CSUD_ACQUISTI>3654,499000</CSUD_ACQUISTI>
    <NORD_ACQUISTI>14815,116000</NORD_ACQUISTI>
    <SARD_ACQUISTI>721,952000</SARD_ACQUISTI>
    <SICI_ACQUISTI>1409,315000</SICI_ACQUISTI>
    <SUD_ACQUISTI>1900,579000</SUD_ACQUISTI>
    <AUST_ACQUISTI>0,000000</AUST_ACQUISTI>
    <BRNN_ACQUISTI>0,000000</BRNN_ACQUISTI>
    <COAC_ACQUISTI>20,000000</COAC_ACQUISTI>
    <CORS_ACQUISTI>5,000000</CORS_ACQUISTI>
    <FOGN_ACQUISTI>0,000000</FOGN_ACQUISTI>
    <FRAN_ACQUISTI>0,000000</FRAN_ACQUISTI>
    <GREC_ACQUISTI>250,000000</GREC_ACQUISTI>
    <MFTV_ACQUISTI>0,000000</MFTV_ACQUISTI>
    <PRGP_ACQUISTI>0,000000</PRGP_ACQUISTI>
    <ROSN_ACQUISTI>0,000000</ROSN_ACQUISTI>
    <SLOV_ACQUISTI>0,000000</SLOV_ACQUISTI>
    <SVIZ_ACQUISTI>0,000000</SVIZ_ACQUISTI>
    <BSP_ACQUISTI>0,000000</BSP_ACQUISTI>
    <MALT_ACQUISTI>122,000000</MALT_ACQUISTI>
    <XAUS_ACQUISTI>0,000000</XAUS_ACQUISTI>
    <XFRA_ACQUISTI>0,000000</XFRA_ACQUISTI>
    <TOTALE_VENDITE>23629,907</TOTALE_VENDITE>
    <NAT_VENDITE>25499,907000</NAT_VENDITE>
    <CNOR_VENDITE>2174,561000</CNOR_VENDITE>
    <CSUD_VENDITE>2046,745000</CSUD_VENDITE>
    <NORD_VENDITE>11584,810000</NORD_VENDITE>
    <SARD_VENDITE>958,174000</SARD_VENDITE>
    <SICI_VENDITE>1193,784000</SICI_VENDITE>
    <SUD_VENDITE>1820,601000</SUD_VENDITE>
    <AUST_VENDITE>16,000000</AUST_VENDITE>
    <BRNN_VENDITE>994,495000</BRNN_VENDITE>
    <COAC_VENDITE>0,000000</COAC_VENDITE>
    <CORS_VENDITE>0,000000</CORS_VENDITE>
    <FOGN_VENDITE>9,354000</FOGN_VENDITE>
    <FRAN_VENDITE>70,000000</FRAN_VENDITE>
    <GREC_VENDITE>394,000000</GREC_VENDITE>
    <MFTV_VENDITE>0,000000</MFTV_VENDITE>
    <PRGP_VENDITE>0,000000</PRGP_VENDITE>
    <ROSN_VENDITE>777,383000</ROSN_VENDITE>
    <SLOV_VENDITE>0,000000</SLOV_VENDITE>
    <SVIZ_VENDITE>1590,000000</SVIZ_VENDITE>
    <BSP_VENDITE>307,000000</BSP_VENDITE>
    <MALT_VENDITE>0,000000</MALT_VENDITE>
    <XAUS_VENDITE>170,000000</XAUS_VENDITE>
    <XFRA_VENDITE>1393,000000</XFRA_VENDITE>
    <TOTITABSP_VENDITE>23936,907</TOTITABSP_VENDITE>
    <TOTITABSP_ACQUISTI>25499,907</TOTITABSP_ACQUISTI>
  </Quantita>
  <Quantita>
    <Data>20180404</Data>
    <Mercato>MGP</Mercato>
    <Ora>5</Ora>
    <TOTALE_ACQUISTI>25735,957</TOTALE_ACQUISTI>
    <NAT_ACQUISTI>25735,957000</NAT_ACQUISTI>
    <CNOR_ACQUISTI>2611,675000</CNOR_ACQUISTI>
    <CSUD_ACQUISTI>3663,261000</CSUD_ACQUISTI>
    <NORD_ACQUISTI>14983,341000</NORD_ACQUISTI>
    <SARD_ACQUISTI>725,850000</SARD_ACQUISTI>
    <SICI_ACQUISTI>1424,830000</SICI_ACQUISTI>
    <SUD_ACQUISTI>1921,000000</SUD_ACQUISTI>
    <AUST_ACQUISTI>0,000000</AUST_ACQUISTI>
    <BRNN_ACQUISTI>0,000000</BRNN_ACQUISTI>
    <COAC_ACQUISTI>20,000000</COAC_ACQUISTI>
    <CORS_ACQUISTI>5,000000</CORS_ACQUISTI>
    <FOGN_ACQUISTI>0,000000</FOGN_ACQUISTI>
    <FRAN_ACQUISTI>0,000000</FRAN_ACQUISTI>
    <GREC_ACQUISTI>250,000000</GREC_ACQUISTI>
    <MFTV_ACQUISTI>0,000000</MFTV_ACQUISTI>
    <PRGP_ACQUISTI>0,000000</PRGP_ACQUISTI>
    <ROSN_ACQUISTI>0,000000</ROSN_ACQUISTI>
    <SLOV_ACQUISTI>0,000000</SLOV_ACQUISTI>
    <SVIZ_ACQUISTI>0,000000</SVIZ_ACQUISTI>
    <BSP_ACQUISTI>0,000000</BSP_ACQUISTI>
    <MALT_ACQUISTI>131,000000</MALT_ACQUISTI>
    <XAUS_ACQUISTI>0,000000</XAUS_ACQUISTI>
    <XFRA_ACQUISTI>0,000000</XFRA_ACQUISTI>
    <TOTALE_VENDITE>23865,957</TOTALE_VENDITE>
    <NAT_VENDITE>25735,957000</NAT_VENDITE>
    <CNOR_VENDITE>2176,924000</CNOR_VENDITE>
    <CSUD_VENDITE>2170,394000</CSUD_VENDITE>
    <NORD_VENDITE>11754,145000</NORD_VENDITE>
    <SARD_VENDITE>942,773000</SARD_VENDITE>
    <SICI_VENDITE>1133,691000</SICI_VENDITE>
    <SUD_VENDITE>1851,937000</SUD_VENDITE>
    <AUST_VENDITE>16,000000</AUST_VENDITE>
    <BRNN_VENDITE>989,696000</BRNN_VENDITE>
    <COAC_VENDITE>0,000000</COAC_VENDITE>
    <CORS_VENDITE>0,000000</CORS_VENDITE>
    <FOGN_VENDITE>18,059000</FOGN_VENDITE>
    <FRAN_VENDITE>70,000000</FRAN_VENDITE>
    <GREC_VENDITE>375,000000</GREC_VENDITE>
    <MFTV_VENDITE>0,000000</MFTV_VENDITE>
    <PRGP_VENDITE>0,000000</PRGP_VENDITE>
    <ROSN_VENDITE>777,338000</ROSN_VENDITE>
    <SLOV_VENDITE>0,000000</SLOV_VENDITE>
    <SVIZ_VENDITE>1590,000000</SVIZ_VENDITE>
    <BSP_VENDITE>307,000000</BSP_VENDITE>
    <MALT_VENDITE>0,000000</MALT_VENDITE>
    <XAUS_VENDITE>170,000000</XAUS_VENDITE>
    <XFRA_VENDITE>1393,000000</XFRA_VENDITE>
    <TOTITABSP_VENDITE>24172,957</TOTITABSP_VENDITE>
    <TOTITABSP_ACQUISTI>25735,957</TOTITABSP_ACQUISTI>
  </Quantita>
  <Quantita>
    <Data>20180404</Data>
    <Mercato>MGP</Mercato>
    <Ora>6</Ora>
    <TOTALE_ACQUISTI>27120,728</TOTALE_ACQUISTI>
    <NAT_ACQUISTI>27120,728000</NAT_ACQUISTI>
    <CNOR_ACQUISTI>2760,730000</CNOR_ACQUISTI>
    <CSUD_ACQUISTI>3879,591000</CSUD_ACQUISTI>
    <NORD_ACQUISTI>15745,360000</NORD_ACQUISTI>
    <SARD_ACQUISTI>761,135000</SARD_ACQUISTI>
    <SICI_ACQUISTI>1500,357000</SICI_ACQUISTI>
    <SUD_ACQUISTI>1999,555000</SUD_ACQUISTI>
    <AUST_ACQUISTI>0,000000</AUST_ACQUISTI>
    <BRNN_ACQUISTI>0,000000</BRNN_ACQUISTI>
    <COAC_ACQUISTI>20,000000</COAC_ACQUISTI>
    <CORS_ACQUISTI>5,000000</CORS_ACQUISTI>
    <FOGN_ACQUISTI>0,000000</FOGN_ACQUISTI>
    <FRAN_ACQUISTI>0,000000</FRAN_ACQUISTI>
    <GREC_ACQUISTI>295,000000</GREC_ACQUISTI>
    <MFTV_ACQUISTI>0,000000</MFTV_ACQUISTI>
    <PRGP_ACQUISTI>0,000000</PRGP_ACQUISTI>
    <ROSN_ACQUISTI>0,000000</ROSN_ACQUISTI>
    <SLOV_ACQUISTI>0,000000</SLOV_ACQUISTI>
    <SVIZ_ACQUISTI>0,000000</SVIZ_ACQUISTI>
    <BSP_ACQUISTI>0,000000</BSP_ACQUISTI>
    <MALT_ACQUISTI>154,000000</MALT_ACQUISTI>
    <XAUS_ACQUISTI>0,000000</XAUS_ACQUISTI>
    <XFRA_ACQUISTI>0,000000</XFRA_ACQUISTI>
    <TOTALE_VENDITE>25250,728</TOTALE_VENDITE>
    <NAT_VENDITE>27120,728000</NAT_VENDITE>
    <CNOR_VENDITE>2181,390000</CNOR_VENDITE>
    <CSUD_VENDITE>3204,533000</CSUD_VENDITE>
    <NORD_VENDITE>12239,758000</NORD_VENDITE>
    <SARD_VENDITE>931,428000</SARD_VENDITE>
    <SICI_VENDITE>1102,333000</SICI_VENDITE>
    <SUD_VENDITE>1805,895000</SUD_VENDITE>
    <AUST_VENDITE>16,000000</AUST_VENDITE>
    <BRNN_VENDITE>888,268000</BRNN_VENDITE>
    <COAC_VENDITE>0,000000</COAC_VENDITE>
    <CORS_VENDITE>0,000000</CORS_VENDITE>
    <FOGN_VENDITE>120,182000</FOGN_VENDITE>
    <FRAN_VENDITE>70,000000</FRAN_VENDITE>
    <GREC_VENDITE>328,000000</GREC_VENDITE>
    <MFTV_VENDITE>0,000000</MFTV_VENDITE>
    <PRGP_VENDITE>0,000000</PRGP_VENDITE>
    <ROSN_VENDITE>772,941000</ROSN_VENDITE>
    <SLOV_VENDITE>0,000000</SLOV_VENDITE>
    <SVIZ_VENDITE>1590,000000</SVIZ_VENDITE>
    <BSP_VENDITE>307,000000</BSP_VENDITE>
    <MALT_VENDITE>0,000000</MALT_VENDITE>
    <XAUS_VENDITE>170,000000</XAUS_VENDITE>
    <XFRA_VENDITE>1393,000000</XFRA_VENDITE>
    <TOTITABSP_VENDITE>25557,728</TOTITABSP_VENDITE>
    <TOTITABSP_ACQUISTI>27120,728</TOTITABSP_ACQUISTI>
  </Quantita>
  <Quantita>
    <Data>20180404</Data>
    <Mercato>MGP</Mercato>
    <Ora>7</Ora>
    <TOTALE_ACQUISTI>31152,307</TOTALE_ACQUISTI>
    <NAT_ACQUISTI>31152,307000</NAT_ACQUISTI>
    <CNOR_ACQUISTI>3214,759000</CNOR_ACQUISTI>
    <CSUD_ACQUISTI>4446,256000</CSUD_ACQUISTI>
    <NORD_ACQUISTI>18507,735000</NORD_ACQUISTI>
    <SARD_ACQUISTI>859,495000</SARD_ACQUISTI>
    <SICI_ACQUISTI>1671,951000</SICI_ACQUISTI>
    <SUD_ACQUISTI>2211,111000</SUD_ACQUISTI>
    <AUST_ACQUISTI>0,000000</AUST_ACQUISTI>
    <BRNN_ACQUISTI>0,000000</BRNN_ACQUISTI>
    <COAC_ACQUISTI>20,000000</COAC_ACQUISTI>
    <CORS_ACQUISTI>5,000000</CORS_ACQUISTI>
    <FOGN_ACQUISTI>0,000000</FOGN_ACQUISTI>
    <FRAN_ACQUISTI>0,000000</FRAN_ACQUISTI>
    <GREC_ACQUISTI>30,000000</GREC_ACQUISTI>
    <MFTV_ACQUISTI>0,000000</MFTV_ACQUISTI>
    <PRGP_ACQUISTI>0,000000</PRGP_ACQUISTI>
    <ROSN_ACQUISTI>0,000000</ROSN_ACQUISTI>
    <SLOV_ACQUISTI>0,000000</SLOV_ACQUISTI>
    <SVIZ_ACQUISTI>0,000000</SVIZ_ACQUISTI>
    <BSP_ACQUISTI>0,000000</BSP_ACQUISTI>
    <MALT_ACQUISTI>186,000000</MALT_ACQUISTI>
    <XAUS_ACQUISTI>0,000000</XAUS_ACQUISTI>
    <XFRA_ACQUISTI>0,000000</XFRA_ACQUISTI>
    <TOTALE_VENDITE>28437,307</TOTALE_VENDITE>
    <NAT_VENDITE>31152,307000</NAT_VENDITE>
    <CNOR_VENDITE>2212,470000</CNOR_VENDITE>
    <CSUD_VENDITE>3907,972000</CSUD_VENDITE>
    <NORD_VENDITE>13412,705000</NORD_VENDITE>
    <SARD_VENDITE>915,392000</SARD_VENDITE>
    <SICI_VENDITE>1064,023000</SICI_VENDITE>
    <SUD_VENDITE>1868,765000</SUD_VENDITE>
    <AUST_VENDITE>20,000000</AUST_VENDITE>
    <BRNN_VENDITE>885,351000</BRNN_VENDITE>
    <COAC_VENDITE>0,000000</COAC_VENDITE>
    <CORS_VENDITE>0,000000</CORS_VENDITE>
    <FOGN_VENDITE>571,401000</FOGN_VENDITE>
    <FRAN_VENDITE>92,000000</FRAN_VENDITE>
    <GREC_VENDITE>483,000000</GREC_VENDITE>
    <MFTV_VENDITE>0,000000</MFTV_VENDITE>
    <PRGP_VENDITE>0,031000</PRGP_VENDITE>
    <ROSN_VENDITE>771,197000</ROSN_VENDITE>
    <SLOV_VENDITE>0,000000</SLOV_VENDITE>
    <SVIZ_VENDITE>2233,000000</SVIZ_VENDITE>
    <BSP_VENDITE>446,000000</BSP_VENDITE>
    <MALT_VENDITE>0,000000</MALT_VENDITE>
    <XAUS_VENDITE>215,000000</XAUS_VENDITE>
    <XFRA_VENDITE>2054,000000</XFRA_VENDITE>
    <TOTITABSP_VENDITE>28883,307</TOTITABSP_VENDITE>
    <TOTITABSP_ACQUISTI>31152,307</TOTITABSP_ACQUISTI>
  </Quantita>
  <Quantita>
    <Data>20180404</Data>
    <Mercato>MGP</Mercato>
    <Ora>8</Ora>
    <TOTALE_ACQUISTI>35913,788</TOTALE_ACQUISTI>
    <NAT_ACQUISTI>35913,788000</NAT_ACQUISTI>
    <CNOR_ACQUISTI>3712,481000</CNOR_ACQUISTI>
    <CSUD_ACQUISTI>5047,677000</CSUD_ACQUISTI>
    <NORD_ACQUISTI>21435,185000</NORD_ACQUISTI>
    <SARD_ACQUISTI>964,144000</SARD_ACQUISTI>
    <SICI_ACQUISTI>1936,007000</SICI_ACQUISTI>
    <SUD_ACQUISTI>2546,294000</SUD_ACQUISTI>
    <AUST_ACQUISTI>0,000000</AUST_ACQUISTI>
    <BRNN_ACQUISTI>0,000000</BRNN_ACQUISTI>
    <COAC_ACQUISTI>37,000000</COAC_ACQUISTI>
    <CORS_ACQUISTI>12,000000</CORS_ACQUISTI>
    <FOGN_ACQUISTI>0,000000</FOGN_ACQUISTI>
    <FRAN_ACQUISTI>0,000000</FRAN_ACQUISTI>
    <GREC_ACQUISTI>0,000000</GREC_ACQUISTI>
    <MFTV_ACQUISTI>0,000000</MFTV_ACQUISTI>
    <PRGP_ACQUISTI>0,000000</PRGP_ACQUISTI>
    <ROSN_ACQUISTI>0,000000</ROSN_ACQUISTI>
    <SLOV_ACQUISTI>0,000000</SLOV_ACQUISTI>
    <SVIZ_ACQUISTI>0,000000</SVIZ_ACQUISTI>
    <BSP_ACQUISTI>0,000000</BSP_ACQUISTI>
    <MALT_ACQUISTI>223,000000</MALT_ACQUISTI>
    <XAUS_ACQUISTI>0,000000</XAUS_ACQUISTI>
    <XFRA_ACQUISTI>0,000000</XFRA_ACQUISTI>
    <TOTALE_VENDITE>32601,788</TOTALE_VENDITE>
    <NAT_VENDITE>35913,788000</NAT_VENDITE>
    <CNOR_VENDITE>2327,792000</CNOR_VENDITE>
    <CSUD_VENDITE>4566,529000</CSUD_VENDITE>
    <NORD_VENDITE>15800,272000</NORD_VENDITE>
    <SARD_VENDITE>920,677000</SARD_VENDITE>
    <SICI_VENDITE>1149,507000</SICI_VENDITE>
    <SUD_VENDITE>1942,543000</SUD_VENDITE>
    <AUST_VENDITE>20,000000</AUST_VENDITE>
    <BRNN_VENDITE>882,502000</BRNN_VENDITE>
    <COAC_VENDITE>0,000000</COAC_VENDITE>
    <CORS_VENDITE>0,000000</CORS_VENDITE>
    <FOGN_VENDITE>844,653000</FOGN_VENDITE>
    <FRAN_VENDITE>99,000000</FRAN_VENDITE>
    <GREC_VENDITE>500,000000</GREC_VENDITE>
    <MFTV_VENDITE>0,000000</MFTV_VENDITE>
    <PRGP_VENDITE>0,812000</PRGP_VENDITE>
    <ROSN_VENDITE>779,501000</ROSN_VENDITE>
    <SLOV_VENDITE>0,000000</SLOV_VENDITE>
    <SVIZ_VENDITE>2768,000000</SVIZ_VENDITE>
    <BSP_VENDITE>594,000000</BSP_VENDITE>
    <MALT_VENDITE>0,000000</MALT_VENDITE>
    <XAUS_VENDITE>252,000000</XAUS_VENDITE>
    <XFRA_VENDITE>2466,000000</XFRA_VENDITE>
    <TOTITABSP_VENDITE>33195,788</TOTITABSP_VENDITE>
    <TOTITABSP_ACQUISTI>35913,788</TOTITABSP_ACQUISTI>
  </Quantita>
  <Quantita>
    <Data>20180404</Data>
    <Mercato>MGP</Mercato>
    <Ora>9</Ora>
    <TOTALE_ACQUISTI>40773,427</TOTALE_ACQUISTI>
    <NAT_ACQUISTI>40773,427000</NAT_ACQUISTI>
    <CNOR_ACQUISTI>4335,479000</CNOR_ACQUISTI>
    <CSUD_ACQUISTI>5708,054000</CSUD_ACQUISTI>
    <NORD_ACQUISTI>24252,958000</NORD_ACQUISTI>
    <SARD_ACQUISTI>1073,900000</SARD_ACQUISTI>
    <SICI_ACQUISTI>2160,835000</SICI_ACQUISTI>
    <SUD_ACQUISTI>2963,201000</SUD_ACQUISTI>
    <AUST_ACQUISTI>0,000000</AUST_ACQUISTI>
    <BRNN_ACQUISTI>0,000000</BRNN_ACQUISTI>
    <COAC_ACQUISTI>38,000000</COAC_ACQUISTI>
    <CORS_ACQUISTI>19,000000</CORS_ACQUISTI>
    <FOGN_ACQUISTI>0,000000</FOGN_ACQUISTI>
    <FRAN_ACQUISTI>0,000000</FRAN_ACQUISTI>
    <GREC_ACQUISTI>0,000000</GREC_ACQUISTI>
    <MFTV_ACQUISTI>0,000000</MFTV_ACQUISTI>
    <PRGP_ACQUISTI>0,000000</PRGP_ACQUISTI>
    <ROSN_ACQUISTI>0,000000</ROSN_ACQUISTI>
    <SLOV_ACQUISTI>0,000000</SLOV_ACQUISTI>
    <SVIZ_ACQUISTI>0,000000</SVIZ_ACQUISTI>
    <BSP_ACQUISTI>0,000000</BSP_ACQUISTI>
    <MALT_ACQUISTI>222,000000</MALT_ACQUISTI>
    <XAUS_ACQUISTI>0,000000</XAUS_ACQUISTI>
    <XFRA_ACQUISTI>0,000000</XFRA_ACQUISTI>
    <TOTALE_VENDITE>37461,427</TOTALE_VENDITE>
    <NAT_VENDITE>40773,427000</NAT_VENDITE>
    <CNOR_VENDITE>2853,909000</CNOR_VENDITE>
    <CSUD_VENDITE>4852,886000</CSUD_VENDITE>
    <NORD_VENDITE>17233,554000</NORD_VENDITE>
    <SARD_VENDITE>988,743000</SARD_VENDITE>
    <SICI_VENDITE>1423,090000</SICI_VENDITE>
    <SUD_VENDITE>2472,567000</SUD_VENDITE>
    <AUST_VENDITE>20,000000</AUST_VENDITE>
    <BRNN_VENDITE>2318,997000</BRNN_VENDITE>
    <COAC_VENDITE>0,000000</COAC_VENDITE>
    <CORS_VENDITE>0,000000</CORS_VENDITE>
    <FOGN_VENDITE>938,231000</FOGN_VENDITE>
    <FRAN_VENDITE>99,000000</FRAN_VENDITE>
    <GREC_VENDITE>500,000000</GREC_VENDITE>
    <MFTV_VENDITE>0,000000</MFTV_VENDITE>
    <PRGP_VENDITE>2,312000</PRGP_VENDITE>
    <ROSN_VENDITE>990,138000</ROSN_VENDITE>
    <SLOV_VENDITE>0,000000</SLOV_VENDITE>
    <SVIZ_VENDITE>2768,000000</SVIZ_VENDITE>
    <BSP_VENDITE>594,000000</BSP_VENDITE>
    <MALT_VENDITE>0,000000</MALT_VENDITE>
    <XAUS_VENDITE>252,000000</XAUS_VENDITE>
    <XFRA_VENDITE>2466,000000</XFRA_VENDITE>
    <TOTITABSP_VENDITE>38055,427</TOTITABSP_VENDITE>
    <TOTITABSP_ACQUISTI>40773,427</TOTITABSP_ACQUISTI>
  </Quantita>
  <Quantita>
    <Data>20180404</Data>
    <Mercato>MGP</Mercato>
    <Ora>10</Ora>
    <TOTALE_ACQUISTI>41307,188</TOTALE_ACQUISTI>
    <NAT_ACQUISTI>41307,188000</NAT_ACQUISTI>
    <CNOR_ACQUISTI>4446,966000</CNOR_ACQUISTI>
    <CSUD_ACQUISTI>5903,741000</CSUD_ACQUISTI>
    <NORD_ACQUISTI>24577,748000</NORD_ACQUISTI>
    <SARD_ACQUISTI>1058,492000</SARD_ACQUISTI>
    <SICI_ACQUISTI>2176,186000</SICI_ACQUISTI>
    <SUD_ACQUISTI>2891,055000</SUD_ACQUISTI>
    <AUST_ACQUISTI>0,000000</AUST_ACQUISTI>
    <BRNN_ACQUISTI>0,000000</BRNN_ACQUISTI>
    <COAC_ACQUISTI>44,000000</COAC_ACQUISTI>
    <CORS_ACQUISTI>19,000000</CORS_ACQUISTI>
    <FOGN_ACQUISTI>0,000000</FOGN_ACQUISTI>
    <FRAN_ACQUISTI>0,000000</FRAN_ACQUISTI>
    <GREC_ACQUISTI>0,000000</GREC_ACQUISTI>
    <MFTV_ACQUISTI>0,000000</MFTV_ACQUISTI>
    <PRGP_ACQUISTI>0,000000</PRGP_ACQUISTI>
    <ROSN_ACQUISTI>0,000000</ROSN_ACQUISTI>
    <SLOV_ACQUISTI>0,000000</SLOV_ACQUISTI>
    <SVIZ_ACQUISTI>0,000000</SVIZ_ACQUISTI>
    <BSP_ACQUISTI>0,000000</BSP_ACQUISTI>
    <MALT_ACQUISTI>190,000000</MALT_ACQUISTI>
    <XAUS_ACQUISTI>0,000000</XAUS_ACQUISTI>
    <XFRA_ACQUISTI>0,000000</XFRA_ACQUISTI>
    <TOTALE_VENDITE>37995,188</TOTALE_VENDITE>
    <NAT_VENDITE>41307,188000</NAT_VENDITE>
    <CNOR_VENDITE>2919,200000</CNOR_VENDITE>
    <CSUD_VENDITE>5258,869000</CSUD_VENDITE>
    <NORD_VENDITE>17425,514000</NORD_VENDITE>
    <SARD_VENDITE>1041,481000</SARD_VENDITE>
    <SICI_VENDITE>1415,241000</SICI_VENDITE>
    <SUD_VENDITE>2902,234000</SUD_VENDITE>
    <AUST_VENDITE>20,000000</AUST_VENDITE>
    <BRNN_VENDITE>1439,140000</BRNN_VENDITE>
    <COAC_VENDITE>0,000000</COAC_VENDITE>
    <CORS_VENDITE>0,000000</CORS_VENDITE>
    <FOGN_VENDITE>1134,976000</FOGN_VENDITE>
    <FRAN_VENDITE>99,000000</FRAN_VENDITE>
    <GREC_VENDITE>485,000000</GREC_VENDITE>
    <MFTV_VENDITE>0,000000</MFTV_VENDITE>
    <PRGP_VENDITE>4,041000</PRGP_VENDITE>
    <ROSN_VENDITE>1082,492000</ROSN_VENDITE>
    <SLOV_VENDITE>0,000000</SLOV_VENDITE>
    <SVIZ_VENDITE>2768,000000</SVIZ_VENDITE>
    <BSP_VENDITE>594,000000</BSP_VENDITE>
    <MALT_VENDITE>0,000000</MALT_VENDITE>
    <XAUS_VENDITE>252,000000</XAUS_VENDITE>
    <XFRA_VENDITE>2466,000000</XFRA_VENDITE>
    <TOTITABSP_VENDITE>38589,188</TOTITABSP_VENDITE>
    <TOTITABSP_ACQUISTI>41307,188</TOTITABSP_ACQUISTI>
  </Quantita>
  <Quantita>
    <Data>20180404</Data>
    <Mercato>MGP</Mercato>
    <Ora>11</Ora>
    <TOTALE_ACQUISTI>40765,697</TOTALE_ACQUISTI>
    <NAT_ACQUISTI>40779,383000</NAT_ACQUISTI>
    <CNOR_ACQUISTI>4382,763000</CNOR_ACQUISTI>
    <CSUD_ACQUISTI>5820,703000</CSUD_ACQUISTI>
    <NORD_ACQUISTI>24386,407000</NORD_ACQUISTI>
    <SARD_ACQUISTI>1012,066000</SARD_ACQUISTI>
    <SICI_ACQUISTI>2102,792000</SICI_ACQUISTI>
    <SUD_ACQUISTI>2823,966000</SUD_ACQUISTI>
    <AUST_ACQUISTI>0,000000</AUST_ACQUISTI>
    <BRNN_ACQUISTI>0,000000</BRNN_ACQUISTI>
    <COAC_ACQUISTI>36,000000</COAC_ACQUISTI>
    <CORS_ACQUISTI>19,000000</CORS_ACQUISTI>
    <FOGN_ACQUISTI>0,000000</FOGN_ACQUISTI>
    <FRAN_ACQUISTI>0,000000</FRAN_ACQUISTI>
    <GREC_ACQUISTI>0,000000</GREC_ACQUISTI>
    <MFTV_ACQUISTI>0,000000</MFTV_ACQUISTI>
    <PRGP_ACQUISTI>0,000000</PRGP_ACQUISTI>
    <ROSN_ACQUISTI>0,000000</ROSN_ACQUISTI>
    <SLOV_ACQUISTI>0,000000</SLOV_ACQUISTI>
    <SVIZ_ACQUISTI>0,000000</SVIZ_ACQUISTI>
    <BSP_ACQUISTI>0,000000</BSP_ACQUISTI>
    <MALT_ACQUISTI>182,000000</MALT_ACQUISTI>
    <XAUS_ACQUISTI>0,000000</XAUS_ACQUISTI>
    <XFRA_ACQUISTI>0,000000</XFRA_ACQUISTI>
    <TOTALE_VENDITE>37453,697</TOTALE_VENDITE>
    <NAT_VENDITE>40779,383000</NAT_VENDITE>
    <CNOR_VENDITE>2916,378000</CNOR_VENDITE>
    <CSUD_VENDITE>5335,228000</CSUD_VENDITE>
    <NORD_VENDITE>17172,792000</NORD_VENDITE>
    <SARD_VENDITE>1097,062000</SARD_VENDITE>
    <SICI_VENDITE>1470,834000</SICI_VENDITE>
    <SUD_VENDITE>3082,663000</SUD_VENDITE>
    <AUST_VENDITE>20,000000</AUST_VENDITE>
    <BRNN_VENDITE>981,099000</BRNN_VENDITE>
    <COAC_VENDITE>0,000000</COAC_VENDITE>
    <CORS_VENDITE>0,000000</CORS_VENDITE>
    <FOGN_VENDITE>938,421000</FOGN_VENDITE>
    <FRAN_VENDITE>99,000000</FRAN_VENDITE>
    <GREC_VENDITE>448,000000</GREC_VENDITE>
    <MFTV_VENDITE>0,000000</MFTV_VENDITE>
    <PRGP_VENDITE>5,525000</PRGP_VENDITE>
    <ROSN_VENDITE>1118,695000</ROSN_VENDITE>
    <SLOV_VENDITE>0,000000</SLOV_VENDITE>
    <SVIZ_VENDITE>2768,000000</SVIZ_VENDITE>
    <BSP_VENDITE>594,000000</BSP_VENDITE>
    <MALT_VENDITE>0,000000</MALT_VENDITE>
    <XAUS_VENDITE>252,000000</XAUS_VENDITE>
    <XFRA_VENDITE>2466,000000</XFRA_VENDITE>
    <TOTITABSP_VENDITE>38047,697</TOTITABSP_VENDITE>
    <TOTITABSP_ACQUISTI>40765,697</TOTITABSP_ACQUISTI>
  </Quantita>
  <Quantita>
    <Data>20180404</Data>
    <Mercato>MGP</Mercato>
    <Ora>12</Ora>
    <TOTALE_ACQUISTI>40052,932</TOTALE_ACQUISTI>
    <NAT_ACQUISTI>40052,932000</NAT_ACQUISTI>
    <CNOR_ACQUISTI>4317,613000</CNOR_ACQUISTI>
    <CSUD_ACQUISTI>5721,783000</CSUD_ACQUISTI>
    <NORD_ACQUISTI>23980,043000</NORD_ACQUISTI>
    <SARD_ACQUISTI>981,427000</SARD_ACQUISTI>
    <SICI_ACQUISTI>2043,863000</SICI_ACQUISTI>
    <SUD_ACQUISTI>2787,203000</SUD_ACQUISTI>
    <AUST_ACQUISTI>0,000000</AUST_ACQUISTI>
    <BRNN_ACQUISTI>0,000000</BRNN_ACQUISTI>
    <COAC_ACQUISTI>34,000000</COAC_ACQUISTI>
    <CORS_ACQUISTI>19,000000</CORS_ACQUISTI>
    <FOGN_ACQUISTI>0,000000</FOGN_ACQUISTI>
    <FRAN_ACQUISTI>0,000000</FRAN_ACQUISTI>
    <GREC_ACQUISTI>10,000000</GREC_ACQUISTI>
    <MFTV_ACQUISTI>0,000000</MFTV_ACQUISTI>
    <PRGP_ACQUISTI>0,000000</PRGP_ACQUISTI>
    <ROSN_ACQUISTI>0,000000</ROSN_ACQUISTI>
    <SLOV_ACQUISTI>0,000000</SLOV_ACQUISTI>
    <SVIZ_ACQUISTI>0,000000</SVIZ_ACQUISTI>
    <BSP_ACQUISTI>0,000000</BSP_ACQUISTI>
    <MALT_ACQUISTI>158,000000</MALT_ACQUISTI>
    <XAUS_ACQUISTI>0,000000</XAUS_ACQUISTI>
    <XFRA_ACQUISTI>0,000000</XFRA_ACQUISTI>
    <TOTALE_VENDITE>36740,932</TOTALE_VENDITE>
    <NAT_VENDITE>40052,932000</NAT_VENDITE>
    <CNOR_VENDITE>2591,218000</CNOR_VENDITE>
    <CSUD_VENDITE>5221,066000</CSUD_VENDITE>
    <NORD_VENDITE>17026,438000</NORD_VENDITE>
    <SARD_VENDITE>1152,540000</SARD_VENDITE>
    <SICI_VENDITE>1584,247000</SICI_VENDITE>
    <SUD_VENDITE>3191,281000</SUD_VENDITE>
    <AUST_VENDITE>20,000000</AUST_VENDITE>
    <BRNN_VENDITE>982,160000</BRNN_VENDITE>
    <COAC_VENDITE>0,000000</COAC_VENDITE>
    <CORS_VENDITE>0,000000</CORS_VENDITE>
    <FOGN_VENDITE>924,454000</FOGN_VENDITE>
    <FRAN_VENDITE>99,000000</FRAN_VENDITE>
    <GREC_VENDITE>428,000000</GREC_VENDITE>
    <MFTV_VENDITE>0,000000</MFTV_VENDITE>
    <PRGP_VENDITE>6,558000</PRGP_VENDITE>
    <ROSN_VENDITE>745,970000</ROSN_VENDITE>
    <SLOV_VENDITE>0,000000</SLOV_VENDITE>
    <SVIZ_VENDITE>2768,000000</SVIZ_VENDITE>
    <BSP_VENDITE>594,000000</BSP_VENDITE>
    <MALT_VENDITE>0,000000</MALT_VENDITE>
    <XAUS_VENDITE>252,000000</XAUS_VENDITE>
    <XFRA_VENDITE>2466,000000</XFRA_VENDITE>
    <TOTITABSP_VENDITE>37334,932</TOTITABSP_VENDITE>
    <TOTITABSP_ACQUISTI>40052,932</TOTITABSP_ACQUISTI>
  </Quantita>
  <Quantita>
    <Data>20180404</Data>
    <Mercato>MGP</Mercato>
    <Ora>13</Ora>
    <TOTALE_ACQUISTI>38208,513</TOTALE_ACQUISTI>
    <NAT_ACQUISTI>38188,513000</NAT_ACQUISTI>
    <CNOR_ACQUISTI>4060,529000</CNOR_ACQUISTI>
    <CSUD_ACQUISTI>5664,552000</CSUD_ACQUISTI>
    <NORD_ACQUISTI>22406,615000</NORD_ACQUISTI>
    <SARD_ACQUISTI>972,531000</SARD_ACQUISTI>
    <SICI_ACQUISTI>2017,102000</SICI_ACQUISTI>
    <SUD_ACQUISTI>2793,184000</SUD_ACQUISTI>
    <AUST_ACQUISTI>0,000000</AUST_ACQUISTI>
    <BRNN_ACQUISTI>0,000000</BRNN_ACQUISTI>
    <COAC_ACQUISTI>33,000000</COAC_ACQUISTI>
    <CORS_ACQUISTI>5,000000</CORS_ACQUISTI>
    <FOGN_ACQUISTI>0,000000</FOGN_ACQUISTI>
    <FRAN_ACQUISTI>0,000000</FRAN_ACQUISTI>
    <GREC_ACQUISTI>110,000000</GREC_ACQUISTI>
    <MFTV_ACQUISTI>0,000000</MFTV_ACQUISTI>
    <PRGP_ACQUISTI>0,000000</PRGP_ACQUISTI>
    <ROSN_ACQUISTI>0,000000</ROSN_ACQUISTI>
    <SLOV_ACQUISTI>0,000000</SLOV_ACQUISTI>
    <SVIZ_ACQUISTI>0,000000</SVIZ_ACQUISTI>
    <BSP_ACQUISTI>0,000000</BSP_ACQUISTI>
    <MALT_ACQUISTI>146,000000</MALT_ACQUISTI>
    <XAUS_ACQUISTI>0,000000</XAUS_ACQUISTI>
    <XFRA_ACQUISTI>0,000000</XFRA_ACQUISTI>
    <TOTALE_VENDITE>35307,513</TOTALE_VENDITE>
    <NAT_VENDITE>38188,513000</NAT_VENDITE>
    <CNOR_VENDITE>2618,203000</CNOR_VENDITE>
    <CSUD_VENDITE>4772,272000</CSUD_VENDITE>
    <NORD_VENDITE>15894,941000</NORD_VENDITE>
    <SARD_VENDITE>1190,754000</SARD_VENDITE>
    <SICI_VENDITE>1648,046000</SICI_VENDITE>
    <SUD_VENDITE>3344,592000</SUD_VENDITE>
    <AUST_VENDITE>20,000000</AUST_VENDITE>
    <BRNN_VENDITE>983,233000</BRNN_VENDITE>
    <COAC_VENDITE>0,000000</COAC_VENDITE>
    <CORS_VENDITE>0,000000</CORS_VENDITE>
    <FOGN_VENDITE>845,293000</FOGN_VENDITE>
    <FRAN_VENDITE>94,000000</FRAN_VENDITE>
    <GREC_VENDITE>340,000000</GREC_VENDITE>
    <MFTV_VENDITE>0,000000</MFTV_VENDITE>
    <PRGP_VENDITE>7,067000</PRGP_VENDITE>
    <ROSN_VENDITE>1105,112000</ROSN_VENDITE>
    <SLOV_VENDITE>0,000000</SLOV_VENDITE>
    <SVIZ_VENDITE>2444,000000</SVIZ_VENDITE>
    <BSP_VENDITE>521,000000</BSP_VENDITE>
    <MALT_VENDITE>0,000000</MALT_VENDITE>
    <XAUS_VENDITE>229,000000</XAUS_VENDITE>
    <XFRA_VENDITE>2151,000000</XFRA_VENDITE>
    <TOTITABSP_VENDITE>35828,513</TOTITABSP_VENDITE>
    <TOTITABSP_ACQUISTI>38208,513</TOTITABSP_ACQUISTI>
  </Quantita>
  <Quantita>
    <Data>20180404</Data>
    <Mercato>MGP</Mercato>
    <Ora>14</Ora>
    <TOTALE_ACQUISTI>37728,568</TOTALE_ACQUISTI>
    <NAT_ACQUISTI>37731,769000</NAT_ACQUISTI>
    <CNOR_ACQUISTI>3909,194000</CNOR_ACQUISTI>
    <CSUD_ACQUISTI>5484,829000</CSUD_ACQUISTI>
    <NORD_ACQUISTI>22460,310000</NORD_ACQUISTI>
    <SARD_ACQUISTI>931,403000</SARD_ACQUISTI>
    <SICI_ACQUISTI>1959,782000</SICI_ACQUISTI>
    <SUD_ACQUISTI>2668,050000</SUD_ACQUISTI>
    <AUST_ACQUISTI>0,000000</AUST_ACQUISTI>
    <BRNN_ACQUISTI>0,000000</BRNN_ACQUISTI>
    <COAC_ACQUISTI>27,000000</COAC_ACQUISTI>
    <CORS_ACQUISTI>5,000000</CORS_ACQUISTI>
    <FOGN_ACQUISTI>0,000000</FOGN_ACQUISTI>
    <FRAN_ACQUISTI>0,000000</FRAN_ACQUISTI>
    <GREC_ACQUISTI>110,000000</GREC_ACQUISTI>
    <MFTV_ACQUISTI>0,000000</MFTV_ACQUISTI>
    <PRGP_ACQUISTI>0,000000</PRGP_ACQUISTI>
    <ROSN_ACQUISTI>0,000000</ROSN_ACQUISTI>
    <SLOV_ACQUISTI>0,000000</SLOV_ACQUISTI>
    <SVIZ_ACQUISTI>30,000000</SVIZ_ACQUISTI>
    <BSP_ACQUISTI>0,000000</BSP_ACQUISTI>
    <MALT_ACQUISTI>143,000000</MALT_ACQUISTI>
    <XAUS_ACQUISTI>0,000000</XAUS_ACQUISTI>
    <XFRA_ACQUISTI>0,000000</XFRA_ACQUISTI>
    <TOTALE_VENDITE>34827,568</TOTALE_VENDITE>
    <NAT_VENDITE>37731,769000</NAT_VENDITE>
    <CNOR_VENDITE>2615,019000</CNOR_VENDITE>
    <CSUD_VENDITE>4423,426000</CSUD_VENDITE>
    <NORD_VENDITE>15830,485000</NORD_VENDITE>
    <SARD_VENDITE>1216,979000</SARD_VENDITE>
    <SICI_VENDITE>1681,089000</SICI_VENDITE>
    <SUD_VENDITE>3346,359000</SUD_VENDITE>
    <AUST_VENDITE>20,000000</AUST_VENDITE>
    <BRNN_VENDITE>985,927000</BRNN_VENDITE>
    <COAC_VENDITE>0,000000</COAC_VENDITE>
    <CORS_VENDITE>0,000000</CORS_VENDITE>
    <FOGN_VENDITE>845,720000</FOGN_VENDITE>
    <FRAN_VENDITE>94,000000</FRAN_VENDITE>
    <GREC_VENDITE>350,000000</GREC_VENDITE>
    <MFTV_VENDITE>0,000000</MFTV_VENDITE>
    <PRGP_VENDITE>7,009000</PRGP_VENDITE>
    <ROSN_VENDITE>967,555000</ROSN_VENDITE>
    <SLOV_VENDITE>0,000000</SLOV_VENDITE>
    <SVIZ_VENDITE>2444,000000</SVIZ_VENDITE>
    <BSP_VENDITE>521,000000</BSP_VENDITE>
    <MALT_VENDITE>0,000000</MALT_VENDITE>
    <XAUS_VENDITE>229,000000</XAUS_VENDITE>
    <XFRA_VENDITE>2151,000000</XFRA_VENDITE>
    <TOTITABSP_VENDITE>35348,568</TOTITABSP_VENDITE>
    <TOTITABSP_ACQUISTI>37728,568</TOTITABSP_ACQUISTI>
  </Quantita>
  <Quantita>
    <Data>20180404</Data>
    <Mercato>MGP</Mercato>
    <Ora>15</Ora>
    <TOTALE_ACQUISTI>38462,275</TOTALE_ACQUISTI>
    <NAT_ACQUISTI>38422,275000</NAT_ACQUISTI>
    <CNOR_ACQUISTI>4118,525000</CNOR_ACQUISTI>
    <CSUD_ACQUISTI>5563,643000</CSUD_ACQUISTI>
    <NORD_ACQUISTI>22992,926000</NORD_ACQUISTI>
    <SARD_ACQUISTI>911,468000</SARD_ACQUISTI>
    <SICI_ACQUISTI>1960,053000</SICI_ACQUISTI>
    <SUD_ACQUISTI>2606,660000</SUD_ACQUISTI>
    <AUST_ACQUISTI>0,000000</AUST_ACQUISTI>
    <BRNN_ACQUISTI>0,000000</BRNN_ACQUISTI>
    <COAC_ACQUISTI>23,000000</COAC_ACQUISTI>
    <CORS_ACQUISTI>5,000000</CORS_ACQUISTI>
    <FOGN_ACQUISTI>0,000000</FOGN_ACQUISTI>
    <FRAN_ACQUISTI>0,000000</FRAN_ACQUISTI>
    <GREC_ACQUISTI>110,000000</GREC_ACQUISTI>
    <MFTV_ACQUISTI>0,000000</MFTV_ACQUISTI>
    <PRGP_ACQUISTI>0,000000</PRGP_ACQUISTI>
    <ROSN_ACQUISTI>0,000000</ROSN_ACQUISTI>
    <SLOV_ACQUISTI>0,000000</SLOV_ACQUISTI>
    <SVIZ_ACQUISTI>30,000000</SVIZ_ACQUISTI>
    <BSP_ACQUISTI>0,000000</BSP_ACQUISTI>
    <MALT_ACQUISTI>141,000000</MALT_ACQUISTI>
    <XAUS_ACQUISTI>0,000000</XAUS_ACQUISTI>
    <XFRA_ACQUISTI>0,000000</XFRA_ACQUISTI>
    <TOTALE_VENDITE>35561,275</TOTALE_VENDITE>
    <NAT_VENDITE>38422,275000</NAT_VENDITE>
    <CNOR_VENDITE>2622,722000</CNOR_VENDITE>
    <CSUD_VENDITE>4559,980000</CSUD_VENDITE>
    <NORD_VENDITE>16564,729000</NORD_VENDITE>
    <SARD_VENDITE>1221,218000</SARD_VENDITE>
    <SICI_VENDITE>1669,117000</SICI_VENDITE>
    <SUD_VENDITE>3206,457000</SUD_VENDITE>
    <AUST_VENDITE>20,000000</AUST_VENDITE>
    <BRNN_VENDITE>987,389000</BRNN_VENDITE>
    <COAC_VENDITE>0,000000</COAC_VENDITE>
    <CORS_VENDITE>0,000000</CORS_VENDITE>
    <FOGN_VENDITE>842,864000</FOGN_VENDITE>
    <FRAN_VENDITE>94,000000</FRAN_VENDITE>
    <GREC_VENDITE>358,000000</GREC_VENDITE>
    <MFTV_VENDITE>0,000000</MFTV_VENDITE>
    <PRGP_VENDITE>6,232000</PRGP_VENDITE>
    <ROSN_VENDITE>964,567000</ROSN_VENDITE>
    <SLOV_VENDITE>0,000000</SLOV_VENDITE>
    <SVIZ_VENDITE>2444,000000</SVIZ_VENDITE>
    <BSP_VENDITE>521,000000</BSP_VENDITE>
    <MALT_VENDITE>0,000000</MALT_VENDITE>
    <XAUS_VENDITE>229,000000</XAUS_VENDITE>
    <XFRA_VENDITE>2151,000000</XFRA_VENDITE>
    <TOTITABSP_VENDITE>36082,275</TOTITABSP_VENDITE>
    <TOTITABSP_ACQUISTI>38462,275</TOTITABSP_ACQUISTI>
  </Quantita>
  <Quantita>
    <Data>20180404</Data>
    <Mercato>MGP</Mercato>
    <Ora>16</Ora>
    <TOTALE_ACQUISTI>38761,94</TOTALE_ACQUISTI>
    <NAT_ACQUISTI>38736,940000</NAT_ACQUISTI>
    <CNOR_ACQUISTI>4203,048000</CNOR_ACQUISTI>
    <CSUD_ACQUISTI>5634,589000</CSUD_ACQUISTI>
    <NORD_ACQUISTI>23143,279000</NORD_ACQUISTI>
    <SARD_ACQUISTI>916,367000</SARD_ACQUISTI>
    <SICI_ACQUISTI>1974,316000</SICI_ACQUISTI>
    <SUD_ACQUISTI>2629,341000</SUD_ACQUISTI>
    <AUST_ACQUISTI>0,000000</AUST_ACQUISTI>
    <BRNN_ACQUISTI>0,000000</BRNN_ACQUISTI>
    <COAC_ACQUISTI>20,000000</COAC_ACQUISTI>
    <CORS_ACQUISTI>5,000000</CORS_ACQUISTI>
    <FOGN_ACQUISTI>0,000000</FOGN_ACQUISTI>
    <FRAN_ACQUISTI>0,000000</FRAN_ACQUISTI>
    <GREC_ACQUISTI>90,000000</GREC_ACQUISTI>
    <MFTV_ACQUISTI>0,000000</MFTV_ACQUISTI>
    <PRGP_ACQUISTI>0,000000</PRGP_ACQUISTI>
    <ROSN_ACQUISTI>0,000000</ROSN_ACQUISTI>
    <SLOV_ACQUISTI>0,000000</SLOV_ACQUISTI>
    <SVIZ_ACQUISTI>0,000000</SVIZ_ACQUISTI>
    <BSP_ACQUISTI>0,000000</BSP_ACQUISTI>
    <MALT_ACQUISTI>146,000000</MALT_ACQUISTI>
    <XAUS_ACQUISTI>0,000000</XAUS_ACQUISTI>
    <XFRA_ACQUISTI>0,000000</XFRA_ACQUISTI>
    <TOTALE_VENDITE>35449,94</TOTALE_VENDITE>
    <NAT_VENDITE>38736,940000</NAT_VENDITE>
    <CNOR_VENDITE>2573,201000</CNOR_VENDITE>
    <CSUD_VENDITE>4803,323000</CSUD_VENDITE>
    <NORD_VENDITE>16079,126000</NORD_VENDITE>
    <SARD_VENDITE>1200,324000</SARD_VENDITE>
    <SICI_VENDITE>1602,936000</SICI_VENDITE>
    <SUD_VENDITE>2893,245000</SUD_VENDITE>
    <AUST_VENDITE>20,000000</AUST_VENDITE>
    <BRNN_VENDITE>986,707000</BRNN_VENDITE>
    <COAC_VENDITE>0,000000</COAC_VENDITE>
    <CORS_VENDITE>0,000000</CORS_VENDITE>
    <FOGN_VENDITE>897,453000</FOGN_VENDITE>
    <FRAN_VENDITE>99,000000</FRAN_VENDITE>
    <GREC_VENDITE>424,000000</GREC_VENDITE>
    <MFTV_VENDITE>0,000000</MFTV_VENDITE>
    <PRGP_VENDITE>4,970000</PRGP_VENDITE>
    <ROSN_VENDITE>1097,655000</ROSN_VENDITE>
    <SLOV_VENDITE>0,000000</SLOV_VENDITE>
    <SVIZ_VENDITE>2768,000000</SVIZ_VENDITE>
    <BSP_VENDITE>594,000000</BSP_VENDITE>
    <MALT_VENDITE>0,000000</MALT_VENDITE>
    <XAUS_VENDITE>252,000000</XAUS_VENDITE>
    <XFRA_VENDITE>2466,000000</XFRA_VENDITE>
    <TOTITABSP_VENDITE>36043,94</TOTITABSP_VENDITE>
    <TOTITABSP_ACQUISTI>38761,94</TOTITABSP_ACQUISTI>
  </Quantita>
  <Quantita>
    <Data>20180404</Data>
    <Mercato>MGP</Mercato>
    <Ora>17</Ora>
    <TOTALE_ACQUISTI>38864,275</TOTALE_ACQUISTI>
    <NAT_ACQUISTI>38864,275000</NAT_ACQUISTI>
    <CNOR_ACQUISTI>4259,610000</CNOR_ACQUISTI>
    <CSUD_ACQUISTI>5716,082000</CSUD_ACQUISTI>
    <NORD_ACQUISTI>23012,926000</NORD_ACQUISTI>
    <SARD_ACQUISTI>930,259000</SARD_ACQUISTI>
    <SICI_ACQUISTI>2024,865000</SICI_ACQUISTI>
    <SUD_ACQUISTI>2717,533000</SUD_ACQUISTI>
    <AUST_ACQUISTI>0,000000</AUST_ACQUISTI>
    <BRNN_ACQUISTI>0,000000</BRNN_ACQUISTI>
    <COAC_ACQUISTI>20,000000</COAC_ACQUISTI>
    <CORS_ACQUISTI>5,000000</CORS_ACQUISTI>
    <FOGN_ACQUISTI>0,000000</FOGN_ACQUISTI>
    <FRAN_ACQUISTI>0,000000</FRAN_ACQUISTI>
    <GREC_ACQUISTI>0,000000</GREC_ACQUISTI>
    <MFTV_ACQUISTI>0,000000</MFTV_ACQUISTI>
    <PRGP_ACQUISTI>0,000000</PRGP_ACQUISTI>
    <ROSN_ACQUISTI>0,000000</ROSN_ACQUISTI>
    <SLOV_ACQUISTI>0,000000</SLOV_ACQUISTI>
    <SVIZ_ACQUISTI>0,000000</SVIZ_ACQUISTI>
    <BSP_ACQUISTI>0,000000</BSP_ACQUISTI>
    <MALT_ACQUISTI>178,000000</MALT_ACQUISTI>
    <XAUS_ACQUISTI>0,000000</XAUS_ACQUISTI>
    <XFRA_ACQUISTI>0,000000</XFRA_ACQUISTI>
    <TOTALE_VENDITE>35552,275</TOTALE_VENDITE>
    <NAT_VENDITE>38864,275000</NAT_VENDITE>
    <CNOR_VENDITE>2501,148000</CNOR_VENDITE>
    <CSUD_VENDITE>5210,671000</CSUD_VENDITE>
    <NORD_VENDITE>16077,388000</NORD_VENDITE>
    <SARD_VENDITE>1154,344000</SARD_VENDITE>
    <SICI_VENDITE>1505,185000</SICI_VENDITE>
    <SUD_VENDITE>2623,824000</SUD_VENDITE>
    <AUST_VENDITE>20,000000</AUST_VENDITE>
    <BRNN_VENDITE>987,768000</BRNN_VENDITE>
    <COAC_VENDITE>0,000000</COAC_VENDITE>
    <CORS_VENDITE>0,000000</CORS_VENDITE>
    <FOGN_VENDITE>1074,288000</FOGN_VENDITE>
    <FRAN_VENDITE>99,000000</FRAN_VENDITE>
    <GREC_VENDITE>428,926000</GREC_VENDITE>
    <MFTV_VENDITE>0,000000</MFTV_VENDITE>
    <PRGP_VENDITE>3,399000</PRGP_VENDITE>
    <ROSN_VENDITE>1098,334000</ROSN_VENDITE>
    <SLOV_VENDITE>0,000000</SLOV_VENDITE>
    <SVIZ_VENDITE>2768,000000</SVIZ_VENDITE>
    <BSP_VENDITE>594,000000</BSP_VENDITE>
    <MALT_VENDITE>0,000000</MALT_VENDITE>
    <XAUS_VENDITE>252,000000</XAUS_VENDITE>
    <XFRA_VENDITE>2466,000000</XFRA_VENDITE>
    <TOTITABSP_VENDITE>36146,275</TOTITABSP_VENDITE>
    <TOTITABSP_ACQUISTI>38864,275</TOTITABSP_ACQUISTI>
  </Quantita>
  <Quantita>
    <Data>20180404</Data>
    <Mercato>MGP</Mercato>
    <Ora>18</Ora>
    <TOTALE_ACQUISTI>38460,063</TOTALE_ACQUISTI>
    <NAT_ACQUISTI>38460,063000</NAT_ACQUISTI>
    <CNOR_ACQUISTI>4190,568000</CNOR_ACQUISTI>
    <CSUD_ACQUISTI>5734,290000</CSUD_ACQUISTI>
    <NORD_ACQUISTI>22406,363000</NORD_ACQUISTI>
    <SARD_ACQUISTI>973,027000</SARD_ACQUISTI>
    <SICI_ACQUISTI>2085,776000</SICI_ACQUISTI>
    <SUD_ACQUISTI>2844,039000</SUD_ACQUISTI>
    <AUST_ACQUISTI>0,000000</AUST_ACQUISTI>
    <BRNN_ACQUISTI>0,000000</BRNN_ACQUISTI>
    <COAC_ACQUISTI>20,000000</COAC_ACQUISTI>
    <CORS_ACQUISTI>5,000000</CORS_ACQUISTI>
    <FOGN_ACQUISTI>0,000000</FOGN_ACQUISTI>
    <FRAN_ACQUISTI>0,000000</FRAN_ACQUISTI>
    <GREC_ACQUISTI>0,000000</GREC_ACQUISTI>
    <MFTV_ACQUISTI>0,000000</MFTV_ACQUISTI>
    <PRGP_ACQUISTI>0,000000</PRGP_ACQUISTI>
    <ROSN_ACQUISTI>0,000000</ROSN_ACQUISTI>
    <SLOV_ACQUISTI>0,000000</SLOV_ACQUISTI>
    <SVIZ_ACQUISTI>0,000000</SVIZ_ACQUISTI>
    <BSP_ACQUISTI>0,000000</BSP_ACQUISTI>
    <MALT_ACQUISTI>201,000000</MALT_ACQUISTI>
    <XAUS_ACQUISTI>0,000000</XAUS_ACQUISTI>
    <XFRA_ACQUISTI>0,000000</XFRA_ACQUISTI>
    <TOTALE_VENDITE>35165,063</TOTALE_VENDITE>
    <NAT_VENDITE>38460,063000</NAT_VENDITE>
    <CNOR_VENDITE>2447,022000</CNOR_VENDITE>
    <CSUD_VENDITE>5079,096000</CSUD_VENDITE>
    <NORD_VENDITE>16155,874000</NORD_VENDITE>
    <SARD_VENDITE>1100,824000</SARD_VENDITE>
    <SICI_VENDITE>1364,274000</SICI_VENDITE>
    <SUD_VENDITE>2270,103000</SUD_VENDITE>
    <AUST_VENDITE>20,000000</AUST_VENDITE>
    <BRNN_VENDITE>986,797000</BRNN_VENDITE>
    <COAC_VENDITE>0,000000</COAC_VENDITE>
    <CORS_VENDITE>0,000000</CORS_VENDITE>
    <FOGN_VENDITE>1254,630000</FOGN_VENDITE>
    <FRAN_VENDITE>99,000000</FRAN_VENDITE>
    <GREC_VENDITE>500,000000</GREC_VENDITE>
    <MFTV_VENDITE>0,000000</MFTV_VENDITE>
    <PRGP_VENDITE>1,800000</PRGP_VENDITE>
    <ROSN_VENDITE>1100,643000</ROSN_VENDITE>
    <SLOV_VENDITE>0,000000</SLOV_VENDITE>
    <SVIZ_VENDITE>2785,000000</SVIZ_VENDITE>
    <BSP_VENDITE>591,000000</BSP_VENDITE>
    <MALT_VENDITE>0,000000</MALT_VENDITE>
    <XAUS_VENDITE>251,000000</XAUS_VENDITE>
    <XFRA_VENDITE>2453,000000</XFRA_VENDITE>
    <TOTITABSP_VENDITE>35756,063</TOTITABSP_VENDITE>
    <TOTITABSP_ACQUISTI>38460,063</TOTITABSP_ACQUISTI>
  </Quantita>
  <Quantita>
    <Data>20180404</Data>
    <Mercato>MGP</Mercato>
    <Ora>19</Ora>
    <TOTALE_ACQUISTI>38286,792</TOTALE_ACQUISTI>
    <NAT_ACQUISTI>38286,792000</NAT_ACQUISTI>
    <CNOR_ACQUISTI>4176,352000</CNOR_ACQUISTI>
    <CSUD_ACQUISTI>5777,654000</CSUD_ACQUISTI>
    <NORD_ACQUISTI>22033,385000</NORD_ACQUISTI>
    <SARD_ACQUISTI>1020,297000</SARD_ACQUISTI>
    <SICI_ACQUISTI>2146,565000</SICI_ACQUISTI>
    <SUD_ACQUISTI>2928,539000</SUD_ACQUISTI>
    <AUST_ACQUISTI>0,000000</AUST_ACQUISTI>
    <BRNN_ACQUISTI>0,000000</BRNN_ACQUISTI>
    <COAC_ACQUISTI>20,000000</COAC_ACQUISTI>
    <CORS_ACQUISTI>5,000000</CORS_ACQUISTI>
    <FOGN_ACQUISTI>0,000000</FOGN_ACQUISTI>
    <FRAN_ACQUISTI>0,000000</FRAN_ACQUISTI>
    <GREC_ACQUISTI>0,000000</GREC_ACQUISTI>
    <MFTV_ACQUISTI>0,000000</MFTV_ACQUISTI>
    <PRGP_ACQUISTI>0,000000</PRGP_ACQUISTI>
    <ROSN_ACQUISTI>0,000000</ROSN_ACQUISTI>
    <SLOV_ACQUISTI>0,000000</SLOV_ACQUISTI>
    <SVIZ_ACQUISTI>0,000000</SVIZ_ACQUISTI>
    <BSP_ACQUISTI>0,000000</BSP_ACQUISTI>
    <MALT_ACQUISTI>179,000000</MALT_ACQUISTI>
    <XAUS_ACQUISTI>0,000000</XAUS_ACQUISTI>
    <XFRA_ACQUISTI>0,000000</XFRA_ACQUISTI>
    <TOTALE_VENDITE>34991,792</TOTALE_VENDITE>
    <NAT_VENDITE>38286,792000</NAT_VENDITE>
    <CNOR_VENDITE>2351,308000</CNOR_VENDITE>
    <CSUD_VENDITE>4869,296000</CSUD_VENDITE>
    <NORD_VENDITE>16588,319000</NORD_VENDITE>
    <SARD_VENDITE>1025,768000</SARD_VENDITE>
    <SICI_VENDITE>1224,933000</SICI_VENDITE>
    <SUD_VENDITE>1882,953000</SUD_VENDITE>
    <AUST_VENDITE>20,000000</AUST_VENDITE>
    <BRNN_VENDITE>985,334000</BRNN_VENDITE>
    <COAC_VENDITE>0,000000</COAC_VENDITE>
    <CORS_VENDITE>0,000000</CORS_VENDITE>
    <FOGN_VENDITE>1579,654000</FOGN_VENDITE>
    <FRAN_VENDITE>99,000000</FRAN_VENDITE>
    <GREC_VENDITE>474,000000</GREC_VENDITE>
    <MFTV_VENDITE>0,000000</MFTV_VENDITE>
    <PRGP_VENDITE>0,632000</PRGP_VENDITE>
    <ROSN_VENDITE>1105,595000</ROSN_VENDITE>
    <SLOV_VENDITE>0,000000</SLOV_VENDITE>
    <SVIZ_VENDITE>2785,000000</SVIZ_VENDITE>
    <BSP_VENDITE>591,000000</BSP_VENDITE>
    <MALT_VENDITE>0,000000</MALT_VENDITE>
    <XAUS_VENDITE>251,000000</XAUS_VENDITE>
    <XFRA_VENDITE>2453,000000</XFRA_VENDITE>
    <TOTITABSP_VENDITE>35582,792</TOTITABSP_VENDITE>
    <TOTITABSP_ACQUISTI>38286,792</TOTITABSP_ACQUISTI>
  </Quantita>
  <Quantita>
    <Data>20180404</Data>
    <Mercato>MGP</Mercato>
    <Ora>20</Ora>
    <TOTALE_ACQUISTI>39141,609</TOTALE_ACQUISTI>
    <NAT_ACQUISTI>39165,884000</NAT_ACQUISTI>
    <CNOR_ACQUISTI>4206,431000</CNOR_ACQUISTI>
    <CSUD_ACQUISTI>6125,447000</CSUD_ACQUISTI>
    <NORD_ACQUISTI>22043,314000</NORD_ACQUISTI>
    <SARD_ACQUISTI>1047,882000</SARD_ACQUISTI>
    <SICI_ACQUISTI>2300,123000</SICI_ACQUISTI>
    <SUD_ACQUISTI>3232,412000</SUD_ACQUISTI>
    <AUST_ACQUISTI>0,000000</AUST_ACQUISTI>
    <BRNN_ACQUISTI>0,000000</BRNN_ACQUISTI>
    <COAC_ACQUISTI>30,000000</COAC_ACQUISTI>
    <CORS_ACQUISTI>17,000000</CORS_ACQUISTI>
    <FOGN_ACQUISTI>0,000000</FOGN_ACQUISTI>
    <FRAN_ACQUISTI>0,000000</FRAN_ACQUISTI>
    <GREC_ACQUISTI>0,000000</GREC_ACQUISTI>
    <MFTV_ACQUISTI>0,000000</MFTV_ACQUISTI>
    <PRGP_ACQUISTI>0,000000</PRGP_ACQUISTI>
    <ROSN_ACQUISTI>0,000000</ROSN_ACQUISTI>
    <SLOV_ACQUISTI>0,000000</SLOV_ACQUISTI>
    <SVIZ_ACQUISTI>0,000000</SVIZ_ACQUISTI>
    <BSP_ACQUISTI>0,000000</BSP_ACQUISTI>
    <MALT_ACQUISTI>139,000000</MALT_ACQUISTI>
    <XAUS_ACQUISTI>0,000000</XAUS_ACQUISTI>
    <XFRA_ACQUISTI>0,000000</XFRA_ACQUISTI>
    <TOTALE_VENDITE>35846,609</TOTALE_VENDITE>
    <NAT_VENDITE>39165,884000</NAT_VENDITE>
    <CNOR_VENDITE>2667,603000</CNOR_VENDITE>
    <CSUD_VENDITE>4673,517000</CSUD_VENDITE>
    <NORD_VENDITE>17405,179000</NORD_VENDITE>
    <SARD_VENDITE>947,665000</SARD_VENDITE>
    <SICI_VENDITE>1310,629000</SICI_VENDITE>
    <SUD_VENDITE>1636,993000</SUD_VENDITE>
    <AUST_VENDITE>20,000000</AUST_VENDITE>
    <BRNN_VENDITE>985,214000</BRNN_VENDITE>
    <COAC_VENDITE>0,000000</COAC_VENDITE>
    <CORS_VENDITE>0,000000</CORS_VENDITE>
    <FOGN_VENDITE>1709,505000</FOGN_VENDITE>
    <FRAN_VENDITE>99,000000</FRAN_VENDITE>
    <GREC_VENDITE>462,000000</GREC_VENDITE>
    <MFTV_VENDITE>0,000000</MFTV_VENDITE>
    <PRGP_VENDITE>28,494000</PRGP_VENDITE>
    <ROSN_VENDITE>1115,810000</ROSN_VENDITE>
    <SLOV_VENDITE>0,000000</SLOV_VENDITE>
    <SVIZ_VENDITE>2785,000000</SVIZ_VENDITE>
    <BSP_VENDITE>591,000000</BSP_VENDITE>
    <MALT_VENDITE>0,000000</MALT_VENDITE>
    <XAUS_VENDITE>251,000000</XAUS_VENDITE>
    <XFRA_VENDITE>2453,000000</XFRA_VENDITE>
    <TOTITABSP_VENDITE>36437,609</TOTITABSP_VENDITE>
    <TOTITABSP_ACQUISTI>39141,609</TOTITABSP_ACQUISTI>
  </Quantita>
  <Quantita>
    <Data>20180404</Data>
    <Mercato>MGP</Mercato>
    <Ora>21</Ora>
    <TOTALE_ACQUISTI>40223,682</TOTALE_ACQUISTI>
    <NAT_ACQUISTI>40280,682000</NAT_ACQUISTI>
    <CNOR_ACQUISTI>4240,873000</CNOR_ACQUISTI>
    <CSUD_ACQUISTI>6433,675000</CSUD_ACQUISTI>
    <NORD_ACQUISTI>22302,205000</NORD_ACQUISTI>
    <SARD_ACQUISTI>1128,257000</SARD_ACQUISTI>
    <SICI_ACQUISTI>2484,349000</SICI_ACQUISTI>
    <SUD_ACQUISTI>3426,323000</SUD_ACQUISTI>
    <AUST_ACQUISTI>0,000000</AUST_ACQUISTI>
    <BRNN_ACQUISTI>0,000000</BRNN_ACQUISTI>
    <COAC_ACQUISTI>56,000000</COAC_ACQUISTI>
    <CORS_ACQUISTI>29,000000</CORS_ACQUISTI>
    <FOGN_ACQUISTI>0,000000</FOGN_ACQUISTI>
    <FRAN_ACQUISTI>0,000000</FRAN_ACQUISTI>
    <GREC_ACQUISTI>0,000000</GREC_ACQUISTI>
    <MFTV_ACQUISTI>0,000000</MFTV_ACQUISTI>
    <PRGP_ACQUISTI>0,000000</PRGP_ACQUISTI>
    <ROSN_ACQUISTI>0,000000</ROSN_ACQUISTI>
    <SLOV_ACQUISTI>0,000000</SLOV_ACQUISTI>
    <SVIZ_ACQUISTI>0,000000</SVIZ_ACQUISTI>
    <BSP_ACQUISTI>0,000000</BSP_ACQUISTI>
    <MALT_ACQUISTI>123,000000</MALT_ACQUISTI>
    <XAUS_ACQUISTI>0,000000</XAUS_ACQUISTI>
    <XFRA_ACQUISTI>0,000000</XFRA_ACQUISTI>
    <TOTALE_VENDITE>36928,682</TOTALE_VENDITE>
    <NAT_VENDITE>40280,682000</NAT_VENDITE>
    <CNOR_VENDITE>2733,203000</CNOR_VENDITE>
    <CSUD_VENDITE>4681,274000</CSUD_VENDITE>
    <NORD_VENDITE>17941,019000</NORD_VENDITE>
    <SARD_VENDITE>952,736000</SARD_VENDITE>
    <SICI_VENDITE>1279,355000</SICI_VENDITE>
    <SUD_VENDITE>1670,724000</SUD_VENDITE>
    <AUST_VENDITE>20,000000</AUST_VENDITE>
    <BRNN_VENDITE>1192,199000</BRNN_VENDITE>
    <COAC_VENDITE>0,000000</COAC_VENDITE>
    <CORS_VENDITE>0,000000</CORS_VENDITE>
    <FOGN_VENDITE>1721,389000</FOGN_VENDITE>
    <FRAN_VENDITE>99,000000</FRAN_VENDITE>
    <GREC_VENDITE>500,000000</GREC_VENDITE>
    <MFTV_VENDITE>0,000000</MFTV_VENDITE>
    <PRGP_VENDITE>227,994000</PRGP_VENDITE>
    <ROSN_VENDITE>1124,789000</ROSN_VENDITE>
    <SLOV_VENDITE>0,000000</SLOV_VENDITE>
    <SVIZ_VENDITE>2785,000000</SVIZ_VENDITE>
    <BSP_VENDITE>591,000000</BSP_VENDITE>
    <MALT_VENDITE>0,000000</MALT_VENDITE>
    <XAUS_VENDITE>251,000000</XAUS_VENDITE>
    <XFRA_VENDITE>2453,000000</XFRA_VENDITE>
    <TOTITABSP_VENDITE>37519,682</TOTITABSP_VENDITE>
    <TOTITABSP_ACQUISTI>40223,682</TOTITABSP_ACQUISTI>
  </Quantita>
  <Quantita>
    <Data>20180404</Data>
    <Mercato>MGP</Mercato>
    <Ora>22</Ora>
    <TOTALE_ACQUISTI>37361,11</TOTALE_ACQUISTI>
    <NAT_ACQUISTI>37428,110000</NAT_ACQUISTI>
    <CNOR_ACQUISTI>3948,723000</CNOR_ACQUISTI>
    <CSUD_ACQUISTI>5960,530000</CSUD_ACQUISTI>
    <NORD_ACQUISTI>20836,135000</NORD_ACQUISTI>
    <SARD_ACQUISTI>1067,176000</SARD_ACQUISTI>
    <SICI_ACQUISTI>2325,501000</SICI_ACQUISTI>
    <SUD_ACQUISTI>3066,045000</SUD_ACQUISTI>
    <AUST_ACQUISTI>0,000000</AUST_ACQUISTI>
    <BRNN_ACQUISTI>0,000000</BRNN_ACQUISTI>
    <COAC_ACQUISTI>36,000000</COAC_ACQUISTI>
    <CORS_ACQUISTI>29,000000</CORS_ACQUISTI>
    <FOGN_ACQUISTI>0,000000</FOGN_ACQUISTI>
    <FRAN_ACQUISTI>0,000000</FRAN_ACQUISTI>
    <GREC_ACQUISTI>0,000000</GREC_ACQUISTI>
    <MFTV_ACQUISTI>0,000000</MFTV_ACQUISTI>
    <PRGP_ACQUISTI>0,000000</PRGP_ACQUISTI>
    <ROSN_ACQUISTI>0,000000</ROSN_ACQUISTI>
    <SLOV_ACQUISTI>0,000000</SLOV_ACQUISTI>
    <SVIZ_ACQUISTI>0,000000</SVIZ_ACQUISTI>
    <BSP_ACQUISTI>0,000000</BSP_ACQUISTI>
    <MALT_ACQUISTI>92,000000</MALT_ACQUISTI>
    <XAUS_ACQUISTI>0,000000</XAUS_ACQUISTI>
    <XFRA_ACQUISTI>0,000000</XFRA_ACQUISTI>
    <TOTALE_VENDITE>34066,11</TOTALE_VENDITE>
    <NAT_VENDITE>37428,110000</NAT_VENDITE>
    <CNOR_VENDITE>2328,408000</CNOR_VENDITE>
    <CSUD_VENDITE>4690,284000</CSUD_VENDITE>
    <NORD_VENDITE>16135,547000</NORD_VENDITE>
    <SARD_VENDITE>972,908000</SARD_VENDITE>
    <SICI_VENDITE>1291,036000</SICI_VENDITE>
    <SUD_VENDITE>1660,561000</SUD_VENDITE>
    <AUST_VENDITE>20,000000</AUST_VENDITE>
    <BRNN_VENDITE>983,495000</BRNN_VENDITE>
    <COAC_VENDITE>0,000000</COAC_VENDITE>
    <CORS_VENDITE>0,000000</CORS_VENDITE>
    <FOGN_VENDITE>1473,450000</FOGN_VENDITE>
    <FRAN_VENDITE>99,000000</FRAN_VENDITE>
    <GREC_VENDITE>473,000000</GREC_VENDITE>
    <MFTV_VENDITE>0,000000</MFTV_VENDITE>
    <PRGP_VENDITE>26,465000</PRGP_VENDITE>
    <ROSN_VENDITE>1126,956000</ROSN_VENDITE>
    <SLOV_VENDITE>0,000000</SLOV_VENDITE>
    <SVIZ_VENDITE>2785,000000</SVIZ_VENDITE>
    <BSP_VENDITE>591,000000</BSP_VENDITE>
    <MALT_VENDITE>0,000000</MALT_VENDITE>
    <XAUS_VENDITE>251,000000</XAUS_VENDITE>
    <XFRA_VENDITE>2453,000000</XFRA_VENDITE>
    <TOTITABSP_VENDITE>34657,11</TOTITABSP_VENDITE>
    <TOTITABSP_ACQUISTI>37361,11</TOTITABSP_ACQUISTI>
  </Quantita>
  <Quantita>
    <Data>20180404</Data>
    <Mercato>MGP</Mercato>
    <Ora>23</Ora>
    <TOTALE_ACQUISTI>33935,667</TOTALE_ACQUISTI>
    <NAT_ACQUISTI>33979,984000</NAT_ACQUISTI>
    <CNOR_ACQUISTI>3550,155000</CNOR_ACQUISTI>
    <CSUD_ACQUISTI>5381,966000</CSUD_ACQUISTI>
    <NORD_ACQUISTI>18887,637000</NORD_ACQUISTI>
    <SARD_ACQUISTI>972,152000</SARD_ACQUISTI>
    <SICI_ACQUISTI>2122,932000</SICI_ACQUISTI>
    <SUD_ACQUISTI>2771,193000</SUD_ACQUISTI>
    <AUST_ACQUISTI>0,000000</AUST_ACQUISTI>
    <BRNN_ACQUISTI>0,000000</BRNN_ACQUISTI>
    <COAC_ACQUISTI>36,000000</COAC_ACQUISTI>
    <CORS_ACQUISTI>29,000000</CORS_ACQUISTI>
    <FOGN_ACQUISTI>0,000000</FOGN_ACQUISTI>
    <FRAN_ACQUISTI>0,000000</FRAN_ACQUISTI>
    <GREC_ACQUISTI>10,000000</GREC_ACQUISTI>
    <MFTV_ACQUISTI>0,000000</MFTV_ACQUISTI>
    <PRGP_ACQUISTI>0,000000</PRGP_ACQUISTI>
    <ROSN_ACQUISTI>0,000000</ROSN_ACQUISTI>
    <SLOV_ACQUISTI>0,000000</SLOV_ACQUISTI>
    <SVIZ_ACQUISTI>0,000000</SVIZ_ACQUISTI>
    <BSP_ACQUISTI>0,000000</BSP_ACQUISTI>
    <MALT_ACQUISTI>174,632000</MALT_ACQUISTI>
    <XAUS_ACQUISTI>0,000000</XAUS_ACQUISTI>
    <XFRA_ACQUISTI>0,000000</XFRA_ACQUISTI>
    <TOTALE_VENDITE>30640,667</TOTALE_VENDITE>
    <NAT_VENDITE>33979,984000</NAT_VENDITE>
    <CNOR_VENDITE>2215,308000</CNOR_VENDITE>
    <CSUD_VENDITE>4447,193000</CSUD_VENDITE>
    <NORD_VENDITE>13748,260000</NORD_VENDITE>
    <SARD_VENDITE>1005,783000</SARD_VENDITE>
    <SICI_VENDITE>1197,564000</SICI_VENDITE>
    <SUD_VENDITE>1740,450000</SUD_VENDITE>
    <AUST_VENDITE>20,000000</AUST_VENDITE>
    <BRNN_VENDITE>881,297000</BRNN_VENDITE>
    <COAC_VENDITE>0,000000</COAC_VENDITE>
    <CORS_VENDITE>0,000000</CORS_VENDITE>
    <FOGN_VENDITE>873,187000</FOGN_VENDITE>
    <FRAN_VENDITE>99,000000</FRAN_VENDITE>
    <GREC_VENDITE>500,000000</GREC_VENDITE>
    <MFTV_VENDITE>0,000000</MFTV_VENDITE>
    <PRGP_VENDITE>0,000000</PRGP_VENDITE>
    <ROSN_VENDITE>1127,625000</ROSN_VENDITE>
    <SLOV_VENDITE>0,000000</SLOV_VENDITE>
    <SVIZ_VENDITE>2785,000000</SVIZ_VENDITE>
    <BSP_VENDITE>591,000000</BSP_VENDITE>
    <MALT_VENDITE>0,000000</MALT_VENDITE>
    <XAUS_VENDITE>251,000000</XAUS_VENDITE>
    <XFRA_VENDITE>2453,000000</XFRA_VENDITE>
    <TOTITABSP_VENDITE>31231,667</TOTITABSP_VENDITE>
    <TOTITABSP_ACQUISTI>33935,667</TOTITABSP_ACQUISTI>
  </Quantita>
  <Quantita>
    <Data>20180404</Data>
    <Mercato>MGP</Mercato>
    <Ora>24</Ora>
    <TOTALE_ACQUISTI>30645,461</TOTALE_ACQUISTI>
    <NAT_ACQUISTI>30645,461000</NAT_ACQUISTI>
    <CNOR_ACQUISTI>3186,177000</CNOR_ACQUISTI>
    <CSUD_ACQUISTI>4727,539000</CSUD_ACQUISTI>
    <NORD_ACQUISTI>17253,211000</NORD_ACQUISTI>
    <SARD_ACQUISTI>890,157000</SARD_ACQUISTI>
    <SICI_ACQUISTI>1876,770000</SICI_ACQUISTI>
    <SUD_ACQUISTI>2456,607000</SUD_ACQUISTI>
    <AUST_ACQUISTI>0,000000</AUST_ACQUISTI>
    <BRNN_ACQUISTI>0,000000</BRNN_ACQUISTI>
    <COAC_ACQUISTI>29,000000</COAC_ACQUISTI>
    <CORS_ACQUISTI>24,000000</CORS_ACQUISTI>
    <FOGN_ACQUISTI>0,000000</FOGN_ACQUISTI>
    <FRAN_ACQUISTI>0,000000</FRAN_ACQUISTI>
    <GREC_ACQUISTI>30,000000</GREC_ACQUISTI>
    <MFTV_ACQUISTI>0,000000</MFTV_ACQUISTI>
    <PRGP_ACQUISTI>0,000000</PRGP_ACQUISTI>
    <ROSN_ACQUISTI>0,000000</ROSN_ACQUISTI>
    <SLOV_ACQUISTI>0,000000</SLOV_ACQUISTI>
    <SVIZ_ACQUISTI>0,000000</SVIZ_ACQUISTI>
    <BSP_ACQUISTI>0,000000</BSP_ACQUISTI>
    <MALT_ACQUISTI>172,000000</MALT_ACQUISTI>
    <XAUS_ACQUISTI>0,000000</XAUS_ACQUISTI>
    <XFRA_ACQUISTI>0,000000</XFRA_ACQUISTI>
    <TOTALE_VENDITE>27291,461</TOTALE_VENDITE>
    <NAT_VENDITE>30645,461000</NAT_VENDITE>
    <CNOR_VENDITE>2193,527000</CNOR_VENDITE>
    <CSUD_VENDITE>2891,272000</CSUD_VENDITE>
    <NORD_VENDITE>12816,482000</NORD_VENDITE>
    <SARD_VENDITE>1040,367000</SARD_VENDITE>
    <SICI_VENDITE>948,770000</SICI_VENDITE>
    <SUD_VENDITE>1563,183000</SUD_VENDITE>
    <AUST_VENDITE>20,000000</AUST_VENDITE>
    <BRNN_VENDITE>882,761000</BRNN_VENDITE>
    <COAC_VENDITE>0,000000</COAC_VENDITE>
    <CORS_VENDITE>0,000000</CORS_VENDITE>
    <FOGN_VENDITE>688,665000</FOGN_VENDITE>
    <FRAN_VENDITE>99,000000</FRAN_VENDITE>
    <GREC_VENDITE>443,000000</GREC_VENDITE>
    <MFTV_VENDITE>0,000000</MFTV_VENDITE>
    <PRGP_VENDITE>0,000000</PRGP_VENDITE>
    <ROSN_VENDITE>977,434000</ROSN_VENDITE>
    <SLOV_VENDITE>0,000000</SLOV_VENDITE>
    <SVIZ_VENDITE>2727,000000</SVIZ_VENDITE>
    <BSP_VENDITE>549,000000</BSP_VENDITE>
    <MALT_VENDITE>0,000000</MALT_VENDITE>
    <XAUS_VENDITE>250,000000</XAUS_VENDITE>
    <XFRA_VENDITE>2555,000000</XFRA_VENDITE>
    <TOTITABSP_VENDITE>27840,461</TOTITABSP_VENDITE>
    <TOTITABSP_ACQUISTI>30645,461</TOTITABSP_ACQUISTI>
  </Quantita>
</NewDataSet>