<?xml version="1.0" standalone="yes"?>
<NewDataSet>
  <xs:schema id="NewDataSet" xmlns="" xmlns:xs="http://www.w3.org/2001/XMLSchema" xmlns:msdata="urn:schemas-microsoft-com:xml-msdata">
    <xs:element name="NewDataSet" msdata:IsDataSet="true" msdata:UseCurrentLocale="true">
      <xs:complexType>
        <xs:choice minOccurs="0" maxOccurs="unbounded">
          <xs:element name="Quantita">
            <xs:complexType>
              <xs:sequence>
                <xs:element name="Data" type="xs:string" minOccurs="0" />
                <xs:element name="Mercato" type="xs:string" minOccurs="0" />
                <xs:element name="Ora" type="xs:string" minOccurs="0" />
                <xs:element name="TOTALE_ACQUISTI" type="xs:string" minOccurs="0" />
                <xs:element name="NAT_ACQUISTI" type="xs:string" minOccurs="0" />
                <xs:element name="CNOR_ACQUISTI" type="xs:string" minOccurs="0" />
                <xs:element name="CSUD_ACQUISTI" type="xs:string" minOccurs="0" />
                <xs:element name="NORD_ACQUISTI" type="xs:string" minOccurs="0" />
                <xs:element name="SARD_ACQUISTI" type="xs:string" minOccurs="0" />
                <xs:element name="SICI_ACQUISTI" type="xs:string" minOccurs="0" />
                <xs:element name="SUD_ACQUISTI" type="xs:string" minOccurs="0" />
                <xs:element name="AUST_ACQUISTI" type="xs:string" minOccurs="0" />
                <xs:element name="BRNN_ACQUISTI" type="xs:string" minOccurs="0" />
                <xs:element name="COAC_ACQUISTI" type="xs:string" minOccurs="0" />
                <xs:element name="CORS_ACQUISTI" type="xs:string" minOccurs="0" />
                <xs:element name="FOGN_ACQUISTI" type="xs:string" minOccurs="0" />
                <xs:element name="FRAN_ACQUISTI" type="xs:string" minOccurs="0" />
                <xs:element name="GREC_ACQUISTI" type="xs:string" minOccurs="0" />
                <xs:element name="MFTV_ACQUISTI" type="xs:string" minOccurs="0" />
                <xs:element name="PRGP_ACQUISTI" type="xs:string" minOccurs="0" />
                <xs:element name="ROSN_ACQUISTI" type="xs:string" minOccurs="0" />
                <xs:element name="SLOV_ACQUISTI" type="xs:string" minOccurs="0" />
                <xs:element name="SVIZ_ACQUISTI" type="xs:string" minOccurs="0" />
                <xs:element name="BSP_ACQUISTI" type="xs:string" minOccurs="0" />
                <xs:element name="MALT_ACQUISTI" type="xs:string" minOccurs="0" />
                <xs:element name="XAUS_ACQUISTI" type="xs:string" minOccurs="0" />
                <xs:element name="XFRA_ACQUISTI" type="xs:string" minOccurs="0" />
                <xs:element name="TOTALE_VENDITE" type="xs:string" minOccurs="0" />
                <xs:element name="NAT_VENDITE" type="xs:string" minOccurs="0" />
                <xs:element name="CNOR_VENDITE" type="xs:string" minOccurs="0" />
                <xs:element name="CSUD_VENDITE" type="xs:string" minOccurs="0" />
                <xs:element name="NORD_VENDITE" type="xs:string" minOccurs="0" />
                <xs:element name="SARD_VENDITE" type="xs:string" minOccurs="0" />
                <xs:element name="SICI_VENDITE" type="xs:string" minOccurs="0" />
                <xs:element name="SUD_VENDITE" type="xs:string" minOccurs="0" />
                <xs:element name="AUST_VENDITE" type="xs:string" minOccurs="0" />
                <xs:element name="BRNN_VENDITE" type="xs:string" minOccurs="0" />
                <xs:element name="COAC_VENDITE" type="xs:string" minOccurs="0" />
                <xs:element name="CORS_VENDITE" type="xs:string" minOccurs="0" />
                <xs:element name="FOGN_VENDITE" type="xs:string" minOccurs="0" />
                <xs:element name="FRAN_VENDITE" type="xs:string" minOccurs="0" />
                <xs:element name="GREC_VENDITE" type="xs:string" minOccurs="0" />
                <xs:element name="MFTV_VENDITE" type="xs:string" minOccurs="0" />
                <xs:element name="PRGP_VENDITE" type="xs:string" minOccurs="0" />
                <xs:element name="ROSN_VENDITE" type="xs:string" minOccurs="0" />
                <xs:element name="SLOV_VENDITE" type="xs:string" minOccurs="0" />
                <xs:element name="SVIZ_VENDITE" type="xs:string" minOccurs="0" />
                <xs:element name="BSP_VENDITE" type="xs:string" minOccurs="0" />
                <xs:element name="MALT_VENDITE" type="xs:string" minOccurs="0" />
                <xs:element name="XAUS_VENDITE" type="xs:string" minOccurs="0" />
                <xs:element name="XFRA_VENDITE" type="xs:string" minOccurs="0" />
                <xs:element name="TOTITABSP_VENDITE" msdata:ReadOnly="true" msdata:Expression="Convert(TOTALE_VENDITE, System.Double) + Convert(BSP_VENDITE,System.Double)" type="xs:string" minOccurs="0" />
                <xs:element name="TOTITABSP_ACQUISTI" msdata:ReadOnly="true" msdata:Expression="Convert(TOTALE_ACQUISTI, System.Double) + Convert(BSP_ACQUISTI, System.Double)" type="xs:string" minOccurs="0" />
              </xs:sequence>
            </xs:complexType>
          </xs:element>
        </xs:choice>
      </xs:complexType>
    </xs:element>
  </xs:schema>
  <Quantita>
    <Data>20180426</Data>
    <Mercato>MGP</Mercato>
    <Ora>1</Ora>
    <TOTALE_ACQUISTI>24869,654</TOTALE_ACQUISTI>
    <NAT_ACQUISTI>25003,654000</NAT_ACQUISTI>
    <CNOR_ACQUISTI>2653,174000</CNOR_ACQUISTI>
    <CSUD_ACQUISTI>3967,414000</CSUD_ACQUISTI>
    <NORD_ACQUISTI>13723,562000</NORD_ACQUISTI>
    <SARD_ACQUISTI>836,299000</SARD_ACQUISTI>
    <SICI_ACQUISTI>1567,421000</SICI_ACQUISTI>
    <SUD_ACQUISTI>2054,784000</SUD_ACQUISTI>
    <AUST_ACQUISTI>0,000000</AUST_ACQUISTI>
    <BRNN_ACQUISTI>0,000000</BRNN_ACQUISTI>
    <COAC_ACQUISTI>0,000000</COAC_ACQUISTI>
    <CORS_ACQUISTI>15,000000</CORS_ACQUISTI>
    <FOGN_ACQUISTI>0,000000</FOGN_ACQUISTI>
    <FRAN_ACQUISTI>0,000000</FRAN_ACQUISTI>
    <GREC_ACQUISTI>20,000000</GREC_ACQUISTI>
    <MFTV_ACQUISTI>0,000000</MFTV_ACQUISTI>
    <PRGP_ACQUISTI>0,000000</PRGP_ACQUISTI>
    <ROSN_ACQUISTI>0,000000</ROSN_ACQUISTI>
    <SLOV_ACQUISTI>0,000000</SLOV_ACQUISTI>
    <SVIZ_ACQUISTI>0,000000</SVIZ_ACQUISTI>
    <BSP_ACQUISTI>0,000000</BSP_ACQUISTI>
    <MALT_ACQUISTI>32,000000</MALT_ACQUISTI>
    <XAUS_ACQUISTI>0,000000</XAUS_ACQUISTI>
    <XFRA_ACQUISTI>0,000000</XFRA_ACQUISTI>
    <TOTALE_VENDITE>22752,654</TOTALE_VENDITE>
    <NAT_VENDITE>25003,654000</NAT_VENDITE>
    <CNOR_VENDITE>1575,764000</CNOR_VENDITE>
    <CSUD_VENDITE>1215,001000</CSUD_VENDITE>
    <NORD_VENDITE>12700,972000</NORD_VENDITE>
    <SARD_VENDITE>724,269000</SARD_VENDITE>
    <SICI_VENDITE>671,096000</SICI_VENDITE>
    <SUD_VENDITE>1220,257000</SUD_VENDITE>
    <AUST_VENDITE>0,000000</AUST_VENDITE>
    <BRNN_VENDITE>1344,065000</BRNN_VENDITE>
    <COAC_VENDITE>0,000000</COAC_VENDITE>
    <CORS_VENDITE>0,000000</CORS_VENDITE>
    <FOGN_VENDITE>1,568000</FOGN_VENDITE>
    <FRAN_VENDITE>99,000000</FRAN_VENDITE>
    <GREC_VENDITE>442,000000</GREC_VENDITE>
    <MFTV_VENDITE>0,000000</MFTV_VENDITE>
    <PRGP_VENDITE>457,652000</PRGP_VENDITE>
    <ROSN_VENDITE>17,010000</ROSN_VENDITE>
    <SLOV_VENDITE>0,000000</SLOV_VENDITE>
    <SVIZ_VENDITE>2284,000000</SVIZ_VENDITE>
    <BSP_VENDITE>385,000000</BSP_VENDITE>
    <MALT_VENDITE>0,000000</MALT_VENDITE>
    <XAUS_VENDITE>171,000000</XAUS_VENDITE>
    <XFRA_VENDITE>1561,000000</XFRA_VENDITE>
    <TOTITABSP_VENDITE>23137,654</TOTITABSP_VENDITE>
    <TOTITABSP_ACQUISTI>24869,654</TOTITABSP_ACQUISTI>
  </Quantita>
  <Quantita>
    <Data>20180426</Data>
    <Mercato>MGP</Mercato>
    <Ora>2</Ora>
    <TOTALE_ACQUISTI>23617,703</TOTALE_ACQUISTI>
    <NAT_ACQUISTI>23887,176000</NAT_ACQUISTI>
    <CNOR_ACQUISTI>2503,103000</CNOR_ACQUISTI>
    <CSUD_ACQUISTI>3656,499000</CSUD_ACQUISTI>
    <NORD_ACQUISTI>13116,357000</NORD_ACQUISTI>
    <SARD_ACQUISTI>804,811000</SARD_ACQUISTI>
    <SICI_ACQUISTI>1434,315000</SICI_ACQUISTI>
    <SUD_ACQUISTI>1905,117000</SUD_ACQUISTI>
    <AUST_ACQUISTI>0,000000</AUST_ACQUISTI>
    <BRNN_ACQUISTI>0,000000</BRNN_ACQUISTI>
    <COAC_ACQUISTI>0,000000</COAC_ACQUISTI>
    <CORS_ACQUISTI>13,000000</CORS_ACQUISTI>
    <FOGN_ACQUISTI>0,000000</FOGN_ACQUISTI>
    <FRAN_ACQUISTI>0,000000</FRAN_ACQUISTI>
    <GREC_ACQUISTI>138,501000</GREC_ACQUISTI>
    <MFTV_ACQUISTI>0,000000</MFTV_ACQUISTI>
    <PRGP_ACQUISTI>0,000000</PRGP_ACQUISTI>
    <ROSN_ACQUISTI>0,000000</ROSN_ACQUISTI>
    <SLOV_ACQUISTI>0,000000</SLOV_ACQUISTI>
    <SVIZ_ACQUISTI>0,000000</SVIZ_ACQUISTI>
    <BSP_ACQUISTI>0,000000</BSP_ACQUISTI>
    <MALT_ACQUISTI>46,000000</MALT_ACQUISTI>
    <XAUS_ACQUISTI>0,000000</XAUS_ACQUISTI>
    <XFRA_ACQUISTI>0,000000</XFRA_ACQUISTI>
    <TOTALE_VENDITE>21255,703</TOTALE_VENDITE>
    <NAT_VENDITE>23887,176000</NAT_VENDITE>
    <CNOR_VENDITE>1463,005000</CNOR_VENDITE>
    <CSUD_VENDITE>1183,593000</CSUD_VENDITE>
    <NORD_VENDITE>11606,455000</NORD_VENDITE>
    <SARD_VENDITE>724,086000</SARD_VENDITE>
    <SICI_VENDITE>672,509000</SICI_VENDITE>
    <SUD_VENDITE>1167,929000</SUD_VENDITE>
    <AUST_VENDITE>0,000000</AUST_VENDITE>
    <BRNN_VENDITE>1410,939000</BRNN_VENDITE>
    <COAC_VENDITE>0,000000</COAC_VENDITE>
    <CORS_VENDITE>0,000000</CORS_VENDITE>
    <FOGN_VENDITE>1,098000</FOGN_VENDITE>
    <FRAN_VENDITE>99,000000</FRAN_VENDITE>
    <GREC_VENDITE>422,000000</GREC_VENDITE>
    <MFTV_VENDITE>0,000000</MFTV_VENDITE>
    <PRGP_VENDITE>0,000000</PRGP_VENDITE>
    <ROSN_VENDITE>16,089000</ROSN_VENDITE>
    <SLOV_VENDITE>0,000000</SLOV_VENDITE>
    <SVIZ_VENDITE>2489,000000</SVIZ_VENDITE>
    <BSP_VENDITE>428,000000</BSP_VENDITE>
    <MALT_VENDITE>0,000000</MALT_VENDITE>
    <XAUS_VENDITE>186,000000</XAUS_VENDITE>
    <XFRA_VENDITE>1748,000000</XFRA_VENDITE>
    <TOTITABSP_VENDITE>21683,703</TOTITABSP_VENDITE>
    <TOTITABSP_ACQUISTI>23617,703</TOTITABSP_ACQUISTI>
  </Quantita>
  <Quantita>
    <Data>20180426</Data>
    <Mercato>MGP</Mercato>
    <Ora>3</Ora>
    <TOTALE_ACQUISTI>23172,741</TOTALE_ACQUISTI>
    <NAT_ACQUISTI>23317,741000</NAT_ACQUISTI>
    <CNOR_ACQUISTI>2427,776000</CNOR_ACQUISTI>
    <CSUD_ACQUISTI>3494,862000</CSUD_ACQUISTI>
    <NORD_ACQUISTI>12885,850000</NORD_ACQUISTI>
    <SARD_ACQUISTI>783,016000</SARD_ACQUISTI>
    <SICI_ACQUISTI>1369,010000</SICI_ACQUISTI>
    <SUD_ACQUISTI>1832,227000</SUD_ACQUISTI>
    <AUST_ACQUISTI>0,000000</AUST_ACQUISTI>
    <BRNN_ACQUISTI>0,000000</BRNN_ACQUISTI>
    <COAC_ACQUISTI>0,000000</COAC_ACQUISTI>
    <CORS_ACQUISTI>5,000000</CORS_ACQUISTI>
    <FOGN_ACQUISTI>0,000000</FOGN_ACQUISTI>
    <FRAN_ACQUISTI>0,000000</FRAN_ACQUISTI>
    <GREC_ACQUISTI>333,000000</GREC_ACQUISTI>
    <MFTV_ACQUISTI>0,000000</MFTV_ACQUISTI>
    <PRGP_ACQUISTI>0,000000</PRGP_ACQUISTI>
    <ROSN_ACQUISTI>0,000000</ROSN_ACQUISTI>
    <SLOV_ACQUISTI>0,000000</SLOV_ACQUISTI>
    <SVIZ_ACQUISTI>0,000000</SVIZ_ACQUISTI>
    <BSP_ACQUISTI>0,000000</BSP_ACQUISTI>
    <MALT_ACQUISTI>42,000000</MALT_ACQUISTI>
    <XAUS_ACQUISTI>0,000000</XAUS_ACQUISTI>
    <XFRA_ACQUISTI>0,000000</XFRA_ACQUISTI>
    <TOTALE_VENDITE>20810,741</TOTALE_VENDITE>
    <NAT_VENDITE>23317,741000</NAT_VENDITE>
    <CNOR_VENDITE>1460,504000</CNOR_VENDITE>
    <CSUD_VENDITE>1149,750000</CSUD_VENDITE>
    <NORD_VENDITE>11303,122000</NORD_VENDITE>
    <SARD_VENDITE>719,604000</SARD_VENDITE>
    <SICI_VENDITE>641,247000</SICI_VENDITE>
    <SUD_VENDITE>1126,243000</SUD_VENDITE>
    <AUST_VENDITE>0,000000</AUST_VENDITE>
    <BRNN_VENDITE>1369,592000</BRNN_VENDITE>
    <COAC_VENDITE>0,000000</COAC_VENDITE>
    <CORS_VENDITE>0,000000</CORS_VENDITE>
    <FOGN_VENDITE>0,850000</FOGN_VENDITE>
    <FRAN_VENDITE>99,000000</FRAN_VENDITE>
    <GREC_VENDITE>436,000000</GREC_VENDITE>
    <MFTV_VENDITE>0,000000</MFTV_VENDITE>
    <PRGP_VENDITE>0,000000</PRGP_VENDITE>
    <ROSN_VENDITE>15,829000</ROSN_VENDITE>
    <SLOV_VENDITE>0,000000</SLOV_VENDITE>
    <SVIZ_VENDITE>2489,000000</SVIZ_VENDITE>
    <BSP_VENDITE>428,000000</BSP_VENDITE>
    <MALT_VENDITE>0,000000</MALT_VENDITE>
    <XAUS_VENDITE>186,000000</XAUS_VENDITE>
    <XFRA_VENDITE>1748,000000</XFRA_VENDITE>
    <TOTITABSP_VENDITE>21238,741</TOTITABSP_VENDITE>
    <TOTITABSP_ACQUISTI>23172,741</TOTITABSP_ACQUISTI>
  </Quantita>
  <Quantita>
    <Data>20180426</Data>
    <Mercato>MGP</Mercato>
    <Ora>4</Ora>
    <TOTALE_ACQUISTI>23038,917</TOTALE_ACQUISTI>
    <NAT_ACQUISTI>23224,917000</NAT_ACQUISTI>
    <CNOR_ACQUISTI>2400,241000</CNOR_ACQUISTI>
    <CSUD_ACQUISTI>3447,225000</CSUD_ACQUISTI>
    <NORD_ACQUISTI>12893,478000</NORD_ACQUISTI>
    <SARD_ACQUISTI>771,295000</SARD_ACQUISTI>
    <SICI_ACQUISTI>1349,601000</SICI_ACQUISTI>
    <SUD_ACQUISTI>1818,077000</SUD_ACQUISTI>
    <AUST_ACQUISTI>0,000000</AUST_ACQUISTI>
    <BRNN_ACQUISTI>0,000000</BRNN_ACQUISTI>
    <COAC_ACQUISTI>0,000000</COAC_ACQUISTI>
    <CORS_ACQUISTI>5,000000</CORS_ACQUISTI>
    <FOGN_ACQUISTI>0,000000</FOGN_ACQUISTI>
    <FRAN_ACQUISTI>0,000000</FRAN_ACQUISTI>
    <GREC_ACQUISTI>313,000000</GREC_ACQUISTI>
    <MFTV_ACQUISTI>0,000000</MFTV_ACQUISTI>
    <PRGP_ACQUISTI>0,000000</PRGP_ACQUISTI>
    <ROSN_ACQUISTI>0,000000</ROSN_ACQUISTI>
    <SLOV_ACQUISTI>0,000000</SLOV_ACQUISTI>
    <SVIZ_ACQUISTI>0,000000</SVIZ_ACQUISTI>
    <BSP_ACQUISTI>0,000000</BSP_ACQUISTI>
    <MALT_ACQUISTI>41,000000</MALT_ACQUISTI>
    <XAUS_ACQUISTI>0,000000</XAUS_ACQUISTI>
    <XFRA_ACQUISTI>0,000000</XFRA_ACQUISTI>
    <TOTALE_VENDITE>20650,917</TOTALE_VENDITE>
    <NAT_VENDITE>23224,917000</NAT_VENDITE>
    <CNOR_VENDITE>1454,523000</CNOR_VENDITE>
    <CSUD_VENDITE>1127,316000</CSUD_VENDITE>
    <NORD_VENDITE>11239,196000</NORD_VENDITE>
    <SARD_VENDITE>712,224000</SARD_VENDITE>
    <SICI_VENDITE>658,923000</SICI_VENDITE>
    <SUD_VENDITE>1094,957000</SUD_VENDITE>
    <AUST_VENDITE>0,000000</AUST_VENDITE>
    <BRNN_VENDITE>1297,757000</BRNN_VENDITE>
    <COAC_VENDITE>0,000000</COAC_VENDITE>
    <CORS_VENDITE>0,000000</CORS_VENDITE>
    <FOGN_VENDITE>0,615000</FOGN_VENDITE>
    <FRAN_VENDITE>99,000000</FRAN_VENDITE>
    <GREC_VENDITE>438,000000</GREC_VENDITE>
    <MFTV_VENDITE>0,000000</MFTV_VENDITE>
    <PRGP_VENDITE>0,000000</PRGP_VENDITE>
    <ROSN_VENDITE>15,406000</ROSN_VENDITE>
    <SLOV_VENDITE>0,000000</SLOV_VENDITE>
    <SVIZ_VENDITE>2513,000000</SVIZ_VENDITE>
    <BSP_VENDITE>433,000000</BSP_VENDITE>
    <MALT_VENDITE>0,000000</MALT_VENDITE>
    <XAUS_VENDITE>187,000000</XAUS_VENDITE>
    <XFRA_VENDITE>1768,000000</XFRA_VENDITE>
    <TOTITABSP_VENDITE>21083,917</TOTITABSP_VENDITE>
    <TOTITABSP_ACQUISTI>23038,917</TOTITABSP_ACQUISTI>
  </Quantita>
  <Quantita>
    <Data>20180426</Data>
    <Mercato>MGP</Mercato>
    <Ora>5</Ora>
    <TOTALE_ACQUISTI>23312,896</TOTALE_ACQUISTI>
    <NAT_ACQUISTI>23486,547000</NAT_ACQUISTI>
    <CNOR_ACQUISTI>2449,195000</CNOR_ACQUISTI>
    <CSUD_ACQUISTI>3463,682000</CSUD_ACQUISTI>
    <NORD_ACQUISTI>13065,576000</NORD_ACQUISTI>
    <SARD_ACQUISTI>776,737000</SARD_ACQUISTI>
    <SICI_ACQUISTI>1355,401000</SICI_ACQUISTI>
    <SUD_ACQUISTI>1845,956000</SUD_ACQUISTI>
    <AUST_ACQUISTI>0,000000</AUST_ACQUISTI>
    <BRNN_ACQUISTI>0,000000</BRNN_ACQUISTI>
    <COAC_ACQUISTI>0,000000</COAC_ACQUISTI>
    <CORS_ACQUISTI>5,000000</CORS_ACQUISTI>
    <FOGN_ACQUISTI>0,000000</FOGN_ACQUISTI>
    <FRAN_ACQUISTI>0,000000</FRAN_ACQUISTI>
    <GREC_ACQUISTI>301,349000</GREC_ACQUISTI>
    <MFTV_ACQUISTI>0,000000</MFTV_ACQUISTI>
    <PRGP_ACQUISTI>0,000000</PRGP_ACQUISTI>
    <ROSN_ACQUISTI>0,000000</ROSN_ACQUISTI>
    <SLOV_ACQUISTI>0,000000</SLOV_ACQUISTI>
    <SVIZ_ACQUISTI>0,000000</SVIZ_ACQUISTI>
    <BSP_ACQUISTI>0,000000</BSP_ACQUISTI>
    <MALT_ACQUISTI>50,000000</MALT_ACQUISTI>
    <XAUS_ACQUISTI>0,000000</XAUS_ACQUISTI>
    <XFRA_ACQUISTI>0,000000</XFRA_ACQUISTI>
    <TOTALE_VENDITE>20924,896</TOTALE_VENDITE>
    <NAT_VENDITE>23486,547000</NAT_VENDITE>
    <CNOR_VENDITE>1458,884000</CNOR_VENDITE>
    <CSUD_VENDITE>1104,211000</CSUD_VENDITE>
    <NORD_VENDITE>11455,887000</NORD_VENDITE>
    <SARD_VENDITE>713,975000</SARD_VENDITE>
    <SICI_VENDITE>656,639000</SICI_VENDITE>
    <SUD_VENDITE>1074,254000</SUD_VENDITE>
    <AUST_VENDITE>0,000000</AUST_VENDITE>
    <BRNN_VENDITE>1415,208000</BRNN_VENDITE>
    <COAC_VENDITE>0,000000</COAC_VENDITE>
    <CORS_VENDITE>0,000000</CORS_VENDITE>
    <FOGN_VENDITE>0,655000</FOGN_VENDITE>
    <FRAN_VENDITE>99,000000</FRAN_VENDITE>
    <GREC_VENDITE>419,000000</GREC_VENDITE>
    <MFTV_VENDITE>0,000000</MFTV_VENDITE>
    <PRGP_VENDITE>0,000000</PRGP_VENDITE>
    <ROSN_VENDITE>14,183000</ROSN_VENDITE>
    <SLOV_VENDITE>0,000000</SLOV_VENDITE>
    <SVIZ_VENDITE>2513,000000</SVIZ_VENDITE>
    <BSP_VENDITE>433,000000</BSP_VENDITE>
    <MALT_VENDITE>0,000000</MALT_VENDITE>
    <XAUS_VENDITE>187,000000</XAUS_VENDITE>
    <XFRA_VENDITE>1768,000000</XFRA_VENDITE>
    <TOTITABSP_VENDITE>21357,896</TOTITABSP_VENDITE>
    <TOTITABSP_ACQUISTI>23312,896</TOTITABSP_ACQUISTI>
  </Quantita>
  <Quantita>
    <Data>20180426</Data>
    <Mercato>MGP</Mercato>
    <Ora>6</Ora>
    <TOTALE_ACQUISTI>24934,892</TOTALE_ACQUISTI>
    <NAT_ACQUISTI>25211,555000</NAT_ACQUISTI>
    <CNOR_ACQUISTI>2609,849000</CNOR_ACQUISTI>
    <CSUD_ACQUISTI>3686,563000</CSUD_ACQUISTI>
    <NORD_ACQUISTI>14271,749000</NORD_ACQUISTI>
    <SARD_ACQUISTI>811,237000</SARD_ACQUISTI>
    <SICI_ACQUISTI>1428,105000</SICI_ACQUISTI>
    <SUD_ACQUISTI>1916,389000</SUD_ACQUISTI>
    <AUST_ACQUISTI>0,000000</AUST_ACQUISTI>
    <BRNN_ACQUISTI>0,000000</BRNN_ACQUISTI>
    <COAC_ACQUISTI>0,000000</COAC_ACQUISTI>
    <CORS_ACQUISTI>5,000000</CORS_ACQUISTI>
    <FOGN_ACQUISTI>0,000000</FOGN_ACQUISTI>
    <FRAN_ACQUISTI>0,000000</FRAN_ACQUISTI>
    <GREC_ACQUISTI>161,000000</GREC_ACQUISTI>
    <MFTV_ACQUISTI>0,000000</MFTV_ACQUISTI>
    <PRGP_ACQUISTI>0,000000</PRGP_ACQUISTI>
    <ROSN_ACQUISTI>0,000000</ROSN_ACQUISTI>
    <SLOV_ACQUISTI>0,000000</SLOV_ACQUISTI>
    <SVIZ_ACQUISTI>0,000000</SVIZ_ACQUISTI>
    <BSP_ACQUISTI>0,000000</BSP_ACQUISTI>
    <MALT_ACQUISTI>45,000000</MALT_ACQUISTI>
    <XAUS_ACQUISTI>0,000000</XAUS_ACQUISTI>
    <XFRA_ACQUISTI>0,000000</XFRA_ACQUISTI>
    <TOTALE_VENDITE>21842,892</TOTALE_VENDITE>
    <NAT_VENDITE>25211,555000</NAT_VENDITE>
    <CNOR_VENDITE>1456,083000</CNOR_VENDITE>
    <CSUD_VENDITE>1124,879000</CSUD_VENDITE>
    <NORD_VENDITE>11325,515000</NORD_VENDITE>
    <SARD_VENDITE>714,501000</SARD_VENDITE>
    <SICI_VENDITE>728,049000</SICI_VENDITE>
    <SUD_VENDITE>1131,380000</SUD_VENDITE>
    <AUST_VENDITE>20,000000</AUST_VENDITE>
    <BRNN_VENDITE>1351,111000</BRNN_VENDITE>
    <COAC_VENDITE>0,000000</COAC_VENDITE>
    <CORS_VENDITE>0,000000</CORS_VENDITE>
    <FOGN_VENDITE>0,961000</FOGN_VENDITE>
    <FRAN_VENDITE>99,000000</FRAN_VENDITE>
    <GREC_VENDITE>350,000000</GREC_VENDITE>
    <MFTV_VENDITE>0,000000</MFTV_VENDITE>
    <PRGP_VENDITE>239,263000</PRGP_VENDITE>
    <ROSN_VENDITE>13,150000</ROSN_VENDITE>
    <SLOV_VENDITE>0,000000</SLOV_VENDITE>
    <SVIZ_VENDITE>3289,000000</SVIZ_VENDITE>
    <BSP_VENDITE>558,000000</BSP_VENDITE>
    <MALT_VENDITE>0,000000</MALT_VENDITE>
    <XAUS_VENDITE>226,000000</XAUS_VENDITE>
    <XFRA_VENDITE>2308,000000</XFRA_VENDITE>
    <TOTITABSP_VENDITE>22400,892</TOTITABSP_VENDITE>
    <TOTITABSP_ACQUISTI>24934,892</TOTITABSP_ACQUISTI>
  </Quantita>
  <Quantita>
    <Data>20180426</Data>
    <Mercato>MGP</Mercato>
    <Ora>7</Ora>
    <TOTALE_ACQUISTI>28504,545</TOTALE_ACQUISTI>
    <NAT_ACQUISTI>28910,185000</NAT_ACQUISTI>
    <CNOR_ACQUISTI>3000,924000</CNOR_ACQUISTI>
    <CSUD_ACQUISTI>4041,282000</CSUD_ACQUISTI>
    <NORD_ACQUISTI>16783,954000</NORD_ACQUISTI>
    <SARD_ACQUISTI>867,745000</SARD_ACQUISTI>
    <SICI_ACQUISTI>1508,572000</SICI_ACQUISTI>
    <SUD_ACQUISTI>2091,068000</SUD_ACQUISTI>
    <AUST_ACQUISTI>0,000000</AUST_ACQUISTI>
    <BRNN_ACQUISTI>0,000000</BRNN_ACQUISTI>
    <COAC_ACQUISTI>0,000000</COAC_ACQUISTI>
    <CORS_ACQUISTI>5,000000</CORS_ACQUISTI>
    <FOGN_ACQUISTI>0,000000</FOGN_ACQUISTI>
    <FRAN_ACQUISTI>0,000000</FRAN_ACQUISTI>
    <GREC_ACQUISTI>121,000000</GREC_ACQUISTI>
    <MFTV_ACQUISTI>0,000000</MFTV_ACQUISTI>
    <PRGP_ACQUISTI>0,000000</PRGP_ACQUISTI>
    <ROSN_ACQUISTI>0,000000</ROSN_ACQUISTI>
    <SLOV_ACQUISTI>0,000000</SLOV_ACQUISTI>
    <SVIZ_ACQUISTI>0,000000</SVIZ_ACQUISTI>
    <BSP_ACQUISTI>0,000000</BSP_ACQUISTI>
    <MALT_ACQUISTI>85,000000</MALT_ACQUISTI>
    <XAUS_ACQUISTI>0,000000</XAUS_ACQUISTI>
    <XFRA_ACQUISTI>0,000000</XFRA_ACQUISTI>
    <TOTALE_VENDITE>24721,545</TOTALE_VENDITE>
    <NAT_VENDITE>28910,185000</NAT_VENDITE>
    <CNOR_VENDITE>1700,924000</CNOR_VENDITE>
    <CSUD_VENDITE>1373,866000</CSUD_VENDITE>
    <NORD_VENDITE>12921,954000</NORD_VENDITE>
    <SARD_VENDITE>709,661000</SARD_VENDITE>
    <SICI_VENDITE>859,176000</SICI_VENDITE>
    <SUD_VENDITE>1094,225000</SUD_VENDITE>
    <AUST_VENDITE>20,000000</AUST_VENDITE>
    <BRNN_VENDITE>1352,017000</BRNN_VENDITE>
    <COAC_VENDITE>0,000000</COAC_VENDITE>
    <CORS_VENDITE>0,000000</CORS_VENDITE>
    <FOGN_VENDITE>0,569000</FOGN_VENDITE>
    <FRAN_VENDITE>99,000000</FRAN_VENDITE>
    <GREC_VENDITE>258,000000</GREC_VENDITE>
    <MFTV_VENDITE>0,000000</MFTV_VENDITE>
    <PRGP_VENDITE>660,264000</PRGP_VENDITE>
    <ROSN_VENDITE>11,889000</ROSN_VENDITE>
    <SLOV_VENDITE>0,000000</SLOV_VENDITE>
    <SVIZ_VENDITE>3660,000000</SVIZ_VENDITE>
    <BSP_VENDITE>620,000000</BSP_VENDITE>
    <MALT_VENDITE>0,000000</MALT_VENDITE>
    <XAUS_VENDITE>275,000000</XAUS_VENDITE>
    <XFRA_VENDITE>2888,000000</XFRA_VENDITE>
    <TOTITABSP_VENDITE>25341,545</TOTITABSP_VENDITE>
    <TOTITABSP_ACQUISTI>28504,545</TOTITABSP_ACQUISTI>
  </Quantita>
  <Quantita>
    <Data>20180426</Data>
    <Mercato>MGP</Mercato>
    <Ora>8</Ora>
    <TOTALE_ACQUISTI>33499,211</TOTALE_ACQUISTI>
    <NAT_ACQUISTI>33525,211000</NAT_ACQUISTI>
    <CNOR_ACQUISTI>3599,167000</CNOR_ACQUISTI>
    <CSUD_ACQUISTI>4818,147000</CSUD_ACQUISTI>
    <NORD_ACQUISTI>19668,547000</NORD_ACQUISTI>
    <SARD_ACQUISTI>994,025000</SARD_ACQUISTI>
    <SICI_ACQUISTI>1817,519000</SICI_ACQUISTI>
    <SUD_ACQUISTI>2479,806000</SUD_ACQUISTI>
    <AUST_ACQUISTI>0,000000</AUST_ACQUISTI>
    <BRNN_ACQUISTI>0,000000</BRNN_ACQUISTI>
    <COAC_ACQUISTI>0,000000</COAC_ACQUISTI>
    <CORS_ACQUISTI>11,000000</CORS_ACQUISTI>
    <FOGN_ACQUISTI>0,000000</FOGN_ACQUISTI>
    <FRAN_ACQUISTI>0,000000</FRAN_ACQUISTI>
    <GREC_ACQUISTI>0,000000</GREC_ACQUISTI>
    <MFTV_ACQUISTI>0,000000</MFTV_ACQUISTI>
    <PRGP_ACQUISTI>0,000000</PRGP_ACQUISTI>
    <ROSN_ACQUISTI>0,000000</ROSN_ACQUISTI>
    <SLOV_ACQUISTI>0,000000</SLOV_ACQUISTI>
    <SVIZ_ACQUISTI>0,000000</SVIZ_ACQUISTI>
    <BSP_ACQUISTI>0,000000</BSP_ACQUISTI>
    <MALT_ACQUISTI>111,000000</MALT_ACQUISTI>
    <XAUS_ACQUISTI>0,000000</XAUS_ACQUISTI>
    <XFRA_ACQUISTI>0,000000</XFRA_ACQUISTI>
    <TOTALE_VENDITE>29423,211</TOTALE_VENDITE>
    <NAT_VENDITE>33525,211000</NAT_VENDITE>
    <CNOR_VENDITE>2299,167000</CNOR_VENDITE>
    <CSUD_VENDITE>2699,818000</CSUD_VENDITE>
    <NORD_VENDITE>15033,547000</NORD_VENDITE>
    <SARD_VENDITE>726,754000</SARD_VENDITE>
    <SICI_VENDITE>1020,995000</SICI_VENDITE>
    <SUD_VENDITE>1229,364000</SUD_VENDITE>
    <AUST_VENDITE>20,000000</AUST_VENDITE>
    <BRNN_VENDITE>1704,678000</BRNN_VENDITE>
    <COAC_VENDITE>0,000000</COAC_VENDITE>
    <CORS_VENDITE>0,000000</CORS_VENDITE>
    <FOGN_VENDITE>51,756000</FOGN_VENDITE>
    <FRAN_VENDITE>99,000000</FRAN_VENDITE>
    <GREC_VENDITE>254,000000</GREC_VENDITE>
    <MFTV_VENDITE>0,000000</MFTV_VENDITE>
    <PRGP_VENDITE>131,619000</PRGP_VENDITE>
    <ROSN_VENDITE>12,513000</ROSN_VENDITE>
    <SLOV_VENDITE>0,000000</SLOV_VENDITE>
    <SVIZ_VENDITE>4140,000000</SVIZ_VENDITE>
    <BSP_VENDITE>730,000000</BSP_VENDITE>
    <MALT_VENDITE>0,000000</MALT_VENDITE>
    <XAUS_VENDITE>295,000000</XAUS_VENDITE>
    <XFRA_VENDITE>3051,000000</XFRA_VENDITE>
    <TOTITABSP_VENDITE>30153,211</TOTITABSP_VENDITE>
    <TOTITABSP_ACQUISTI>33499,211</TOTITABSP_ACQUISTI>
  </Quantita>
  <Quantita>
    <Data>20180426</Data>
    <Mercato>MGP</Mercato>
    <Ora>9</Ora>
    <TOTALE_ACQUISTI>37995,116</TOTALE_ACQUISTI>
    <NAT_ACQUISTI>37995,116000</NAT_ACQUISTI>
    <CNOR_ACQUISTI>4179,212000</CNOR_ACQUISTI>
    <CSUD_ACQUISTI>5456,514000</CSUD_ACQUISTI>
    <NORD_ACQUISTI>22337,125000</NORD_ACQUISTI>
    <SARD_ACQUISTI>1093,896000</SARD_ACQUISTI>
    <SICI_ACQUISTI>2031,883000</SICI_ACQUISTI>
    <SUD_ACQUISTI>2780,486000</SUD_ACQUISTI>
    <AUST_ACQUISTI>0,000000</AUST_ACQUISTI>
    <BRNN_ACQUISTI>0,000000</BRNN_ACQUISTI>
    <COAC_ACQUISTI>0,000000</COAC_ACQUISTI>
    <CORS_ACQUISTI>15,000000</CORS_ACQUISTI>
    <FOGN_ACQUISTI>0,000000</FOGN_ACQUISTI>
    <FRAN_ACQUISTI>0,000000</FRAN_ACQUISTI>
    <GREC_ACQUISTI>0,000000</GREC_ACQUISTI>
    <MFTV_ACQUISTI>0,000000</MFTV_ACQUISTI>
    <PRGP_ACQUISTI>0,000000</PRGP_ACQUISTI>
    <ROSN_ACQUISTI>0,000000</ROSN_ACQUISTI>
    <SLOV_ACQUISTI>0,000000</SLOV_ACQUISTI>
    <SVIZ_ACQUISTI>0,000000</SVIZ_ACQUISTI>
    <BSP_ACQUISTI>0,000000</BSP_ACQUISTI>
    <MALT_ACQUISTI>101,000000</MALT_ACQUISTI>
    <XAUS_ACQUISTI>0,000000</XAUS_ACQUISTI>
    <XFRA_ACQUISTI>0,000000</XFRA_ACQUISTI>
    <TOTALE_VENDITE>33919,116</TOTALE_VENDITE>
    <NAT_VENDITE>37995,116000</NAT_VENDITE>
    <CNOR_VENDITE>2871,214000</CNOR_VENDITE>
    <CSUD_VENDITE>3084,933000</CSUD_VENDITE>
    <NORD_VENDITE>17710,123000</NORD_VENDITE>
    <SARD_VENDITE>814,752000</SARD_VENDITE>
    <SICI_VENDITE>1217,603000</SICI_VENDITE>
    <SUD_VENDITE>1810,742000</SUD_VENDITE>
    <AUST_VENDITE>20,000000</AUST_VENDITE>
    <BRNN_VENDITE>1487,872000</BRNN_VENDITE>
    <COAC_VENDITE>0,000000</COAC_VENDITE>
    <CORS_VENDITE>0,000000</CORS_VENDITE>
    <FOGN_VENDITE>104,599000</FOGN_VENDITE>
    <FRAN_VENDITE>99,000000</FRAN_VENDITE>
    <GREC_VENDITE>406,000000</GREC_VENDITE>
    <MFTV_VENDITE>0,000000</MFTV_VENDITE>
    <PRGP_VENDITE>133,523000</PRGP_VENDITE>
    <ROSN_VENDITE>18,755000</ROSN_VENDITE>
    <SLOV_VENDITE>0,000000</SLOV_VENDITE>
    <SVIZ_VENDITE>4140,000000</SVIZ_VENDITE>
    <BSP_VENDITE>730,000000</BSP_VENDITE>
    <MALT_VENDITE>0,000000</MALT_VENDITE>
    <XAUS_VENDITE>295,000000</XAUS_VENDITE>
    <XFRA_VENDITE>3051,000000</XFRA_VENDITE>
    <TOTITABSP_VENDITE>34649,116</TOTITABSP_VENDITE>
    <TOTITABSP_ACQUISTI>37995,116</TOTITABSP_ACQUISTI>
  </Quantita>
  <Quantita>
    <Data>20180426</Data>
    <Mercato>MGP</Mercato>
    <Ora>10</Ora>
    <TOTALE_ACQUISTI>38678,955</TOTALE_ACQUISTI>
    <NAT_ACQUISTI>38837,755000</NAT_ACQUISTI>
    <CNOR_ACQUISTI>4281,737000</CNOR_ACQUISTI>
    <CSUD_ACQUISTI>5696,744000</CSUD_ACQUISTI>
    <NORD_ACQUISTI>22657,941000</NORD_ACQUISTI>
    <SARD_ACQUISTI>1086,219000</SARD_ACQUISTI>
    <SICI_ACQUISTI>2061,602000</SICI_ACQUISTI>
    <SUD_ACQUISTI>2794,712000</SUD_ACQUISTI>
    <AUST_ACQUISTI>0,000000</AUST_ACQUISTI>
    <BRNN_ACQUISTI>0,000000</BRNN_ACQUISTI>
    <COAC_ACQUISTI>0,000000</COAC_ACQUISTI>
    <CORS_ACQUISTI>15,000000</CORS_ACQUISTI>
    <FOGN_ACQUISTI>0,000000</FOGN_ACQUISTI>
    <FRAN_ACQUISTI>0,000000</FRAN_ACQUISTI>
    <GREC_ACQUISTI>0,000000</GREC_ACQUISTI>
    <MFTV_ACQUISTI>0,000000</MFTV_ACQUISTI>
    <PRGP_ACQUISTI>0,000000</PRGP_ACQUISTI>
    <ROSN_ACQUISTI>0,000000</ROSN_ACQUISTI>
    <SLOV_ACQUISTI>0,000000</SLOV_ACQUISTI>
    <SVIZ_ACQUISTI>0,000000</SVIZ_ACQUISTI>
    <BSP_ACQUISTI>0,000000</BSP_ACQUISTI>
    <MALT_ACQUISTI>85,000000</MALT_ACQUISTI>
    <XAUS_ACQUISTI>0,000000</XAUS_ACQUISTI>
    <XFRA_ACQUISTI>0,000000</XFRA_ACQUISTI>
    <TOTALE_VENDITE>34602,955</TOTALE_VENDITE>
    <NAT_VENDITE>38837,755000</NAT_VENDITE>
    <CNOR_VENDITE>3093,002000</CNOR_VENDITE>
    <CSUD_VENDITE>2855,421000</CSUD_VENDITE>
    <NORD_VENDITE>17911,676000</NORD_VENDITE>
    <SARD_VENDITE>875,424000</SARD_VENDITE>
    <SICI_VENDITE>1353,512000</SICI_VENDITE>
    <SUD_VENDITE>2319,317000</SUD_VENDITE>
    <AUST_VENDITE>20,000000</AUST_VENDITE>
    <BRNN_VENDITE>1315,987000</BRNN_VENDITE>
    <COAC_VENDITE>0,000000</COAC_VENDITE>
    <CORS_VENDITE>0,000000</CORS_VENDITE>
    <FOGN_VENDITE>107,295000</FOGN_VENDITE>
    <FRAN_VENDITE>99,000000</FRAN_VENDITE>
    <GREC_VENDITE>351,000000</GREC_VENDITE>
    <MFTV_VENDITE>0,000000</MFTV_VENDITE>
    <PRGP_VENDITE>135,579000</PRGP_VENDITE>
    <ROSN_VENDITE>25,742000</ROSN_VENDITE>
    <SLOV_VENDITE>0,000000</SLOV_VENDITE>
    <SVIZ_VENDITE>4140,000000</SVIZ_VENDITE>
    <BSP_VENDITE>730,000000</BSP_VENDITE>
    <MALT_VENDITE>0,000000</MALT_VENDITE>
    <XAUS_VENDITE>295,000000</XAUS_VENDITE>
    <XFRA_VENDITE>3051,000000</XFRA_VENDITE>
    <TOTITABSP_VENDITE>35332,955</TOTITABSP_VENDITE>
    <TOTITABSP_ACQUISTI>38678,955</TOTITABSP_ACQUISTI>
  </Quantita>
  <Quantita>
    <Data>20180426</Data>
    <Mercato>MGP</Mercato>
    <Ora>11</Ora>
    <TOTALE_ACQUISTI>38434,945</TOTALE_ACQUISTI>
    <NAT_ACQUISTI>38725,665000</NAT_ACQUISTI>
    <CNOR_ACQUISTI>4272,839000</CNOR_ACQUISTI>
    <CSUD_ACQUISTI>5689,022000</CSUD_ACQUISTI>
    <NORD_ACQUISTI>22580,462000</NORD_ACQUISTI>
    <SARD_ACQUISTI>1056,543000</SARD_ACQUISTI>
    <SICI_ACQUISTI>2021,573000</SICI_ACQUISTI>
    <SUD_ACQUISTI>2715,506000</SUD_ACQUISTI>
    <AUST_ACQUISTI>0,000000</AUST_ACQUISTI>
    <BRNN_ACQUISTI>0,000000</BRNN_ACQUISTI>
    <COAC_ACQUISTI>0,000000</COAC_ACQUISTI>
    <CORS_ACQUISTI>15,000000</CORS_ACQUISTI>
    <FOGN_ACQUISTI>0,000000</FOGN_ACQUISTI>
    <FRAN_ACQUISTI>0,000000</FRAN_ACQUISTI>
    <GREC_ACQUISTI>25,000000</GREC_ACQUISTI>
    <MFTV_ACQUISTI>0,000000</MFTV_ACQUISTI>
    <PRGP_ACQUISTI>0,000000</PRGP_ACQUISTI>
    <ROSN_ACQUISTI>0,000000</ROSN_ACQUISTI>
    <SLOV_ACQUISTI>0,000000</SLOV_ACQUISTI>
    <SVIZ_ACQUISTI>0,000000</SVIZ_ACQUISTI>
    <BSP_ACQUISTI>0,000000</BSP_ACQUISTI>
    <MALT_ACQUISTI>59,000000</MALT_ACQUISTI>
    <XAUS_ACQUISTI>0,000000</XAUS_ACQUISTI>
    <XFRA_ACQUISTI>0,000000</XFRA_ACQUISTI>
    <TOTALE_VENDITE>34358,945</TOTALE_VENDITE>
    <NAT_VENDITE>38725,665000</NAT_VENDITE>
    <CNOR_VENDITE>2913,174000</CNOR_VENDITE>
    <CSUD_VENDITE>2486,022000</CSUD_VENDITE>
    <NORD_VENDITE>18005,127000</NORD_VENDITE>
    <SARD_VENDITE>930,212000</SARD_VENDITE>
    <SICI_VENDITE>1480,798000</SICI_VENDITE>
    <SUD_VENDITE>2719,716000</SUD_VENDITE>
    <AUST_VENDITE>20,000000</AUST_VENDITE>
    <BRNN_VENDITE>1131,041000</BRNN_VENDITE>
    <COAC_VENDITE>0,000000</COAC_VENDITE>
    <CORS_VENDITE>0,000000</CORS_VENDITE>
    <FOGN_VENDITE>109,240000</FOGN_VENDITE>
    <FRAN_VENDITE>99,000000</FRAN_VENDITE>
    <GREC_VENDITE>222,000000</GREC_VENDITE>
    <MFTV_VENDITE>0,000000</MFTV_VENDITE>
    <PRGP_VENDITE>71,936000</PRGP_VENDITE>
    <ROSN_VENDITE>30,679000</ROSN_VENDITE>
    <SLOV_VENDITE>0,000000</SLOV_VENDITE>
    <SVIZ_VENDITE>4140,000000</SVIZ_VENDITE>
    <BSP_VENDITE>730,000000</BSP_VENDITE>
    <MALT_VENDITE>0,000000</MALT_VENDITE>
    <XAUS_VENDITE>295,000000</XAUS_VENDITE>
    <XFRA_VENDITE>3051,000000</XFRA_VENDITE>
    <TOTITABSP_VENDITE>35088,945</TOTITABSP_VENDITE>
    <TOTITABSP_ACQUISTI>38434,945</TOTITABSP_ACQUISTI>
  </Quantita>
  <Quantita>
    <Data>20180426</Data>
    <Mercato>MGP</Mercato>
    <Ora>12</Ora>
    <TOTALE_ACQUISTI>38496,552</TOTALE_ACQUISTI>
    <NAT_ACQUISTI>38531,552000</NAT_ACQUISTI>
    <CNOR_ACQUISTI>4216,360000</CNOR_ACQUISTI>
    <CSUD_ACQUISTI>5676,322000</CSUD_ACQUISTI>
    <NORD_ACQUISTI>22506,456000</NORD_ACQUISTI>
    <SARD_ACQUISTI>1035,978000</SARD_ACQUISTI>
    <SICI_ACQUISTI>1970,620000</SICI_ACQUISTI>
    <SUD_ACQUISTI>2665,816000</SUD_ACQUISTI>
    <AUST_ACQUISTI>0,000000</AUST_ACQUISTI>
    <BRNN_ACQUISTI>0,000000</BRNN_ACQUISTI>
    <COAC_ACQUISTI>0,000000</COAC_ACQUISTI>
    <CORS_ACQUISTI>13,000000</CORS_ACQUISTI>
    <FOGN_ACQUISTI>0,000000</FOGN_ACQUISTI>
    <FRAN_ACQUISTI>0,000000</FRAN_ACQUISTI>
    <GREC_ACQUISTI>338,000000</GREC_ACQUISTI>
    <MFTV_ACQUISTI>0,000000</MFTV_ACQUISTI>
    <PRGP_ACQUISTI>0,000000</PRGP_ACQUISTI>
    <ROSN_ACQUISTI>0,000000</ROSN_ACQUISTI>
    <SLOV_ACQUISTI>0,000000</SLOV_ACQUISTI>
    <SVIZ_ACQUISTI>0,000000</SVIZ_ACQUISTI>
    <BSP_ACQUISTI>0,000000</BSP_ACQUISTI>
    <MALT_ACQUISTI>74,000000</MALT_ACQUISTI>
    <XAUS_ACQUISTI>0,000000</XAUS_ACQUISTI>
    <XFRA_ACQUISTI>0,000000</XFRA_ACQUISTI>
    <TOTALE_VENDITE>34464,552</TOTALE_VENDITE>
    <NAT_VENDITE>38531,552000</NAT_VENDITE>
    <CNOR_VENDITE>2985,815000</CNOR_VENDITE>
    <CSUD_VENDITE>2638,741000</CSUD_VENDITE>
    <NORD_VENDITE>17846,001000</NORD_VENDITE>
    <SARD_VENDITE>967,148000</SARD_VENDITE>
    <SICI_VENDITE>1434,906000</SICI_VENDITE>
    <SUD_VENDITE>2924,617000</SUD_VENDITE>
    <AUST_VENDITE>20,000000</AUST_VENDITE>
    <BRNN_VENDITE>1129,743000</BRNN_VENDITE>
    <COAC_VENDITE>0,000000</COAC_VENDITE>
    <CORS_VENDITE>0,000000</CORS_VENDITE>
    <FOGN_VENDITE>110,472000</FOGN_VENDITE>
    <FRAN_VENDITE>99,000000</FRAN_VENDITE>
    <GREC_VENDITE>128,000000</GREC_VENDITE>
    <MFTV_VENDITE>0,000000</MFTV_VENDITE>
    <PRGP_VENDITE>8,020000</PRGP_VENDITE>
    <ROSN_VENDITE>32,089000</ROSN_VENDITE>
    <SLOV_VENDITE>0,000000</SLOV_VENDITE>
    <SVIZ_VENDITE>4140,000000</SVIZ_VENDITE>
    <BSP_VENDITE>686,000000</BSP_VENDITE>
    <MALT_VENDITE>0,000000</MALT_VENDITE>
    <XAUS_VENDITE>295,000000</XAUS_VENDITE>
    <XFRA_VENDITE>3051,000000</XFRA_VENDITE>
    <TOTITABSP_VENDITE>35150,552</TOTITABSP_VENDITE>
    <TOTITABSP_ACQUISTI>38496,552</TOTITABSP_ACQUISTI>
  </Quantita>
  <Quantita>
    <Data>20180426</Data>
    <Mercato>MGP</Mercato>
    <Ora>13</Ora>
    <TOTALE_ACQUISTI>36788,56</TOTALE_ACQUISTI>
    <NAT_ACQUISTI>36875,980000</NAT_ACQUISTI>
    <CNOR_ACQUISTI>3994,563000</CNOR_ACQUISTI>
    <CSUD_ACQUISTI>5641,840000</CSUD_ACQUISTI>
    <NORD_ACQUISTI>20957,439000</NORD_ACQUISTI>
    <SARD_ACQUISTI>1026,834000</SARD_ACQUISTI>
    <SICI_ACQUISTI>1950,572000</SICI_ACQUISTI>
    <SUD_ACQUISTI>2699,312000</SUD_ACQUISTI>
    <AUST_ACQUISTI>0,000000</AUST_ACQUISTI>
    <BRNN_ACQUISTI>0,000000</BRNN_ACQUISTI>
    <COAC_ACQUISTI>0,000000</COAC_ACQUISTI>
    <CORS_ACQUISTI>5,000000</CORS_ACQUISTI>
    <FOGN_ACQUISTI>0,000000</FOGN_ACQUISTI>
    <FRAN_ACQUISTI>0,000000</FRAN_ACQUISTI>
    <GREC_ACQUISTI>441,000000</GREC_ACQUISTI>
    <MFTV_ACQUISTI>0,000000</MFTV_ACQUISTI>
    <PRGP_ACQUISTI>0,000000</PRGP_ACQUISTI>
    <ROSN_ACQUISTI>0,000000</ROSN_ACQUISTI>
    <SLOV_ACQUISTI>0,000000</SLOV_ACQUISTI>
    <SVIZ_ACQUISTI>0,000000</SVIZ_ACQUISTI>
    <BSP_ACQUISTI>0,000000</BSP_ACQUISTI>
    <MALT_ACQUISTI>72,000000</MALT_ACQUISTI>
    <XAUS_ACQUISTI>0,000000</XAUS_ACQUISTI>
    <XFRA_ACQUISTI>0,000000</XFRA_ACQUISTI>
    <TOTALE_VENDITE>33043,56</TOTALE_VENDITE>
    <NAT_VENDITE>36875,980000</NAT_VENDITE>
    <CNOR_VENDITE>3008,239000</CNOR_VENDITE>
    <CSUD_VENDITE>2744,941000</CSUD_VENDITE>
    <NORD_VENDITE>16339,763000</NORD_VENDITE>
    <SARD_VENDITE>993,370000</SARD_VENDITE>
    <SICI_VENDITE>1338,319000</SICI_VENDITE>
    <SUD_VENDITE>3061,822000</SUD_VENDITE>
    <AUST_VENDITE>20,000000</AUST_VENDITE>
    <BRNN_VENDITE>1026,254000</BRNN_VENDITE>
    <COAC_VENDITE>0,000000</COAC_VENDITE>
    <CORS_VENDITE>0,000000</CORS_VENDITE>
    <FOGN_VENDITE>111,048000</FOGN_VENDITE>
    <FRAN_VENDITE>99,000000</FRAN_VENDITE>
    <GREC_VENDITE>119,000000</GREC_VENDITE>
    <MFTV_VENDITE>0,000000</MFTV_VENDITE>
    <PRGP_VENDITE>8,318000</PRGP_VENDITE>
    <ROSN_VENDITE>33,486000</ROSN_VENDITE>
    <SLOV_VENDITE>0,000000</SLOV_VENDITE>
    <SVIZ_VENDITE>4140,000000</SVIZ_VENDITE>
    <BSP_VENDITE>399,000000</BSP_VENDITE>
    <MALT_VENDITE>0,000000</MALT_VENDITE>
    <XAUS_VENDITE>295,000000</XAUS_VENDITE>
    <XFRA_VENDITE>3051,000000</XFRA_VENDITE>
    <TOTITABSP_VENDITE>33442,56</TOTITABSP_VENDITE>
    <TOTITABSP_ACQUISTI>36788,56</TOTITABSP_ACQUISTI>
  </Quantita>
  <Quantita>
    <Data>20180426</Data>
    <Mercato>MGP</Mercato>
    <Ora>14</Ora>
    <TOTALE_ACQUISTI>36613,382</TOTALE_ACQUISTI>
    <NAT_ACQUISTI>36613,382000</NAT_ACQUISTI>
    <CNOR_ACQUISTI>3848,999000</CNOR_ACQUISTI>
    <CSUD_ACQUISTI>5450,519000</CSUD_ACQUISTI>
    <NORD_ACQUISTI>21267,967000</NORD_ACQUISTI>
    <SARD_ACQUISTI>992,008000</SARD_ACQUISTI>
    <SICI_ACQUISTI>1883,037000</SICI_ACQUISTI>
    <SUD_ACQUISTI>2593,852000</SUD_ACQUISTI>
    <AUST_ACQUISTI>0,000000</AUST_ACQUISTI>
    <BRNN_ACQUISTI>0,000000</BRNN_ACQUISTI>
    <COAC_ACQUISTI>0,000000</COAC_ACQUISTI>
    <CORS_ACQUISTI>5,000000</CORS_ACQUISTI>
    <FOGN_ACQUISTI>0,000000</FOGN_ACQUISTI>
    <FRAN_ACQUISTI>0,000000</FRAN_ACQUISTI>
    <GREC_ACQUISTI>498,000000</GREC_ACQUISTI>
    <MFTV_ACQUISTI>0,000000</MFTV_ACQUISTI>
    <PRGP_ACQUISTI>0,000000</PRGP_ACQUISTI>
    <ROSN_ACQUISTI>0,000000</ROSN_ACQUISTI>
    <SLOV_ACQUISTI>0,000000</SLOV_ACQUISTI>
    <SVIZ_ACQUISTI>1,000000</SVIZ_ACQUISTI>
    <BSP_ACQUISTI>0,000000</BSP_ACQUISTI>
    <MALT_ACQUISTI>73,000000</MALT_ACQUISTI>
    <XAUS_ACQUISTI>0,000000</XAUS_ACQUISTI>
    <XFRA_ACQUISTI>0,000000</XFRA_ACQUISTI>
    <TOTALE_VENDITE>32831,382</TOTALE_VENDITE>
    <NAT_VENDITE>36613,382000</NAT_VENDITE>
    <CNOR_VENDITE>3005,997000</CNOR_VENDITE>
    <CSUD_VENDITE>2692,874000</CSUD_VENDITE>
    <NORD_VENDITE>16308,212000</NORD_VENDITE>
    <SARD_VENDITE>1003,718000</SARD_VENDITE>
    <SICI_VENDITE>1300,153000</SICI_VENDITE>
    <SUD_VENDITE>3030,440000</SUD_VENDITE>
    <AUST_VENDITE>20,000000</AUST_VENDITE>
    <BRNN_VENDITE>943,739000</BRNN_VENDITE>
    <COAC_VENDITE>0,000000</COAC_VENDITE>
    <CORS_VENDITE>0,000000</CORS_VENDITE>
    <FOGN_VENDITE>111,188000</FOGN_VENDITE>
    <FRAN_VENDITE>99,000000</FRAN_VENDITE>
    <GREC_VENDITE>136,000000</GREC_VENDITE>
    <MFTV_VENDITE>0,000000</MFTV_VENDITE>
    <PRGP_VENDITE>7,982000</PRGP_VENDITE>
    <ROSN_VENDITE>32,079000</ROSN_VENDITE>
    <SLOV_VENDITE>0,000000</SLOV_VENDITE>
    <SVIZ_VENDITE>4140,000000</SVIZ_VENDITE>
    <BSP_VENDITE>436,000000</BSP_VENDITE>
    <MALT_VENDITE>0,000000</MALT_VENDITE>
    <XAUS_VENDITE>295,000000</XAUS_VENDITE>
    <XFRA_VENDITE>3051,000000</XFRA_VENDITE>
    <TOTITABSP_VENDITE>33267,382</TOTITABSP_VENDITE>
    <TOTITABSP_ACQUISTI>36613,382</TOTITABSP_ACQUISTI>
  </Quantita>
  <Quantita>
    <Data>20180426</Data>
    <Mercato>MGP</Mercato>
    <Ora>15</Ora>
    <TOTALE_ACQUISTI>37290,151</TOTALE_ACQUISTI>
    <NAT_ACQUISTI>37290,151000</NAT_ACQUISTI>
    <CNOR_ACQUISTI>4029,586000</CNOR_ACQUISTI>
    <CSUD_ACQUISTI>5468,921000</CSUD_ACQUISTI>
    <NORD_ACQUISTI>21944,898000</NORD_ACQUISTI>
    <SARD_ACQUISTI>966,279000</SARD_ACQUISTI>
    <SICI_ACQUISTI>1895,935000</SICI_ACQUISTI>
    <SUD_ACQUISTI>2528,532000</SUD_ACQUISTI>
    <AUST_ACQUISTI>0,000000</AUST_ACQUISTI>
    <BRNN_ACQUISTI>0,000000</BRNN_ACQUISTI>
    <COAC_ACQUISTI>0,000000</COAC_ACQUISTI>
    <CORS_ACQUISTI>5,000000</CORS_ACQUISTI>
    <FOGN_ACQUISTI>0,000000</FOGN_ACQUISTI>
    <FRAN_ACQUISTI>0,000000</FRAN_ACQUISTI>
    <GREC_ACQUISTI>383,000000</GREC_ACQUISTI>
    <MFTV_ACQUISTI>0,000000</MFTV_ACQUISTI>
    <PRGP_ACQUISTI>0,000000</PRGP_ACQUISTI>
    <ROSN_ACQUISTI>0,000000</ROSN_ACQUISTI>
    <SLOV_ACQUISTI>0,000000</SLOV_ACQUISTI>
    <SVIZ_ACQUISTI>0,000000</SVIZ_ACQUISTI>
    <BSP_ACQUISTI>0,000000</BSP_ACQUISTI>
    <MALT_ACQUISTI>68,000000</MALT_ACQUISTI>
    <XAUS_ACQUISTI>0,000000</XAUS_ACQUISTI>
    <XFRA_ACQUISTI>0,000000</XFRA_ACQUISTI>
    <TOTALE_VENDITE>33214,151</TOTALE_VENDITE>
    <NAT_VENDITE>37290,151000</NAT_VENDITE>
    <CNOR_VENDITE>2953,270000</CNOR_VENDITE>
    <CSUD_VENDITE>2636,473000</CSUD_VENDITE>
    <NORD_VENDITE>16772,931000</NORD_VENDITE>
    <SARD_VENDITE>995,115000</SARD_VENDITE>
    <SICI_VENDITE>1315,990000</SICI_VENDITE>
    <SUD_VENDITE>2912,701000</SUD_VENDITE>
    <AUST_VENDITE>20,000000</AUST_VENDITE>
    <BRNN_VENDITE>993,114000</BRNN_VENDITE>
    <COAC_VENDITE>0,000000</COAC_VENDITE>
    <CORS_VENDITE>0,000000</CORS_VENDITE>
    <FOGN_VENDITE>160,889000</FOGN_VENDITE>
    <FRAN_VENDITE>99,000000</FRAN_VENDITE>
    <GREC_VENDITE>159,000000</GREC_VENDITE>
    <MFTV_VENDITE>0,000000</MFTV_VENDITE>
    <PRGP_VENDITE>7,013000</PRGP_VENDITE>
    <ROSN_VENDITE>48,655000</ROSN_VENDITE>
    <SLOV_VENDITE>0,000000</SLOV_VENDITE>
    <SVIZ_VENDITE>4140,000000</SVIZ_VENDITE>
    <BSP_VENDITE>730,000000</BSP_VENDITE>
    <MALT_VENDITE>0,000000</MALT_VENDITE>
    <XAUS_VENDITE>295,000000</XAUS_VENDITE>
    <XFRA_VENDITE>3051,000000</XFRA_VENDITE>
    <TOTITABSP_VENDITE>33944,151</TOTITABSP_VENDITE>
    <TOTITABSP_ACQUISTI>37290,151</TOTITABSP_ACQUISTI>
  </Quantita>
  <Quantita>
    <Data>20180426</Data>
    <Mercato>MGP</Mercato>
    <Ora>16</Ora>
    <TOTALE_ACQUISTI>37627,07</TOTALE_ACQUISTI>
    <NAT_ACQUISTI>37627,070000</NAT_ACQUISTI>
    <CNOR_ACQUISTI>4115,672000</CNOR_ACQUISTI>
    <CSUD_ACQUISTI>5538,869000</CSUD_ACQUISTI>
    <NORD_ACQUISTI>22093,941000</NORD_ACQUISTI>
    <SARD_ACQUISTI>959,851000</SARD_ACQUISTI>
    <SICI_ACQUISTI>1892,170000</SICI_ACQUISTI>
    <SUD_ACQUISTI>2549,567000</SUD_ACQUISTI>
    <AUST_ACQUISTI>0,000000</AUST_ACQUISTI>
    <BRNN_ACQUISTI>0,000000</BRNN_ACQUISTI>
    <COAC_ACQUISTI>0,000000</COAC_ACQUISTI>
    <CORS_ACQUISTI>5,000000</CORS_ACQUISTI>
    <FOGN_ACQUISTI>0,000000</FOGN_ACQUISTI>
    <FRAN_ACQUISTI>0,000000</FRAN_ACQUISTI>
    <GREC_ACQUISTI>393,000000</GREC_ACQUISTI>
    <MFTV_ACQUISTI>0,000000</MFTV_ACQUISTI>
    <PRGP_ACQUISTI>0,000000</PRGP_ACQUISTI>
    <ROSN_ACQUISTI>0,000000</ROSN_ACQUISTI>
    <SLOV_ACQUISTI>0,000000</SLOV_ACQUISTI>
    <SVIZ_ACQUISTI>0,000000</SVIZ_ACQUISTI>
    <BSP_ACQUISTI>0,000000</BSP_ACQUISTI>
    <MALT_ACQUISTI>79,000000</MALT_ACQUISTI>
    <XAUS_ACQUISTI>0,000000</XAUS_ACQUISTI>
    <XFRA_ACQUISTI>0,000000</XFRA_ACQUISTI>
    <TOTALE_VENDITE>33551,07</TOTALE_VENDITE>
    <NAT_VENDITE>37627,070000</NAT_VENDITE>
    <CNOR_VENDITE>2803,430000</CNOR_VENDITE>
    <CSUD_VENDITE>2470,303000</CSUD_VENDITE>
    <NORD_VENDITE>17119,110000</NORD_VENDITE>
    <SARD_VENDITE>968,859000</SARD_VENDITE>
    <SICI_VENDITE>1269,689000</SICI_VENDITE>
    <SUD_VENDITE>2662,120000</SUD_VENDITE>
    <AUST_VENDITE>20,000000</AUST_VENDITE>
    <BRNN_VENDITE>1248,827000</BRNN_VENDITE>
    <COAC_VENDITE>0,000000</COAC_VENDITE>
    <CORS_VENDITE>0,000000</CORS_VENDITE>
    <FOGN_VENDITE>399,762000</FOGN_VENDITE>
    <FRAN_VENDITE>99,000000</FRAN_VENDITE>
    <GREC_VENDITE>238,000000</GREC_VENDITE>
    <MFTV_VENDITE>0,000000</MFTV_VENDITE>
    <PRGP_VENDITE>5,749000</PRGP_VENDITE>
    <ROSN_VENDITE>106,221000</ROSN_VENDITE>
    <SLOV_VENDITE>0,000000</SLOV_VENDITE>
    <SVIZ_VENDITE>4140,000000</SVIZ_VENDITE>
    <BSP_VENDITE>730,000000</BSP_VENDITE>
    <MALT_VENDITE>0,000000</MALT_VENDITE>
    <XAUS_VENDITE>295,000000</XAUS_VENDITE>
    <XFRA_VENDITE>3051,000000</XFRA_VENDITE>
    <TOTITABSP_VENDITE>34281,07</TOTITABSP_VENDITE>
    <TOTITABSP_ACQUISTI>37627,07</TOTITABSP_ACQUISTI>
  </Quantita>
  <Quantita>
    <Data>20180426</Data>
    <Mercato>MGP</Mercato>
    <Ora>17</Ora>
    <TOTALE_ACQUISTI>37868,696</TOTALE_ACQUISTI>
    <NAT_ACQUISTI>37868,696000</NAT_ACQUISTI>
    <CNOR_ACQUISTI>4155,509000</CNOR_ACQUISTI>
    <CSUD_ACQUISTI>5542,054000</CSUD_ACQUISTI>
    <NORD_ACQUISTI>22109,540000</NORD_ACQUISTI>
    <SARD_ACQUISTI>983,940000</SARD_ACQUISTI>
    <SICI_ACQUISTI>1971,575000</SICI_ACQUISTI>
    <SUD_ACQUISTI>2640,078000</SUD_ACQUISTI>
    <AUST_ACQUISTI>0,000000</AUST_ACQUISTI>
    <BRNN_ACQUISTI>0,000000</BRNN_ACQUISTI>
    <COAC_ACQUISTI>0,000000</COAC_ACQUISTI>
    <CORS_ACQUISTI>5,000000</CORS_ACQUISTI>
    <FOGN_ACQUISTI>0,000000</FOGN_ACQUISTI>
    <FRAN_ACQUISTI>0,000000</FRAN_ACQUISTI>
    <GREC_ACQUISTI>363,000000</GREC_ACQUISTI>
    <MFTV_ACQUISTI>0,000000</MFTV_ACQUISTI>
    <PRGP_ACQUISTI>0,000000</PRGP_ACQUISTI>
    <ROSN_ACQUISTI>0,000000</ROSN_ACQUISTI>
    <SLOV_ACQUISTI>0,000000</SLOV_ACQUISTI>
    <SVIZ_ACQUISTI>0,000000</SVIZ_ACQUISTI>
    <BSP_ACQUISTI>0,000000</BSP_ACQUISTI>
    <MALT_ACQUISTI>98,000000</MALT_ACQUISTI>
    <XAUS_ACQUISTI>0,000000</XAUS_ACQUISTI>
    <XFRA_ACQUISTI>0,000000</XFRA_ACQUISTI>
    <TOTALE_VENDITE>33792,696</TOTALE_VENDITE>
    <NAT_VENDITE>37868,696000</NAT_VENDITE>
    <CNOR_VENDITE>2664,554000</CNOR_VENDITE>
    <CSUD_VENDITE>2311,380000</CSUD_VENDITE>
    <NORD_VENDITE>17637,995000</NORD_VENDITE>
    <SARD_VENDITE>938,755000</SARD_VENDITE>
    <SICI_VENDITE>1136,952000</SICI_VENDITE>
    <SUD_VENDITE>2317,737000</SUD_VENDITE>
    <AUST_VENDITE>20,000000</AUST_VENDITE>
    <BRNN_VENDITE>1338,429000</BRNN_VENDITE>
    <COAC_VENDITE>0,000000</COAC_VENDITE>
    <CORS_VENDITE>0,000000</CORS_VENDITE>
    <FOGN_VENDITE>598,761000</FOGN_VENDITE>
    <FRAN_VENDITE>99,000000</FRAN_VENDITE>
    <GREC_VENDITE>197,000000</GREC_VENDITE>
    <MFTV_VENDITE>0,000000</MFTV_VENDITE>
    <PRGP_VENDITE>4,145000</PRGP_VENDITE>
    <ROSN_VENDITE>387,988000</ROSN_VENDITE>
    <SLOV_VENDITE>0,000000</SLOV_VENDITE>
    <SVIZ_VENDITE>4140,000000</SVIZ_VENDITE>
    <BSP_VENDITE>730,000000</BSP_VENDITE>
    <MALT_VENDITE>0,000000</MALT_VENDITE>
    <XAUS_VENDITE>295,000000</XAUS_VENDITE>
    <XFRA_VENDITE>3051,000000</XFRA_VENDITE>
    <TOTITABSP_VENDITE>34522,696</TOTITABSP_VENDITE>
    <TOTITABSP_ACQUISTI>37868,696</TOTITABSP_ACQUISTI>
  </Quantita>
  <Quantita>
    <Data>20180426</Data>
    <Mercato>MGP</Mercato>
    <Ora>18</Ora>
    <TOTALE_ACQUISTI>37206,5</TOTALE_ACQUISTI>
    <NAT_ACQUISTI>37417,197000</NAT_ACQUISTI>
    <CNOR_ACQUISTI>4106,735000</CNOR_ACQUISTI>
    <CSUD_ACQUISTI>5526,095000</CSUD_ACQUISTI>
    <NORD_ACQUISTI>21524,259000</NORD_ACQUISTI>
    <SARD_ACQUISTI>1033,240000</SARD_ACQUISTI>
    <SICI_ACQUISTI>2030,163000</SICI_ACQUISTI>
    <SUD_ACQUISTI>2775,008000</SUD_ACQUISTI>
    <AUST_ACQUISTI>0,000000</AUST_ACQUISTI>
    <BRNN_ACQUISTI>0,000000</BRNN_ACQUISTI>
    <COAC_ACQUISTI>0,000000</COAC_ACQUISTI>
    <CORS_ACQUISTI>8,000000</CORS_ACQUISTI>
    <FOGN_ACQUISTI>0,000000</FOGN_ACQUISTI>
    <FRAN_ACQUISTI>0,000000</FRAN_ACQUISTI>
    <GREC_ACQUISTI>83,000000</GREC_ACQUISTI>
    <MFTV_ACQUISTI>0,000000</MFTV_ACQUISTI>
    <PRGP_ACQUISTI>0,000000</PRGP_ACQUISTI>
    <ROSN_ACQUISTI>0,000000</ROSN_ACQUISTI>
    <SLOV_ACQUISTI>0,000000</SLOV_ACQUISTI>
    <SVIZ_ACQUISTI>0,000000</SVIZ_ACQUISTI>
    <BSP_ACQUISTI>0,000000</BSP_ACQUISTI>
    <MALT_ACQUISTI>120,000000</MALT_ACQUISTI>
    <XAUS_ACQUISTI>0,000000</XAUS_ACQUISTI>
    <XFRA_ACQUISTI>0,000000</XFRA_ACQUISTI>
    <TOTALE_VENDITE>33130,5</TOTALE_VENDITE>
    <NAT_VENDITE>37417,197000</NAT_VENDITE>
    <CNOR_VENDITE>2513,985000</CNOR_VENDITE>
    <CSUD_VENDITE>2058,362000</CSUD_VENDITE>
    <NORD_VENDITE>17182,009000</NORD_VENDITE>
    <SARD_VENDITE>886,401000</SARD_VENDITE>
    <SICI_VENDITE>1237,712000</SICI_VENDITE>
    <SUD_VENDITE>1888,368000</SUD_VENDITE>
    <AUST_VENDITE>20,000000</AUST_VENDITE>
    <BRNN_VENDITE>1412,498000</BRNN_VENDITE>
    <COAC_VENDITE>0,000000</COAC_VENDITE>
    <CORS_VENDITE>0,000000</CORS_VENDITE>
    <FOGN_VENDITE>681,578000</FOGN_VENDITE>
    <FRAN_VENDITE>99,000000</FRAN_VENDITE>
    <GREC_VENDITE>258,000000</GREC_VENDITE>
    <MFTV_VENDITE>0,000000</MFTV_VENDITE>
    <PRGP_VENDITE>2,497000</PRGP_VENDITE>
    <ROSN_VENDITE>750,090000</ROSN_VENDITE>
    <SLOV_VENDITE>0,000000</SLOV_VENDITE>
    <SVIZ_VENDITE>4140,000000</SVIZ_VENDITE>
    <BSP_VENDITE>730,000000</BSP_VENDITE>
    <MALT_VENDITE>0,000000</MALT_VENDITE>
    <XAUS_VENDITE>295,000000</XAUS_VENDITE>
    <XFRA_VENDITE>3051,000000</XFRA_VENDITE>
    <TOTITABSP_VENDITE>33860,5</TOTITABSP_VENDITE>
    <TOTITABSP_ACQUISTI>37206,5</TOTITABSP_ACQUISTI>
  </Quantita>
  <Quantita>
    <Data>20180426</Data>
    <Mercato>MGP</Mercato>
    <Ora>19</Ora>
    <TOTALE_ACQUISTI>36904,979</TOTALE_ACQUISTI>
    <NAT_ACQUISTI>36945,979000</NAT_ACQUISTI>
    <CNOR_ACQUISTI>4055,702000</CNOR_ACQUISTI>
    <CSUD_ACQUISTI>5574,645000</CSUD_ACQUISTI>
    <NORD_ACQUISTI>21132,647000</NORD_ACQUISTI>
    <SARD_ACQUISTI>1043,259000</SARD_ACQUISTI>
    <SICI_ACQUISTI>2094,438000</SICI_ACQUISTI>
    <SUD_ACQUISTI>2862,288000</SUD_ACQUISTI>
    <AUST_ACQUISTI>0,000000</AUST_ACQUISTI>
    <BRNN_ACQUISTI>0,000000</BRNN_ACQUISTI>
    <COAC_ACQUISTI>0,000000</COAC_ACQUISTI>
    <CORS_ACQUISTI>20,000000</CORS_ACQUISTI>
    <FOGN_ACQUISTI>0,000000</FOGN_ACQUISTI>
    <FRAN_ACQUISTI>0,000000</FRAN_ACQUISTI>
    <GREC_ACQUISTI>0,000000</GREC_ACQUISTI>
    <MFTV_ACQUISTI>0,000000</MFTV_ACQUISTI>
    <PRGP_ACQUISTI>0,000000</PRGP_ACQUISTI>
    <ROSN_ACQUISTI>0,000000</ROSN_ACQUISTI>
    <SLOV_ACQUISTI>0,000000</SLOV_ACQUISTI>
    <SVIZ_ACQUISTI>0,000000</SVIZ_ACQUISTI>
    <BSP_ACQUISTI>0,000000</BSP_ACQUISTI>
    <MALT_ACQUISTI>122,000000</MALT_ACQUISTI>
    <XAUS_ACQUISTI>0,000000</XAUS_ACQUISTI>
    <XFRA_ACQUISTI>0,000000</XFRA_ACQUISTI>
    <TOTALE_VENDITE>32828,979</TOTALE_VENDITE>
    <NAT_VENDITE>36945,979000</NAT_VENDITE>
    <CNOR_VENDITE>2455,702000</CNOR_VENDITE>
    <CSUD_VENDITE>1829,827000</CSUD_VENDITE>
    <NORD_VENDITE>16797,647000</NORD_VENDITE>
    <SARD_VENDITE>831,394000</SARD_VENDITE>
    <SICI_VENDITE>1126,909000</SICI_VENDITE>
    <SUD_VENDITE>1463,786000</SUD_VENDITE>
    <AUST_VENDITE>20,000000</AUST_VENDITE>
    <BRNN_VENDITE>1446,083000</BRNN_VENDITE>
    <COAC_VENDITE>0,000000</COAC_VENDITE>
    <CORS_VENDITE>0,000000</CORS_VENDITE>
    <FOGN_VENDITE>902,235000</FOGN_VENDITE>
    <FRAN_VENDITE>99,000000</FRAN_VENDITE>
    <GREC_VENDITE>366,000000</GREC_VENDITE>
    <MFTV_VENDITE>0,000000</MFTV_VENDITE>
    <PRGP_VENDITE>273,664000</PRGP_VENDITE>
    <ROSN_VENDITE>1076,732000</ROSN_VENDITE>
    <SLOV_VENDITE>0,000000</SLOV_VENDITE>
    <SVIZ_VENDITE>4140,000000</SVIZ_VENDITE>
    <BSP_VENDITE>730,000000</BSP_VENDITE>
    <MALT_VENDITE>0,000000</MALT_VENDITE>
    <XAUS_VENDITE>295,000000</XAUS_VENDITE>
    <XFRA_VENDITE>3051,000000</XFRA_VENDITE>
    <TOTITABSP_VENDITE>33558,979</TOTITABSP_VENDITE>
    <TOTITABSP_ACQUISTI>36904,979</TOTITABSP_ACQUISTI>
  </Quantita>
  <Quantita>
    <Data>20180426</Data>
    <Mercato>MGP</Mercato>
    <Ora>20</Ora>
    <TOTALE_ACQUISTI>36981,745</TOTALE_ACQUISTI>
    <NAT_ACQUISTI>37047,745000</NAT_ACQUISTI>
    <CNOR_ACQUISTI>4067,222000</CNOR_ACQUISTI>
    <CSUD_ACQUISTI>5778,060000</CSUD_ACQUISTI>
    <NORD_ACQUISTI>20825,784000</NORD_ACQUISTI>
    <SARD_ACQUISTI>1056,053000</SARD_ACQUISTI>
    <SICI_ACQUISTI>2178,127000</SICI_ACQUISTI>
    <SUD_ACQUISTI>2989,499000</SUD_ACQUISTI>
    <AUST_ACQUISTI>0,000000</AUST_ACQUISTI>
    <BRNN_ACQUISTI>0,000000</BRNN_ACQUISTI>
    <COAC_ACQUISTI>0,000000</COAC_ACQUISTI>
    <CORS_ACQUISTI>23,000000</CORS_ACQUISTI>
    <FOGN_ACQUISTI>0,000000</FOGN_ACQUISTI>
    <FRAN_ACQUISTI>0,000000</FRAN_ACQUISTI>
    <GREC_ACQUISTI>0,000000</GREC_ACQUISTI>
    <MFTV_ACQUISTI>0,000000</MFTV_ACQUISTI>
    <PRGP_ACQUISTI>0,000000</PRGP_ACQUISTI>
    <ROSN_ACQUISTI>0,000000</ROSN_ACQUISTI>
    <SLOV_ACQUISTI>0,000000</SLOV_ACQUISTI>
    <SVIZ_ACQUISTI>0,000000</SVIZ_ACQUISTI>
    <BSP_ACQUISTI>0,000000</BSP_ACQUISTI>
    <MALT_ACQUISTI>64,000000</MALT_ACQUISTI>
    <XAUS_ACQUISTI>0,000000</XAUS_ACQUISTI>
    <XFRA_ACQUISTI>0,000000</XFRA_ACQUISTI>
    <TOTALE_VENDITE>32905,745</TOTALE_VENDITE>
    <NAT_VENDITE>37047,745000</NAT_VENDITE>
    <CNOR_VENDITE>2485,787000</CNOR_VENDITE>
    <CSUD_VENDITE>2462,781000</CSUD_VENDITE>
    <NORD_VENDITE>16472,219000</NORD_VENDITE>
    <SARD_VENDITE>749,303000</SARD_VENDITE>
    <SICI_VENDITE>1011,984000</SICI_VENDITE>
    <SUD_VENDITE>1100,896000</SUD_VENDITE>
    <AUST_VENDITE>20,000000</AUST_VENDITE>
    <BRNN_VENDITE>1795,682000</BRNN_VENDITE>
    <COAC_VENDITE>0,000000</COAC_VENDITE>
    <CORS_VENDITE>0,000000</CORS_VENDITE>
    <FOGN_VENDITE>913,216000</FOGN_VENDITE>
    <FRAN_VENDITE>99,000000</FRAN_VENDITE>
    <GREC_VENDITE>432,000000</GREC_VENDITE>
    <MFTV_VENDITE>0,000000</MFTV_VENDITE>
    <PRGP_VENDITE>130,143000</PRGP_VENDITE>
    <ROSN_VENDITE>1092,734000</ROSN_VENDITE>
    <SLOV_VENDITE>0,000000</SLOV_VENDITE>
    <SVIZ_VENDITE>4140,000000</SVIZ_VENDITE>
    <BSP_VENDITE>730,000000</BSP_VENDITE>
    <MALT_VENDITE>0,000000</MALT_VENDITE>
    <XAUS_VENDITE>295,000000</XAUS_VENDITE>
    <XFRA_VENDITE>3051,000000</XFRA_VENDITE>
    <TOTITABSP_VENDITE>33635,745</TOTITABSP_VENDITE>
    <TOTITABSP_ACQUISTI>36981,745</TOTITABSP_ACQUISTI>
  </Quantita>
  <Quantita>
    <Data>20180426</Data>
    <Mercato>MGP</Mercato>
    <Ora>21</Ora>
    <TOTALE_ACQUISTI>38398,638</TOTALE_ACQUISTI>
    <NAT_ACQUISTI>38372,158000</NAT_ACQUISTI>
    <CNOR_ACQUISTI>4125,451000</CNOR_ACQUISTI>
    <CSUD_ACQUISTI>6136,701000</CSUD_ACQUISTI>
    <NORD_ACQUISTI>21140,397000</NORD_ACQUISTI>
    <SARD_ACQUISTI>1152,562000</SARD_ACQUISTI>
    <SICI_ACQUISTI>2361,255000</SICI_ACQUISTI>
    <SUD_ACQUISTI>3384,272000</SUD_ACQUISTI>
    <AUST_ACQUISTI>0,000000</AUST_ACQUISTI>
    <BRNN_ACQUISTI>0,000000</BRNN_ACQUISTI>
    <COAC_ACQUISTI>0,000000</COAC_ACQUISTI>
    <CORS_ACQUISTI>23,000000</CORS_ACQUISTI>
    <FOGN_ACQUISTI>0,000000</FOGN_ACQUISTI>
    <FRAN_ACQUISTI>0,000000</FRAN_ACQUISTI>
    <GREC_ACQUISTI>0,000000</GREC_ACQUISTI>
    <MFTV_ACQUISTI>0,000000</MFTV_ACQUISTI>
    <PRGP_ACQUISTI>0,000000</PRGP_ACQUISTI>
    <ROSN_ACQUISTI>0,000000</ROSN_ACQUISTI>
    <SLOV_ACQUISTI>0,000000</SLOV_ACQUISTI>
    <SVIZ_ACQUISTI>0,000000</SVIZ_ACQUISTI>
    <BSP_ACQUISTI>0,000000</BSP_ACQUISTI>
    <MALT_ACQUISTI>75,000000</MALT_ACQUISTI>
    <XAUS_ACQUISTI>0,000000</XAUS_ACQUISTI>
    <XFRA_ACQUISTI>0,000000</XFRA_ACQUISTI>
    <TOTALE_VENDITE>34322,638</TOTALE_VENDITE>
    <NAT_VENDITE>38372,158000</NAT_VENDITE>
    <CNOR_VENDITE>2525,451000</CNOR_VENDITE>
    <CSUD_VENDITE>2898,693000</CSUD_VENDITE>
    <NORD_VENDITE>16805,397000</NORD_VENDITE>
    <SARD_VENDITE>826,460000</SARD_VENDITE>
    <SICI_VENDITE>1157,671000</SICI_VENDITE>
    <SUD_VENDITE>981,094000</SUD_VENDITE>
    <AUST_VENDITE>20,000000</AUST_VENDITE>
    <BRNN_VENDITE>2189,797000</BRNN_VENDITE>
    <COAC_VENDITE>0,000000</COAC_VENDITE>
    <CORS_VENDITE>0,000000</CORS_VENDITE>
    <FOGN_VENDITE>923,237000</FOGN_VENDITE>
    <FRAN_VENDITE>99,000000</FRAN_VENDITE>
    <GREC_VENDITE>475,000000</GREC_VENDITE>
    <MFTV_VENDITE>0,000000</MFTV_VENDITE>
    <PRGP_VENDITE>178,584000</PRGP_VENDITE>
    <ROSN_VENDITE>1102,254000</ROSN_VENDITE>
    <SLOV_VENDITE>0,000000</SLOV_VENDITE>
    <SVIZ_VENDITE>4140,000000</SVIZ_VENDITE>
    <BSP_VENDITE>730,000000</BSP_VENDITE>
    <MALT_VENDITE>0,000000</MALT_VENDITE>
    <XAUS_VENDITE>295,000000</XAUS_VENDITE>
    <XFRA_VENDITE>3051,000000</XFRA_VENDITE>
    <TOTITABSP_VENDITE>35052,638</TOTITABSP_VENDITE>
    <TOTITABSP_ACQUISTI>38398,638</TOTITABSP_ACQUISTI>
  </Quantita>
  <Quantita>
    <Data>20180426</Data>
    <Mercato>MGP</Mercato>
    <Ora>22</Ora>
    <TOTALE_ACQUISTI>36577,807</TOTALE_ACQUISTI>
    <NAT_ACQUISTI>36665,808000</NAT_ACQUISTI>
    <CNOR_ACQUISTI>3923,048000</CNOR_ACQUISTI>
    <CSUD_ACQUISTI>5806,070000</CSUD_ACQUISTI>
    <NORD_ACQUISTI>20367,558000</NORD_ACQUISTI>
    <SARD_ACQUISTI>1120,975000</SARD_ACQUISTI>
    <SICI_ACQUISTI>2229,201000</SICI_ACQUISTI>
    <SUD_ACQUISTI>3058,955000</SUD_ACQUISTI>
    <AUST_ACQUISTI>0,000000</AUST_ACQUISTI>
    <BRNN_ACQUISTI>0,000000</BRNN_ACQUISTI>
    <COAC_ACQUISTI>0,000000</COAC_ACQUISTI>
    <CORS_ACQUISTI>23,000000</CORS_ACQUISTI>
    <FOGN_ACQUISTI>0,000000</FOGN_ACQUISTI>
    <FRAN_ACQUISTI>0,000000</FRAN_ACQUISTI>
    <GREC_ACQUISTI>0,000000</GREC_ACQUISTI>
    <MFTV_ACQUISTI>0,000000</MFTV_ACQUISTI>
    <PRGP_ACQUISTI>0,000000</PRGP_ACQUISTI>
    <ROSN_ACQUISTI>0,000000</ROSN_ACQUISTI>
    <SLOV_ACQUISTI>0,000000</SLOV_ACQUISTI>
    <SVIZ_ACQUISTI>0,000000</SVIZ_ACQUISTI>
    <BSP_ACQUISTI>0,000000</BSP_ACQUISTI>
    <MALT_ACQUISTI>49,000000</MALT_ACQUISTI>
    <XAUS_ACQUISTI>0,000000</XAUS_ACQUISTI>
    <XFRA_ACQUISTI>0,000000</XFRA_ACQUISTI>
    <TOTALE_VENDITE>32501,807</TOTALE_VENDITE>
    <NAT_VENDITE>36665,808000</NAT_VENDITE>
    <CNOR_VENDITE>2323,048000</CNOR_VENDITE>
    <CSUD_VENDITE>2724,283000</CSUD_VENDITE>
    <NORD_VENDITE>16032,558000</NORD_VENDITE>
    <SARD_VENDITE>752,268000</SARD_VENDITE>
    <SICI_VENDITE>1048,201000</SICI_VENDITE>
    <SUD_VENDITE>914,633000</SUD_VENDITE>
    <AUST_VENDITE>20,000000</AUST_VENDITE>
    <BRNN_VENDITE>1806,193000</BRNN_VENDITE>
    <COAC_VENDITE>0,000000</COAC_VENDITE>
    <CORS_VENDITE>0,000000</CORS_VENDITE>
    <FOGN_VENDITE>929,756000</FOGN_VENDITE>
    <FRAN_VENDITE>99,000000</FRAN_VENDITE>
    <GREC_VENDITE>475,000000</GREC_VENDITE>
    <MFTV_VENDITE>0,000000</MFTV_VENDITE>
    <PRGP_VENDITE>130,000000</PRGP_VENDITE>
    <ROSN_VENDITE>1106,867000</ROSN_VENDITE>
    <SLOV_VENDITE>0,000000</SLOV_VENDITE>
    <SVIZ_VENDITE>4140,000000</SVIZ_VENDITE>
    <BSP_VENDITE>730,000000</BSP_VENDITE>
    <MALT_VENDITE>0,000000</MALT_VENDITE>
    <XAUS_VENDITE>295,000000</XAUS_VENDITE>
    <XFRA_VENDITE>3051,000000</XFRA_VENDITE>
    <TOTITABSP_VENDITE>33231,807</TOTITABSP_VENDITE>
    <TOTITABSP_ACQUISTI>36577,807</TOTITABSP_ACQUISTI>
  </Quantita>
  <Quantita>
    <Data>20180426</Data>
    <Mercato>MGP</Mercato>
    <Ora>23</Ora>
    <TOTALE_ACQUISTI>33159,277</TOTALE_ACQUISTI>
    <NAT_ACQUISTI>33270,277000</NAT_ACQUISTI>
    <CNOR_ACQUISTI>3538,829000</CNOR_ACQUISTI>
    <CSUD_ACQUISTI>5260,300000</CSUD_ACQUISTI>
    <NORD_ACQUISTI>18421,402000</NORD_ACQUISTI>
    <SARD_ACQUISTI>1024,204000</SARD_ACQUISTI>
    <SICI_ACQUISTI>2038,067000</SICI_ACQUISTI>
    <SUD_ACQUISTI>2766,475000</SUD_ACQUISTI>
    <AUST_ACQUISTI>0,000000</AUST_ACQUISTI>
    <BRNN_ACQUISTI>0,000000</BRNN_ACQUISTI>
    <COAC_ACQUISTI>0,000000</COAC_ACQUISTI>
    <CORS_ACQUISTI>23,000000</CORS_ACQUISTI>
    <FOGN_ACQUISTI>0,000000</FOGN_ACQUISTI>
    <FRAN_ACQUISTI>0,000000</FRAN_ACQUISTI>
    <GREC_ACQUISTI>0,000000</GREC_ACQUISTI>
    <MFTV_ACQUISTI>0,000000</MFTV_ACQUISTI>
    <PRGP_ACQUISTI>0,000000</PRGP_ACQUISTI>
    <ROSN_ACQUISTI>0,000000</ROSN_ACQUISTI>
    <SLOV_ACQUISTI>0,000000</SLOV_ACQUISTI>
    <SVIZ_ACQUISTI>0,000000</SVIZ_ACQUISTI>
    <BSP_ACQUISTI>0,000000</BSP_ACQUISTI>
    <MALT_ACQUISTI>87,000000</MALT_ACQUISTI>
    <XAUS_ACQUISTI>0,000000</XAUS_ACQUISTI>
    <XFRA_ACQUISTI>0,000000</XFRA_ACQUISTI>
    <TOTALE_VENDITE>29083,277</TOTALE_VENDITE>
    <NAT_VENDITE>33270,277000</NAT_VENDITE>
    <CNOR_VENDITE>2238,829000</CNOR_VENDITE>
    <CSUD_VENDITE>2129,075000</CSUD_VENDITE>
    <NORD_VENDITE>13856,402000</NORD_VENDITE>
    <SARD_VENDITE>744,045000</SARD_VENDITE>
    <SICI_VENDITE>895,067000</SICI_VENDITE>
    <SUD_VENDITE>960,773000</SUD_VENDITE>
    <AUST_VENDITE>20,000000</AUST_VENDITE>
    <BRNN_VENDITE>1399,410000</BRNN_VENDITE>
    <COAC_VENDITE>0,000000</COAC_VENDITE>
    <CORS_VENDITE>0,000000</CORS_VENDITE>
    <FOGN_VENDITE>933,978000</FOGN_VENDITE>
    <FRAN_VENDITE>99,000000</FRAN_VENDITE>
    <GREC_VENDITE>498,000000</GREC_VENDITE>
    <MFTV_VENDITE>0,000000</MFTV_VENDITE>
    <PRGP_VENDITE>130,000000</PRGP_VENDITE>
    <ROSN_VENDITE>1108,698000</ROSN_VENDITE>
    <SLOV_VENDITE>0,000000</SLOV_VENDITE>
    <SVIZ_VENDITE>4070,000000</SVIZ_VENDITE>
    <BSP_VENDITE>730,000000</BSP_VENDITE>
    <MALT_VENDITE>0,000000</MALT_VENDITE>
    <XAUS_VENDITE>295,000000</XAUS_VENDITE>
    <XFRA_VENDITE>3051,000000</XFRA_VENDITE>
    <TOTITABSP_VENDITE>29813,277</TOTITABSP_VENDITE>
    <TOTITABSP_ACQUISTI>33159,277</TOTITABSP_ACQUISTI>
  </Quantita>
  <Quantita>
    <Data>20180426</Data>
    <Mercato>MGP</Mercato>
    <Ora>24</Ora>
    <TOTALE_ACQUISTI>30240,424</TOTALE_ACQUISTI>
    <NAT_ACQUISTI>30380,424000</NAT_ACQUISTI>
    <CNOR_ACQUISTI>3196,509000</CNOR_ACQUISTI>
    <CSUD_ACQUISTI>4711,330000</CSUD_ACQUISTI>
    <NORD_ACQUISTI>16965,531000</NORD_ACQUISTI>
    <SARD_ACQUISTI>951,852000</SARD_ACQUISTI>
    <SICI_ACQUISTI>1836,713000</SICI_ACQUISTI>
    <SUD_ACQUISTI>2465,489000</SUD_ACQUISTI>
    <AUST_ACQUISTI>0,000000</AUST_ACQUISTI>
    <BRNN_ACQUISTI>0,000000</BRNN_ACQUISTI>
    <COAC_ACQUISTI>0,000000</COAC_ACQUISTI>
    <CORS_ACQUISTI>23,000000</CORS_ACQUISTI>
    <FOGN_ACQUISTI>0,000000</FOGN_ACQUISTI>
    <FRAN_ACQUISTI>0,000000</FRAN_ACQUISTI>
    <GREC_ACQUISTI>4,000000</GREC_ACQUISTI>
    <MFTV_ACQUISTI>0,000000</MFTV_ACQUISTI>
    <PRGP_ACQUISTI>0,000000</PRGP_ACQUISTI>
    <ROSN_ACQUISTI>0,000000</ROSN_ACQUISTI>
    <SLOV_ACQUISTI>0,000000</SLOV_ACQUISTI>
    <SVIZ_ACQUISTI>0,000000</SVIZ_ACQUISTI>
    <BSP_ACQUISTI>0,000000</BSP_ACQUISTI>
    <MALT_ACQUISTI>86,000000</MALT_ACQUISTI>
    <XAUS_ACQUISTI>0,000000</XAUS_ACQUISTI>
    <XFRA_ACQUISTI>0,000000</XFRA_ACQUISTI>
    <TOTALE_VENDITE>26449,424</TOTALE_VENDITE>
    <NAT_VENDITE>30380,424000</NAT_VENDITE>
    <CNOR_VENDITE>1977,634000</CNOR_VENDITE>
    <CSUD_VENDITE>1349,709000</CSUD_VENDITE>
    <NORD_VENDITE>13014,406000</NORD_VENDITE>
    <SARD_VENDITE>736,309000</SARD_VENDITE>
    <SICI_VENDITE>935,916000</SICI_VENDITE>
    <SUD_VENDITE>966,729000</SUD_VENDITE>
    <AUST_VENDITE>20,000000</AUST_VENDITE>
    <BRNN_VENDITE>1403,296000</BRNN_VENDITE>
    <COAC_VENDITE>0,000000</COAC_VENDITE>
    <CORS_VENDITE>0,000000</CORS_VENDITE>
    <FOGN_VENDITE>702,237000</FOGN_VENDITE>
    <FRAN_VENDITE>99,000000</FRAN_VENDITE>
    <GREC_VENDITE>473,374000</GREC_VENDITE>
    <MFTV_VENDITE>0,000000</MFTV_VENDITE>
    <PRGP_VENDITE>0,000000</PRGP_VENDITE>
    <ROSN_VENDITE>1110,814000</ROSN_VENDITE>
    <SLOV_VENDITE>0,000000</SLOV_VENDITE>
    <SVIZ_VENDITE>3660,000000</SVIZ_VENDITE>
    <BSP_VENDITE>620,000000</BSP_VENDITE>
    <MALT_VENDITE>0,000000</MALT_VENDITE>
    <XAUS_VENDITE>275,000000</XAUS_VENDITE>
    <XFRA_VENDITE>2896,000000</XFRA_VENDITE>
    <TOTITABSP_VENDITE>27069,424</TOTITABSP_VENDITE>
    <TOTITABSP_ACQUISTI>30240,424</TOTITABSP_ACQUISTI>
  </Quantita>
</NewDataSet>