<?xml version="1.0" standalone="yes"?>
<NewDataSet>
  <xs:schema id="NewDataSet" xmlns="" xmlns:xs="http://www.w3.org/2001/XMLSchema" xmlns:msdata="urn:schemas-microsoft-com:xml-msdata">
    <xs:element name="NewDataSet" msdata:IsDataSet="true" msdata:UseCurrentLocale="true">
      <xs:complexType>
        <xs:choice minOccurs="0" maxOccurs="unbounded">
          <xs:element name="Quantita">
            <xs:complexType>
              <xs:sequence>
                <xs:element name="Data" type="xs:string" minOccurs="0" />
                <xs:element name="Mercato" type="xs:string" minOccurs="0" />
                <xs:element name="Ora" type="xs:string" minOccurs="0" />
                <xs:element name="TOTALE_ACQUISTI" type="xs:string" minOccurs="0" />
                <xs:element name="NAT_ACQUISTI" type="xs:string" minOccurs="0" />
                <xs:element name="CNOR_ACQUISTI" type="xs:string" minOccurs="0" />
                <xs:element name="CSUD_ACQUISTI" type="xs:string" minOccurs="0" />
                <xs:element name="NORD_ACQUISTI" type="xs:string" minOccurs="0" />
                <xs:element name="SARD_ACQUISTI" type="xs:string" minOccurs="0" />
                <xs:element name="SICI_ACQUISTI" type="xs:string" minOccurs="0" />
                <xs:element name="SUD_ACQUISTI" type="xs:string" minOccurs="0" />
                <xs:element name="AUST_ACQUISTI" type="xs:string" minOccurs="0" />
                <xs:element name="BRNN_ACQUISTI" type="xs:string" minOccurs="0" />
                <xs:element name="COAC_ACQUISTI" type="xs:string" minOccurs="0" />
                <xs:element name="CORS_ACQUISTI" type="xs:string" minOccurs="0" />
                <xs:element name="FOGN_ACQUISTI" type="xs:string" minOccurs="0" />
                <xs:element name="FRAN_ACQUISTI" type="xs:string" minOccurs="0" />
                <xs:element name="GREC_ACQUISTI" type="xs:string" minOccurs="0" />
                <xs:element name="MFTV_ACQUISTI" type="xs:string" minOccurs="0" />
                <xs:element name="PRGP_ACQUISTI" type="xs:string" minOccurs="0" />
                <xs:element name="ROSN_ACQUISTI" type="xs:string" minOccurs="0" />
                <xs:element name="SLOV_ACQUISTI" type="xs:string" minOccurs="0" />
                <xs:element name="SVIZ_ACQUISTI" type="xs:string" minOccurs="0" />
                <xs:element name="BSP_ACQUISTI" type="xs:string" minOccurs="0" />
                <xs:element name="MALT_ACQUISTI" type="xs:string" minOccurs="0" />
                <xs:element name="XAUS_ACQUISTI" type="xs:string" minOccurs="0" />
                <xs:element name="XFRA_ACQUISTI" type="xs:string" minOccurs="0" />
                <xs:element name="TOTALE_VENDITE" type="xs:string" minOccurs="0" />
                <xs:element name="NAT_VENDITE" type="xs:string" minOccurs="0" />
                <xs:element name="CNOR_VENDITE" type="xs:string" minOccurs="0" />
                <xs:element name="CSUD_VENDITE" type="xs:string" minOccurs="0" />
                <xs:element name="NORD_VENDITE" type="xs:string" minOccurs="0" />
                <xs:element name="SARD_VENDITE" type="xs:string" minOccurs="0" />
                <xs:element name="SICI_VENDITE" type="xs:string" minOccurs="0" />
                <xs:element name="SUD_VENDITE" type="xs:string" minOccurs="0" />
                <xs:element name="AUST_VENDITE" type="xs:string" minOccurs="0" />
                <xs:element name="BRNN_VENDITE" type="xs:string" minOccurs="0" />
                <xs:element name="COAC_VENDITE" type="xs:string" minOccurs="0" />
                <xs:element name="CORS_VENDITE" type="xs:string" minOccurs="0" />
                <xs:element name="FOGN_VENDITE" type="xs:string" minOccurs="0" />
                <xs:element name="FRAN_VENDITE" type="xs:string" minOccurs="0" />
                <xs:element name="GREC_VENDITE" type="xs:string" minOccurs="0" />
                <xs:element name="MFTV_VENDITE" type="xs:string" minOccurs="0" />
                <xs:element name="PRGP_VENDITE" type="xs:string" minOccurs="0" />
                <xs:element name="ROSN_VENDITE" type="xs:string" minOccurs="0" />
                <xs:element name="SLOV_VENDITE" type="xs:string" minOccurs="0" />
                <xs:element name="SVIZ_VENDITE" type="xs:string" minOccurs="0" />
                <xs:element name="BSP_VENDITE" type="xs:string" minOccurs="0" />
                <xs:element name="MALT_VENDITE" type="xs:string" minOccurs="0" />
                <xs:element name="XAUS_VENDITE" type="xs:string" minOccurs="0" />
                <xs:element name="XFRA_VENDITE" type="xs:string" minOccurs="0" />
                <xs:element name="TOTITABSP_VENDITE" msdata:ReadOnly="true" msdata:Expression="Convert(TOTALE_VENDITE, System.Double) + Convert(BSP_VENDITE,System.Double)" type="xs:string" minOccurs="0" />
                <xs:element name="TOTITABSP_ACQUISTI" msdata:ReadOnly="true" msdata:Expression="Convert(TOTALE_ACQUISTI, System.Double) + Convert(BSP_ACQUISTI, System.Double)" type="xs:string" minOccurs="0" />
              </xs:sequence>
            </xs:complexType>
          </xs:element>
        </xs:choice>
      </xs:complexType>
    </xs:element>
  </xs:schema>
  <Quantita>
    <Data>20180423</Data>
    <Mercato>MGP</Mercato>
    <Ora>1</Ora>
    <TOTALE_ACQUISTI>23761,482</TOTALE_ACQUISTI>
    <NAT_ACQUISTI>23861,482000</NAT_ACQUISTI>
    <CNOR_ACQUISTI>2512,386000</CNOR_ACQUISTI>
    <CSUD_ACQUISTI>3875,737000</CSUD_ACQUISTI>
    <NORD_ACQUISTI>12756,264000</NORD_ACQUISTI>
    <SARD_ACQUISTI>839,375000</SARD_ACQUISTI>
    <SICI_ACQUISTI>1552,777000</SICI_ACQUISTI>
    <SUD_ACQUISTI>2051,943000</SUD_ACQUISTI>
    <AUST_ACQUISTI>0,000000</AUST_ACQUISTI>
    <BRNN_ACQUISTI>0,000000</BRNN_ACQUISTI>
    <COAC_ACQUISTI>30,000000</COAC_ACQUISTI>
    <CORS_ACQUISTI>10,000000</CORS_ACQUISTI>
    <FOGN_ACQUISTI>0,000000</FOGN_ACQUISTI>
    <FRAN_ACQUISTI>0,000000</FRAN_ACQUISTI>
    <GREC_ACQUISTI>90,000000</GREC_ACQUISTI>
    <MFTV_ACQUISTI>0,000000</MFTV_ACQUISTI>
    <PRGP_ACQUISTI>0,000000</PRGP_ACQUISTI>
    <ROSN_ACQUISTI>0,000000</ROSN_ACQUISTI>
    <SLOV_ACQUISTI>0,000000</SLOV_ACQUISTI>
    <SVIZ_ACQUISTI>25,000000</SVIZ_ACQUISTI>
    <BSP_ACQUISTI>0,000000</BSP_ACQUISTI>
    <MALT_ACQUISTI>18,000000</MALT_ACQUISTI>
    <XAUS_ACQUISTI>0,000000</XAUS_ACQUISTI>
    <XFRA_ACQUISTI>0,000000</XFRA_ACQUISTI>
    <TOTALE_VENDITE>21664,482</TOTALE_VENDITE>
    <NAT_VENDITE>23861,482000</NAT_VENDITE>
    <CNOR_VENDITE>1728,642000</CNOR_VENDITE>
    <CSUD_VENDITE>1739,074000</CSUD_VENDITE>
    <NORD_VENDITE>11465,008000</NORD_VENDITE>
    <SARD_VENDITE>703,988000</SARD_VENDITE>
    <SICI_VENDITE>676,720000</SICI_VENDITE>
    <SUD_VENDITE>933,633000</SUD_VENDITE>
    <AUST_VENDITE>20,000000</AUST_VENDITE>
    <BRNN_VENDITE>1128,239000</BRNN_VENDITE>
    <COAC_VENDITE>0,000000</COAC_VENDITE>
    <CORS_VENDITE>0,000000</CORS_VENDITE>
    <FOGN_VENDITE>1,262000</FOGN_VENDITE>
    <FRAN_VENDITE>99,000000</FRAN_VENDITE>
    <GREC_VENDITE>511,000000</GREC_VENDITE>
    <MFTV_VENDITE>0,000000</MFTV_VENDITE>
    <PRGP_VENDITE>0,000000</PRGP_VENDITE>
    <ROSN_VENDITE>373,916000</ROSN_VENDITE>
    <SLOV_VENDITE>0,000000</SLOV_VENDITE>
    <SVIZ_VENDITE>2284,000000</SVIZ_VENDITE>
    <BSP_VENDITE>385,000000</BSP_VENDITE>
    <MALT_VENDITE>0,000000</MALT_VENDITE>
    <XAUS_VENDITE>151,000000</XAUS_VENDITE>
    <XFRA_VENDITE>1561,000000</XFRA_VENDITE>
    <TOTITABSP_VENDITE>22049,482</TOTITABSP_VENDITE>
    <TOTITABSP_ACQUISTI>23761,482</TOTITABSP_ACQUISTI>
  </Quantita>
  <Quantita>
    <Data>20180423</Data>
    <Mercato>MGP</Mercato>
    <Ora>2</Ora>
    <TOTALE_ACQUISTI>22739,595</TOTALE_ACQUISTI>
    <NAT_ACQUISTI>22793,066000</NAT_ACQUISTI>
    <CNOR_ACQUISTI>2374,720000</CNOR_ACQUISTI>
    <CSUD_ACQUISTI>3574,773000</CSUD_ACQUISTI>
    <NORD_ACQUISTI>12195,010000</NORD_ACQUISTI>
    <SARD_ACQUISTI>797,068000</SARD_ACQUISTI>
    <SICI_ACQUISTI>1443,626000</SICI_ACQUISTI>
    <SUD_ACQUISTI>1917,398000</SUD_ACQUISTI>
    <AUST_ACQUISTI>0,000000</AUST_ACQUISTI>
    <BRNN_ACQUISTI>0,000000</BRNN_ACQUISTI>
    <COAC_ACQUISTI>30,000000</COAC_ACQUISTI>
    <CORS_ACQUISTI>10,000000</CORS_ACQUISTI>
    <FOGN_ACQUISTI>0,000000</FOGN_ACQUISTI>
    <FRAN_ACQUISTI>0,000000</FRAN_ACQUISTI>
    <GREC_ACQUISTI>341,000000</GREC_ACQUISTI>
    <MFTV_ACQUISTI>0,000000</MFTV_ACQUISTI>
    <PRGP_ACQUISTI>0,000000</PRGP_ACQUISTI>
    <ROSN_ACQUISTI>0,000000</ROSN_ACQUISTI>
    <SLOV_ACQUISTI>0,000000</SLOV_ACQUISTI>
    <SVIZ_ACQUISTI>25,000000</SVIZ_ACQUISTI>
    <BSP_ACQUISTI>0,000000</BSP_ACQUISTI>
    <MALT_ACQUISTI>31,000000</MALT_ACQUISTI>
    <XAUS_ACQUISTI>0,000000</XAUS_ACQUISTI>
    <XFRA_ACQUISTI>0,000000</XFRA_ACQUISTI>
    <TOTALE_VENDITE>20397,595</TOTALE_VENDITE>
    <NAT_VENDITE>22793,066000</NAT_VENDITE>
    <CNOR_VENDITE>1534,458000</CNOR_VENDITE>
    <CSUD_VENDITE>1703,192000</CSUD_VENDITE>
    <NORD_VENDITE>10510,272000</NORD_VENDITE>
    <SARD_VENDITE>706,379000</SARD_VENDITE>
    <SICI_VENDITE>611,133000</SICI_VENDITE>
    <SUD_VENDITE>925,942000</SUD_VENDITE>
    <AUST_VENDITE>20,000000</AUST_VENDITE>
    <BRNN_VENDITE>1195,916000</BRNN_VENDITE>
    <COAC_VENDITE>0,000000</COAC_VENDITE>
    <CORS_VENDITE>0,000000</CORS_VENDITE>
    <FOGN_VENDITE>41,820000</FOGN_VENDITE>
    <FRAN_VENDITE>99,000000</FRAN_VENDITE>
    <GREC_VENDITE>527,000000</GREC_VENDITE>
    <MFTV_VENDITE>0,000000</MFTV_VENDITE>
    <PRGP_VENDITE>0,000000</PRGP_VENDITE>
    <ROSN_VENDITE>33,483000</ROSN_VENDITE>
    <SLOV_VENDITE>0,000000</SLOV_VENDITE>
    <SVIZ_VENDITE>2489,000000</SVIZ_VENDITE>
    <BSP_VENDITE>428,000000</BSP_VENDITE>
    <MALT_VENDITE>0,000000</MALT_VENDITE>
    <XAUS_VENDITE>166,000000</XAUS_VENDITE>
    <XFRA_VENDITE>1748,000000</XFRA_VENDITE>
    <TOTITABSP_VENDITE>20825,595</TOTITABSP_VENDITE>
    <TOTITABSP_ACQUISTI>22739,595</TOTITABSP_ACQUISTI>
  </Quantita>
  <Quantita>
    <Data>20180423</Data>
    <Mercato>MGP</Mercato>
    <Ora>3</Ora>
    <TOTALE_ACQUISTI>22172,245</TOTALE_ACQUISTI>
    <NAT_ACQUISTI>22229,894000</NAT_ACQUISTI>
    <CNOR_ACQUISTI>2299,856000</CNOR_ACQUISTI>
    <CSUD_ACQUISTI>3423,269000</CSUD_ACQUISTI>
    <NORD_ACQUISTI>12003,039000</NORD_ACQUISTI>
    <SARD_ACQUISTI>777,506000</SARD_ACQUISTI>
    <SICI_ACQUISTI>1379,883000</SICI_ACQUISTI>
    <SUD_ACQUISTI>1855,692000</SUD_ACQUISTI>
    <AUST_ACQUISTI>0,000000</AUST_ACQUISTI>
    <BRNN_ACQUISTI>0,000000</BRNN_ACQUISTI>
    <COAC_ACQUISTI>25,000000</COAC_ACQUISTI>
    <CORS_ACQUISTI>10,000000</CORS_ACQUISTI>
    <FOGN_ACQUISTI>0,000000</FOGN_ACQUISTI>
    <FRAN_ACQUISTI>0,000000</FRAN_ACQUISTI>
    <GREC_ACQUISTI>342,000000</GREC_ACQUISTI>
    <MFTV_ACQUISTI>0,000000</MFTV_ACQUISTI>
    <PRGP_ACQUISTI>0,000000</PRGP_ACQUISTI>
    <ROSN_ACQUISTI>0,000000</ROSN_ACQUISTI>
    <SLOV_ACQUISTI>0,000000</SLOV_ACQUISTI>
    <SVIZ_ACQUISTI>25,000000</SVIZ_ACQUISTI>
    <BSP_ACQUISTI>0,000000</BSP_ACQUISTI>
    <MALT_ACQUISTI>31,000000</MALT_ACQUISTI>
    <XAUS_ACQUISTI>0,000000</XAUS_ACQUISTI>
    <XFRA_ACQUISTI>0,000000</XFRA_ACQUISTI>
    <TOTALE_VENDITE>19830,245</TOTALE_VENDITE>
    <NAT_VENDITE>22229,894000</NAT_VENDITE>
    <CNOR_VENDITE>1533,344000</CNOR_VENDITE>
    <CSUD_VENDITE>1495,436000</CSUD_VENDITE>
    <NORD_VENDITE>10244,551000</NORD_VENDITE>
    <SARD_VENDITE>708,332000</SARD_VENDITE>
    <SICI_VENDITE>609,783000</SICI_VENDITE>
    <SUD_VENDITE>954,459000</SUD_VENDITE>
    <AUST_VENDITE>20,000000</AUST_VENDITE>
    <BRNN_VENDITE>1078,307000</BRNN_VENDITE>
    <COAC_VENDITE>0,000000</COAC_VENDITE>
    <CORS_VENDITE>0,000000</CORS_VENDITE>
    <FOGN_VENDITE>42,206000</FOGN_VENDITE>
    <FRAN_VENDITE>99,000000</FRAN_VENDITE>
    <GREC_VENDITE>524,000000</GREC_VENDITE>
    <MFTV_VENDITE>0,000000</MFTV_VENDITE>
    <PRGP_VENDITE>0,000000</PRGP_VENDITE>
    <ROSN_VENDITE>31,827000</ROSN_VENDITE>
    <SLOV_VENDITE>0,000000</SLOV_VENDITE>
    <SVIZ_VENDITE>2489,000000</SVIZ_VENDITE>
    <BSP_VENDITE>428,000000</BSP_VENDITE>
    <MALT_VENDITE>0,000000</MALT_VENDITE>
    <XAUS_VENDITE>166,000000</XAUS_VENDITE>
    <XFRA_VENDITE>1748,000000</XFRA_VENDITE>
    <TOTITABSP_VENDITE>20258,245</TOTITABSP_VENDITE>
    <TOTITABSP_ACQUISTI>22172,245</TOTITABSP_ACQUISTI>
  </Quantita>
  <Quantita>
    <Data>20180423</Data>
    <Mercato>MGP</Mercato>
    <Ora>4</Ora>
    <TOTALE_ACQUISTI>22103,218</TOTALE_ACQUISTI>
    <NAT_ACQUISTI>22190,822000</NAT_ACQUISTI>
    <CNOR_ACQUISTI>2289,860000</CNOR_ACQUISTI>
    <CSUD_ACQUISTI>3379,023000</CSUD_ACQUISTI>
    <NORD_ACQUISTI>12033,642000</NORD_ACQUISTI>
    <SARD_ACQUISTI>775,783000</SARD_ACQUISTI>
    <SICI_ACQUISTI>1363,026000</SICI_ACQUISTI>
    <SUD_ACQUISTI>1834,884000</SUD_ACQUISTI>
    <AUST_ACQUISTI>0,000000</AUST_ACQUISTI>
    <BRNN_ACQUISTI>0,000000</BRNN_ACQUISTI>
    <COAC_ACQUISTI>25,000000</COAC_ACQUISTI>
    <CORS_ACQUISTI>5,000000</CORS_ACQUISTI>
    <FOGN_ACQUISTI>0,000000</FOGN_ACQUISTI>
    <FRAN_ACQUISTI>0,000000</FRAN_ACQUISTI>
    <GREC_ACQUISTI>341,000000</GREC_ACQUISTI>
    <MFTV_ACQUISTI>0,000000</MFTV_ACQUISTI>
    <PRGP_ACQUISTI>0,000000</PRGP_ACQUISTI>
    <ROSN_ACQUISTI>0,000000</ROSN_ACQUISTI>
    <SLOV_ACQUISTI>0,000000</SLOV_ACQUISTI>
    <SVIZ_ACQUISTI>25,000000</SVIZ_ACQUISTI>
    <BSP_ACQUISTI>0,000000</BSP_ACQUISTI>
    <MALT_ACQUISTI>31,000000</MALT_ACQUISTI>
    <XAUS_ACQUISTI>0,000000</XAUS_ACQUISTI>
    <XFRA_ACQUISTI>0,000000</XFRA_ACQUISTI>
    <TOTALE_VENDITE>19735,218</TOTALE_VENDITE>
    <NAT_VENDITE>22190,822000</NAT_VENDITE>
    <CNOR_VENDITE>1586,047000</CNOR_VENDITE>
    <CSUD_VENDITE>1403,583000</CSUD_VENDITE>
    <NORD_VENDITE>10163,455000</NORD_VENDITE>
    <SARD_VENDITE>708,110000</SARD_VENDITE>
    <SICI_VENDITE>634,166000</SICI_VENDITE>
    <SUD_VENDITE>940,753000</SUD_VENDITE>
    <AUST_VENDITE>20,000000</AUST_VENDITE>
    <BRNN_VENDITE>1023,725000</BRNN_VENDITE>
    <COAC_VENDITE>0,000000</COAC_VENDITE>
    <CORS_VENDITE>0,000000</CORS_VENDITE>
    <FOGN_VENDITE>82,147000</FOGN_VENDITE>
    <FRAN_VENDITE>99,000000</FRAN_VENDITE>
    <GREC_VENDITE>532,000000</GREC_VENDITE>
    <MFTV_VENDITE>0,000000</MFTV_VENDITE>
    <PRGP_VENDITE>0,000000</PRGP_VENDITE>
    <ROSN_VENDITE>30,232000</ROSN_VENDITE>
    <SLOV_VENDITE>0,000000</SLOV_VENDITE>
    <SVIZ_VENDITE>2512,000000</SVIZ_VENDITE>
    <BSP_VENDITE>433,000000</BSP_VENDITE>
    <MALT_VENDITE>0,000000</MALT_VENDITE>
    <XAUS_VENDITE>167,000000</XAUS_VENDITE>
    <XFRA_VENDITE>1768,000000</XFRA_VENDITE>
    <TOTITABSP_VENDITE>20168,218</TOTITABSP_VENDITE>
    <TOTITABSP_ACQUISTI>22103,218</TOTITABSP_ACQUISTI>
  </Quantita>
  <Quantita>
    <Data>20180423</Data>
    <Mercato>MGP</Mercato>
    <Ora>5</Ora>
    <TOTALE_ACQUISTI>22450,772</TOTALE_ACQUISTI>
    <NAT_ACQUISTI>22514,287000</NAT_ACQUISTI>
    <CNOR_ACQUISTI>2328,615000</CNOR_ACQUISTI>
    <CSUD_ACQUISTI>3398,088000</CSUD_ACQUISTI>
    <NORD_ACQUISTI>12308,528000</NORD_ACQUISTI>
    <SARD_ACQUISTI>780,052000</SARD_ACQUISTI>
    <SICI_ACQUISTI>1372,026000</SICI_ACQUISTI>
    <SUD_ACQUISTI>1823,463000</SUD_ACQUISTI>
    <AUST_ACQUISTI>0,000000</AUST_ACQUISTI>
    <BRNN_ACQUISTI>0,000000</BRNN_ACQUISTI>
    <COAC_ACQUISTI>20,000000</COAC_ACQUISTI>
    <CORS_ACQUISTI>5,000000</CORS_ACQUISTI>
    <FOGN_ACQUISTI>0,000000</FOGN_ACQUISTI>
    <FRAN_ACQUISTI>0,000000</FRAN_ACQUISTI>
    <GREC_ACQUISTI>351,000000</GREC_ACQUISTI>
    <MFTV_ACQUISTI>0,000000</MFTV_ACQUISTI>
    <PRGP_ACQUISTI>0,000000</PRGP_ACQUISTI>
    <ROSN_ACQUISTI>0,000000</ROSN_ACQUISTI>
    <SLOV_ACQUISTI>0,000000</SLOV_ACQUISTI>
    <SVIZ_ACQUISTI>25,000000</SVIZ_ACQUISTI>
    <BSP_ACQUISTI>0,000000</BSP_ACQUISTI>
    <MALT_ACQUISTI>39,000000</MALT_ACQUISTI>
    <XAUS_ACQUISTI>0,000000</XAUS_ACQUISTI>
    <XFRA_ACQUISTI>0,000000</XFRA_ACQUISTI>
    <TOTALE_VENDITE>20082,772</TOTALE_VENDITE>
    <NAT_VENDITE>22514,287000</NAT_VENDITE>
    <CNOR_VENDITE>1533,841000</CNOR_VENDITE>
    <CSUD_VENDITE>1405,874000</CSUD_VENDITE>
    <NORD_VENDITE>10528,302000</NORD_VENDITE>
    <SARD_VENDITE>708,611000</SARD_VENDITE>
    <SICI_VENDITE>640,704000</SICI_VENDITE>
    <SUD_VENDITE>925,626000</SUD_VENDITE>
    <AUST_VENDITE>20,000000</AUST_VENDITE>
    <BRNN_VENDITE>1024,743000</BRNN_VENDITE>
    <COAC_VENDITE>0,000000</COAC_VENDITE>
    <CORS_VENDITE>0,000000</CORS_VENDITE>
    <FOGN_VENDITE>152,114000</FOGN_VENDITE>
    <FRAN_VENDITE>99,000000</FRAN_VENDITE>
    <GREC_VENDITE>501,000000</GREC_VENDITE>
    <MFTV_VENDITE>0,000000</MFTV_VENDITE>
    <PRGP_VENDITE>0,000000</PRGP_VENDITE>
    <ROSN_VENDITE>29,957000</ROSN_VENDITE>
    <SLOV_VENDITE>0,000000</SLOV_VENDITE>
    <SVIZ_VENDITE>2513,000000</SVIZ_VENDITE>
    <BSP_VENDITE>433,000000</BSP_VENDITE>
    <MALT_VENDITE>0,000000</MALT_VENDITE>
    <XAUS_VENDITE>167,000000</XAUS_VENDITE>
    <XFRA_VENDITE>1768,000000</XFRA_VENDITE>
    <TOTITABSP_VENDITE>20515,772</TOTITABSP_VENDITE>
    <TOTITABSP_ACQUISTI>22450,772</TOTITABSP_ACQUISTI>
  </Quantita>
  <Quantita>
    <Data>20180423</Data>
    <Mercato>MGP</Mercato>
    <Ora>6</Ora>
    <TOTALE_ACQUISTI>24025,545</TOTALE_ACQUISTI>
    <NAT_ACQUISTI>24155,033000</NAT_ACQUISTI>
    <CNOR_ACQUISTI>2538,289000</CNOR_ACQUISTI>
    <CSUD_ACQUISTI>3606,837000</CSUD_ACQUISTI>
    <NORD_ACQUISTI>13486,711000</NORD_ACQUISTI>
    <SARD_ACQUISTI>800,137000</SARD_ACQUISTI>
    <SICI_ACQUISTI>1448,017000</SICI_ACQUISTI>
    <SUD_ACQUISTI>1880,554000</SUD_ACQUISTI>
    <AUST_ACQUISTI>0,000000</AUST_ACQUISTI>
    <BRNN_ACQUISTI>0,000000</BRNN_ACQUISTI>
    <COAC_ACQUISTI>20,000000</COAC_ACQUISTI>
    <CORS_ACQUISTI>9,000000</CORS_ACQUISTI>
    <FOGN_ACQUISTI>0,000000</FOGN_ACQUISTI>
    <FRAN_ACQUISTI>0,000000</FRAN_ACQUISTI>
    <GREC_ACQUISTI>147,000000</GREC_ACQUISTI>
    <MFTV_ACQUISTI>0,000000</MFTV_ACQUISTI>
    <PRGP_ACQUISTI>0,000000</PRGP_ACQUISTI>
    <ROSN_ACQUISTI>0,000000</ROSN_ACQUISTI>
    <SLOV_ACQUISTI>0,000000</SLOV_ACQUISTI>
    <SVIZ_ACQUISTI>25,000000</SVIZ_ACQUISTI>
    <BSP_ACQUISTI>0,000000</BSP_ACQUISTI>
    <MALT_ACQUISTI>64,000000</MALT_ACQUISTI>
    <XAUS_ACQUISTI>0,000000</XAUS_ACQUISTI>
    <XFRA_ACQUISTI>0,000000</XFRA_ACQUISTI>
    <TOTALE_VENDITE>20933,545</TOTALE_VENDITE>
    <NAT_VENDITE>24155,033000</NAT_VENDITE>
    <CNOR_VENDITE>1536,172000</CNOR_VENDITE>
    <CSUD_VENDITE>1494,155000</CSUD_VENDITE>
    <NORD_VENDITE>10413,828000</NORD_VENDITE>
    <SARD_VENDITE>713,618000</SARD_VENDITE>
    <SICI_VENDITE>677,273000</SICI_VENDITE>
    <SUD_VENDITE>963,629000</SUD_VENDITE>
    <AUST_VENDITE>20,000000</AUST_VENDITE>
    <BRNN_VENDITE>1141,060000</BRNN_VENDITE>
    <COAC_VENDITE>0,000000</COAC_VENDITE>
    <CORS_VENDITE>0,000000</CORS_VENDITE>
    <FOGN_VENDITE>152,107000</FOGN_VENDITE>
    <FRAN_VENDITE>99,000000</FRAN_VENDITE>
    <GREC_VENDITE>402,000000</GREC_VENDITE>
    <MFTV_VENDITE>0,000000</MFTV_VENDITE>
    <PRGP_VENDITE>0,000000</PRGP_VENDITE>
    <ROSN_VENDITE>31,703000</ROSN_VENDITE>
    <SLOV_VENDITE>0,000000</SLOV_VENDITE>
    <SVIZ_VENDITE>3289,000000</SVIZ_VENDITE>
    <BSP_VENDITE>558,000000</BSP_VENDITE>
    <MALT_VENDITE>0,000000</MALT_VENDITE>
    <XAUS_VENDITE>226,000000</XAUS_VENDITE>
    <XFRA_VENDITE>2308,000000</XFRA_VENDITE>
    <TOTITABSP_VENDITE>21491,545</TOTITABSP_VENDITE>
    <TOTITABSP_ACQUISTI>24025,545</TOTITABSP_ACQUISTI>
  </Quantita>
  <Quantita>
    <Data>20180423</Data>
    <Mercato>MGP</Mercato>
    <Ora>7</Ora>
    <TOTALE_ACQUISTI>27351,171</TOTALE_ACQUISTI>
    <NAT_ACQUISTI>27527,171000</NAT_ACQUISTI>
    <CNOR_ACQUISTI>2857,898000</CNOR_ACQUISTI>
    <CSUD_ACQUISTI>4004,465000</CSUD_ACQUISTI>
    <NORD_ACQUISTI>15937,908000</NORD_ACQUISTI>
    <SARD_ACQUISTI>865,542000</SARD_ACQUISTI>
    <SICI_ACQUISTI>1511,080000</SICI_ACQUISTI>
    <SUD_ACQUISTI>1960,278000</SUD_ACQUISTI>
    <AUST_ACQUISTI>0,000000</AUST_ACQUISTI>
    <BRNN_ACQUISTI>0,000000</BRNN_ACQUISTI>
    <COAC_ACQUISTI>5,000000</COAC_ACQUISTI>
    <CORS_ACQUISTI>18,000000</CORS_ACQUISTI>
    <FOGN_ACQUISTI>0,000000</FOGN_ACQUISTI>
    <FRAN_ACQUISTI>0,000000</FRAN_ACQUISTI>
    <GREC_ACQUISTI>112,000000</GREC_ACQUISTI>
    <MFTV_ACQUISTI>0,000000</MFTV_ACQUISTI>
    <PRGP_ACQUISTI>0,000000</PRGP_ACQUISTI>
    <ROSN_ACQUISTI>0,000000</ROSN_ACQUISTI>
    <SLOV_ACQUISTI>0,000000</SLOV_ACQUISTI>
    <SVIZ_ACQUISTI>0,000000</SVIZ_ACQUISTI>
    <BSP_ACQUISTI>0,000000</BSP_ACQUISTI>
    <MALT_ACQUISTI>79,000000</MALT_ACQUISTI>
    <XAUS_ACQUISTI>0,000000</XAUS_ACQUISTI>
    <XFRA_ACQUISTI>0,000000</XFRA_ACQUISTI>
    <TOTALE_VENDITE>23570,099</TOTALE_VENDITE>
    <NAT_VENDITE>27527,171000</NAT_VENDITE>
    <CNOR_VENDITE>1727,122000</CNOR_VENDITE>
    <CSUD_VENDITE>1527,805000</CSUD_VENDITE>
    <NORD_VENDITE>11745,612000</NORD_VENDITE>
    <SARD_VENDITE>720,821000</SARD_VENDITE>
    <SICI_VENDITE>739,242000</SICI_VENDITE>
    <SUD_VENDITE>972,581000</SUD_VENDITE>
    <AUST_VENDITE>20,000000</AUST_VENDITE>
    <BRNN_VENDITE>1172,665000</BRNN_VENDITE>
    <COAC_VENDITE>0,000000</COAC_VENDITE>
    <CORS_VENDITE>0,000000</CORS_VENDITE>
    <FOGN_VENDITE>353,650000</FOGN_VENDITE>
    <FRAN_VENDITE>99,000000</FRAN_VENDITE>
    <GREC_VENDITE>281,000000</GREC_VENDITE>
    <MFTV_VENDITE>0,000000</MFTV_VENDITE>
    <PRGP_VENDITE>352,894000</PRGP_VENDITE>
    <ROSN_VENDITE>34,707000</ROSN_VENDITE>
    <SLOV_VENDITE>0,000000</SLOV_VENDITE>
    <SVIZ_VENDITE>3823,000000</SVIZ_VENDITE>
    <BSP_VENDITE>638,000000</BSP_VENDITE>
    <MALT_VENDITE>0,000000</MALT_VENDITE>
    <XAUS_VENDITE>271,000000</XAUS_VENDITE>
    <XFRA_VENDITE>2872,072000</XFRA_VENDITE>
    <TOTITABSP_VENDITE>24208,099</TOTITABSP_VENDITE>
    <TOTITABSP_ACQUISTI>27351,171</TOTITABSP_ACQUISTI>
  </Quantita>
  <Quantita>
    <Data>20180423</Data>
    <Mercato>MGP</Mercato>
    <Ora>8</Ora>
    <TOTALE_ACQUISTI>32203,535</TOTALE_ACQUISTI>
    <NAT_ACQUISTI>32420,931000</NAT_ACQUISTI>
    <CNOR_ACQUISTI>3484,002000</CNOR_ACQUISTI>
    <CSUD_ACQUISTI>4736,600000</CSUD_ACQUISTI>
    <NORD_ACQUISTI>18838,607000</NORD_ACQUISTI>
    <SARD_ACQUISTI>986,344000</SARD_ACQUISTI>
    <SICI_ACQUISTI>1791,648000</SICI_ACQUISTI>
    <SUD_ACQUISTI>2333,334000</SUD_ACQUISTI>
    <AUST_ACQUISTI>0,000000</AUST_ACQUISTI>
    <BRNN_ACQUISTI>0,000000</BRNN_ACQUISTI>
    <COAC_ACQUISTI>0,000000</COAC_ACQUISTI>
    <CORS_ACQUISTI>11,000000</CORS_ACQUISTI>
    <FOGN_ACQUISTI>0,000000</FOGN_ACQUISTI>
    <FRAN_ACQUISTI>0,000000</FRAN_ACQUISTI>
    <GREC_ACQUISTI>10,000000</GREC_ACQUISTI>
    <MFTV_ACQUISTI>0,000000</MFTV_ACQUISTI>
    <PRGP_ACQUISTI>0,000000</PRGP_ACQUISTI>
    <ROSN_ACQUISTI>0,000000</ROSN_ACQUISTI>
    <SLOV_ACQUISTI>0,000000</SLOV_ACQUISTI>
    <SVIZ_ACQUISTI>0,000000</SVIZ_ACQUISTI>
    <BSP_ACQUISTI>0,000000</BSP_ACQUISTI>
    <MALT_ACQUISTI>12,000000</MALT_ACQUISTI>
    <XAUS_ACQUISTI>0,000000</XAUS_ACQUISTI>
    <XFRA_ACQUISTI>0,000000</XFRA_ACQUISTI>
    <TOTALE_VENDITE>28095,535</TOTALE_VENDITE>
    <NAT_VENDITE>32420,931000</NAT_VENDITE>
    <CNOR_VENDITE>2184,002000</CNOR_VENDITE>
    <CSUD_VENDITE>1692,816000</CSUD_VENDITE>
    <NORD_VENDITE>14140,607000</NORD_VENDITE>
    <SARD_VENDITE>744,663000</SARD_VENDITE>
    <SICI_VENDITE>845,466000</SICI_VENDITE>
    <SUD_VENDITE>1254,919000</SUD_VENDITE>
    <AUST_VENDITE>20,000000</AUST_VENDITE>
    <BRNN_VENDITE>2175,163000</BRNN_VENDITE>
    <COAC_VENDITE>0,000000</COAC_VENDITE>
    <CORS_VENDITE>0,000000</CORS_VENDITE>
    <FOGN_VENDITE>401,107000</FOGN_VENDITE>
    <FRAN_VENDITE>99,000000</FRAN_VENDITE>
    <GREC_VENDITE>210,000000</GREC_VENDITE>
    <MFTV_VENDITE>0,000000</MFTV_VENDITE>
    <PRGP_VENDITE>116,783000</PRGP_VENDITE>
    <ROSN_VENDITE>40,009000</ROSN_VENDITE>
    <SLOV_VENDITE>0,000000</SLOV_VENDITE>
    <SVIZ_VENDITE>4171,000000</SVIZ_VENDITE>
    <BSP_VENDITE>736,000000</BSP_VENDITE>
    <MALT_VENDITE>0,000000</MALT_VENDITE>
    <XAUS_VENDITE>295,000000</XAUS_VENDITE>
    <XFRA_VENDITE>3077,000000</XFRA_VENDITE>
    <TOTITABSP_VENDITE>28831,535</TOTITABSP_VENDITE>
    <TOTITABSP_ACQUISTI>32203,535</TOTITABSP_ACQUISTI>
  </Quantita>
  <Quantita>
    <Data>20180423</Data>
    <Mercato>MGP</Mercato>
    <Ora>9</Ora>
    <TOTALE_ACQUISTI>36871,125</TOTALE_ACQUISTI>
    <NAT_ACQUISTI>36962,125000</NAT_ACQUISTI>
    <CNOR_ACQUISTI>4062,540000</CNOR_ACQUISTI>
    <CSUD_ACQUISTI>5372,801000</CSUD_ACQUISTI>
    <NORD_ACQUISTI>21676,613000</NORD_ACQUISTI>
    <SARD_ACQUISTI>1081,750000</SARD_ACQUISTI>
    <SICI_ACQUISTI>1997,850000</SICI_ACQUISTI>
    <SUD_ACQUISTI>2655,571000</SUD_ACQUISTI>
    <AUST_ACQUISTI>0,000000</AUST_ACQUISTI>
    <BRNN_ACQUISTI>0,000000</BRNN_ACQUISTI>
    <COAC_ACQUISTI>0,000000</COAC_ACQUISTI>
    <CORS_ACQUISTI>11,000000</CORS_ACQUISTI>
    <FOGN_ACQUISTI>0,000000</FOGN_ACQUISTI>
    <FRAN_ACQUISTI>0,000000</FRAN_ACQUISTI>
    <GREC_ACQUISTI>0,000000</GREC_ACQUISTI>
    <MFTV_ACQUISTI>0,000000</MFTV_ACQUISTI>
    <PRGP_ACQUISTI>0,000000</PRGP_ACQUISTI>
    <ROSN_ACQUISTI>0,000000</ROSN_ACQUISTI>
    <SLOV_ACQUISTI>0,000000</SLOV_ACQUISTI>
    <SVIZ_ACQUISTI>0,000000</SVIZ_ACQUISTI>
    <BSP_ACQUISTI>0,000000</BSP_ACQUISTI>
    <MALT_ACQUISTI>13,000000</MALT_ACQUISTI>
    <XAUS_ACQUISTI>0,000000</XAUS_ACQUISTI>
    <XFRA_ACQUISTI>0,000000</XFRA_ACQUISTI>
    <TOTALE_VENDITE>32763,125</TOTALE_VENDITE>
    <NAT_VENDITE>36962,125000</NAT_VENDITE>
    <CNOR_VENDITE>2725,831000</CNOR_VENDITE>
    <CSUD_VENDITE>2525,033000</CSUD_VENDITE>
    <NORD_VENDITE>17015,322000</NORD_VENDITE>
    <SARD_VENDITE>847,692000</SARD_VENDITE>
    <SICI_VENDITE>1120,723000</SICI_VENDITE>
    <SUD_VENDITE>1970,038000</SUD_VENDITE>
    <AUST_VENDITE>20,000000</AUST_VENDITE>
    <BRNN_VENDITE>1199,303000</BRNN_VENDITE>
    <COAC_VENDITE>0,000000</COAC_VENDITE>
    <CORS_VENDITE>0,000000</CORS_VENDITE>
    <FOGN_VENDITE>564,497000</FOGN_VENDITE>
    <FRAN_VENDITE>99,000000</FRAN_VENDITE>
    <GREC_VENDITE>343,000000</GREC_VENDITE>
    <MFTV_VENDITE>0,000000</MFTV_VENDITE>
    <PRGP_VENDITE>119,096000</PRGP_VENDITE>
    <ROSN_VENDITE>42,590000</ROSN_VENDITE>
    <SLOV_VENDITE>0,000000</SLOV_VENDITE>
    <SVIZ_VENDITE>4171,000000</SVIZ_VENDITE>
    <BSP_VENDITE>736,000000</BSP_VENDITE>
    <MALT_VENDITE>0,000000</MALT_VENDITE>
    <XAUS_VENDITE>295,000000</XAUS_VENDITE>
    <XFRA_VENDITE>3077,000000</XFRA_VENDITE>
    <TOTITABSP_VENDITE>33499,125</TOTITABSP_VENDITE>
    <TOTITABSP_ACQUISTI>36871,125</TOTITABSP_ACQUISTI>
  </Quantita>
  <Quantita>
    <Data>20180423</Data>
    <Mercato>MGP</Mercato>
    <Ora>10</Ora>
    <TOTALE_ACQUISTI>37891,728</TOTALE_ACQUISTI>
    <NAT_ACQUISTI>37917,728000</NAT_ACQUISTI>
    <CNOR_ACQUISTI>4181,251000</CNOR_ACQUISTI>
    <CSUD_ACQUISTI>5651,137000</CSUD_ACQUISTI>
    <NORD_ACQUISTI>22167,603000</NORD_ACQUISTI>
    <SARD_ACQUISTI>1069,524000</SARD_ACQUISTI>
    <SICI_ACQUISTI>2040,065000</SICI_ACQUISTI>
    <SUD_ACQUISTI>2686,148000</SUD_ACQUISTI>
    <AUST_ACQUISTI>0,000000</AUST_ACQUISTI>
    <BRNN_ACQUISTI>0,000000</BRNN_ACQUISTI>
    <COAC_ACQUISTI>0,000000</COAC_ACQUISTI>
    <CORS_ACQUISTI>11,000000</CORS_ACQUISTI>
    <FOGN_ACQUISTI>0,000000</FOGN_ACQUISTI>
    <FRAN_ACQUISTI>0,000000</FRAN_ACQUISTI>
    <GREC_ACQUISTI>0,000000</GREC_ACQUISTI>
    <MFTV_ACQUISTI>0,000000</MFTV_ACQUISTI>
    <PRGP_ACQUISTI>0,000000</PRGP_ACQUISTI>
    <ROSN_ACQUISTI>0,000000</ROSN_ACQUISTI>
    <SLOV_ACQUISTI>0,000000</SLOV_ACQUISTI>
    <SVIZ_ACQUISTI>0,000000</SVIZ_ACQUISTI>
    <BSP_ACQUISTI>0,000000</BSP_ACQUISTI>
    <MALT_ACQUISTI>85,000000</MALT_ACQUISTI>
    <XAUS_ACQUISTI>0,000000</XAUS_ACQUISTI>
    <XFRA_ACQUISTI>0,000000</XFRA_ACQUISTI>
    <TOTALE_VENDITE>33920,728</TOTALE_VENDITE>
    <NAT_VENDITE>37917,728000</NAT_VENDITE>
    <CNOR_VENDITE>3063,246000</CNOR_VENDITE>
    <CSUD_VENDITE>2858,565000</CSUD_VENDITE>
    <NORD_VENDITE>17553,608000</NORD_VENDITE>
    <SARD_VENDITE>933,778000</SARD_VENDITE>
    <SICI_VENDITE>1207,315000</SICI_VENDITE>
    <SUD_VENDITE>2409,064000</SUD_VENDITE>
    <AUST_VENDITE>20,000000</AUST_VENDITE>
    <BRNN_VENDITE>957,765000</BRNN_VENDITE>
    <COAC_VENDITE>0,000000</COAC_VENDITE>
    <CORS_VENDITE>0,000000</CORS_VENDITE>
    <FOGN_VENDITE>517,105000</FOGN_VENDITE>
    <FRAN_VENDITE>99,000000</FRAN_VENDITE>
    <GREC_VENDITE>200,000000</GREC_VENDITE>
    <MFTV_VENDITE>0,000000</MFTV_VENDITE>
    <PRGP_VENDITE>6,465000</PRGP_VENDITE>
    <ROSN_VENDITE>52,817000</ROSN_VENDITE>
    <SLOV_VENDITE>0,000000</SLOV_VENDITE>
    <SVIZ_VENDITE>4042,000000</SVIZ_VENDITE>
    <BSP_VENDITE>711,000000</BSP_VENDITE>
    <MALT_VENDITE>0,000000</MALT_VENDITE>
    <XAUS_VENDITE>289,000000</XAUS_VENDITE>
    <XFRA_VENDITE>2971,000000</XFRA_VENDITE>
    <TOTITABSP_VENDITE>34631,728</TOTITABSP_VENDITE>
    <TOTITABSP_ACQUISTI>37891,728</TOTITABSP_ACQUISTI>
  </Quantita>
  <Quantita>
    <Data>20180423</Data>
    <Mercato>MGP</Mercato>
    <Ora>11</Ora>
    <TOTALE_ACQUISTI>37991,132</TOTALE_ACQUISTI>
    <NAT_ACQUISTI>37991,132000</NAT_ACQUISTI>
    <CNOR_ACQUISTI>4105,834000</CNOR_ACQUISTI>
    <CSUD_ACQUISTI>5621,867000</CSUD_ACQUISTI>
    <NORD_ACQUISTI>21985,799000</NORD_ACQUISTI>
    <SARD_ACQUISTI>1029,416000</SARD_ACQUISTI>
    <SICI_ACQUISTI>1977,624000</SICI_ACQUISTI>
    <SUD_ACQUISTI>2616,592000</SUD_ACQUISTI>
    <AUST_ACQUISTI>0,000000</AUST_ACQUISTI>
    <BRNN_ACQUISTI>0,000000</BRNN_ACQUISTI>
    <COAC_ACQUISTI>0,000000</COAC_ACQUISTI>
    <CORS_ACQUISTI>11,000000</CORS_ACQUISTI>
    <FOGN_ACQUISTI>0,000000</FOGN_ACQUISTI>
    <FRAN_ACQUISTI>0,000000</FRAN_ACQUISTI>
    <GREC_ACQUISTI>545,000000</GREC_ACQUISTI>
    <MFTV_ACQUISTI>0,000000</MFTV_ACQUISTI>
    <PRGP_ACQUISTI>0,000000</PRGP_ACQUISTI>
    <ROSN_ACQUISTI>0,000000</ROSN_ACQUISTI>
    <SLOV_ACQUISTI>0,000000</SLOV_ACQUISTI>
    <SVIZ_ACQUISTI>0,000000</SVIZ_ACQUISTI>
    <BSP_ACQUISTI>0,000000</BSP_ACQUISTI>
    <MALT_ACQUISTI>98,000000</MALT_ACQUISTI>
    <XAUS_ACQUISTI>0,000000</XAUS_ACQUISTI>
    <XFRA_ACQUISTI>0,000000</XFRA_ACQUISTI>
    <TOTALE_VENDITE>34020,132</TOTALE_VENDITE>
    <NAT_VENDITE>37991,132000</NAT_VENDITE>
    <CNOR_VENDITE>2899,655000</CNOR_VENDITE>
    <CSUD_VENDITE>3080,840000</CSUD_VENDITE>
    <NORD_VENDITE>17346,199000</NORD_VENDITE>
    <SARD_VENDITE>993,465000</SARD_VENDITE>
    <SICI_VENDITE>1269,653000</SICI_VENDITE>
    <SUD_VENDITE>2744,880000</SUD_VENDITE>
    <AUST_VENDITE>20,000000</AUST_VENDITE>
    <BRNN_VENDITE>952,818000</BRNN_VENDITE>
    <COAC_VENDITE>0,000000</COAC_VENDITE>
    <CORS_VENDITE>0,000000</CORS_VENDITE>
    <FOGN_VENDITE>382,518000</FOGN_VENDITE>
    <FRAN_VENDITE>99,000000</FRAN_VENDITE>
    <GREC_VENDITE>119,000000</GREC_VENDITE>
    <MFTV_VENDITE>0,000000</MFTV_VENDITE>
    <PRGP_VENDITE>8,276000</PRGP_VENDITE>
    <ROSN_VENDITE>61,828000</ROSN_VENDITE>
    <SLOV_VENDITE>0,000000</SLOV_VENDITE>
    <SVIZ_VENDITE>4042,000000</SVIZ_VENDITE>
    <BSP_VENDITE>711,000000</BSP_VENDITE>
    <MALT_VENDITE>0,000000</MALT_VENDITE>
    <XAUS_VENDITE>289,000000</XAUS_VENDITE>
    <XFRA_VENDITE>2971,000000</XFRA_VENDITE>
    <TOTITABSP_VENDITE>34731,132</TOTITABSP_VENDITE>
    <TOTITABSP_ACQUISTI>37991,132</TOTITABSP_ACQUISTI>
  </Quantita>
  <Quantita>
    <Data>20180423</Data>
    <Mercato>MGP</Mercato>
    <Ora>12</Ora>
    <TOTALE_ACQUISTI>37394,249</TOTALE_ACQUISTI>
    <NAT_ACQUISTI>37394,249000</NAT_ACQUISTI>
    <CNOR_ACQUISTI>4065,343000</CNOR_ACQUISTI>
    <CSUD_ACQUISTI>5580,578000</CSUD_ACQUISTI>
    <NORD_ACQUISTI>21635,169000</NORD_ACQUISTI>
    <SARD_ACQUISTI>999,691000</SARD_ACQUISTI>
    <SICI_ACQUISTI>1924,274000</SICI_ACQUISTI>
    <SUD_ACQUISTI>2557,194000</SUD_ACQUISTI>
    <AUST_ACQUISTI>0,000000</AUST_ACQUISTI>
    <BRNN_ACQUISTI>0,000000</BRNN_ACQUISTI>
    <COAC_ACQUISTI>0,000000</COAC_ACQUISTI>
    <CORS_ACQUISTI>11,000000</CORS_ACQUISTI>
    <FOGN_ACQUISTI>0,000000</FOGN_ACQUISTI>
    <FRAN_ACQUISTI>0,000000</FRAN_ACQUISTI>
    <GREC_ACQUISTI>543,000000</GREC_ACQUISTI>
    <MFTV_ACQUISTI>0,000000</MFTV_ACQUISTI>
    <PRGP_ACQUISTI>0,000000</PRGP_ACQUISTI>
    <ROSN_ACQUISTI>0,000000</ROSN_ACQUISTI>
    <SLOV_ACQUISTI>0,000000</SLOV_ACQUISTI>
    <SVIZ_ACQUISTI>0,000000</SVIZ_ACQUISTI>
    <BSP_ACQUISTI>0,000000</BSP_ACQUISTI>
    <MALT_ACQUISTI>78,000000</MALT_ACQUISTI>
    <XAUS_ACQUISTI>0,000000</XAUS_ACQUISTI>
    <XFRA_ACQUISTI>0,000000</XFRA_ACQUISTI>
    <TOTALE_VENDITE>33423,249</TOTALE_VENDITE>
    <NAT_VENDITE>37394,249000</NAT_VENDITE>
    <CNOR_VENDITE>3033,272000</CNOR_VENDITE>
    <CSUD_VENDITE>3076,557000</CSUD_VENDITE>
    <NORD_VENDITE>16236,922000</NORD_VENDITE>
    <SARD_VENDITE>1049,408000</SARD_VENDITE>
    <SICI_VENDITE>1319,218000</SICI_VENDITE>
    <SUD_VENDITE>3100,179000</SUD_VENDITE>
    <AUST_VENDITE>20,000000</AUST_VENDITE>
    <BRNN_VENDITE>840,735000</BRNN_VENDITE>
    <COAC_VENDITE>0,000000</COAC_VENDITE>
    <CORS_VENDITE>0,000000</CORS_VENDITE>
    <FOGN_VENDITE>381,739000</FOGN_VENDITE>
    <FRAN_VENDITE>99,000000</FRAN_VENDITE>
    <GREC_VENDITE>145,000000</GREC_VENDITE>
    <MFTV_VENDITE>0,000000</MFTV_VENDITE>
    <PRGP_VENDITE>9,327000</PRGP_VENDITE>
    <ROSN_VENDITE>69,892000</ROSN_VENDITE>
    <SLOV_VENDITE>0,000000</SLOV_VENDITE>
    <SVIZ_VENDITE>4042,000000</SVIZ_VENDITE>
    <BSP_VENDITE>711,000000</BSP_VENDITE>
    <MALT_VENDITE>0,000000</MALT_VENDITE>
    <XAUS_VENDITE>289,000000</XAUS_VENDITE>
    <XFRA_VENDITE>2971,000000</XFRA_VENDITE>
    <TOTITABSP_VENDITE>34134,249</TOTITABSP_VENDITE>
    <TOTITABSP_ACQUISTI>37394,249</TOTITABSP_ACQUISTI>
  </Quantita>
  <Quantita>
    <Data>20180423</Data>
    <Mercato>MGP</Mercato>
    <Ora>13</Ora>
    <TOTALE_ACQUISTI>35716,161</TOTALE_ACQUISTI>
    <NAT_ACQUISTI>35716,161000</NAT_ACQUISTI>
    <CNOR_ACQUISTI>3846,826000</CNOR_ACQUISTI>
    <CSUD_ACQUISTI>5564,682000</CSUD_ACQUISTI>
    <NORD_ACQUISTI>20253,911000</NORD_ACQUISTI>
    <SARD_ACQUISTI>990,290000</SARD_ACQUISTI>
    <SICI_ACQUISTI>1898,505000</SICI_ACQUISTI>
    <SUD_ACQUISTI>2565,947000</SUD_ACQUISTI>
    <AUST_ACQUISTI>0,000000</AUST_ACQUISTI>
    <BRNN_ACQUISTI>0,000000</BRNN_ACQUISTI>
    <COAC_ACQUISTI>0,000000</COAC_ACQUISTI>
    <CORS_ACQUISTI>8,000000</CORS_ACQUISTI>
    <FOGN_ACQUISTI>0,000000</FOGN_ACQUISTI>
    <FRAN_ACQUISTI>0,000000</FRAN_ACQUISTI>
    <GREC_ACQUISTI>528,000000</GREC_ACQUISTI>
    <MFTV_ACQUISTI>0,000000</MFTV_ACQUISTI>
    <PRGP_ACQUISTI>0,000000</PRGP_ACQUISTI>
    <ROSN_ACQUISTI>0,000000</ROSN_ACQUISTI>
    <SLOV_ACQUISTI>0,000000</SLOV_ACQUISTI>
    <SVIZ_ACQUISTI>0,000000</SVIZ_ACQUISTI>
    <BSP_ACQUISTI>0,000000</BSP_ACQUISTI>
    <MALT_ACQUISTI>60,000000</MALT_ACQUISTI>
    <XAUS_ACQUISTI>0,000000</XAUS_ACQUISTI>
    <XFRA_ACQUISTI>0,000000</XFRA_ACQUISTI>
    <TOTALE_VENDITE>31555,161</TOTALE_VENDITE>
    <NAT_VENDITE>35716,161000</NAT_VENDITE>
    <CNOR_VENDITE>2757,490000</CNOR_VENDITE>
    <CSUD_VENDITE>2643,147000</CSUD_VENDITE>
    <NORD_VENDITE>15186,266000</NORD_VENDITE>
    <SARD_VENDITE>1084,162000</SARD_VENDITE>
    <SICI_VENDITE>1335,769000</SICI_VENDITE>
    <SUD_VENDITE>3116,622000</SUD_VENDITE>
    <AUST_VENDITE>20,000000</AUST_VENDITE>
    <BRNN_VENDITE>786,640000</BRNN_VENDITE>
    <COAC_VENDITE>0,000000</COAC_VENDITE>
    <CORS_VENDITE>0,000000</CORS_VENDITE>
    <FOGN_VENDITE>330,768000</FOGN_VENDITE>
    <FRAN_VENDITE>99,000000</FRAN_VENDITE>
    <GREC_VENDITE>70,000000</GREC_VENDITE>
    <MFTV_VENDITE>0,000000</MFTV_VENDITE>
    <PRGP_VENDITE>9,754000</PRGP_VENDITE>
    <ROSN_VENDITE>77,543000</ROSN_VENDITE>
    <SLOV_VENDITE>0,000000</SLOV_VENDITE>
    <SVIZ_VENDITE>4038,000000</SVIZ_VENDITE>
    <BSP_VENDITE>746,000000</BSP_VENDITE>
    <MALT_VENDITE>0,000000</MALT_VENDITE>
    <XAUS_VENDITE>295,000000</XAUS_VENDITE>
    <XFRA_VENDITE>3120,000000</XFRA_VENDITE>
    <TOTITABSP_VENDITE>32301,161</TOTITABSP_VENDITE>
    <TOTITABSP_ACQUISTI>35716,161</TOTITABSP_ACQUISTI>
  </Quantita>
  <Quantita>
    <Data>20180423</Data>
    <Mercato>MGP</Mercato>
    <Ora>14</Ora>
    <TOTALE_ACQUISTI>35373,606</TOTALE_ACQUISTI>
    <NAT_ACQUISTI>35373,606000</NAT_ACQUISTI>
    <CNOR_ACQUISTI>3712,569000</CNOR_ACQUISTI>
    <CSUD_ACQUISTI>5389,049000</CSUD_ACQUISTI>
    <NORD_ACQUISTI>20480,010000</NORD_ACQUISTI>
    <SARD_ACQUISTI>954,773000</SARD_ACQUISTI>
    <SICI_ACQUISTI>1847,862000</SICI_ACQUISTI>
    <SUD_ACQUISTI>2462,343000</SUD_ACQUISTI>
    <AUST_ACQUISTI>0,000000</AUST_ACQUISTI>
    <BRNN_ACQUISTI>0,000000</BRNN_ACQUISTI>
    <COAC_ACQUISTI>0,000000</COAC_ACQUISTI>
    <CORS_ACQUISTI>5,000000</CORS_ACQUISTI>
    <FOGN_ACQUISTI>0,000000</FOGN_ACQUISTI>
    <FRAN_ACQUISTI>0,000000</FRAN_ACQUISTI>
    <GREC_ACQUISTI>478,000000</GREC_ACQUISTI>
    <MFTV_ACQUISTI>0,000000</MFTV_ACQUISTI>
    <PRGP_ACQUISTI>0,000000</PRGP_ACQUISTI>
    <ROSN_ACQUISTI>0,000000</ROSN_ACQUISTI>
    <SLOV_ACQUISTI>0,000000</SLOV_ACQUISTI>
    <SVIZ_ACQUISTI>0,000000</SVIZ_ACQUISTI>
    <BSP_ACQUISTI>0,000000</BSP_ACQUISTI>
    <MALT_ACQUISTI>44,000000</MALT_ACQUISTI>
    <XAUS_ACQUISTI>0,000000</XAUS_ACQUISTI>
    <XFRA_ACQUISTI>0,000000</XFRA_ACQUISTI>
    <TOTALE_VENDITE>31327,884</TOTALE_VENDITE>
    <NAT_VENDITE>35373,606000</NAT_VENDITE>
    <CNOR_VENDITE>2769,895000</CNOR_VENDITE>
    <CSUD_VENDITE>2621,657000</CSUD_VENDITE>
    <NORD_VENDITE>15227,537000</NORD_VENDITE>
    <SARD_VENDITE>1103,051000</SARD_VENDITE>
    <SICI_VENDITE>1362,918000</SICI_VENDITE>
    <SUD_VENDITE>3087,714000</SUD_VENDITE>
    <AUST_VENDITE>20,000000</AUST_VENDITE>
    <BRNN_VENDITE>787,862000</BRNN_VENDITE>
    <COAC_VENDITE>0,000000</COAC_VENDITE>
    <CORS_VENDITE>0,000000</CORS_VENDITE>
    <FOGN_VENDITE>333,376000</FOGN_VENDITE>
    <FRAN_VENDITE>99,000000</FRAN_VENDITE>
    <GREC_VENDITE>88,000000</GREC_VENDITE>
    <MFTV_VENDITE>0,000000</MFTV_VENDITE>
    <PRGP_VENDITE>9,550000</PRGP_VENDITE>
    <ROSN_VENDITE>87,324000</ROSN_VENDITE>
    <SLOV_VENDITE>0,000000</SLOV_VENDITE>
    <SVIZ_VENDITE>3730,000000</SVIZ_VENDITE>
    <BSP_VENDITE>746,000000</BSP_VENDITE>
    <MALT_VENDITE>0,000000</MALT_VENDITE>
    <XAUS_VENDITE>295,000000</XAUS_VENDITE>
    <XFRA_VENDITE>3004,722000</XFRA_VENDITE>
    <TOTITABSP_VENDITE>32073,884</TOTITABSP_VENDITE>
    <TOTITABSP_ACQUISTI>35373,606</TOTITABSP_ACQUISTI>
  </Quantita>
  <Quantita>
    <Data>20180423</Data>
    <Mercato>MGP</Mercato>
    <Ora>15</Ora>
    <TOTALE_ACQUISTI>36091,314</TOTALE_ACQUISTI>
    <NAT_ACQUISTI>36091,314000</NAT_ACQUISTI>
    <CNOR_ACQUISTI>3919,736000</CNOR_ACQUISTI>
    <CSUD_ACQUISTI>5399,155000</CSUD_ACQUISTI>
    <NORD_ACQUISTI>20988,837000</NORD_ACQUISTI>
    <SARD_ACQUISTI>935,661000</SARD_ACQUISTI>
    <SICI_ACQUISTI>1858,643000</SICI_ACQUISTI>
    <SUD_ACQUISTI>2444,282000</SUD_ACQUISTI>
    <AUST_ACQUISTI>0,000000</AUST_ACQUISTI>
    <BRNN_ACQUISTI>0,000000</BRNN_ACQUISTI>
    <COAC_ACQUISTI>0,000000</COAC_ACQUISTI>
    <CORS_ACQUISTI>5,000000</CORS_ACQUISTI>
    <FOGN_ACQUISTI>0,000000</FOGN_ACQUISTI>
    <FRAN_ACQUISTI>0,000000</FRAN_ACQUISTI>
    <GREC_ACQUISTI>483,000000</GREC_ACQUISTI>
    <MFTV_ACQUISTI>0,000000</MFTV_ACQUISTI>
    <PRGP_ACQUISTI>0,000000</PRGP_ACQUISTI>
    <ROSN_ACQUISTI>0,000000</ROSN_ACQUISTI>
    <SLOV_ACQUISTI>0,000000</SLOV_ACQUISTI>
    <SVIZ_ACQUISTI>0,000000</SVIZ_ACQUISTI>
    <BSP_ACQUISTI>0,000000</BSP_ACQUISTI>
    <MALT_ACQUISTI>57,000000</MALT_ACQUISTI>
    <XAUS_ACQUISTI>0,000000</XAUS_ACQUISTI>
    <XFRA_ACQUISTI>0,000000</XFRA_ACQUISTI>
    <TOTALE_VENDITE>31930,314</TOTALE_VENDITE>
    <NAT_VENDITE>36091,314000</NAT_VENDITE>
    <CNOR_VENDITE>2972,094000</CNOR_VENDITE>
    <CSUD_VENDITE>2612,281000</CSUD_VENDITE>
    <NORD_VENDITE>15219,338000</NORD_VENDITE>
    <SARD_VENDITE>1096,967000</SARD_VENDITE>
    <SICI_VENDITE>1425,015000</SICI_VENDITE>
    <SUD_VENDITE>3149,819000</SUD_VENDITE>
    <AUST_VENDITE>20,000000</AUST_VENDITE>
    <BRNN_VENDITE>787,766000</BRNN_VENDITE>
    <COAC_VENDITE>0,000000</COAC_VENDITE>
    <CORS_VENDITE>0,000000</CORS_VENDITE>
    <FOGN_VENDITE>335,042000</FOGN_VENDITE>
    <FRAN_VENDITE>99,000000</FRAN_VENDITE>
    <GREC_VENDITE>146,000000</GREC_VENDITE>
    <MFTV_VENDITE>0,000000</MFTV_VENDITE>
    <PRGP_VENDITE>8,645000</PRGP_VENDITE>
    <ROSN_VENDITE>94,347000</ROSN_VENDITE>
    <SLOV_VENDITE>0,000000</SLOV_VENDITE>
    <SVIZ_VENDITE>3964,000000</SVIZ_VENDITE>
    <BSP_VENDITE>746,000000</BSP_VENDITE>
    <MALT_VENDITE>0,000000</MALT_VENDITE>
    <XAUS_VENDITE>295,000000</XAUS_VENDITE>
    <XFRA_VENDITE>3120,000000</XFRA_VENDITE>
    <TOTITABSP_VENDITE>32676,314</TOTITABSP_VENDITE>
    <TOTITABSP_ACQUISTI>36091,314</TOTITABSP_ACQUISTI>
  </Quantita>
  <Quantita>
    <Data>20180423</Data>
    <Mercato>MGP</Mercato>
    <Ora>16</Ora>
    <TOTALE_ACQUISTI>36519,202</TOTALE_ACQUISTI>
    <NAT_ACQUISTI>36519,202000</NAT_ACQUISTI>
    <CNOR_ACQUISTI>3989,038000</CNOR_ACQUISTI>
    <CSUD_ACQUISTI>5470,648000</CSUD_ACQUISTI>
    <NORD_ACQUISTI>21197,839000</NORD_ACQUISTI>
    <SARD_ACQUISTI>943,577000</SARD_ACQUISTI>
    <SICI_ACQUISTI>1873,021000</SICI_ACQUISTI>
    <SUD_ACQUISTI>2496,079000</SUD_ACQUISTI>
    <AUST_ACQUISTI>0,000000</AUST_ACQUISTI>
    <BRNN_ACQUISTI>0,000000</BRNN_ACQUISTI>
    <COAC_ACQUISTI>0,000000</COAC_ACQUISTI>
    <CORS_ACQUISTI>5,000000</CORS_ACQUISTI>
    <FOGN_ACQUISTI>0,000000</FOGN_ACQUISTI>
    <FRAN_ACQUISTI>0,000000</FRAN_ACQUISTI>
    <GREC_ACQUISTI>478,000000</GREC_ACQUISTI>
    <MFTV_ACQUISTI>0,000000</MFTV_ACQUISTI>
    <PRGP_ACQUISTI>0,000000</PRGP_ACQUISTI>
    <ROSN_ACQUISTI>0,000000</ROSN_ACQUISTI>
    <SLOV_ACQUISTI>0,000000</SLOV_ACQUISTI>
    <SVIZ_ACQUISTI>0,000000</SVIZ_ACQUISTI>
    <BSP_ACQUISTI>0,000000</BSP_ACQUISTI>
    <MALT_ACQUISTI>66,000000</MALT_ACQUISTI>
    <XAUS_ACQUISTI>0,000000</XAUS_ACQUISTI>
    <XFRA_ACQUISTI>0,000000</XFRA_ACQUISTI>
    <TOTALE_VENDITE>32567,202</TOTALE_VENDITE>
    <NAT_VENDITE>36519,202000</NAT_VENDITE>
    <CNOR_VENDITE>2858,216000</CNOR_VENDITE>
    <CSUD_VENDITE>3059,283000</CSUD_VENDITE>
    <NORD_VENDITE>15403,488000</NORD_VENDITE>
    <SARD_VENDITE>1075,051000</SARD_VENDITE>
    <SICI_VENDITE>1378,532000</SICI_VENDITE>
    <SUD_VENDITE>2958,296000</SUD_VENDITE>
    <AUST_VENDITE>20,000000</AUST_VENDITE>
    <BRNN_VENDITE>844,468000</BRNN_VENDITE>
    <COAC_VENDITE>0,000000</COAC_VENDITE>
    <CORS_VENDITE>0,000000</CORS_VENDITE>
    <FOGN_VENDITE>386,803000</FOGN_VENDITE>
    <FRAN_VENDITE>99,000000</FRAN_VENDITE>
    <GREC_VENDITE>209,000000</GREC_VENDITE>
    <MFTV_VENDITE>0,000000</MFTV_VENDITE>
    <PRGP_VENDITE>7,174000</PRGP_VENDITE>
    <ROSN_VENDITE>243,891000</ROSN_VENDITE>
    <SLOV_VENDITE>0,000000</SLOV_VENDITE>
    <SVIZ_VENDITE>4024,000000</SVIZ_VENDITE>
    <BSP_VENDITE>708,000000</BSP_VENDITE>
    <MALT_VENDITE>0,000000</MALT_VENDITE>
    <XAUS_VENDITE>288,000000</XAUS_VENDITE>
    <XFRA_VENDITE>2956,000000</XFRA_VENDITE>
    <TOTITABSP_VENDITE>33275,202</TOTITABSP_VENDITE>
    <TOTITABSP_ACQUISTI>36519,202</TOTITABSP_ACQUISTI>
  </Quantita>
  <Quantita>
    <Data>20180423</Data>
    <Mercato>MGP</Mercato>
    <Ora>17</Ora>
    <TOTALE_ACQUISTI>36724,271</TOTALE_ACQUISTI>
    <NAT_ACQUISTI>36724,271000</NAT_ACQUISTI>
    <CNOR_ACQUISTI>4015,179000</CNOR_ACQUISTI>
    <CSUD_ACQUISTI>5493,403000</CSUD_ACQUISTI>
    <NORD_ACQUISTI>21128,394000</NORD_ACQUISTI>
    <SARD_ACQUISTI>959,710000</SARD_ACQUISTI>
    <SICI_ACQUISTI>1942,785000</SICI_ACQUISTI>
    <SUD_ACQUISTI>2567,800000</SUD_ACQUISTI>
    <AUST_ACQUISTI>0,000000</AUST_ACQUISTI>
    <BRNN_ACQUISTI>0,000000</BRNN_ACQUISTI>
    <COAC_ACQUISTI>0,000000</COAC_ACQUISTI>
    <CORS_ACQUISTI>5,000000</CORS_ACQUISTI>
    <FOGN_ACQUISTI>0,000000</FOGN_ACQUISTI>
    <FRAN_ACQUISTI>0,000000</FRAN_ACQUISTI>
    <GREC_ACQUISTI>528,000000</GREC_ACQUISTI>
    <MFTV_ACQUISTI>0,000000</MFTV_ACQUISTI>
    <PRGP_ACQUISTI>0,000000</PRGP_ACQUISTI>
    <ROSN_ACQUISTI>0,000000</ROSN_ACQUISTI>
    <SLOV_ACQUISTI>0,000000</SLOV_ACQUISTI>
    <SVIZ_ACQUISTI>0,000000</SVIZ_ACQUISTI>
    <BSP_ACQUISTI>0,000000</BSP_ACQUISTI>
    <MALT_ACQUISTI>84,000000</MALT_ACQUISTI>
    <XAUS_ACQUISTI>0,000000</XAUS_ACQUISTI>
    <XFRA_ACQUISTI>0,000000</XFRA_ACQUISTI>
    <TOTALE_VENDITE>32772,271</TOTALE_VENDITE>
    <NAT_VENDITE>36724,271000</NAT_VENDITE>
    <CNOR_VENDITE>2699,335000</CNOR_VENDITE>
    <CSUD_VENDITE>3085,044000</CSUD_VENDITE>
    <NORD_VENDITE>15921,702000</NORD_VENDITE>
    <SARD_VENDITE>1037,559000</SARD_VENDITE>
    <SICI_VENDITE>1290,005000</SICI_VENDITE>
    <SUD_VENDITE>2600,672000</SUD_VENDITE>
    <AUST_VENDITE>20,000000</AUST_VENDITE>
    <BRNN_VENDITE>886,663000</BRNN_VENDITE>
    <COAC_VENDITE>0,000000</COAC_VENDITE>
    <CORS_VENDITE>0,000000</CORS_VENDITE>
    <FOGN_VENDITE>386,862000</FOGN_VENDITE>
    <FRAN_VENDITE>99,000000</FRAN_VENDITE>
    <GREC_VENDITE>222,000000</GREC_VENDITE>
    <MFTV_VENDITE>0,000000</MFTV_VENDITE>
    <PRGP_VENDITE>5,262000</PRGP_VENDITE>
    <ROSN_VENDITE>494,167000</ROSN_VENDITE>
    <SLOV_VENDITE>0,000000</SLOV_VENDITE>
    <SVIZ_VENDITE>4024,000000</SVIZ_VENDITE>
    <BSP_VENDITE>708,000000</BSP_VENDITE>
    <MALT_VENDITE>0,000000</MALT_VENDITE>
    <XAUS_VENDITE>288,000000</XAUS_VENDITE>
    <XFRA_VENDITE>2956,000000</XFRA_VENDITE>
    <TOTITABSP_VENDITE>33480,271</TOTITABSP_VENDITE>
    <TOTITABSP_ACQUISTI>36724,271</TOTITABSP_ACQUISTI>
  </Quantita>
  <Quantita>
    <Data>20180423</Data>
    <Mercato>MGP</Mercato>
    <Ora>18</Ora>
    <TOTALE_ACQUISTI>36592,846</TOTALE_ACQUISTI>
    <NAT_ACQUISTI>36592,846000</NAT_ACQUISTI>
    <CNOR_ACQUISTI>4000,955000</CNOR_ACQUISTI>
    <CSUD_ACQUISTI>5535,080000</CSUD_ACQUISTI>
    <NORD_ACQUISTI>20816,991000</NORD_ACQUISTI>
    <SARD_ACQUISTI>994,174000</SARD_ACQUISTI>
    <SICI_ACQUISTI>2012,284000</SICI_ACQUISTI>
    <SUD_ACQUISTI>2717,362000</SUD_ACQUISTI>
    <AUST_ACQUISTI>0,000000</AUST_ACQUISTI>
    <BRNN_ACQUISTI>0,000000</BRNN_ACQUISTI>
    <COAC_ACQUISTI>5,000000</COAC_ACQUISTI>
    <CORS_ACQUISTI>8,000000</CORS_ACQUISTI>
    <FOGN_ACQUISTI>0,000000</FOGN_ACQUISTI>
    <FRAN_ACQUISTI>0,000000</FRAN_ACQUISTI>
    <GREC_ACQUISTI>388,000000</GREC_ACQUISTI>
    <MFTV_ACQUISTI>0,000000</MFTV_ACQUISTI>
    <PRGP_ACQUISTI>0,000000</PRGP_ACQUISTI>
    <ROSN_ACQUISTI>0,000000</ROSN_ACQUISTI>
    <SLOV_ACQUISTI>0,000000</SLOV_ACQUISTI>
    <SVIZ_ACQUISTI>0,000000</SVIZ_ACQUISTI>
    <BSP_ACQUISTI>0,000000</BSP_ACQUISTI>
    <MALT_ACQUISTI>115,000000</MALT_ACQUISTI>
    <XAUS_ACQUISTI>0,000000</XAUS_ACQUISTI>
    <XFRA_ACQUISTI>0,000000</XFRA_ACQUISTI>
    <TOTALE_VENDITE>32640,846</TOTALE_VENDITE>
    <NAT_VENDITE>36592,846000</NAT_VENDITE>
    <CNOR_VENDITE>2595,940000</CNOR_VENDITE>
    <CSUD_VENDITE>2909,914000</CSUD_VENDITE>
    <NORD_VENDITE>16526,802000</NORD_VENDITE>
    <SARD_VENDITE>966,473000</SARD_VENDITE>
    <SICI_VENDITE>1181,256000</SICI_VENDITE>
    <SUD_VENDITE>2163,627000</SUD_VENDITE>
    <AUST_VENDITE>20,000000</AUST_VENDITE>
    <BRNN_VENDITE>921,020000</BRNN_VENDITE>
    <COAC_VENDITE>0,000000</COAC_VENDITE>
    <CORS_VENDITE>0,000000</CORS_VENDITE>
    <FOGN_VENDITE>523,680000</FOGN_VENDITE>
    <FRAN_VENDITE>99,000000</FRAN_VENDITE>
    <GREC_VENDITE>155,000000</GREC_VENDITE>
    <MFTV_VENDITE>0,000000</MFTV_VENDITE>
    <PRGP_VENDITE>3,098000</PRGP_VENDITE>
    <ROSN_VENDITE>551,036000</ROSN_VENDITE>
    <SLOV_VENDITE>0,000000</SLOV_VENDITE>
    <SVIZ_VENDITE>4024,000000</SVIZ_VENDITE>
    <BSP_VENDITE>708,000000</BSP_VENDITE>
    <MALT_VENDITE>0,000000</MALT_VENDITE>
    <XAUS_VENDITE>288,000000</XAUS_VENDITE>
    <XFRA_VENDITE>2956,000000</XFRA_VENDITE>
    <TOTITABSP_VENDITE>33348,846</TOTITABSP_VENDITE>
    <TOTITABSP_ACQUISTI>36592,846</TOTITABSP_ACQUISTI>
  </Quantita>
  <Quantita>
    <Data>20180423</Data>
    <Mercato>MGP</Mercato>
    <Ora>19</Ora>
    <TOTALE_ACQUISTI>36250,481</TOTALE_ACQUISTI>
    <NAT_ACQUISTI>36461,481000</NAT_ACQUISTI>
    <CNOR_ACQUISTI>3961,342000</CNOR_ACQUISTI>
    <CSUD_ACQUISTI>5566,120000</CSUD_ACQUISTI>
    <NORD_ACQUISTI>20604,734000</NORD_ACQUISTI>
    <SARD_ACQUISTI>1031,483000</SARD_ACQUISTI>
    <SICI_ACQUISTI>2075,009000</SICI_ACQUISTI>
    <SUD_ACQUISTI>2792,793000</SUD_ACQUISTI>
    <AUST_ACQUISTI>0,000000</AUST_ACQUISTI>
    <BRNN_ACQUISTI>0,000000</BRNN_ACQUISTI>
    <COAC_ACQUISTI>5,000000</COAC_ACQUISTI>
    <CORS_ACQUISTI>14,000000</CORS_ACQUISTI>
    <FOGN_ACQUISTI>0,000000</FOGN_ACQUISTI>
    <FRAN_ACQUISTI>0,000000</FRAN_ACQUISTI>
    <GREC_ACQUISTI>78,000000</GREC_ACQUISTI>
    <MFTV_ACQUISTI>0,000000</MFTV_ACQUISTI>
    <PRGP_ACQUISTI>0,000000</PRGP_ACQUISTI>
    <ROSN_ACQUISTI>0,000000</ROSN_ACQUISTI>
    <SLOV_ACQUISTI>0,000000</SLOV_ACQUISTI>
    <SVIZ_ACQUISTI>0,000000</SVIZ_ACQUISTI>
    <BSP_ACQUISTI>0,000000</BSP_ACQUISTI>
    <MALT_ACQUISTI>122,000000</MALT_ACQUISTI>
    <XAUS_ACQUISTI>0,000000</XAUS_ACQUISTI>
    <XFRA_ACQUISTI>0,000000</XFRA_ACQUISTI>
    <TOTALE_VENDITE>32142,481</TOTALE_VENDITE>
    <NAT_VENDITE>36461,481000</NAT_VENDITE>
    <CNOR_VENDITE>2397,175000</CNOR_VENDITE>
    <CSUD_VENDITE>2794,181000</CSUD_VENDITE>
    <NORD_VENDITE>16170,901000</NORD_VENDITE>
    <SARD_VENDITE>880,354000</SARD_VENDITE>
    <SICI_VENDITE>1095,500000</SICI_VENDITE>
    <SUD_VENDITE>1643,498000</SUD_VENDITE>
    <AUST_VENDITE>20,000000</AUST_VENDITE>
    <BRNN_VENDITE>956,074000</BRNN_VENDITE>
    <COAC_VENDITE>0,000000</COAC_VENDITE>
    <CORS_VENDITE>0,000000</CORS_VENDITE>
    <FOGN_VENDITE>959,661000</FOGN_VENDITE>
    <FRAN_VENDITE>99,000000</FRAN_VENDITE>
    <GREC_VENDITE>180,000000</GREC_VENDITE>
    <MFTV_VENDITE>0,000000</MFTV_VENDITE>
    <PRGP_VENDITE>87,747000</PRGP_VENDITE>
    <ROSN_VENDITE>687,390000</ROSN_VENDITE>
    <SLOV_VENDITE>0,000000</SLOV_VENDITE>
    <SVIZ_VENDITE>4171,000000</SVIZ_VENDITE>
    <BSP_VENDITE>736,000000</BSP_VENDITE>
    <MALT_VENDITE>0,000000</MALT_VENDITE>
    <XAUS_VENDITE>295,000000</XAUS_VENDITE>
    <XFRA_VENDITE>3077,000000</XFRA_VENDITE>
    <TOTITABSP_VENDITE>32878,481</TOTITABSP_VENDITE>
    <TOTITABSP_ACQUISTI>36250,481</TOTITABSP_ACQUISTI>
  </Quantita>
  <Quantita>
    <Data>20180423</Data>
    <Mercato>MGP</Mercato>
    <Ora>20</Ora>
    <TOTALE_ACQUISTI>36454,634</TOTALE_ACQUISTI>
    <NAT_ACQUISTI>36545,634000</NAT_ACQUISTI>
    <CNOR_ACQUISTI>4031,587000</CNOR_ACQUISTI>
    <CSUD_ACQUISTI>5798,386000</CSUD_ACQUISTI>
    <NORD_ACQUISTI>20290,906000</NORD_ACQUISTI>
    <SARD_ACQUISTI>1059,164000</SARD_ACQUISTI>
    <SICI_ACQUISTI>2174,226000</SICI_ACQUISTI>
    <SUD_ACQUISTI>2973,365000</SUD_ACQUISTI>
    <AUST_ACQUISTI>0,000000</AUST_ACQUISTI>
    <BRNN_ACQUISTI>0,000000</BRNN_ACQUISTI>
    <COAC_ACQUISTI>5,000000</COAC_ACQUISTI>
    <CORS_ACQUISTI>11,000000</CORS_ACQUISTI>
    <FOGN_ACQUISTI>0,000000</FOGN_ACQUISTI>
    <FRAN_ACQUISTI>0,000000</FRAN_ACQUISTI>
    <GREC_ACQUISTI>60,000000</GREC_ACQUISTI>
    <MFTV_ACQUISTI>0,000000</MFTV_ACQUISTI>
    <PRGP_ACQUISTI>0,000000</PRGP_ACQUISTI>
    <ROSN_ACQUISTI>0,000000</ROSN_ACQUISTI>
    <SLOV_ACQUISTI>0,000000</SLOV_ACQUISTI>
    <SVIZ_ACQUISTI>0,000000</SVIZ_ACQUISTI>
    <BSP_ACQUISTI>0,000000</BSP_ACQUISTI>
    <MALT_ACQUISTI>51,000000</MALT_ACQUISTI>
    <XAUS_ACQUISTI>0,000000</XAUS_ACQUISTI>
    <XFRA_ACQUISTI>0,000000</XFRA_ACQUISTI>
    <TOTALE_VENDITE>32346,634</TOTALE_VENDITE>
    <NAT_VENDITE>36545,634000</NAT_VENDITE>
    <CNOR_VENDITE>2343,797000</CNOR_VENDITE>
    <CSUD_VENDITE>2494,931000</CSUD_VENDITE>
    <NORD_VENDITE>15880,696000</NORD_VENDITE>
    <SARD_VENDITE>760,183000</SARD_VENDITE>
    <SICI_VENDITE>995,085000</SICI_VENDITE>
    <SUD_VENDITE>1261,252000</SUD_VENDITE>
    <AUST_VENDITE>20,000000</AUST_VENDITE>
    <BRNN_VENDITE>1930,578000</BRNN_VENDITE>
    <COAC_VENDITE>0,000000</COAC_VENDITE>
    <CORS_VENDITE>0,000000</CORS_VENDITE>
    <FOGN_VENDITE>966,287000</FOGN_VENDITE>
    <FRAN_VENDITE>99,000000</FRAN_VENDITE>
    <GREC_VENDITE>460,000000</GREC_VENDITE>
    <MFTV_VENDITE>0,000000</MFTV_VENDITE>
    <PRGP_VENDITE>130,141000</PRGP_VENDITE>
    <ROSN_VENDITE>833,684000</ROSN_VENDITE>
    <SLOV_VENDITE>0,000000</SLOV_VENDITE>
    <SVIZ_VENDITE>4171,000000</SVIZ_VENDITE>
    <BSP_VENDITE>736,000000</BSP_VENDITE>
    <MALT_VENDITE>0,000000</MALT_VENDITE>
    <XAUS_VENDITE>295,000000</XAUS_VENDITE>
    <XFRA_VENDITE>3077,000000</XFRA_VENDITE>
    <TOTITABSP_VENDITE>33082,634</TOTITABSP_VENDITE>
    <TOTITABSP_ACQUISTI>36454,634</TOTITABSP_ACQUISTI>
  </Quantita>
  <Quantita>
    <Data>20180423</Data>
    <Mercato>MGP</Mercato>
    <Ora>21</Ora>
    <TOTALE_ACQUISTI>37483,406</TOTALE_ACQUISTI>
    <NAT_ACQUISTI>37574,406000</NAT_ACQUISTI>
    <CNOR_ACQUISTI>4122,718000</CNOR_ACQUISTI>
    <CSUD_ACQUISTI>6104,687000</CSUD_ACQUISTI>
    <NORD_ACQUISTI>20412,950000</NORD_ACQUISTI>
    <SARD_ACQUISTI>1138,321000</SARD_ACQUISTI>
    <SICI_ACQUISTI>2342,254000</SICI_ACQUISTI>
    <SUD_ACQUISTI>3232,476000</SUD_ACQUISTI>
    <AUST_ACQUISTI>0,000000</AUST_ACQUISTI>
    <BRNN_ACQUISTI>0,000000</BRNN_ACQUISTI>
    <COAC_ACQUISTI>5,000000</COAC_ACQUISTI>
    <CORS_ACQUISTI>11,000000</CORS_ACQUISTI>
    <FOGN_ACQUISTI>0,000000</FOGN_ACQUISTI>
    <FRAN_ACQUISTI>0,000000</FRAN_ACQUISTI>
    <GREC_ACQUISTI>60,000000</GREC_ACQUISTI>
    <MFTV_ACQUISTI>0,000000</MFTV_ACQUISTI>
    <PRGP_ACQUISTI>0,000000</PRGP_ACQUISTI>
    <ROSN_ACQUISTI>0,000000</ROSN_ACQUISTI>
    <SLOV_ACQUISTI>0,000000</SLOV_ACQUISTI>
    <SVIZ_ACQUISTI>0,000000</SVIZ_ACQUISTI>
    <BSP_ACQUISTI>0,000000</BSP_ACQUISTI>
    <MALT_ACQUISTI>54,000000</MALT_ACQUISTI>
    <XAUS_ACQUISTI>0,000000</XAUS_ACQUISTI>
    <XFRA_ACQUISTI>0,000000</XFRA_ACQUISTI>
    <TOTALE_VENDITE>33375,406</TOTALE_VENDITE>
    <NAT_VENDITE>37574,406000</NAT_VENDITE>
    <CNOR_VENDITE>2495,680000</CNOR_VENDITE>
    <CSUD_VENDITE>3010,513000</CSUD_VENDITE>
    <NORD_VENDITE>15841,988000</NORD_VENDITE>
    <SARD_VENDITE>741,118000</SARD_VENDITE>
    <SICI_VENDITE>1034,795000</SICI_VENDITE>
    <SUD_VENDITE>1256,723000</SUD_VENDITE>
    <AUST_VENDITE>20,000000</AUST_VENDITE>
    <BRNN_VENDITE>1811,936000</BRNN_VENDITE>
    <COAC_VENDITE>0,000000</COAC_VENDITE>
    <CORS_VENDITE>0,000000</CORS_VENDITE>
    <FOGN_VENDITE>973,675000</FOGN_VENDITE>
    <FRAN_VENDITE>99,000000</FRAN_VENDITE>
    <GREC_VENDITE>450,000000</GREC_VENDITE>
    <MFTV_VENDITE>0,000000</MFTV_VENDITE>
    <PRGP_VENDITE>261,459000</PRGP_VENDITE>
    <ROSN_VENDITE>1207,519000</ROSN_VENDITE>
    <SLOV_VENDITE>0,000000</SLOV_VENDITE>
    <SVIZ_VENDITE>4171,000000</SVIZ_VENDITE>
    <BSP_VENDITE>736,000000</BSP_VENDITE>
    <MALT_VENDITE>0,000000</MALT_VENDITE>
    <XAUS_VENDITE>295,000000</XAUS_VENDITE>
    <XFRA_VENDITE>3077,000000</XFRA_VENDITE>
    <TOTITABSP_VENDITE>34111,406</TOTITABSP_VENDITE>
    <TOTITABSP_ACQUISTI>37483,406</TOTITABSP_ACQUISTI>
  </Quantita>
  <Quantita>
    <Data>20180423</Data>
    <Mercato>MGP</Mercato>
    <Ora>22</Ora>
    <TOTALE_ACQUISTI>35847,426</TOTALE_ACQUISTI>
    <NAT_ACQUISTI>35938,426000</NAT_ACQUISTI>
    <CNOR_ACQUISTI>3923,593000</CNOR_ACQUISTI>
    <CSUD_ACQUISTI>5799,323000</CSUD_ACQUISTI>
    <NORD_ACQUISTI>19641,034000</NORD_ACQUISTI>
    <SARD_ACQUISTI>1112,706000</SARD_ACQUISTI>
    <SICI_ACQUISTI>2234,589000</SICI_ACQUISTI>
    <SUD_ACQUISTI>3033,181000</SUD_ACQUISTI>
    <AUST_ACQUISTI>0,000000</AUST_ACQUISTI>
    <BRNN_ACQUISTI>0,000000</BRNN_ACQUISTI>
    <COAC_ACQUISTI>5,000000</COAC_ACQUISTI>
    <CORS_ACQUISTI>17,000000</CORS_ACQUISTI>
    <FOGN_ACQUISTI>0,000000</FOGN_ACQUISTI>
    <FRAN_ACQUISTI>0,000000</FRAN_ACQUISTI>
    <GREC_ACQUISTI>60,000000</GREC_ACQUISTI>
    <MFTV_ACQUISTI>0,000000</MFTV_ACQUISTI>
    <PRGP_ACQUISTI>0,000000</PRGP_ACQUISTI>
    <ROSN_ACQUISTI>0,000000</ROSN_ACQUISTI>
    <SLOV_ACQUISTI>0,000000</SLOV_ACQUISTI>
    <SVIZ_ACQUISTI>0,000000</SVIZ_ACQUISTI>
    <BSP_ACQUISTI>0,000000</BSP_ACQUISTI>
    <MALT_ACQUISTI>21,000000</MALT_ACQUISTI>
    <XAUS_ACQUISTI>0,000000</XAUS_ACQUISTI>
    <XFRA_ACQUISTI>0,000000</XFRA_ACQUISTI>
    <TOTALE_VENDITE>31731,426</TOTALE_VENDITE>
    <NAT_VENDITE>35938,426000</NAT_VENDITE>
    <CNOR_VENDITE>2136,438000</CNOR_VENDITE>
    <CSUD_VENDITE>2992,866000</CSUD_VENDITE>
    <NORD_VENDITE>15213,189000</NORD_VENDITE>
    <SARD_VENDITE>741,860000</SARD_VENDITE>
    <SICI_VENDITE>1025,589000</SICI_VENDITE>
    <SUD_VENDITE>1252,926000</SUD_VENDITE>
    <AUST_VENDITE>20,000000</AUST_VENDITE>
    <BRNN_VENDITE>1279,606000</BRNN_VENDITE>
    <COAC_VENDITE>0,000000</COAC_VENDITE>
    <CORS_VENDITE>0,000000</CORS_VENDITE>
    <FOGN_VENDITE>974,366000</FOGN_VENDITE>
    <FRAN_VENDITE>99,000000</FRAN_VENDITE>
    <GREC_VENDITE>473,000000</GREC_VENDITE>
    <MFTV_VENDITE>0,000000</MFTV_VENDITE>
    <PRGP_VENDITE>130,000000</PRGP_VENDITE>
    <ROSN_VENDITE>1212,586000</ROSN_VENDITE>
    <SLOV_VENDITE>0,000000</SLOV_VENDITE>
    <SVIZ_VENDITE>4180,000000</SVIZ_VENDITE>
    <BSP_VENDITE>738,000000</BSP_VENDITE>
    <MALT_VENDITE>0,000000</MALT_VENDITE>
    <XAUS_VENDITE>295,000000</XAUS_VENDITE>
    <XFRA_VENDITE>3083,000000</XFRA_VENDITE>
    <TOTITABSP_VENDITE>32469,426</TOTITABSP_VENDITE>
    <TOTITABSP_ACQUISTI>35847,426</TOTITABSP_ACQUISTI>
  </Quantita>
  <Quantita>
    <Data>20180423</Data>
    <Mercato>MGP</Mercato>
    <Ora>23</Ora>
    <TOTALE_ACQUISTI>32691,002</TOTALE_ACQUISTI>
    <NAT_ACQUISTI>32732,002000</NAT_ACQUISTI>
    <CNOR_ACQUISTI>3532,758000</CNOR_ACQUISTI>
    <CSUD_ACQUISTI>5255,470000</CSUD_ACQUISTI>
    <NORD_ACQUISTI>17884,997000</NORD_ACQUISTI>
    <SARD_ACQUISTI>1024,143000</SARD_ACQUISTI>
    <SICI_ACQUISTI>2046,020000</SICI_ACQUISTI>
    <SUD_ACQUISTI>2737,614000</SUD_ACQUISTI>
    <AUST_ACQUISTI>0,000000</AUST_ACQUISTI>
    <BRNN_ACQUISTI>0,000000</BRNN_ACQUISTI>
    <COAC_ACQUISTI>5,000000</COAC_ACQUISTI>
    <CORS_ACQUISTI>17,000000</CORS_ACQUISTI>
    <FOGN_ACQUISTI>0,000000</FOGN_ACQUISTI>
    <FRAN_ACQUISTI>0,000000</FRAN_ACQUISTI>
    <GREC_ACQUISTI>110,000000</GREC_ACQUISTI>
    <MFTV_ACQUISTI>0,000000</MFTV_ACQUISTI>
    <PRGP_ACQUISTI>0,000000</PRGP_ACQUISTI>
    <ROSN_ACQUISTI>0,000000</ROSN_ACQUISTI>
    <SLOV_ACQUISTI>0,000000</SLOV_ACQUISTI>
    <SVIZ_ACQUISTI>0,000000</SVIZ_ACQUISTI>
    <BSP_ACQUISTI>0,000000</BSP_ACQUISTI>
    <MALT_ACQUISTI>78,000000</MALT_ACQUISTI>
    <XAUS_ACQUISTI>0,000000</XAUS_ACQUISTI>
    <XFRA_ACQUISTI>0,000000</XFRA_ACQUISTI>
    <TOTALE_VENDITE>28575,002</TOTALE_VENDITE>
    <NAT_VENDITE>32732,002000</NAT_VENDITE>
    <CNOR_VENDITE>2232,758000</CNOR_VENDITE>
    <CSUD_VENDITE>2386,179000</CSUD_VENDITE>
    <NORD_VENDITE>13169,997000</NORD_VENDITE>
    <SARD_VENDITE>727,314000</SARD_VENDITE>
    <SICI_VENDITE>915,596000</SICI_VENDITE>
    <SUD_VENDITE>1385,684000</SUD_VENDITE>
    <AUST_VENDITE>20,000000</AUST_VENDITE>
    <BRNN_VENDITE>865,163000</BRNN_VENDITE>
    <COAC_VENDITE>0,000000</COAC_VENDITE>
    <CORS_VENDITE>0,000000</CORS_VENDITE>
    <FOGN_VENDITE>785,810000</FOGN_VENDITE>
    <FRAN_VENDITE>99,000000</FRAN_VENDITE>
    <GREC_VENDITE>485,000000</GREC_VENDITE>
    <MFTV_VENDITE>0,000000</MFTV_VENDITE>
    <PRGP_VENDITE>108,424000</PRGP_VENDITE>
    <ROSN_VENDITE>1214,077000</ROSN_VENDITE>
    <SLOV_VENDITE>0,000000</SLOV_VENDITE>
    <SVIZ_VENDITE>4180,000000</SVIZ_VENDITE>
    <BSP_VENDITE>738,000000</BSP_VENDITE>
    <MALT_VENDITE>0,000000</MALT_VENDITE>
    <XAUS_VENDITE>295,000000</XAUS_VENDITE>
    <XFRA_VENDITE>3083,000000</XFRA_VENDITE>
    <TOTITABSP_VENDITE>29313,002</TOTITABSP_VENDITE>
    <TOTITABSP_ACQUISTI>32691,002</TOTITABSP_ACQUISTI>
  </Quantita>
  <Quantita>
    <Data>20180423</Data>
    <Mercato>MGP</Mercato>
    <Ora>24</Ora>
    <TOTALE_ACQUISTI>29735,939</TOTALE_ACQUISTI>
    <NAT_ACQUISTI>29723,826000</NAT_ACQUISTI>
    <CNOR_ACQUISTI>3137,528000</CNOR_ACQUISTI>
    <CSUD_ACQUISTI>4670,037000</CSUD_ACQUISTI>
    <NORD_ACQUISTI>16275,961000</NORD_ACQUISTI>
    <SARD_ACQUISTI>948,082000</SARD_ACQUISTI>
    <SICI_ACQUISTI>1838,423000</SICI_ACQUISTI>
    <SUD_ACQUISTI>2410,908000</SUD_ACQUISTI>
    <AUST_ACQUISTI>0,000000</AUST_ACQUISTI>
    <BRNN_ACQUISTI>0,000000</BRNN_ACQUISTI>
    <COAC_ACQUISTI>5,000000</COAC_ACQUISTI>
    <CORS_ACQUISTI>14,000000</CORS_ACQUISTI>
    <FOGN_ACQUISTI>0,000000</FOGN_ACQUISTI>
    <FRAN_ACQUISTI>0,000000</FRAN_ACQUISTI>
    <GREC_ACQUISTI>358,000000</GREC_ACQUISTI>
    <MFTV_ACQUISTI>0,000000</MFTV_ACQUISTI>
    <PRGP_ACQUISTI>0,000000</PRGP_ACQUISTI>
    <ROSN_ACQUISTI>0,000000</ROSN_ACQUISTI>
    <SLOV_ACQUISTI>0,000000</SLOV_ACQUISTI>
    <SVIZ_ACQUISTI>0,000000</SVIZ_ACQUISTI>
    <BSP_ACQUISTI>0,000000</BSP_ACQUISTI>
    <MALT_ACQUISTI>78,000000</MALT_ACQUISTI>
    <XAUS_ACQUISTI>0,000000</XAUS_ACQUISTI>
    <XFRA_ACQUISTI>0,000000</XFRA_ACQUISTI>
    <TOTALE_VENDITE>25903,939</TOTALE_VENDITE>
    <NAT_VENDITE>29723,826000</NAT_VENDITE>
    <CNOR_VENDITE>1962,463000</CNOR_VENDITE>
    <CSUD_VENDITE>2298,121000</CSUD_VENDITE>
    <NORD_VENDITE>12202,026000</NORD_VENDITE>
    <SARD_VENDITE>720,482000</SARD_VENDITE>
    <SICI_VENDITE>840,275000</SICI_VENDITE>
    <SUD_VENDITE>1504,420000</SUD_VENDITE>
    <AUST_VENDITE>20,000000</AUST_VENDITE>
    <BRNN_VENDITE>867,364000</BRNN_VENDITE>
    <COAC_VENDITE>0,000000</COAC_VENDITE>
    <CORS_VENDITE>0,000000</CORS_VENDITE>
    <FOGN_VENDITE>387,208000</FOGN_VENDITE>
    <FRAN_VENDITE>99,000000</FRAN_VENDITE>
    <GREC_VENDITE>474,000000</GREC_VENDITE>
    <MFTV_VENDITE>0,000000</MFTV_VENDITE>
    <PRGP_VENDITE>0,000000</PRGP_VENDITE>
    <ROSN_VENDITE>830,580000</ROSN_VENDITE>
    <SLOV_VENDITE>0,000000</SLOV_VENDITE>
    <SVIZ_VENDITE>3698,000000</SVIZ_VENDITE>
    <BSP_VENDITE>627,000000</BSP_VENDITE>
    <MALT_VENDITE>0,000000</MALT_VENDITE>
    <XAUS_VENDITE>275,000000</XAUS_VENDITE>
    <XFRA_VENDITE>2930,000000</XFRA_VENDITE>
    <TOTITABSP_VENDITE>26530,939</TOTITABSP_VENDITE>
    <TOTITABSP_ACQUISTI>29735,939</TOTITABSP_ACQUISTI>
  </Quantita>
</NewDataSet>