<?xml version="1.0" standalone="yes"?>
<NewDataSet>
  <xs:schema id="NewDataSet" xmlns="" xmlns:xs="http://www.w3.org/2001/XMLSchema" xmlns:msdata="urn:schemas-microsoft-com:xml-msdata">
    <xs:element name="NewDataSet" msdata:IsDataSet="true" msdata:UseCurrentLocale="true">
      <xs:complexType>
        <xs:choice minOccurs="0" maxOccurs="unbounded">
          <xs:element name="Quantita">
            <xs:complexType>
              <xs:sequence>
                <xs:element name="Data" type="xs:string" minOccurs="0" />
                <xs:element name="Mercato" type="xs:string" minOccurs="0" />
                <xs:element name="Ora" type="xs:string" minOccurs="0" />
                <xs:element name="TOTALE_ACQUISTI" type="xs:string" minOccurs="0" />
                <xs:element name="NAT_ACQUISTI" type="xs:string" minOccurs="0" />
                <xs:element name="CNOR_ACQUISTI" type="xs:string" minOccurs="0" />
                <xs:element name="CSUD_ACQUISTI" type="xs:string" minOccurs="0" />
                <xs:element name="NORD_ACQUISTI" type="xs:string" minOccurs="0" />
                <xs:element name="SARD_ACQUISTI" type="xs:string" minOccurs="0" />
                <xs:element name="SICI_ACQUISTI" type="xs:string" minOccurs="0" />
                <xs:element name="SUD_ACQUISTI" type="xs:string" minOccurs="0" />
                <xs:element name="AUST_ACQUISTI" type="xs:string" minOccurs="0" />
                <xs:element name="BRNN_ACQUISTI" type="xs:string" minOccurs="0" />
                <xs:element name="COAC_ACQUISTI" type="xs:string" minOccurs="0" />
                <xs:element name="CORS_ACQUISTI" type="xs:string" minOccurs="0" />
                <xs:element name="FOGN_ACQUISTI" type="xs:string" minOccurs="0" />
                <xs:element name="FRAN_ACQUISTI" type="xs:string" minOccurs="0" />
                <xs:element name="GREC_ACQUISTI" type="xs:string" minOccurs="0" />
                <xs:element name="MFTV_ACQUISTI" type="xs:string" minOccurs="0" />
                <xs:element name="PRGP_ACQUISTI" type="xs:string" minOccurs="0" />
                <xs:element name="ROSN_ACQUISTI" type="xs:string" minOccurs="0" />
                <xs:element name="SLOV_ACQUISTI" type="xs:string" minOccurs="0" />
                <xs:element name="SVIZ_ACQUISTI" type="xs:string" minOccurs="0" />
                <xs:element name="BSP_ACQUISTI" type="xs:string" minOccurs="0" />
                <xs:element name="MALT_ACQUISTI" type="xs:string" minOccurs="0" />
                <xs:element name="XAUS_ACQUISTI" type="xs:string" minOccurs="0" />
                <xs:element name="XFRA_ACQUISTI" type="xs:string" minOccurs="0" />
                <xs:element name="TOTALE_VENDITE" type="xs:string" minOccurs="0" />
                <xs:element name="NAT_VENDITE" type="xs:string" minOccurs="0" />
                <xs:element name="CNOR_VENDITE" type="xs:string" minOccurs="0" />
                <xs:element name="CSUD_VENDITE" type="xs:string" minOccurs="0" />
                <xs:element name="NORD_VENDITE" type="xs:string" minOccurs="0" />
                <xs:element name="SARD_VENDITE" type="xs:string" minOccurs="0" />
                <xs:element name="SICI_VENDITE" type="xs:string" minOccurs="0" />
                <xs:element name="SUD_VENDITE" type="xs:string" minOccurs="0" />
                <xs:element name="AUST_VENDITE" type="xs:string" minOccurs="0" />
                <xs:element name="BRNN_VENDITE" type="xs:string" minOccurs="0" />
                <xs:element name="COAC_VENDITE" type="xs:string" minOccurs="0" />
                <xs:element name="CORS_VENDITE" type="xs:string" minOccurs="0" />
                <xs:element name="FOGN_VENDITE" type="xs:string" minOccurs="0" />
                <xs:element name="FRAN_VENDITE" type="xs:string" minOccurs="0" />
                <xs:element name="GREC_VENDITE" type="xs:string" minOccurs="0" />
                <xs:element name="MFTV_VENDITE" type="xs:string" minOccurs="0" />
                <xs:element name="PRGP_VENDITE" type="xs:string" minOccurs="0" />
                <xs:element name="ROSN_VENDITE" type="xs:string" minOccurs="0" />
                <xs:element name="SLOV_VENDITE" type="xs:string" minOccurs="0" />
                <xs:element name="SVIZ_VENDITE" type="xs:string" minOccurs="0" />
                <xs:element name="BSP_VENDITE" type="xs:string" minOccurs="0" />
                <xs:element name="MALT_VENDITE" type="xs:string" minOccurs="0" />
                <xs:element name="XAUS_VENDITE" type="xs:string" minOccurs="0" />
                <xs:element name="XFRA_VENDITE" type="xs:string" minOccurs="0" />
                <xs:element name="TOTITABSP_VENDITE" msdata:ReadOnly="true" msdata:Expression="Convert(TOTALE_VENDITE, System.Double) + Convert(BSP_VENDITE,System.Double)" type="xs:string" minOccurs="0" />
                <xs:element name="TOTITABSP_ACQUISTI" msdata:ReadOnly="true" msdata:Expression="Convert(TOTALE_ACQUISTI, System.Double) + Convert(BSP_ACQUISTI, System.Double)" type="xs:string" minOccurs="0" />
              </xs:sequence>
            </xs:complexType>
          </xs:element>
        </xs:choice>
      </xs:complexType>
    </xs:element>
  </xs:schema>
  <Quantita>
    <Data>20180430</Data>
    <Mercato>MGP</Mercato>
    <Ora>1</Ora>
    <TOTALE_ACQUISTI>23920,079</TOTALE_ACQUISTI>
    <NAT_ACQUISTI>23920,079000</NAT_ACQUISTI>
    <CNOR_ACQUISTI>2465,256000</CNOR_ACQUISTI>
    <CSUD_ACQUISTI>3865,253000</CSUD_ACQUISTI>
    <NORD_ACQUISTI>12623,455000</NORD_ACQUISTI>
    <SARD_ACQUISTI>857,299000</SARD_ACQUISTI>
    <SICI_ACQUISTI>1575,944000</SICI_ACQUISTI>
    <SUD_ACQUISTI>2140,872000</SUD_ACQUISTI>
    <AUST_ACQUISTI>0,000000</AUST_ACQUISTI>
    <BRNN_ACQUISTI>0,000000</BRNN_ACQUISTI>
    <COAC_ACQUISTI>20,000000</COAC_ACQUISTI>
    <CORS_ACQUISTI>5,000000</CORS_ACQUISTI>
    <FOGN_ACQUISTI>0,000000</FOGN_ACQUISTI>
    <FRAN_ACQUISTI>0,000000</FRAN_ACQUISTI>
    <GREC_ACQUISTI>318,000000</GREC_ACQUISTI>
    <MFTV_ACQUISTI>0,000000</MFTV_ACQUISTI>
    <PRGP_ACQUISTI>0,000000</PRGP_ACQUISTI>
    <ROSN_ACQUISTI>0,000000</ROSN_ACQUISTI>
    <SLOV_ACQUISTI>0,000000</SLOV_ACQUISTI>
    <SVIZ_ACQUISTI>0,000000</SVIZ_ACQUISTI>
    <BSP_ACQUISTI>0,000000</BSP_ACQUISTI>
    <MALT_ACQUISTI>49,000000</MALT_ACQUISTI>
    <XAUS_ACQUISTI>0,000000</XAUS_ACQUISTI>
    <XFRA_ACQUISTI>0,000000</XFRA_ACQUISTI>
    <TOTALE_VENDITE>22527,079</TOTALE_VENDITE>
    <NAT_VENDITE>23920,079000</NAT_VENDITE>
    <CNOR_VENDITE>1455,850000</CNOR_VENDITE>
    <CSUD_VENDITE>1410,292000</CSUD_VENDITE>
    <NORD_VENDITE>13032,861000</NORD_VENDITE>
    <SARD_VENDITE>734,522000</SARD_VENDITE>
    <SICI_VENDITE>802,666000</SICI_VENDITE>
    <SUD_VENDITE>950,798000</SUD_VENDITE>
    <AUST_VENDITE>0,000000</AUST_VENDITE>
    <BRNN_VENDITE>1171,167000</BRNN_VENDITE>
    <COAC_VENDITE>0,000000</COAC_VENDITE>
    <CORS_VENDITE>0,000000</CORS_VENDITE>
    <FOGN_VENDITE>2,121000</FOGN_VENDITE>
    <FRAN_VENDITE>99,000000</FRAN_VENDITE>
    <GREC_VENDITE>446,000000</GREC_VENDITE>
    <MFTV_VENDITE>0,000000</MFTV_VENDITE>
    <PRGP_VENDITE>0,000000</PRGP_VENDITE>
    <ROSN_VENDITE>913,802000</ROSN_VENDITE>
    <SLOV_VENDITE>0,000000</SLOV_VENDITE>
    <SVIZ_VENDITE>1508,000000</SVIZ_VENDITE>
    <BSP_VENDITE>260,000000</BSP_VENDITE>
    <MALT_VENDITE>0,000000</MALT_VENDITE>
    <XAUS_VENDITE>112,000000</XAUS_VENDITE>
    <XFRA_VENDITE>1021,000000</XFRA_VENDITE>
    <TOTITABSP_VENDITE>22787,079</TOTITABSP_VENDITE>
    <TOTITABSP_ACQUISTI>23920,079</TOTITABSP_ACQUISTI>
  </Quantita>
  <Quantita>
    <Data>20180430</Data>
    <Mercato>MGP</Mercato>
    <Ora>2</Ora>
    <TOTALE_ACQUISTI>22683,193</TOTALE_ACQUISTI>
    <NAT_ACQUISTI>22683,193000</NAT_ACQUISTI>
    <CNOR_ACQUISTI>2327,716000</CNOR_ACQUISTI>
    <CSUD_ACQUISTI>3573,578000</CSUD_ACQUISTI>
    <NORD_ACQUISTI>12005,584000</NORD_ACQUISTI>
    <SARD_ACQUISTI>813,898000</SARD_ACQUISTI>
    <SICI_ACQUISTI>1447,582000</SICI_ACQUISTI>
    <SUD_ACQUISTI>1990,835000</SUD_ACQUISTI>
    <AUST_ACQUISTI>0,000000</AUST_ACQUISTI>
    <BRNN_ACQUISTI>0,000000</BRNN_ACQUISTI>
    <COAC_ACQUISTI>20,000000</COAC_ACQUISTI>
    <CORS_ACQUISTI>5,000000</CORS_ACQUISTI>
    <FOGN_ACQUISTI>0,000000</FOGN_ACQUISTI>
    <FRAN_ACQUISTI>0,000000</FRAN_ACQUISTI>
    <GREC_ACQUISTI>458,000000</GREC_ACQUISTI>
    <MFTV_ACQUISTI>0,000000</MFTV_ACQUISTI>
    <PRGP_ACQUISTI>0,000000</PRGP_ACQUISTI>
    <ROSN_ACQUISTI>0,000000</ROSN_ACQUISTI>
    <SLOV_ACQUISTI>0,000000</SLOV_ACQUISTI>
    <SVIZ_ACQUISTI>0,000000</SVIZ_ACQUISTI>
    <BSP_ACQUISTI>0,000000</BSP_ACQUISTI>
    <MALT_ACQUISTI>41,000000</MALT_ACQUISTI>
    <XAUS_ACQUISTI>0,000000</XAUS_ACQUISTI>
    <XFRA_ACQUISTI>0,000000</XFRA_ACQUISTI>
    <TOTALE_VENDITE>21290,193</TOTALE_VENDITE>
    <NAT_VENDITE>22683,193000</NAT_VENDITE>
    <CNOR_VENDITE>1459,913000</CNOR_VENDITE>
    <CSUD_VENDITE>1064,667000</CSUD_VENDITE>
    <NORD_VENDITE>12273,387000</NORD_VENDITE>
    <SARD_VENDITE>745,371000</SARD_VENDITE>
    <SICI_VENDITE>815,898000</SICI_VENDITE>
    <SUD_VENDITE>904,774000</SUD_VENDITE>
    <AUST_VENDITE>0,000000</AUST_VENDITE>
    <BRNN_VENDITE>1170,961000</BRNN_VENDITE>
    <COAC_VENDITE>0,000000</COAC_VENDITE>
    <CORS_VENDITE>0,000000</CORS_VENDITE>
    <FOGN_VENDITE>2,836000</FOGN_VENDITE>
    <FRAN_VENDITE>99,000000</FRAN_VENDITE>
    <GREC_VENDITE>404,518000</GREC_VENDITE>
    <MFTV_VENDITE>0,000000</MFTV_VENDITE>
    <PRGP_VENDITE>0,000000</PRGP_VENDITE>
    <ROSN_VENDITE>840,868000</ROSN_VENDITE>
    <SLOV_VENDITE>0,000000</SLOV_VENDITE>
    <SVIZ_VENDITE>1508,000000</SVIZ_VENDITE>
    <BSP_VENDITE>260,000000</BSP_VENDITE>
    <MALT_VENDITE>0,000000</MALT_VENDITE>
    <XAUS_VENDITE>112,000000</XAUS_VENDITE>
    <XFRA_VENDITE>1021,000000</XFRA_VENDITE>
    <TOTITABSP_VENDITE>21550,193</TOTITABSP_VENDITE>
    <TOTITABSP_ACQUISTI>22683,193</TOTITABSP_ACQUISTI>
  </Quantita>
  <Quantita>
    <Data>20180430</Data>
    <Mercato>MGP</Mercato>
    <Ora>3</Ora>
    <TOTALE_ACQUISTI>22073,644</TOTALE_ACQUISTI>
    <NAT_ACQUISTI>22073,644000</NAT_ACQUISTI>
    <CNOR_ACQUISTI>2258,307000</CNOR_ACQUISTI>
    <CSUD_ACQUISTI>3430,809000</CSUD_ACQUISTI>
    <NORD_ACQUISTI>11753,613000</NORD_ACQUISTI>
    <SARD_ACQUISTI>791,457000</SARD_ACQUISTI>
    <SICI_ACQUISTI>1382,249000</SICI_ACQUISTI>
    <SUD_ACQUISTI>1924,209000</SUD_ACQUISTI>
    <AUST_ACQUISTI>0,000000</AUST_ACQUISTI>
    <BRNN_ACQUISTI>0,000000</BRNN_ACQUISTI>
    <COAC_ACQUISTI>20,000000</COAC_ACQUISTI>
    <CORS_ACQUISTI>5,000000</CORS_ACQUISTI>
    <FOGN_ACQUISTI>0,000000</FOGN_ACQUISTI>
    <FRAN_ACQUISTI>0,000000</FRAN_ACQUISTI>
    <GREC_ACQUISTI>468,000000</GREC_ACQUISTI>
    <MFTV_ACQUISTI>0,000000</MFTV_ACQUISTI>
    <PRGP_ACQUISTI>0,000000</PRGP_ACQUISTI>
    <ROSN_ACQUISTI>0,000000</ROSN_ACQUISTI>
    <SLOV_ACQUISTI>0,000000</SLOV_ACQUISTI>
    <SVIZ_ACQUISTI>0,000000</SVIZ_ACQUISTI>
    <BSP_ACQUISTI>0,000000</BSP_ACQUISTI>
    <MALT_ACQUISTI>40,000000</MALT_ACQUISTI>
    <XAUS_ACQUISTI>0,000000</XAUS_ACQUISTI>
    <XFRA_ACQUISTI>0,000000</XFRA_ACQUISTI>
    <TOTALE_VENDITE>20680,644</TOTALE_VENDITE>
    <NAT_VENDITE>22073,644000</NAT_VENDITE>
    <CNOR_VENDITE>1445,848000</CNOR_VENDITE>
    <CSUD_VENDITE>1074,630000</CSUD_VENDITE>
    <NORD_VENDITE>11623,919000</NORD_VENDITE>
    <SARD_VENDITE>738,565000</SARD_VENDITE>
    <SICI_VENDITE>798,893000</SICI_VENDITE>
    <SUD_VENDITE>911,487000</SUD_VENDITE>
    <AUST_VENDITE>0,000000</AUST_VENDITE>
    <BRNN_VENDITE>1170,820000</BRNN_VENDITE>
    <COAC_VENDITE>0,000000</COAC_VENDITE>
    <CORS_VENDITE>0,000000</CORS_VENDITE>
    <FOGN_VENDITE>3,702000</FOGN_VENDITE>
    <FRAN_VENDITE>99,000000</FRAN_VENDITE>
    <GREC_VENDITE>447,000000</GREC_VENDITE>
    <MFTV_VENDITE>0,000000</MFTV_VENDITE>
    <PRGP_VENDITE>0,000000</PRGP_VENDITE>
    <ROSN_VENDITE>858,780000</ROSN_VENDITE>
    <SLOV_VENDITE>0,000000</SLOV_VENDITE>
    <SVIZ_VENDITE>1508,000000</SVIZ_VENDITE>
    <BSP_VENDITE>260,000000</BSP_VENDITE>
    <MALT_VENDITE>0,000000</MALT_VENDITE>
    <XAUS_VENDITE>112,000000</XAUS_VENDITE>
    <XFRA_VENDITE>1021,000000</XFRA_VENDITE>
    <TOTITABSP_VENDITE>20940,644</TOTITABSP_VENDITE>
    <TOTITABSP_ACQUISTI>22073,644</TOTITABSP_ACQUISTI>
  </Quantita>
  <Quantita>
    <Data>20180430</Data>
    <Mercato>MGP</Mercato>
    <Ora>4</Ora>
    <TOTALE_ACQUISTI>21872,992</TOTALE_ACQUISTI>
    <NAT_ACQUISTI>21872,992000</NAT_ACQUISTI>
    <CNOR_ACQUISTI>2233,152000</CNOR_ACQUISTI>
    <CSUD_ACQUISTI>3372,558000</CSUD_ACQUISTI>
    <NORD_ACQUISTI>11676,658000</NORD_ACQUISTI>
    <SARD_ACQUISTI>785,070000</SARD_ACQUISTI>
    <SICI_ACQUISTI>1363,397000</SICI_ACQUISTI>
    <SUD_ACQUISTI>1898,157000</SUD_ACQUISTI>
    <AUST_ACQUISTI>0,000000</AUST_ACQUISTI>
    <BRNN_ACQUISTI>0,000000</BRNN_ACQUISTI>
    <COAC_ACQUISTI>20,000000</COAC_ACQUISTI>
    <CORS_ACQUISTI>5,000000</CORS_ACQUISTI>
    <FOGN_ACQUISTI>0,000000</FOGN_ACQUISTI>
    <FRAN_ACQUISTI>0,000000</FRAN_ACQUISTI>
    <GREC_ACQUISTI>483,000000</GREC_ACQUISTI>
    <MFTV_ACQUISTI>0,000000</MFTV_ACQUISTI>
    <PRGP_ACQUISTI>0,000000</PRGP_ACQUISTI>
    <ROSN_ACQUISTI>0,000000</ROSN_ACQUISTI>
    <SLOV_ACQUISTI>0,000000</SLOV_ACQUISTI>
    <SVIZ_ACQUISTI>0,000000</SVIZ_ACQUISTI>
    <BSP_ACQUISTI>0,000000</BSP_ACQUISTI>
    <MALT_ACQUISTI>36,000000</MALT_ACQUISTI>
    <XAUS_ACQUISTI>0,000000</XAUS_ACQUISTI>
    <XFRA_ACQUISTI>0,000000</XFRA_ACQUISTI>
    <TOTALE_VENDITE>20479,992</TOTALE_VENDITE>
    <NAT_VENDITE>21872,992000</NAT_VENDITE>
    <CNOR_VENDITE>1444,072000</CNOR_VENDITE>
    <CSUD_VENDITE>1094,373000</CSUD_VENDITE>
    <NORD_VENDITE>11401,624000</NORD_VENDITE>
    <SARD_VENDITE>724,872000</SARD_VENDITE>
    <SICI_VENDITE>829,101000</SICI_VENDITE>
    <SUD_VENDITE>940,591000</SUD_VENDITE>
    <AUST_VENDITE>0,000000</AUST_VENDITE>
    <BRNN_VENDITE>1170,828000</BRNN_VENDITE>
    <COAC_VENDITE>0,000000</COAC_VENDITE>
    <CORS_VENDITE>0,000000</CORS_VENDITE>
    <FOGN_VENDITE>4,437000</FOGN_VENDITE>
    <FRAN_VENDITE>99,000000</FRAN_VENDITE>
    <GREC_VENDITE>406,000000</GREC_VENDITE>
    <MFTV_VENDITE>0,000000</MFTV_VENDITE>
    <PRGP_VENDITE>0,000000</PRGP_VENDITE>
    <ROSN_VENDITE>857,094000</ROSN_VENDITE>
    <SLOV_VENDITE>0,000000</SLOV_VENDITE>
    <SVIZ_VENDITE>1508,000000</SVIZ_VENDITE>
    <BSP_VENDITE>260,000000</BSP_VENDITE>
    <MALT_VENDITE>0,000000</MALT_VENDITE>
    <XAUS_VENDITE>112,000000</XAUS_VENDITE>
    <XFRA_VENDITE>1021,000000</XFRA_VENDITE>
    <TOTITABSP_VENDITE>20739,992</TOTITABSP_VENDITE>
    <TOTITABSP_ACQUISTI>21872,992</TOTITABSP_ACQUISTI>
  </Quantita>
  <Quantita>
    <Data>20180430</Data>
    <Mercato>MGP</Mercato>
    <Ora>5</Ora>
    <TOTALE_ACQUISTI>22092,547</TOTALE_ACQUISTI>
    <NAT_ACQUISTI>22092,547000</NAT_ACQUISTI>
    <CNOR_ACQUISTI>2247,482000</CNOR_ACQUISTI>
    <CSUD_ACQUISTI>3380,602000</CSUD_ACQUISTI>
    <NORD_ACQUISTI>11897,584000</NORD_ACQUISTI>
    <SARD_ACQUISTI>784,810000</SARD_ACQUISTI>
    <SICI_ACQUISTI>1368,097000</SICI_ACQUISTI>
    <SUD_ACQUISTI>1910,972000</SUD_ACQUISTI>
    <AUST_ACQUISTI>0,000000</AUST_ACQUISTI>
    <BRNN_ACQUISTI>0,000000</BRNN_ACQUISTI>
    <COAC_ACQUISTI>20,000000</COAC_ACQUISTI>
    <CORS_ACQUISTI>5,000000</CORS_ACQUISTI>
    <FOGN_ACQUISTI>0,000000</FOGN_ACQUISTI>
    <FRAN_ACQUISTI>0,000000</FRAN_ACQUISTI>
    <GREC_ACQUISTI>433,000000</GREC_ACQUISTI>
    <MFTV_ACQUISTI>0,000000</MFTV_ACQUISTI>
    <PRGP_ACQUISTI>0,000000</PRGP_ACQUISTI>
    <ROSN_ACQUISTI>0,000000</ROSN_ACQUISTI>
    <SLOV_ACQUISTI>0,000000</SLOV_ACQUISTI>
    <SVIZ_ACQUISTI>0,000000</SVIZ_ACQUISTI>
    <BSP_ACQUISTI>0,000000</BSP_ACQUISTI>
    <MALT_ACQUISTI>45,000000</MALT_ACQUISTI>
    <XAUS_ACQUISTI>0,000000</XAUS_ACQUISTI>
    <XFRA_ACQUISTI>0,000000</XFRA_ACQUISTI>
    <TOTALE_VENDITE>20965,547</TOTALE_VENDITE>
    <NAT_VENDITE>22092,547000</NAT_VENDITE>
    <CNOR_VENDITE>1436,361000</CNOR_VENDITE>
    <CSUD_VENDITE>1118,055000</CSUD_VENDITE>
    <NORD_VENDITE>11972,095000</NORD_VENDITE>
    <SARD_VENDITE>711,787000</SARD_VENDITE>
    <SICI_VENDITE>854,442000</SICI_VENDITE>
    <SUD_VENDITE>965,299000</SUD_VENDITE>
    <AUST_VENDITE>0,000000</AUST_VENDITE>
    <BRNN_VENDITE>1170,830000</BRNN_VENDITE>
    <COAC_VENDITE>0,000000</COAC_VENDITE>
    <CORS_VENDITE>0,000000</CORS_VENDITE>
    <FOGN_VENDITE>4,918000</FOGN_VENDITE>
    <FRAN_VENDITE>99,000000</FRAN_VENDITE>
    <GREC_VENDITE>423,000000</GREC_VENDITE>
    <MFTV_VENDITE>0,000000</MFTV_VENDITE>
    <PRGP_VENDITE>0,000000</PRGP_VENDITE>
    <ROSN_VENDITE>935,760000</ROSN_VENDITE>
    <SLOV_VENDITE>0,000000</SLOV_VENDITE>
    <SVIZ_VENDITE>1274,000000</SVIZ_VENDITE>
    <BSP_VENDITE>210,000000</BSP_VENDITE>
    <MALT_VENDITE>0,000000</MALT_VENDITE>
    <XAUS_VENDITE>111,000000</XAUS_VENDITE>
    <XFRA_VENDITE>806,000000</XFRA_VENDITE>
    <TOTITABSP_VENDITE>21175,547</TOTITABSP_VENDITE>
    <TOTITABSP_ACQUISTI>22092,547</TOTITABSP_ACQUISTI>
  </Quantita>
  <Quantita>
    <Data>20180430</Data>
    <Mercato>MGP</Mercato>
    <Ora>6</Ora>
    <TOTALE_ACQUISTI>23319,114</TOTALE_ACQUISTI>
    <NAT_ACQUISTI>23319,114000</NAT_ACQUISTI>
    <CNOR_ACQUISTI>2376,116000</CNOR_ACQUISTI>
    <CSUD_ACQUISTI>3542,496000</CSUD_ACQUISTI>
    <NORD_ACQUISTI>12650,113000</NORD_ACQUISTI>
    <SARD_ACQUISTI>816,326000</SARD_ACQUISTI>
    <SICI_ACQUISTI>1447,839000</SICI_ACQUISTI>
    <SUD_ACQUISTI>1973,224000</SUD_ACQUISTI>
    <AUST_ACQUISTI>0,000000</AUST_ACQUISTI>
    <BRNN_ACQUISTI>0,000000</BRNN_ACQUISTI>
    <COAC_ACQUISTI>20,000000</COAC_ACQUISTI>
    <CORS_ACQUISTI>5,000000</CORS_ACQUISTI>
    <FOGN_ACQUISTI>0,000000</FOGN_ACQUISTI>
    <FRAN_ACQUISTI>0,000000</FRAN_ACQUISTI>
    <GREC_ACQUISTI>413,000000</GREC_ACQUISTI>
    <MFTV_ACQUISTI>0,000000</MFTV_ACQUISTI>
    <PRGP_ACQUISTI>0,000000</PRGP_ACQUISTI>
    <ROSN_ACQUISTI>0,000000</ROSN_ACQUISTI>
    <SLOV_ACQUISTI>0,000000</SLOV_ACQUISTI>
    <SVIZ_ACQUISTI>0,000000</SVIZ_ACQUISTI>
    <BSP_ACQUISTI>0,000000</BSP_ACQUISTI>
    <MALT_ACQUISTI>75,000000</MALT_ACQUISTI>
    <XAUS_ACQUISTI>0,000000</XAUS_ACQUISTI>
    <XFRA_ACQUISTI>0,000000</XFRA_ACQUISTI>
    <TOTALE_VENDITE>22921,114</TOTALE_VENDITE>
    <NAT_VENDITE>23319,114000</NAT_VENDITE>
    <CNOR_VENDITE>1718,758000</CNOR_VENDITE>
    <CSUD_VENDITE>1124,794000</CSUD_VENDITE>
    <NORD_VENDITE>14420,475000</NORD_VENDITE>
    <SARD_VENDITE>697,081000</SARD_VENDITE>
    <SICI_VENDITE>904,450000</SICI_VENDITE>
    <SUD_VENDITE>1085,197000</SUD_VENDITE>
    <AUST_VENDITE>0,000000</AUST_VENDITE>
    <BRNN_VENDITE>1170,631000</BRNN_VENDITE>
    <COAC_VENDITE>0,000000</COAC_VENDITE>
    <CORS_VENDITE>0,000000</CORS_VENDITE>
    <FOGN_VENDITE>6,232000</FOGN_VENDITE>
    <FRAN_VENDITE>99,000000</FRAN_VENDITE>
    <GREC_VENDITE>385,000000</GREC_VENDITE>
    <MFTV_VENDITE>0,000000</MFTV_VENDITE>
    <PRGP_VENDITE>0,000000</PRGP_VENDITE>
    <ROSN_VENDITE>806,496000</ROSN_VENDITE>
    <SLOV_VENDITE>0,000000</SLOV_VENDITE>
    <SVIZ_VENDITE>503,000000</SVIZ_VENDITE>
    <BSP_VENDITE>87,000000</BSP_VENDITE>
    <MALT_VENDITE>0,000000</MALT_VENDITE>
    <XAUS_VENDITE>37,000000</XAUS_VENDITE>
    <XFRA_VENDITE>274,000000</XFRA_VENDITE>
    <TOTITABSP_VENDITE>23008,114</TOTITABSP_VENDITE>
    <TOTITABSP_ACQUISTI>23319,114</TOTITABSP_ACQUISTI>
  </Quantita>
  <Quantita>
    <Data>20180430</Data>
    <Mercato>MGP</Mercato>
    <Ora>7</Ora>
    <TOTALE_ACQUISTI>25032,481</TOTALE_ACQUISTI>
    <NAT_ACQUISTI>25032,481000</NAT_ACQUISTI>
    <CNOR_ACQUISTI>2540,656000</CNOR_ACQUISTI>
    <CSUD_ACQUISTI>3724,628000</CSUD_ACQUISTI>
    <NORD_ACQUISTI>13937,267000</NORD_ACQUISTI>
    <SARD_ACQUISTI>838,062000</SARD_ACQUISTI>
    <SICI_ACQUISTI>1499,665000</SICI_ACQUISTI>
    <SUD_ACQUISTI>1978,203000</SUD_ACQUISTI>
    <AUST_ACQUISTI>0,000000</AUST_ACQUISTI>
    <BRNN_ACQUISTI>0,000000</BRNN_ACQUISTI>
    <COAC_ACQUISTI>20,000000</COAC_ACQUISTI>
    <CORS_ACQUISTI>5,000000</CORS_ACQUISTI>
    <FOGN_ACQUISTI>0,000000</FOGN_ACQUISTI>
    <FRAN_ACQUISTI>0,000000</FRAN_ACQUISTI>
    <GREC_ACQUISTI>378,000000</GREC_ACQUISTI>
    <MFTV_ACQUISTI>0,000000</MFTV_ACQUISTI>
    <PRGP_ACQUISTI>0,000000</PRGP_ACQUISTI>
    <ROSN_ACQUISTI>0,000000</ROSN_ACQUISTI>
    <SLOV_ACQUISTI>0,000000</SLOV_ACQUISTI>
    <SVIZ_ACQUISTI>0,000000</SVIZ_ACQUISTI>
    <BSP_ACQUISTI>0,000000</BSP_ACQUISTI>
    <MALT_ACQUISTI>111,000000</MALT_ACQUISTI>
    <XAUS_ACQUISTI>0,000000</XAUS_ACQUISTI>
    <XFRA_ACQUISTI>0,000000</XFRA_ACQUISTI>
    <TOTALE_VENDITE>24634,481</TOTALE_VENDITE>
    <NAT_VENDITE>25032,481000</NAT_VENDITE>
    <CNOR_VENDITE>1753,780000</CNOR_VENDITE>
    <CSUD_VENDITE>1785,331000</CSUD_VENDITE>
    <NORD_VENDITE>15070,590000</NORD_VENDITE>
    <SARD_VENDITE>672,037000</SARD_VENDITE>
    <SICI_VENDITE>891,510000</SICI_VENDITE>
    <SUD_VENDITE>1202,972000</SUD_VENDITE>
    <AUST_VENDITE>0,000000</AUST_VENDITE>
    <BRNN_VENDITE>1216,776000</BRNN_VENDITE>
    <COAC_VENDITE>0,000000</COAC_VENDITE>
    <CORS_VENDITE>0,000000</CORS_VENDITE>
    <FOGN_VENDITE>216,974000</FOGN_VENDITE>
    <FRAN_VENDITE>99,000000</FRAN_VENDITE>
    <GREC_VENDITE>281,000000</GREC_VENDITE>
    <MFTV_VENDITE>0,000000</MFTV_VENDITE>
    <PRGP_VENDITE>0,317000</PRGP_VENDITE>
    <ROSN_VENDITE>941,194000</ROSN_VENDITE>
    <SLOV_VENDITE>0,000000</SLOV_VENDITE>
    <SVIZ_VENDITE>503,000000</SVIZ_VENDITE>
    <BSP_VENDITE>87,000000</BSP_VENDITE>
    <MALT_VENDITE>0,000000</MALT_VENDITE>
    <XAUS_VENDITE>37,000000</XAUS_VENDITE>
    <XFRA_VENDITE>274,000000</XFRA_VENDITE>
    <TOTITABSP_VENDITE>24721,481</TOTITABSP_VENDITE>
    <TOTITABSP_ACQUISTI>25032,481</TOTITABSP_ACQUISTI>
  </Quantita>
  <Quantita>
    <Data>20180430</Data>
    <Mercato>MGP</Mercato>
    <Ora>8</Ora>
    <TOTALE_ACQUISTI>28232,777</TOTALE_ACQUISTI>
    <NAT_ACQUISTI>28232,777000</NAT_ACQUISTI>
    <CNOR_ACQUISTI>2932,275000</CNOR_ACQUISTI>
    <CSUD_ACQUISTI>4255,798000</CSUD_ACQUISTI>
    <NORD_ACQUISTI>15894,521000</NORD_ACQUISTI>
    <SARD_ACQUISTI>930,587000</SARD_ACQUISTI>
    <SICI_ACQUISTI>1727,411000</SICI_ACQUISTI>
    <SUD_ACQUISTI>2292,185000</SUD_ACQUISTI>
    <AUST_ACQUISTI>0,000000</AUST_ACQUISTI>
    <BRNN_ACQUISTI>0,000000</BRNN_ACQUISTI>
    <COAC_ACQUISTI>20,000000</COAC_ACQUISTI>
    <CORS_ACQUISTI>5,000000</CORS_ACQUISTI>
    <FOGN_ACQUISTI>0,000000</FOGN_ACQUISTI>
    <FRAN_ACQUISTI>0,000000</FRAN_ACQUISTI>
    <GREC_ACQUISTI>45,000000</GREC_ACQUISTI>
    <MFTV_ACQUISTI>0,000000</MFTV_ACQUISTI>
    <PRGP_ACQUISTI>0,000000</PRGP_ACQUISTI>
    <ROSN_ACQUISTI>0,000000</ROSN_ACQUISTI>
    <SLOV_ACQUISTI>0,000000</SLOV_ACQUISTI>
    <SVIZ_ACQUISTI>0,000000</SVIZ_ACQUISTI>
    <BSP_ACQUISTI>0,000000</BSP_ACQUISTI>
    <MALT_ACQUISTI>130,000000</MALT_ACQUISTI>
    <XAUS_ACQUISTI>0,000000</XAUS_ACQUISTI>
    <XFRA_ACQUISTI>0,000000</XFRA_ACQUISTI>
    <TOTALE_VENDITE>27834,777</TOTALE_VENDITE>
    <NAT_VENDITE>28232,777000</NAT_VENDITE>
    <CNOR_VENDITE>2468,926000</CNOR_VENDITE>
    <CSUD_VENDITE>1988,092000</CSUD_VENDITE>
    <NORD_VENDITE>16293,694000</NORD_VENDITE>
    <SARD_VENDITE>691,266000</SARD_VENDITE>
    <SICI_VENDITE>969,428000</SICI_VENDITE>
    <SUD_VENDITE>1503,494000</SUD_VENDITE>
    <AUST_VENDITE>0,000000</AUST_VENDITE>
    <BRNN_VENDITE>1338,739000</BRNN_VENDITE>
    <COAC_VENDITE>0,000000</COAC_VENDITE>
    <CORS_VENDITE>0,000000</CORS_VENDITE>
    <FOGN_VENDITE>429,173000</FOGN_VENDITE>
    <FRAN_VENDITE>99,000000</FRAN_VENDITE>
    <GREC_VENDITE>247,000000</GREC_VENDITE>
    <MFTV_VENDITE>0,000000</MFTV_VENDITE>
    <PRGP_VENDITE>1,789000</PRGP_VENDITE>
    <ROSN_VENDITE>1301,176000</ROSN_VENDITE>
    <SLOV_VENDITE>0,000000</SLOV_VENDITE>
    <SVIZ_VENDITE>503,000000</SVIZ_VENDITE>
    <BSP_VENDITE>87,000000</BSP_VENDITE>
    <MALT_VENDITE>0,000000</MALT_VENDITE>
    <XAUS_VENDITE>37,000000</XAUS_VENDITE>
    <XFRA_VENDITE>274,000000</XFRA_VENDITE>
    <TOTITABSP_VENDITE>27921,777</TOTITABSP_VENDITE>
    <TOTITABSP_ACQUISTI>28232,777</TOTITABSP_ACQUISTI>
  </Quantita>
  <Quantita>
    <Data>20180430</Data>
    <Mercato>MGP</Mercato>
    <Ora>9</Ora>
    <TOTALE_ACQUISTI>31930,222</TOTALE_ACQUISTI>
    <NAT_ACQUISTI>31930,222000</NAT_ACQUISTI>
    <CNOR_ACQUISTI>3362,442000</CNOR_ACQUISTI>
    <CSUD_ACQUISTI>4904,805000</CSUD_ACQUISTI>
    <NORD_ACQUISTI>17880,224000</NORD_ACQUISTI>
    <SARD_ACQUISTI>1023,768000</SARD_ACQUISTI>
    <SICI_ACQUISTI>1977,452000</SICI_ACQUISTI>
    <SUD_ACQUISTI>2591,531000</SUD_ACQUISTI>
    <AUST_ACQUISTI>0,000000</AUST_ACQUISTI>
    <BRNN_ACQUISTI>0,000000</BRNN_ACQUISTI>
    <COAC_ACQUISTI>20,000000</COAC_ACQUISTI>
    <CORS_ACQUISTI>5,000000</CORS_ACQUISTI>
    <FOGN_ACQUISTI>0,000000</FOGN_ACQUISTI>
    <FRAN_ACQUISTI>0,000000</FRAN_ACQUISTI>
    <GREC_ACQUISTI>40,000000</GREC_ACQUISTI>
    <MFTV_ACQUISTI>0,000000</MFTV_ACQUISTI>
    <PRGP_ACQUISTI>0,000000</PRGP_ACQUISTI>
    <ROSN_ACQUISTI>0,000000</ROSN_ACQUISTI>
    <SLOV_ACQUISTI>0,000000</SLOV_ACQUISTI>
    <SVIZ_ACQUISTI>0,000000</SVIZ_ACQUISTI>
    <BSP_ACQUISTI>0,000000</BSP_ACQUISTI>
    <MALT_ACQUISTI>125,000000</MALT_ACQUISTI>
    <XAUS_ACQUISTI>0,000000</XAUS_ACQUISTI>
    <XFRA_ACQUISTI>0,000000</XFRA_ACQUISTI>
    <TOTALE_VENDITE>31532,222</TOTALE_VENDITE>
    <NAT_VENDITE>31930,222000</NAT_VENDITE>
    <CNOR_VENDITE>2869,668000</CNOR_VENDITE>
    <CSUD_VENDITE>2563,615000</CSUD_VENDITE>
    <NORD_VENDITE>17848,053000</NORD_VENDITE>
    <SARD_VENDITE>788,581000</SARD_VENDITE>
    <SICI_VENDITE>1154,189000</SICI_VENDITE>
    <SUD_VENDITE>2134,302000</SUD_VENDITE>
    <AUST_VENDITE>0,000000</AUST_VENDITE>
    <BRNN_VENDITE>1334,128000</BRNN_VENDITE>
    <COAC_VENDITE>0,000000</COAC_VENDITE>
    <CORS_VENDITE>0,000000</CORS_VENDITE>
    <FOGN_VENDITE>553,694000</FOGN_VENDITE>
    <FRAN_VENDITE>99,000000</FRAN_VENDITE>
    <GREC_VENDITE>187,000000</GREC_VENDITE>
    <MFTV_VENDITE>0,000000</MFTV_VENDITE>
    <PRGP_VENDITE>3,917000</PRGP_VENDITE>
    <ROSN_VENDITE>1493,075000</ROSN_VENDITE>
    <SLOV_VENDITE>0,000000</SLOV_VENDITE>
    <SVIZ_VENDITE>503,000000</SVIZ_VENDITE>
    <BSP_VENDITE>87,000000</BSP_VENDITE>
    <MALT_VENDITE>0,000000</MALT_VENDITE>
    <XAUS_VENDITE>37,000000</XAUS_VENDITE>
    <XFRA_VENDITE>274,000000</XFRA_VENDITE>
    <TOTITABSP_VENDITE>31619,222</TOTITABSP_VENDITE>
    <TOTITABSP_ACQUISTI>31930,222</TOTITABSP_ACQUISTI>
  </Quantita>
  <Quantita>
    <Data>20180430</Data>
    <Mercato>MGP</Mercato>
    <Ora>10</Ora>
    <TOTALE_ACQUISTI>32870,288</TOTALE_ACQUISTI>
    <NAT_ACQUISTI>32870,288000</NAT_ACQUISTI>
    <CNOR_ACQUISTI>3483,476000</CNOR_ACQUISTI>
    <CSUD_ACQUISTI>5166,502000</CSUD_ACQUISTI>
    <NORD_ACQUISTI>18351,656000</NORD_ACQUISTI>
    <SARD_ACQUISTI>1014,296000</SARD_ACQUISTI>
    <SICI_ACQUISTI>2032,426000</SICI_ACQUISTI>
    <SUD_ACQUISTI>2615,932000</SUD_ACQUISTI>
    <AUST_ACQUISTI>0,000000</AUST_ACQUISTI>
    <BRNN_ACQUISTI>0,000000</BRNN_ACQUISTI>
    <COAC_ACQUISTI>20,000000</COAC_ACQUISTI>
    <CORS_ACQUISTI>5,000000</CORS_ACQUISTI>
    <FOGN_ACQUISTI>0,000000</FOGN_ACQUISTI>
    <FRAN_ACQUISTI>0,000000</FRAN_ACQUISTI>
    <GREC_ACQUISTI>75,000000</GREC_ACQUISTI>
    <MFTV_ACQUISTI>0,000000</MFTV_ACQUISTI>
    <PRGP_ACQUISTI>0,000000</PRGP_ACQUISTI>
    <ROSN_ACQUISTI>0,000000</ROSN_ACQUISTI>
    <SLOV_ACQUISTI>0,000000</SLOV_ACQUISTI>
    <SVIZ_ACQUISTI>0,000000</SVIZ_ACQUISTI>
    <BSP_ACQUISTI>0,000000</BSP_ACQUISTI>
    <MALT_ACQUISTI>106,000000</MALT_ACQUISTI>
    <XAUS_ACQUISTI>0,000000</XAUS_ACQUISTI>
    <XFRA_ACQUISTI>0,000000</XFRA_ACQUISTI>
    <TOTALE_VENDITE>32472,288</TOTALE_VENDITE>
    <NAT_VENDITE>32870,288000</NAT_VENDITE>
    <CNOR_VENDITE>3065,487000</CNOR_VENDITE>
    <CSUD_VENDITE>2955,513000</CSUD_VENDITE>
    <NORD_VENDITE>18304,688000</NORD_VENDITE>
    <SARD_VENDITE>879,045000</SARD_VENDITE>
    <SICI_VENDITE>1289,777000</SICI_VENDITE>
    <SUD_VENDITE>2631,904000</SUD_VENDITE>
    <AUST_VENDITE>0,000000</AUST_VENDITE>
    <BRNN_VENDITE>1332,033000</BRNN_VENDITE>
    <COAC_VENDITE>0,000000</COAC_VENDITE>
    <CORS_VENDITE>0,000000</CORS_VENDITE>
    <FOGN_VENDITE>474,510000</FOGN_VENDITE>
    <FRAN_VENDITE>99,000000</FRAN_VENDITE>
    <GREC_VENDITE>165,000000</GREC_VENDITE>
    <MFTV_VENDITE>0,000000</MFTV_VENDITE>
    <PRGP_VENDITE>6,066000</PRGP_VENDITE>
    <ROSN_VENDITE>766,265000</ROSN_VENDITE>
    <SLOV_VENDITE>0,000000</SLOV_VENDITE>
    <SVIZ_VENDITE>503,000000</SVIZ_VENDITE>
    <BSP_VENDITE>87,000000</BSP_VENDITE>
    <MALT_VENDITE>0,000000</MALT_VENDITE>
    <XAUS_VENDITE>37,000000</XAUS_VENDITE>
    <XFRA_VENDITE>274,000000</XFRA_VENDITE>
    <TOTITABSP_VENDITE>32559,288</TOTITABSP_VENDITE>
    <TOTITABSP_ACQUISTI>32870,288</TOTITABSP_ACQUISTI>
  </Quantita>
  <Quantita>
    <Data>20180430</Data>
    <Mercato>MGP</Mercato>
    <Ora>11</Ora>
    <TOTALE_ACQUISTI>32904,603</TOTALE_ACQUISTI>
    <NAT_ACQUISTI>32904,603000</NAT_ACQUISTI>
    <CNOR_ACQUISTI>3473,552000</CNOR_ACQUISTI>
    <CSUD_ACQUISTI>5191,833000</CSUD_ACQUISTI>
    <NORD_ACQUISTI>18142,077000</NORD_ACQUISTI>
    <SARD_ACQUISTI>977,416000</SARD_ACQUISTI>
    <SICI_ACQUISTI>1990,915000</SICI_ACQUISTI>
    <SUD_ACQUISTI>2573,810000</SUD_ACQUISTI>
    <AUST_ACQUISTI>0,000000</AUST_ACQUISTI>
    <BRNN_ACQUISTI>0,000000</BRNN_ACQUISTI>
    <COAC_ACQUISTI>20,000000</COAC_ACQUISTI>
    <CORS_ACQUISTI>5,000000</CORS_ACQUISTI>
    <FOGN_ACQUISTI>0,000000</FOGN_ACQUISTI>
    <FRAN_ACQUISTI>0,000000</FRAN_ACQUISTI>
    <GREC_ACQUISTI>438,000000</GREC_ACQUISTI>
    <MFTV_ACQUISTI>0,000000</MFTV_ACQUISTI>
    <PRGP_ACQUISTI>0,000000</PRGP_ACQUISTI>
    <ROSN_ACQUISTI>0,000000</ROSN_ACQUISTI>
    <SLOV_ACQUISTI>0,000000</SLOV_ACQUISTI>
    <SVIZ_ACQUISTI>0,000000</SVIZ_ACQUISTI>
    <BSP_ACQUISTI>0,000000</BSP_ACQUISTI>
    <MALT_ACQUISTI>92,000000</MALT_ACQUISTI>
    <XAUS_ACQUISTI>0,000000</XAUS_ACQUISTI>
    <XFRA_ACQUISTI>0,000000</XFRA_ACQUISTI>
    <TOTALE_VENDITE>32506,603</TOTALE_VENDITE>
    <NAT_VENDITE>32904,603000</NAT_VENDITE>
    <CNOR_VENDITE>2899,057000</CNOR_VENDITE>
    <CSUD_VENDITE>3305,548000</CSUD_VENDITE>
    <NORD_VENDITE>17543,029000</NORD_VENDITE>
    <SARD_VENDITE>1001,676000</SARD_VENDITE>
    <SICI_VENDITE>1389,445000</SICI_VENDITE>
    <SUD_VENDITE>3063,195000</SUD_VENDITE>
    <AUST_VENDITE>0,000000</AUST_VENDITE>
    <BRNN_VENDITE>1325,629000</BRNN_VENDITE>
    <COAC_VENDITE>0,000000</COAC_VENDITE>
    <CORS_VENDITE>0,000000</CORS_VENDITE>
    <FOGN_VENDITE>464,176000</FOGN_VENDITE>
    <FRAN_VENDITE>99,000000</FRAN_VENDITE>
    <GREC_VENDITE>131,000000</GREC_VENDITE>
    <MFTV_VENDITE>0,000000</MFTV_VENDITE>
    <PRGP_VENDITE>7,689000</PRGP_VENDITE>
    <ROSN_VENDITE>774,159000</ROSN_VENDITE>
    <SLOV_VENDITE>0,000000</SLOV_VENDITE>
    <SVIZ_VENDITE>503,000000</SVIZ_VENDITE>
    <BSP_VENDITE>87,000000</BSP_VENDITE>
    <MALT_VENDITE>0,000000</MALT_VENDITE>
    <XAUS_VENDITE>37,000000</XAUS_VENDITE>
    <XFRA_VENDITE>274,000000</XFRA_VENDITE>
    <TOTITABSP_VENDITE>32593,603</TOTITABSP_VENDITE>
    <TOTITABSP_ACQUISTI>32904,603</TOTITABSP_ACQUISTI>
  </Quantita>
  <Quantita>
    <Data>20180430</Data>
    <Mercato>MGP</Mercato>
    <Ora>12</Ora>
    <TOTALE_ACQUISTI>32477,596</TOTALE_ACQUISTI>
    <NAT_ACQUISTI>32477,596000</NAT_ACQUISTI>
    <CNOR_ACQUISTI>3443,226000</CNOR_ACQUISTI>
    <CSUD_ACQUISTI>5147,121000</CSUD_ACQUISTI>
    <NORD_ACQUISTI>17878,526000</NORD_ACQUISTI>
    <SARD_ACQUISTI>946,191000</SARD_ACQUISTI>
    <SICI_ACQUISTI>1931,209000</SICI_ACQUISTI>
    <SUD_ACQUISTI>2560,323000</SUD_ACQUISTI>
    <AUST_ACQUISTI>0,000000</AUST_ACQUISTI>
    <BRNN_ACQUISTI>0,000000</BRNN_ACQUISTI>
    <COAC_ACQUISTI>20,000000</COAC_ACQUISTI>
    <CORS_ACQUISTI>5,000000</CORS_ACQUISTI>
    <FOGN_ACQUISTI>0,000000</FOGN_ACQUISTI>
    <FRAN_ACQUISTI>0,000000</FRAN_ACQUISTI>
    <GREC_ACQUISTI>468,000000</GREC_ACQUISTI>
    <MFTV_ACQUISTI>0,000000</MFTV_ACQUISTI>
    <PRGP_ACQUISTI>0,000000</PRGP_ACQUISTI>
    <ROSN_ACQUISTI>0,000000</ROSN_ACQUISTI>
    <SLOV_ACQUISTI>0,000000</SLOV_ACQUISTI>
    <SVIZ_ACQUISTI>0,000000</SVIZ_ACQUISTI>
    <BSP_ACQUISTI>0,000000</BSP_ACQUISTI>
    <MALT_ACQUISTI>78,000000</MALT_ACQUISTI>
    <XAUS_ACQUISTI>0,000000</XAUS_ACQUISTI>
    <XFRA_ACQUISTI>0,000000</XFRA_ACQUISTI>
    <TOTALE_VENDITE>32079,596</TOTALE_VENDITE>
    <NAT_VENDITE>32477,596000</NAT_VENDITE>
    <CNOR_VENDITE>2940,730000</CNOR_VENDITE>
    <CSUD_VENDITE>2961,789000</CSUD_VENDITE>
    <NORD_VENDITE>17167,209000</NORD_VENDITE>
    <SARD_VENDITE>1082,756000</SARD_VENDITE>
    <SICI_VENDITE>1472,029000</SICI_VENDITE>
    <SUD_VENDITE>3330,618000</SUD_VENDITE>
    <AUST_VENDITE>0,000000</AUST_VENDITE>
    <BRNN_VENDITE>1179,480000</BRNN_VENDITE>
    <COAC_VENDITE>0,000000</COAC_VENDITE>
    <CORS_VENDITE>0,000000</CORS_VENDITE>
    <FOGN_VENDITE>428,317000</FOGN_VENDITE>
    <FRAN_VENDITE>99,000000</FRAN_VENDITE>
    <GREC_VENDITE>127,000000</GREC_VENDITE>
    <MFTV_VENDITE>0,000000</MFTV_VENDITE>
    <PRGP_VENDITE>8,579000</PRGP_VENDITE>
    <ROSN_VENDITE>779,089000</ROSN_VENDITE>
    <SLOV_VENDITE>0,000000</SLOV_VENDITE>
    <SVIZ_VENDITE>503,000000</SVIZ_VENDITE>
    <BSP_VENDITE>87,000000</BSP_VENDITE>
    <MALT_VENDITE>0,000000</MALT_VENDITE>
    <XAUS_VENDITE>37,000000</XAUS_VENDITE>
    <XFRA_VENDITE>274,000000</XFRA_VENDITE>
    <TOTITABSP_VENDITE>32166,596</TOTITABSP_VENDITE>
    <TOTITABSP_ACQUISTI>32477,596</TOTITABSP_ACQUISTI>
  </Quantita>
  <Quantita>
    <Data>20180430</Data>
    <Mercato>MGP</Mercato>
    <Ora>13</Ora>
    <TOTALE_ACQUISTI>31300,326</TOTALE_ACQUISTI>
    <NAT_ACQUISTI>31300,326000</NAT_ACQUISTI>
    <CNOR_ACQUISTI>3299,711000</CNOR_ACQUISTI>
    <CSUD_ACQUISTI>5133,316000</CSUD_ACQUISTI>
    <NORD_ACQUISTI>16848,340000</NORD_ACQUISTI>
    <SARD_ACQUISTI>933,956000</SARD_ACQUISTI>
    <SICI_ACQUISTI>1912,625000</SICI_ACQUISTI>
    <SUD_ACQUISTI>2574,378000</SUD_ACQUISTI>
    <AUST_ACQUISTI>0,000000</AUST_ACQUISTI>
    <BRNN_ACQUISTI>0,000000</BRNN_ACQUISTI>
    <COAC_ACQUISTI>20,000000</COAC_ACQUISTI>
    <CORS_ACQUISTI>5,000000</CORS_ACQUISTI>
    <FOGN_ACQUISTI>0,000000</FOGN_ACQUISTI>
    <FRAN_ACQUISTI>0,000000</FRAN_ACQUISTI>
    <GREC_ACQUISTI>503,000000</GREC_ACQUISTI>
    <MFTV_ACQUISTI>0,000000</MFTV_ACQUISTI>
    <PRGP_ACQUISTI>0,000000</PRGP_ACQUISTI>
    <ROSN_ACQUISTI>0,000000</ROSN_ACQUISTI>
    <SLOV_ACQUISTI>0,000000</SLOV_ACQUISTI>
    <SVIZ_ACQUISTI>0,000000</SVIZ_ACQUISTI>
    <BSP_ACQUISTI>0,000000</BSP_ACQUISTI>
    <MALT_ACQUISTI>70,000000</MALT_ACQUISTI>
    <XAUS_ACQUISTI>0,000000</XAUS_ACQUISTI>
    <XFRA_ACQUISTI>0,000000</XFRA_ACQUISTI>
    <TOTALE_VENDITE>30902,326</TOTALE_VENDITE>
    <NAT_VENDITE>31300,326000</NAT_VENDITE>
    <CNOR_VENDITE>2747,427000</CNOR_VENDITE>
    <CSUD_VENDITE>3096,933000</CSUD_VENDITE>
    <NORD_VENDITE>15895,319000</NORD_VENDITE>
    <SARD_VENDITE>1112,339000</SARD_VENDITE>
    <SICI_VENDITE>1516,765000</SICI_VENDITE>
    <SUD_VENDITE>3521,820000</SUD_VENDITE>
    <AUST_VENDITE>0,000000</AUST_VENDITE>
    <BRNN_VENDITE>1180,551000</BRNN_VENDITE>
    <COAC_VENDITE>0,000000</COAC_VENDITE>
    <CORS_VENDITE>0,000000</CORS_VENDITE>
    <FOGN_VENDITE>312,664000</FOGN_VENDITE>
    <FRAN_VENDITE>99,000000</FRAN_VENDITE>
    <GREC_VENDITE>126,000000</GREC_VENDITE>
    <MFTV_VENDITE>0,000000</MFTV_VENDITE>
    <PRGP_VENDITE>8,851000</PRGP_VENDITE>
    <ROSN_VENDITE>781,657000</ROSN_VENDITE>
    <SLOV_VENDITE>0,000000</SLOV_VENDITE>
    <SVIZ_VENDITE>503,000000</SVIZ_VENDITE>
    <BSP_VENDITE>87,000000</BSP_VENDITE>
    <MALT_VENDITE>0,000000</MALT_VENDITE>
    <XAUS_VENDITE>37,000000</XAUS_VENDITE>
    <XFRA_VENDITE>274,000000</XFRA_VENDITE>
    <TOTITABSP_VENDITE>30989,326</TOTITABSP_VENDITE>
    <TOTITABSP_ACQUISTI>31300,326</TOTITABSP_ACQUISTI>
  </Quantita>
  <Quantita>
    <Data>20180430</Data>
    <Mercato>MGP</Mercato>
    <Ora>14</Ora>
    <TOTALE_ACQUISTI>30730,016</TOTALE_ACQUISTI>
    <NAT_ACQUISTI>30730,016000</NAT_ACQUISTI>
    <CNOR_ACQUISTI>3181,009000</CNOR_ACQUISTI>
    <CSUD_ACQUISTI>4961,031000</CSUD_ACQUISTI>
    <NORD_ACQUISTI>16768,227000</NORD_ACQUISTI>
    <SARD_ACQUISTI>900,220000</SARD_ACQUISTI>
    <SICI_ACQUISTI>1860,253000</SICI_ACQUISTI>
    <SUD_ACQUISTI>2460,276000</SUD_ACQUISTI>
    <AUST_ACQUISTI>0,000000</AUST_ACQUISTI>
    <BRNN_ACQUISTI>0,000000</BRNN_ACQUISTI>
    <COAC_ACQUISTI>20,000000</COAC_ACQUISTI>
    <CORS_ACQUISTI>5,000000</CORS_ACQUISTI>
    <FOGN_ACQUISTI>0,000000</FOGN_ACQUISTI>
    <FRAN_ACQUISTI>0,000000</FRAN_ACQUISTI>
    <GREC_ACQUISTI>503,000000</GREC_ACQUISTI>
    <MFTV_ACQUISTI>0,000000</MFTV_ACQUISTI>
    <PRGP_ACQUISTI>0,000000</PRGP_ACQUISTI>
    <ROSN_ACQUISTI>0,000000</ROSN_ACQUISTI>
    <SLOV_ACQUISTI>0,000000</SLOV_ACQUISTI>
    <SVIZ_ACQUISTI>0,000000</SVIZ_ACQUISTI>
    <BSP_ACQUISTI>0,000000</BSP_ACQUISTI>
    <MALT_ACQUISTI>71,000000</MALT_ACQUISTI>
    <XAUS_ACQUISTI>0,000000</XAUS_ACQUISTI>
    <XFRA_ACQUISTI>0,000000</XFRA_ACQUISTI>
    <TOTALE_VENDITE>30332,016</TOTALE_VENDITE>
    <NAT_VENDITE>30730,016000</NAT_VENDITE>
    <CNOR_VENDITE>2718,579000</CNOR_VENDITE>
    <CSUD_VENDITE>3084,626000</CSUD_VENDITE>
    <NORD_VENDITE>15588,949000</NORD_VENDITE>
    <SARD_VENDITE>1111,004000</SARD_VENDITE>
    <SICI_VENDITE>1513,041000</SICI_VENDITE>
    <SUD_VENDITE>3481,856000</SUD_VENDITE>
    <AUST_VENDITE>0,000000</AUST_VENDITE>
    <BRNN_VENDITE>1182,991000</BRNN_VENDITE>
    <COAC_VENDITE>0,000000</COAC_VENDITE>
    <CORS_VENDITE>0,000000</CORS_VENDITE>
    <FOGN_VENDITE>122,838000</FOGN_VENDITE>
    <FRAN_VENDITE>99,000000</FRAN_VENDITE>
    <GREC_VENDITE>130,000000</GREC_VENDITE>
    <MFTV_VENDITE>0,000000</MFTV_VENDITE>
    <PRGP_VENDITE>8,616000</PRGP_VENDITE>
    <ROSN_VENDITE>787,516000</ROSN_VENDITE>
    <SLOV_VENDITE>0,000000</SLOV_VENDITE>
    <SVIZ_VENDITE>503,000000</SVIZ_VENDITE>
    <BSP_VENDITE>87,000000</BSP_VENDITE>
    <MALT_VENDITE>0,000000</MALT_VENDITE>
    <XAUS_VENDITE>37,000000</XAUS_VENDITE>
    <XFRA_VENDITE>274,000000</XFRA_VENDITE>
    <TOTITABSP_VENDITE>30419,016</TOTITABSP_VENDITE>
    <TOTITABSP_ACQUISTI>30730,016</TOTITABSP_ACQUISTI>
  </Quantita>
  <Quantita>
    <Data>20180430</Data>
    <Mercato>MGP</Mercato>
    <Ora>15</Ora>
    <TOTALE_ACQUISTI>30897,09</TOTALE_ACQUISTI>
    <NAT_ACQUISTI>30897,090000</NAT_ACQUISTI>
    <CNOR_ACQUISTI>3315,355000</CNOR_ACQUISTI>
    <CSUD_ACQUISTI>4950,792000</CSUD_ACQUISTI>
    <NORD_ACQUISTI>16967,022000</NORD_ACQUISTI>
    <SARD_ACQUISTI>899,110000</SARD_ACQUISTI>
    <SICI_ACQUISTI>1834,139000</SICI_ACQUISTI>
    <SUD_ACQUISTI>2382,672000</SUD_ACQUISTI>
    <AUST_ACQUISTI>0,000000</AUST_ACQUISTI>
    <BRNN_ACQUISTI>0,000000</BRNN_ACQUISTI>
    <COAC_ACQUISTI>20,000000</COAC_ACQUISTI>
    <CORS_ACQUISTI>5,000000</CORS_ACQUISTI>
    <FOGN_ACQUISTI>0,000000</FOGN_ACQUISTI>
    <FRAN_ACQUISTI>0,000000</FRAN_ACQUISTI>
    <GREC_ACQUISTI>449,000000</GREC_ACQUISTI>
    <MFTV_ACQUISTI>0,000000</MFTV_ACQUISTI>
    <PRGP_ACQUISTI>0,000000</PRGP_ACQUISTI>
    <ROSN_ACQUISTI>0,000000</ROSN_ACQUISTI>
    <SLOV_ACQUISTI>0,000000</SLOV_ACQUISTI>
    <SVIZ_ACQUISTI>0,000000</SVIZ_ACQUISTI>
    <BSP_ACQUISTI>0,000000</BSP_ACQUISTI>
    <MALT_ACQUISTI>74,000000</MALT_ACQUISTI>
    <XAUS_ACQUISTI>0,000000</XAUS_ACQUISTI>
    <XFRA_ACQUISTI>0,000000</XFRA_ACQUISTI>
    <TOTALE_VENDITE>30499,09</TOTALE_VENDITE>
    <NAT_VENDITE>30897,090000</NAT_VENDITE>
    <CNOR_VENDITE>2646,019000</CNOR_VENDITE>
    <CSUD_VENDITE>3011,289000</CSUD_VENDITE>
    <NORD_VENDITE>15771,796000</NORD_VENDITE>
    <SARD_VENDITE>1049,316000</SARD_VENDITE>
    <SICI_VENDITE>1499,182000</SICI_VENDITE>
    <SUD_VENDITE>3402,578000</SUD_VENDITE>
    <AUST_VENDITE>0,000000</AUST_VENDITE>
    <BRNN_VENDITE>1184,303000</BRNN_VENDITE>
    <COAC_VENDITE>0,000000</COAC_VENDITE>
    <CORS_VENDITE>0,000000</CORS_VENDITE>
    <FOGN_VENDITE>364,416000</FOGN_VENDITE>
    <FRAN_VENDITE>99,000000</FRAN_VENDITE>
    <GREC_VENDITE>165,000000</GREC_VENDITE>
    <MFTV_VENDITE>0,000000</MFTV_VENDITE>
    <PRGP_VENDITE>7,852000</PRGP_VENDITE>
    <ROSN_VENDITE>795,339000</ROSN_VENDITE>
    <SLOV_VENDITE>0,000000</SLOV_VENDITE>
    <SVIZ_VENDITE>503,000000</SVIZ_VENDITE>
    <BSP_VENDITE>87,000000</BSP_VENDITE>
    <MALT_VENDITE>0,000000</MALT_VENDITE>
    <XAUS_VENDITE>37,000000</XAUS_VENDITE>
    <XFRA_VENDITE>274,000000</XFRA_VENDITE>
    <TOTITABSP_VENDITE>30586,09</TOTITABSP_VENDITE>
    <TOTITABSP_ACQUISTI>30897,09</TOTITABSP_ACQUISTI>
  </Quantita>
  <Quantita>
    <Data>20180430</Data>
    <Mercato>MGP</Mercato>
    <Ora>16</Ora>
    <TOTALE_ACQUISTI>31174,62</TOTALE_ACQUISTI>
    <NAT_ACQUISTI>31174,620000</NAT_ACQUISTI>
    <CNOR_ACQUISTI>3374,205000</CNOR_ACQUISTI>
    <CSUD_ACQUISTI>4971,655000</CSUD_ACQUISTI>
    <NORD_ACQUISTI>17034,656000</NORD_ACQUISTI>
    <SARD_ACQUISTI>915,216000</SARD_ACQUISTI>
    <SICI_ACQUISTI>1843,830000</SICI_ACQUISTI>
    <SUD_ACQUISTI>2415,058000</SUD_ACQUISTI>
    <AUST_ACQUISTI>0,000000</AUST_ACQUISTI>
    <BRNN_ACQUISTI>0,000000</BRNN_ACQUISTI>
    <COAC_ACQUISTI>20,000000</COAC_ACQUISTI>
    <CORS_ACQUISTI>5,000000</CORS_ACQUISTI>
    <FOGN_ACQUISTI>0,000000</FOGN_ACQUISTI>
    <FRAN_ACQUISTI>0,000000</FRAN_ACQUISTI>
    <GREC_ACQUISTI>508,000000</GREC_ACQUISTI>
    <MFTV_ACQUISTI>0,000000</MFTV_ACQUISTI>
    <PRGP_ACQUISTI>0,000000</PRGP_ACQUISTI>
    <ROSN_ACQUISTI>0,000000</ROSN_ACQUISTI>
    <SLOV_ACQUISTI>0,000000</SLOV_ACQUISTI>
    <SVIZ_ACQUISTI>0,000000</SVIZ_ACQUISTI>
    <BSP_ACQUISTI>0,000000</BSP_ACQUISTI>
    <MALT_ACQUISTI>87,000000</MALT_ACQUISTI>
    <XAUS_ACQUISTI>0,000000</XAUS_ACQUISTI>
    <XFRA_ACQUISTI>0,000000</XFRA_ACQUISTI>
    <TOTALE_VENDITE>30776,62</TOTALE_VENDITE>
    <NAT_VENDITE>31174,620000</NAT_VENDITE>
    <CNOR_VENDITE>2561,491000</CNOR_VENDITE>
    <CSUD_VENDITE>2904,207000</CSUD_VENDITE>
    <NORD_VENDITE>16301,315000</NORD_VENDITE>
    <SARD_VENDITE>999,944000</SARD_VENDITE>
    <SICI_VENDITE>1444,302000</SICI_VENDITE>
    <SUD_VENDITE>3278,003000</SUD_VENDITE>
    <AUST_VENDITE>0,000000</AUST_VENDITE>
    <BRNN_VENDITE>1185,586000</BRNN_VENDITE>
    <COAC_VENDITE>0,000000</COAC_VENDITE>
    <CORS_VENDITE>0,000000</CORS_VENDITE>
    <FOGN_VENDITE>466,045000</FOGN_VENDITE>
    <FRAN_VENDITE>99,000000</FRAN_VENDITE>
    <GREC_VENDITE>222,000000</GREC_VENDITE>
    <MFTV_VENDITE>0,000000</MFTV_VENDITE>
    <PRGP_VENDITE>6,561000</PRGP_VENDITE>
    <ROSN_VENDITE>805,166000</ROSN_VENDITE>
    <SLOV_VENDITE>0,000000</SLOV_VENDITE>
    <SVIZ_VENDITE>503,000000</SVIZ_VENDITE>
    <BSP_VENDITE>87,000000</BSP_VENDITE>
    <MALT_VENDITE>0,000000</MALT_VENDITE>
    <XAUS_VENDITE>37,000000</XAUS_VENDITE>
    <XFRA_VENDITE>274,000000</XFRA_VENDITE>
    <TOTITABSP_VENDITE>30863,62</TOTITABSP_VENDITE>
    <TOTITABSP_ACQUISTI>31174,62</TOTITABSP_ACQUISTI>
  </Quantita>
  <Quantita>
    <Data>20180430</Data>
    <Mercato>MGP</Mercato>
    <Ora>17</Ora>
    <TOTALE_ACQUISTI>31339,156</TOTALE_ACQUISTI>
    <NAT_ACQUISTI>31339,156000</NAT_ACQUISTI>
    <CNOR_ACQUISTI>3376,564000</CNOR_ACQUISTI>
    <CSUD_ACQUISTI>5001,620000</CSUD_ACQUISTI>
    <NORD_ACQUISTI>17056,827000</NORD_ACQUISTI>
    <SARD_ACQUISTI>929,085000</SARD_ACQUISTI>
    <SICI_ACQUISTI>1918,570000</SICI_ACQUISTI>
    <SUD_ACQUISTI>2510,490000</SUD_ACQUISTI>
    <AUST_ACQUISTI>0,000000</AUST_ACQUISTI>
    <BRNN_ACQUISTI>0,000000</BRNN_ACQUISTI>
    <COAC_ACQUISTI>20,000000</COAC_ACQUISTI>
    <CORS_ACQUISTI>5,000000</CORS_ACQUISTI>
    <FOGN_ACQUISTI>0,000000</FOGN_ACQUISTI>
    <FRAN_ACQUISTI>0,000000</FRAN_ACQUISTI>
    <GREC_ACQUISTI>415,000000</GREC_ACQUISTI>
    <MFTV_ACQUISTI>0,000000</MFTV_ACQUISTI>
    <PRGP_ACQUISTI>0,000000</PRGP_ACQUISTI>
    <ROSN_ACQUISTI>0,000000</ROSN_ACQUISTI>
    <SLOV_ACQUISTI>0,000000</SLOV_ACQUISTI>
    <SVIZ_ACQUISTI>0,000000</SVIZ_ACQUISTI>
    <BSP_ACQUISTI>0,000000</BSP_ACQUISTI>
    <MALT_ACQUISTI>106,000000</MALT_ACQUISTI>
    <XAUS_ACQUISTI>0,000000</XAUS_ACQUISTI>
    <XFRA_ACQUISTI>0,000000</XFRA_ACQUISTI>
    <TOTALE_VENDITE>30941,156</TOTALE_VENDITE>
    <NAT_VENDITE>31339,156000</NAT_VENDITE>
    <CNOR_VENDITE>2593,286000</CNOR_VENDITE>
    <CSUD_VENDITE>2703,929000</CSUD_VENDITE>
    <NORD_VENDITE>16553,138000</NORD_VENDITE>
    <SARD_VENDITE>941,475000</SARD_VENDITE>
    <SICI_VENDITE>1446,027000</SICI_VENDITE>
    <SUD_VENDITE>3075,317000</SUD_VENDITE>
    <AUST_VENDITE>0,000000</AUST_VENDITE>
    <BRNN_VENDITE>1185,824000</BRNN_VENDITE>
    <COAC_VENDITE>0,000000</COAC_VENDITE>
    <CORS_VENDITE>0,000000</CORS_VENDITE>
    <FOGN_VENDITE>628,780000</FOGN_VENDITE>
    <FRAN_VENDITE>99,000000</FRAN_VENDITE>
    <GREC_VENDITE>247,000000</GREC_VENDITE>
    <MFTV_VENDITE>0,000000</MFTV_VENDITE>
    <PRGP_VENDITE>4,778000</PRGP_VENDITE>
    <ROSN_VENDITE>959,602000</ROSN_VENDITE>
    <SLOV_VENDITE>0,000000</SLOV_VENDITE>
    <SVIZ_VENDITE>503,000000</SVIZ_VENDITE>
    <BSP_VENDITE>87,000000</BSP_VENDITE>
    <MALT_VENDITE>0,000000</MALT_VENDITE>
    <XAUS_VENDITE>37,000000</XAUS_VENDITE>
    <XFRA_VENDITE>274,000000</XFRA_VENDITE>
    <TOTITABSP_VENDITE>31028,156</TOTITABSP_VENDITE>
    <TOTITABSP_ACQUISTI>31339,156</TOTITABSP_ACQUISTI>
  </Quantita>
  <Quantita>
    <Data>20180430</Data>
    <Mercato>MGP</Mercato>
    <Ora>18</Ora>
    <TOTALE_ACQUISTI>31699,71</TOTALE_ACQUISTI>
    <NAT_ACQUISTI>31699,710000</NAT_ACQUISTI>
    <CNOR_ACQUISTI>3404,749000</CNOR_ACQUISTI>
    <CSUD_ACQUISTI>5048,664000</CSUD_ACQUISTI>
    <NORD_ACQUISTI>17031,238000</NORD_ACQUISTI>
    <SARD_ACQUISTI>970,535000</SARD_ACQUISTI>
    <SICI_ACQUISTI>1978,561000</SICI_ACQUISTI>
    <SUD_ACQUISTI>2655,963000</SUD_ACQUISTI>
    <AUST_ACQUISTI>0,000000</AUST_ACQUISTI>
    <BRNN_ACQUISTI>0,000000</BRNN_ACQUISTI>
    <COAC_ACQUISTI>20,000000</COAC_ACQUISTI>
    <CORS_ACQUISTI>5,000000</CORS_ACQUISTI>
    <FOGN_ACQUISTI>0,000000</FOGN_ACQUISTI>
    <FRAN_ACQUISTI>0,000000</FRAN_ACQUISTI>
    <GREC_ACQUISTI>450,000000</GREC_ACQUISTI>
    <MFTV_ACQUISTI>0,000000</MFTV_ACQUISTI>
    <PRGP_ACQUISTI>0,000000</PRGP_ACQUISTI>
    <ROSN_ACQUISTI>0,000000</ROSN_ACQUISTI>
    <SLOV_ACQUISTI>0,000000</SLOV_ACQUISTI>
    <SVIZ_ACQUISTI>0,000000</SVIZ_ACQUISTI>
    <BSP_ACQUISTI>0,000000</BSP_ACQUISTI>
    <MALT_ACQUISTI>135,000000</MALT_ACQUISTI>
    <XAUS_ACQUISTI>0,000000</XAUS_ACQUISTI>
    <XFRA_ACQUISTI>0,000000</XFRA_ACQUISTI>
    <TOTALE_VENDITE>30572,71</TOTALE_VENDITE>
    <NAT_VENDITE>31699,710000</NAT_VENDITE>
    <CNOR_VENDITE>2282,368000</CNOR_VENDITE>
    <CSUD_VENDITE>2421,992000</CSUD_VENDITE>
    <NORD_VENDITE>16202,083000</NORD_VENDITE>
    <SARD_VENDITE>885,294000</SARD_VENDITE>
    <SICI_VENDITE>1252,364000</SICI_VENDITE>
    <SUD_VENDITE>2900,320000</SUD_VENDITE>
    <AUST_VENDITE>0,000000</AUST_VENDITE>
    <BRNN_VENDITE>1228,842000</BRNN_VENDITE>
    <COAC_VENDITE>0,000000</COAC_VENDITE>
    <CORS_VENDITE>0,000000</CORS_VENDITE>
    <FOGN_VENDITE>629,647000</FOGN_VENDITE>
    <FRAN_VENDITE>99,000000</FRAN_VENDITE>
    <GREC_VENDITE>205,000000</GREC_VENDITE>
    <MFTV_VENDITE>0,000000</MFTV_VENDITE>
    <PRGP_VENDITE>2,740000</PRGP_VENDITE>
    <ROSN_VENDITE>1189,060000</ROSN_VENDITE>
    <SLOV_VENDITE>0,000000</SLOV_VENDITE>
    <SVIZ_VENDITE>1274,000000</SVIZ_VENDITE>
    <BSP_VENDITE>210,000000</BSP_VENDITE>
    <MALT_VENDITE>0,000000</MALT_VENDITE>
    <XAUS_VENDITE>111,000000</XAUS_VENDITE>
    <XFRA_VENDITE>806,000000</XFRA_VENDITE>
    <TOTITABSP_VENDITE>30782,71</TOTITABSP_VENDITE>
    <TOTITABSP_ACQUISTI>31699,71</TOTITABSP_ACQUISTI>
  </Quantita>
  <Quantita>
    <Data>20180430</Data>
    <Mercato>MGP</Mercato>
    <Ora>19</Ora>
    <TOTALE_ACQUISTI>32112,919</TOTALE_ACQUISTI>
    <NAT_ACQUISTI>32112,919000</NAT_ACQUISTI>
    <CNOR_ACQUISTI>3422,198000</CNOR_ACQUISTI>
    <CSUD_ACQUISTI>5081,728000</CSUD_ACQUISTI>
    <NORD_ACQUISTI>17140,209000</NORD_ACQUISTI>
    <SARD_ACQUISTI>1013,404000</SARD_ACQUISTI>
    <SICI_ACQUISTI>2019,307000</SICI_ACQUISTI>
    <SUD_ACQUISTI>2735,073000</SUD_ACQUISTI>
    <AUST_ACQUISTI>0,000000</AUST_ACQUISTI>
    <BRNN_ACQUISTI>0,000000</BRNN_ACQUISTI>
    <COAC_ACQUISTI>20,000000</COAC_ACQUISTI>
    <CORS_ACQUISTI>5,000000</CORS_ACQUISTI>
    <FOGN_ACQUISTI>0,000000</FOGN_ACQUISTI>
    <FRAN_ACQUISTI>0,000000</FRAN_ACQUISTI>
    <GREC_ACQUISTI>518,000000</GREC_ACQUISTI>
    <MFTV_ACQUISTI>0,000000</MFTV_ACQUISTI>
    <PRGP_ACQUISTI>0,000000</PRGP_ACQUISTI>
    <ROSN_ACQUISTI>0,000000</ROSN_ACQUISTI>
    <SLOV_ACQUISTI>0,000000</SLOV_ACQUISTI>
    <SVIZ_ACQUISTI>0,000000</SVIZ_ACQUISTI>
    <BSP_ACQUISTI>0,000000</BSP_ACQUISTI>
    <MALT_ACQUISTI>158,000000</MALT_ACQUISTI>
    <XAUS_ACQUISTI>0,000000</XAUS_ACQUISTI>
    <XFRA_ACQUISTI>0,000000</XFRA_ACQUISTI>
    <TOTALE_VENDITE>30719,919</TOTALE_VENDITE>
    <NAT_VENDITE>32112,919000</NAT_VENDITE>
    <CNOR_VENDITE>2229,395000</CNOR_VENDITE>
    <CSUD_VENDITE>2650,567000</CSUD_VENDITE>
    <NORD_VENDITE>16515,915000</NORD_VENDITE>
    <SARD_VENDITE>806,427000</SARD_VENDITE>
    <SICI_VENDITE>1076,234000</SICI_VENDITE>
    <SUD_VENDITE>2447,252000</SUD_VENDITE>
    <AUST_VENDITE>0,000000</AUST_VENDITE>
    <BRNN_VENDITE>1324,518000</BRNN_VENDITE>
    <COAC_VENDITE>0,000000</COAC_VENDITE>
    <CORS_VENDITE>0,000000</CORS_VENDITE>
    <FOGN_VENDITE>676,723000</FOGN_VENDITE>
    <FRAN_VENDITE>99,000000</FRAN_VENDITE>
    <GREC_VENDITE>196,000000</GREC_VENDITE>
    <MFTV_VENDITE>0,000000</MFTV_VENDITE>
    <PRGP_VENDITE>1,073000</PRGP_VENDITE>
    <ROSN_VENDITE>1188,815000</ROSN_VENDITE>
    <SLOV_VENDITE>0,000000</SLOV_VENDITE>
    <SVIZ_VENDITE>1508,000000</SVIZ_VENDITE>
    <BSP_VENDITE>260,000000</BSP_VENDITE>
    <MALT_VENDITE>0,000000</MALT_VENDITE>
    <XAUS_VENDITE>112,000000</XAUS_VENDITE>
    <XFRA_VENDITE>1021,000000</XFRA_VENDITE>
    <TOTITABSP_VENDITE>30979,919</TOTITABSP_VENDITE>
    <TOTITABSP_ACQUISTI>32112,919</TOTITABSP_ACQUISTI>
  </Quantita>
  <Quantita>
    <Data>20180430</Data>
    <Mercato>MGP</Mercato>
    <Ora>20</Ora>
    <TOTALE_ACQUISTI>32453,617</TOTALE_ACQUISTI>
    <NAT_ACQUISTI>32479,617000</NAT_ACQUISTI>
    <CNOR_ACQUISTI>3566,793000</CNOR_ACQUISTI>
    <CSUD_ACQUISTI>5376,713000</CSUD_ACQUISTI>
    <NORD_ACQUISTI>17276,107000</NORD_ACQUISTI>
    <SARD_ACQUISTI>1043,500000</SARD_ACQUISTI>
    <SICI_ACQUISTI>2105,185000</SICI_ACQUISTI>
    <SUD_ACQUISTI>2877,319000</SUD_ACQUISTI>
    <AUST_ACQUISTI>0,000000</AUST_ACQUISTI>
    <BRNN_ACQUISTI>0,000000</BRNN_ACQUISTI>
    <COAC_ACQUISTI>20,000000</COAC_ACQUISTI>
    <CORS_ACQUISTI>5,000000</CORS_ACQUISTI>
    <FOGN_ACQUISTI>0,000000</FOGN_ACQUISTI>
    <FRAN_ACQUISTI>0,000000</FRAN_ACQUISTI>
    <GREC_ACQUISTI>50,000000</GREC_ACQUISTI>
    <MFTV_ACQUISTI>0,000000</MFTV_ACQUISTI>
    <PRGP_ACQUISTI>0,000000</PRGP_ACQUISTI>
    <ROSN_ACQUISTI>0,000000</ROSN_ACQUISTI>
    <SLOV_ACQUISTI>0,000000</SLOV_ACQUISTI>
    <SVIZ_ACQUISTI>0,000000</SVIZ_ACQUISTI>
    <BSP_ACQUISTI>0,000000</BSP_ACQUISTI>
    <MALT_ACQUISTI>133,000000</MALT_ACQUISTI>
    <XAUS_ACQUISTI>0,000000</XAUS_ACQUISTI>
    <XFRA_ACQUISTI>0,000000</XFRA_ACQUISTI>
    <TOTALE_VENDITE>31060,617</TOTALE_VENDITE>
    <NAT_VENDITE>32479,617000</NAT_VENDITE>
    <CNOR_VENDITE>2541,477000</CNOR_VENDITE>
    <CSUD_VENDITE>2488,372000</CSUD_VENDITE>
    <NORD_VENDITE>16763,876000</NORD_VENDITE>
    <SARD_VENDITE>757,616000</SARD_VENDITE>
    <SICI_VENDITE>1051,957000</SICI_VENDITE>
    <SUD_VENDITE>1975,850000</SUD_VENDITE>
    <AUST_VENDITE>0,000000</AUST_VENDITE>
    <BRNN_VENDITE>1326,211000</BRNN_VENDITE>
    <COAC_VENDITE>0,000000</COAC_VENDITE>
    <CORS_VENDITE>0,000000</CORS_VENDITE>
    <FOGN_VENDITE>688,570000</FOGN_VENDITE>
    <FRAN_VENDITE>99,000000</FRAN_VENDITE>
    <GREC_VENDITE>172,000000</GREC_VENDITE>
    <MFTV_VENDITE>0,000000</MFTV_VENDITE>
    <PRGP_VENDITE>86,228000</PRGP_VENDITE>
    <ROSN_VENDITE>1601,460000</ROSN_VENDITE>
    <SLOV_VENDITE>0,000000</SLOV_VENDITE>
    <SVIZ_VENDITE>1508,000000</SVIZ_VENDITE>
    <BSP_VENDITE>260,000000</BSP_VENDITE>
    <MALT_VENDITE>0,000000</MALT_VENDITE>
    <XAUS_VENDITE>112,000000</XAUS_VENDITE>
    <XFRA_VENDITE>1021,000000</XFRA_VENDITE>
    <TOTITABSP_VENDITE>31320,617</TOTITABSP_VENDITE>
    <TOTITABSP_ACQUISTI>32453,617</TOTITABSP_ACQUISTI>
  </Quantita>
  <Quantita>
    <Data>20180430</Data>
    <Mercato>MGP</Mercato>
    <Ora>21</Ora>
    <TOTALE_ACQUISTI>34059,002</TOTALE_ACQUISTI>
    <NAT_ACQUISTI>34098,616000</NAT_ACQUISTI>
    <CNOR_ACQUISTI>3685,005000</CNOR_ACQUISTI>
    <CSUD_ACQUISTI>5795,143000</CSUD_ACQUISTI>
    <NORD_ACQUISTI>17790,950000</NORD_ACQUISTI>
    <SARD_ACQUISTI>1136,329000</SARD_ACQUISTI>
    <SICI_ACQUISTI>2301,345000</SICI_ACQUISTI>
    <SUD_ACQUISTI>3207,844000</SUD_ACQUISTI>
    <AUST_ACQUISTI>0,000000</AUST_ACQUISTI>
    <BRNN_ACQUISTI>0,000000</BRNN_ACQUISTI>
    <COAC_ACQUISTI>20,000000</COAC_ACQUISTI>
    <CORS_ACQUISTI>5,000000</CORS_ACQUISTI>
    <FOGN_ACQUISTI>0,000000</FOGN_ACQUISTI>
    <FRAN_ACQUISTI>0,000000</FRAN_ACQUISTI>
    <GREC_ACQUISTI>40,000000</GREC_ACQUISTI>
    <MFTV_ACQUISTI>0,000000</MFTV_ACQUISTI>
    <PRGP_ACQUISTI>0,000000</PRGP_ACQUISTI>
    <ROSN_ACQUISTI>0,000000</ROSN_ACQUISTI>
    <SLOV_ACQUISTI>0,000000</SLOV_ACQUISTI>
    <SVIZ_ACQUISTI>0,000000</SVIZ_ACQUISTI>
    <BSP_ACQUISTI>0,000000</BSP_ACQUISTI>
    <MALT_ACQUISTI>77,386000</MALT_ACQUISTI>
    <XAUS_ACQUISTI>0,000000</XAUS_ACQUISTI>
    <XFRA_ACQUISTI>0,000000</XFRA_ACQUISTI>
    <TOTALE_VENDITE>32666,002</TOTALE_VENDITE>
    <NAT_VENDITE>34098,616000</NAT_VENDITE>
    <CNOR_VENDITE>2522,045000</CNOR_VENDITE>
    <CSUD_VENDITE>2346,541000</CSUD_VENDITE>
    <NORD_VENDITE>18068,115000</NORD_VENDITE>
    <SARD_VENDITE>736,167000</SARD_VENDITE>
    <SICI_VENDITE>1138,731000</SICI_VENDITE>
    <SUD_VENDITE>1698,796000</SUD_VENDITE>
    <AUST_VENDITE>0,000000</AUST_VENDITE>
    <BRNN_VENDITE>1329,530000</BRNN_VENDITE>
    <COAC_VENDITE>0,000000</COAC_VENDITE>
    <CORS_VENDITE>0,000000</CORS_VENDITE>
    <FOGN_VENDITE>736,315000</FOGN_VENDITE>
    <FRAN_VENDITE>99,000000</FRAN_VENDITE>
    <GREC_VENDITE>398,000000</GREC_VENDITE>
    <MFTV_VENDITE>0,000000</MFTV_VENDITE>
    <PRGP_VENDITE>140,000000</PRGP_VENDITE>
    <ROSN_VENDITE>1944,762000</ROSN_VENDITE>
    <SLOV_VENDITE>0,000000</SLOV_VENDITE>
    <SVIZ_VENDITE>1508,000000</SVIZ_VENDITE>
    <BSP_VENDITE>260,000000</BSP_VENDITE>
    <MALT_VENDITE>0,000000</MALT_VENDITE>
    <XAUS_VENDITE>112,000000</XAUS_VENDITE>
    <XFRA_VENDITE>1021,000000</XFRA_VENDITE>
    <TOTITABSP_VENDITE>32926,002</TOTITABSP_VENDITE>
    <TOTITABSP_ACQUISTI>34059,002</TOTITABSP_ACQUISTI>
  </Quantita>
  <Quantita>
    <Data>20180430</Data>
    <Mercato>MGP</Mercato>
    <Ora>22</Ora>
    <TOTALE_ACQUISTI>32775,427</TOTALE_ACQUISTI>
    <NAT_ACQUISTI>32775,427000</NAT_ACQUISTI>
    <CNOR_ACQUISTI>3553,631000</CNOR_ACQUISTI>
    <CSUD_ACQUISTI>5464,623000</CSUD_ACQUISTI>
    <NORD_ACQUISTI>17330,755000</NORD_ACQUISTI>
    <SARD_ACQUISTI>1103,872000</SARD_ACQUISTI>
    <SICI_ACQUISTI>2160,234000</SICI_ACQUISTI>
    <SUD_ACQUISTI>3019,312000</SUD_ACQUISTI>
    <AUST_ACQUISTI>0,000000</AUST_ACQUISTI>
    <BRNN_ACQUISTI>0,000000</BRNN_ACQUISTI>
    <COAC_ACQUISTI>20,000000</COAC_ACQUISTI>
    <CORS_ACQUISTI>5,000000</CORS_ACQUISTI>
    <FOGN_ACQUISTI>0,000000</FOGN_ACQUISTI>
    <FRAN_ACQUISTI>0,000000</FRAN_ACQUISTI>
    <GREC_ACQUISTI>0,000000</GREC_ACQUISTI>
    <MFTV_ACQUISTI>0,000000</MFTV_ACQUISTI>
    <PRGP_ACQUISTI>0,000000</PRGP_ACQUISTI>
    <ROSN_ACQUISTI>0,000000</ROSN_ACQUISTI>
    <SLOV_ACQUISTI>0,000000</SLOV_ACQUISTI>
    <SVIZ_ACQUISTI>0,000000</SVIZ_ACQUISTI>
    <BSP_ACQUISTI>0,000000</BSP_ACQUISTI>
    <MALT_ACQUISTI>118,000000</MALT_ACQUISTI>
    <XAUS_ACQUISTI>0,000000</XAUS_ACQUISTI>
    <XFRA_ACQUISTI>0,000000</XFRA_ACQUISTI>
    <TOTALE_VENDITE>31382,427</TOTALE_VENDITE>
    <NAT_VENDITE>32775,427000</NAT_VENDITE>
    <CNOR_VENDITE>2496,414000</CNOR_VENDITE>
    <CSUD_VENDITE>2297,637000</CSUD_VENDITE>
    <NORD_VENDITE>17006,859000</NORD_VENDITE>
    <SARD_VENDITE>757,266000</SARD_VENDITE>
    <SICI_VENDITE>1038,234000</SICI_VENDITE>
    <SUD_VENDITE>1634,042000</SUD_VENDITE>
    <AUST_VENDITE>0,000000</AUST_VENDITE>
    <BRNN_VENDITE>1333,200000</BRNN_VENDITE>
    <COAC_VENDITE>0,000000</COAC_VENDITE>
    <CORS_VENDITE>0,000000</CORS_VENDITE>
    <FOGN_VENDITE>685,578000</FOGN_VENDITE>
    <FRAN_VENDITE>99,000000</FRAN_VENDITE>
    <GREC_VENDITE>431,000000</GREC_VENDITE>
    <MFTV_VENDITE>0,000000</MFTV_VENDITE>
    <PRGP_VENDITE>140,000000</PRGP_VENDITE>
    <ROSN_VENDITE>1955,197000</ROSN_VENDITE>
    <SLOV_VENDITE>0,000000</SLOV_VENDITE>
    <SVIZ_VENDITE>1508,000000</SVIZ_VENDITE>
    <BSP_VENDITE>260,000000</BSP_VENDITE>
    <MALT_VENDITE>0,000000</MALT_VENDITE>
    <XAUS_VENDITE>112,000000</XAUS_VENDITE>
    <XFRA_VENDITE>1021,000000</XFRA_VENDITE>
    <TOTITABSP_VENDITE>31642,427</TOTITABSP_VENDITE>
    <TOTITABSP_ACQUISTI>32775,427</TOTITABSP_ACQUISTI>
  </Quantita>
  <Quantita>
    <Data>20180430</Data>
    <Mercato>MGP</Mercato>
    <Ora>23</Ora>
    <TOTALE_ACQUISTI>29949,084</TOTALE_ACQUISTI>
    <NAT_ACQUISTI>29980,121000</NAT_ACQUISTI>
    <CNOR_ACQUISTI>3219,587000</CNOR_ACQUISTI>
    <CSUD_ACQUISTI>4949,724000</CSUD_ACQUISTI>
    <NORD_ACQUISTI>15778,916000</NORD_ACQUISTI>
    <SARD_ACQUISTI>1018,150000</SARD_ACQUISTI>
    <SICI_ACQUISTI>1957,271000</SICI_ACQUISTI>
    <SUD_ACQUISTI>2728,436000</SUD_ACQUISTI>
    <AUST_ACQUISTI>0,000000</AUST_ACQUISTI>
    <BRNN_ACQUISTI>0,000000</BRNN_ACQUISTI>
    <COAC_ACQUISTI>20,000000</COAC_ACQUISTI>
    <CORS_ACQUISTI>5,000000</CORS_ACQUISTI>
    <FOGN_ACQUISTI>0,000000</FOGN_ACQUISTI>
    <FRAN_ACQUISTI>0,000000</FRAN_ACQUISTI>
    <GREC_ACQUISTI>188,000000</GREC_ACQUISTI>
    <MFTV_ACQUISTI>0,000000</MFTV_ACQUISTI>
    <PRGP_ACQUISTI>0,000000</PRGP_ACQUISTI>
    <ROSN_ACQUISTI>0,000000</ROSN_ACQUISTI>
    <SLOV_ACQUISTI>0,000000</SLOV_ACQUISTI>
    <SVIZ_ACQUISTI>0,000000</SVIZ_ACQUISTI>
    <BSP_ACQUISTI>0,000000</BSP_ACQUISTI>
    <MALT_ACQUISTI>84,000000</MALT_ACQUISTI>
    <XAUS_ACQUISTI>0,000000</XAUS_ACQUISTI>
    <XFRA_ACQUISTI>0,000000</XFRA_ACQUISTI>
    <TOTALE_VENDITE>28556,084</TOTALE_VENDITE>
    <NAT_VENDITE>29980,121000</NAT_VENDITE>
    <CNOR_VENDITE>2091,979000</CNOR_VENDITE>
    <CSUD_VENDITE>2109,213000</CSUD_VENDITE>
    <NORD_VENDITE>16065,859000</NORD_VENDITE>
    <SARD_VENDITE>736,874000</SARD_VENDITE>
    <SICI_VENDITE>941,271000</SICI_VENDITE>
    <SUD_VENDITE>1397,264000</SUD_VENDITE>
    <AUST_VENDITE>0,000000</AUST_VENDITE>
    <BRNN_VENDITE>1327,817000</BRNN_VENDITE>
    <COAC_VENDITE>0,000000</COAC_VENDITE>
    <CORS_VENDITE>0,000000</CORS_VENDITE>
    <FOGN_VENDITE>662,665000</FOGN_VENDITE>
    <FRAN_VENDITE>99,000000</FRAN_VENDITE>
    <GREC_VENDITE>409,000000</GREC_VENDITE>
    <MFTV_VENDITE>0,000000</MFTV_VENDITE>
    <PRGP_VENDITE>0,000000</PRGP_VENDITE>
    <ROSN_VENDITE>1207,142000</ROSN_VENDITE>
    <SLOV_VENDITE>0,000000</SLOV_VENDITE>
    <SVIZ_VENDITE>1508,000000</SVIZ_VENDITE>
    <BSP_VENDITE>260,000000</BSP_VENDITE>
    <MALT_VENDITE>0,000000</MALT_VENDITE>
    <XAUS_VENDITE>112,000000</XAUS_VENDITE>
    <XFRA_VENDITE>1021,000000</XFRA_VENDITE>
    <TOTITABSP_VENDITE>28816,084</TOTITABSP_VENDITE>
    <TOTITABSP_ACQUISTI>29949,084</TOTITABSP_ACQUISTI>
  </Quantita>
  <Quantita>
    <Data>20180430</Data>
    <Mercato>MGP</Mercato>
    <Ora>24</Ora>
    <TOTALE_ACQUISTI>27364,392</TOTALE_ACQUISTI>
    <NAT_ACQUISTI>27364,392000</NAT_ACQUISTI>
    <CNOR_ACQUISTI>2869,458000</CNOR_ACQUISTI>
    <CSUD_ACQUISTI>4436,334000</CSUD_ACQUISTI>
    <NORD_ACQUISTI>14400,494000</NORD_ACQUISTI>
    <SARD_ACQUISTI>936,617000</SARD_ACQUISTI>
    <SICI_ACQUISTI>1761,980000</SICI_ACQUISTI>
    <SUD_ACQUISTI>2433,509000</SUD_ACQUISTI>
    <AUST_ACQUISTI>0,000000</AUST_ACQUISTI>
    <BRNN_ACQUISTI>0,000000</BRNN_ACQUISTI>
    <COAC_ACQUISTI>20,000000</COAC_ACQUISTI>
    <CORS_ACQUISTI>5,000000</CORS_ACQUISTI>
    <FOGN_ACQUISTI>0,000000</FOGN_ACQUISTI>
    <FRAN_ACQUISTI>0,000000</FRAN_ACQUISTI>
    <GREC_ACQUISTI>418,000000</GREC_ACQUISTI>
    <MFTV_ACQUISTI>0,000000</MFTV_ACQUISTI>
    <PRGP_ACQUISTI>0,000000</PRGP_ACQUISTI>
    <ROSN_ACQUISTI>0,000000</ROSN_ACQUISTI>
    <SLOV_ACQUISTI>0,000000</SLOV_ACQUISTI>
    <SVIZ_ACQUISTI>0,000000</SVIZ_ACQUISTI>
    <BSP_ACQUISTI>0,000000</BSP_ACQUISTI>
    <MALT_ACQUISTI>83,000000</MALT_ACQUISTI>
    <XAUS_ACQUISTI>0,000000</XAUS_ACQUISTI>
    <XFRA_ACQUISTI>0,000000</XFRA_ACQUISTI>
    <TOTALE_VENDITE>26237,392</TOTALE_VENDITE>
    <NAT_VENDITE>27364,392000</NAT_VENDITE>
    <CNOR_VENDITE>1753,550000</CNOR_VENDITE>
    <CSUD_VENDITE>1561,319000</CSUD_VENDITE>
    <NORD_VENDITE>14878,158000</NORD_VENDITE>
    <SARD_VENDITE>754,328000</SARD_VENDITE>
    <SICI_VENDITE>834,835000</SICI_VENDITE>
    <SUD_VENDITE>1658,236000</SUD_VENDITE>
    <AUST_VENDITE>0,000000</AUST_VENDITE>
    <BRNN_VENDITE>1174,637000</BRNN_VENDITE>
    <COAC_VENDITE>0,000000</COAC_VENDITE>
    <CORS_VENDITE>0,000000</CORS_VENDITE>
    <FOGN_VENDITE>662,386000</FOGN_VENDITE>
    <FRAN_VENDITE>99,000000</FRAN_VENDITE>
    <GREC_VENDITE>384,000000</GREC_VENDITE>
    <MFTV_VENDITE>0,000000</MFTV_VENDITE>
    <PRGP_VENDITE>0,000000</PRGP_VENDITE>
    <ROSN_VENDITE>1202,943000</ROSN_VENDITE>
    <SLOV_VENDITE>0,000000</SLOV_VENDITE>
    <SVIZ_VENDITE>1274,000000</SVIZ_VENDITE>
    <BSP_VENDITE>210,000000</BSP_VENDITE>
    <MALT_VENDITE>0,000000</MALT_VENDITE>
    <XAUS_VENDITE>111,000000</XAUS_VENDITE>
    <XFRA_VENDITE>806,000000</XFRA_VENDITE>
    <TOTITABSP_VENDITE>26447,392</TOTITABSP_VENDITE>
    <TOTITABSP_ACQUISTI>27364,392</TOTITABSP_ACQUISTI>
  </Quantita>
</NewDataSet>