<?xml version="1.0" standalone="yes"?>
<NewDataSet>
  <xs:schema id="NewDataSet" xmlns="" xmlns:xs="http://www.w3.org/2001/XMLSchema" xmlns:msdata="urn:schemas-microsoft-com:xml-msdata">
    <xs:element name="NewDataSet" msdata:IsDataSet="true" msdata:UseCurrentLocale="true">
      <xs:complexType>
        <xs:choice minOccurs="0" maxOccurs="unbounded">
          <xs:element name="Quantita">
            <xs:complexType>
              <xs:sequence>
                <xs:element name="Data" type="xs:string" minOccurs="0" />
                <xs:element name="Mercato" type="xs:string" minOccurs="0" />
                <xs:element name="Ora" type="xs:string" minOccurs="0" />
                <xs:element name="TOTALE_ACQUISTI" type="xs:string" minOccurs="0" />
                <xs:element name="NAT_ACQUISTI" type="xs:string" minOccurs="0" />
                <xs:element name="CNOR_ACQUISTI" type="xs:string" minOccurs="0" />
                <xs:element name="CSUD_ACQUISTI" type="xs:string" minOccurs="0" />
                <xs:element name="NORD_ACQUISTI" type="xs:string" minOccurs="0" />
                <xs:element name="SARD_ACQUISTI" type="xs:string" minOccurs="0" />
                <xs:element name="SICI_ACQUISTI" type="xs:string" minOccurs="0" />
                <xs:element name="SUD_ACQUISTI" type="xs:string" minOccurs="0" />
                <xs:element name="AUST_ACQUISTI" type="xs:string" minOccurs="0" />
                <xs:element name="BRNN_ACQUISTI" type="xs:string" minOccurs="0" />
                <xs:element name="COAC_ACQUISTI" type="xs:string" minOccurs="0" />
                <xs:element name="CORS_ACQUISTI" type="xs:string" minOccurs="0" />
                <xs:element name="FOGN_ACQUISTI" type="xs:string" minOccurs="0" />
                <xs:element name="FRAN_ACQUISTI" type="xs:string" minOccurs="0" />
                <xs:element name="GREC_ACQUISTI" type="xs:string" minOccurs="0" />
                <xs:element name="MFTV_ACQUISTI" type="xs:string" minOccurs="0" />
                <xs:element name="PRGP_ACQUISTI" type="xs:string" minOccurs="0" />
                <xs:element name="ROSN_ACQUISTI" type="xs:string" minOccurs="0" />
                <xs:element name="SLOV_ACQUISTI" type="xs:string" minOccurs="0" />
                <xs:element name="SVIZ_ACQUISTI" type="xs:string" minOccurs="0" />
                <xs:element name="BSP_ACQUISTI" type="xs:string" minOccurs="0" />
                <xs:element name="MALT_ACQUISTI" type="xs:string" minOccurs="0" />
                <xs:element name="XAUS_ACQUISTI" type="xs:string" minOccurs="0" />
                <xs:element name="XFRA_ACQUISTI" type="xs:string" minOccurs="0" />
                <xs:element name="TOTALE_VENDITE" type="xs:string" minOccurs="0" />
                <xs:element name="NAT_VENDITE" type="xs:string" minOccurs="0" />
                <xs:element name="CNOR_VENDITE" type="xs:string" minOccurs="0" />
                <xs:element name="CSUD_VENDITE" type="xs:string" minOccurs="0" />
                <xs:element name="NORD_VENDITE" type="xs:string" minOccurs="0" />
                <xs:element name="SARD_VENDITE" type="xs:string" minOccurs="0" />
                <xs:element name="SICI_VENDITE" type="xs:string" minOccurs="0" />
                <xs:element name="SUD_VENDITE" type="xs:string" minOccurs="0" />
                <xs:element name="AUST_VENDITE" type="xs:string" minOccurs="0" />
                <xs:element name="BRNN_VENDITE" type="xs:string" minOccurs="0" />
                <xs:element name="COAC_VENDITE" type="xs:string" minOccurs="0" />
                <xs:element name="CORS_VENDITE" type="xs:string" minOccurs="0" />
                <xs:element name="FOGN_VENDITE" type="xs:string" minOccurs="0" />
                <xs:element name="FRAN_VENDITE" type="xs:string" minOccurs="0" />
                <xs:element name="GREC_VENDITE" type="xs:string" minOccurs="0" />
                <xs:element name="MFTV_VENDITE" type="xs:string" minOccurs="0" />
                <xs:element name="PRGP_VENDITE" type="xs:string" minOccurs="0" />
                <xs:element name="ROSN_VENDITE" type="xs:string" minOccurs="0" />
                <xs:element name="SLOV_VENDITE" type="xs:string" minOccurs="0" />
                <xs:element name="SVIZ_VENDITE" type="xs:string" minOccurs="0" />
                <xs:element name="BSP_VENDITE" type="xs:string" minOccurs="0" />
                <xs:element name="MALT_VENDITE" type="xs:string" minOccurs="0" />
                <xs:element name="XAUS_VENDITE" type="xs:string" minOccurs="0" />
                <xs:element name="XFRA_VENDITE" type="xs:string" minOccurs="0" />
                <xs:element name="TOTITABSP_VENDITE" msdata:ReadOnly="true" msdata:Expression="Convert(TOTALE_VENDITE, System.Double) + Convert(BSP_VENDITE,System.Double)" type="xs:string" minOccurs="0" />
                <xs:element name="TOTITABSP_ACQUISTI" msdata:ReadOnly="true" msdata:Expression="Convert(TOTALE_ACQUISTI, System.Double) + Convert(BSP_ACQUISTI, System.Double)" type="xs:string" minOccurs="0" />
              </xs:sequence>
            </xs:complexType>
          </xs:element>
        </xs:choice>
      </xs:complexType>
    </xs:element>
  </xs:schema>
  <Quantita>
    <Data>20180410</Data>
    <Mercato>MGP</Mercato>
    <Ora>1</Ora>
    <TOTALE_ACQUISTI>27714,238</TOTALE_ACQUISTI>
    <NAT_ACQUISTI>27714,371000</NAT_ACQUISTI>
    <CNOR_ACQUISTI>2911,207000</CNOR_ACQUISTI>
    <CSUD_ACQUISTI>4149,223000</CSUD_ACQUISTI>
    <NORD_ACQUISTI>15314,628000</NORD_ACQUISTI>
    <SARD_ACQUISTI>845,396000</SARD_ACQUISTI>
    <SICI_ACQUISTI>1629,310000</SICI_ACQUISTI>
    <SUD_ACQUISTI>2167,474000</SUD_ACQUISTI>
    <AUST_ACQUISTI>0,000000</AUST_ACQUISTI>
    <BRNN_ACQUISTI>0,000000</BRNN_ACQUISTI>
    <COAC_ACQUISTI>55,000000</COAC_ACQUISTI>
    <CORS_ACQUISTI>29,000000</CORS_ACQUISTI>
    <FOGN_ACQUISTI>0,000000</FOGN_ACQUISTI>
    <FRAN_ACQUISTI>0,000000</FRAN_ACQUISTI>
    <GREC_ACQUISTI>500,000000</GREC_ACQUISTI>
    <MFTV_ACQUISTI>0,000000</MFTV_ACQUISTI>
    <PRGP_ACQUISTI>0,000000</PRGP_ACQUISTI>
    <ROSN_ACQUISTI>0,000000</ROSN_ACQUISTI>
    <SLOV_ACQUISTI>0,000000</SLOV_ACQUISTI>
    <SVIZ_ACQUISTI>0,000000</SVIZ_ACQUISTI>
    <BSP_ACQUISTI>0,000000</BSP_ACQUISTI>
    <MALT_ACQUISTI>113,000000</MALT_ACQUISTI>
    <XAUS_ACQUISTI>0,000000</XAUS_ACQUISTI>
    <XFRA_ACQUISTI>0,000000</XFRA_ACQUISTI>
    <TOTALE_VENDITE>23923,238</TOTALE_VENDITE>
    <NAT_VENDITE>27714,371000</NAT_VENDITE>
    <CNOR_VENDITE>2160,829000</CNOR_VENDITE>
    <CSUD_VENDITE>1807,150000</CSUD_VENDITE>
    <NORD_VENDITE>10487,404000</NORD_VENDITE>
    <SARD_VENDITE>651,786000</SARD_VENDITE>
    <SICI_VENDITE>642,310000</SICI_VENDITE>
    <SUD_VENDITE>2456,656000</SUD_VENDITE>
    <AUST_VENDITE>20,000000</AUST_VENDITE>
    <BRNN_VENDITE>1205,512000</BRNN_VENDITE>
    <COAC_VENDITE>0,000000</COAC_VENDITE>
    <CORS_VENDITE>0,000000</CORS_VENDITE>
    <FOGN_VENDITE>44,752000</FOGN_VENDITE>
    <FRAN_VENDITE>99,000000</FRAN_VENDITE>
    <GREC_VENDITE>458,000000</GREC_VENDITE>
    <MFTV_VENDITE>0,000000</MFTV_VENDITE>
    <PRGP_VENDITE>0,000000</PRGP_VENDITE>
    <ROSN_VENDITE>1049,839000</ROSN_VENDITE>
    <SLOV_VENDITE>0,000000</SLOV_VENDITE>
    <SVIZ_VENDITE>2840,000000</SVIZ_VENDITE>
    <BSP_VENDITE>620,000000</BSP_VENDITE>
    <MALT_VENDITE>0,000000</MALT_VENDITE>
    <XAUS_VENDITE>275,000000</XAUS_VENDITE>
    <XFRA_VENDITE>2896,000000</XFRA_VENDITE>
    <TOTITABSP_VENDITE>24543,238</TOTITABSP_VENDITE>
    <TOTITABSP_ACQUISTI>27714,238</TOTITABSP_ACQUISTI>
  </Quantita>
  <Quantita>
    <Data>20180410</Data>
    <Mercato>MGP</Mercato>
    <Ora>2</Ora>
    <TOTALE_ACQUISTI>26306,887</TOTALE_ACQUISTI>
    <NAT_ACQUISTI>26306,887000</NAT_ACQUISTI>
    <CNOR_ACQUISTI>2776,240000</CNOR_ACQUISTI>
    <CSUD_ACQUISTI>3819,364000</CSUD_ACQUISTI>
    <NORD_ACQUISTI>14717,538000</NORD_ACQUISTI>
    <SARD_ACQUISTI>790,976000</SARD_ACQUISTI>
    <SICI_ACQUISTI>1487,015000</SICI_ACQUISTI>
    <SUD_ACQUISTI>2018,754000</SUD_ACQUISTI>
    <AUST_ACQUISTI>0,000000</AUST_ACQUISTI>
    <BRNN_ACQUISTI>0,000000</BRNN_ACQUISTI>
    <COAC_ACQUISTI>39,000000</COAC_ACQUISTI>
    <CORS_ACQUISTI>29,000000</CORS_ACQUISTI>
    <FOGN_ACQUISTI>0,000000</FOGN_ACQUISTI>
    <FRAN_ACQUISTI>0,000000</FRAN_ACQUISTI>
    <GREC_ACQUISTI>525,000000</GREC_ACQUISTI>
    <MFTV_ACQUISTI>0,000000</MFTV_ACQUISTI>
    <PRGP_ACQUISTI>0,000000</PRGP_ACQUISTI>
    <ROSN_ACQUISTI>0,000000</ROSN_ACQUISTI>
    <SLOV_ACQUISTI>0,000000</SLOV_ACQUISTI>
    <SVIZ_ACQUISTI>0,000000</SVIZ_ACQUISTI>
    <BSP_ACQUISTI>0,000000</BSP_ACQUISTI>
    <MALT_ACQUISTI>104,000000</MALT_ACQUISTI>
    <XAUS_ACQUISTI>0,000000</XAUS_ACQUISTI>
    <XFRA_ACQUISTI>0,000000</XFRA_ACQUISTI>
    <TOTALE_VENDITE>22515,887</TOTALE_VENDITE>
    <NAT_VENDITE>26306,887000</NAT_VENDITE>
    <CNOR_VENDITE>1923,891000</CNOR_VENDITE>
    <CSUD_VENDITE>1701,872000</CSUD_VENDITE>
    <NORD_VENDITE>9705,113000</NORD_VENDITE>
    <SARD_VENDITE>616,556000</SARD_VENDITE>
    <SICI_VENDITE>601,683000</SICI_VENDITE>
    <SUD_VENDITE>2371,066000</SUD_VENDITE>
    <AUST_VENDITE>20,000000</AUST_VENDITE>
    <BRNN_VENDITE>1207,669000</BRNN_VENDITE>
    <COAC_VENDITE>0,000000</COAC_VENDITE>
    <CORS_VENDITE>0,000000</CORS_VENDITE>
    <FOGN_VENDITE>38,102000</FOGN_VENDITE>
    <FRAN_VENDITE>99,000000</FRAN_VENDITE>
    <GREC_VENDITE>457,000000</GREC_VENDITE>
    <MFTV_VENDITE>0,000000</MFTV_VENDITE>
    <PRGP_VENDITE>0,000000</PRGP_VENDITE>
    <ROSN_VENDITE>933,935000</ROSN_VENDITE>
    <SLOV_VENDITE>0,000000</SLOV_VENDITE>
    <SVIZ_VENDITE>2840,000000</SVIZ_VENDITE>
    <BSP_VENDITE>620,000000</BSP_VENDITE>
    <MALT_VENDITE>0,000000</MALT_VENDITE>
    <XAUS_VENDITE>275,000000</XAUS_VENDITE>
    <XFRA_VENDITE>2896,000000</XFRA_VENDITE>
    <TOTITABSP_VENDITE>23135,887</TOTITABSP_VENDITE>
    <TOTITABSP_ACQUISTI>26306,887</TOTITABSP_ACQUISTI>
  </Quantita>
  <Quantita>
    <Data>20180410</Data>
    <Mercato>MGP</Mercato>
    <Ora>3</Ora>
    <TOTALE_ACQUISTI>25655,422</TOTALE_ACQUISTI>
    <NAT_ACQUISTI>25655,422000</NAT_ACQUISTI>
    <CNOR_ACQUISTI>2716,981000</CNOR_ACQUISTI>
    <CSUD_ACQUISTI>3675,772000</CSUD_ACQUISTI>
    <NORD_ACQUISTI>14423,526000</NORD_ACQUISTI>
    <SARD_ACQUISTI>769,561000</SARD_ACQUISTI>
    <SICI_ACQUISTI>1420,278000</SICI_ACQUISTI>
    <SUD_ACQUISTI>1952,304000</SUD_ACQUISTI>
    <AUST_ACQUISTI>0,000000</AUST_ACQUISTI>
    <BRNN_ACQUISTI>0,000000</BRNN_ACQUISTI>
    <COAC_ACQUISTI>33,000000</COAC_ACQUISTI>
    <CORS_ACQUISTI>12,000000</CORS_ACQUISTI>
    <FOGN_ACQUISTI>0,000000</FOGN_ACQUISTI>
    <FRAN_ACQUISTI>0,000000</FRAN_ACQUISTI>
    <GREC_ACQUISTI>555,000000</GREC_ACQUISTI>
    <MFTV_ACQUISTI>0,000000</MFTV_ACQUISTI>
    <PRGP_ACQUISTI>0,000000</PRGP_ACQUISTI>
    <ROSN_ACQUISTI>0,000000</ROSN_ACQUISTI>
    <SLOV_ACQUISTI>0,000000</SLOV_ACQUISTI>
    <SVIZ_ACQUISTI>0,000000</SVIZ_ACQUISTI>
    <BSP_ACQUISTI>0,000000</BSP_ACQUISTI>
    <MALT_ACQUISTI>97,000000</MALT_ACQUISTI>
    <XAUS_ACQUISTI>0,000000</XAUS_ACQUISTI>
    <XFRA_ACQUISTI>0,000000</XFRA_ACQUISTI>
    <TOTALE_VENDITE>21864,422</TOTALE_VENDITE>
    <NAT_VENDITE>25655,422000</NAT_VENDITE>
    <CNOR_VENDITE>1912,552000</CNOR_VENDITE>
    <CSUD_VENDITE>1669,234000</CSUD_VENDITE>
    <NORD_VENDITE>9524,871000</NORD_VENDITE>
    <SARD_VENDITE>632,094000</SARD_VENDITE>
    <SICI_VENDITE>594,701000</SICI_VENDITE>
    <SUD_VENDITE>2297,714000</SUD_VENDITE>
    <AUST_VENDITE>20,000000</AUST_VENDITE>
    <BRNN_VENDITE>1209,762000</BRNN_VENDITE>
    <COAC_VENDITE>0,000000</COAC_VENDITE>
    <CORS_VENDITE>0,000000</CORS_VENDITE>
    <FOGN_VENDITE>39,578000</FOGN_VENDITE>
    <FRAN_VENDITE>99,000000</FRAN_VENDITE>
    <GREC_VENDITE>457,000000</GREC_VENDITE>
    <MFTV_VENDITE>0,000000</MFTV_VENDITE>
    <PRGP_VENDITE>0,000000</PRGP_VENDITE>
    <ROSN_VENDITE>617,916000</ROSN_VENDITE>
    <SLOV_VENDITE>0,000000</SLOV_VENDITE>
    <SVIZ_VENDITE>2790,000000</SVIZ_VENDITE>
    <BSP_VENDITE>620,000000</BSP_VENDITE>
    <MALT_VENDITE>0,000000</MALT_VENDITE>
    <XAUS_VENDITE>275,000000</XAUS_VENDITE>
    <XFRA_VENDITE>2896,000000</XFRA_VENDITE>
    <TOTITABSP_VENDITE>22484,422</TOTITABSP_VENDITE>
    <TOTITABSP_ACQUISTI>25655,422</TOTITABSP_ACQUISTI>
  </Quantita>
  <Quantita>
    <Data>20180410</Data>
    <Mercato>MGP</Mercato>
    <Ora>4</Ora>
    <TOTALE_ACQUISTI>25401,622</TOTALE_ACQUISTI>
    <NAT_ACQUISTI>25401,622000</NAT_ACQUISTI>
    <CNOR_ACQUISTI>2700,376000</CNOR_ACQUISTI>
    <CSUD_ACQUISTI>3625,307000</CSUD_ACQUISTI>
    <NORD_ACQUISTI>14289,620000</NORD_ACQUISTI>
    <SARD_ACQUISTI>772,686000</SARD_ACQUISTI>
    <SICI_ACQUISTI>1398,025000</SICI_ACQUISTI>
    <SUD_ACQUISTI>1934,608000</SUD_ACQUISTI>
    <AUST_ACQUISTI>0,000000</AUST_ACQUISTI>
    <BRNN_ACQUISTI>0,000000</BRNN_ACQUISTI>
    <COAC_ACQUISTI>25,000000</COAC_ACQUISTI>
    <CORS_ACQUISTI>5,000000</CORS_ACQUISTI>
    <FOGN_ACQUISTI>0,000000</FOGN_ACQUISTI>
    <FRAN_ACQUISTI>0,000000</FRAN_ACQUISTI>
    <GREC_ACQUISTI>555,000000</GREC_ACQUISTI>
    <MFTV_ACQUISTI>0,000000</MFTV_ACQUISTI>
    <PRGP_ACQUISTI>0,000000</PRGP_ACQUISTI>
    <ROSN_ACQUISTI>0,000000</ROSN_ACQUISTI>
    <SLOV_ACQUISTI>0,000000</SLOV_ACQUISTI>
    <SVIZ_ACQUISTI>0,000000</SVIZ_ACQUISTI>
    <BSP_ACQUISTI>0,000000</BSP_ACQUISTI>
    <MALT_ACQUISTI>96,000000</MALT_ACQUISTI>
    <XAUS_ACQUISTI>0,000000</XAUS_ACQUISTI>
    <XFRA_ACQUISTI>0,000000</XFRA_ACQUISTI>
    <TOTALE_VENDITE>21610,622</TOTALE_VENDITE>
    <NAT_VENDITE>25401,622000</NAT_VENDITE>
    <CNOR_VENDITE>1904,981000</CNOR_VENDITE>
    <CSUD_VENDITE>1586,454000</CSUD_VENDITE>
    <NORD_VENDITE>9487,776000</NORD_VENDITE>
    <SARD_VENDITE>645,626000</SARD_VENDITE>
    <SICI_VENDITE>573,078000</SICI_VENDITE>
    <SUD_VENDITE>2178,169000</SUD_VENDITE>
    <AUST_VENDITE>20,000000</AUST_VENDITE>
    <BRNN_VENDITE>1208,893000</BRNN_VENDITE>
    <COAC_VENDITE>0,000000</COAC_VENDITE>
    <CORS_VENDITE>0,000000</CORS_VENDITE>
    <FOGN_VENDITE>37,806000</FOGN_VENDITE>
    <FRAN_VENDITE>99,000000</FRAN_VENDITE>
    <GREC_VENDITE>457,000000</GREC_VENDITE>
    <MFTV_VENDITE>0,000000</MFTV_VENDITE>
    <PRGP_VENDITE>0,000000</PRGP_VENDITE>
    <ROSN_VENDITE>621,839000</ROSN_VENDITE>
    <SLOV_VENDITE>0,000000</SLOV_VENDITE>
    <SVIZ_VENDITE>2790,000000</SVIZ_VENDITE>
    <BSP_VENDITE>620,000000</BSP_VENDITE>
    <MALT_VENDITE>0,000000</MALT_VENDITE>
    <XAUS_VENDITE>275,000000</XAUS_VENDITE>
    <XFRA_VENDITE>2896,000000</XFRA_VENDITE>
    <TOTITABSP_VENDITE>22230,622</TOTITABSP_VENDITE>
    <TOTITABSP_ACQUISTI>25401,622</TOTITABSP_ACQUISTI>
  </Quantita>
  <Quantita>
    <Data>20180410</Data>
    <Mercato>MGP</Mercato>
    <Ora>5</Ora>
    <TOTALE_ACQUISTI>25583,879</TOTALE_ACQUISTI>
    <NAT_ACQUISTI>25583,879000</NAT_ACQUISTI>
    <CNOR_ACQUISTI>2710,372000</CNOR_ACQUISTI>
    <CSUD_ACQUISTI>3636,758000</CSUD_ACQUISTI>
    <NORD_ACQUISTI>14414,165000</NORD_ACQUISTI>
    <SARD_ACQUISTI>770,522000</SARD_ACQUISTI>
    <SICI_ACQUISTI>1405,092000</SICI_ACQUISTI>
    <SUD_ACQUISTI>1959,970000</SUD_ACQUISTI>
    <AUST_ACQUISTI>0,000000</AUST_ACQUISTI>
    <BRNN_ACQUISTI>0,000000</BRNN_ACQUISTI>
    <COAC_ACQUISTI>20,000000</COAC_ACQUISTI>
    <CORS_ACQUISTI>5,000000</CORS_ACQUISTI>
    <FOGN_ACQUISTI>0,000000</FOGN_ACQUISTI>
    <FRAN_ACQUISTI>0,000000</FRAN_ACQUISTI>
    <GREC_ACQUISTI>558,000000</GREC_ACQUISTI>
    <MFTV_ACQUISTI>0,000000</MFTV_ACQUISTI>
    <PRGP_ACQUISTI>0,000000</PRGP_ACQUISTI>
    <ROSN_ACQUISTI>0,000000</ROSN_ACQUISTI>
    <SLOV_ACQUISTI>0,000000</SLOV_ACQUISTI>
    <SVIZ_ACQUISTI>0,000000</SVIZ_ACQUISTI>
    <BSP_ACQUISTI>0,000000</BSP_ACQUISTI>
    <MALT_ACQUISTI>104,000000</MALT_ACQUISTI>
    <XAUS_ACQUISTI>0,000000</XAUS_ACQUISTI>
    <XFRA_ACQUISTI>0,000000</XFRA_ACQUISTI>
    <TOTALE_VENDITE>21792,879</TOTALE_VENDITE>
    <NAT_VENDITE>25583,879000</NAT_VENDITE>
    <CNOR_VENDITE>1928,460000</CNOR_VENDITE>
    <CSUD_VENDITE>1523,604000</CSUD_VENDITE>
    <NORD_VENDITE>9563,553000</NORD_VENDITE>
    <SARD_VENDITE>659,355000</SARD_VENDITE>
    <SICI_VENDITE>573,743000</SICI_VENDITE>
    <SUD_VENDITE>2010,591000</SUD_VENDITE>
    <AUST_VENDITE>20,000000</AUST_VENDITE>
    <BRNN_VENDITE>1205,541000</BRNN_VENDITE>
    <COAC_VENDITE>0,000000</COAC_VENDITE>
    <CORS_VENDITE>0,000000</CORS_VENDITE>
    <FOGN_VENDITE>30,057000</FOGN_VENDITE>
    <FRAN_VENDITE>99,000000</FRAN_VENDITE>
    <GREC_VENDITE>452,000000</GREC_VENDITE>
    <MFTV_VENDITE>0,000000</MFTV_VENDITE>
    <PRGP_VENDITE>0,000000</PRGP_VENDITE>
    <ROSN_VENDITE>936,975000</ROSN_VENDITE>
    <SLOV_VENDITE>0,000000</SLOV_VENDITE>
    <SVIZ_VENDITE>2790,000000</SVIZ_VENDITE>
    <BSP_VENDITE>620,000000</BSP_VENDITE>
    <MALT_VENDITE>0,000000</MALT_VENDITE>
    <XAUS_VENDITE>275,000000</XAUS_VENDITE>
    <XFRA_VENDITE>2896,000000</XFRA_VENDITE>
    <TOTITABSP_VENDITE>22412,879</TOTITABSP_VENDITE>
    <TOTITABSP_ACQUISTI>25583,879</TOTITABSP_ACQUISTI>
  </Quantita>
  <Quantita>
    <Data>20180410</Data>
    <Mercato>MGP</Mercato>
    <Ora>6</Ora>
    <TOTALE_ACQUISTI>26761,263</TOTALE_ACQUISTI>
    <NAT_ACQUISTI>26761,263000</NAT_ACQUISTI>
    <CNOR_ACQUISTI>2781,467000</CNOR_ACQUISTI>
    <CSUD_ACQUISTI>3816,497000</CSUD_ACQUISTI>
    <NORD_ACQUISTI>15249,906000</NORD_ACQUISTI>
    <SARD_ACQUISTI>797,923000</SARD_ACQUISTI>
    <SICI_ACQUISTI>1472,737000</SICI_ACQUISTI>
    <SUD_ACQUISTI>2035,733000</SUD_ACQUISTI>
    <AUST_ACQUISTI>0,000000</AUST_ACQUISTI>
    <BRNN_ACQUISTI>0,000000</BRNN_ACQUISTI>
    <COAC_ACQUISTI>23,000000</COAC_ACQUISTI>
    <CORS_ACQUISTI>5,000000</CORS_ACQUISTI>
    <FOGN_ACQUISTI>0,000000</FOGN_ACQUISTI>
    <FRAN_ACQUISTI>0,000000</FRAN_ACQUISTI>
    <GREC_ACQUISTI>453,000000</GREC_ACQUISTI>
    <MFTV_ACQUISTI>0,000000</MFTV_ACQUISTI>
    <PRGP_ACQUISTI>0,000000</PRGP_ACQUISTI>
    <ROSN_ACQUISTI>0,000000</ROSN_ACQUISTI>
    <SLOV_ACQUISTI>0,000000</SLOV_ACQUISTI>
    <SVIZ_ACQUISTI>0,000000</SVIZ_ACQUISTI>
    <BSP_ACQUISTI>0,000000</BSP_ACQUISTI>
    <MALT_ACQUISTI>126,000000</MALT_ACQUISTI>
    <XAUS_ACQUISTI>0,000000</XAUS_ACQUISTI>
    <XFRA_ACQUISTI>0,000000</XFRA_ACQUISTI>
    <TOTALE_VENDITE>22970,263</TOTALE_VENDITE>
    <NAT_VENDITE>26761,263000</NAT_VENDITE>
    <CNOR_VENDITE>2123,105000</CNOR_VENDITE>
    <CSUD_VENDITE>1480,009000</CSUD_VENDITE>
    <NORD_VENDITE>10576,724000</NORD_VENDITE>
    <SARD_VENDITE>699,841000</SARD_VENDITE>
    <SICI_VENDITE>610,610000</SICI_VENDITE>
    <SUD_VENDITE>2007,586000</SUD_VENDITE>
    <AUST_VENDITE>20,000000</AUST_VENDITE>
    <BRNN_VENDITE>1201,040000</BRNN_VENDITE>
    <COAC_VENDITE>0,000000</COAC_VENDITE>
    <CORS_VENDITE>0,000000</CORS_VENDITE>
    <FOGN_VENDITE>19,115000</FOGN_VENDITE>
    <FRAN_VENDITE>99,000000</FRAN_VENDITE>
    <GREC_VENDITE>455,000000</GREC_VENDITE>
    <MFTV_VENDITE>0,000000</MFTV_VENDITE>
    <PRGP_VENDITE>0,000000</PRGP_VENDITE>
    <ROSN_VENDITE>838,233000</ROSN_VENDITE>
    <SLOV_VENDITE>0,000000</SLOV_VENDITE>
    <SVIZ_VENDITE>2840,000000</SVIZ_VENDITE>
    <BSP_VENDITE>620,000000</BSP_VENDITE>
    <MALT_VENDITE>0,000000</MALT_VENDITE>
    <XAUS_VENDITE>275,000000</XAUS_VENDITE>
    <XFRA_VENDITE>2896,000000</XFRA_VENDITE>
    <TOTITABSP_VENDITE>23590,263</TOTITABSP_VENDITE>
    <TOTITABSP_ACQUISTI>26761,263</TOTITABSP_ACQUISTI>
  </Quantita>
  <Quantita>
    <Data>20180410</Data>
    <Mercato>MGP</Mercato>
    <Ora>7</Ora>
    <TOTALE_ACQUISTI>30819,539</TOTALE_ACQUISTI>
    <NAT_ACQUISTI>30832,356000</NAT_ACQUISTI>
    <CNOR_ACQUISTI>3256,588000</CNOR_ACQUISTI>
    <CSUD_ACQUISTI>4403,698000</CSUD_ACQUISTI>
    <NORD_ACQUISTI>18139,619000</NORD_ACQUISTI>
    <SARD_ACQUISTI>874,824000</SARD_ACQUISTI>
    <SICI_ACQUISTI>1650,690000</SICI_ACQUISTI>
    <SUD_ACQUISTI>2252,120000</SUD_ACQUISTI>
    <AUST_ACQUISTI>0,000000</AUST_ACQUISTI>
    <BRNN_ACQUISTI>0,000000</BRNN_ACQUISTI>
    <COAC_ACQUISTI>39,000000</COAC_ACQUISTI>
    <CORS_ACQUISTI>5,000000</CORS_ACQUISTI>
    <FOGN_ACQUISTI>0,000000</FOGN_ACQUISTI>
    <FRAN_ACQUISTI>0,000000</FRAN_ACQUISTI>
    <GREC_ACQUISTI>33,000000</GREC_ACQUISTI>
    <MFTV_ACQUISTI>0,000000</MFTV_ACQUISTI>
    <PRGP_ACQUISTI>0,000000</PRGP_ACQUISTI>
    <ROSN_ACQUISTI>0,000000</ROSN_ACQUISTI>
    <SLOV_ACQUISTI>0,000000</SLOV_ACQUISTI>
    <SVIZ_ACQUISTI>0,000000</SVIZ_ACQUISTI>
    <BSP_ACQUISTI>0,000000</BSP_ACQUISTI>
    <MALT_ACQUISTI>165,000000</MALT_ACQUISTI>
    <XAUS_ACQUISTI>0,000000</XAUS_ACQUISTI>
    <XFRA_ACQUISTI>0,000000</XFRA_ACQUISTI>
    <TOTALE_VENDITE>27028,539</TOTALE_VENDITE>
    <NAT_VENDITE>30832,356000</NAT_VENDITE>
    <CNOR_VENDITE>2531,580000</CNOR_VENDITE>
    <CSUD_VENDITE>2599,801000</CSUD_VENDITE>
    <NORD_VENDITE>13120,141000</NORD_VENDITE>
    <SARD_VENDITE>685,013000</SARD_VENDITE>
    <SICI_VENDITE>715,634000</SICI_VENDITE>
    <SUD_VENDITE>1755,717000</SUD_VENDITE>
    <AUST_VENDITE>20,000000</AUST_VENDITE>
    <BRNN_VENDITE>1435,062000</BRNN_VENDITE>
    <COAC_VENDITE>0,000000</COAC_VENDITE>
    <CORS_VENDITE>0,000000</CORS_VENDITE>
    <FOGN_VENDITE>66,144000</FOGN_VENDITE>
    <FRAN_VENDITE>99,000000</FRAN_VENDITE>
    <GREC_VENDITE>410,000000</GREC_VENDITE>
    <MFTV_VENDITE>0,000000</MFTV_VENDITE>
    <PRGP_VENDITE>0,056000</PRGP_VENDITE>
    <ROSN_VENDITE>775,391000</ROSN_VENDITE>
    <SLOV_VENDITE>0,000000</SLOV_VENDITE>
    <SVIZ_VENDITE>2815,000000</SVIZ_VENDITE>
    <BSP_VENDITE>620,000000</BSP_VENDITE>
    <MALT_VENDITE>0,000000</MALT_VENDITE>
    <XAUS_VENDITE>275,000000</XAUS_VENDITE>
    <XFRA_VENDITE>2896,000000</XFRA_VENDITE>
    <TOTITABSP_VENDITE>27648,539</TOTITABSP_VENDITE>
    <TOTITABSP_ACQUISTI>30819,539</TOTITABSP_ACQUISTI>
  </Quantita>
  <Quantita>
    <Data>20180410</Data>
    <Mercato>MGP</Mercato>
    <Ora>8</Ora>
    <TOTALE_ACQUISTI>35925,074</TOTALE_ACQUISTI>
    <NAT_ACQUISTI>36037,183000</NAT_ACQUISTI>
    <CNOR_ACQUISTI>3832,772000</CNOR_ACQUISTI>
    <CSUD_ACQUISTI>5088,068000</CSUD_ACQUISTI>
    <NORD_ACQUISTI>21349,125000</NORD_ACQUISTI>
    <SARD_ACQUISTI>1006,734000</SARD_ACQUISTI>
    <SICI_ACQUISTI>1931,079000</SICI_ACQUISTI>
    <SUD_ACQUISTI>2571,296000</SUD_ACQUISTI>
    <AUST_ACQUISTI>0,000000</AUST_ACQUISTI>
    <BRNN_ACQUISTI>0,000000</BRNN_ACQUISTI>
    <COAC_ACQUISTI>46,000000</COAC_ACQUISTI>
    <CORS_ACQUISTI>5,000000</CORS_ACQUISTI>
    <FOGN_ACQUISTI>0,000000</FOGN_ACQUISTI>
    <FRAN_ACQUISTI>0,000000</FRAN_ACQUISTI>
    <GREC_ACQUISTI>0,000000</GREC_ACQUISTI>
    <MFTV_ACQUISTI>0,000000</MFTV_ACQUISTI>
    <PRGP_ACQUISTI>0,000000</PRGP_ACQUISTI>
    <ROSN_ACQUISTI>0,000000</ROSN_ACQUISTI>
    <SLOV_ACQUISTI>0,000000</SLOV_ACQUISTI>
    <SVIZ_ACQUISTI>0,000000</SVIZ_ACQUISTI>
    <BSP_ACQUISTI>0,000000</BSP_ACQUISTI>
    <MALT_ACQUISTI>95,000000</MALT_ACQUISTI>
    <XAUS_ACQUISTI>0,000000</XAUS_ACQUISTI>
    <XFRA_ACQUISTI>0,000000</XFRA_ACQUISTI>
    <TOTALE_VENDITE>31849,074</TOTALE_VENDITE>
    <NAT_VENDITE>36037,183000</NAT_VENDITE>
    <CNOR_VENDITE>2661,051000</CNOR_VENDITE>
    <CSUD_VENDITE>3367,261000</CSUD_VENDITE>
    <NORD_VENDITE>15931,282000</NORD_VENDITE>
    <SARD_VENDITE>660,322000</SARD_VENDITE>
    <SICI_VENDITE>860,129000</SICI_VENDITE>
    <SUD_VENDITE>1691,922000</SUD_VENDITE>
    <AUST_VENDITE>20,000000</AUST_VENDITE>
    <BRNN_VENDITE>1431,984000</BRNN_VENDITE>
    <COAC_VENDITE>0,000000</COAC_VENDITE>
    <CORS_VENDITE>0,000000</CORS_VENDITE>
    <FOGN_VENDITE>699,387000</FOGN_VENDITE>
    <FRAN_VENDITE>99,000000</FRAN_VENDITE>
    <GREC_VENDITE>408,000000</GREC_VENDITE>
    <MFTV_VENDITE>0,000000</MFTV_VENDITE>
    <PRGP_VENDITE>65,950000</PRGP_VENDITE>
    <ROSN_VENDITE>982,786000</ROSN_VENDITE>
    <SLOV_VENDITE>0,000000</SLOV_VENDITE>
    <SVIZ_VENDITE>2970,000000</SVIZ_VENDITE>
    <BSP_VENDITE>730,000000</BSP_VENDITE>
    <MALT_VENDITE>0,000000</MALT_VENDITE>
    <XAUS_VENDITE>295,000000</XAUS_VENDITE>
    <XFRA_VENDITE>3051,000000</XFRA_VENDITE>
    <TOTITABSP_VENDITE>32579,074</TOTITABSP_VENDITE>
    <TOTITABSP_ACQUISTI>35925,074</TOTITABSP_ACQUISTI>
  </Quantita>
  <Quantita>
    <Data>20180410</Data>
    <Mercato>MGP</Mercato>
    <Ora>9</Ora>
    <TOTALE_ACQUISTI>40736,754</TOTALE_ACQUISTI>
    <NAT_ACQUISTI>40745,335000</NAT_ACQUISTI>
    <CNOR_ACQUISTI>4407,631000</CNOR_ACQUISTI>
    <CSUD_ACQUISTI>5726,330000</CSUD_ACQUISTI>
    <NORD_ACQUISTI>24246,568000</NORD_ACQUISTI>
    <SARD_ACQUISTI>1101,603000</SARD_ACQUISTI>
    <SICI_ACQUISTI>2148,927000</SICI_ACQUISTI>
    <SUD_ACQUISTI>2932,695000</SUD_ACQUISTI>
    <AUST_ACQUISTI>0,000000</AUST_ACQUISTI>
    <BRNN_ACQUISTI>0,000000</BRNN_ACQUISTI>
    <COAC_ACQUISTI>48,000000</COAC_ACQUISTI>
    <CORS_ACQUISTI>17,000000</CORS_ACQUISTI>
    <FOGN_ACQUISTI>0,000000</FOGN_ACQUISTI>
    <FRAN_ACQUISTI>0,000000</FRAN_ACQUISTI>
    <GREC_ACQUISTI>0,000000</GREC_ACQUISTI>
    <MFTV_ACQUISTI>0,000000</MFTV_ACQUISTI>
    <PRGP_ACQUISTI>0,000000</PRGP_ACQUISTI>
    <ROSN_ACQUISTI>0,000000</ROSN_ACQUISTI>
    <SLOV_ACQUISTI>0,000000</SLOV_ACQUISTI>
    <SVIZ_ACQUISTI>0,000000</SVIZ_ACQUISTI>
    <BSP_ACQUISTI>0,000000</BSP_ACQUISTI>
    <MALT_ACQUISTI>108,000000</MALT_ACQUISTI>
    <XAUS_ACQUISTI>0,000000</XAUS_ACQUISTI>
    <XFRA_ACQUISTI>0,000000</XFRA_ACQUISTI>
    <TOTALE_VENDITE>36660,754</TOTALE_VENDITE>
    <NAT_VENDITE>40745,335000</NAT_VENDITE>
    <CNOR_VENDITE>2940,789000</CNOR_VENDITE>
    <CSUD_VENDITE>3963,293000</CSUD_VENDITE>
    <NORD_VENDITE>18298,208000</NORD_VENDITE>
    <SARD_VENDITE>727,829000</SARD_VENDITE>
    <SICI_VENDITE>1219,250000</SICI_VENDITE>
    <SUD_VENDITE>1995,189000</SUD_VENDITE>
    <AUST_VENDITE>20,000000</AUST_VENDITE>
    <BRNN_VENDITE>1492,632000</BRNN_VENDITE>
    <COAC_VENDITE>0,000000</COAC_VENDITE>
    <CORS_VENDITE>0,000000</CORS_VENDITE>
    <FOGN_VENDITE>959,763000</FOGN_VENDITE>
    <FRAN_VENDITE>99,000000</FRAN_VENDITE>
    <GREC_VENDITE>368,000000</GREC_VENDITE>
    <MFTV_VENDITE>0,000000</MFTV_VENDITE>
    <PRGP_VENDITE>137,677000</PRGP_VENDITE>
    <ROSN_VENDITE>1469,124000</ROSN_VENDITE>
    <SLOV_VENDITE>0,000000</SLOV_VENDITE>
    <SVIZ_VENDITE>2970,000000</SVIZ_VENDITE>
    <BSP_VENDITE>730,000000</BSP_VENDITE>
    <MALT_VENDITE>0,000000</MALT_VENDITE>
    <XAUS_VENDITE>295,000000</XAUS_VENDITE>
    <XFRA_VENDITE>3051,000000</XFRA_VENDITE>
    <TOTITABSP_VENDITE>37390,754</TOTITABSP_VENDITE>
    <TOTITABSP_ACQUISTI>40736,754</TOTITABSP_ACQUISTI>
  </Quantita>
  <Quantita>
    <Data>20180410</Data>
    <Mercato>MGP</Mercato>
    <Ora>10</Ora>
    <TOTALE_ACQUISTI>41435,722</TOTALE_ACQUISTI>
    <NAT_ACQUISTI>41535,722000</NAT_ACQUISTI>
    <CNOR_ACQUISTI>4521,231000</CNOR_ACQUISTI>
    <CSUD_ACQUISTI>5887,980000</CSUD_ACQUISTI>
    <NORD_ACQUISTI>24656,564000</NORD_ACQUISTI>
    <SARD_ACQUISTI>1079,465000</SARD_ACQUISTI>
    <SICI_ACQUISTI>2164,404000</SICI_ACQUISTI>
    <SUD_ACQUISTI>2941,078000</SUD_ACQUISTI>
    <AUST_ACQUISTI>0,000000</AUST_ACQUISTI>
    <BRNN_ACQUISTI>0,000000</BRNN_ACQUISTI>
    <COAC_ACQUISTI>47,000000</COAC_ACQUISTI>
    <CORS_ACQUISTI>29,000000</CORS_ACQUISTI>
    <FOGN_ACQUISTI>0,000000</FOGN_ACQUISTI>
    <FRAN_ACQUISTI>0,000000</FRAN_ACQUISTI>
    <GREC_ACQUISTI>0,000000</GREC_ACQUISTI>
    <MFTV_ACQUISTI>0,000000</MFTV_ACQUISTI>
    <PRGP_ACQUISTI>0,000000</PRGP_ACQUISTI>
    <ROSN_ACQUISTI>0,000000</ROSN_ACQUISTI>
    <SLOV_ACQUISTI>0,000000</SLOV_ACQUISTI>
    <SVIZ_ACQUISTI>0,000000</SVIZ_ACQUISTI>
    <BSP_ACQUISTI>0,000000</BSP_ACQUISTI>
    <MALT_ACQUISTI>109,000000</MALT_ACQUISTI>
    <XAUS_ACQUISTI>0,000000</XAUS_ACQUISTI>
    <XFRA_ACQUISTI>0,000000</XFRA_ACQUISTI>
    <TOTALE_VENDITE>37359,722</TOTALE_VENDITE>
    <NAT_VENDITE>41535,722000</NAT_VENDITE>
    <CNOR_VENDITE>3122,467000</CNOR_VENDITE>
    <CSUD_VENDITE>4562,776000</CSUD_VENDITE>
    <NORD_VENDITE>17937,230000</NORD_VENDITE>
    <SARD_VENDITE>759,187000</SARD_VENDITE>
    <SICI_VENDITE>1303,911000</SICI_VENDITE>
    <SUD_VENDITE>2353,354000</SUD_VENDITE>
    <AUST_VENDITE>20,000000</AUST_VENDITE>
    <BRNN_VENDITE>1559,039000</BRNN_VENDITE>
    <COAC_VENDITE>0,000000</COAC_VENDITE>
    <CORS_VENDITE>0,000000</CORS_VENDITE>
    <FOGN_VENDITE>755,434000</FOGN_VENDITE>
    <FRAN_VENDITE>99,000000</FRAN_VENDITE>
    <GREC_VENDITE>341,000000</GREC_VENDITE>
    <MFTV_VENDITE>0,000000</MFTV_VENDITE>
    <PRGP_VENDITE>69,493000</PRGP_VENDITE>
    <ROSN_VENDITE>1506,831000</ROSN_VENDITE>
    <SLOV_VENDITE>0,000000</SLOV_VENDITE>
    <SVIZ_VENDITE>2970,000000</SVIZ_VENDITE>
    <BSP_VENDITE>730,000000</BSP_VENDITE>
    <MALT_VENDITE>0,000000</MALT_VENDITE>
    <XAUS_VENDITE>295,000000</XAUS_VENDITE>
    <XFRA_VENDITE>3051,000000</XFRA_VENDITE>
    <TOTITABSP_VENDITE>38089,722</TOTITABSP_VENDITE>
    <TOTITABSP_ACQUISTI>41435,722</TOTITABSP_ACQUISTI>
  </Quantita>
  <Quantita>
    <Data>20180410</Data>
    <Mercato>MGP</Mercato>
    <Ora>11</Ora>
    <TOTALE_ACQUISTI>40582,624</TOTALE_ACQUISTI>
    <NAT_ACQUISTI>40688,263000</NAT_ACQUISTI>
    <CNOR_ACQUISTI>4421,738000</CNOR_ACQUISTI>
    <CSUD_ACQUISTI>5785,747000</CSUD_ACQUISTI>
    <NORD_ACQUISTI>24171,001000</NORD_ACQUISTI>
    <SARD_ACQUISTI>1035,574000</SARD_ACQUISTI>
    <SICI_ACQUISTI>2076,081000</SICI_ACQUISTI>
    <SUD_ACQUISTI>2861,453000</SUD_ACQUISTI>
    <AUST_ACQUISTI>0,000000</AUST_ACQUISTI>
    <BRNN_ACQUISTI>0,000000</BRNN_ACQUISTI>
    <COAC_ACQUISTI>88,000000</COAC_ACQUISTI>
    <CORS_ACQUISTI>29,000000</CORS_ACQUISTI>
    <FOGN_ACQUISTI>0,000000</FOGN_ACQUISTI>
    <FRAN_ACQUISTI>0,000000</FRAN_ACQUISTI>
    <GREC_ACQUISTI>10,000000</GREC_ACQUISTI>
    <MFTV_ACQUISTI>0,000000</MFTV_ACQUISTI>
    <PRGP_ACQUISTI>0,000000</PRGP_ACQUISTI>
    <ROSN_ACQUISTI>0,000000</ROSN_ACQUISTI>
    <SLOV_ACQUISTI>0,000000</SLOV_ACQUISTI>
    <SVIZ_ACQUISTI>0,000000</SVIZ_ACQUISTI>
    <BSP_ACQUISTI>0,000000</BSP_ACQUISTI>
    <MALT_ACQUISTI>104,030000</MALT_ACQUISTI>
    <XAUS_ACQUISTI>0,000000</XAUS_ACQUISTI>
    <XFRA_ACQUISTI>0,000000</XFRA_ACQUISTI>
    <TOTALE_VENDITE>36824,41</TOTALE_VENDITE>
    <NAT_VENDITE>40688,263000</NAT_VENDITE>
    <CNOR_VENDITE>3290,038000</CNOR_VENDITE>
    <CSUD_VENDITE>4504,572000</CSUD_VENDITE>
    <NORD_VENDITE>17436,410000</NORD_VENDITE>
    <SARD_VENDITE>782,588000</SARD_VENDITE>
    <SICI_VENDITE>1209,144000</SICI_VENDITE>
    <SUD_VENDITE>2680,179000</SUD_VENDITE>
    <AUST_VENDITE>20,000000</AUST_VENDITE>
    <BRNN_VENDITE>1555,742000</BRNN_VENDITE>
    <COAC_VENDITE>0,000000</COAC_VENDITE>
    <CORS_VENDITE>0,000000</CORS_VENDITE>
    <FOGN_VENDITE>692,716000</FOGN_VENDITE>
    <FRAN_VENDITE>99,000000</FRAN_VENDITE>
    <GREC_VENDITE>386,000000</GREC_VENDITE>
    <MFTV_VENDITE>0,000000</MFTV_VENDITE>
    <PRGP_VENDITE>70,967000</PRGP_VENDITE>
    <ROSN_VENDITE>1127,054000</ROSN_VENDITE>
    <SLOV_VENDITE>0,000000</SLOV_VENDITE>
    <SVIZ_VENDITE>2970,000000</SVIZ_VENDITE>
    <BSP_VENDITE>730,000000</BSP_VENDITE>
    <MALT_VENDITE>0,000000</MALT_VENDITE>
    <XAUS_VENDITE>295,000000</XAUS_VENDITE>
    <XFRA_VENDITE>2733,214000</XFRA_VENDITE>
    <TOTITABSP_VENDITE>37554,41</TOTITABSP_VENDITE>
    <TOTITABSP_ACQUISTI>40582,624</TOTITABSP_ACQUISTI>
  </Quantita>
  <Quantita>
    <Data>20180410</Data>
    <Mercato>MGP</Mercato>
    <Ora>12</Ora>
    <TOTALE_ACQUISTI>39929,257</TOTALE_ACQUISTI>
    <NAT_ACQUISTI>39938,257000</NAT_ACQUISTI>
    <CNOR_ACQUISTI>4329,827000</CNOR_ACQUISTI>
    <CSUD_ACQUISTI>5698,424000</CSUD_ACQUISTI>
    <NORD_ACQUISTI>23863,132000</NORD_ACQUISTI>
    <SARD_ACQUISTI>994,092000</SARD_ACQUISTI>
    <SICI_ACQUISTI>2021,796000</SICI_ACQUISTI>
    <SUD_ACQUISTI>2735,986000</SUD_ACQUISTI>
    <AUST_ACQUISTI>0,000000</AUST_ACQUISTI>
    <BRNN_ACQUISTI>0,000000</BRNN_ACQUISTI>
    <COAC_ACQUISTI>79,000000</COAC_ACQUISTI>
    <CORS_ACQUISTI>29,000000</CORS_ACQUISTI>
    <FOGN_ACQUISTI>0,000000</FOGN_ACQUISTI>
    <FRAN_ACQUISTI>0,000000</FRAN_ACQUISTI>
    <GREC_ACQUISTI>20,000000</GREC_ACQUISTI>
    <MFTV_ACQUISTI>0,000000</MFTV_ACQUISTI>
    <PRGP_ACQUISTI>0,000000</PRGP_ACQUISTI>
    <ROSN_ACQUISTI>0,000000</ROSN_ACQUISTI>
    <SLOV_ACQUISTI>0,000000</SLOV_ACQUISTI>
    <SVIZ_ACQUISTI>0,000000</SVIZ_ACQUISTI>
    <BSP_ACQUISTI>0,000000</BSP_ACQUISTI>
    <MALT_ACQUISTI>158,000000</MALT_ACQUISTI>
    <XAUS_ACQUISTI>0,000000</XAUS_ACQUISTI>
    <XFRA_ACQUISTI>0,000000</XFRA_ACQUISTI>
    <TOTALE_VENDITE>36779,011</TOTALE_VENDITE>
    <NAT_VENDITE>39938,257000</NAT_VENDITE>
    <CNOR_VENDITE>3419,300000</CNOR_VENDITE>
    <CSUD_VENDITE>4928,519000</CSUD_VENDITE>
    <NORD_VENDITE>16911,193000</NORD_VENDITE>
    <SARD_VENDITE>806,243000</SARD_VENDITE>
    <SICI_VENDITE>1240,988000</SICI_VENDITE>
    <SUD_VENDITE>2848,428000</SUD_VENDITE>
    <AUST_VENDITE>20,000000</AUST_VENDITE>
    <BRNN_VENDITE>1550,450000</BRNN_VENDITE>
    <COAC_VENDITE>0,000000</COAC_VENDITE>
    <CORS_VENDITE>0,000000</CORS_VENDITE>
    <FOGN_VENDITE>778,655000</FOGN_VENDITE>
    <FRAN_VENDITE>99,000000</FRAN_VENDITE>
    <GREC_VENDITE>391,000000</GREC_VENDITE>
    <MFTV_VENDITE>0,000000</MFTV_VENDITE>
    <PRGP_VENDITE>38,808000</PRGP_VENDITE>
    <ROSN_VENDITE>776,427000</ROSN_VENDITE>
    <SLOV_VENDITE>0,000000</SLOV_VENDITE>
    <SVIZ_VENDITE>2970,000000</SVIZ_VENDITE>
    <BSP_VENDITE>730,000000</BSP_VENDITE>
    <MALT_VENDITE>0,000000</MALT_VENDITE>
    <XAUS_VENDITE>295,000000</XAUS_VENDITE>
    <XFRA_VENDITE>2125,246000</XFRA_VENDITE>
    <TOTITABSP_VENDITE>37509,011</TOTITABSP_VENDITE>
    <TOTITABSP_ACQUISTI>39929,257</TOTITABSP_ACQUISTI>
  </Quantita>
  <Quantita>
    <Data>20180410</Data>
    <Mercato>MGP</Mercato>
    <Ora>13</Ora>
    <TOTALE_ACQUISTI>37855,149</TOTALE_ACQUISTI>
    <NAT_ACQUISTI>37874,134000</NAT_ACQUISTI>
    <CNOR_ACQUISTI>4084,399000</CNOR_ACQUISTI>
    <CSUD_ACQUISTI>5661,687000</CSUD_ACQUISTI>
    <NORD_ACQUISTI>22058,381000</NORD_ACQUISTI>
    <SARD_ACQUISTI>984,624000</SARD_ACQUISTI>
    <SICI_ACQUISTI>1994,605000</SICI_ACQUISTI>
    <SUD_ACQUISTI>2758,453000</SUD_ACQUISTI>
    <AUST_ACQUISTI>0,000000</AUST_ACQUISTI>
    <BRNN_ACQUISTI>0,000000</BRNN_ACQUISTI>
    <COAC_ACQUISTI>66,000000</COAC_ACQUISTI>
    <CORS_ACQUISTI>29,000000</CORS_ACQUISTI>
    <FOGN_ACQUISTI>0,000000</FOGN_ACQUISTI>
    <FRAN_ACQUISTI>0,000000</FRAN_ACQUISTI>
    <GREC_ACQUISTI>83,000000</GREC_ACQUISTI>
    <MFTV_ACQUISTI>0,000000</MFTV_ACQUISTI>
    <PRGP_ACQUISTI>0,000000</PRGP_ACQUISTI>
    <ROSN_ACQUISTI>0,000000</ROSN_ACQUISTI>
    <SLOV_ACQUISTI>0,000000</SLOV_ACQUISTI>
    <SVIZ_ACQUISTI>0,000000</SVIZ_ACQUISTI>
    <BSP_ACQUISTI>0,000000</BSP_ACQUISTI>
    <MALT_ACQUISTI>135,000000</MALT_ACQUISTI>
    <XAUS_ACQUISTI>0,000000</XAUS_ACQUISTI>
    <XFRA_ACQUISTI>0,000000</XFRA_ACQUISTI>
    <TOTALE_VENDITE>33779,149</TOTALE_VENDITE>
    <NAT_VENDITE>37874,134000</NAT_VENDITE>
    <CNOR_VENDITE>3012,498000</CNOR_VENDITE>
    <CSUD_VENDITE>4622,807000</CSUD_VENDITE>
    <NORD_VENDITE>14654,799000</NORD_VENDITE>
    <SARD_VENDITE>815,057000</SARD_VENDITE>
    <SICI_VENDITE>1222,996000</SICI_VENDITE>
    <SUD_VENDITE>3032,810000</SUD_VENDITE>
    <AUST_VENDITE>20,000000</AUST_VENDITE>
    <BRNN_VENDITE>1550,420000</BRNN_VENDITE>
    <COAC_VENDITE>0,000000</COAC_VENDITE>
    <CORS_VENDITE>0,000000</CORS_VENDITE>
    <FOGN_VENDITE>777,720000</FOGN_VENDITE>
    <FRAN_VENDITE>99,000000</FRAN_VENDITE>
    <GREC_VENDITE>248,000000</GREC_VENDITE>
    <MFTV_VENDITE>0,000000</MFTV_VENDITE>
    <PRGP_VENDITE>6,609000</PRGP_VENDITE>
    <ROSN_VENDITE>746,433000</ROSN_VENDITE>
    <SLOV_VENDITE>0,000000</SLOV_VENDITE>
    <SVIZ_VENDITE>2970,000000</SVIZ_VENDITE>
    <BSP_VENDITE>730,000000</BSP_VENDITE>
    <MALT_VENDITE>0,000000</MALT_VENDITE>
    <XAUS_VENDITE>295,000000</XAUS_VENDITE>
    <XFRA_VENDITE>3051,000000</XFRA_VENDITE>
    <TOTITABSP_VENDITE>34509,149</TOTITABSP_VENDITE>
    <TOTITABSP_ACQUISTI>37855,149</TOTITABSP_ACQUISTI>
  </Quantita>
  <Quantita>
    <Data>20180410</Data>
    <Mercato>MGP</Mercato>
    <Ora>14</Ora>
    <TOTALE_ACQUISTI>37754,741</TOTALE_ACQUISTI>
    <NAT_ACQUISTI>37754,741000</NAT_ACQUISTI>
    <CNOR_ACQUISTI>3962,104000</CNOR_ACQUISTI>
    <CSUD_ACQUISTI>5486,382000</CSUD_ACQUISTI>
    <NORD_ACQUISTI>22382,871000</NORD_ACQUISTI>
    <SARD_ACQUISTI>948,002000</SARD_ACQUISTI>
    <SICI_ACQUISTI>1935,177000</SICI_ACQUISTI>
    <SUD_ACQUISTI>2655,205000</SUD_ACQUISTI>
    <AUST_ACQUISTI>0,000000</AUST_ACQUISTI>
    <BRNN_ACQUISTI>0,000000</BRNN_ACQUISTI>
    <COAC_ACQUISTI>58,000000</COAC_ACQUISTI>
    <CORS_ACQUISTI>29,000000</CORS_ACQUISTI>
    <FOGN_ACQUISTI>0,000000</FOGN_ACQUISTI>
    <FRAN_ACQUISTI>0,000000</FRAN_ACQUISTI>
    <GREC_ACQUISTI>166,000000</GREC_ACQUISTI>
    <MFTV_ACQUISTI>0,000000</MFTV_ACQUISTI>
    <PRGP_ACQUISTI>0,000000</PRGP_ACQUISTI>
    <ROSN_ACQUISTI>0,000000</ROSN_ACQUISTI>
    <SLOV_ACQUISTI>0,000000</SLOV_ACQUISTI>
    <SVIZ_ACQUISTI>0,000000</SVIZ_ACQUISTI>
    <BSP_ACQUISTI>0,000000</BSP_ACQUISTI>
    <MALT_ACQUISTI>132,000000</MALT_ACQUISTI>
    <XAUS_ACQUISTI>0,000000</XAUS_ACQUISTI>
    <XFRA_ACQUISTI>0,000000</XFRA_ACQUISTI>
    <TOTALE_VENDITE>33678,741</TOTALE_VENDITE>
    <NAT_VENDITE>37754,741000</NAT_VENDITE>
    <CNOR_VENDITE>2981,609000</CNOR_VENDITE>
    <CSUD_VENDITE>4933,588000</CSUD_VENDITE>
    <NORD_VENDITE>14466,703000</NORD_VENDITE>
    <SARD_VENDITE>807,260000</SARD_VENDITE>
    <SICI_VENDITE>1215,494000</SICI_VENDITE>
    <SUD_VENDITE>2990,251000</SUD_VENDITE>
    <AUST_VENDITE>20,000000</AUST_VENDITE>
    <BRNN_VENDITE>1546,483000</BRNN_VENDITE>
    <COAC_VENDITE>0,000000</COAC_VENDITE>
    <CORS_VENDITE>0,000000</CORS_VENDITE>
    <FOGN_VENDITE>604,119000</FOGN_VENDITE>
    <FRAN_VENDITE>99,000000</FRAN_VENDITE>
    <GREC_VENDITE>257,000000</GREC_VENDITE>
    <MFTV_VENDITE>0,000000</MFTV_VENDITE>
    <PRGP_VENDITE>6,453000</PRGP_VENDITE>
    <ROSN_VENDITE>780,781000</ROSN_VENDITE>
    <SLOV_VENDITE>0,000000</SLOV_VENDITE>
    <SVIZ_VENDITE>2970,000000</SVIZ_VENDITE>
    <BSP_VENDITE>730,000000</BSP_VENDITE>
    <MALT_VENDITE>0,000000</MALT_VENDITE>
    <XAUS_VENDITE>295,000000</XAUS_VENDITE>
    <XFRA_VENDITE>3051,000000</XFRA_VENDITE>
    <TOTITABSP_VENDITE>34408,741</TOTITABSP_VENDITE>
    <TOTITABSP_ACQUISTI>37754,741</TOTITABSP_ACQUISTI>
  </Quantita>
  <Quantita>
    <Data>20180410</Data>
    <Mercato>MGP</Mercato>
    <Ora>15</Ora>
    <TOTALE_ACQUISTI>38540,02</TOTALE_ACQUISTI>
    <NAT_ACQUISTI>38540,020000</NAT_ACQUISTI>
    <CNOR_ACQUISTI>4160,281000</CNOR_ACQUISTI>
    <CSUD_ACQUISTI>5534,964000</CSUD_ACQUISTI>
    <NORD_ACQUISTI>23010,525000</NORD_ACQUISTI>
    <SARD_ACQUISTI>948,692000</SARD_ACQUISTI>
    <SICI_ACQUISTI>1931,367000</SICI_ACQUISTI>
    <SUD_ACQUISTI>2595,191000</SUD_ACQUISTI>
    <AUST_ACQUISTI>0,000000</AUST_ACQUISTI>
    <BRNN_ACQUISTI>0,000000</BRNN_ACQUISTI>
    <COAC_ACQUISTI>56,000000</COAC_ACQUISTI>
    <CORS_ACQUISTI>29,000000</CORS_ACQUISTI>
    <FOGN_ACQUISTI>0,000000</FOGN_ACQUISTI>
    <FRAN_ACQUISTI>0,000000</FRAN_ACQUISTI>
    <GREC_ACQUISTI>141,000000</GREC_ACQUISTI>
    <MFTV_ACQUISTI>0,000000</MFTV_ACQUISTI>
    <PRGP_ACQUISTI>0,000000</PRGP_ACQUISTI>
    <ROSN_ACQUISTI>0,000000</ROSN_ACQUISTI>
    <SLOV_ACQUISTI>0,000000</SLOV_ACQUISTI>
    <SVIZ_ACQUISTI>0,000000</SVIZ_ACQUISTI>
    <BSP_ACQUISTI>0,000000</BSP_ACQUISTI>
    <MALT_ACQUISTI>133,000000</MALT_ACQUISTI>
    <XAUS_ACQUISTI>0,000000</XAUS_ACQUISTI>
    <XFRA_ACQUISTI>0,000000</XFRA_ACQUISTI>
    <TOTALE_VENDITE>34464,02</TOTALE_VENDITE>
    <NAT_VENDITE>38540,020000</NAT_VENDITE>
    <CNOR_VENDITE>3247,907000</CNOR_VENDITE>
    <CSUD_VENDITE>5082,351000</CSUD_VENDITE>
    <NORD_VENDITE>15080,333000</NORD_VENDITE>
    <SARD_VENDITE>786,825000</SARD_VENDITE>
    <SICI_VENDITE>1180,164000</SICI_VENDITE>
    <SUD_VENDITE>2841,383000</SUD_VENDITE>
    <AUST_VENDITE>20,000000</AUST_VENDITE>
    <BRNN_VENDITE>1473,034000</BRNN_VENDITE>
    <COAC_VENDITE>0,000000</COAC_VENDITE>
    <CORS_VENDITE>0,000000</CORS_VENDITE>
    <FOGN_VENDITE>646,179000</FOGN_VENDITE>
    <FRAN_VENDITE>99,000000</FRAN_VENDITE>
    <GREC_VENDITE>254,000000</GREC_VENDITE>
    <MFTV_VENDITE>0,000000</MFTV_VENDITE>
    <PRGP_VENDITE>5,799000</PRGP_VENDITE>
    <ROSN_VENDITE>777,045000</ROSN_VENDITE>
    <SLOV_VENDITE>0,000000</SLOV_VENDITE>
    <SVIZ_VENDITE>2970,000000</SVIZ_VENDITE>
    <BSP_VENDITE>730,000000</BSP_VENDITE>
    <MALT_VENDITE>0,000000</MALT_VENDITE>
    <XAUS_VENDITE>295,000000</XAUS_VENDITE>
    <XFRA_VENDITE>3051,000000</XFRA_VENDITE>
    <TOTITABSP_VENDITE>35194,02</TOTITABSP_VENDITE>
    <TOTITABSP_ACQUISTI>38540,02</TOTITABSP_ACQUISTI>
  </Quantita>
  <Quantita>
    <Data>20180410</Data>
    <Mercato>MGP</Mercato>
    <Ora>16</Ora>
    <TOTALE_ACQUISTI>38828,858</TOTALE_ACQUISTI>
    <NAT_ACQUISTI>38828,858000</NAT_ACQUISTI>
    <CNOR_ACQUISTI>4228,665000</CNOR_ACQUISTI>
    <CSUD_ACQUISTI>5614,266000</CSUD_ACQUISTI>
    <NORD_ACQUISTI>23186,737000</NORD_ACQUISTI>
    <SARD_ACQUISTI>972,597000</SARD_ACQUISTI>
    <SICI_ACQUISTI>1944,978000</SICI_ACQUISTI>
    <SUD_ACQUISTI>2616,615000</SUD_ACQUISTI>
    <AUST_ACQUISTI>0,000000</AUST_ACQUISTI>
    <BRNN_ACQUISTI>0,000000</BRNN_ACQUISTI>
    <COAC_ACQUISTI>46,000000</COAC_ACQUISTI>
    <CORS_ACQUISTI>29,000000</CORS_ACQUISTI>
    <FOGN_ACQUISTI>0,000000</FOGN_ACQUISTI>
    <FRAN_ACQUISTI>0,000000</FRAN_ACQUISTI>
    <GREC_ACQUISTI>46,000000</GREC_ACQUISTI>
    <MFTV_ACQUISTI>0,000000</MFTV_ACQUISTI>
    <PRGP_ACQUISTI>0,000000</PRGP_ACQUISTI>
    <ROSN_ACQUISTI>0,000000</ROSN_ACQUISTI>
    <SLOV_ACQUISTI>0,000000</SLOV_ACQUISTI>
    <SVIZ_ACQUISTI>0,000000</SVIZ_ACQUISTI>
    <BSP_ACQUISTI>0,000000</BSP_ACQUISTI>
    <MALT_ACQUISTI>144,000000</MALT_ACQUISTI>
    <XAUS_ACQUISTI>0,000000</XAUS_ACQUISTI>
    <XFRA_ACQUISTI>0,000000</XFRA_ACQUISTI>
    <TOTALE_VENDITE>34752,858</TOTALE_VENDITE>
    <NAT_VENDITE>38828,858000</NAT_VENDITE>
    <CNOR_VENDITE>3126,019000</CNOR_VENDITE>
    <CSUD_VENDITE>4923,494000</CSUD_VENDITE>
    <NORD_VENDITE>15699,914000</NORD_VENDITE>
    <SARD_VENDITE>770,114000</SARD_VENDITE>
    <SICI_VENDITE>1184,485000</SICI_VENDITE>
    <SUD_VENDITE>2538,270000</SUD_VENDITE>
    <AUST_VENDITE>20,000000</AUST_VENDITE>
    <BRNN_VENDITE>1441,405000</BRNN_VENDITE>
    <COAC_VENDITE>0,000000</COAC_VENDITE>
    <CORS_VENDITE>0,000000</CORS_VENDITE>
    <FOGN_VENDITE>817,603000</FOGN_VENDITE>
    <FRAN_VENDITE>99,000000</FRAN_VENDITE>
    <GREC_VENDITE>386,000000</GREC_VENDITE>
    <MFTV_VENDITE>0,000000</MFTV_VENDITE>
    <PRGP_VENDITE>4,493000</PRGP_VENDITE>
    <ROSN_VENDITE>772,061000</ROSN_VENDITE>
    <SLOV_VENDITE>0,000000</SLOV_VENDITE>
    <SVIZ_VENDITE>2970,000000</SVIZ_VENDITE>
    <BSP_VENDITE>730,000000</BSP_VENDITE>
    <MALT_VENDITE>0,000000</MALT_VENDITE>
    <XAUS_VENDITE>295,000000</XAUS_VENDITE>
    <XFRA_VENDITE>3051,000000</XFRA_VENDITE>
    <TOTITABSP_VENDITE>35482,858</TOTITABSP_VENDITE>
    <TOTITABSP_ACQUISTI>38828,858</TOTITABSP_ACQUISTI>
  </Quantita>
  <Quantita>
    <Data>20180410</Data>
    <Mercato>MGP</Mercato>
    <Ora>17</Ora>
    <TOTALE_ACQUISTI>38931,063</TOTALE_ACQUISTI>
    <NAT_ACQUISTI>38931,063000</NAT_ACQUISTI>
    <CNOR_ACQUISTI>4275,616000</CNOR_ACQUISTI>
    <CSUD_ACQUISTI>5637,041000</CSUD_ACQUISTI>
    <NORD_ACQUISTI>23120,137000</NORD_ACQUISTI>
    <SARD_ACQUISTI>976,325000</SARD_ACQUISTI>
    <SICI_ACQUISTI>1993,785000</SICI_ACQUISTI>
    <SUD_ACQUISTI>2688,159000</SUD_ACQUISTI>
    <AUST_ACQUISTI>0,000000</AUST_ACQUISTI>
    <BRNN_ACQUISTI>0,000000</BRNN_ACQUISTI>
    <COAC_ACQUISTI>41,000000</COAC_ACQUISTI>
    <CORS_ACQUISTI>29,000000</CORS_ACQUISTI>
    <FOGN_ACQUISTI>0,000000</FOGN_ACQUISTI>
    <FRAN_ACQUISTI>0,000000</FRAN_ACQUISTI>
    <GREC_ACQUISTI>10,000000</GREC_ACQUISTI>
    <MFTV_ACQUISTI>0,000000</MFTV_ACQUISTI>
    <PRGP_ACQUISTI>0,000000</PRGP_ACQUISTI>
    <ROSN_ACQUISTI>0,000000</ROSN_ACQUISTI>
    <SLOV_ACQUISTI>0,000000</SLOV_ACQUISTI>
    <SVIZ_ACQUISTI>0,000000</SVIZ_ACQUISTI>
    <BSP_ACQUISTI>0,000000</BSP_ACQUISTI>
    <MALT_ACQUISTI>160,000000</MALT_ACQUISTI>
    <XAUS_ACQUISTI>0,000000</XAUS_ACQUISTI>
    <XFRA_ACQUISTI>0,000000</XFRA_ACQUISTI>
    <TOTALE_VENDITE>34855,063</TOTALE_VENDITE>
    <NAT_VENDITE>38931,063000</NAT_VENDITE>
    <CNOR_VENDITE>3005,295000</CNOR_VENDITE>
    <CSUD_VENDITE>4874,353000</CSUD_VENDITE>
    <NORD_VENDITE>16283,963000</NORD_VENDITE>
    <SARD_VENDITE>752,102000</SARD_VENDITE>
    <SICI_VENDITE>1055,061000</SICI_VENDITE>
    <SUD_VENDITE>2374,282000</SUD_VENDITE>
    <AUST_VENDITE>20,000000</AUST_VENDITE>
    <BRNN_VENDITE>1486,260000</BRNN_VENDITE>
    <COAC_VENDITE>0,000000</COAC_VENDITE>
    <CORS_VENDITE>0,000000</CORS_VENDITE>
    <FOGN_VENDITE>745,128000</FOGN_VENDITE>
    <FRAN_VENDITE>99,000000</FRAN_VENDITE>
    <GREC_VENDITE>417,000000</GREC_VENDITE>
    <MFTV_VENDITE>0,000000</MFTV_VENDITE>
    <PRGP_VENDITE>2,813000</PRGP_VENDITE>
    <ROSN_VENDITE>769,806000</ROSN_VENDITE>
    <SLOV_VENDITE>0,000000</SLOV_VENDITE>
    <SVIZ_VENDITE>2970,000000</SVIZ_VENDITE>
    <BSP_VENDITE>730,000000</BSP_VENDITE>
    <MALT_VENDITE>0,000000</MALT_VENDITE>
    <XAUS_VENDITE>295,000000</XAUS_VENDITE>
    <XFRA_VENDITE>3051,000000</XFRA_VENDITE>
    <TOTITABSP_VENDITE>35585,063</TOTITABSP_VENDITE>
    <TOTITABSP_ACQUISTI>38931,063</TOTITABSP_ACQUISTI>
  </Quantita>
  <Quantita>
    <Data>20180410</Data>
    <Mercato>MGP</Mercato>
    <Ora>18</Ora>
    <TOTALE_ACQUISTI>38237,649</TOTALE_ACQUISTI>
    <NAT_ACQUISTI>38246,649000</NAT_ACQUISTI>
    <CNOR_ACQUISTI>4206,115000</CNOR_ACQUISTI>
    <CSUD_ACQUISTI>5631,389000</CSUD_ACQUISTI>
    <NORD_ACQUISTI>22319,749000</NORD_ACQUISTI>
    <SARD_ACQUISTI>1016,250000</SARD_ACQUISTI>
    <SICI_ACQUISTI>2036,130000</SICI_ACQUISTI>
    <SUD_ACQUISTI>2806,016000</SUD_ACQUISTI>
    <AUST_ACQUISTI>0,000000</AUST_ACQUISTI>
    <BRNN_ACQUISTI>0,000000</BRNN_ACQUISTI>
    <COAC_ACQUISTI>33,000000</COAC_ACQUISTI>
    <CORS_ACQUISTI>19,000000</CORS_ACQUISTI>
    <FOGN_ACQUISTI>0,000000</FOGN_ACQUISTI>
    <FRAN_ACQUISTI>0,000000</FRAN_ACQUISTI>
    <GREC_ACQUISTI>0,000000</GREC_ACQUISTI>
    <MFTV_ACQUISTI>0,000000</MFTV_ACQUISTI>
    <PRGP_ACQUISTI>0,000000</PRGP_ACQUISTI>
    <ROSN_ACQUISTI>0,000000</ROSN_ACQUISTI>
    <SLOV_ACQUISTI>0,000000</SLOV_ACQUISTI>
    <SVIZ_ACQUISTI>0,000000</SVIZ_ACQUISTI>
    <BSP_ACQUISTI>0,000000</BSP_ACQUISTI>
    <MALT_ACQUISTI>170,000000</MALT_ACQUISTI>
    <XAUS_ACQUISTI>0,000000</XAUS_ACQUISTI>
    <XFRA_ACQUISTI>0,000000</XFRA_ACQUISTI>
    <TOTALE_VENDITE>34161,649</TOTALE_VENDITE>
    <NAT_VENDITE>38246,649000</NAT_VENDITE>
    <CNOR_VENDITE>2913,955000</CNOR_VENDITE>
    <CSUD_VENDITE>4617,529000</CSUD_VENDITE>
    <NORD_VENDITE>16314,458000</NORD_VENDITE>
    <SARD_VENDITE>734,435000</SARD_VENDITE>
    <SICI_VENDITE>1100,565000</SICI_VENDITE>
    <SUD_VENDITE>1956,969000</SUD_VENDITE>
    <AUST_VENDITE>20,000000</AUST_VENDITE>
    <BRNN_VENDITE>1512,707000</BRNN_VENDITE>
    <COAC_VENDITE>0,000000</COAC_VENDITE>
    <CORS_VENDITE>0,000000</CORS_VENDITE>
    <FOGN_VENDITE>743,269000</FOGN_VENDITE>
    <FRAN_VENDITE>99,000000</FRAN_VENDITE>
    <GREC_VENDITE>404,000000</GREC_VENDITE>
    <MFTV_VENDITE>0,000000</MFTV_VENDITE>
    <PRGP_VENDITE>5,565000</PRGP_VENDITE>
    <ROSN_VENDITE>769,197000</ROSN_VENDITE>
    <SLOV_VENDITE>0,000000</SLOV_VENDITE>
    <SVIZ_VENDITE>2970,000000</SVIZ_VENDITE>
    <BSP_VENDITE>730,000000</BSP_VENDITE>
    <MALT_VENDITE>0,000000</MALT_VENDITE>
    <XAUS_VENDITE>295,000000</XAUS_VENDITE>
    <XFRA_VENDITE>3051,000000</XFRA_VENDITE>
    <TOTITABSP_VENDITE>34891,649</TOTITABSP_VENDITE>
    <TOTITABSP_ACQUISTI>38237,649</TOTITABSP_ACQUISTI>
  </Quantita>
  <Quantita>
    <Data>20180410</Data>
    <Mercato>MGP</Mercato>
    <Ora>19</Ora>
    <TOTALE_ACQUISTI>38296,276</TOTALE_ACQUISTI>
    <NAT_ACQUISTI>38396,494000</NAT_ACQUISTI>
    <CNOR_ACQUISTI>4168,326000</CNOR_ACQUISTI>
    <CSUD_ACQUISTI>5712,974000</CSUD_ACQUISTI>
    <NORD_ACQUISTI>22152,502000</NORD_ACQUISTI>
    <SARD_ACQUISTI>1065,685000</SARD_ACQUISTI>
    <SICI_ACQUISTI>2118,079000</SICI_ACQUISTI>
    <SUD_ACQUISTI>2913,710000</SUD_ACQUISTI>
    <AUST_ACQUISTI>0,000000</AUST_ACQUISTI>
    <BRNN_ACQUISTI>0,000000</BRNN_ACQUISTI>
    <COAC_ACQUISTI>37,000000</COAC_ACQUISTI>
    <CORS_ACQUISTI>19,000000</CORS_ACQUISTI>
    <FOGN_ACQUISTI>0,000000</FOGN_ACQUISTI>
    <FRAN_ACQUISTI>0,000000</FRAN_ACQUISTI>
    <GREC_ACQUISTI>0,000000</GREC_ACQUISTI>
    <MFTV_ACQUISTI>0,000000</MFTV_ACQUISTI>
    <PRGP_ACQUISTI>0,000000</PRGP_ACQUISTI>
    <ROSN_ACQUISTI>0,000000</ROSN_ACQUISTI>
    <SLOV_ACQUISTI>0,000000</SLOV_ACQUISTI>
    <SVIZ_ACQUISTI>0,000000</SVIZ_ACQUISTI>
    <BSP_ACQUISTI>0,000000</BSP_ACQUISTI>
    <MALT_ACQUISTI>109,000000</MALT_ACQUISTI>
    <XAUS_ACQUISTI>0,000000</XAUS_ACQUISTI>
    <XFRA_ACQUISTI>0,000000</XFRA_ACQUISTI>
    <TOTALE_VENDITE>34220,276</TOTALE_VENDITE>
    <NAT_VENDITE>38396,494000</NAT_VENDITE>
    <CNOR_VENDITE>2816,683000</CNOR_VENDITE>
    <CSUD_VENDITE>4522,148000</CSUD_VENDITE>
    <NORD_VENDITE>16820,573000</NORD_VENDITE>
    <SARD_VENDITE>717,128000</SARD_VENDITE>
    <SICI_VENDITE>1061,548000</SICI_VENDITE>
    <SUD_VENDITE>1510,227000</SUD_VENDITE>
    <AUST_VENDITE>20,000000</AUST_VENDITE>
    <BRNN_VENDITE>1542,214000</BRNN_VENDITE>
    <COAC_VENDITE>0,000000</COAC_VENDITE>
    <CORS_VENDITE>0,000000</CORS_VENDITE>
    <FOGN_VENDITE>800,411000</FOGN_VENDITE>
    <FRAN_VENDITE>99,000000</FRAN_VENDITE>
    <GREC_VENDITE>425,000000</GREC_VENDITE>
    <MFTV_VENDITE>0,000000</MFTV_VENDITE>
    <PRGP_VENDITE>65,531000</PRGP_VENDITE>
    <ROSN_VENDITE>849,813000</ROSN_VENDITE>
    <SLOV_VENDITE>0,000000</SLOV_VENDITE>
    <SVIZ_VENDITE>2970,000000</SVIZ_VENDITE>
    <BSP_VENDITE>730,000000</BSP_VENDITE>
    <MALT_VENDITE>0,000000</MALT_VENDITE>
    <XAUS_VENDITE>295,000000</XAUS_VENDITE>
    <XFRA_VENDITE>3051,000000</XFRA_VENDITE>
    <TOTITABSP_VENDITE>34950,276</TOTITABSP_VENDITE>
    <TOTITABSP_ACQUISTI>38296,276</TOTITABSP_ACQUISTI>
  </Quantita>
  <Quantita>
    <Data>20180410</Data>
    <Mercato>MGP</Mercato>
    <Ora>20</Ora>
    <TOTALE_ACQUISTI>39025,226</TOTALE_ACQUISTI>
    <NAT_ACQUISTI>39025,226000</NAT_ACQUISTI>
    <CNOR_ACQUISTI>4236,927000</CNOR_ACQUISTI>
    <CSUD_ACQUISTI>6082,124000</CSUD_ACQUISTI>
    <NORD_ACQUISTI>21944,096000</NORD_ACQUISTI>
    <SARD_ACQUISTI>1094,978000</SARD_ACQUISTI>
    <SICI_ACQUISTI>2272,847000</SICI_ACQUISTI>
    <SUD_ACQUISTI>3197,254000</SUD_ACQUISTI>
    <AUST_ACQUISTI>0,000000</AUST_ACQUISTI>
    <BRNN_ACQUISTI>0,000000</BRNN_ACQUISTI>
    <COAC_ACQUISTI>45,000000</COAC_ACQUISTI>
    <CORS_ACQUISTI>19,000000</CORS_ACQUISTI>
    <FOGN_ACQUISTI>0,000000</FOGN_ACQUISTI>
    <FRAN_ACQUISTI>0,000000</FRAN_ACQUISTI>
    <GREC_ACQUISTI>0,000000</GREC_ACQUISTI>
    <MFTV_ACQUISTI>0,000000</MFTV_ACQUISTI>
    <PRGP_ACQUISTI>0,000000</PRGP_ACQUISTI>
    <ROSN_ACQUISTI>0,000000</ROSN_ACQUISTI>
    <SLOV_ACQUISTI>0,000000</SLOV_ACQUISTI>
    <SVIZ_ACQUISTI>0,000000</SVIZ_ACQUISTI>
    <BSP_ACQUISTI>0,000000</BSP_ACQUISTI>
    <MALT_ACQUISTI>133,000000</MALT_ACQUISTI>
    <XAUS_ACQUISTI>0,000000</XAUS_ACQUISTI>
    <XFRA_ACQUISTI>0,000000</XFRA_ACQUISTI>
    <TOTALE_VENDITE>34949,226</TOTALE_VENDITE>
    <NAT_VENDITE>39025,226000</NAT_VENDITE>
    <CNOR_VENDITE>2654,102000</CNOR_VENDITE>
    <CSUD_VENDITE>4293,033000</CSUD_VENDITE>
    <NORD_VENDITE>17476,275000</NORD_VENDITE>
    <SARD_VENDITE>662,857000</SARD_VENDITE>
    <SICI_VENDITE>1148,563000</SICI_VENDITE>
    <SUD_VENDITE>1203,114000</SUD_VENDITE>
    <AUST_VENDITE>20,000000</AUST_VENDITE>
    <BRNN_VENDITE>1547,185000</BRNN_VENDITE>
    <COAC_VENDITE>0,000000</COAC_VENDITE>
    <CORS_VENDITE>0,000000</CORS_VENDITE>
    <FOGN_VENDITE>1000,034000</FOGN_VENDITE>
    <FRAN_VENDITE>99,000000</FRAN_VENDITE>
    <GREC_VENDITE>440,000000</GREC_VENDITE>
    <MFTV_VENDITE>0,000000</MFTV_VENDITE>
    <PRGP_VENDITE>157,284000</PRGP_VENDITE>
    <ROSN_VENDITE>1277,779000</ROSN_VENDITE>
    <SLOV_VENDITE>0,000000</SLOV_VENDITE>
    <SVIZ_VENDITE>2970,000000</SVIZ_VENDITE>
    <BSP_VENDITE>730,000000</BSP_VENDITE>
    <MALT_VENDITE>0,000000</MALT_VENDITE>
    <XAUS_VENDITE>295,000000</XAUS_VENDITE>
    <XFRA_VENDITE>3051,000000</XFRA_VENDITE>
    <TOTITABSP_VENDITE>35679,226</TOTITABSP_VENDITE>
    <TOTITABSP_ACQUISTI>39025,226</TOTITABSP_ACQUISTI>
  </Quantita>
  <Quantita>
    <Data>20180410</Data>
    <Mercato>MGP</Mercato>
    <Ora>21</Ora>
    <TOTALE_ACQUISTI>40060,483</TOTALE_ACQUISTI>
    <NAT_ACQUISTI>40060,483000</NAT_ACQUISTI>
    <CNOR_ACQUISTI>4278,852000</CNOR_ACQUISTI>
    <CSUD_ACQUISTI>6356,772000</CSUD_ACQUISTI>
    <NORD_ACQUISTI>22164,760000</NORD_ACQUISTI>
    <SARD_ACQUISTI>1186,559000</SARD_ACQUISTI>
    <SICI_ACQUISTI>2470,464000</SICI_ACQUISTI>
    <SUD_ACQUISTI>3376,076000</SUD_ACQUISTI>
    <AUST_ACQUISTI>0,000000</AUST_ACQUISTI>
    <BRNN_ACQUISTI>0,000000</BRNN_ACQUISTI>
    <COAC_ACQUISTI>67,000000</COAC_ACQUISTI>
    <CORS_ACQUISTI>29,000000</CORS_ACQUISTI>
    <FOGN_ACQUISTI>0,000000</FOGN_ACQUISTI>
    <FRAN_ACQUISTI>0,000000</FRAN_ACQUISTI>
    <GREC_ACQUISTI>0,000000</GREC_ACQUISTI>
    <MFTV_ACQUISTI>0,000000</MFTV_ACQUISTI>
    <PRGP_ACQUISTI>0,000000</PRGP_ACQUISTI>
    <ROSN_ACQUISTI>0,000000</ROSN_ACQUISTI>
    <SLOV_ACQUISTI>0,000000</SLOV_ACQUISTI>
    <SVIZ_ACQUISTI>0,000000</SVIZ_ACQUISTI>
    <BSP_ACQUISTI>0,000000</BSP_ACQUISTI>
    <MALT_ACQUISTI>131,000000</MALT_ACQUISTI>
    <XAUS_ACQUISTI>0,000000</XAUS_ACQUISTI>
    <XFRA_ACQUISTI>0,000000</XFRA_ACQUISTI>
    <TOTALE_VENDITE>35984,483</TOTALE_VENDITE>
    <NAT_VENDITE>40060,483000</NAT_VENDITE>
    <CNOR_VENDITE>2633,089000</CNOR_VENDITE>
    <CSUD_VENDITE>4458,535000</CSUD_VENDITE>
    <NORD_VENDITE>17393,182000</NORD_VENDITE>
    <SARD_VENDITE>678,463000</SARD_VENDITE>
    <SICI_VENDITE>1222,404000</SICI_VENDITE>
    <SUD_VENDITE>1196,603000</SUD_VENDITE>
    <AUST_VENDITE>20,000000</AUST_VENDITE>
    <BRNN_VENDITE>2066,714000</BRNN_VENDITE>
    <COAC_VENDITE>0,000000</COAC_VENDITE>
    <CORS_VENDITE>0,000000</CORS_VENDITE>
    <FOGN_VENDITE>1005,474000</FOGN_VENDITE>
    <FRAN_VENDITE>99,000000</FRAN_VENDITE>
    <GREC_VENDITE>454,000000</GREC_VENDITE>
    <MFTV_VENDITE>0,000000</MFTV_VENDITE>
    <PRGP_VENDITE>279,060000</PRGP_VENDITE>
    <ROSN_VENDITE>1507,959000</ROSN_VENDITE>
    <SLOV_VENDITE>0,000000</SLOV_VENDITE>
    <SVIZ_VENDITE>2970,000000</SVIZ_VENDITE>
    <BSP_VENDITE>730,000000</BSP_VENDITE>
    <MALT_VENDITE>0,000000</MALT_VENDITE>
    <XAUS_VENDITE>295,000000</XAUS_VENDITE>
    <XFRA_VENDITE>3051,000000</XFRA_VENDITE>
    <TOTITABSP_VENDITE>36714,483</TOTITABSP_VENDITE>
    <TOTITABSP_ACQUISTI>40060,483</TOTITABSP_ACQUISTI>
  </Quantita>
  <Quantita>
    <Data>20180410</Data>
    <Mercato>MGP</Mercato>
    <Ora>22</Ora>
    <TOTALE_ACQUISTI>37358,014</TOTALE_ACQUISTI>
    <NAT_ACQUISTI>37458,158000</NAT_ACQUISTI>
    <CNOR_ACQUISTI>3996,248000</CNOR_ACQUISTI>
    <CSUD_ACQUISTI>5927,196000</CSUD_ACQUISTI>
    <NORD_ACQUISTI>20704,093000</NORD_ACQUISTI>
    <SARD_ACQUISTI>1111,272000</SARD_ACQUISTI>
    <SICI_ACQUISTI>2305,645000</SICI_ACQUISTI>
    <SUD_ACQUISTI>3126,560000</SUD_ACQUISTI>
    <AUST_ACQUISTI>0,000000</AUST_ACQUISTI>
    <BRNN_ACQUISTI>0,000000</BRNN_ACQUISTI>
    <COAC_ACQUISTI>52,000000</COAC_ACQUISTI>
    <CORS_ACQUISTI>29,000000</CORS_ACQUISTI>
    <FOGN_ACQUISTI>0,000000</FOGN_ACQUISTI>
    <FRAN_ACQUISTI>0,000000</FRAN_ACQUISTI>
    <GREC_ACQUISTI>0,000000</GREC_ACQUISTI>
    <MFTV_ACQUISTI>0,000000</MFTV_ACQUISTI>
    <PRGP_ACQUISTI>0,000000</PRGP_ACQUISTI>
    <ROSN_ACQUISTI>0,000000</ROSN_ACQUISTI>
    <SLOV_ACQUISTI>0,000000</SLOV_ACQUISTI>
    <SVIZ_ACQUISTI>0,000000</SVIZ_ACQUISTI>
    <BSP_ACQUISTI>0,000000</BSP_ACQUISTI>
    <MALT_ACQUISTI>106,000000</MALT_ACQUISTI>
    <XAUS_ACQUISTI>0,000000</XAUS_ACQUISTI>
    <XFRA_ACQUISTI>0,000000</XFRA_ACQUISTI>
    <TOTALE_VENDITE>33282,014</TOTALE_VENDITE>
    <NAT_VENDITE>37458,158000</NAT_VENDITE>
    <CNOR_VENDITE>2648,434000</CNOR_VENDITE>
    <CSUD_VENDITE>4118,991000</CSUD_VENDITE>
    <NORD_VENDITE>15961,195000</NORD_VENDITE>
    <SARD_VENDITE>703,050000</SARD_VENDITE>
    <SICI_VENDITE>1246,645000</SICI_VENDITE>
    <SUD_VENDITE>1212,589000</SUD_VENDITE>
    <AUST_VENDITE>20,000000</AUST_VENDITE>
    <BRNN_VENDITE>1555,938000</BRNN_VENDITE>
    <COAC_VENDITE>0,000000</COAC_VENDITE>
    <CORS_VENDITE>0,000000</CORS_VENDITE>
    <FOGN_VENDITE>745,953000</FOGN_VENDITE>
    <FRAN_VENDITE>99,000000</FRAN_VENDITE>
    <GREC_VENDITE>421,000000</GREC_VENDITE>
    <MFTV_VENDITE>0,000000</MFTV_VENDITE>
    <PRGP_VENDITE>65,000000</PRGP_VENDITE>
    <ROSN_VENDITE>1514,219000</ROSN_VENDITE>
    <SLOV_VENDITE>0,000000</SLOV_VENDITE>
    <SVIZ_VENDITE>2970,000000</SVIZ_VENDITE>
    <BSP_VENDITE>730,000000</BSP_VENDITE>
    <MALT_VENDITE>0,000000</MALT_VENDITE>
    <XAUS_VENDITE>295,000000</XAUS_VENDITE>
    <XFRA_VENDITE>3051,000000</XFRA_VENDITE>
    <TOTITABSP_VENDITE>34012,014</TOTITABSP_VENDITE>
    <TOTITABSP_ACQUISTI>37358,014</TOTITABSP_ACQUISTI>
  </Quantita>
  <Quantita>
    <Data>20180410</Data>
    <Mercato>MGP</Mercato>
    <Ora>23</Ora>
    <TOTALE_ACQUISTI>33683,023</TOTALE_ACQUISTI>
    <NAT_ACQUISTI>33692,023000</NAT_ACQUISTI>
    <CNOR_ACQUISTI>3667,013000</CNOR_ACQUISTI>
    <CSUD_ACQUISTI>5395,705000</CSUD_ACQUISTI>
    <NORD_ACQUISTI>18488,247000</NORD_ACQUISTI>
    <SARD_ACQUISTI>1027,005000</SARD_ACQUISTI>
    <SICI_ACQUISTI>2095,214000</SICI_ACQUISTI>
    <SUD_ACQUISTI>2761,839000</SUD_ACQUISTI>
    <AUST_ACQUISTI>0,000000</AUST_ACQUISTI>
    <BRNN_ACQUISTI>0,000000</BRNN_ACQUISTI>
    <COAC_ACQUISTI>52,000000</COAC_ACQUISTI>
    <CORS_ACQUISTI>29,000000</CORS_ACQUISTI>
    <FOGN_ACQUISTI>0,000000</FOGN_ACQUISTI>
    <FRAN_ACQUISTI>0,000000</FRAN_ACQUISTI>
    <GREC_ACQUISTI>0,000000</GREC_ACQUISTI>
    <MFTV_ACQUISTI>0,000000</MFTV_ACQUISTI>
    <PRGP_ACQUISTI>0,000000</PRGP_ACQUISTI>
    <ROSN_ACQUISTI>0,000000</ROSN_ACQUISTI>
    <SLOV_ACQUISTI>0,000000</SLOV_ACQUISTI>
    <SVIZ_ACQUISTI>0,000000</SVIZ_ACQUISTI>
    <BSP_ACQUISTI>0,000000</BSP_ACQUISTI>
    <MALT_ACQUISTI>167,000000</MALT_ACQUISTI>
    <XAUS_ACQUISTI>0,000000</XAUS_ACQUISTI>
    <XFRA_ACQUISTI>0,000000</XFRA_ACQUISTI>
    <TOTALE_VENDITE>29607,023</TOTALE_VENDITE>
    <NAT_VENDITE>33692,023000</NAT_VENDITE>
    <CNOR_VENDITE>2546,855000</CNOR_VENDITE>
    <CSUD_VENDITE>3567,141000</CSUD_VENDITE>
    <NORD_VENDITE>13611,585000</NORD_VENDITE>
    <SARD_VENDITE>728,181000</SARD_VENDITE>
    <SICI_VENDITE>1121,551000</SICI_VENDITE>
    <SUD_VENDITE>1235,918000</SUD_VENDITE>
    <AUST_VENDITE>20,000000</AUST_VENDITE>
    <BRNN_VENDITE>1424,736000</BRNN_VENDITE>
    <COAC_VENDITE>0,000000</COAC_VENDITE>
    <CORS_VENDITE>0,000000</CORS_VENDITE>
    <FOGN_VENDITE>685,325000</FOGN_VENDITE>
    <FRAN_VENDITE>99,000000</FRAN_VENDITE>
    <GREC_VENDITE>417,000000</GREC_VENDITE>
    <MFTV_VENDITE>0,000000</MFTV_VENDITE>
    <PRGP_VENDITE>40,663000</PRGP_VENDITE>
    <ROSN_VENDITE>1139,068000</ROSN_VENDITE>
    <SLOV_VENDITE>0,000000</SLOV_VENDITE>
    <SVIZ_VENDITE>2970,000000</SVIZ_VENDITE>
    <BSP_VENDITE>730,000000</BSP_VENDITE>
    <MALT_VENDITE>0,000000</MALT_VENDITE>
    <XAUS_VENDITE>295,000000</XAUS_VENDITE>
    <XFRA_VENDITE>3051,000000</XFRA_VENDITE>
    <TOTITABSP_VENDITE>30337,023</TOTITABSP_VENDITE>
    <TOTITABSP_ACQUISTI>33683,023</TOTITABSP_ACQUISTI>
  </Quantita>
  <Quantita>
    <Data>20180410</Data>
    <Mercato>MGP</Mercato>
    <Ora>24</Ora>
    <TOTALE_ACQUISTI>29848,551</TOTALE_ACQUISTI>
    <NAT_ACQUISTI>29848,551000</NAT_ACQUISTI>
    <CNOR_ACQUISTI>3224,157000</CNOR_ACQUISTI>
    <CSUD_ACQUISTI>4701,705000</CSUD_ACQUISTI>
    <NORD_ACQUISTI>16496,803000</NORD_ACQUISTI>
    <SARD_ACQUISTI>941,028000</SARD_ACQUISTI>
    <SICI_ACQUISTI>1865,007000</SICI_ACQUISTI>
    <SUD_ACQUISTI>2417,851000</SUD_ACQUISTI>
    <AUST_ACQUISTI>0,000000</AUST_ACQUISTI>
    <BRNN_ACQUISTI>0,000000</BRNN_ACQUISTI>
    <COAC_ACQUISTI>38,000000</COAC_ACQUISTI>
    <CORS_ACQUISTI>29,000000</CORS_ACQUISTI>
    <FOGN_ACQUISTI>0,000000</FOGN_ACQUISTI>
    <FRAN_ACQUISTI>0,000000</FRAN_ACQUISTI>
    <GREC_ACQUISTI>0,000000</GREC_ACQUISTI>
    <MFTV_ACQUISTI>0,000000</MFTV_ACQUISTI>
    <PRGP_ACQUISTI>0,000000</PRGP_ACQUISTI>
    <ROSN_ACQUISTI>0,000000</ROSN_ACQUISTI>
    <SLOV_ACQUISTI>0,000000</SLOV_ACQUISTI>
    <SVIZ_ACQUISTI>0,000000</SVIZ_ACQUISTI>
    <BSP_ACQUISTI>0,000000</BSP_ACQUISTI>
    <MALT_ACQUISTI>135,000000</MALT_ACQUISTI>
    <XAUS_ACQUISTI>0,000000</XAUS_ACQUISTI>
    <XFRA_ACQUISTI>0,000000</XFRA_ACQUISTI>
    <TOTALE_VENDITE>26057,551</TOTALE_VENDITE>
    <NAT_VENDITE>29848,551000</NAT_VENDITE>
    <CNOR_VENDITE>2139,836000</CNOR_VENDITE>
    <CSUD_VENDITE>2746,147000</CSUD_VENDITE>
    <NORD_VENDITE>12198,787000</NORD_VENDITE>
    <SARD_VENDITE>732,713000</SARD_VENDITE>
    <SICI_VENDITE>1035,458000</SICI_VENDITE>
    <SUD_VENDITE>1215,755000</SUD_VENDITE>
    <AUST_VENDITE>20,000000</AUST_VENDITE>
    <BRNN_VENDITE>1425,273000</BRNN_VENDITE>
    <COAC_VENDITE>0,000000</COAC_VENDITE>
    <CORS_VENDITE>0,000000</CORS_VENDITE>
    <FOGN_VENDITE>308,106000</FOGN_VENDITE>
    <FRAN_VENDITE>99,000000</FRAN_VENDITE>
    <GREC_VENDITE>500,000000</GREC_VENDITE>
    <MFTV_VENDITE>0,000000</MFTV_VENDITE>
    <PRGP_VENDITE>0,000000</PRGP_VENDITE>
    <ROSN_VENDITE>996,476000</ROSN_VENDITE>
    <SLOV_VENDITE>0,000000</SLOV_VENDITE>
    <SVIZ_VENDITE>2640,000000</SVIZ_VENDITE>
    <BSP_VENDITE>620,000000</BSP_VENDITE>
    <MALT_VENDITE>0,000000</MALT_VENDITE>
    <XAUS_VENDITE>275,000000</XAUS_VENDITE>
    <XFRA_VENDITE>2896,000000</XFRA_VENDITE>
    <TOTITABSP_VENDITE>26677,551</TOTITABSP_VENDITE>
    <TOTITABSP_ACQUISTI>29848,551</TOTITABSP_ACQUISTI>
  </Quantita>
</NewDataSet>