<?xml version="1.0" standalone="yes"?>
<NewDataSet>
  <xs:schema id="NewDataSet" xmlns="" xmlns:xs="http://www.w3.org/2001/XMLSchema" xmlns:msdata="urn:schemas-microsoft-com:xml-msdata">
    <xs:element name="NewDataSet" msdata:IsDataSet="true" msdata:UseCurrentLocale="true">
      <xs:complexType>
        <xs:choice minOccurs="0" maxOccurs="unbounded">
          <xs:element name="Quantita">
            <xs:complexType>
              <xs:sequence>
                <xs:element name="Data" type="xs:string" minOccurs="0" />
                <xs:element name="Mercato" type="xs:string" minOccurs="0" />
                <xs:element name="Ora" type="xs:string" minOccurs="0" />
                <xs:element name="TOTALE_ACQUISTI" type="xs:string" minOccurs="0" />
                <xs:element name="NAT_ACQUISTI" type="xs:string" minOccurs="0" />
                <xs:element name="CNOR_ACQUISTI" type="xs:string" minOccurs="0" />
                <xs:element name="CSUD_ACQUISTI" type="xs:string" minOccurs="0" />
                <xs:element name="NORD_ACQUISTI" type="xs:string" minOccurs="0" />
                <xs:element name="SARD_ACQUISTI" type="xs:string" minOccurs="0" />
                <xs:element name="SICI_ACQUISTI" type="xs:string" minOccurs="0" />
                <xs:element name="SUD_ACQUISTI" type="xs:string" minOccurs="0" />
                <xs:element name="AUST_ACQUISTI" type="xs:string" minOccurs="0" />
                <xs:element name="BRNN_ACQUISTI" type="xs:string" minOccurs="0" />
                <xs:element name="COAC_ACQUISTI" type="xs:string" minOccurs="0" />
                <xs:element name="CORS_ACQUISTI" type="xs:string" minOccurs="0" />
                <xs:element name="FOGN_ACQUISTI" type="xs:string" minOccurs="0" />
                <xs:element name="FRAN_ACQUISTI" type="xs:string" minOccurs="0" />
                <xs:element name="GREC_ACQUISTI" type="xs:string" minOccurs="0" />
                <xs:element name="MFTV_ACQUISTI" type="xs:string" minOccurs="0" />
                <xs:element name="PRGP_ACQUISTI" type="xs:string" minOccurs="0" />
                <xs:element name="ROSN_ACQUISTI" type="xs:string" minOccurs="0" />
                <xs:element name="SLOV_ACQUISTI" type="xs:string" minOccurs="0" />
                <xs:element name="SVIZ_ACQUISTI" type="xs:string" minOccurs="0" />
                <xs:element name="BSP_ACQUISTI" type="xs:string" minOccurs="0" />
                <xs:element name="MALT_ACQUISTI" type="xs:string" minOccurs="0" />
                <xs:element name="XAUS_ACQUISTI" type="xs:string" minOccurs="0" />
                <xs:element name="XFRA_ACQUISTI" type="xs:string" minOccurs="0" />
                <xs:element name="TOTALE_VENDITE" type="xs:string" minOccurs="0" />
                <xs:element name="NAT_VENDITE" type="xs:string" minOccurs="0" />
                <xs:element name="CNOR_VENDITE" type="xs:string" minOccurs="0" />
                <xs:element name="CSUD_VENDITE" type="xs:string" minOccurs="0" />
                <xs:element name="NORD_VENDITE" type="xs:string" minOccurs="0" />
                <xs:element name="SARD_VENDITE" type="xs:string" minOccurs="0" />
                <xs:element name="SICI_VENDITE" type="xs:string" minOccurs="0" />
                <xs:element name="SUD_VENDITE" type="xs:string" minOccurs="0" />
                <xs:element name="AUST_VENDITE" type="xs:string" minOccurs="0" />
                <xs:element name="BRNN_VENDITE" type="xs:string" minOccurs="0" />
                <xs:element name="COAC_VENDITE" type="xs:string" minOccurs="0" />
                <xs:element name="CORS_VENDITE" type="xs:string" minOccurs="0" />
                <xs:element name="FOGN_VENDITE" type="xs:string" minOccurs="0" />
                <xs:element name="FRAN_VENDITE" type="xs:string" minOccurs="0" />
                <xs:element name="GREC_VENDITE" type="xs:string" minOccurs="0" />
                <xs:element name="MFTV_VENDITE" type="xs:string" minOccurs="0" />
                <xs:element name="PRGP_VENDITE" type="xs:string" minOccurs="0" />
                <xs:element name="ROSN_VENDITE" type="xs:string" minOccurs="0" />
                <xs:element name="SLOV_VENDITE" type="xs:string" minOccurs="0" />
                <xs:element name="SVIZ_VENDITE" type="xs:string" minOccurs="0" />
                <xs:element name="BSP_VENDITE" type="xs:string" minOccurs="0" />
                <xs:element name="MALT_VENDITE" type="xs:string" minOccurs="0" />
                <xs:element name="XAUS_VENDITE" type="xs:string" minOccurs="0" />
                <xs:element name="XFRA_VENDITE" type="xs:string" minOccurs="0" />
                <xs:element name="TOTITABSP_VENDITE" msdata:ReadOnly="true" msdata:Expression="Convert(TOTALE_VENDITE, System.Double) + Convert(BSP_VENDITE,System.Double)" type="xs:string" minOccurs="0" />
                <xs:element name="TOTITABSP_ACQUISTI" msdata:ReadOnly="true" msdata:Expression="Convert(TOTALE_ACQUISTI, System.Double) + Convert(BSP_ACQUISTI, System.Double)" type="xs:string" minOccurs="0" />
              </xs:sequence>
            </xs:complexType>
          </xs:element>
        </xs:choice>
      </xs:complexType>
    </xs:element>
  </xs:schema>
  <Quantita>
    <Data>20180405</Data>
    <Mercato>MGP</Mercato>
    <Ora>1</Ora>
    <TOTALE_ACQUISTI>28248,436</TOTALE_ACQUISTI>
    <NAT_ACQUISTI>28248,436000</NAT_ACQUISTI>
    <CNOR_ACQUISTI>2887,177000</CNOR_ACQUISTI>
    <CSUD_ACQUISTI>4225,036000</CSUD_ACQUISTI>
    <NORD_ACQUISTI>15951,011000</NORD_ACQUISTI>
    <SARD_ACQUISTI>812,057000</SARD_ACQUISTI>
    <SICI_ACQUISTI>1649,333000</SICI_ACQUISTI>
    <SUD_ACQUISTI>2166,561000</SUD_ACQUISTI>
    <AUST_ACQUISTI>0,000000</AUST_ACQUISTI>
    <BRNN_ACQUISTI>0,000000</BRNN_ACQUISTI>
    <COAC_ACQUISTI>37,000000</COAC_ACQUISTI>
    <CORS_ACQUISTI>12,000000</CORS_ACQUISTI>
    <FOGN_ACQUISTI>0,000000</FOGN_ACQUISTI>
    <FRAN_ACQUISTI>0,000000</FRAN_ACQUISTI>
    <GREC_ACQUISTI>341,261000</GREC_ACQUISTI>
    <MFTV_ACQUISTI>0,000000</MFTV_ACQUISTI>
    <PRGP_ACQUISTI>0,000000</PRGP_ACQUISTI>
    <ROSN_ACQUISTI>0,000000</ROSN_ACQUISTI>
    <SLOV_ACQUISTI>0,000000</SLOV_ACQUISTI>
    <SVIZ_ACQUISTI>0,000000</SVIZ_ACQUISTI>
    <BSP_ACQUISTI>0,000000</BSP_ACQUISTI>
    <MALT_ACQUISTI>167,000000</MALT_ACQUISTI>
    <XAUS_ACQUISTI>0,000000</XAUS_ACQUISTI>
    <XFRA_ACQUISTI>0,000000</XFRA_ACQUISTI>
    <TOTALE_VENDITE>24660,436</TOTALE_VENDITE>
    <NAT_VENDITE>28248,436000</NAT_VENDITE>
    <CNOR_VENDITE>2216,798000</CNOR_VENDITE>
    <CSUD_VENDITE>2162,244000</CSUD_VENDITE>
    <NORD_VENDITE>11885,459000</NORD_VENDITE>
    <SARD_VENDITE>1007,749000</SARD_VENDITE>
    <SICI_VENDITE>838,012000</SICI_VENDITE>
    <SUD_VENDITE>1690,452000</SUD_VENDITE>
    <AUST_VENDITE>20,000000</AUST_VENDITE>
    <BRNN_VENDITE>927,801000</BRNN_VENDITE>
    <COAC_VENDITE>0,000000</COAC_VENDITE>
    <CORS_VENDITE>0,000000</CORS_VENDITE>
    <FOGN_VENDITE>6,948000</FOGN_VENDITE>
    <FRAN_VENDITE>99,000000</FRAN_VENDITE>
    <GREC_VENDITE>400,000000</GREC_VENDITE>
    <MFTV_VENDITE>0,000000</MFTV_VENDITE>
    <PRGP_VENDITE>0,000000</PRGP_VENDITE>
    <ROSN_VENDITE>511,973000</ROSN_VENDITE>
    <SLOV_VENDITE>0,000000</SLOV_VENDITE>
    <SVIZ_VENDITE>2894,000000</SVIZ_VENDITE>
    <BSP_VENDITE>587,000000</BSP_VENDITE>
    <MALT_VENDITE>0,000000</MALT_VENDITE>
    <XAUS_VENDITE>264,000000</XAUS_VENDITE>
    <XFRA_VENDITE>2737,000000</XFRA_VENDITE>
    <TOTITABSP_VENDITE>25247,436</TOTITABSP_VENDITE>
    <TOTITABSP_ACQUISTI>28248,436</TOTITABSP_ACQUISTI>
  </Quantita>
  <Quantita>
    <Data>20180405</Data>
    <Mercato>MGP</Mercato>
    <Ora>2</Ora>
    <TOTALE_ACQUISTI>26809,769</TOTALE_ACQUISTI>
    <NAT_ACQUISTI>26809,769000</NAT_ACQUISTI>
    <CNOR_ACQUISTI>2756,736000</CNOR_ACQUISTI>
    <CSUD_ACQUISTI>3936,733000</CSUD_ACQUISTI>
    <NORD_ACQUISTI>15222,844000</NORD_ACQUISTI>
    <SARD_ACQUISTI>756,930000</SARD_ACQUISTI>
    <SICI_ACQUISTI>1512,251000</SICI_ACQUISTI>
    <SUD_ACQUISTI>2013,275000</SUD_ACQUISTI>
    <AUST_ACQUISTI>0,000000</AUST_ACQUISTI>
    <BRNN_ACQUISTI>0,000000</BRNN_ACQUISTI>
    <COAC_ACQUISTI>35,000000</COAC_ACQUISTI>
    <CORS_ACQUISTI>5,000000</CORS_ACQUISTI>
    <FOGN_ACQUISTI>0,000000</FOGN_ACQUISTI>
    <FRAN_ACQUISTI>0,000000</FRAN_ACQUISTI>
    <GREC_ACQUISTI>414,000000</GREC_ACQUISTI>
    <MFTV_ACQUISTI>0,000000</MFTV_ACQUISTI>
    <PRGP_ACQUISTI>0,000000</PRGP_ACQUISTI>
    <ROSN_ACQUISTI>0,000000</ROSN_ACQUISTI>
    <SLOV_ACQUISTI>0,000000</SLOV_ACQUISTI>
    <SVIZ_ACQUISTI>0,000000</SVIZ_ACQUISTI>
    <BSP_ACQUISTI>0,000000</BSP_ACQUISTI>
    <MALT_ACQUISTI>157,000000</MALT_ACQUISTI>
    <XAUS_ACQUISTI>0,000000</XAUS_ACQUISTI>
    <XFRA_ACQUISTI>0,000000</XFRA_ACQUISTI>
    <TOTALE_VENDITE>23221,769</TOTALE_VENDITE>
    <NAT_VENDITE>26809,769000</NAT_VENDITE>
    <CNOR_VENDITE>2200,280000</CNOR_VENDITE>
    <CSUD_VENDITE>1691,322000</CSUD_VENDITE>
    <NORD_VENDITE>10949,711000</NORD_VENDITE>
    <SARD_VENDITE>1018,982000</SARD_VENDITE>
    <SICI_VENDITE>809,087000</SICI_VENDITE>
    <SUD_VENDITE>1692,641000</SUD_VENDITE>
    <AUST_VENDITE>20,000000</AUST_VENDITE>
    <BRNN_VENDITE>926,675000</BRNN_VENDITE>
    <COAC_VENDITE>0,000000</COAC_VENDITE>
    <CORS_VENDITE>0,000000</CORS_VENDITE>
    <FOGN_VENDITE>7,040000</FOGN_VENDITE>
    <FRAN_VENDITE>99,000000</FRAN_VENDITE>
    <GREC_VENDITE>392,000000</GREC_VENDITE>
    <MFTV_VENDITE>0,000000</MFTV_VENDITE>
    <PRGP_VENDITE>0,000000</PRGP_VENDITE>
    <ROSN_VENDITE>521,031000</ROSN_VENDITE>
    <SLOV_VENDITE>0,000000</SLOV_VENDITE>
    <SVIZ_VENDITE>2894,000000</SVIZ_VENDITE>
    <BSP_VENDITE>587,000000</BSP_VENDITE>
    <MALT_VENDITE>0,000000</MALT_VENDITE>
    <XAUS_VENDITE>264,000000</XAUS_VENDITE>
    <XFRA_VENDITE>2737,000000</XFRA_VENDITE>
    <TOTITABSP_VENDITE>23808,769</TOTITABSP_VENDITE>
    <TOTITABSP_ACQUISTI>26809,769</TOTITABSP_ACQUISTI>
  </Quantita>
  <Quantita>
    <Data>20180405</Data>
    <Mercato>MGP</Mercato>
    <Ora>3</Ora>
    <TOTALE_ACQUISTI>26037,219</TOTALE_ACQUISTI>
    <NAT_ACQUISTI>26037,219000</NAT_ACQUISTI>
    <CNOR_ACQUISTI>2655,568000</CNOR_ACQUISTI>
    <CSUD_ACQUISTI>3752,026000</CSUD_ACQUISTI>
    <NORD_ACQUISTI>14891,703000</NORD_ACQUISTI>
    <SARD_ACQUISTI>734,115000</SARD_ACQUISTI>
    <SICI_ACQUISTI>1427,832000</SICI_ACQUISTI>
    <SUD_ACQUISTI>1933,975000</SUD_ACQUISTI>
    <AUST_ACQUISTI>0,000000</AUST_ACQUISTI>
    <BRNN_ACQUISTI>0,000000</BRNN_ACQUISTI>
    <COAC_ACQUISTI>27,000000</COAC_ACQUISTI>
    <CORS_ACQUISTI>5,000000</CORS_ACQUISTI>
    <FOGN_ACQUISTI>0,000000</FOGN_ACQUISTI>
    <FRAN_ACQUISTI>0,000000</FRAN_ACQUISTI>
    <GREC_ACQUISTI>458,000000</GREC_ACQUISTI>
    <MFTV_ACQUISTI>0,000000</MFTV_ACQUISTI>
    <PRGP_ACQUISTI>0,000000</PRGP_ACQUISTI>
    <ROSN_ACQUISTI>0,000000</ROSN_ACQUISTI>
    <SLOV_ACQUISTI>0,000000</SLOV_ACQUISTI>
    <SVIZ_ACQUISTI>0,000000</SVIZ_ACQUISTI>
    <BSP_ACQUISTI>0,000000</BSP_ACQUISTI>
    <MALT_ACQUISTI>152,000000</MALT_ACQUISTI>
    <XAUS_ACQUISTI>0,000000</XAUS_ACQUISTI>
    <XFRA_ACQUISTI>0,000000</XFRA_ACQUISTI>
    <TOTALE_VENDITE>22449,219</TOTALE_VENDITE>
    <NAT_VENDITE>26037,219000</NAT_VENDITE>
    <CNOR_VENDITE>2186,878000</CNOR_VENDITE>
    <CSUD_VENDITE>1689,215000</CSUD_VENDITE>
    <NORD_VENDITE>10282,467000</NORD_VENDITE>
    <SARD_VENDITE>972,947000</SARD_VENDITE>
    <SICI_VENDITE>780,422000</SICI_VENDITE>
    <SUD_VENDITE>1655,077000</SUD_VENDITE>
    <AUST_VENDITE>20,000000</AUST_VENDITE>
    <BRNN_VENDITE>928,560000</BRNN_VENDITE>
    <COAC_VENDITE>0,000000</COAC_VENDITE>
    <CORS_VENDITE>0,000000</CORS_VENDITE>
    <FOGN_VENDITE>6,999000</FOGN_VENDITE>
    <FRAN_VENDITE>99,000000</FRAN_VENDITE>
    <GREC_VENDITE>331,000000</GREC_VENDITE>
    <MFTV_VENDITE>0,000000</MFTV_VENDITE>
    <PRGP_VENDITE>0,000000</PRGP_VENDITE>
    <ROSN_VENDITE>602,654000</ROSN_VENDITE>
    <SLOV_VENDITE>0,000000</SLOV_VENDITE>
    <SVIZ_VENDITE>2894,000000</SVIZ_VENDITE>
    <BSP_VENDITE>587,000000</BSP_VENDITE>
    <MALT_VENDITE>0,000000</MALT_VENDITE>
    <XAUS_VENDITE>264,000000</XAUS_VENDITE>
    <XFRA_VENDITE>2737,000000</XFRA_VENDITE>
    <TOTITABSP_VENDITE>23036,219</TOTITABSP_VENDITE>
    <TOTITABSP_ACQUISTI>26037,219</TOTITABSP_ACQUISTI>
  </Quantita>
  <Quantita>
    <Data>20180405</Data>
    <Mercato>MGP</Mercato>
    <Ora>4</Ora>
    <TOTALE_ACQUISTI>25807,658</TOTALE_ACQUISTI>
    <NAT_ACQUISTI>25807,658000</NAT_ACQUISTI>
    <CNOR_ACQUISTI>2639,503000</CNOR_ACQUISTI>
    <CSUD_ACQUISTI>3723,558000</CSUD_ACQUISTI>
    <NORD_ACQUISTI>14709,185000</NORD_ACQUISTI>
    <SARD_ACQUISTI>729,079000</SARD_ACQUISTI>
    <SICI_ACQUISTI>1415,890000</SICI_ACQUISTI>
    <SUD_ACQUISTI>1918,443000</SUD_ACQUISTI>
    <AUST_ACQUISTI>0,000000</AUST_ACQUISTI>
    <BRNN_ACQUISTI>0,000000</BRNN_ACQUISTI>
    <COAC_ACQUISTI>23,000000</COAC_ACQUISTI>
    <CORS_ACQUISTI>5,000000</CORS_ACQUISTI>
    <FOGN_ACQUISTI>0,000000</FOGN_ACQUISTI>
    <FRAN_ACQUISTI>0,000000</FRAN_ACQUISTI>
    <GREC_ACQUISTI>493,000000</GREC_ACQUISTI>
    <MFTV_ACQUISTI>0,000000</MFTV_ACQUISTI>
    <PRGP_ACQUISTI>0,000000</PRGP_ACQUISTI>
    <ROSN_ACQUISTI>0,000000</ROSN_ACQUISTI>
    <SLOV_ACQUISTI>0,000000</SLOV_ACQUISTI>
    <SVIZ_ACQUISTI>0,000000</SVIZ_ACQUISTI>
    <BSP_ACQUISTI>0,000000</BSP_ACQUISTI>
    <MALT_ACQUISTI>151,000000</MALT_ACQUISTI>
    <XAUS_ACQUISTI>0,000000</XAUS_ACQUISTI>
    <XFRA_ACQUISTI>0,000000</XFRA_ACQUISTI>
    <TOTALE_VENDITE>22219,658</TOTALE_VENDITE>
    <NAT_VENDITE>25807,658000</NAT_VENDITE>
    <CNOR_VENDITE>2166,312000</CNOR_VENDITE>
    <CSUD_VENDITE>1704,678000</CSUD_VENDITE>
    <NORD_VENDITE>10127,478000</NORD_VENDITE>
    <SARD_VENDITE>989,497000</SARD_VENDITE>
    <SICI_VENDITE>764,348000</SICI_VENDITE>
    <SUD_VENDITE>1667,990000</SUD_VENDITE>
    <AUST_VENDITE>20,000000</AUST_VENDITE>
    <BRNN_VENDITE>929,414000</BRNN_VENDITE>
    <COAC_VENDITE>0,000000</COAC_VENDITE>
    <CORS_VENDITE>0,000000</CORS_VENDITE>
    <FOGN_VENDITE>5,886000</FOGN_VENDITE>
    <FRAN_VENDITE>99,000000</FRAN_VENDITE>
    <GREC_VENDITE>333,000000</GREC_VENDITE>
    <MFTV_VENDITE>0,000000</MFTV_VENDITE>
    <PRGP_VENDITE>0,000000</PRGP_VENDITE>
    <ROSN_VENDITE>518,055000</ROSN_VENDITE>
    <SLOV_VENDITE>0,000000</SLOV_VENDITE>
    <SVIZ_VENDITE>2894,000000</SVIZ_VENDITE>
    <BSP_VENDITE>587,000000</BSP_VENDITE>
    <MALT_VENDITE>0,000000</MALT_VENDITE>
    <XAUS_VENDITE>264,000000</XAUS_VENDITE>
    <XFRA_VENDITE>2737,000000</XFRA_VENDITE>
    <TOTITABSP_VENDITE>22806,658</TOTITABSP_VENDITE>
    <TOTITABSP_ACQUISTI>25807,658</TOTITABSP_ACQUISTI>
  </Quantita>
  <Quantita>
    <Data>20180405</Data>
    <Mercato>MGP</Mercato>
    <Ora>5</Ora>
    <TOTALE_ACQUISTI>26012,967</TOTALE_ACQUISTI>
    <NAT_ACQUISTI>26012,967000</NAT_ACQUISTI>
    <CNOR_ACQUISTI>2649,265000</CNOR_ACQUISTI>
    <CSUD_ACQUISTI>3713,519000</CSUD_ACQUISTI>
    <NORD_ACQUISTI>14910,921000</NORD_ACQUISTI>
    <SARD_ACQUISTI>732,701000</SARD_ACQUISTI>
    <SICI_ACQUISTI>1411,034000</SICI_ACQUISTI>
    <SUD_ACQUISTI>1933,527000</SUD_ACQUISTI>
    <AUST_ACQUISTI>0,000000</AUST_ACQUISTI>
    <BRNN_ACQUISTI>0,000000</BRNN_ACQUISTI>
    <COAC_ACQUISTI>20,000000</COAC_ACQUISTI>
    <CORS_ACQUISTI>5,000000</CORS_ACQUISTI>
    <FOGN_ACQUISTI>0,000000</FOGN_ACQUISTI>
    <FRAN_ACQUISTI>0,000000</FRAN_ACQUISTI>
    <GREC_ACQUISTI>479,000000</GREC_ACQUISTI>
    <MFTV_ACQUISTI>0,000000</MFTV_ACQUISTI>
    <PRGP_ACQUISTI>0,000000</PRGP_ACQUISTI>
    <ROSN_ACQUISTI>0,000000</ROSN_ACQUISTI>
    <SLOV_ACQUISTI>0,000000</SLOV_ACQUISTI>
    <SVIZ_ACQUISTI>0,000000</SVIZ_ACQUISTI>
    <BSP_ACQUISTI>0,000000</BSP_ACQUISTI>
    <MALT_ACQUISTI>158,000000</MALT_ACQUISTI>
    <XAUS_ACQUISTI>0,000000</XAUS_ACQUISTI>
    <XFRA_ACQUISTI>0,000000</XFRA_ACQUISTI>
    <TOTALE_VENDITE>22424,967</TOTALE_VENDITE>
    <NAT_VENDITE>26012,967000</NAT_VENDITE>
    <CNOR_VENDITE>2191,845000</CNOR_VENDITE>
    <CSUD_VENDITE>1734,230000</CSUD_VENDITE>
    <NORD_VENDITE>10149,999000</NORD_VENDITE>
    <SARD_VENDITE>997,489000</SARD_VENDITE>
    <SICI_VENDITE>784,255000</SICI_VENDITE>
    <SUD_VENDITE>1730,356000</SUD_VENDITE>
    <AUST_VENDITE>20,000000</AUST_VENDITE>
    <BRNN_VENDITE>934,050000</BRNN_VENDITE>
    <COAC_VENDITE>0,000000</COAC_VENDITE>
    <CORS_VENDITE>0,000000</CORS_VENDITE>
    <FOGN_VENDITE>12,838000</FOGN_VENDITE>
    <FRAN_VENDITE>99,000000</FRAN_VENDITE>
    <GREC_VENDITE>316,000000</GREC_VENDITE>
    <MFTV_VENDITE>0,000000</MFTV_VENDITE>
    <PRGP_VENDITE>0,000000</PRGP_VENDITE>
    <ROSN_VENDITE>560,905000</ROSN_VENDITE>
    <SLOV_VENDITE>0,000000</SLOV_VENDITE>
    <SVIZ_VENDITE>2894,000000</SVIZ_VENDITE>
    <BSP_VENDITE>587,000000</BSP_VENDITE>
    <MALT_VENDITE>0,000000</MALT_VENDITE>
    <XAUS_VENDITE>264,000000</XAUS_VENDITE>
    <XFRA_VENDITE>2737,000000</XFRA_VENDITE>
    <TOTITABSP_VENDITE>23011,967</TOTITABSP_VENDITE>
    <TOTITABSP_ACQUISTI>26012,967</TOTITABSP_ACQUISTI>
  </Quantita>
  <Quantita>
    <Data>20180405</Data>
    <Mercato>MGP</Mercato>
    <Ora>6</Ora>
    <TOTALE_ACQUISTI>27478,253</TOTALE_ACQUISTI>
    <NAT_ACQUISTI>27478,253000</NAT_ACQUISTI>
    <CNOR_ACQUISTI>2791,227000</CNOR_ACQUISTI>
    <CSUD_ACQUISTI>3939,105000</CSUD_ACQUISTI>
    <NORD_ACQUISTI>15811,076000</NORD_ACQUISTI>
    <SARD_ACQUISTI>761,763000</SARD_ACQUISTI>
    <SICI_ACQUISTI>1467,451000</SICI_ACQUISTI>
    <SUD_ACQUISTI>2034,631000</SUD_ACQUISTI>
    <AUST_ACQUISTI>0,000000</AUST_ACQUISTI>
    <BRNN_ACQUISTI>0,000000</BRNN_ACQUISTI>
    <COAC_ACQUISTI>20,000000</COAC_ACQUISTI>
    <CORS_ACQUISTI>5,000000</CORS_ACQUISTI>
    <FOGN_ACQUISTI>0,000000</FOGN_ACQUISTI>
    <FRAN_ACQUISTI>0,000000</FRAN_ACQUISTI>
    <GREC_ACQUISTI>468,000000</GREC_ACQUISTI>
    <MFTV_ACQUISTI>0,000000</MFTV_ACQUISTI>
    <PRGP_ACQUISTI>0,000000</PRGP_ACQUISTI>
    <ROSN_ACQUISTI>0,000000</ROSN_ACQUISTI>
    <SLOV_ACQUISTI>0,000000</SLOV_ACQUISTI>
    <SVIZ_ACQUISTI>0,000000</SVIZ_ACQUISTI>
    <BSP_ACQUISTI>0,000000</BSP_ACQUISTI>
    <MALT_ACQUISTI>180,000000</MALT_ACQUISTI>
    <XAUS_ACQUISTI>0,000000</XAUS_ACQUISTI>
    <XFRA_ACQUISTI>0,000000</XFRA_ACQUISTI>
    <TOTALE_VENDITE>23890,253</TOTALE_VENDITE>
    <NAT_VENDITE>27478,253000</NAT_VENDITE>
    <CNOR_VENDITE>2193,090000</CNOR_VENDITE>
    <CSUD_VENDITE>1754,062000</CSUD_VENDITE>
    <NORD_VENDITE>11311,814000</NORD_VENDITE>
    <SARD_VENDITE>1053,546000</SARD_VENDITE>
    <SICI_VENDITE>780,132000</SICI_VENDITE>
    <SUD_VENDITE>1742,323000</SUD_VENDITE>
    <AUST_VENDITE>20,000000</AUST_VENDITE>
    <BRNN_VENDITE>938,990000</BRNN_VENDITE>
    <COAC_VENDITE>0,000000</COAC_VENDITE>
    <CORS_VENDITE>0,000000</CORS_VENDITE>
    <FOGN_VENDITE>13,753000</FOGN_VENDITE>
    <FRAN_VENDITE>99,000000</FRAN_VENDITE>
    <GREC_VENDITE>325,000000</GREC_VENDITE>
    <MFTV_VENDITE>0,000000</MFTV_VENDITE>
    <PRGP_VENDITE>0,000000</PRGP_VENDITE>
    <ROSN_VENDITE>764,543000</ROSN_VENDITE>
    <SLOV_VENDITE>0,000000</SLOV_VENDITE>
    <SVIZ_VENDITE>2894,000000</SVIZ_VENDITE>
    <BSP_VENDITE>587,000000</BSP_VENDITE>
    <MALT_VENDITE>0,000000</MALT_VENDITE>
    <XAUS_VENDITE>264,000000</XAUS_VENDITE>
    <XFRA_VENDITE>2737,000000</XFRA_VENDITE>
    <TOTITABSP_VENDITE>24477,253</TOTITABSP_VENDITE>
    <TOTITABSP_ACQUISTI>27478,253</TOTITABSP_ACQUISTI>
  </Quantita>
  <Quantita>
    <Data>20180405</Data>
    <Mercato>MGP</Mercato>
    <Ora>7</Ora>
    <TOTALE_ACQUISTI>31149,721</TOTALE_ACQUISTI>
    <NAT_ACQUISTI>31149,721000</NAT_ACQUISTI>
    <CNOR_ACQUISTI>3217,755000</CNOR_ACQUISTI>
    <CSUD_ACQUISTI>4405,805000</CSUD_ACQUISTI>
    <NORD_ACQUISTI>18562,664000</NORD_ACQUISTI>
    <SARD_ACQUISTI>868,080000</SARD_ACQUISTI>
    <SICI_ACQUISTI>1645,220000</SICI_ACQUISTI>
    <SUD_ACQUISTI>2209,197000</SUD_ACQUISTI>
    <AUST_ACQUISTI>0,000000</AUST_ACQUISTI>
    <BRNN_ACQUISTI>0,000000</BRNN_ACQUISTI>
    <COAC_ACQUISTI>20,000000</COAC_ACQUISTI>
    <CORS_ACQUISTI>5,000000</CORS_ACQUISTI>
    <FOGN_ACQUISTI>0,000000</FOGN_ACQUISTI>
    <FRAN_ACQUISTI>0,000000</FRAN_ACQUISTI>
    <GREC_ACQUISTI>0,000000</GREC_ACQUISTI>
    <MFTV_ACQUISTI>0,000000</MFTV_ACQUISTI>
    <PRGP_ACQUISTI>0,000000</PRGP_ACQUISTI>
    <ROSN_ACQUISTI>0,000000</ROSN_ACQUISTI>
    <SLOV_ACQUISTI>0,000000</SLOV_ACQUISTI>
    <SVIZ_ACQUISTI>0,000000</SVIZ_ACQUISTI>
    <BSP_ACQUISTI>0,000000</BSP_ACQUISTI>
    <MALT_ACQUISTI>216,000000</MALT_ACQUISTI>
    <XAUS_ACQUISTI>0,000000</XAUS_ACQUISTI>
    <XFRA_ACQUISTI>0,000000</XFRA_ACQUISTI>
    <TOTALE_VENDITE>27649,721</TOTALE_VENDITE>
    <NAT_VENDITE>31149,721000</NAT_VENDITE>
    <CNOR_VENDITE>2198,956000</CNOR_VENDITE>
    <CSUD_VENDITE>3636,355000</CSUD_VENDITE>
    <NORD_VENDITE>12786,336000</NORD_VENDITE>
    <SARD_VENDITE>1045,333000</SARD_VENDITE>
    <SICI_VENDITE>775,695000</SICI_VENDITE>
    <SUD_VENDITE>1906,730000</SUD_VENDITE>
    <AUST_VENDITE>20,000000</AUST_VENDITE>
    <BRNN_VENDITE>1104,338000</BRNN_VENDITE>
    <COAC_VENDITE>0,000000</COAC_VENDITE>
    <CORS_VENDITE>0,000000</CORS_VENDITE>
    <FOGN_VENDITE>15,938000</FOGN_VENDITE>
    <FRAN_VENDITE>99,000000</FRAN_VENDITE>
    <GREC_VENDITE>469,000000</GREC_VENDITE>
    <MFTV_VENDITE>0,000000</MFTV_VENDITE>
    <PRGP_VENDITE>0,035000</PRGP_VENDITE>
    <ROSN_VENDITE>761,005000</ROSN_VENDITE>
    <SLOV_VENDITE>0,000000</SLOV_VENDITE>
    <SVIZ_VENDITE>2831,000000</SVIZ_VENDITE>
    <BSP_VENDITE>573,000000</BSP_VENDITE>
    <MALT_VENDITE>0,000000</MALT_VENDITE>
    <XAUS_VENDITE>259,000000</XAUS_VENDITE>
    <XFRA_VENDITE>2668,000000</XFRA_VENDITE>
    <TOTITABSP_VENDITE>28222,721</TOTITABSP_VENDITE>
    <TOTITABSP_ACQUISTI>31149,721</TOTITABSP_ACQUISTI>
  </Quantita>
  <Quantita>
    <Data>20180405</Data>
    <Mercato>MGP</Mercato>
    <Ora>8</Ora>
    <TOTALE_ACQUISTI>35889,322</TOTALE_ACQUISTI>
    <NAT_ACQUISTI>35892,293000</NAT_ACQUISTI>
    <CNOR_ACQUISTI>3743,578000</CNOR_ACQUISTI>
    <CSUD_ACQUISTI>5048,471000</CSUD_ACQUISTI>
    <NORD_ACQUISTI>21430,889000</NORD_ACQUISTI>
    <SARD_ACQUISTI>978,029000</SARD_ACQUISTI>
    <SICI_ACQUISTI>1888,866000</SICI_ACQUISTI>
    <SUD_ACQUISTI>2548,460000</SUD_ACQUISTI>
    <AUST_ACQUISTI>0,000000</AUST_ACQUISTI>
    <BRNN_ACQUISTI>0,000000</BRNN_ACQUISTI>
    <COAC_ACQUISTI>26,000000</COAC_ACQUISTI>
    <CORS_ACQUISTI>5,000000</CORS_ACQUISTI>
    <FOGN_ACQUISTI>0,000000</FOGN_ACQUISTI>
    <FRAN_ACQUISTI>0,000000</FRAN_ACQUISTI>
    <GREC_ACQUISTI>0,000000</GREC_ACQUISTI>
    <MFTV_ACQUISTI>0,000000</MFTV_ACQUISTI>
    <PRGP_ACQUISTI>0,000000</PRGP_ACQUISTI>
    <ROSN_ACQUISTI>0,000000</ROSN_ACQUISTI>
    <SLOV_ACQUISTI>0,000000</SLOV_ACQUISTI>
    <SVIZ_ACQUISTI>0,000000</SVIZ_ACQUISTI>
    <BSP_ACQUISTI>0,000000</BSP_ACQUISTI>
    <MALT_ACQUISTI>220,029000</MALT_ACQUISTI>
    <XAUS_ACQUISTI>0,000000</XAUS_ACQUISTI>
    <XFRA_ACQUISTI>0,000000</XFRA_ACQUISTI>
    <TOTALE_VENDITE>32365,322</TOTALE_VENDITE>
    <NAT_VENDITE>35892,293000</NAT_VENDITE>
    <CNOR_VENDITE>2357,106000</CNOR_VENDITE>
    <CSUD_VENDITE>4292,831000</CSUD_VENDITE>
    <NORD_VENDITE>15297,808000</NORD_VENDITE>
    <SARD_VENDITE>1052,910000</SARD_VENDITE>
    <SICI_VENDITE>1007,964000</SICI_VENDITE>
    <SUD_VENDITE>2107,487000</SUD_VENDITE>
    <AUST_VENDITE>20,000000</AUST_VENDITE>
    <BRNN_VENDITE>1100,294000</BRNN_VENDITE>
    <COAC_VENDITE>0,000000</COAC_VENDITE>
    <CORS_VENDITE>0,000000</CORS_VENDITE>
    <FOGN_VENDITE>447,087000</FOGN_VENDITE>
    <FRAN_VENDITE>99,000000</FRAN_VENDITE>
    <GREC_VENDITE>480,000000</GREC_VENDITE>
    <MFTV_VENDITE>0,000000</MFTV_VENDITE>
    <PRGP_VENDITE>0,931000</PRGP_VENDITE>
    <ROSN_VENDITE>1144,904000</ROSN_VENDITE>
    <SLOV_VENDITE>0,000000</SLOV_VENDITE>
    <SVIZ_VENDITE>2957,000000</SVIZ_VENDITE>
    <BSP_VENDITE>632,000000</BSP_VENDITE>
    <MALT_VENDITE>0,000000</MALT_VENDITE>
    <XAUS_VENDITE>264,000000</XAUS_VENDITE>
    <XFRA_VENDITE>2628,000000</XFRA_VENDITE>
    <TOTITABSP_VENDITE>32997,322</TOTITABSP_VENDITE>
    <TOTITABSP_ACQUISTI>35889,322</TOTITABSP_ACQUISTI>
  </Quantita>
  <Quantita>
    <Data>20180405</Data>
    <Mercato>MGP</Mercato>
    <Ora>9</Ora>
    <TOTALE_ACQUISTI>40516,783</TOTALE_ACQUISTI>
    <NAT_ACQUISTI>40549,109000</NAT_ACQUISTI>
    <CNOR_ACQUISTI>4356,336000</CNOR_ACQUISTI>
    <CSUD_ACQUISTI>5706,406000</CSUD_ACQUISTI>
    <NORD_ACQUISTI>24180,111000</NORD_ACQUISTI>
    <SARD_ACQUISTI>1076,105000</SARD_ACQUISTI>
    <SICI_ACQUISTI>2112,544000</SICI_ACQUISTI>
    <SUD_ACQUISTI>2833,607000</SUD_ACQUISTI>
    <AUST_ACQUISTI>0,000000</AUST_ACQUISTI>
    <BRNN_ACQUISTI>0,000000</BRNN_ACQUISTI>
    <COAC_ACQUISTI>56,000000</COAC_ACQUISTI>
    <CORS_ACQUISTI>5,000000</CORS_ACQUISTI>
    <FOGN_ACQUISTI>0,000000</FOGN_ACQUISTI>
    <FRAN_ACQUISTI>0,000000</FRAN_ACQUISTI>
    <GREC_ACQUISTI>0,000000</GREC_ACQUISTI>
    <MFTV_ACQUISTI>0,000000</MFTV_ACQUISTI>
    <PRGP_ACQUISTI>0,000000</PRGP_ACQUISTI>
    <ROSN_ACQUISTI>0,000000</ROSN_ACQUISTI>
    <SLOV_ACQUISTI>0,000000</SLOV_ACQUISTI>
    <SVIZ_ACQUISTI>0,000000</SVIZ_ACQUISTI>
    <BSP_ACQUISTI>0,000000</BSP_ACQUISTI>
    <MALT_ACQUISTI>190,674000</MALT_ACQUISTI>
    <XAUS_ACQUISTI>0,000000</XAUS_ACQUISTI>
    <XFRA_ACQUISTI>0,000000</XFRA_ACQUISTI>
    <TOTALE_VENDITE>36992,783</TOTALE_VENDITE>
    <NAT_VENDITE>40549,109000</NAT_VENDITE>
    <CNOR_VENDITE>2651,195000</CNOR_VENDITE>
    <CSUD_VENDITE>4845,572000</CSUD_VENDITE>
    <NORD_VENDITE>18031,881000</NORD_VENDITE>
    <SARD_VENDITE>1155,390000</SARD_VENDITE>
    <SICI_VENDITE>1200,573000</SICI_VENDITE>
    <SUD_VENDITE>2645,417000</SUD_VENDITE>
    <AUST_VENDITE>20,000000</AUST_VENDITE>
    <BRNN_VENDITE>1247,762000</BRNN_VENDITE>
    <COAC_VENDITE>0,000000</COAC_VENDITE>
    <CORS_VENDITE>0,000000</CORS_VENDITE>
    <FOGN_VENDITE>548,188000</FOGN_VENDITE>
    <FRAN_VENDITE>99,000000</FRAN_VENDITE>
    <GREC_VENDITE>451,000000</GREC_VENDITE>
    <MFTV_VENDITE>0,000000</MFTV_VENDITE>
    <PRGP_VENDITE>2,645000</PRGP_VENDITE>
    <ROSN_VENDITE>1162,160000</ROSN_VENDITE>
    <SLOV_VENDITE>0,000000</SLOV_VENDITE>
    <SVIZ_VENDITE>2932,000000</SVIZ_VENDITE>
    <BSP_VENDITE>632,000000</BSP_VENDITE>
    <MALT_VENDITE>0,000000</MALT_VENDITE>
    <XAUS_VENDITE>264,000000</XAUS_VENDITE>
    <XFRA_VENDITE>2628,000000</XFRA_VENDITE>
    <TOTITABSP_VENDITE>37624,783</TOTITABSP_VENDITE>
    <TOTITABSP_ACQUISTI>40516,783</TOTITABSP_ACQUISTI>
  </Quantita>
  <Quantita>
    <Data>20180405</Data>
    <Mercato>MGP</Mercato>
    <Ora>10</Ora>
    <TOTALE_ACQUISTI>41044,647</TOTALE_ACQUISTI>
    <NAT_ACQUISTI>40994,647000</NAT_ACQUISTI>
    <CNOR_ACQUISTI>4437,578000</CNOR_ACQUISTI>
    <CSUD_ACQUISTI>5885,236000</CSUD_ACQUISTI>
    <NORD_ACQUISTI>24351,963000</NORD_ACQUISTI>
    <SARD_ACQUISTI>1055,353000</SARD_ACQUISTI>
    <SICI_ACQUISTI>2125,204000</SICI_ACQUISTI>
    <SUD_ACQUISTI>2817,313000</SUD_ACQUISTI>
    <AUST_ACQUISTI>0,000000</AUST_ACQUISTI>
    <BRNN_ACQUISTI>0,000000</BRNN_ACQUISTI>
    <COAC_ACQUISTI>30,000000</COAC_ACQUISTI>
    <CORS_ACQUISTI>5,000000</CORS_ACQUISTI>
    <FOGN_ACQUISTI>0,000000</FOGN_ACQUISTI>
    <FRAN_ACQUISTI>0,000000</FRAN_ACQUISTI>
    <GREC_ACQUISTI>0,000000</GREC_ACQUISTI>
    <MFTV_ACQUISTI>0,000000</MFTV_ACQUISTI>
    <PRGP_ACQUISTI>0,000000</PRGP_ACQUISTI>
    <ROSN_ACQUISTI>0,000000</ROSN_ACQUISTI>
    <SLOV_ACQUISTI>0,000000</SLOV_ACQUISTI>
    <SVIZ_ACQUISTI>121,000000</SVIZ_ACQUISTI>
    <BSP_ACQUISTI>0,000000</BSP_ACQUISTI>
    <MALT_ACQUISTI>216,000000</MALT_ACQUISTI>
    <XAUS_ACQUISTI>0,000000</XAUS_ACQUISTI>
    <XFRA_ACQUISTI>0,000000</XFRA_ACQUISTI>
    <TOTALE_VENDITE>37778,884</TOTALE_VENDITE>
    <NAT_VENDITE>40994,647000</NAT_VENDITE>
    <CNOR_VENDITE>2766,013000</CNOR_VENDITE>
    <CSUD_VENDITE>5270,324000</CSUD_VENDITE>
    <NORD_VENDITE>17732,549000</NORD_VENDITE>
    <SARD_VENDITE>1228,731000</SARD_VENDITE>
    <SICI_VENDITE>1236,513000</SICI_VENDITE>
    <SUD_VENDITE>3031,546000</SUD_VENDITE>
    <AUST_VENDITE>20,000000</AUST_VENDITE>
    <BRNN_VENDITE>1308,357000</BRNN_VENDITE>
    <COAC_VENDITE>0,000000</COAC_VENDITE>
    <CORS_VENDITE>0,000000</CORS_VENDITE>
    <FOGN_VENDITE>552,965000</FOGN_VENDITE>
    <FRAN_VENDITE>99,000000</FRAN_VENDITE>
    <GREC_VENDITE>440,000000</GREC_VENDITE>
    <MFTV_VENDITE>0,000000</MFTV_VENDITE>
    <PRGP_VENDITE>4,691000</PRGP_VENDITE>
    <ROSN_VENDITE>1181,195000</ROSN_VENDITE>
    <SLOV_VENDITE>0,000000</SLOV_VENDITE>
    <SVIZ_VENDITE>2907,000000</SVIZ_VENDITE>
    <BSP_VENDITE>632,000000</BSP_VENDITE>
    <MALT_VENDITE>0,000000</MALT_VENDITE>
    <XAUS_VENDITE>264,000000</XAUS_VENDITE>
    <XFRA_VENDITE>2369,763000</XFRA_VENDITE>
    <TOTITABSP_VENDITE>38410,884</TOTITABSP_VENDITE>
    <TOTITABSP_ACQUISTI>41044,647</TOTITABSP_ACQUISTI>
  </Quantita>
  <Quantita>
    <Data>20180405</Data>
    <Mercato>MGP</Mercato>
    <Ora>11</Ora>
    <TOTALE_ACQUISTI>40599,509</TOTALE_ACQUISTI>
    <NAT_ACQUISTI>40653,448000</NAT_ACQUISTI>
    <CNOR_ACQUISTI>4360,843000</CNOR_ACQUISTI>
    <CSUD_ACQUISTI>5799,796000</CSUD_ACQUISTI>
    <NORD_ACQUISTI>24069,300000</NORD_ACQUISTI>
    <SARD_ACQUISTI>1023,729000</SARD_ACQUISTI>
    <SICI_ACQUISTI>2070,854000</SICI_ACQUISTI>
    <SUD_ACQUISTI>2717,987000</SUD_ACQUISTI>
    <AUST_ACQUISTI>0,000000</AUST_ACQUISTI>
    <BRNN_ACQUISTI>0,000000</BRNN_ACQUISTI>
    <COAC_ACQUISTI>23,000000</COAC_ACQUISTI>
    <CORS_ACQUISTI>5,000000</CORS_ACQUISTI>
    <FOGN_ACQUISTI>0,000000</FOGN_ACQUISTI>
    <FRAN_ACQUISTI>0,000000</FRAN_ACQUISTI>
    <GREC_ACQUISTI>253,000000</GREC_ACQUISTI>
    <MFTV_ACQUISTI>0,000000</MFTV_ACQUISTI>
    <PRGP_ACQUISTI>0,000000</PRGP_ACQUISTI>
    <ROSN_ACQUISTI>0,000000</ROSN_ACQUISTI>
    <SLOV_ACQUISTI>0,000000</SLOV_ACQUISTI>
    <SVIZ_ACQUISTI>85,000000</SVIZ_ACQUISTI>
    <BSP_ACQUISTI>0,000000</BSP_ACQUISTI>
    <MALT_ACQUISTI>191,000000</MALT_ACQUISTI>
    <XAUS_ACQUISTI>0,000000</XAUS_ACQUISTI>
    <XFRA_ACQUISTI>0,000000</XFRA_ACQUISTI>
    <TOTALE_VENDITE>37075,509</TOTALE_VENDITE>
    <NAT_VENDITE>40653,448000</NAT_VENDITE>
    <CNOR_VENDITE>2959,239000</CNOR_VENDITE>
    <CSUD_VENDITE>5441,706000</CSUD_VENDITE>
    <NORD_VENDITE>16510,904000</NORD_VENDITE>
    <SARD_VENDITE>1320,003000</SARD_VENDITE>
    <SICI_VENDITE>1331,010000</SICI_VENDITE>
    <SUD_VENDITE>3469,758000</SUD_VENDITE>
    <AUST_VENDITE>20,000000</AUST_VENDITE>
    <BRNN_VENDITE>1331,004000</BRNN_VENDITE>
    <COAC_VENDITE>0,000000</COAC_VENDITE>
    <CORS_VENDITE>0,000000</CORS_VENDITE>
    <FOGN_VENDITE>184,295000</FOGN_VENDITE>
    <FRAN_VENDITE>99,000000</FRAN_VENDITE>
    <GREC_VENDITE>298,000000</GREC_VENDITE>
    <MFTV_VENDITE>0,000000</MFTV_VENDITE>
    <PRGP_VENDITE>6,469000</PRGP_VENDITE>
    <ROSN_VENDITE>1197,121000</ROSN_VENDITE>
    <SLOV_VENDITE>0,000000</SLOV_VENDITE>
    <SVIZ_VENDITE>2907,000000</SVIZ_VENDITE>
    <BSP_VENDITE>632,000000</BSP_VENDITE>
    <MALT_VENDITE>0,000000</MALT_VENDITE>
    <XAUS_VENDITE>264,000000</XAUS_VENDITE>
    <XFRA_VENDITE>2628,000000</XFRA_VENDITE>
    <TOTITABSP_VENDITE>37707,509</TOTITABSP_VENDITE>
    <TOTITABSP_ACQUISTI>40599,509</TOTITABSP_ACQUISTI>
  </Quantita>
  <Quantita>
    <Data>20180405</Data>
    <Mercato>MGP</Mercato>
    <Ora>12</Ora>
    <TOTALE_ACQUISTI>39826,335</TOTALE_ACQUISTI>
    <NAT_ACQUISTI>39951,335000</NAT_ACQUISTI>
    <CNOR_ACQUISTI>4270,150000</CNOR_ACQUISTI>
    <CSUD_ACQUISTI>5690,718000</CSUD_ACQUISTI>
    <NORD_ACQUISTI>23598,228000</NORD_ACQUISTI>
    <SARD_ACQUISTI>979,776000</SARD_ACQUISTI>
    <SICI_ACQUISTI>2005,570000</SICI_ACQUISTI>
    <SUD_ACQUISTI>2669,893000</SUD_ACQUISTI>
    <AUST_ACQUISTI>0,000000</AUST_ACQUISTI>
    <BRNN_ACQUISTI>0,000000</BRNN_ACQUISTI>
    <COAC_ACQUISTI>24,000000</COAC_ACQUISTI>
    <CORS_ACQUISTI>5,000000</CORS_ACQUISTI>
    <FOGN_ACQUISTI>0,000000</FOGN_ACQUISTI>
    <FRAN_ACQUISTI>0,000000</FRAN_ACQUISTI>
    <GREC_ACQUISTI>370,000000</GREC_ACQUISTI>
    <MFTV_ACQUISTI>0,000000</MFTV_ACQUISTI>
    <PRGP_ACQUISTI>0,000000</PRGP_ACQUISTI>
    <ROSN_ACQUISTI>0,000000</ROSN_ACQUISTI>
    <SLOV_ACQUISTI>0,000000</SLOV_ACQUISTI>
    <SVIZ_ACQUISTI>35,000000</SVIZ_ACQUISTI>
    <BSP_ACQUISTI>0,000000</BSP_ACQUISTI>
    <MALT_ACQUISTI>178,000000</MALT_ACQUISTI>
    <XAUS_ACQUISTI>0,000000</XAUS_ACQUISTI>
    <XFRA_ACQUISTI>0,000000</XFRA_ACQUISTI>
    <TOTALE_VENDITE>36400,335</TOTALE_VENDITE>
    <NAT_VENDITE>39951,335000</NAT_VENDITE>
    <CNOR_VENDITE>3094,673000</CNOR_VENDITE>
    <CSUD_VENDITE>4897,649000</CSUD_VENDITE>
    <NORD_VENDITE>16085,705000</NORD_VENDITE>
    <SARD_VENDITE>1405,914000</SARD_VENDITE>
    <SICI_VENDITE>1463,150000</SICI_VENDITE>
    <SUD_VENDITE>3769,306000</SUD_VENDITE>
    <AUST_VENDITE>20,000000</AUST_VENDITE>
    <BRNN_VENDITE>1294,840000</BRNN_VENDITE>
    <COAC_VENDITE>0,000000</COAC_VENDITE>
    <CORS_VENDITE>0,000000</CORS_VENDITE>
    <FOGN_VENDITE>188,930000</FOGN_VENDITE>
    <FRAN_VENDITE>99,000000</FRAN_VENDITE>
    <GREC_VENDITE>185,000000</GREC_VENDITE>
    <MFTV_VENDITE>0,000000</MFTV_VENDITE>
    <PRGP_VENDITE>7,602000</PRGP_VENDITE>
    <ROSN_VENDITE>1205,566000</ROSN_VENDITE>
    <SLOV_VENDITE>0,000000</SLOV_VENDITE>
    <SVIZ_VENDITE>2683,000000</SVIZ_VENDITE>
    <BSP_VENDITE>534,000000</BSP_VENDITE>
    <MALT_VENDITE>0,000000</MALT_VENDITE>
    <XAUS_VENDITE>264,000000</XAUS_VENDITE>
    <XFRA_VENDITE>2628,000000</XFRA_VENDITE>
    <TOTITABSP_VENDITE>36934,335</TOTITABSP_VENDITE>
    <TOTITABSP_ACQUISTI>39826,335</TOTITABSP_ACQUISTI>
  </Quantita>
  <Quantita>
    <Data>20180405</Data>
    <Mercato>MGP</Mercato>
    <Ora>13</Ora>
    <TOTALE_ACQUISTI>37878,602</TOTALE_ACQUISTI>
    <NAT_ACQUISTI>37858,602000</NAT_ACQUISTI>
    <CNOR_ACQUISTI>4030,231000</CNOR_ACQUISTI>
    <CSUD_ACQUISTI>5673,810000</CSUD_ACQUISTI>
    <NORD_ACQUISTI>21844,675000</NORD_ACQUISTI>
    <SARD_ACQUISTI>972,565000</SARD_ACQUISTI>
    <SICI_ACQUISTI>1977,089000</SICI_ACQUISTI>
    <SUD_ACQUISTI>2698,232000</SUD_ACQUISTI>
    <AUST_ACQUISTI>0,000000</AUST_ACQUISTI>
    <BRNN_ACQUISTI>0,000000</BRNN_ACQUISTI>
    <COAC_ACQUISTI>27,000000</COAC_ACQUISTI>
    <CORS_ACQUISTI>5,000000</CORS_ACQUISTI>
    <FOGN_ACQUISTI>0,000000</FOGN_ACQUISTI>
    <FRAN_ACQUISTI>0,000000</FRAN_ACQUISTI>
    <GREC_ACQUISTI>418,000000</GREC_ACQUISTI>
    <MFTV_ACQUISTI>0,000000</MFTV_ACQUISTI>
    <PRGP_ACQUISTI>0,000000</PRGP_ACQUISTI>
    <ROSN_ACQUISTI>0,000000</ROSN_ACQUISTI>
    <SLOV_ACQUISTI>0,000000</SLOV_ACQUISTI>
    <SVIZ_ACQUISTI>68,000000</SVIZ_ACQUISTI>
    <BSP_ACQUISTI>0,000000</BSP_ACQUISTI>
    <MALT_ACQUISTI>164,000000</MALT_ACQUISTI>
    <XAUS_ACQUISTI>0,000000</XAUS_ACQUISTI>
    <XFRA_ACQUISTI>0,000000</XFRA_ACQUISTI>
    <TOTALE_VENDITE>35208,202</TOTALE_VENDITE>
    <NAT_VENDITE>37858,602000</NAT_VENDITE>
    <CNOR_VENDITE>3121,242000</CNOR_VENDITE>
    <CSUD_VENDITE>4770,706000</CSUD_VENDITE>
    <NORD_VENDITE>14831,264000</NORD_VENDITE>
    <SARD_VENDITE>1474,848000</SARD_VENDITE>
    <SICI_VENDITE>1542,627000</SICI_VENDITE>
    <SUD_VENDITE>3993,252000</SUD_VENDITE>
    <AUST_VENDITE>20,000000</AUST_VENDITE>
    <BRNN_VENDITE>1070,831000</BRNN_VENDITE>
    <COAC_VENDITE>0,000000</COAC_VENDITE>
    <CORS_VENDITE>0,000000</CORS_VENDITE>
    <FOGN_VENDITE>194,352000</FOGN_VENDITE>
    <FRAN_VENDITE>99,000000</FRAN_VENDITE>
    <GREC_VENDITE>163,000000</GREC_VENDITE>
    <MFTV_VENDITE>0,000000</MFTV_VENDITE>
    <PRGP_VENDITE>8,080000</PRGP_VENDITE>
    <ROSN_VENDITE>1213,000000</ROSN_VENDITE>
    <SLOV_VENDITE>0,000000</SLOV_VENDITE>
    <SVIZ_VENDITE>2706,000000</SVIZ_VENDITE>
    <BSP_VENDITE>632,000000</BSP_VENDITE>
    <MALT_VENDITE>0,000000</MALT_VENDITE>
    <XAUS_VENDITE>264,000000</XAUS_VENDITE>
    <XFRA_VENDITE>1774,400000</XFRA_VENDITE>
    <TOTITABSP_VENDITE>35840,202</TOTITABSP_VENDITE>
    <TOTITABSP_ACQUISTI>37878,602</TOTITABSP_ACQUISTI>
  </Quantita>
  <Quantita>
    <Data>20180405</Data>
    <Mercato>MGP</Mercato>
    <Ora>14</Ora>
    <TOTALE_ACQUISTI>37581,677</TOTALE_ACQUISTI>
    <NAT_ACQUISTI>37466,677000</NAT_ACQUISTI>
    <CNOR_ACQUISTI>3918,359000</CNOR_ACQUISTI>
    <CSUD_ACQUISTI>5536,556000</CSUD_ACQUISTI>
    <NORD_ACQUISTI>22088,393000</NORD_ACQUISTI>
    <SARD_ACQUISTI>929,928000</SARD_ACQUISTI>
    <SICI_ACQUISTI>1908,070000</SICI_ACQUISTI>
    <SUD_ACQUISTI>2578,371000</SUD_ACQUISTI>
    <AUST_ACQUISTI>0,000000</AUST_ACQUISTI>
    <BRNN_ACQUISTI>0,000000</BRNN_ACQUISTI>
    <COAC_ACQUISTI>21,000000</COAC_ACQUISTI>
    <CORS_ACQUISTI>5,000000</CORS_ACQUISTI>
    <FOGN_ACQUISTI>0,000000</FOGN_ACQUISTI>
    <FRAN_ACQUISTI>0,000000</FRAN_ACQUISTI>
    <GREC_ACQUISTI>438,000000</GREC_ACQUISTI>
    <MFTV_ACQUISTI>0,000000</MFTV_ACQUISTI>
    <PRGP_ACQUISTI>0,000000</PRGP_ACQUISTI>
    <ROSN_ACQUISTI>0,000000</ROSN_ACQUISTI>
    <SLOV_ACQUISTI>0,000000</SLOV_ACQUISTI>
    <SVIZ_ACQUISTI>0,000000</SVIZ_ACQUISTI>
    <BSP_ACQUISTI>0,000000</BSP_ACQUISTI>
    <MALT_ACQUISTI>158,000000</MALT_ACQUISTI>
    <XAUS_ACQUISTI>0,000000</XAUS_ACQUISTI>
    <XFRA_ACQUISTI>0,000000</XFRA_ACQUISTI>
    <TOTALE_VENDITE>34545,064</TOTALE_VENDITE>
    <NAT_VENDITE>37466,677000</NAT_VENDITE>
    <CNOR_VENDITE>3091,028000</CNOR_VENDITE>
    <CSUD_VENDITE>4510,874000</CSUD_VENDITE>
    <NORD_VENDITE>14637,111000</NORD_VENDITE>
    <SARD_VENDITE>1452,408000</SARD_VENDITE>
    <SICI_VENDITE>1616,341000</SICI_VENDITE>
    <SUD_VENDITE>4053,236000</SUD_VENDITE>
    <AUST_VENDITE>20,000000</AUST_VENDITE>
    <BRNN_VENDITE>1038,840000</BRNN_VENDITE>
    <COAC_VENDITE>0,000000</COAC_VENDITE>
    <CORS_VENDITE>0,000000</CORS_VENDITE>
    <FOGN_VENDITE>199,748000</FOGN_VENDITE>
    <FRAN_VENDITE>99,000000</FRAN_VENDITE>
    <GREC_VENDITE>217,000000</GREC_VENDITE>
    <MFTV_VENDITE>0,000000</MFTV_VENDITE>
    <PRGP_VENDITE>8,055000</PRGP_VENDITE>
    <ROSN_VENDITE>973,423000</ROSN_VENDITE>
    <SLOV_VENDITE>0,000000</SLOV_VENDITE>
    <SVIZ_VENDITE>2628,000000</SVIZ_VENDITE>
    <BSP_VENDITE>632,000000</BSP_VENDITE>
    <MALT_VENDITE>0,000000</MALT_VENDITE>
    <XAUS_VENDITE>264,000000</XAUS_VENDITE>
    <XFRA_VENDITE>2140,613000</XFRA_VENDITE>
    <TOTITABSP_VENDITE>35177,064</TOTITABSP_VENDITE>
    <TOTITABSP_ACQUISTI>37581,677</TOTITABSP_ACQUISTI>
  </Quantita>
  <Quantita>
    <Data>20180405</Data>
    <Mercato>MGP</Mercato>
    <Ora>15</Ora>
    <TOTALE_ACQUISTI>38515,377</TOTALE_ACQUISTI>
    <NAT_ACQUISTI>38445,506000</NAT_ACQUISTI>
    <CNOR_ACQUISTI>4193,905000</CNOR_ACQUISTI>
    <CSUD_ACQUISTI>5594,378000</CSUD_ACQUISTI>
    <NORD_ACQUISTI>22700,648000</NORD_ACQUISTI>
    <SARD_ACQUISTI>918,848000</SARD_ACQUISTI>
    <SICI_ACQUISTI>1912,242000</SICI_ACQUISTI>
    <SUD_ACQUISTI>2542,485000</SUD_ACQUISTI>
    <AUST_ACQUISTI>0,000000</AUST_ACQUISTI>
    <BRNN_ACQUISTI>0,000000</BRNN_ACQUISTI>
    <COAC_ACQUISTI>20,000000</COAC_ACQUISTI>
    <CORS_ACQUISTI>5,000000</CORS_ACQUISTI>
    <FOGN_ACQUISTI>0,000000</FOGN_ACQUISTI>
    <FRAN_ACQUISTI>0,000000</FRAN_ACQUISTI>
    <GREC_ACQUISTI>445,000000</GREC_ACQUISTI>
    <MFTV_ACQUISTI>0,000000</MFTV_ACQUISTI>
    <PRGP_ACQUISTI>0,000000</PRGP_ACQUISTI>
    <ROSN_ACQUISTI>0,000000</ROSN_ACQUISTI>
    <SLOV_ACQUISTI>0,000000</SLOV_ACQUISTI>
    <SVIZ_ACQUISTI>24,871000</SVIZ_ACQUISTI>
    <BSP_ACQUISTI>0,000000</BSP_ACQUISTI>
    <MALT_ACQUISTI>158,000000</MALT_ACQUISTI>
    <XAUS_ACQUISTI>0,000000</XAUS_ACQUISTI>
    <XFRA_ACQUISTI>0,000000</XFRA_ACQUISTI>
    <TOTALE_VENDITE>34991,377</TOTALE_VENDITE>
    <NAT_VENDITE>38445,506000</NAT_VENDITE>
    <CNOR_VENDITE>3009,473000</CNOR_VENDITE>
    <CSUD_VENDITE>4511,678000</CSUD_VENDITE>
    <NORD_VENDITE>14936,951000</NORD_VENDITE>
    <SARD_VENDITE>1481,597000</SARD_VENDITE>
    <SICI_VENDITE>1670,676000</SICI_VENDITE>
    <SUD_VENDITE>4061,031000</SUD_VENDITE>
    <AUST_VENDITE>20,000000</AUST_VENDITE>
    <BRNN_VENDITE>967,312000</BRNN_VENDITE>
    <COAC_VENDITE>0,000000</COAC_VENDITE>
    <CORS_VENDITE>0,000000</CORS_VENDITE>
    <FOGN_VENDITE>201,921000</FOGN_VENDITE>
    <FRAN_VENDITE>99,000000</FRAN_VENDITE>
    <GREC_VENDITE>215,000000</GREC_VENDITE>
    <MFTV_VENDITE>0,000000</MFTV_VENDITE>
    <PRGP_VENDITE>7,563000</PRGP_VENDITE>
    <ROSN_VENDITE>974,175000</ROSN_VENDITE>
    <SLOV_VENDITE>0,000000</SLOV_VENDITE>
    <SVIZ_VENDITE>2835,000000</SVIZ_VENDITE>
    <BSP_VENDITE>632,000000</BSP_VENDITE>
    <MALT_VENDITE>0,000000</MALT_VENDITE>
    <XAUS_VENDITE>264,000000</XAUS_VENDITE>
    <XFRA_VENDITE>2628,000000</XFRA_VENDITE>
    <TOTITABSP_VENDITE>35623,377</TOTITABSP_VENDITE>
    <TOTITABSP_ACQUISTI>38515,377</TOTITABSP_ACQUISTI>
  </Quantita>
  <Quantita>
    <Data>20180405</Data>
    <Mercato>MGP</Mercato>
    <Ora>16</Ora>
    <TOTALE_ACQUISTI>38653,45</TOTALE_ACQUISTI>
    <NAT_ACQUISTI>38617,720000</NAT_ACQUISTI>
    <CNOR_ACQUISTI>4211,332000</CNOR_ACQUISTI>
    <CSUD_ACQUISTI>5656,506000</CSUD_ACQUISTI>
    <NORD_ACQUISTI>22739,892000</NORD_ACQUISTI>
    <SARD_ACQUISTI>930,447000</SARD_ACQUISTI>
    <SICI_ACQUISTI>1922,590000</SICI_ACQUISTI>
    <SUD_ACQUISTI>2594,683000</SUD_ACQUISTI>
    <AUST_ACQUISTI>0,000000</AUST_ACQUISTI>
    <BRNN_ACQUISTI>0,000000</BRNN_ACQUISTI>
    <COAC_ACQUISTI>20,000000</COAC_ACQUISTI>
    <CORS_ACQUISTI>7,000000</CORS_ACQUISTI>
    <FOGN_ACQUISTI>0,000000</FOGN_ACQUISTI>
    <FRAN_ACQUISTI>0,000000</FRAN_ACQUISTI>
    <GREC_ACQUISTI>418,000000</GREC_ACQUISTI>
    <MFTV_ACQUISTI>0,000000</MFTV_ACQUISTI>
    <PRGP_ACQUISTI>0,000000</PRGP_ACQUISTI>
    <ROSN_ACQUISTI>0,000000</ROSN_ACQUISTI>
    <SLOV_ACQUISTI>0,000000</SLOV_ACQUISTI>
    <SVIZ_ACQUISTI>0,000000</SVIZ_ACQUISTI>
    <BSP_ACQUISTI>0,000000</BSP_ACQUISTI>
    <MALT_ACQUISTI>153,000000</MALT_ACQUISTI>
    <XAUS_ACQUISTI>0,000000</XAUS_ACQUISTI>
    <XFRA_ACQUISTI>0,000000</XFRA_ACQUISTI>
    <TOTALE_VENDITE>35363,45</TOTALE_VENDITE>
    <NAT_VENDITE>38617,720000</NAT_VENDITE>
    <CNOR_VENDITE>2928,681000</CNOR_VENDITE>
    <CSUD_VENDITE>4498,763000</CSUD_VENDITE>
    <NORD_VENDITE>15339,543000</NORD_VENDITE>
    <SARD_VENDITE>1553,638000</SARD_VENDITE>
    <SICI_VENDITE>1664,412000</SICI_VENDITE>
    <SUD_VENDITE>3863,447000</SUD_VENDITE>
    <AUST_VENDITE>20,000000</AUST_VENDITE>
    <BRNN_VENDITE>935,556000</BRNN_VENDITE>
    <COAC_VENDITE>0,000000</COAC_VENDITE>
    <CORS_VENDITE>0,000000</CORS_VENDITE>
    <FOGN_VENDITE>189,339000</FOGN_VENDITE>
    <FRAN_VENDITE>99,000000</FRAN_VENDITE>
    <GREC_VENDITE>259,000000</GREC_VENDITE>
    <MFTV_VENDITE>0,000000</MFTV_VENDITE>
    <PRGP_VENDITE>6,453000</PRGP_VENDITE>
    <ROSN_VENDITE>1224,618000</ROSN_VENDITE>
    <SLOV_VENDITE>0,000000</SLOV_VENDITE>
    <SVIZ_VENDITE>2781,000000</SVIZ_VENDITE>
    <BSP_VENDITE>590,000000</BSP_VENDITE>
    <MALT_VENDITE>0,000000</MALT_VENDITE>
    <XAUS_VENDITE>251,000000</XAUS_VENDITE>
    <XFRA_VENDITE>2449,000000</XFRA_VENDITE>
    <TOTITABSP_VENDITE>35953,45</TOTITABSP_VENDITE>
    <TOTITABSP_ACQUISTI>38653,45</TOTITABSP_ACQUISTI>
  </Quantita>
  <Quantita>
    <Data>20180405</Data>
    <Mercato>MGP</Mercato>
    <Ora>17</Ora>
    <TOTALE_ACQUISTI>38688,605</TOTALE_ACQUISTI>
    <NAT_ACQUISTI>38706,691000</NAT_ACQUISTI>
    <CNOR_ACQUISTI>4206,557000</CNOR_ACQUISTI>
    <CSUD_ACQUISTI>5695,556000</CSUD_ACQUISTI>
    <NORD_ACQUISTI>22558,970000</NORD_ACQUISTI>
    <SARD_ACQUISTI>946,949000</SARD_ACQUISTI>
    <SICI_ACQUISTI>1999,924000</SICI_ACQUISTI>
    <SUD_ACQUISTI>2671,649000</SUD_ACQUISTI>
    <AUST_ACQUISTI>0,000000</AUST_ACQUISTI>
    <BRNN_ACQUISTI>0,000000</BRNN_ACQUISTI>
    <COAC_ACQUISTI>20,000000</COAC_ACQUISTI>
    <CORS_ACQUISTI>8,000000</CORS_ACQUISTI>
    <FOGN_ACQUISTI>0,000000</FOGN_ACQUISTI>
    <FRAN_ACQUISTI>0,000000</FRAN_ACQUISTI>
    <GREC_ACQUISTI>400,000000</GREC_ACQUISTI>
    <MFTV_ACQUISTI>0,000000</MFTV_ACQUISTI>
    <PRGP_ACQUISTI>0,000000</PRGP_ACQUISTI>
    <ROSN_ACQUISTI>0,000000</ROSN_ACQUISTI>
    <SLOV_ACQUISTI>0,000000</SLOV_ACQUISTI>
    <SVIZ_ACQUISTI>0,000000</SVIZ_ACQUISTI>
    <BSP_ACQUISTI>0,000000</BSP_ACQUISTI>
    <MALT_ACQUISTI>181,000000</MALT_ACQUISTI>
    <XAUS_ACQUISTI>0,000000</XAUS_ACQUISTI>
    <XFRA_ACQUISTI>0,000000</XFRA_ACQUISTI>
    <TOTALE_VENDITE>35398,605</TOTALE_VENDITE>
    <NAT_VENDITE>38706,691000</NAT_VENDITE>
    <CNOR_VENDITE>2823,723000</CNOR_VENDITE>
    <CSUD_VENDITE>4503,690000</CSUD_VENDITE>
    <NORD_VENDITE>15259,804000</NORD_VENDITE>
    <SARD_VENDITE>1511,566000</SARD_VENDITE>
    <SICI_VENDITE>1621,102000</SICI_VENDITE>
    <SUD_VENDITE>3672,932000</SUD_VENDITE>
    <AUST_VENDITE>20,000000</AUST_VENDITE>
    <BRNN_VENDITE>1093,734000</BRNN_VENDITE>
    <COAC_VENDITE>0,000000</COAC_VENDITE>
    <CORS_VENDITE>0,000000</CORS_VENDITE>
    <FOGN_VENDITE>348,173000</FOGN_VENDITE>
    <FRAN_VENDITE>99,000000</FRAN_VENDITE>
    <GREC_VENDITE>425,000000</GREC_VENDITE>
    <MFTV_VENDITE>0,000000</MFTV_VENDITE>
    <PRGP_VENDITE>4,653000</PRGP_VENDITE>
    <ROSN_VENDITE>1234,228000</ROSN_VENDITE>
    <SLOV_VENDITE>0,000000</SLOV_VENDITE>
    <SVIZ_VENDITE>2781,000000</SVIZ_VENDITE>
    <BSP_VENDITE>590,000000</BSP_VENDITE>
    <MALT_VENDITE>0,000000</MALT_VENDITE>
    <XAUS_VENDITE>251,000000</XAUS_VENDITE>
    <XFRA_VENDITE>2449,000000</XFRA_VENDITE>
    <TOTITABSP_VENDITE>35988,605</TOTITABSP_VENDITE>
    <TOTITABSP_ACQUISTI>38688,605</TOTITABSP_ACQUISTI>
  </Quantita>
  <Quantita>
    <Data>20180405</Data>
    <Mercato>MGP</Mercato>
    <Ora>18</Ora>
    <TOTALE_ACQUISTI>38256,873</TOTALE_ACQUISTI>
    <NAT_ACQUISTI>38256,873000</NAT_ACQUISTI>
    <CNOR_ACQUISTI>4179,402000</CNOR_ACQUISTI>
    <CSUD_ACQUISTI>5718,752000</CSUD_ACQUISTI>
    <NORD_ACQUISTI>22024,952000</NORD_ACQUISTI>
    <SARD_ACQUISTI>980,885000</SARD_ACQUISTI>
    <SICI_ACQUISTI>2082,797000</SICI_ACQUISTI>
    <SUD_ACQUISTI>2781,085000</SUD_ACQUISTI>
    <AUST_ACQUISTI>0,000000</AUST_ACQUISTI>
    <BRNN_ACQUISTI>0,000000</BRNN_ACQUISTI>
    <COAC_ACQUISTI>20,000000</COAC_ACQUISTI>
    <CORS_ACQUISTI>5,000000</CORS_ACQUISTI>
    <FOGN_ACQUISTI>0,000000</FOGN_ACQUISTI>
    <FRAN_ACQUISTI>0,000000</FRAN_ACQUISTI>
    <GREC_ACQUISTI>204,000000</GREC_ACQUISTI>
    <MFTV_ACQUISTI>0,000000</MFTV_ACQUISTI>
    <PRGP_ACQUISTI>0,000000</PRGP_ACQUISTI>
    <ROSN_ACQUISTI>0,000000</ROSN_ACQUISTI>
    <SLOV_ACQUISTI>0,000000</SLOV_ACQUISTI>
    <SVIZ_ACQUISTI>50,000000</SVIZ_ACQUISTI>
    <BSP_ACQUISTI>0,000000</BSP_ACQUISTI>
    <MALT_ACQUISTI>210,000000</MALT_ACQUISTI>
    <XAUS_ACQUISTI>0,000000</XAUS_ACQUISTI>
    <XFRA_ACQUISTI>0,000000</XFRA_ACQUISTI>
    <TOTALE_VENDITE>34966,873</TOTALE_VENDITE>
    <NAT_VENDITE>38256,873000</NAT_VENDITE>
    <CNOR_VENDITE>2642,593000</CNOR_VENDITE>
    <CSUD_VENDITE>5259,660000</CSUD_VENDITE>
    <NORD_VENDITE>14453,716000</NORD_VENDITE>
    <SARD_VENDITE>1444,184000</SARD_VENDITE>
    <SICI_VENDITE>1529,999000</SICI_VENDITE>
    <SUD_VENDITE>3351,396000</SUD_VENDITE>
    <AUST_VENDITE>20,000000</AUST_VENDITE>
    <BRNN_VENDITE>1253,744000</BRNN_VENDITE>
    <COAC_VENDITE>0,000000</COAC_VENDITE>
    <CORS_VENDITE>0,000000</CORS_VENDITE>
    <FOGN_VENDITE>432,200000</FOGN_VENDITE>
    <FRAN_VENDITE>99,000000</FRAN_VENDITE>
    <GREC_VENDITE>458,000000</GREC_VENDITE>
    <MFTV_VENDITE>0,000000</MFTV_VENDITE>
    <PRGP_VENDITE>2,560000</PRGP_VENDITE>
    <ROSN_VENDITE>1238,821000</ROSN_VENDITE>
    <SLOV_VENDITE>0,000000</SLOV_VENDITE>
    <SVIZ_VENDITE>2781,000000</SVIZ_VENDITE>
    <BSP_VENDITE>590,000000</BSP_VENDITE>
    <MALT_VENDITE>0,000000</MALT_VENDITE>
    <XAUS_VENDITE>251,000000</XAUS_VENDITE>
    <XFRA_VENDITE>2449,000000</XFRA_VENDITE>
    <TOTITABSP_VENDITE>35556,873</TOTITABSP_VENDITE>
    <TOTITABSP_ACQUISTI>38256,873</TOTITABSP_ACQUISTI>
  </Quantita>
  <Quantita>
    <Data>20180405</Data>
    <Mercato>MGP</Mercato>
    <Ora>19</Ora>
    <TOTALE_ACQUISTI>38198,298</TOTALE_ACQUISTI>
    <NAT_ACQUISTI>38198,298000</NAT_ACQUISTI>
    <CNOR_ACQUISTI>4122,511000</CNOR_ACQUISTI>
    <CSUD_ACQUISTI>5780,637000</CSUD_ACQUISTI>
    <NORD_ACQUISTI>21905,552000</NORD_ACQUISTI>
    <SARD_ACQUISTI>1033,909000</SARD_ACQUISTI>
    <SICI_ACQUISTI>2164,759000</SICI_ACQUISTI>
    <SUD_ACQUISTI>2891,930000</SUD_ACQUISTI>
    <AUST_ACQUISTI>0,000000</AUST_ACQUISTI>
    <BRNN_ACQUISTI>0,000000</BRNN_ACQUISTI>
    <COAC_ACQUISTI>20,000000</COAC_ACQUISTI>
    <CORS_ACQUISTI>5,000000</CORS_ACQUISTI>
    <FOGN_ACQUISTI>0,000000</FOGN_ACQUISTI>
    <FRAN_ACQUISTI>0,000000</FRAN_ACQUISTI>
    <GREC_ACQUISTI>0,000000</GREC_ACQUISTI>
    <MFTV_ACQUISTI>0,000000</MFTV_ACQUISTI>
    <PRGP_ACQUISTI>0,000000</PRGP_ACQUISTI>
    <ROSN_ACQUISTI>0,000000</ROSN_ACQUISTI>
    <SLOV_ACQUISTI>0,000000</SLOV_ACQUISTI>
    <SVIZ_ACQUISTI>50,000000</SVIZ_ACQUISTI>
    <BSP_ACQUISTI>0,000000</BSP_ACQUISTI>
    <MALT_ACQUISTI>224,000000</MALT_ACQUISTI>
    <XAUS_ACQUISTI>0,000000</XAUS_ACQUISTI>
    <XFRA_ACQUISTI>0,000000</XFRA_ACQUISTI>
    <TOTALE_VENDITE>34977,298</TOTALE_VENDITE>
    <NAT_VENDITE>38198,298000</NAT_VENDITE>
    <CNOR_VENDITE>2517,959000</CNOR_VENDITE>
    <CSUD_VENDITE>5158,579000</CSUD_VENDITE>
    <NORD_VENDITE>15185,185000</NORD_VENDITE>
    <SARD_VENDITE>1300,969000</SARD_VENDITE>
    <SICI_VENDITE>1325,017000</SICI_VENDITE>
    <SUD_VENDITE>2837,444000</SUD_VENDITE>
    <AUST_VENDITE>20,000000</AUST_VENDITE>
    <BRNN_VENDITE>1287,213000</BRNN_VENDITE>
    <COAC_VENDITE>0,000000</COAC_VENDITE>
    <CORS_VENDITE>0,000000</CORS_VENDITE>
    <FOGN_VENDITE>790,562000</FOGN_VENDITE>
    <FRAN_VENDITE>99,000000</FRAN_VENDITE>
    <GREC_VENDITE>479,000000</GREC_VENDITE>
    <MFTV_VENDITE>0,000000</MFTV_VENDITE>
    <PRGP_VENDITE>0,886000</PRGP_VENDITE>
    <ROSN_VENDITE>1245,484000</ROSN_VENDITE>
    <SLOV_VENDITE>0,000000</SLOV_VENDITE>
    <SVIZ_VENDITE>2730,000000</SVIZ_VENDITE>
    <BSP_VENDITE>578,000000</BSP_VENDITE>
    <MALT_VENDITE>0,000000</MALT_VENDITE>
    <XAUS_VENDITE>247,000000</XAUS_VENDITE>
    <XFRA_VENDITE>2396,000000</XFRA_VENDITE>
    <TOTITABSP_VENDITE>35555,298</TOTITABSP_VENDITE>
    <TOTITABSP_ACQUISTI>38198,298</TOTITABSP_ACQUISTI>
  </Quantita>
  <Quantita>
    <Data>20180405</Data>
    <Mercato>MGP</Mercato>
    <Ora>20</Ora>
    <TOTALE_ACQUISTI>39033,952</TOTALE_ACQUISTI>
    <NAT_ACQUISTI>39033,952000</NAT_ACQUISTI>
    <CNOR_ACQUISTI>4173,320000</CNOR_ACQUISTI>
    <CSUD_ACQUISTI>6152,739000</CSUD_ACQUISTI>
    <NORD_ACQUISTI>21901,576000</NORD_ACQUISTI>
    <SARD_ACQUISTI>1067,947000</SARD_ACQUISTI>
    <SICI_ACQUISTI>2281,790000</SICI_ACQUISTI>
    <SUD_ACQUISTI>3131,580000</SUD_ACQUISTI>
    <AUST_ACQUISTI>0,000000</AUST_ACQUISTI>
    <BRNN_ACQUISTI>0,000000</BRNN_ACQUISTI>
    <COAC_ACQUISTI>32,000000</COAC_ACQUISTI>
    <CORS_ACQUISTI>19,000000</CORS_ACQUISTI>
    <FOGN_ACQUISTI>0,000000</FOGN_ACQUISTI>
    <FRAN_ACQUISTI>0,000000</FRAN_ACQUISTI>
    <GREC_ACQUISTI>0,000000</GREC_ACQUISTI>
    <MFTV_ACQUISTI>0,000000</MFTV_ACQUISTI>
    <PRGP_ACQUISTI>0,000000</PRGP_ACQUISTI>
    <ROSN_ACQUISTI>0,000000</ROSN_ACQUISTI>
    <SLOV_ACQUISTI>0,000000</SLOV_ACQUISTI>
    <SVIZ_ACQUISTI>50,000000</SVIZ_ACQUISTI>
    <BSP_ACQUISTI>0,000000</BSP_ACQUISTI>
    <MALT_ACQUISTI>224,000000</MALT_ACQUISTI>
    <XAUS_ACQUISTI>0,000000</XAUS_ACQUISTI>
    <XFRA_ACQUISTI>0,000000</XFRA_ACQUISTI>
    <TOTALE_VENDITE>35812,952</TOTALE_VENDITE>
    <NAT_VENDITE>39033,952000</NAT_VENDITE>
    <CNOR_VENDITE>2392,247000</CNOR_VENDITE>
    <CSUD_VENDITE>4886,799000</CSUD_VENDITE>
    <NORD_VENDITE>16729,716000</NORD_VENDITE>
    <SARD_VENDITE>1133,370000</SARD_VENDITE>
    <SICI_VENDITE>1405,756000</SICI_VENDITE>
    <SUD_VENDITE>2392,007000</SUD_VENDITE>
    <AUST_VENDITE>20,000000</AUST_VENDITE>
    <BRNN_VENDITE>1236,876000</BRNN_VENDITE>
    <COAC_VENDITE>0,000000</COAC_VENDITE>
    <CORS_VENDITE>0,000000</CORS_VENDITE>
    <FOGN_VENDITE>1087,410000</FOGN_VENDITE>
    <FRAN_VENDITE>99,000000</FRAN_VENDITE>
    <GREC_VENDITE>450,000000</GREC_VENDITE>
    <MFTV_VENDITE>0,000000</MFTV_VENDITE>
    <PRGP_VENDITE>0,034000</PRGP_VENDITE>
    <ROSN_VENDITE>1249,737000</ROSN_VENDITE>
    <SLOV_VENDITE>0,000000</SLOV_VENDITE>
    <SVIZ_VENDITE>2730,000000</SVIZ_VENDITE>
    <BSP_VENDITE>578,000000</BSP_VENDITE>
    <MALT_VENDITE>0,000000</MALT_VENDITE>
    <XAUS_VENDITE>247,000000</XAUS_VENDITE>
    <XFRA_VENDITE>2396,000000</XFRA_VENDITE>
    <TOTITABSP_VENDITE>36390,952</TOTITABSP_VENDITE>
    <TOTITABSP_ACQUISTI>39033,952</TOTITABSP_ACQUISTI>
  </Quantita>
  <Quantita>
    <Data>20180405</Data>
    <Mercato>MGP</Mercato>
    <Ora>21</Ora>
    <TOTALE_ACQUISTI>39957,689</TOTALE_ACQUISTI>
    <NAT_ACQUISTI>40000,689000</NAT_ACQUISTI>
    <CNOR_ACQUISTI>4207,844000</CNOR_ACQUISTI>
    <CSUD_ACQUISTI>6480,678000</CSUD_ACQUISTI>
    <NORD_ACQUISTI>22092,584000</NORD_ACQUISTI>
    <SARD_ACQUISTI>1147,313000</SARD_ACQUISTI>
    <SICI_ACQUISTI>2479,918000</SICI_ACQUISTI>
    <SUD_ACQUISTI>3281,352000</SUD_ACQUISTI>
    <AUST_ACQUISTI>0,000000</AUST_ACQUISTI>
    <BRNN_ACQUISTI>0,000000</BRNN_ACQUISTI>
    <COAC_ACQUISTI>69,000000</COAC_ACQUISTI>
    <CORS_ACQUISTI>19,000000</CORS_ACQUISTI>
    <FOGN_ACQUISTI>0,000000</FOGN_ACQUISTI>
    <FRAN_ACQUISTI>0,000000</FRAN_ACQUISTI>
    <GREC_ACQUISTI>0,000000</GREC_ACQUISTI>
    <MFTV_ACQUISTI>0,000000</MFTV_ACQUISTI>
    <PRGP_ACQUISTI>0,000000</PRGP_ACQUISTI>
    <ROSN_ACQUISTI>0,000000</ROSN_ACQUISTI>
    <SLOV_ACQUISTI>0,000000</SLOV_ACQUISTI>
    <SVIZ_ACQUISTI>0,000000</SVIZ_ACQUISTI>
    <BSP_ACQUISTI>0,000000</BSP_ACQUISTI>
    <MALT_ACQUISTI>180,000000</MALT_ACQUISTI>
    <XAUS_ACQUISTI>0,000000</XAUS_ACQUISTI>
    <XFRA_ACQUISTI>0,000000</XFRA_ACQUISTI>
    <TOTALE_VENDITE>36736,689</TOTALE_VENDITE>
    <NAT_VENDITE>40000,689000</NAT_VENDITE>
    <CNOR_VENDITE>2735,714000</CNOR_VENDITE>
    <CSUD_VENDITE>4667,097000</CSUD_VENDITE>
    <NORD_VENDITE>17484,313000</NORD_VENDITE>
    <SARD_VENDITE>1059,537000</SARD_VENDITE>
    <SICI_VENDITE>1496,239000</SICI_VENDITE>
    <SUD_VENDITE>2370,846000</SUD_VENDITE>
    <AUST_VENDITE>20,000000</AUST_VENDITE>
    <BRNN_VENDITE>1185,628000</BRNN_VENDITE>
    <COAC_VENDITE>0,000000</COAC_VENDITE>
    <CORS_VENDITE>0,000000</CORS_VENDITE>
    <FOGN_VENDITE>1096,618000</FOGN_VENDITE>
    <FRAN_VENDITE>99,000000</FRAN_VENDITE>
    <GREC_VENDITE>475,000000</GREC_VENDITE>
    <MFTV_VENDITE>0,000000</MFTV_VENDITE>
    <PRGP_VENDITE>63,679000</PRGP_VENDITE>
    <ROSN_VENDITE>1253,018000</ROSN_VENDITE>
    <SLOV_VENDITE>0,000000</SLOV_VENDITE>
    <SVIZ_VENDITE>2730,000000</SVIZ_VENDITE>
    <BSP_VENDITE>578,000000</BSP_VENDITE>
    <MALT_VENDITE>0,000000</MALT_VENDITE>
    <XAUS_VENDITE>247,000000</XAUS_VENDITE>
    <XFRA_VENDITE>2396,000000</XFRA_VENDITE>
    <TOTITABSP_VENDITE>37314,689</TOTITABSP_VENDITE>
    <TOTITABSP_ACQUISTI>39957,689</TOTITABSP_ACQUISTI>
  </Quantita>
  <Quantita>
    <Data>20180405</Data>
    <Mercato>MGP</Mercato>
    <Ora>22</Ora>
    <TOTALE_ACQUISTI>37549,378</TOTALE_ACQUISTI>
    <NAT_ACQUISTI>37549,378000</NAT_ACQUISTI>
    <CNOR_ACQUISTI>3977,122000</CNOR_ACQUISTI>
    <CSUD_ACQUISTI>6078,507000</CSUD_ACQUISTI>
    <NORD_ACQUISTI>20773,077000</NORD_ACQUISTI>
    <SARD_ACQUISTI>1075,479000</SARD_ACQUISTI>
    <SICI_ACQUISTI>2308,480000</SICI_ACQUISTI>
    <SUD_ACQUISTI>3042,713000</SUD_ACQUISTI>
    <AUST_ACQUISTI>0,000000</AUST_ACQUISTI>
    <BRNN_ACQUISTI>0,000000</BRNN_ACQUISTI>
    <COAC_ACQUISTI>50,000000</COAC_ACQUISTI>
    <CORS_ACQUISTI>19,000000</CORS_ACQUISTI>
    <FOGN_ACQUISTI>0,000000</FOGN_ACQUISTI>
    <FRAN_ACQUISTI>0,000000</FRAN_ACQUISTI>
    <GREC_ACQUISTI>0,000000</GREC_ACQUISTI>
    <MFTV_ACQUISTI>0,000000</MFTV_ACQUISTI>
    <PRGP_ACQUISTI>0,000000</PRGP_ACQUISTI>
    <ROSN_ACQUISTI>0,000000</ROSN_ACQUISTI>
    <SLOV_ACQUISTI>0,000000</SLOV_ACQUISTI>
    <SVIZ_ACQUISTI>0,000000</SVIZ_ACQUISTI>
    <BSP_ACQUISTI>0,000000</BSP_ACQUISTI>
    <MALT_ACQUISTI>225,000000</MALT_ACQUISTI>
    <XAUS_ACQUISTI>0,000000</XAUS_ACQUISTI>
    <XFRA_ACQUISTI>0,000000</XFRA_ACQUISTI>
    <TOTALE_VENDITE>34066,378</TOTALE_VENDITE>
    <NAT_VENDITE>37549,378000</NAT_VENDITE>
    <CNOR_VENDITE>2317,366000</CNOR_VENDITE>
    <CSUD_VENDITE>4470,257000</CSUD_VENDITE>
    <NORD_VENDITE>15632,651000</NORD_VENDITE>
    <SARD_VENDITE>1011,250000</SARD_VENDITE>
    <SICI_VENDITE>1433,480000</SICI_VENDITE>
    <SUD_VENDITE>2320,233000</SUD_VENDITE>
    <AUST_VENDITE>20,000000</AUST_VENDITE>
    <BRNN_VENDITE>1206,210000</BRNN_VENDITE>
    <COAC_VENDITE>0,000000</COAC_VENDITE>
    <CORS_VENDITE>0,000000</CORS_VENDITE>
    <FOGN_VENDITE>878,631000</FOGN_VENDITE>
    <FRAN_VENDITE>99,000000</FRAN_VENDITE>
    <GREC_VENDITE>500,000000</GREC_VENDITE>
    <MFTV_VENDITE>0,000000</MFTV_VENDITE>
    <PRGP_VENDITE>0,000000</PRGP_VENDITE>
    <ROSN_VENDITE>1252,300000</ROSN_VENDITE>
    <SLOV_VENDITE>0,000000</SLOV_VENDITE>
    <SVIZ_VENDITE>2925,000000</SVIZ_VENDITE>
    <BSP_VENDITE>625,000000</BSP_VENDITE>
    <MALT_VENDITE>0,000000</MALT_VENDITE>
    <XAUS_VENDITE>262,000000</XAUS_VENDITE>
    <XFRA_VENDITE>2596,000000</XFRA_VENDITE>
    <TOTITABSP_VENDITE>34691,378</TOTITABSP_VENDITE>
    <TOTITABSP_ACQUISTI>37549,378</TOTITABSP_ACQUISTI>
  </Quantita>
  <Quantita>
    <Data>20180405</Data>
    <Mercato>MGP</Mercato>
    <Ora>23</Ora>
    <TOTALE_ACQUISTI>33920,899</TOTALE_ACQUISTI>
    <NAT_ACQUISTI>33920,899000</NAT_ACQUISTI>
    <CNOR_ACQUISTI>3563,470000</CNOR_ACQUISTI>
    <CSUD_ACQUISTI>5482,774000</CSUD_ACQUISTI>
    <NORD_ACQUISTI>18755,138000</NORD_ACQUISTI>
    <SARD_ACQUISTI>988,063000</SARD_ACQUISTI>
    <SICI_ACQUISTI>2128,265000</SICI_ACQUISTI>
    <SUD_ACQUISTI>2722,189000</SUD_ACQUISTI>
    <AUST_ACQUISTI>0,000000</AUST_ACQUISTI>
    <BRNN_ACQUISTI>0,000000</BRNN_ACQUISTI>
    <COAC_ACQUISTI>51,000000</COAC_ACQUISTI>
    <CORS_ACQUISTI>19,000000</CORS_ACQUISTI>
    <FOGN_ACQUISTI>0,000000</FOGN_ACQUISTI>
    <FRAN_ACQUISTI>0,000000</FRAN_ACQUISTI>
    <GREC_ACQUISTI>0,000000</GREC_ACQUISTI>
    <MFTV_ACQUISTI>0,000000</MFTV_ACQUISTI>
    <PRGP_ACQUISTI>0,000000</PRGP_ACQUISTI>
    <ROSN_ACQUISTI>0,000000</ROSN_ACQUISTI>
    <SLOV_ACQUISTI>0,000000</SLOV_ACQUISTI>
    <SVIZ_ACQUISTI>0,000000</SVIZ_ACQUISTI>
    <BSP_ACQUISTI>0,000000</BSP_ACQUISTI>
    <MALT_ACQUISTI>211,000000</MALT_ACQUISTI>
    <XAUS_ACQUISTI>0,000000</XAUS_ACQUISTI>
    <XFRA_ACQUISTI>0,000000</XFRA_ACQUISTI>
    <TOTALE_VENDITE>30437,899</TOTALE_VENDITE>
    <NAT_VENDITE>33920,899000</NAT_VENDITE>
    <CNOR_VENDITE>2239,786000</CNOR_VENDITE>
    <CSUD_VENDITE>4275,267000</CSUD_VENDITE>
    <NORD_VENDITE>12798,044000</NORD_VENDITE>
    <SARD_VENDITE>977,564000</SARD_VENDITE>
    <SICI_VENDITE>1239,265000</SICI_VENDITE>
    <SUD_VENDITE>2203,916000</SUD_VENDITE>
    <AUST_VENDITE>20,000000</AUST_VENDITE>
    <BRNN_VENDITE>1123,705000</BRNN_VENDITE>
    <COAC_VENDITE>0,000000</COAC_VENDITE>
    <CORS_VENDITE>0,000000</CORS_VENDITE>
    <FOGN_VENDITE>785,490000</FOGN_VENDITE>
    <FRAN_VENDITE>99,000000</FRAN_VENDITE>
    <GREC_VENDITE>500,000000</GREC_VENDITE>
    <MFTV_VENDITE>0,000000</MFTV_VENDITE>
    <PRGP_VENDITE>0,000000</PRGP_VENDITE>
    <ROSN_VENDITE>1250,862000</ROSN_VENDITE>
    <SLOV_VENDITE>0,000000</SLOV_VENDITE>
    <SVIZ_VENDITE>2925,000000</SVIZ_VENDITE>
    <BSP_VENDITE>625,000000</BSP_VENDITE>
    <MALT_VENDITE>0,000000</MALT_VENDITE>
    <XAUS_VENDITE>262,000000</XAUS_VENDITE>
    <XFRA_VENDITE>2596,000000</XFRA_VENDITE>
    <TOTITABSP_VENDITE>31062,899</TOTITABSP_VENDITE>
    <TOTITABSP_ACQUISTI>33920,899</TOTITABSP_ACQUISTI>
  </Quantita>
  <Quantita>
    <Data>20180405</Data>
    <Mercato>MGP</Mercato>
    <Ora>24</Ora>
    <TOTALE_ACQUISTI>30625,795</TOTALE_ACQUISTI>
    <NAT_ACQUISTI>30625,795000</NAT_ACQUISTI>
    <CNOR_ACQUISTI>3221,037000</CNOR_ACQUISTI>
    <CSUD_ACQUISTI>4799,676000</CSUD_ACQUISTI>
    <NORD_ACQUISTI>17127,662000</NORD_ACQUISTI>
    <SARD_ACQUISTI>903,434000</SARD_ACQUISTI>
    <SICI_ACQUISTI>1905,540000</SICI_ACQUISTI>
    <SUD_ACQUISTI>2395,126000</SUD_ACQUISTI>
    <AUST_ACQUISTI>0,000000</AUST_ACQUISTI>
    <BRNN_ACQUISTI>0,000000</BRNN_ACQUISTI>
    <COAC_ACQUISTI>39,000000</COAC_ACQUISTI>
    <CORS_ACQUISTI>19,000000</CORS_ACQUISTI>
    <FOGN_ACQUISTI>0,000000</FOGN_ACQUISTI>
    <FRAN_ACQUISTI>0,000000</FRAN_ACQUISTI>
    <GREC_ACQUISTI>43,320000</GREC_ACQUISTI>
    <MFTV_ACQUISTI>0,000000</MFTV_ACQUISTI>
    <PRGP_ACQUISTI>0,000000</PRGP_ACQUISTI>
    <ROSN_ACQUISTI>0,000000</ROSN_ACQUISTI>
    <SLOV_ACQUISTI>0,000000</SLOV_ACQUISTI>
    <SVIZ_ACQUISTI>0,000000</SVIZ_ACQUISTI>
    <BSP_ACQUISTI>0,000000</BSP_ACQUISTI>
    <MALT_ACQUISTI>172,000000</MALT_ACQUISTI>
    <XAUS_ACQUISTI>0,000000</XAUS_ACQUISTI>
    <XFRA_ACQUISTI>0,000000</XFRA_ACQUISTI>
    <TOTALE_VENDITE>27125,795</TOTALE_VENDITE>
    <NAT_VENDITE>30625,795000</NAT_VENDITE>
    <CNOR_VENDITE>2202,653000</CNOR_VENDITE>
    <CSUD_VENDITE>2838,918000</CSUD_VENDITE>
    <NORD_VENDITE>11669,000000</NORD_VENDITE>
    <SARD_VENDITE>947,037000</SARD_VENDITE>
    <SICI_VENDITE>1029,643000</SICI_VENDITE>
    <SUD_VENDITE>2191,712000</SUD_VENDITE>
    <AUST_VENDITE>20,000000</AUST_VENDITE>
    <BRNN_VENDITE>1139,954000</BRNN_VENDITE>
    <COAC_VENDITE>0,000000</COAC_VENDITE>
    <CORS_VENDITE>0,000000</CORS_VENDITE>
    <FOGN_VENDITE>406,323000</FOGN_VENDITE>
    <FRAN_VENDITE>99,000000</FRAN_VENDITE>
    <GREC_VENDITE>500,000000</GREC_VENDITE>
    <MFTV_VENDITE>0,000000</MFTV_VENDITE>
    <PRGP_VENDITE>0,000000</PRGP_VENDITE>
    <ROSN_VENDITE>1250,555000</ROSN_VENDITE>
    <SLOV_VENDITE>0,000000</SLOV_VENDITE>
    <SVIZ_VENDITE>2831,000000</SVIZ_VENDITE>
    <BSP_VENDITE>573,000000</BSP_VENDITE>
    <MALT_VENDITE>0,000000</MALT_VENDITE>
    <XAUS_VENDITE>259,000000</XAUS_VENDITE>
    <XFRA_VENDITE>2668,000000</XFRA_VENDITE>
    <TOTITABSP_VENDITE>27698,795</TOTITABSP_VENDITE>
    <TOTITABSP_ACQUISTI>30625,795</TOTITABSP_ACQUISTI>
  </Quantita>
</NewDataSet>