<?xml version="1.0" standalone="yes"?>
<NewDataSet>
  <xs:schema id="NewDataSet" xmlns="" xmlns:xs="http://www.w3.org/2001/XMLSchema" xmlns:msdata="urn:schemas-microsoft-com:xml-msdata">
    <xs:element name="NewDataSet" msdata:IsDataSet="true" msdata:UseCurrentLocale="true">
      <xs:complexType>
        <xs:choice minOccurs="0" maxOccurs="unbounded">
          <xs:element name="Quantita">
            <xs:complexType>
              <xs:sequence>
                <xs:element name="Data" type="xs:string" minOccurs="0" />
                <xs:element name="Mercato" type="xs:string" minOccurs="0" />
                <xs:element name="Ora" type="xs:string" minOccurs="0" />
                <xs:element name="TOTALE_ACQUISTI" type="xs:string" minOccurs="0" />
                <xs:element name="NAT_ACQUISTI" type="xs:string" minOccurs="0" />
                <xs:element name="CNOR_ACQUISTI" type="xs:string" minOccurs="0" />
                <xs:element name="CSUD_ACQUISTI" type="xs:string" minOccurs="0" />
                <xs:element name="NORD_ACQUISTI" type="xs:string" minOccurs="0" />
                <xs:element name="SARD_ACQUISTI" type="xs:string" minOccurs="0" />
                <xs:element name="SICI_ACQUISTI" type="xs:string" minOccurs="0" />
                <xs:element name="SUD_ACQUISTI" type="xs:string" minOccurs="0" />
                <xs:element name="AUST_ACQUISTI" type="xs:string" minOccurs="0" />
                <xs:element name="BRNN_ACQUISTI" type="xs:string" minOccurs="0" />
                <xs:element name="COAC_ACQUISTI" type="xs:string" minOccurs="0" />
                <xs:element name="CORS_ACQUISTI" type="xs:string" minOccurs="0" />
                <xs:element name="FOGN_ACQUISTI" type="xs:string" minOccurs="0" />
                <xs:element name="FRAN_ACQUISTI" type="xs:string" minOccurs="0" />
                <xs:element name="GREC_ACQUISTI" type="xs:string" minOccurs="0" />
                <xs:element name="MFTV_ACQUISTI" type="xs:string" minOccurs="0" />
                <xs:element name="PRGP_ACQUISTI" type="xs:string" minOccurs="0" />
                <xs:element name="ROSN_ACQUISTI" type="xs:string" minOccurs="0" />
                <xs:element name="SLOV_ACQUISTI" type="xs:string" minOccurs="0" />
                <xs:element name="SVIZ_ACQUISTI" type="xs:string" minOccurs="0" />
                <xs:element name="BSP_ACQUISTI" type="xs:string" minOccurs="0" />
                <xs:element name="MALT_ACQUISTI" type="xs:string" minOccurs="0" />
                <xs:element name="XAUS_ACQUISTI" type="xs:string" minOccurs="0" />
                <xs:element name="XFRA_ACQUISTI" type="xs:string" minOccurs="0" />
                <xs:element name="TOTALE_VENDITE" type="xs:string" minOccurs="0" />
                <xs:element name="NAT_VENDITE" type="xs:string" minOccurs="0" />
                <xs:element name="CNOR_VENDITE" type="xs:string" minOccurs="0" />
                <xs:element name="CSUD_VENDITE" type="xs:string" minOccurs="0" />
                <xs:element name="NORD_VENDITE" type="xs:string" minOccurs="0" />
                <xs:element name="SARD_VENDITE" type="xs:string" minOccurs="0" />
                <xs:element name="SICI_VENDITE" type="xs:string" minOccurs="0" />
                <xs:element name="SUD_VENDITE" type="xs:string" minOccurs="0" />
                <xs:element name="AUST_VENDITE" type="xs:string" minOccurs="0" />
                <xs:element name="BRNN_VENDITE" type="xs:string" minOccurs="0" />
                <xs:element name="COAC_VENDITE" type="xs:string" minOccurs="0" />
                <xs:element name="CORS_VENDITE" type="xs:string" minOccurs="0" />
                <xs:element name="FOGN_VENDITE" type="xs:string" minOccurs="0" />
                <xs:element name="FRAN_VENDITE" type="xs:string" minOccurs="0" />
                <xs:element name="GREC_VENDITE" type="xs:string" minOccurs="0" />
                <xs:element name="MFTV_VENDITE" type="xs:string" minOccurs="0" />
                <xs:element name="PRGP_VENDITE" type="xs:string" minOccurs="0" />
                <xs:element name="ROSN_VENDITE" type="xs:string" minOccurs="0" />
                <xs:element name="SLOV_VENDITE" type="xs:string" minOccurs="0" />
                <xs:element name="SVIZ_VENDITE" type="xs:string" minOccurs="0" />
                <xs:element name="BSP_VENDITE" type="xs:string" minOccurs="0" />
                <xs:element name="MALT_VENDITE" type="xs:string" minOccurs="0" />
                <xs:element name="XAUS_VENDITE" type="xs:string" minOccurs="0" />
                <xs:element name="XFRA_VENDITE" type="xs:string" minOccurs="0" />
                <xs:element name="TOTITABSP_VENDITE" msdata:ReadOnly="true" msdata:Expression="Convert(TOTALE_VENDITE, System.Double) + Convert(BSP_VENDITE,System.Double)" type="xs:string" minOccurs="0" />
                <xs:element name="TOTITABSP_ACQUISTI" msdata:ReadOnly="true" msdata:Expression="Convert(TOTALE_ACQUISTI, System.Double) + Convert(BSP_ACQUISTI, System.Double)" type="xs:string" minOccurs="0" />
              </xs:sequence>
            </xs:complexType>
          </xs:element>
        </xs:choice>
      </xs:complexType>
    </xs:element>
  </xs:schema>
  <Quantita>
    <Data>20180403</Data>
    <Mercato>MGP</Mercato>
    <Ora>1</Ora>
    <TOTALE_ACQUISTI>22895,609</TOTALE_ACQUISTI>
    <NAT_ACQUISTI>22895,609000</NAT_ACQUISTI>
    <CNOR_ACQUISTI>2445,259000</CNOR_ACQUISTI>
    <CSUD_ACQUISTI>3873,980000</CSUD_ACQUISTI>
    <NORD_ACQUISTI>11928,046000</NORD_ACQUISTI>
    <SARD_ACQUISTI>781,608000</SARD_ACQUISTI>
    <SICI_ACQUISTI>1575,597000</SICI_ACQUISTI>
    <SUD_ACQUISTI>1982,119000</SUD_ACQUISTI>
    <AUST_ACQUISTI>0,000000</AUST_ACQUISTI>
    <BRNN_ACQUISTI>0,000000</BRNN_ACQUISTI>
    <COAC_ACQUISTI>36,000000</COAC_ACQUISTI>
    <CORS_ACQUISTI>29,000000</CORS_ACQUISTI>
    <FOGN_ACQUISTI>0,000000</FOGN_ACQUISTI>
    <FRAN_ACQUISTI>0,000000</FRAN_ACQUISTI>
    <GREC_ACQUISTI>85,000000</GREC_ACQUISTI>
    <MFTV_ACQUISTI>0,000000</MFTV_ACQUISTI>
    <PRGP_ACQUISTI>0,000000</PRGP_ACQUISTI>
    <ROSN_ACQUISTI>0,000000</ROSN_ACQUISTI>
    <SLOV_ACQUISTI>0,000000</SLOV_ACQUISTI>
    <SVIZ_ACQUISTI>0,000000</SVIZ_ACQUISTI>
    <BSP_ACQUISTI>0,000000</BSP_ACQUISTI>
    <MALT_ACQUISTI>159,000000</MALT_ACQUISTI>
    <XAUS_ACQUISTI>0,000000</XAUS_ACQUISTI>
    <XFRA_ACQUISTI>0,000000</XFRA_ACQUISTI>
    <TOTALE_VENDITE>22497,609</TOTALE_VENDITE>
    <NAT_VENDITE>22895,609000</NAT_VENDITE>
    <CNOR_VENDITE>2151,925000</CNOR_VENDITE>
    <CSUD_VENDITE>1889,327000</CSUD_VENDITE>
    <NORD_VENDITE>11390,917000</NORD_VENDITE>
    <SARD_VENDITE>1140,202000</SARD_VENDITE>
    <SICI_VENDITE>991,313000</SICI_VENDITE>
    <SUD_VENDITE>1480,664000</SUD_VENDITE>
    <AUST_VENDITE>0,000000</AUST_VENDITE>
    <BRNN_VENDITE>1146,847000</BRNN_VENDITE>
    <COAC_VENDITE>0,000000</COAC_VENDITE>
    <CORS_VENDITE>0,000000</CORS_VENDITE>
    <FOGN_VENDITE>389,497000</FOGN_VENDITE>
    <FRAN_VENDITE>99,000000</FRAN_VENDITE>
    <GREC_VENDITE>452,000000</GREC_VENDITE>
    <MFTV_VENDITE>0,000000</MFTV_VENDITE>
    <PRGP_VENDITE>0,000000</PRGP_VENDITE>
    <ROSN_VENDITE>862,917000</ROSN_VENDITE>
    <SLOV_VENDITE>0,000000</SLOV_VENDITE>
    <SVIZ_VENDITE>503,000000</SVIZ_VENDITE>
    <BSP_VENDITE>87,000000</BSP_VENDITE>
    <MALT_VENDITE>0,000000</MALT_VENDITE>
    <XAUS_VENDITE>37,000000</XAUS_VENDITE>
    <XFRA_VENDITE>274,000000</XFRA_VENDITE>
    <TOTITABSP_VENDITE>22584,609</TOTITABSP_VENDITE>
    <TOTITABSP_ACQUISTI>22895,609</TOTITABSP_ACQUISTI>
  </Quantita>
  <Quantita>
    <Data>20180403</Data>
    <Mercato>MGP</Mercato>
    <Ora>2</Ora>
    <TOTALE_ACQUISTI>21605,257</TOTALE_ACQUISTI>
    <NAT_ACQUISTI>21605,257000</NAT_ACQUISTI>
    <CNOR_ACQUISTI>2288,646000</CNOR_ACQUISTI>
    <CSUD_ACQUISTI>3572,083000</CSUD_ACQUISTI>
    <NORD_ACQUISTI>11335,144000</NORD_ACQUISTI>
    <SARD_ACQUISTI>731,680000</SARD_ACQUISTI>
    <SICI_ACQUISTI>1431,829000</SICI_ACQUISTI>
    <SUD_ACQUISTI>1848,875000</SUD_ACQUISTI>
    <AUST_ACQUISTI>0,000000</AUST_ACQUISTI>
    <BRNN_ACQUISTI>0,000000</BRNN_ACQUISTI>
    <COAC_ACQUISTI>27,000000</COAC_ACQUISTI>
    <CORS_ACQUISTI>5,000000</CORS_ACQUISTI>
    <FOGN_ACQUISTI>0,000000</FOGN_ACQUISTI>
    <FRAN_ACQUISTI>0,000000</FRAN_ACQUISTI>
    <GREC_ACQUISTI>215,000000</GREC_ACQUISTI>
    <MFTV_ACQUISTI>0,000000</MFTV_ACQUISTI>
    <PRGP_ACQUISTI>0,000000</PRGP_ACQUISTI>
    <ROSN_ACQUISTI>0,000000</ROSN_ACQUISTI>
    <SLOV_ACQUISTI>0,000000</SLOV_ACQUISTI>
    <SVIZ_ACQUISTI>0,000000</SVIZ_ACQUISTI>
    <BSP_ACQUISTI>0,000000</BSP_ACQUISTI>
    <MALT_ACQUISTI>150,000000</MALT_ACQUISTI>
    <XAUS_ACQUISTI>0,000000</XAUS_ACQUISTI>
    <XFRA_ACQUISTI>0,000000</XFRA_ACQUISTI>
    <TOTALE_VENDITE>21207,257</TOTALE_VENDITE>
    <NAT_VENDITE>21605,257000</NAT_VENDITE>
    <CNOR_VENDITE>2154,948000</CNOR_VENDITE>
    <CSUD_VENDITE>1220,203000</CSUD_VENDITE>
    <NORD_VENDITE>11058,558000</NORD_VENDITE>
    <SARD_VENDITE>1130,548000</SARD_VENDITE>
    <SICI_VENDITE>1003,304000</SICI_VENDITE>
    <SUD_VENDITE>1499,702000</SUD_VENDITE>
    <AUST_VENDITE>0,000000</AUST_VENDITE>
    <BRNN_VENDITE>1213,680000</BRNN_VENDITE>
    <COAC_VENDITE>0,000000</COAC_VENDITE>
    <CORS_VENDITE>0,000000</CORS_VENDITE>
    <FOGN_VENDITE>9,102000</FOGN_VENDITE>
    <FRAN_VENDITE>99,000000</FRAN_VENDITE>
    <GREC_VENDITE>441,000000</GREC_VENDITE>
    <MFTV_VENDITE>0,000000</MFTV_VENDITE>
    <PRGP_VENDITE>0,000000</PRGP_VENDITE>
    <ROSN_VENDITE>874,212000</ROSN_VENDITE>
    <SLOV_VENDITE>0,000000</SLOV_VENDITE>
    <SVIZ_VENDITE>503,000000</SVIZ_VENDITE>
    <BSP_VENDITE>87,000000</BSP_VENDITE>
    <MALT_VENDITE>0,000000</MALT_VENDITE>
    <XAUS_VENDITE>37,000000</XAUS_VENDITE>
    <XFRA_VENDITE>274,000000</XFRA_VENDITE>
    <TOTITABSP_VENDITE>21294,257</TOTITABSP_VENDITE>
    <TOTITABSP_ACQUISTI>21605,257</TOTITABSP_ACQUISTI>
  </Quantita>
  <Quantita>
    <Data>20180403</Data>
    <Mercato>MGP</Mercato>
    <Ora>3</Ora>
    <TOTALE_ACQUISTI>21070,013</TOTALE_ACQUISTI>
    <NAT_ACQUISTI>21070,013000</NAT_ACQUISTI>
    <CNOR_ACQUISTI>2221,106000</CNOR_ACQUISTI>
    <CSUD_ACQUISTI>3394,386000</CSUD_ACQUISTI>
    <NORD_ACQUISTI>11136,160000</NORD_ACQUISTI>
    <SARD_ACQUISTI>708,079000</SARD_ACQUISTI>
    <SICI_ACQUISTI>1358,581000</SICI_ACQUISTI>
    <SUD_ACQUISTI>1781,701000</SUD_ACQUISTI>
    <AUST_ACQUISTI>0,000000</AUST_ACQUISTI>
    <BRNN_ACQUISTI>0,000000</BRNN_ACQUISTI>
    <COAC_ACQUISTI>20,000000</COAC_ACQUISTI>
    <CORS_ACQUISTI>5,000000</CORS_ACQUISTI>
    <FOGN_ACQUISTI>0,000000</FOGN_ACQUISTI>
    <FRAN_ACQUISTI>0,000000</FRAN_ACQUISTI>
    <GREC_ACQUISTI>300,000000</GREC_ACQUISTI>
    <MFTV_ACQUISTI>0,000000</MFTV_ACQUISTI>
    <PRGP_ACQUISTI>0,000000</PRGP_ACQUISTI>
    <ROSN_ACQUISTI>0,000000</ROSN_ACQUISTI>
    <SLOV_ACQUISTI>0,000000</SLOV_ACQUISTI>
    <SVIZ_ACQUISTI>0,000000</SVIZ_ACQUISTI>
    <BSP_ACQUISTI>0,000000</BSP_ACQUISTI>
    <MALT_ACQUISTI>145,000000</MALT_ACQUISTI>
    <XAUS_ACQUISTI>0,000000</XAUS_ACQUISTI>
    <XFRA_ACQUISTI>0,000000</XFRA_ACQUISTI>
    <TOTALE_VENDITE>20672,013</TOTALE_VENDITE>
    <NAT_VENDITE>21070,013000</NAT_VENDITE>
    <CNOR_VENDITE>2150,144000</CNOR_VENDITE>
    <CSUD_VENDITE>1231,917000</CSUD_VENDITE>
    <NORD_VENDITE>10502,256000</NORD_VENDITE>
    <SARD_VENDITE>1083,435000</SARD_VENDITE>
    <SICI_VENDITE>1015,169000</SICI_VENDITE>
    <SUD_VENDITE>1529,836000</SUD_VENDITE>
    <AUST_VENDITE>0,000000</AUST_VENDITE>
    <BRNN_VENDITE>964,392000</BRNN_VENDITE>
    <COAC_VENDITE>0,000000</COAC_VENDITE>
    <CORS_VENDITE>0,000000</CORS_VENDITE>
    <FOGN_VENDITE>9,177000</FOGN_VENDITE>
    <FRAN_VENDITE>99,000000</FRAN_VENDITE>
    <GREC_VENDITE>455,000000</GREC_VENDITE>
    <MFTV_VENDITE>0,000000</MFTV_VENDITE>
    <PRGP_VENDITE>0,000000</PRGP_VENDITE>
    <ROSN_VENDITE>1128,687000</ROSN_VENDITE>
    <SLOV_VENDITE>0,000000</SLOV_VENDITE>
    <SVIZ_VENDITE>503,000000</SVIZ_VENDITE>
    <BSP_VENDITE>87,000000</BSP_VENDITE>
    <MALT_VENDITE>0,000000</MALT_VENDITE>
    <XAUS_VENDITE>37,000000</XAUS_VENDITE>
    <XFRA_VENDITE>274,000000</XFRA_VENDITE>
    <TOTITABSP_VENDITE>20759,013</TOTITABSP_VENDITE>
    <TOTITABSP_ACQUISTI>21070,013</TOTITABSP_ACQUISTI>
  </Quantita>
  <Quantita>
    <Data>20180403</Data>
    <Mercato>MGP</Mercato>
    <Ora>4</Ora>
    <TOTALE_ACQUISTI>20915,609</TOTALE_ACQUISTI>
    <NAT_ACQUISTI>20915,609000</NAT_ACQUISTI>
    <CNOR_ACQUISTI>2211,892000</CNOR_ACQUISTI>
    <CSUD_ACQUISTI>3332,844000</CSUD_ACQUISTI>
    <NORD_ACQUISTI>11115,872000</NORD_ACQUISTI>
    <SARD_ACQUISTI>700,903000</SARD_ACQUISTI>
    <SICI_ACQUISTI>1334,105000</SICI_ACQUISTI>
    <SUD_ACQUISTI>1763,993000</SUD_ACQUISTI>
    <AUST_ACQUISTI>0,000000</AUST_ACQUISTI>
    <BRNN_ACQUISTI>0,000000</BRNN_ACQUISTI>
    <COAC_ACQUISTI>20,000000</COAC_ACQUISTI>
    <CORS_ACQUISTI>5,000000</CORS_ACQUISTI>
    <FOGN_ACQUISTI>0,000000</FOGN_ACQUISTI>
    <FRAN_ACQUISTI>0,000000</FRAN_ACQUISTI>
    <GREC_ACQUISTI>285,000000</GREC_ACQUISTI>
    <MFTV_ACQUISTI>0,000000</MFTV_ACQUISTI>
    <PRGP_ACQUISTI>0,000000</PRGP_ACQUISTI>
    <ROSN_ACQUISTI>0,000000</ROSN_ACQUISTI>
    <SLOV_ACQUISTI>0,000000</SLOV_ACQUISTI>
    <SVIZ_ACQUISTI>0,000000</SVIZ_ACQUISTI>
    <BSP_ACQUISTI>0,000000</BSP_ACQUISTI>
    <MALT_ACQUISTI>146,000000</MALT_ACQUISTI>
    <XAUS_ACQUISTI>0,000000</XAUS_ACQUISTI>
    <XFRA_ACQUISTI>0,000000</XFRA_ACQUISTI>
    <TOTALE_VENDITE>20517,609</TOTALE_VENDITE>
    <NAT_VENDITE>20915,609000</NAT_VENDITE>
    <CNOR_VENDITE>2152,188000</CNOR_VENDITE>
    <CSUD_VENDITE>1257,839000</CSUD_VENDITE>
    <NORD_VENDITE>10393,770000</NORD_VENDITE>
    <SARD_VENDITE>1078,112000</SARD_VENDITE>
    <SICI_VENDITE>1022,400000</SICI_VENDITE>
    <SUD_VENDITE>1612,836000</SUD_VENDITE>
    <AUST_VENDITE>0,000000</AUST_VENDITE>
    <BRNN_VENDITE>966,755000</BRNN_VENDITE>
    <COAC_VENDITE>0,000000</COAC_VENDITE>
    <CORS_VENDITE>0,000000</CORS_VENDITE>
    <FOGN_VENDITE>8,980000</FOGN_VENDITE>
    <FRAN_VENDITE>99,000000</FRAN_VENDITE>
    <GREC_VENDITE>459,000000</GREC_VENDITE>
    <MFTV_VENDITE>0,000000</MFTV_VENDITE>
    <PRGP_VENDITE>0,000000</PRGP_VENDITE>
    <ROSN_VENDITE>963,729000</ROSN_VENDITE>
    <SLOV_VENDITE>0,000000</SLOV_VENDITE>
    <SVIZ_VENDITE>503,000000</SVIZ_VENDITE>
    <BSP_VENDITE>87,000000</BSP_VENDITE>
    <MALT_VENDITE>0,000000</MALT_VENDITE>
    <XAUS_VENDITE>37,000000</XAUS_VENDITE>
    <XFRA_VENDITE>274,000000</XFRA_VENDITE>
    <TOTITABSP_VENDITE>20604,609</TOTITABSP_VENDITE>
    <TOTITABSP_ACQUISTI>20915,609</TOTITABSP_ACQUISTI>
  </Quantita>
  <Quantita>
    <Data>20180403</Data>
    <Mercato>MGP</Mercato>
    <Ora>5</Ora>
    <TOTALE_ACQUISTI>21389,416</TOTALE_ACQUISTI>
    <NAT_ACQUISTI>21389,416000</NAT_ACQUISTI>
    <CNOR_ACQUISTI>2277,678000</CNOR_ACQUISTI>
    <CSUD_ACQUISTI>3372,554000</CSUD_ACQUISTI>
    <NORD_ACQUISTI>11439,401000</NORD_ACQUISTI>
    <SARD_ACQUISTI>706,953000</SARD_ACQUISTI>
    <SICI_ACQUISTI>1347,411000</SICI_ACQUISTI>
    <SUD_ACQUISTI>1791,419000</SUD_ACQUISTI>
    <AUST_ACQUISTI>0,000000</AUST_ACQUISTI>
    <BRNN_ACQUISTI>0,000000</BRNN_ACQUISTI>
    <COAC_ACQUISTI>20,000000</COAC_ACQUISTI>
    <CORS_ACQUISTI>5,000000</CORS_ACQUISTI>
    <FOGN_ACQUISTI>0,000000</FOGN_ACQUISTI>
    <FRAN_ACQUISTI>0,000000</FRAN_ACQUISTI>
    <GREC_ACQUISTI>275,000000</GREC_ACQUISTI>
    <MFTV_ACQUISTI>0,000000</MFTV_ACQUISTI>
    <PRGP_ACQUISTI>0,000000</PRGP_ACQUISTI>
    <ROSN_ACQUISTI>0,000000</ROSN_ACQUISTI>
    <SLOV_ACQUISTI>0,000000</SLOV_ACQUISTI>
    <SVIZ_ACQUISTI>0,000000</SVIZ_ACQUISTI>
    <BSP_ACQUISTI>0,000000</BSP_ACQUISTI>
    <MALT_ACQUISTI>154,000000</MALT_ACQUISTI>
    <XAUS_ACQUISTI>0,000000</XAUS_ACQUISTI>
    <XFRA_ACQUISTI>0,000000</XFRA_ACQUISTI>
    <TOTALE_VENDITE>20266,416</TOTALE_VENDITE>
    <NAT_VENDITE>21389,416000</NAT_VENDITE>
    <CNOR_VENDITE>2185,695000</CNOR_VENDITE>
    <CSUD_VENDITE>1255,818000</CSUD_VENDITE>
    <NORD_VENDITE>9568,361000</NORD_VENDITE>
    <SARD_VENDITE>1064,472000</SARD_VENDITE>
    <SICI_VENDITE>1019,763000</SICI_VENDITE>
    <SUD_VENDITE>1568,921000</SUD_VENDITE>
    <AUST_VENDITE>0,000000</AUST_VENDITE>
    <BRNN_VENDITE>971,957000</BRNN_VENDITE>
    <COAC_VENDITE>0,000000</COAC_VENDITE>
    <CORS_VENDITE>0,000000</CORS_VENDITE>
    <FOGN_VENDITE>8,747000</FOGN_VENDITE>
    <FRAN_VENDITE>99,000000</FRAN_VENDITE>
    <GREC_VENDITE>362,000000</GREC_VENDITE>
    <MFTV_VENDITE>0,000000</MFTV_VENDITE>
    <PRGP_VENDITE>0,000000</PRGP_VENDITE>
    <ROSN_VENDITE>883,682000</ROSN_VENDITE>
    <SLOV_VENDITE>0,000000</SLOV_VENDITE>
    <SVIZ_VENDITE>1278,000000</SVIZ_VENDITE>
    <BSP_VENDITE>212,000000</BSP_VENDITE>
    <MALT_VENDITE>0,000000</MALT_VENDITE>
    <XAUS_VENDITE>97,000000</XAUS_VENDITE>
    <XFRA_VENDITE>814,000000</XFRA_VENDITE>
    <TOTITABSP_VENDITE>20478,416</TOTITABSP_VENDITE>
    <TOTITABSP_ACQUISTI>21389,416</TOTITABSP_ACQUISTI>
  </Quantita>
  <Quantita>
    <Data>20180403</Data>
    <Mercato>MGP</Mercato>
    <Ora>6</Ora>
    <TOTALE_ACQUISTI>23440,147</TOTALE_ACQUISTI>
    <NAT_ACQUISTI>23440,147000</NAT_ACQUISTI>
    <CNOR_ACQUISTI>2479,928000</CNOR_ACQUISTI>
    <CSUD_ACQUISTI>3618,933000</CSUD_ACQUISTI>
    <NORD_ACQUISTI>12834,145000</NORD_ACQUISTI>
    <SARD_ACQUISTI>741,821000</SARD_ACQUISTI>
    <SICI_ACQUISTI>1423,954000</SICI_ACQUISTI>
    <SUD_ACQUISTI>1893,366000</SUD_ACQUISTI>
    <AUST_ACQUISTI>0,000000</AUST_ACQUISTI>
    <BRNN_ACQUISTI>0,000000</BRNN_ACQUISTI>
    <COAC_ACQUISTI>20,000000</COAC_ACQUISTI>
    <CORS_ACQUISTI>5,000000</CORS_ACQUISTI>
    <FOGN_ACQUISTI>0,000000</FOGN_ACQUISTI>
    <FRAN_ACQUISTI>0,000000</FRAN_ACQUISTI>
    <GREC_ACQUISTI>245,000000</GREC_ACQUISTI>
    <MFTV_ACQUISTI>0,000000</MFTV_ACQUISTI>
    <PRGP_ACQUISTI>0,000000</PRGP_ACQUISTI>
    <ROSN_ACQUISTI>0,000000</ROSN_ACQUISTI>
    <SLOV_ACQUISTI>0,000000</SLOV_ACQUISTI>
    <SVIZ_ACQUISTI>0,000000</SVIZ_ACQUISTI>
    <BSP_ACQUISTI>0,000000</BSP_ACQUISTI>
    <MALT_ACQUISTI>178,000000</MALT_ACQUISTI>
    <XAUS_ACQUISTI>0,000000</XAUS_ACQUISTI>
    <XFRA_ACQUISTI>0,000000</XFRA_ACQUISTI>
    <TOTALE_VENDITE>21583,147</TOTALE_VENDITE>
    <NAT_VENDITE>23440,147000</NAT_VENDITE>
    <CNOR_VENDITE>2184,407000</CNOR_VENDITE>
    <CSUD_VENDITE>1281,564000</CSUD_VENDITE>
    <NORD_VENDITE>9983,591000</NORD_VENDITE>
    <SARD_VENDITE>1057,905000</SARD_VENDITE>
    <SICI_VENDITE>1045,449000</SICI_VENDITE>
    <SUD_VENDITE>1670,133000</SUD_VENDITE>
    <AUST_VENDITE>0,000000</AUST_VENDITE>
    <BRNN_VENDITE>996,021000</BRNN_VENDITE>
    <COAC_VENDITE>0,000000</COAC_VENDITE>
    <CORS_VENDITE>0,000000</CORS_VENDITE>
    <FOGN_VENDITE>9,034000</FOGN_VENDITE>
    <FRAN_VENDITE>99,000000</FRAN_VENDITE>
    <GREC_VENDITE>329,000000</GREC_VENDITE>
    <MFTV_VENDITE>0,000000</MFTV_VENDITE>
    <PRGP_VENDITE>0,000000</PRGP_VENDITE>
    <ROSN_VENDITE>887,043000</ROSN_VENDITE>
    <SLOV_VENDITE>0,000000</SLOV_VENDITE>
    <SVIZ_VENDITE>2040,000000</SVIZ_VENDITE>
    <BSP_VENDITE>340,000000</BSP_VENDITE>
    <MALT_VENDITE>0,000000</MALT_VENDITE>
    <XAUS_VENDITE>152,000000</XAUS_VENDITE>
    <XFRA_VENDITE>1365,000000</XFRA_VENDITE>
    <TOTITABSP_VENDITE>21923,147</TOTITABSP_VENDITE>
    <TOTITABSP_ACQUISTI>23440,147</TOTITABSP_ACQUISTI>
  </Quantita>
  <Quantita>
    <Data>20180403</Data>
    <Mercato>MGP</Mercato>
    <Ora>7</Ora>
    <TOTALE_ACQUISTI>28266,849</TOTALE_ACQUISTI>
    <NAT_ACQUISTI>28266,849000</NAT_ACQUISTI>
    <CNOR_ACQUISTI>3041,925000</CNOR_ACQUISTI>
    <CSUD_ACQUISTI>4242,655000</CSUD_ACQUISTI>
    <NORD_ACQUISTI>16170,723000</NORD_ACQUISTI>
    <SARD_ACQUISTI>845,942000</SARD_ACQUISTI>
    <SICI_ACQUISTI>1600,669000</SICI_ACQUISTI>
    <SUD_ACQUISTI>2088,935000</SUD_ACQUISTI>
    <AUST_ACQUISTI>0,000000</AUST_ACQUISTI>
    <BRNN_ACQUISTI>0,000000</BRNN_ACQUISTI>
    <COAC_ACQUISTI>20,000000</COAC_ACQUISTI>
    <CORS_ACQUISTI>5,000000</CORS_ACQUISTI>
    <FOGN_ACQUISTI>0,000000</FOGN_ACQUISTI>
    <FRAN_ACQUISTI>0,000000</FRAN_ACQUISTI>
    <GREC_ACQUISTI>40,000000</GREC_ACQUISTI>
    <MFTV_ACQUISTI>0,000000</MFTV_ACQUISTI>
    <PRGP_ACQUISTI>0,000000</PRGP_ACQUISTI>
    <ROSN_ACQUISTI>0,000000</ROSN_ACQUISTI>
    <SLOV_ACQUISTI>0,000000</SLOV_ACQUISTI>
    <SVIZ_ACQUISTI>0,000000</SVIZ_ACQUISTI>
    <BSP_ACQUISTI>0,000000</BSP_ACQUISTI>
    <MALT_ACQUISTI>211,000000</MALT_ACQUISTI>
    <XAUS_ACQUISTI>0,000000</XAUS_ACQUISTI>
    <XFRA_ACQUISTI>0,000000</XFRA_ACQUISTI>
    <TOTALE_VENDITE>25754,849</TOTALE_VENDITE>
    <NAT_VENDITE>28266,849000</NAT_VENDITE>
    <CNOR_VENDITE>2257,268000</CNOR_VENDITE>
    <CSUD_VENDITE>1319,107000</CSUD_VENDITE>
    <NORD_VENDITE>12674,987000</NORD_VENDITE>
    <SARD_VENDITE>1124,504000</SARD_VENDITE>
    <SICI_VENDITE>1071,508000</SICI_VENDITE>
    <SUD_VENDITE>1743,451000</SUD_VENDITE>
    <AUST_VENDITE>18,000000</AUST_VENDITE>
    <BRNN_VENDITE>1243,356000</BRNN_VENDITE>
    <COAC_VENDITE>0,000000</COAC_VENDITE>
    <CORS_VENDITE>0,000000</CORS_VENDITE>
    <FOGN_VENDITE>9,078000</FOGN_VENDITE>
    <FRAN_VENDITE>99,000000</FRAN_VENDITE>
    <GREC_VENDITE>303,000000</GREC_VENDITE>
    <MFTV_VENDITE>0,000000</MFTV_VENDITE>
    <PRGP_VENDITE>0,029000</PRGP_VENDITE>
    <ROSN_VENDITE>1141,561000</ROSN_VENDITE>
    <SLOV_VENDITE>0,000000</SLOV_VENDITE>
    <SVIZ_VENDITE>2750,000000</SVIZ_VENDITE>
    <BSP_VENDITE>456,000000</BSP_VENDITE>
    <MALT_VENDITE>0,000000</MALT_VENDITE>
    <XAUS_VENDITE>188,000000</XAUS_VENDITE>
    <XFRA_VENDITE>1868,000000</XFRA_VENDITE>
    <TOTITABSP_VENDITE>26210,849</TOTITABSP_VENDITE>
    <TOTITABSP_ACQUISTI>28266,849</TOTITABSP_ACQUISTI>
  </Quantita>
  <Quantita>
    <Data>20180403</Data>
    <Mercato>MGP</Mercato>
    <Ora>8</Ora>
    <TOTALE_ACQUISTI>33328,855</TOTALE_ACQUISTI>
    <NAT_ACQUISTI>33328,855000</NAT_ACQUISTI>
    <CNOR_ACQUISTI>3581,439000</CNOR_ACQUISTI>
    <CSUD_ACQUISTI>4909,721000</CSUD_ACQUISTI>
    <NORD_ACQUISTI>19320,041000</NORD_ACQUISTI>
    <SARD_ACQUISTI>954,770000</SARD_ACQUISTI>
    <SICI_ACQUISTI>1844,845000</SICI_ACQUISTI>
    <SUD_ACQUISTI>2450,039000</SUD_ACQUISTI>
    <AUST_ACQUISTI>0,000000</AUST_ACQUISTI>
    <BRNN_ACQUISTI>0,000000</BRNN_ACQUISTI>
    <COAC_ACQUISTI>42,000000</COAC_ACQUISTI>
    <CORS_ACQUISTI>5,000000</CORS_ACQUISTI>
    <FOGN_ACQUISTI>0,000000</FOGN_ACQUISTI>
    <FRAN_ACQUISTI>0,000000</FRAN_ACQUISTI>
    <GREC_ACQUISTI>0,000000</GREC_ACQUISTI>
    <MFTV_ACQUISTI>0,000000</MFTV_ACQUISTI>
    <PRGP_ACQUISTI>0,000000</PRGP_ACQUISTI>
    <ROSN_ACQUISTI>0,000000</ROSN_ACQUISTI>
    <SLOV_ACQUISTI>0,000000</SLOV_ACQUISTI>
    <SVIZ_ACQUISTI>0,000000</SVIZ_ACQUISTI>
    <BSP_ACQUISTI>0,000000</BSP_ACQUISTI>
    <MALT_ACQUISTI>221,000000</MALT_ACQUISTI>
    <XAUS_ACQUISTI>0,000000</XAUS_ACQUISTI>
    <XFRA_ACQUISTI>0,000000</XFRA_ACQUISTI>
    <TOTALE_VENDITE>31319,983</TOTALE_VENDITE>
    <NAT_VENDITE>33328,855000</NAT_VENDITE>
    <CNOR_VENDITE>2377,586000</CNOR_VENDITE>
    <CSUD_VENDITE>3357,077000</CSUD_VENDITE>
    <NORD_VENDITE>14999,370000</NORD_VENDITE>
    <SARD_VENDITE>1120,758000</SARD_VENDITE>
    <SICI_VENDITE>1095,170000</SICI_VENDITE>
    <SUD_VENDITE>1836,359000</SUD_VENDITE>
    <AUST_VENDITE>20,000000</AUST_VENDITE>
    <BRNN_VENDITE>1292,459000</BRNN_VENDITE>
    <COAC_VENDITE>0,000000</COAC_VENDITE>
    <CORS_VENDITE>0,000000</CORS_VENDITE>
    <FOGN_VENDITE>437,118000</FOGN_VENDITE>
    <FRAN_VENDITE>99,000000</FRAN_VENDITE>
    <GREC_VENDITE>463,000000</GREC_VENDITE>
    <MFTV_VENDITE>0,000000</MFTV_VENDITE>
    <PRGP_VENDITE>0,950000</PRGP_VENDITE>
    <ROSN_VENDITE>1143,136000</ROSN_VENDITE>
    <SLOV_VENDITE>0,000000</SLOV_VENDITE>
    <SVIZ_VENDITE>3078,000000</SVIZ_VENDITE>
    <BSP_VENDITE>541,000000</BSP_VENDITE>
    <MALT_VENDITE>0,000000</MALT_VENDITE>
    <XAUS_VENDITE>230,000000</XAUS_VENDITE>
    <XFRA_VENDITE>1237,872000</XFRA_VENDITE>
    <TOTITABSP_VENDITE>31860,983</TOTITABSP_VENDITE>
    <TOTITABSP_ACQUISTI>33328,855</TOTITABSP_ACQUISTI>
  </Quantita>
  <Quantita>
    <Data>20180403</Data>
    <Mercato>MGP</Mercato>
    <Ora>9</Ora>
    <TOTALE_ACQUISTI>38377,802</TOTALE_ACQUISTI>
    <NAT_ACQUISTI>38377,802000</NAT_ACQUISTI>
    <CNOR_ACQUISTI>4212,899000</CNOR_ACQUISTI>
    <CSUD_ACQUISTI>5554,065000</CSUD_ACQUISTI>
    <NORD_ACQUISTI>22429,692000</NORD_ACQUISTI>
    <SARD_ACQUISTI>1066,322000</SARD_ACQUISTI>
    <SICI_ACQUISTI>2091,626000</SICI_ACQUISTI>
    <SUD_ACQUISTI>2758,198000</SUD_ACQUISTI>
    <AUST_ACQUISTI>0,000000</AUST_ACQUISTI>
    <BRNN_ACQUISTI>0,000000</BRNN_ACQUISTI>
    <COAC_ACQUISTI>36,000000</COAC_ACQUISTI>
    <CORS_ACQUISTI>5,000000</CORS_ACQUISTI>
    <FOGN_ACQUISTI>0,000000</FOGN_ACQUISTI>
    <FRAN_ACQUISTI>0,000000</FRAN_ACQUISTI>
    <GREC_ACQUISTI>0,000000</GREC_ACQUISTI>
    <MFTV_ACQUISTI>0,000000</MFTV_ACQUISTI>
    <PRGP_ACQUISTI>0,000000</PRGP_ACQUISTI>
    <ROSN_ACQUISTI>0,000000</ROSN_ACQUISTI>
    <SLOV_ACQUISTI>0,000000</SLOV_ACQUISTI>
    <SVIZ_ACQUISTI>0,000000</SVIZ_ACQUISTI>
    <BSP_ACQUISTI>0,000000</BSP_ACQUISTI>
    <MALT_ACQUISTI>224,000000</MALT_ACQUISTI>
    <XAUS_ACQUISTI>0,000000</XAUS_ACQUISTI>
    <XFRA_ACQUISTI>0,000000</XFRA_ACQUISTI>
    <TOTALE_VENDITE>35065,802</TOTALE_VENDITE>
    <NAT_VENDITE>38377,802000</NAT_VENDITE>
    <CNOR_VENDITE>2615,670000</CNOR_VENDITE>
    <CSUD_VENDITE>3927,899000</CSUD_VENDITE>
    <NORD_VENDITE>17298,849000</NORD_VENDITE>
    <SARD_VENDITE>1176,761000</SARD_VENDITE>
    <SICI_VENDITE>1400,399000</SICI_VENDITE>
    <SUD_VENDITE>2437,458000</SUD_VENDITE>
    <AUST_VENDITE>20,000000</AUST_VENDITE>
    <BRNN_VENDITE>1181,448000</BRNN_VENDITE>
    <COAC_VENDITE>0,000000</COAC_VENDITE>
    <CORS_VENDITE>0,000000</CORS_VENDITE>
    <FOGN_VENDITE>538,851000</FOGN_VENDITE>
    <FRAN_VENDITE>99,000000</FRAN_VENDITE>
    <GREC_VENDITE>457,000000</GREC_VENDITE>
    <MFTV_VENDITE>0,000000</MFTV_VENDITE>
    <PRGP_VENDITE>2,788000</PRGP_VENDITE>
    <ROSN_VENDITE>1141,679000</ROSN_VENDITE>
    <SLOV_VENDITE>0,000000</SLOV_VENDITE>
    <SVIZ_VENDITE>2768,000000</SVIZ_VENDITE>
    <BSP_VENDITE>594,000000</BSP_VENDITE>
    <MALT_VENDITE>0,000000</MALT_VENDITE>
    <XAUS_VENDITE>252,000000</XAUS_VENDITE>
    <XFRA_VENDITE>2466,000000</XFRA_VENDITE>
    <TOTITABSP_VENDITE>35659,802</TOTITABSP_VENDITE>
    <TOTITABSP_ACQUISTI>38377,802</TOTITABSP_ACQUISTI>
  </Quantita>
  <Quantita>
    <Data>20180403</Data>
    <Mercato>MGP</Mercato>
    <Ora>10</Ora>
    <TOTALE_ACQUISTI>39379,123</TOTALE_ACQUISTI>
    <NAT_ACQUISTI>39379,123000</NAT_ACQUISTI>
    <CNOR_ACQUISTI>4354,938000</CNOR_ACQUISTI>
    <CSUD_ACQUISTI>5749,722000</CSUD_ACQUISTI>
    <NORD_ACQUISTI>23059,079000</NORD_ACQUISTI>
    <SARD_ACQUISTI>1052,190000</SARD_ACQUISTI>
    <SICI_ACQUISTI>2124,769000</SICI_ACQUISTI>
    <SUD_ACQUISTI>2789,425000</SUD_ACQUISTI>
    <AUST_ACQUISTI>0,000000</AUST_ACQUISTI>
    <BRNN_ACQUISTI>0,000000</BRNN_ACQUISTI>
    <COAC_ACQUISTI>20,000000</COAC_ACQUISTI>
    <CORS_ACQUISTI>5,000000</CORS_ACQUISTI>
    <FOGN_ACQUISTI>0,000000</FOGN_ACQUISTI>
    <FRAN_ACQUISTI>0,000000</FRAN_ACQUISTI>
    <GREC_ACQUISTI>0,000000</GREC_ACQUISTI>
    <MFTV_ACQUISTI>0,000000</MFTV_ACQUISTI>
    <PRGP_ACQUISTI>0,000000</PRGP_ACQUISTI>
    <ROSN_ACQUISTI>0,000000</ROSN_ACQUISTI>
    <SLOV_ACQUISTI>0,000000</SLOV_ACQUISTI>
    <SVIZ_ACQUISTI>0,000000</SVIZ_ACQUISTI>
    <BSP_ACQUISTI>0,000000</BSP_ACQUISTI>
    <MALT_ACQUISTI>224,000000</MALT_ACQUISTI>
    <XAUS_ACQUISTI>0,000000</XAUS_ACQUISTI>
    <XFRA_ACQUISTI>0,000000</XFRA_ACQUISTI>
    <TOTALE_VENDITE>36499,684</TOTALE_VENDITE>
    <NAT_VENDITE>39379,123000</NAT_VENDITE>
    <CNOR_VENDITE>2840,751000</CNOR_VENDITE>
    <CSUD_VENDITE>4260,762000</CSUD_VENDITE>
    <NORD_VENDITE>17514,671000</NORD_VENDITE>
    <SARD_VENDITE>1204,380000</SARD_VENDITE>
    <SICI_VENDITE>1537,966000</SICI_VENDITE>
    <SUD_VENDITE>2912,396000</SUD_VENDITE>
    <AUST_VENDITE>20,000000</AUST_VENDITE>
    <BRNN_VENDITE>1244,732000</BRNN_VENDITE>
    <COAC_VENDITE>0,000000</COAC_VENDITE>
    <CORS_VENDITE>0,000000</CORS_VENDITE>
    <FOGN_VENDITE>536,591000</FOGN_VENDITE>
    <FRAN_VENDITE>99,000000</FRAN_VENDITE>
    <GREC_VENDITE>420,000000</GREC_VENDITE>
    <MFTV_VENDITE>0,000000</MFTV_VENDITE>
    <PRGP_VENDITE>4,956000</PRGP_VENDITE>
    <ROSN_VENDITE>1135,479000</ROSN_VENDITE>
    <SLOV_VENDITE>0,000000</SLOV_VENDITE>
    <SVIZ_VENDITE>2768,000000</SVIZ_VENDITE>
    <BSP_VENDITE>594,000000</BSP_VENDITE>
    <MALT_VENDITE>0,000000</MALT_VENDITE>
    <XAUS_VENDITE>252,000000</XAUS_VENDITE>
    <XFRA_VENDITE>2033,439000</XFRA_VENDITE>
    <TOTITABSP_VENDITE>37093,684</TOTITABSP_VENDITE>
    <TOTITABSP_ACQUISTI>39379,123</TOTITABSP_ACQUISTI>
  </Quantita>
  <Quantita>
    <Data>20180403</Data>
    <Mercato>MGP</Mercato>
    <Ora>11</Ora>
    <TOTALE_ACQUISTI>39039,8</TOTALE_ACQUISTI>
    <NAT_ACQUISTI>39039,800000</NAT_ACQUISTI>
    <CNOR_ACQUISTI>4291,381000</CNOR_ACQUISTI>
    <CSUD_ACQUISTI>5716,700000</CSUD_ACQUISTI>
    <NORD_ACQUISTI>23006,812000</NORD_ACQUISTI>
    <SARD_ACQUISTI>1014,138000</SARD_ACQUISTI>
    <SICI_ACQUISTI>2075,384000</SICI_ACQUISTI>
    <SUD_ACQUISTI>2694,385000</SUD_ACQUISTI>
    <AUST_ACQUISTI>0,000000</AUST_ACQUISTI>
    <BRNN_ACQUISTI>0,000000</BRNN_ACQUISTI>
    <COAC_ACQUISTI>20,000000</COAC_ACQUISTI>
    <CORS_ACQUISTI>5,000000</CORS_ACQUISTI>
    <FOGN_ACQUISTI>0,000000</FOGN_ACQUISTI>
    <FRAN_ACQUISTI>0,000000</FRAN_ACQUISTI>
    <GREC_ACQUISTI>10,000000</GREC_ACQUISTI>
    <MFTV_ACQUISTI>0,000000</MFTV_ACQUISTI>
    <PRGP_ACQUISTI>0,000000</PRGP_ACQUISTI>
    <ROSN_ACQUISTI>0,000000</ROSN_ACQUISTI>
    <SLOV_ACQUISTI>0,000000</SLOV_ACQUISTI>
    <SVIZ_ACQUISTI>0,000000</SVIZ_ACQUISTI>
    <BSP_ACQUISTI>0,000000</BSP_ACQUISTI>
    <MALT_ACQUISTI>206,000000</MALT_ACQUISTI>
    <XAUS_ACQUISTI>0,000000</XAUS_ACQUISTI>
    <XFRA_ACQUISTI>0,000000</XFRA_ACQUISTI>
    <TOTALE_VENDITE>35727,8</TOTALE_VENDITE>
    <NAT_VENDITE>39039,800000</NAT_VENDITE>
    <CNOR_VENDITE>3000,183000</CNOR_VENDITE>
    <CSUD_VENDITE>3221,189000</CSUD_VENDITE>
    <NORD_VENDITE>17152,136000</NORD_VENDITE>
    <SARD_VENDITE>1230,145000</SARD_VENDITE>
    <SICI_VENDITE>1694,697000</SICI_VENDITE>
    <SUD_VENDITE>3258,762000</SUD_VENDITE>
    <AUST_VENDITE>20,000000</AUST_VENDITE>
    <BRNN_VENDITE>1285,121000</BRNN_VENDITE>
    <COAC_VENDITE>0,000000</COAC_VENDITE>
    <CORS_VENDITE>0,000000</CORS_VENDITE>
    <FOGN_VENDITE>541,175000</FOGN_VENDITE>
    <FRAN_VENDITE>99,000000</FRAN_VENDITE>
    <GREC_VENDITE>324,000000</GREC_VENDITE>
    <MFTV_VENDITE>0,000000</MFTV_VENDITE>
    <PRGP_VENDITE>6,857000</PRGP_VENDITE>
    <ROSN_VENDITE>1126,535000</ROSN_VENDITE>
    <SLOV_VENDITE>0,000000</SLOV_VENDITE>
    <SVIZ_VENDITE>2768,000000</SVIZ_VENDITE>
    <BSP_VENDITE>594,000000</BSP_VENDITE>
    <MALT_VENDITE>0,000000</MALT_VENDITE>
    <XAUS_VENDITE>252,000000</XAUS_VENDITE>
    <XFRA_VENDITE>2466,000000</XFRA_VENDITE>
    <TOTITABSP_VENDITE>36321,8</TOTITABSP_VENDITE>
    <TOTITABSP_ACQUISTI>39039,8</TOTITABSP_ACQUISTI>
  </Quantita>
  <Quantita>
    <Data>20180403</Data>
    <Mercato>MGP</Mercato>
    <Ora>12</Ora>
    <TOTALE_ACQUISTI>38844,613</TOTALE_ACQUISTI>
    <NAT_ACQUISTI>38844,613000</NAT_ACQUISTI>
    <CNOR_ACQUISTI>4254,839000</CNOR_ACQUISTI>
    <CSUD_ACQUISTI>5648,107000</CSUD_ACQUISTI>
    <NORD_ACQUISTI>22848,428000</NORD_ACQUISTI>
    <SARD_ACQUISTI>979,262000</SARD_ACQUISTI>
    <SICI_ACQUISTI>2022,073000</SICI_ACQUISTI>
    <SUD_ACQUISTI>2680,904000</SUD_ACQUISTI>
    <AUST_ACQUISTI>0,000000</AUST_ACQUISTI>
    <BRNN_ACQUISTI>0,000000</BRNN_ACQUISTI>
    <COAC_ACQUISTI>20,000000</COAC_ACQUISTI>
    <CORS_ACQUISTI>5,000000</CORS_ACQUISTI>
    <FOGN_ACQUISTI>0,000000</FOGN_ACQUISTI>
    <FRAN_ACQUISTI>0,000000</FRAN_ACQUISTI>
    <GREC_ACQUISTI>205,000000</GREC_ACQUISTI>
    <MFTV_ACQUISTI>0,000000</MFTV_ACQUISTI>
    <PRGP_ACQUISTI>0,000000</PRGP_ACQUISTI>
    <ROSN_ACQUISTI>0,000000</ROSN_ACQUISTI>
    <SLOV_ACQUISTI>0,000000</SLOV_ACQUISTI>
    <SVIZ_ACQUISTI>0,000000</SVIZ_ACQUISTI>
    <BSP_ACQUISTI>0,000000</BSP_ACQUISTI>
    <MALT_ACQUISTI>181,000000</MALT_ACQUISTI>
    <XAUS_ACQUISTI>0,000000</XAUS_ACQUISTI>
    <XFRA_ACQUISTI>0,000000</XFRA_ACQUISTI>
    <TOTALE_VENDITE>35532,613</TOTALE_VENDITE>
    <NAT_VENDITE>38844,613000</NAT_VENDITE>
    <CNOR_VENDITE>3155,757000</CNOR_VENDITE>
    <CSUD_VENDITE>2717,537000</CSUD_VENDITE>
    <NORD_VENDITE>17029,035000</NORD_VENDITE>
    <SARD_VENDITE>1251,820000</SARD_VENDITE>
    <SICI_VENDITE>1834,205000</SICI_VENDITE>
    <SUD_VENDITE>3480,300000</SUD_VENDITE>
    <AUST_VENDITE>20,000000</AUST_VENDITE>
    <BRNN_VENDITE>1314,531000</BRNN_VENDITE>
    <COAC_VENDITE>0,000000</COAC_VENDITE>
    <CORS_VENDITE>0,000000</CORS_VENDITE>
    <FOGN_VENDITE>540,933000</FOGN_VENDITE>
    <FRAN_VENDITE>99,000000</FRAN_VENDITE>
    <GREC_VENDITE>254,000000</GREC_VENDITE>
    <MFTV_VENDITE>0,000000</MFTV_VENDITE>
    <PRGP_VENDITE>8,120000</PRGP_VENDITE>
    <ROSN_VENDITE>1114,375000</ROSN_VENDITE>
    <SLOV_VENDITE>0,000000</SLOV_VENDITE>
    <SVIZ_VENDITE>2713,000000</SVIZ_VENDITE>
    <BSP_VENDITE>594,000000</BSP_VENDITE>
    <MALT_VENDITE>0,000000</MALT_VENDITE>
    <XAUS_VENDITE>252,000000</XAUS_VENDITE>
    <XFRA_VENDITE>2466,000000</XFRA_VENDITE>
    <TOTITABSP_VENDITE>36126,613</TOTITABSP_VENDITE>
    <TOTITABSP_ACQUISTI>38844,613</TOTITABSP_ACQUISTI>
  </Quantita>
  <Quantita>
    <Data>20180403</Data>
    <Mercato>MGP</Mercato>
    <Ora>13</Ora>
    <TOTALE_ACQUISTI>36936,373</TOTALE_ACQUISTI>
    <NAT_ACQUISTI>36936,373000</NAT_ACQUISTI>
    <CNOR_ACQUISTI>3999,474000</CNOR_ACQUISTI>
    <CSUD_ACQUISTI>5600,012000</CSUD_ACQUISTI>
    <NORD_ACQUISTI>21286,223000</NORD_ACQUISTI>
    <SARD_ACQUISTI>965,531000</SARD_ACQUISTI>
    <SICI_ACQUISTI>1990,874000</SICI_ACQUISTI>
    <SUD_ACQUISTI>2689,099000</SUD_ACQUISTI>
    <AUST_ACQUISTI>0,000000</AUST_ACQUISTI>
    <BRNN_ACQUISTI>0,000000</BRNN_ACQUISTI>
    <COAC_ACQUISTI>20,000000</COAC_ACQUISTI>
    <CORS_ACQUISTI>5,000000</CORS_ACQUISTI>
    <FOGN_ACQUISTI>0,000000</FOGN_ACQUISTI>
    <FRAN_ACQUISTI>0,000000</FRAN_ACQUISTI>
    <GREC_ACQUISTI>211,160000</GREC_ACQUISTI>
    <MFTV_ACQUISTI>0,000000</MFTV_ACQUISTI>
    <PRGP_ACQUISTI>0,000000</PRGP_ACQUISTI>
    <ROSN_ACQUISTI>0,000000</ROSN_ACQUISTI>
    <SLOV_ACQUISTI>0,000000</SLOV_ACQUISTI>
    <SVIZ_ACQUISTI>0,000000</SVIZ_ACQUISTI>
    <BSP_ACQUISTI>0,000000</BSP_ACQUISTI>
    <MALT_ACQUISTI>169,000000</MALT_ACQUISTI>
    <XAUS_ACQUISTI>0,000000</XAUS_ACQUISTI>
    <XFRA_ACQUISTI>0,000000</XFRA_ACQUISTI>
    <TOTALE_VENDITE>33624,373</TOTALE_VENDITE>
    <NAT_VENDITE>36936,373000</NAT_VENDITE>
    <CNOR_VENDITE>3244,550000</CNOR_VENDITE>
    <CSUD_VENDITE>2800,340000</CSUD_VENDITE>
    <NORD_VENDITE>15185,501000</NORD_VENDITE>
    <SARD_VENDITE>1262,667000</SARD_VENDITE>
    <SICI_VENDITE>1933,397000</SICI_VENDITE>
    <SUD_VENDITE>3525,674000</SUD_VENDITE>
    <AUST_VENDITE>20,000000</AUST_VENDITE>
    <BRNN_VENDITE>1343,102000</BRNN_VENDITE>
    <COAC_VENDITE>0,000000</COAC_VENDITE>
    <CORS_VENDITE>0,000000</CORS_VENDITE>
    <FOGN_VENDITE>166,454000</FOGN_VENDITE>
    <FRAN_VENDITE>99,000000</FRAN_VENDITE>
    <GREC_VENDITE>234,000000</GREC_VENDITE>
    <MFTV_VENDITE>0,000000</MFTV_VENDITE>
    <PRGP_VENDITE>8,756000</PRGP_VENDITE>
    <ROSN_VENDITE>1109,932000</ROSN_VENDITE>
    <SLOV_VENDITE>0,000000</SLOV_VENDITE>
    <SVIZ_VENDITE>2691,000000</SVIZ_VENDITE>
    <BSP_VENDITE>594,000000</BSP_VENDITE>
    <MALT_VENDITE>0,000000</MALT_VENDITE>
    <XAUS_VENDITE>252,000000</XAUS_VENDITE>
    <XFRA_VENDITE>2466,000000</XFRA_VENDITE>
    <TOTITABSP_VENDITE>34218,373</TOTITABSP_VENDITE>
    <TOTITABSP_ACQUISTI>36936,373</TOTITABSP_ACQUISTI>
  </Quantita>
  <Quantita>
    <Data>20180403</Data>
    <Mercato>MGP</Mercato>
    <Ora>14</Ora>
    <TOTALE_ACQUISTI>36710,437</TOTALE_ACQUISTI>
    <NAT_ACQUISTI>36710,437000</NAT_ACQUISTI>
    <CNOR_ACQUISTI>3873,678000</CNOR_ACQUISTI>
    <CSUD_ACQUISTI>5413,169000</CSUD_ACQUISTI>
    <NORD_ACQUISTI>21568,214000</NORD_ACQUISTI>
    <SARD_ACQUISTI>919,165000</SARD_ACQUISTI>
    <SICI_ACQUISTI>1935,298000</SICI_ACQUISTI>
    <SUD_ACQUISTI>2578,913000</SUD_ACQUISTI>
    <AUST_ACQUISTI>0,000000</AUST_ACQUISTI>
    <BRNN_ACQUISTI>0,000000</BRNN_ACQUISTI>
    <COAC_ACQUISTI>20,000000</COAC_ACQUISTI>
    <CORS_ACQUISTI>5,000000</CORS_ACQUISTI>
    <FOGN_ACQUISTI>0,000000</FOGN_ACQUISTI>
    <FRAN_ACQUISTI>0,000000</FRAN_ACQUISTI>
    <GREC_ACQUISTI>230,000000</GREC_ACQUISTI>
    <MFTV_ACQUISTI>0,000000</MFTV_ACQUISTI>
    <PRGP_ACQUISTI>0,000000</PRGP_ACQUISTI>
    <ROSN_ACQUISTI>0,000000</ROSN_ACQUISTI>
    <SLOV_ACQUISTI>0,000000</SLOV_ACQUISTI>
    <SVIZ_ACQUISTI>0,000000</SVIZ_ACQUISTI>
    <BSP_ACQUISTI>0,000000</BSP_ACQUISTI>
    <MALT_ACQUISTI>167,000000</MALT_ACQUISTI>
    <XAUS_ACQUISTI>0,000000</XAUS_ACQUISTI>
    <XFRA_ACQUISTI>0,000000</XFRA_ACQUISTI>
    <TOTALE_VENDITE>33398,437</TOTALE_VENDITE>
    <NAT_VENDITE>36710,437000</NAT_VENDITE>
    <CNOR_VENDITE>3252,819000</CNOR_VENDITE>
    <CSUD_VENDITE>3427,753000</CSUD_VENDITE>
    <NORD_VENDITE>14438,960000</NORD_VENDITE>
    <SARD_VENDITE>1190,195000</SARD_VENDITE>
    <SICI_VENDITE>1974,582000</SICI_VENDITE>
    <SUD_VENDITE>3528,238000</SUD_VENDITE>
    <AUST_VENDITE>20,000000</AUST_VENDITE>
    <BRNN_VENDITE>1204,878000</BRNN_VENDITE>
    <COAC_VENDITE>0,000000</COAC_VENDITE>
    <CORS_VENDITE>0,000000</CORS_VENDITE>
    <FOGN_VENDITE>167,223000</FOGN_VENDITE>
    <FRAN_VENDITE>99,000000</FRAN_VENDITE>
    <GREC_VENDITE>263,000000</GREC_VENDITE>
    <MFTV_VENDITE>0,000000</MFTV_VENDITE>
    <PRGP_VENDITE>8,868000</PRGP_VENDITE>
    <ROSN_VENDITE>1108,921000</ROSN_VENDITE>
    <SLOV_VENDITE>0,000000</SLOV_VENDITE>
    <SVIZ_VENDITE>2714,000000</SVIZ_VENDITE>
    <BSP_VENDITE>594,000000</BSP_VENDITE>
    <MALT_VENDITE>0,000000</MALT_VENDITE>
    <XAUS_VENDITE>252,000000</XAUS_VENDITE>
    <XFRA_VENDITE>2466,000000</XFRA_VENDITE>
    <TOTITABSP_VENDITE>33992,437</TOTITABSP_VENDITE>
    <TOTITABSP_ACQUISTI>36710,437</TOTITABSP_ACQUISTI>
  </Quantita>
  <Quantita>
    <Data>20180403</Data>
    <Mercato>MGP</Mercato>
    <Ora>15</Ora>
    <TOTALE_ACQUISTI>37748,51</TOTALE_ACQUISTI>
    <NAT_ACQUISTI>37748,510000</NAT_ACQUISTI>
    <CNOR_ACQUISTI>4098,676000</CNOR_ACQUISTI>
    <CSUD_ACQUISTI>5501,480000</CSUD_ACQUISTI>
    <NORD_ACQUISTI>22372,867000</NORD_ACQUISTI>
    <SARD_ACQUISTI>908,079000</SARD_ACQUISTI>
    <SICI_ACQUISTI>1953,252000</SICI_ACQUISTI>
    <SUD_ACQUISTI>2539,156000</SUD_ACQUISTI>
    <AUST_ACQUISTI>0,000000</AUST_ACQUISTI>
    <BRNN_ACQUISTI>0,000000</BRNN_ACQUISTI>
    <COAC_ACQUISTI>20,000000</COAC_ACQUISTI>
    <CORS_ACQUISTI>5,000000</CORS_ACQUISTI>
    <FOGN_ACQUISTI>0,000000</FOGN_ACQUISTI>
    <FRAN_ACQUISTI>0,000000</FRAN_ACQUISTI>
    <GREC_ACQUISTI>185,000000</GREC_ACQUISTI>
    <MFTV_ACQUISTI>0,000000</MFTV_ACQUISTI>
    <PRGP_ACQUISTI>0,000000</PRGP_ACQUISTI>
    <ROSN_ACQUISTI>0,000000</ROSN_ACQUISTI>
    <SLOV_ACQUISTI>0,000000</SLOV_ACQUISTI>
    <SVIZ_ACQUISTI>0,000000</SVIZ_ACQUISTI>
    <BSP_ACQUISTI>0,000000</BSP_ACQUISTI>
    <MALT_ACQUISTI>165,000000</MALT_ACQUISTI>
    <XAUS_ACQUISTI>0,000000</XAUS_ACQUISTI>
    <XFRA_ACQUISTI>0,000000</XFRA_ACQUISTI>
    <TOTALE_VENDITE>34436,51</TOTALE_VENDITE>
    <NAT_VENDITE>37748,510000</NAT_VENDITE>
    <CNOR_VENDITE>3162,911000</CNOR_VENDITE>
    <CSUD_VENDITE>3338,383000</CSUD_VENDITE>
    <NORD_VENDITE>15633,469000</NORD_VENDITE>
    <SARD_VENDITE>1214,462000</SARD_VENDITE>
    <SICI_VENDITE>1949,567000</SICI_VENDITE>
    <SUD_VENDITE>3381,065000</SUD_VENDITE>
    <AUST_VENDITE>20,000000</AUST_VENDITE>
    <BRNN_VENDITE>1351,410000</BRNN_VENDITE>
    <COAC_VENDITE>0,000000</COAC_VENDITE>
    <CORS_VENDITE>0,000000</CORS_VENDITE>
    <FOGN_VENDITE>166,386000</FOGN_VENDITE>
    <FRAN_VENDITE>99,000000</FRAN_VENDITE>
    <GREC_VENDITE>271,000000</GREC_VENDITE>
    <MFTV_VENDITE>0,000000</MFTV_VENDITE>
    <PRGP_VENDITE>8,205000</PRGP_VENDITE>
    <ROSN_VENDITE>1108,652000</ROSN_VENDITE>
    <SLOV_VENDITE>0,000000</SLOV_VENDITE>
    <SVIZ_VENDITE>2732,000000</SVIZ_VENDITE>
    <BSP_VENDITE>594,000000</BSP_VENDITE>
    <MALT_VENDITE>0,000000</MALT_VENDITE>
    <XAUS_VENDITE>252,000000</XAUS_VENDITE>
    <XFRA_VENDITE>2466,000000</XFRA_VENDITE>
    <TOTITABSP_VENDITE>35030,51</TOTITABSP_VENDITE>
    <TOTITABSP_ACQUISTI>37748,51</TOTITABSP_ACQUISTI>
  </Quantita>
  <Quantita>
    <Data>20180403</Data>
    <Mercato>MGP</Mercato>
    <Ora>16</Ora>
    <TOTALE_ACQUISTI>38102,711</TOTALE_ACQUISTI>
    <NAT_ACQUISTI>38102,711000</NAT_ACQUISTI>
    <CNOR_ACQUISTI>4173,911000</CNOR_ACQUISTI>
    <CSUD_ACQUISTI>5554,515000</CSUD_ACQUISTI>
    <NORD_ACQUISTI>22585,014000</NORD_ACQUISTI>
    <SARD_ACQUISTI>911,559000</SARD_ACQUISTI>
    <SICI_ACQUISTI>1969,489000</SICI_ACQUISTI>
    <SUD_ACQUISTI>2575,223000</SUD_ACQUISTI>
    <AUST_ACQUISTI>0,000000</AUST_ACQUISTI>
    <BRNN_ACQUISTI>0,000000</BRNN_ACQUISTI>
    <COAC_ACQUISTI>20,000000</COAC_ACQUISTI>
    <CORS_ACQUISTI>5,000000</CORS_ACQUISTI>
    <FOGN_ACQUISTI>0,000000</FOGN_ACQUISTI>
    <FRAN_ACQUISTI>0,000000</FRAN_ACQUISTI>
    <GREC_ACQUISTI>138,000000</GREC_ACQUISTI>
    <MFTV_ACQUISTI>0,000000</MFTV_ACQUISTI>
    <PRGP_ACQUISTI>0,000000</PRGP_ACQUISTI>
    <ROSN_ACQUISTI>0,000000</ROSN_ACQUISTI>
    <SLOV_ACQUISTI>0,000000</SLOV_ACQUISTI>
    <SVIZ_ACQUISTI>0,000000</SVIZ_ACQUISTI>
    <BSP_ACQUISTI>0,000000</BSP_ACQUISTI>
    <MALT_ACQUISTI>170,000000</MALT_ACQUISTI>
    <XAUS_ACQUISTI>0,000000</XAUS_ACQUISTI>
    <XFRA_ACQUISTI>0,000000</XFRA_ACQUISTI>
    <TOTALE_VENDITE>34790,711</TOTALE_VENDITE>
    <NAT_VENDITE>38102,711000</NAT_VENDITE>
    <CNOR_VENDITE>3015,314000</CNOR_VENDITE>
    <CSUD_VENDITE>3748,874000</CSUD_VENDITE>
    <NORD_VENDITE>15645,410000</NORD_VENDITE>
    <SARD_VENDITE>1169,408000</SARD_VENDITE>
    <SICI_VENDITE>1875,802000</SICI_VENDITE>
    <SUD_VENDITE>3158,959000</SUD_VENDITE>
    <AUST_VENDITE>20,000000</AUST_VENDITE>
    <BRNN_VENDITE>1363,127000</BRNN_VENDITE>
    <COAC_VENDITE>0,000000</COAC_VENDITE>
    <CORS_VENDITE>0,000000</CORS_VENDITE>
    <FOGN_VENDITE>530,273000</FOGN_VENDITE>
    <FRAN_VENDITE>99,000000</FRAN_VENDITE>
    <GREC_VENDITE>316,000000</GREC_VENDITE>
    <MFTV_VENDITE>0,000000</MFTV_VENDITE>
    <PRGP_VENDITE>6,763000</PRGP_VENDITE>
    <ROSN_VENDITE>1107,781000</ROSN_VENDITE>
    <SLOV_VENDITE>0,000000</SLOV_VENDITE>
    <SVIZ_VENDITE>2734,000000</SVIZ_VENDITE>
    <BSP_VENDITE>594,000000</BSP_VENDITE>
    <MALT_VENDITE>0,000000</MALT_VENDITE>
    <XAUS_VENDITE>252,000000</XAUS_VENDITE>
    <XFRA_VENDITE>2466,000000</XFRA_VENDITE>
    <TOTITABSP_VENDITE>35384,711</TOTITABSP_VENDITE>
    <TOTITABSP_ACQUISTI>38102,711</TOTITABSP_ACQUISTI>
  </Quantita>
  <Quantita>
    <Data>20180403</Data>
    <Mercato>MGP</Mercato>
    <Ora>17</Ora>
    <TOTALE_ACQUISTI>38301,827</TOTALE_ACQUISTI>
    <NAT_ACQUISTI>38301,827000</NAT_ACQUISTI>
    <CNOR_ACQUISTI>4224,316000</CNOR_ACQUISTI>
    <CSUD_ACQUISTI>5613,724000</CSUD_ACQUISTI>
    <NORD_ACQUISTI>22570,342000</NORD_ACQUISTI>
    <SARD_ACQUISTI>928,541000</SARD_ACQUISTI>
    <SICI_ACQUISTI>2021,030000</SICI_ACQUISTI>
    <SUD_ACQUISTI>2651,874000</SUD_ACQUISTI>
    <AUST_ACQUISTI>0,000000</AUST_ACQUISTI>
    <BRNN_ACQUISTI>0,000000</BRNN_ACQUISTI>
    <COAC_ACQUISTI>20,000000</COAC_ACQUISTI>
    <CORS_ACQUISTI>5,000000</CORS_ACQUISTI>
    <FOGN_ACQUISTI>0,000000</FOGN_ACQUISTI>
    <FRAN_ACQUISTI>0,000000</FRAN_ACQUISTI>
    <GREC_ACQUISTI>65,000000</GREC_ACQUISTI>
    <MFTV_ACQUISTI>0,000000</MFTV_ACQUISTI>
    <PRGP_ACQUISTI>0,000000</PRGP_ACQUISTI>
    <ROSN_ACQUISTI>0,000000</ROSN_ACQUISTI>
    <SLOV_ACQUISTI>0,000000</SLOV_ACQUISTI>
    <SVIZ_ACQUISTI>0,000000</SVIZ_ACQUISTI>
    <BSP_ACQUISTI>0,000000</BSP_ACQUISTI>
    <MALT_ACQUISTI>202,000000</MALT_ACQUISTI>
    <XAUS_ACQUISTI>0,000000</XAUS_ACQUISTI>
    <XFRA_ACQUISTI>0,000000</XFRA_ACQUISTI>
    <TOTALE_VENDITE>34989,827</TOTALE_VENDITE>
    <NAT_VENDITE>38301,827000</NAT_VENDITE>
    <CNOR_VENDITE>2866,870000</CNOR_VENDITE>
    <CSUD_VENDITE>4158,295000</CSUD_VENDITE>
    <NORD_VENDITE>15744,705000</NORD_VENDITE>
    <SARD_VENDITE>1103,896000</SARD_VENDITE>
    <SICI_VENDITE>1750,874000</SICI_VENDITE>
    <SUD_VENDITE>2864,020000</SUD_VENDITE>
    <AUST_VENDITE>20,000000</AUST_VENDITE>
    <BRNN_VENDITE>1381,335000</BRNN_VENDITE>
    <COAC_VENDITE>0,000000</COAC_VENDITE>
    <CORS_VENDITE>0,000000</CORS_VENDITE>
    <FOGN_VENDITE>769,799000</FOGN_VENDITE>
    <FRAN_VENDITE>99,000000</FRAN_VENDITE>
    <GREC_VENDITE>350,000000</GREC_VENDITE>
    <MFTV_VENDITE>0,000000</MFTV_VENDITE>
    <PRGP_VENDITE>4,753000</PRGP_VENDITE>
    <ROSN_VENDITE>1108,280000</ROSN_VENDITE>
    <SLOV_VENDITE>0,000000</SLOV_VENDITE>
    <SVIZ_VENDITE>2768,000000</SVIZ_VENDITE>
    <BSP_VENDITE>594,000000</BSP_VENDITE>
    <MALT_VENDITE>0,000000</MALT_VENDITE>
    <XAUS_VENDITE>252,000000</XAUS_VENDITE>
    <XFRA_VENDITE>2466,000000</XFRA_VENDITE>
    <TOTITABSP_VENDITE>35583,827</TOTITABSP_VENDITE>
    <TOTITABSP_ACQUISTI>38301,827</TOTITABSP_ACQUISTI>
  </Quantita>
  <Quantita>
    <Data>20180403</Data>
    <Mercato>MGP</Mercato>
    <Ora>18</Ora>
    <TOTALE_ACQUISTI>37913,157</TOTALE_ACQUISTI>
    <NAT_ACQUISTI>37913,157000</NAT_ACQUISTI>
    <CNOR_ACQUISTI>4177,746000</CNOR_ACQUISTI>
    <CSUD_ACQUISTI>5664,679000</CSUD_ACQUISTI>
    <NORD_ACQUISTI>21986,393000</NORD_ACQUISTI>
    <SARD_ACQUISTI>970,726000</SARD_ACQUISTI>
    <SICI_ACQUISTI>2084,375000</SICI_ACQUISTI>
    <SUD_ACQUISTI>2791,238000</SUD_ACQUISTI>
    <AUST_ACQUISTI>0,000000</AUST_ACQUISTI>
    <BRNN_ACQUISTI>0,000000</BRNN_ACQUISTI>
    <COAC_ACQUISTI>20,000000</COAC_ACQUISTI>
    <CORS_ACQUISTI>5,000000</CORS_ACQUISTI>
    <FOGN_ACQUISTI>0,000000</FOGN_ACQUISTI>
    <FRAN_ACQUISTI>0,000000</FRAN_ACQUISTI>
    <GREC_ACQUISTI>0,000000</GREC_ACQUISTI>
    <MFTV_ACQUISTI>0,000000</MFTV_ACQUISTI>
    <PRGP_ACQUISTI>0,000000</PRGP_ACQUISTI>
    <ROSN_ACQUISTI>0,000000</ROSN_ACQUISTI>
    <SLOV_ACQUISTI>0,000000</SLOV_ACQUISTI>
    <SVIZ_ACQUISTI>0,000000</SVIZ_ACQUISTI>
    <BSP_ACQUISTI>0,000000</BSP_ACQUISTI>
    <MALT_ACQUISTI>213,000000</MALT_ACQUISTI>
    <XAUS_ACQUISTI>0,000000</XAUS_ACQUISTI>
    <XFRA_ACQUISTI>0,000000</XFRA_ACQUISTI>
    <TOTALE_VENDITE>34601,157</TOTALE_VENDITE>
    <NAT_VENDITE>37913,157000</NAT_VENDITE>
    <CNOR_VENDITE>2691,152000</CNOR_VENDITE>
    <CSUD_VENDITE>3916,616000</CSUD_VENDITE>
    <NORD_VENDITE>16131,278000</NORD_VENDITE>
    <SARD_VENDITE>1024,875000</SARD_VENDITE>
    <SICI_VENDITE>1602,876000</SICI_VENDITE>
    <SUD_VENDITE>2582,569000</SUD_VENDITE>
    <AUST_VENDITE>20,000000</AUST_VENDITE>
    <BRNN_VENDITE>1383,003000</BRNN_VENDITE>
    <COAC_VENDITE>0,000000</COAC_VENDITE>
    <CORS_VENDITE>0,000000</CORS_VENDITE>
    <FOGN_VENDITE>767,037000</FOGN_VENDITE>
    <FRAN_VENDITE>99,000000</FRAN_VENDITE>
    <GREC_VENDITE>500,000000</GREC_VENDITE>
    <MFTV_VENDITE>0,000000</MFTV_VENDITE>
    <PRGP_VENDITE>2,587000</PRGP_VENDITE>
    <ROSN_VENDITE>1112,164000</ROSN_VENDITE>
    <SLOV_VENDITE>0,000000</SLOV_VENDITE>
    <SVIZ_VENDITE>2768,000000</SVIZ_VENDITE>
    <BSP_VENDITE>594,000000</BSP_VENDITE>
    <MALT_VENDITE>0,000000</MALT_VENDITE>
    <XAUS_VENDITE>252,000000</XAUS_VENDITE>
    <XFRA_VENDITE>2466,000000</XFRA_VENDITE>
    <TOTITABSP_VENDITE>35195,157</TOTITABSP_VENDITE>
    <TOTITABSP_ACQUISTI>37913,157</TOTITABSP_ACQUISTI>
  </Quantita>
  <Quantita>
    <Data>20180403</Data>
    <Mercato>MGP</Mercato>
    <Ora>19</Ora>
    <TOTALE_ACQUISTI>37954,754</TOTALE_ACQUISTI>
    <NAT_ACQUISTI>37954,754000</NAT_ACQUISTI>
    <CNOR_ACQUISTI>4138,088000</CNOR_ACQUISTI>
    <CSUD_ACQUISTI>5763,841000</CSUD_ACQUISTI>
    <NORD_ACQUISTI>21739,068000</NORD_ACQUISTI>
    <SARD_ACQUISTI>1012,808000</SARD_ACQUISTI>
    <SICI_ACQUISTI>2157,666000</SICI_ACQUISTI>
    <SUD_ACQUISTI>2903,283000</SUD_ACQUISTI>
    <AUST_ACQUISTI>0,000000</AUST_ACQUISTI>
    <BRNN_ACQUISTI>0,000000</BRNN_ACQUISTI>
    <COAC_ACQUISTI>20,000000</COAC_ACQUISTI>
    <CORS_ACQUISTI>5,000000</CORS_ACQUISTI>
    <FOGN_ACQUISTI>0,000000</FOGN_ACQUISTI>
    <FRAN_ACQUISTI>0,000000</FRAN_ACQUISTI>
    <GREC_ACQUISTI>0,000000</GREC_ACQUISTI>
    <MFTV_ACQUISTI>0,000000</MFTV_ACQUISTI>
    <PRGP_ACQUISTI>0,000000</PRGP_ACQUISTI>
    <ROSN_ACQUISTI>0,000000</ROSN_ACQUISTI>
    <SLOV_ACQUISTI>0,000000</SLOV_ACQUISTI>
    <SVIZ_ACQUISTI>0,000000</SVIZ_ACQUISTI>
    <BSP_ACQUISTI>0,000000</BSP_ACQUISTI>
    <MALT_ACQUISTI>215,000000</MALT_ACQUISTI>
    <XAUS_ACQUISTI>0,000000</XAUS_ACQUISTI>
    <XFRA_ACQUISTI>0,000000</XFRA_ACQUISTI>
    <TOTALE_VENDITE>34642,754</TOTALE_VENDITE>
    <NAT_VENDITE>37954,754000</NAT_VENDITE>
    <CNOR_VENDITE>2527,693000</CNOR_VENDITE>
    <CSUD_VENDITE>3682,069000</CSUD_VENDITE>
    <NORD_VENDITE>16948,898000</NORD_VENDITE>
    <SARD_VENDITE>965,125000</SARD_VENDITE>
    <SICI_VENDITE>1453,067000</SICI_VENDITE>
    <SUD_VENDITE>2155,927000</SUD_VENDITE>
    <AUST_VENDITE>20,000000</AUST_VENDITE>
    <BRNN_VENDITE>1359,252000</BRNN_VENDITE>
    <COAC_VENDITE>0,000000</COAC_VENDITE>
    <CORS_VENDITE>0,000000</CORS_VENDITE>
    <FOGN_VENDITE>1063,713000</FOGN_VENDITE>
    <FRAN_VENDITE>99,000000</FRAN_VENDITE>
    <GREC_VENDITE>477,000000</GREC_VENDITE>
    <MFTV_VENDITE>0,000000</MFTV_VENDITE>
    <PRGP_VENDITE>0,881000</PRGP_VENDITE>
    <ROSN_VENDITE>1122,129000</ROSN_VENDITE>
    <SLOV_VENDITE>0,000000</SLOV_VENDITE>
    <SVIZ_VENDITE>2768,000000</SVIZ_VENDITE>
    <BSP_VENDITE>594,000000</BSP_VENDITE>
    <MALT_VENDITE>0,000000</MALT_VENDITE>
    <XAUS_VENDITE>252,000000</XAUS_VENDITE>
    <XFRA_VENDITE>2466,000000</XFRA_VENDITE>
    <TOTITABSP_VENDITE>35236,754</TOTITABSP_VENDITE>
    <TOTITABSP_ACQUISTI>37954,754</TOTITABSP_ACQUISTI>
  </Quantita>
  <Quantita>
    <Data>20180403</Data>
    <Mercato>MGP</Mercato>
    <Ora>20</Ora>
    <TOTALE_ACQUISTI>38543,162</TOTALE_ACQUISTI>
    <NAT_ACQUISTI>38543,162000</NAT_ACQUISTI>
    <CNOR_ACQUISTI>4163,416000</CNOR_ACQUISTI>
    <CSUD_ACQUISTI>6116,468000</CSUD_ACQUISTI>
    <NORD_ACQUISTI>21554,313000</NORD_ACQUISTI>
    <SARD_ACQUISTI>1041,454000</SARD_ACQUISTI>
    <SICI_ACQUISTI>2299,244000</SICI_ACQUISTI>
    <SUD_ACQUISTI>3117,267000</SUD_ACQUISTI>
    <AUST_ACQUISTI>0,000000</AUST_ACQUISTI>
    <BRNN_ACQUISTI>0,000000</BRNN_ACQUISTI>
    <COAC_ACQUISTI>31,000000</COAC_ACQUISTI>
    <CORS_ACQUISTI>17,000000</CORS_ACQUISTI>
    <FOGN_ACQUISTI>0,000000</FOGN_ACQUISTI>
    <FRAN_ACQUISTI>0,000000</FRAN_ACQUISTI>
    <GREC_ACQUISTI>0,000000</GREC_ACQUISTI>
    <MFTV_ACQUISTI>0,000000</MFTV_ACQUISTI>
    <PRGP_ACQUISTI>0,000000</PRGP_ACQUISTI>
    <ROSN_ACQUISTI>0,000000</ROSN_ACQUISTI>
    <SLOV_ACQUISTI>0,000000</SLOV_ACQUISTI>
    <SVIZ_ACQUISTI>0,000000</SVIZ_ACQUISTI>
    <BSP_ACQUISTI>0,000000</BSP_ACQUISTI>
    <MALT_ACQUISTI>203,000000</MALT_ACQUISTI>
    <XAUS_ACQUISTI>0,000000</XAUS_ACQUISTI>
    <XFRA_ACQUISTI>0,000000</XFRA_ACQUISTI>
    <TOTALE_VENDITE>35231,162</TOTALE_VENDITE>
    <NAT_VENDITE>38543,162000</NAT_VENDITE>
    <CNOR_VENDITE>2745,644000</CNOR_VENDITE>
    <CSUD_VENDITE>3411,420000</CSUD_VENDITE>
    <NORD_VENDITE>18047,391000</NORD_VENDITE>
    <SARD_VENDITE>897,780000</SARD_VENDITE>
    <SICI_VENDITE>1513,874000</SICI_VENDITE>
    <SUD_VENDITE>1885,274000</SUD_VENDITE>
    <AUST_VENDITE>20,000000</AUST_VENDITE>
    <BRNN_VENDITE>1323,844000</BRNN_VENDITE>
    <COAC_VENDITE>0,000000</COAC_VENDITE>
    <CORS_VENDITE>0,000000</CORS_VENDITE>
    <FOGN_VENDITE>884,238000</FOGN_VENDITE>
    <FRAN_VENDITE>99,000000</FRAN_VENDITE>
    <GREC_VENDITE>478,465000</GREC_VENDITE>
    <MFTV_VENDITE>0,000000</MFTV_VENDITE>
    <PRGP_VENDITE>20,026000</PRGP_VENDITE>
    <ROSN_VENDITE>1136,206000</ROSN_VENDITE>
    <SLOV_VENDITE>0,000000</SLOV_VENDITE>
    <SVIZ_VENDITE>2768,000000</SVIZ_VENDITE>
    <BSP_VENDITE>594,000000</BSP_VENDITE>
    <MALT_VENDITE>0,000000</MALT_VENDITE>
    <XAUS_VENDITE>252,000000</XAUS_VENDITE>
    <XFRA_VENDITE>2466,000000</XFRA_VENDITE>
    <TOTITABSP_VENDITE>35825,162</TOTITABSP_VENDITE>
    <TOTITABSP_ACQUISTI>38543,162</TOTITABSP_ACQUISTI>
  </Quantita>
  <Quantita>
    <Data>20180403</Data>
    <Mercato>MGP</Mercato>
    <Ora>21</Ora>
    <TOTALE_ACQUISTI>39717,899</TOTALE_ACQUISTI>
    <NAT_ACQUISTI>39717,899000</NAT_ACQUISTI>
    <CNOR_ACQUISTI>4220,320000</CNOR_ACQUISTI>
    <CSUD_ACQUISTI>6390,362000</CSUD_ACQUISTI>
    <NORD_ACQUISTI>21927,483000</NORD_ACQUISTI>
    <SARD_ACQUISTI>1133,354000</SARD_ACQUISTI>
    <SICI_ACQUISTI>2481,483000</SICI_ACQUISTI>
    <SUD_ACQUISTI>3287,897000</SUD_ACQUISTI>
    <AUST_ACQUISTI>0,000000</AUST_ACQUISTI>
    <BRNN_ACQUISTI>0,000000</BRNN_ACQUISTI>
    <COAC_ACQUISTI>61,000000</COAC_ACQUISTI>
    <CORS_ACQUISTI>29,000000</CORS_ACQUISTI>
    <FOGN_ACQUISTI>0,000000</FOGN_ACQUISTI>
    <FRAN_ACQUISTI>0,000000</FRAN_ACQUISTI>
    <GREC_ACQUISTI>0,000000</GREC_ACQUISTI>
    <MFTV_ACQUISTI>0,000000</MFTV_ACQUISTI>
    <PRGP_ACQUISTI>0,000000</PRGP_ACQUISTI>
    <ROSN_ACQUISTI>0,000000</ROSN_ACQUISTI>
    <SLOV_ACQUISTI>0,000000</SLOV_ACQUISTI>
    <SVIZ_ACQUISTI>0,000000</SVIZ_ACQUISTI>
    <BSP_ACQUISTI>0,000000</BSP_ACQUISTI>
    <MALT_ACQUISTI>187,000000</MALT_ACQUISTI>
    <XAUS_ACQUISTI>0,000000</XAUS_ACQUISTI>
    <XFRA_ACQUISTI>0,000000</XFRA_ACQUISTI>
    <TOTALE_VENDITE>36405,899</TOTALE_VENDITE>
    <NAT_VENDITE>39717,899000</NAT_VENDITE>
    <CNOR_VENDITE>2778,168000</CNOR_VENDITE>
    <CSUD_VENDITE>3520,737000</CSUD_VENDITE>
    <NORD_VENDITE>18540,599000</NORD_VENDITE>
    <SARD_VENDITE>888,025000</SARD_VENDITE>
    <SICI_VENDITE>1566,041000</SICI_VENDITE>
    <SUD_VENDITE>1933,161000</SUD_VENDITE>
    <AUST_VENDITE>20,000000</AUST_VENDITE>
    <BRNN_VENDITE>1750,597000</BRNN_VENDITE>
    <COAC_VENDITE>0,000000</COAC_VENDITE>
    <CORS_VENDITE>0,000000</CORS_VENDITE>
    <FOGN_VENDITE>890,883000</FOGN_VENDITE>
    <FRAN_VENDITE>99,000000</FRAN_VENDITE>
    <GREC_VENDITE>485,000000</GREC_VENDITE>
    <MFTV_VENDITE>0,000000</MFTV_VENDITE>
    <PRGP_VENDITE>20,000000</PRGP_VENDITE>
    <ROSN_VENDITE>1145,688000</ROSN_VENDITE>
    <SLOV_VENDITE>0,000000</SLOV_VENDITE>
    <SVIZ_VENDITE>2768,000000</SVIZ_VENDITE>
    <BSP_VENDITE>594,000000</BSP_VENDITE>
    <MALT_VENDITE>0,000000</MALT_VENDITE>
    <XAUS_VENDITE>252,000000</XAUS_VENDITE>
    <XFRA_VENDITE>2466,000000</XFRA_VENDITE>
    <TOTITABSP_VENDITE>36999,899</TOTITABSP_VENDITE>
    <TOTITABSP_ACQUISTI>39717,899</TOTITABSP_ACQUISTI>
  </Quantita>
  <Quantita>
    <Data>20180403</Data>
    <Mercato>MGP</Mercato>
    <Ora>22</Ora>
    <TOTALE_ACQUISTI>37126,935</TOTALE_ACQUISTI>
    <NAT_ACQUISTI>37126,935000</NAT_ACQUISTI>
    <CNOR_ACQUISTI>3939,971000</CNOR_ACQUISTI>
    <CSUD_ACQUISTI>5930,567000</CSUD_ACQUISTI>
    <NORD_ACQUISTI>20598,833000</NORD_ACQUISTI>
    <SARD_ACQUISTI>1069,660000</SARD_ACQUISTI>
    <SICI_ACQUISTI>2319,599000</SICI_ACQUISTI>
    <SUD_ACQUISTI>3041,305000</SUD_ACQUISTI>
    <AUST_ACQUISTI>0,000000</AUST_ACQUISTI>
    <BRNN_ACQUISTI>0,000000</BRNN_ACQUISTI>
    <COAC_ACQUISTI>41,000000</COAC_ACQUISTI>
    <CORS_ACQUISTI>29,000000</CORS_ACQUISTI>
    <FOGN_ACQUISTI>0,000000</FOGN_ACQUISTI>
    <FRAN_ACQUISTI>0,000000</FRAN_ACQUISTI>
    <GREC_ACQUISTI>0,000000</GREC_ACQUISTI>
    <MFTV_ACQUISTI>0,000000</MFTV_ACQUISTI>
    <PRGP_ACQUISTI>0,000000</PRGP_ACQUISTI>
    <ROSN_ACQUISTI>0,000000</ROSN_ACQUISTI>
    <SLOV_ACQUISTI>0,000000</SLOV_ACQUISTI>
    <SVIZ_ACQUISTI>0,000000</SVIZ_ACQUISTI>
    <BSP_ACQUISTI>0,000000</BSP_ACQUISTI>
    <MALT_ACQUISTI>157,000000</MALT_ACQUISTI>
    <XAUS_ACQUISTI>0,000000</XAUS_ACQUISTI>
    <XFRA_ACQUISTI>0,000000</XFRA_ACQUISTI>
    <TOTALE_VENDITE>34191,935</TOTALE_VENDITE>
    <NAT_VENDITE>37126,935000</NAT_VENDITE>
    <CNOR_VENDITE>2755,908000</CNOR_VENDITE>
    <CSUD_VENDITE>3445,353000</CSUD_VENDITE>
    <NORD_VENDITE>17066,545000</NORD_VENDITE>
    <SARD_VENDITE>895,551000</SARD_VENDITE>
    <SICI_VENDITE>1598,119000</SICI_VENDITE>
    <SUD_VENDITE>2038,445000</SUD_VENDITE>
    <AUST_VENDITE>20,000000</AUST_VENDITE>
    <BRNN_VENDITE>1247,508000</BRNN_VENDITE>
    <COAC_VENDITE>0,000000</COAC_VENDITE>
    <CORS_VENDITE>0,000000</CORS_VENDITE>
    <FOGN_VENDITE>895,659000</FOGN_VENDITE>
    <FRAN_VENDITE>99,000000</FRAN_VENDITE>
    <GREC_VENDITE>487,000000</GREC_VENDITE>
    <MFTV_VENDITE>0,000000</MFTV_VENDITE>
    <PRGP_VENDITE>20,000000</PRGP_VENDITE>
    <ROSN_VENDITE>1151,847000</ROSN_VENDITE>
    <SLOV_VENDITE>0,000000</SLOV_VENDITE>
    <SVIZ_VENDITE>2471,000000</SVIZ_VENDITE>
    <BSP_VENDITE>527,000000</BSP_VENDITE>
    <MALT_VENDITE>0,000000</MALT_VENDITE>
    <XAUS_VENDITE>231,000000</XAUS_VENDITE>
    <XFRA_VENDITE>2177,000000</XFRA_VENDITE>
    <TOTITABSP_VENDITE>34718,935</TOTITABSP_VENDITE>
    <TOTITABSP_ACQUISTI>37126,935</TOTITABSP_ACQUISTI>
  </Quantita>
  <Quantita>
    <Data>20180403</Data>
    <Mercato>MGP</Mercato>
    <Ora>23</Ora>
    <TOTALE_ACQUISTI>33732,613</TOTALE_ACQUISTI>
    <NAT_ACQUISTI>33732,613000</NAT_ACQUISTI>
    <CNOR_ACQUISTI>3551,019000</CNOR_ACQUISTI>
    <CSUD_ACQUISTI>5373,296000</CSUD_ACQUISTI>
    <NORD_ACQUISTI>18717,381000</NORD_ACQUISTI>
    <SARD_ACQUISTI>982,178000</SARD_ACQUISTI>
    <SICI_ACQUISTI>2112,535000</SICI_ACQUISTI>
    <SUD_ACQUISTI>2756,204000</SUD_ACQUISTI>
    <AUST_ACQUISTI>0,000000</AUST_ACQUISTI>
    <BRNN_ACQUISTI>0,000000</BRNN_ACQUISTI>
    <COAC_ACQUISTI>41,000000</COAC_ACQUISTI>
    <CORS_ACQUISTI>29,000000</CORS_ACQUISTI>
    <FOGN_ACQUISTI>0,000000</FOGN_ACQUISTI>
    <FRAN_ACQUISTI>0,000000</FRAN_ACQUISTI>
    <GREC_ACQUISTI>0,000000</GREC_ACQUISTI>
    <MFTV_ACQUISTI>0,000000</MFTV_ACQUISTI>
    <PRGP_ACQUISTI>0,000000</PRGP_ACQUISTI>
    <ROSN_ACQUISTI>0,000000</ROSN_ACQUISTI>
    <SLOV_ACQUISTI>0,000000</SLOV_ACQUISTI>
    <SVIZ_ACQUISTI>0,000000</SVIZ_ACQUISTI>
    <BSP_ACQUISTI>0,000000</BSP_ACQUISTI>
    <MALT_ACQUISTI>170,000000</MALT_ACQUISTI>
    <XAUS_ACQUISTI>0,000000</XAUS_ACQUISTI>
    <XFRA_ACQUISTI>0,000000</XFRA_ACQUISTI>
    <TOTALE_VENDITE>30797,613</TOTALE_VENDITE>
    <NAT_VENDITE>33732,613000</NAT_VENDITE>
    <CNOR_VENDITE>2338,437000</CNOR_VENDITE>
    <CSUD_VENDITE>3455,887000</CSUD_VENDITE>
    <NORD_VENDITE>14451,243000</NORD_VENDITE>
    <SARD_VENDITE>913,419000</SARD_VENDITE>
    <SICI_VENDITE>1321,877000</SICI_VENDITE>
    <SUD_VENDITE>2074,706000</SUD_VENDITE>
    <AUST_VENDITE>20,000000</AUST_VENDITE>
    <BRNN_VENDITE>1147,517000</BRNN_VENDITE>
    <COAC_VENDITE>0,000000</COAC_VENDITE>
    <CORS_VENDITE>0,000000</CORS_VENDITE>
    <FOGN_VENDITE>881,122000</FOGN_VENDITE>
    <FRAN_VENDITE>99,000000</FRAN_VENDITE>
    <GREC_VENDITE>470,000000</GREC_VENDITE>
    <MFTV_VENDITE>0,000000</MFTV_VENDITE>
    <PRGP_VENDITE>0,000000</PRGP_VENDITE>
    <ROSN_VENDITE>1153,405000</ROSN_VENDITE>
    <SLOV_VENDITE>0,000000</SLOV_VENDITE>
    <SVIZ_VENDITE>2471,000000</SVIZ_VENDITE>
    <BSP_VENDITE>527,000000</BSP_VENDITE>
    <MALT_VENDITE>0,000000</MALT_VENDITE>
    <XAUS_VENDITE>231,000000</XAUS_VENDITE>
    <XFRA_VENDITE>2177,000000</XFRA_VENDITE>
    <TOTITABSP_VENDITE>31324,613</TOTITABSP_VENDITE>
    <TOTITABSP_ACQUISTI>33732,613</TOTITABSP_ACQUISTI>
  </Quantita>
  <Quantita>
    <Data>20180403</Data>
    <Mercato>MGP</Mercato>
    <Ora>24</Ora>
    <TOTALE_ACQUISTI>30485,313</TOTALE_ACQUISTI>
    <NAT_ACQUISTI>30485,313000</NAT_ACQUISTI>
    <CNOR_ACQUISTI>3171,019000</CNOR_ACQUISTI>
    <CSUD_ACQUISTI>4741,359000</CSUD_ACQUISTI>
    <NORD_ACQUISTI>17113,416000</NORD_ACQUISTI>
    <SARD_ACQUISTI>885,446000</SARD_ACQUISTI>
    <SICI_ACQUISTI>1873,533000</SICI_ACQUISTI>
    <SUD_ACQUISTI>2427,540000</SUD_ACQUISTI>
    <AUST_ACQUISTI>0,000000</AUST_ACQUISTI>
    <BRNN_ACQUISTI>0,000000</BRNN_ACQUISTI>
    <COAC_ACQUISTI>41,000000</COAC_ACQUISTI>
    <CORS_ACQUISTI>17,000000</CORS_ACQUISTI>
    <FOGN_ACQUISTI>0,000000</FOGN_ACQUISTI>
    <FRAN_ACQUISTI>0,000000</FRAN_ACQUISTI>
    <GREC_ACQUISTI>20,000000</GREC_ACQUISTI>
    <MFTV_ACQUISTI>0,000000</MFTV_ACQUISTI>
    <PRGP_ACQUISTI>0,000000</PRGP_ACQUISTI>
    <ROSN_ACQUISTI>0,000000</ROSN_ACQUISTI>
    <SLOV_ACQUISTI>0,000000</SLOV_ACQUISTI>
    <SVIZ_ACQUISTI>0,000000</SVIZ_ACQUISTI>
    <BSP_ACQUISTI>0,000000</BSP_ACQUISTI>
    <MALT_ACQUISTI>195,000000</MALT_ACQUISTI>
    <XAUS_ACQUISTI>0,000000</XAUS_ACQUISTI>
    <XFRA_ACQUISTI>0,000000</XFRA_ACQUISTI>
    <TOTALE_VENDITE>27511,313</TOTALE_VENDITE>
    <NAT_VENDITE>30485,313000</NAT_VENDITE>
    <CNOR_VENDITE>2236,432000</CNOR_VENDITE>
    <CSUD_VENDITE>2150,681000</CSUD_VENDITE>
    <NORD_VENDITE>12918,408000</NORD_VENDITE>
    <SARD_VENDITE>925,869000</SARD_VENDITE>
    <SICI_VENDITE>1297,983000</SICI_VENDITE>
    <SUD_VENDITE>2061,249000</SUD_VENDITE>
    <AUST_VENDITE>20,000000</AUST_VENDITE>
    <BRNN_VENDITE>1145,423000</BRNN_VENDITE>
    <COAC_VENDITE>0,000000</COAC_VENDITE>
    <CORS_VENDITE>0,000000</CORS_VENDITE>
    <FOGN_VENDITE>692,985000</FOGN_VENDITE>
    <FRAN_VENDITE>99,000000</FRAN_VENDITE>
    <GREC_VENDITE>383,000000</GREC_VENDITE>
    <MFTV_VENDITE>0,000000</MFTV_VENDITE>
    <PRGP_VENDITE>0,000000</PRGP_VENDITE>
    <ROSN_VENDITE>1153,283000</ROSN_VENDITE>
    <SLOV_VENDITE>0,000000</SLOV_VENDITE>
    <SVIZ_VENDITE>2427,000000</SVIZ_VENDITE>
    <BSP_VENDITE>488,000000</BSP_VENDITE>
    <MALT_VENDITE>0,000000</MALT_VENDITE>
    <XAUS_VENDITE>229,000000</XAUS_VENDITE>
    <XFRA_VENDITE>2257,000000</XFRA_VENDITE>
    <TOTITABSP_VENDITE>27999,313</TOTITABSP_VENDITE>
    <TOTITABSP_ACQUISTI>30485,313</TOTITABSP_ACQUISTI>
  </Quantita>
</NewDataSet>