<?xml version="1.0" standalone="yes"?>
<NewDataSet>
  <xs:schema id="NewDataSet" xmlns="" xmlns:xs="http://www.w3.org/2001/XMLSchema" xmlns:msdata="urn:schemas-microsoft-com:xml-msdata">
    <xs:element name="NewDataSet" msdata:IsDataSet="true" msdata:UseCurrentLocale="true">
      <xs:complexType>
        <xs:choice minOccurs="0" maxOccurs="unbounded">
          <xs:element name="Quantita">
            <xs:complexType>
              <xs:sequence>
                <xs:element name="Data" type="xs:string" minOccurs="0" />
                <xs:element name="Mercato" type="xs:string" minOccurs="0" />
                <xs:element name="Ora" type="xs:string" minOccurs="0" />
                <xs:element name="TOTALE_ACQUISTI" type="xs:string" minOccurs="0" />
                <xs:element name="NAT_ACQUISTI" type="xs:string" minOccurs="0" />
                <xs:element name="CNOR_ACQUISTI" type="xs:string" minOccurs="0" />
                <xs:element name="CSUD_ACQUISTI" type="xs:string" minOccurs="0" />
                <xs:element name="NORD_ACQUISTI" type="xs:string" minOccurs="0" />
                <xs:element name="SARD_ACQUISTI" type="xs:string" minOccurs="0" />
                <xs:element name="SICI_ACQUISTI" type="xs:string" minOccurs="0" />
                <xs:element name="SUD_ACQUISTI" type="xs:string" minOccurs="0" />
                <xs:element name="AUST_ACQUISTI" type="xs:string" minOccurs="0" />
                <xs:element name="BRNN_ACQUISTI" type="xs:string" minOccurs="0" />
                <xs:element name="COAC_ACQUISTI" type="xs:string" minOccurs="0" />
                <xs:element name="CORS_ACQUISTI" type="xs:string" minOccurs="0" />
                <xs:element name="FOGN_ACQUISTI" type="xs:string" minOccurs="0" />
                <xs:element name="FRAN_ACQUISTI" type="xs:string" minOccurs="0" />
                <xs:element name="GREC_ACQUISTI" type="xs:string" minOccurs="0" />
                <xs:element name="MFTV_ACQUISTI" type="xs:string" minOccurs="0" />
                <xs:element name="PRGP_ACQUISTI" type="xs:string" minOccurs="0" />
                <xs:element name="ROSN_ACQUISTI" type="xs:string" minOccurs="0" />
                <xs:element name="SLOV_ACQUISTI" type="xs:string" minOccurs="0" />
                <xs:element name="SVIZ_ACQUISTI" type="xs:string" minOccurs="0" />
                <xs:element name="BSP_ACQUISTI" type="xs:string" minOccurs="0" />
                <xs:element name="MALT_ACQUISTI" type="xs:string" minOccurs="0" />
                <xs:element name="XAUS_ACQUISTI" type="xs:string" minOccurs="0" />
                <xs:element name="XFRA_ACQUISTI" type="xs:string" minOccurs="0" />
                <xs:element name="TOTALE_VENDITE" type="xs:string" minOccurs="0" />
                <xs:element name="NAT_VENDITE" type="xs:string" minOccurs="0" />
                <xs:element name="CNOR_VENDITE" type="xs:string" minOccurs="0" />
                <xs:element name="CSUD_VENDITE" type="xs:string" minOccurs="0" />
                <xs:element name="NORD_VENDITE" type="xs:string" minOccurs="0" />
                <xs:element name="SARD_VENDITE" type="xs:string" minOccurs="0" />
                <xs:element name="SICI_VENDITE" type="xs:string" minOccurs="0" />
                <xs:element name="SUD_VENDITE" type="xs:string" minOccurs="0" />
                <xs:element name="AUST_VENDITE" type="xs:string" minOccurs="0" />
                <xs:element name="BRNN_VENDITE" type="xs:string" minOccurs="0" />
                <xs:element name="COAC_VENDITE" type="xs:string" minOccurs="0" />
                <xs:element name="CORS_VENDITE" type="xs:string" minOccurs="0" />
                <xs:element name="FOGN_VENDITE" type="xs:string" minOccurs="0" />
                <xs:element name="FRAN_VENDITE" type="xs:string" minOccurs="0" />
                <xs:element name="GREC_VENDITE" type="xs:string" minOccurs="0" />
                <xs:element name="MFTV_VENDITE" type="xs:string" minOccurs="0" />
                <xs:element name="PRGP_VENDITE" type="xs:string" minOccurs="0" />
                <xs:element name="ROSN_VENDITE" type="xs:string" minOccurs="0" />
                <xs:element name="SLOV_VENDITE" type="xs:string" minOccurs="0" />
                <xs:element name="SVIZ_VENDITE" type="xs:string" minOccurs="0" />
                <xs:element name="BSP_VENDITE" type="xs:string" minOccurs="0" />
                <xs:element name="MALT_VENDITE" type="xs:string" minOccurs="0" />
                <xs:element name="XAUS_VENDITE" type="xs:string" minOccurs="0" />
                <xs:element name="XFRA_VENDITE" type="xs:string" minOccurs="0" />
                <xs:element name="TOTITABSP_VENDITE" msdata:ReadOnly="true" msdata:Expression="Convert(TOTALE_VENDITE, System.Double) + Convert(BSP_VENDITE,System.Double)" type="xs:string" minOccurs="0" />
                <xs:element name="TOTITABSP_ACQUISTI" msdata:ReadOnly="true" msdata:Expression="Convert(TOTALE_ACQUISTI, System.Double) + Convert(BSP_ACQUISTI, System.Double)" type="xs:string" minOccurs="0" />
              </xs:sequence>
            </xs:complexType>
          </xs:element>
        </xs:choice>
      </xs:complexType>
    </xs:element>
  </xs:schema>
  <Quantita>
    <Data>20180412</Data>
    <Mercato>MGP</Mercato>
    <Ora>1</Ora>
    <TOTALE_ACQUISTI>28199,364</TOTALE_ACQUISTI>
    <NAT_ACQUISTI>28199,364000</NAT_ACQUISTI>
    <CNOR_ACQUISTI>2896,945000</CNOR_ACQUISTI>
    <CSUD_ACQUISTI>4238,034000</CSUD_ACQUISTI>
    <NORD_ACQUISTI>15845,293000</NORD_ACQUISTI>
    <SARD_ACQUISTI>851,424000</SARD_ACQUISTI>
    <SICI_ACQUISTI>1629,914000</SICI_ACQUISTI>
    <SUD_ACQUISTI>2185,754000</SUD_ACQUISTI>
    <AUST_ACQUISTI>0,000000</AUST_ACQUISTI>
    <BRNN_ACQUISTI>0,000000</BRNN_ACQUISTI>
    <COAC_ACQUISTI>85,000000</COAC_ACQUISTI>
    <CORS_ACQUISTI>49,000000</CORS_ACQUISTI>
    <FOGN_ACQUISTI>0,000000</FOGN_ACQUISTI>
    <FRAN_ACQUISTI>0,000000</FRAN_ACQUISTI>
    <GREC_ACQUISTI>303,000000</GREC_ACQUISTI>
    <MFTV_ACQUISTI>0,000000</MFTV_ACQUISTI>
    <PRGP_ACQUISTI>0,000000</PRGP_ACQUISTI>
    <ROSN_ACQUISTI>0,000000</ROSN_ACQUISTI>
    <SLOV_ACQUISTI>0,000000</SLOV_ACQUISTI>
    <SVIZ_ACQUISTI>0,000000</SVIZ_ACQUISTI>
    <BSP_ACQUISTI>0,000000</BSP_ACQUISTI>
    <MALT_ACQUISTI>115,000000</MALT_ACQUISTI>
    <XAUS_ACQUISTI>0,000000</XAUS_ACQUISTI>
    <XFRA_ACQUISTI>0,000000</XFRA_ACQUISTI>
    <TOTALE_VENDITE>25196,364</TOTALE_VENDITE>
    <NAT_VENDITE>28199,364000</NAT_VENDITE>
    <CNOR_VENDITE>2152,969000</CNOR_VENDITE>
    <CSUD_VENDITE>1739,584000</CSUD_VENDITE>
    <NORD_VENDITE>12461,850000</NORD_VENDITE>
    <SARD_VENDITE>828,638000</SARD_VENDITE>
    <SICI_VENDITE>1001,726000</SICI_VENDITE>
    <SUD_VENDITE>1248,603000</SUD_VENDITE>
    <AUST_VENDITE>20,000000</AUST_VENDITE>
    <BRNN_VENDITE>1291,683000</BRNN_VENDITE>
    <COAC_VENDITE>0,000000</COAC_VENDITE>
    <CORS_VENDITE>0,000000</CORS_VENDITE>
    <FOGN_VENDITE>372,426000</FOGN_VENDITE>
    <FRAN_VENDITE>96,000000</FRAN_VENDITE>
    <GREC_VENDITE>495,000000</GREC_VENDITE>
    <MFTV_VENDITE>0,000000</MFTV_VENDITE>
    <PRGP_VENDITE>0,000000</PRGP_VENDITE>
    <ROSN_VENDITE>1174,885000</ROSN_VENDITE>
    <SLOV_VENDITE>0,000000</SLOV_VENDITE>
    <SVIZ_VENDITE>2313,000000</SVIZ_VENDITE>
    <BSP_VENDITE>492,000000</BSP_VENDITE>
    <MALT_VENDITE>0,000000</MALT_VENDITE>
    <XAUS_VENDITE>231,000000</XAUS_VENDITE>
    <XFRA_VENDITE>2280,000000</XFRA_VENDITE>
    <TOTITABSP_VENDITE>25688,364</TOTITABSP_VENDITE>
    <TOTITABSP_ACQUISTI>28199,364</TOTITABSP_ACQUISTI>
  </Quantita>
  <Quantita>
    <Data>20180412</Data>
    <Mercato>MGP</Mercato>
    <Ora>2</Ora>
    <TOTALE_ACQUISTI>26686,92</TOTALE_ACQUISTI>
    <NAT_ACQUISTI>26686,920000</NAT_ACQUISTI>
    <CNOR_ACQUISTI>2718,291000</CNOR_ACQUISTI>
    <CSUD_ACQUISTI>3900,796000</CSUD_ACQUISTI>
    <NORD_ACQUISTI>14999,536000</NORD_ACQUISTI>
    <SARD_ACQUISTI>799,843000</SARD_ACQUISTI>
    <SICI_ACQUISTI>1492,871000</SICI_ACQUISTI>
    <SUD_ACQUISTI>2034,583000</SUD_ACQUISTI>
    <AUST_ACQUISTI>0,000000</AUST_ACQUISTI>
    <BRNN_ACQUISTI>0,000000</BRNN_ACQUISTI>
    <COAC_ACQUISTI>53,000000</COAC_ACQUISTI>
    <CORS_ACQUISTI>49,000000</CORS_ACQUISTI>
    <FOGN_ACQUISTI>0,000000</FOGN_ACQUISTI>
    <FRAN_ACQUISTI>0,000000</FRAN_ACQUISTI>
    <GREC_ACQUISTI>533,000000</GREC_ACQUISTI>
    <MFTV_ACQUISTI>0,000000</MFTV_ACQUISTI>
    <PRGP_ACQUISTI>0,000000</PRGP_ACQUISTI>
    <ROSN_ACQUISTI>0,000000</ROSN_ACQUISTI>
    <SLOV_ACQUISTI>0,000000</SLOV_ACQUISTI>
    <SVIZ_ACQUISTI>0,000000</SVIZ_ACQUISTI>
    <BSP_ACQUISTI>0,000000</BSP_ACQUISTI>
    <MALT_ACQUISTI>106,000000</MALT_ACQUISTI>
    <XAUS_ACQUISTI>0,000000</XAUS_ACQUISTI>
    <XFRA_ACQUISTI>0,000000</XFRA_ACQUISTI>
    <TOTALE_VENDITE>23683,92</TOTALE_VENDITE>
    <NAT_VENDITE>26686,920000</NAT_VENDITE>
    <CNOR_VENDITE>2142,822000</CNOR_VENDITE>
    <CSUD_VENDITE>1008,243000</CSUD_VENDITE>
    <NORD_VENDITE>12150,511000</NORD_VENDITE>
    <SARD_VENDITE>836,483000</SARD_VENDITE>
    <SICI_VENDITE>903,050000</SICI_VENDITE>
    <SUD_VENDITE>1206,555000</SUD_VENDITE>
    <AUST_VENDITE>20,000000</AUST_VENDITE>
    <BRNN_VENDITE>1192,942000</BRNN_VENDITE>
    <COAC_VENDITE>0,000000</COAC_VENDITE>
    <CORS_VENDITE>0,000000</CORS_VENDITE>
    <FOGN_VENDITE>372,463000</FOGN_VENDITE>
    <FRAN_VENDITE>96,000000</FRAN_VENDITE>
    <GREC_VENDITE>439,000000</GREC_VENDITE>
    <MFTV_VENDITE>0,000000</MFTV_VENDITE>
    <PRGP_VENDITE>0,000000</PRGP_VENDITE>
    <ROSN_VENDITE>1002,851000</ROSN_VENDITE>
    <SLOV_VENDITE>0,000000</SLOV_VENDITE>
    <SVIZ_VENDITE>2313,000000</SVIZ_VENDITE>
    <BSP_VENDITE>492,000000</BSP_VENDITE>
    <MALT_VENDITE>0,000000</MALT_VENDITE>
    <XAUS_VENDITE>231,000000</XAUS_VENDITE>
    <XFRA_VENDITE>2280,000000</XFRA_VENDITE>
    <TOTITABSP_VENDITE>24175,92</TOTITABSP_VENDITE>
    <TOTITABSP_ACQUISTI>26686,92</TOTITABSP_ACQUISTI>
  </Quantita>
  <Quantita>
    <Data>20180412</Data>
    <Mercato>MGP</Mercato>
    <Ora>3</Ora>
    <TOTALE_ACQUISTI>25746,269</TOTALE_ACQUISTI>
    <NAT_ACQUISTI>25746,269000</NAT_ACQUISTI>
    <CNOR_ACQUISTI>2645,579000</CNOR_ACQUISTI>
    <CSUD_ACQUISTI>3705,927000</CSUD_ACQUISTI>
    <NORD_ACQUISTI>14577,943000</NORD_ACQUISTI>
    <SARD_ACQUISTI>774,828000</SARD_ACQUISTI>
    <SICI_ACQUISTI>1414,908000</SICI_ACQUISTI>
    <SUD_ACQUISTI>1950,071000</SUD_ACQUISTI>
    <AUST_ACQUISTI>0,000000</AUST_ACQUISTI>
    <BRNN_ACQUISTI>0,000000</BRNN_ACQUISTI>
    <COAC_ACQUISTI>32,000000</COAC_ACQUISTI>
    <CORS_ACQUISTI>44,000000</CORS_ACQUISTI>
    <FOGN_ACQUISTI>0,000000</FOGN_ACQUISTI>
    <FRAN_ACQUISTI>0,000000</FRAN_ACQUISTI>
    <GREC_ACQUISTI>501,013000</GREC_ACQUISTI>
    <MFTV_ACQUISTI>0,000000</MFTV_ACQUISTI>
    <PRGP_ACQUISTI>0,000000</PRGP_ACQUISTI>
    <ROSN_ACQUISTI>0,000000</ROSN_ACQUISTI>
    <SLOV_ACQUISTI>0,000000</SLOV_ACQUISTI>
    <SVIZ_ACQUISTI>0,000000</SVIZ_ACQUISTI>
    <BSP_ACQUISTI>0,000000</BSP_ACQUISTI>
    <MALT_ACQUISTI>100,000000</MALT_ACQUISTI>
    <XAUS_ACQUISTI>0,000000</XAUS_ACQUISTI>
    <XFRA_ACQUISTI>0,000000</XFRA_ACQUISTI>
    <TOTALE_VENDITE>22743,269</TOTALE_VENDITE>
    <NAT_VENDITE>25746,269000</NAT_VENDITE>
    <CNOR_VENDITE>2087,864000</CNOR_VENDITE>
    <CSUD_VENDITE>1011,253000</CSUD_VENDITE>
    <NORD_VENDITE>11671,580000</NORD_VENDITE>
    <SARD_VENDITE>831,360000</SARD_VENDITE>
    <SICI_VENDITE>815,449000</SICI_VENDITE>
    <SUD_VENDITE>1201,125000</SUD_VENDITE>
    <AUST_VENDITE>20,000000</AUST_VENDITE>
    <BRNN_VENDITE>1197,097000</BRNN_VENDITE>
    <COAC_VENDITE>0,000000</COAC_VENDITE>
    <CORS_VENDITE>0,000000</CORS_VENDITE>
    <FOGN_VENDITE>122,272000</FOGN_VENDITE>
    <FRAN_VENDITE>96,000000</FRAN_VENDITE>
    <GREC_VENDITE>457,000000</GREC_VENDITE>
    <MFTV_VENDITE>0,000000</MFTV_VENDITE>
    <PRGP_VENDITE>0,000000</PRGP_VENDITE>
    <ROSN_VENDITE>919,269000</ROSN_VENDITE>
    <SLOV_VENDITE>0,000000</SLOV_VENDITE>
    <SVIZ_VENDITE>2313,000000</SVIZ_VENDITE>
    <BSP_VENDITE>492,000000</BSP_VENDITE>
    <MALT_VENDITE>0,000000</MALT_VENDITE>
    <XAUS_VENDITE>231,000000</XAUS_VENDITE>
    <XFRA_VENDITE>2280,000000</XFRA_VENDITE>
    <TOTITABSP_VENDITE>23235,269</TOTITABSP_VENDITE>
    <TOTITABSP_ACQUISTI>25746,269</TOTITABSP_ACQUISTI>
  </Quantita>
  <Quantita>
    <Data>20180412</Data>
    <Mercato>MGP</Mercato>
    <Ora>4</Ora>
    <TOTALE_ACQUISTI>25536,295</TOTALE_ACQUISTI>
    <NAT_ACQUISTI>25536,295000</NAT_ACQUISTI>
    <CNOR_ACQUISTI>2649,379000</CNOR_ACQUISTI>
    <CSUD_ACQUISTI>3682,625000</CSUD_ACQUISTI>
    <NORD_ACQUISTI>14415,609000</NORD_ACQUISTI>
    <SARD_ACQUISTI>779,929000</SARD_ACQUISTI>
    <SICI_ACQUISTI>1387,763000</SICI_ACQUISTI>
    <SUD_ACQUISTI>1935,990000</SUD_ACQUISTI>
    <AUST_ACQUISTI>0,000000</AUST_ACQUISTI>
    <BRNN_ACQUISTI>0,000000</BRNN_ACQUISTI>
    <COAC_ACQUISTI>37,000000</COAC_ACQUISTI>
    <CORS_ACQUISTI>39,000000</CORS_ACQUISTI>
    <FOGN_ACQUISTI>0,000000</FOGN_ACQUISTI>
    <FRAN_ACQUISTI>0,000000</FRAN_ACQUISTI>
    <GREC_ACQUISTI>508,000000</GREC_ACQUISTI>
    <MFTV_ACQUISTI>0,000000</MFTV_ACQUISTI>
    <PRGP_ACQUISTI>0,000000</PRGP_ACQUISTI>
    <ROSN_ACQUISTI>0,000000</ROSN_ACQUISTI>
    <SLOV_ACQUISTI>0,000000</SLOV_ACQUISTI>
    <SVIZ_ACQUISTI>0,000000</SVIZ_ACQUISTI>
    <BSP_ACQUISTI>0,000000</BSP_ACQUISTI>
    <MALT_ACQUISTI>101,000000</MALT_ACQUISTI>
    <XAUS_ACQUISTI>0,000000</XAUS_ACQUISTI>
    <XFRA_ACQUISTI>0,000000</XFRA_ACQUISTI>
    <TOTALE_VENDITE>22256,295</TOTALE_VENDITE>
    <NAT_VENDITE>25536,295000</NAT_VENDITE>
    <CNOR_VENDITE>2061,246000</CNOR_VENDITE>
    <CSUD_VENDITE>962,410000</CSUD_VENDITE>
    <NORD_VENDITE>11250,240000</NORD_VENDITE>
    <SARD_VENDITE>804,141000</SARD_VENDITE>
    <SICI_VENDITE>747,587000</SICI_VENDITE>
    <SUD_VENDITE>1117,359000</SUD_VENDITE>
    <AUST_VENDITE>20,000000</AUST_VENDITE>
    <BRNN_VENDITE>1197,563000</BRNN_VENDITE>
    <COAC_VENDITE>0,000000</COAC_VENDITE>
    <CORS_VENDITE>0,000000</CORS_VENDITE>
    <FOGN_VENDITE>123,136000</FOGN_VENDITE>
    <FRAN_VENDITE>99,000000</FRAN_VENDITE>
    <GREC_VENDITE>458,000000</GREC_VENDITE>
    <MFTV_VENDITE>0,000000</MFTV_VENDITE>
    <PRGP_VENDITE>0,000000</PRGP_VENDITE>
    <ROSN_VENDITE>914,613000</ROSN_VENDITE>
    <SLOV_VENDITE>0,000000</SLOV_VENDITE>
    <SVIZ_VENDITE>2501,000000</SVIZ_VENDITE>
    <BSP_VENDITE>537,000000</BSP_VENDITE>
    <MALT_VENDITE>0,000000</MALT_VENDITE>
    <XAUS_VENDITE>246,000000</XAUS_VENDITE>
    <XFRA_VENDITE>2497,000000</XFRA_VENDITE>
    <TOTITABSP_VENDITE>22793,295</TOTITABSP_VENDITE>
    <TOTITABSP_ACQUISTI>25536,295</TOTITABSP_ACQUISTI>
  </Quantita>
  <Quantita>
    <Data>20180412</Data>
    <Mercato>MGP</Mercato>
    <Ora>5</Ora>
    <TOTALE_ACQUISTI>25669,595</TOTALE_ACQUISTI>
    <NAT_ACQUISTI>25669,595000</NAT_ACQUISTI>
    <CNOR_ACQUISTI>2614,945000</CNOR_ACQUISTI>
    <CSUD_ACQUISTI>3688,961000</CSUD_ACQUISTI>
    <NORD_ACQUISTI>14610,810000</NORD_ACQUISTI>
    <SARD_ACQUISTI>774,237000</SARD_ACQUISTI>
    <SICI_ACQUISTI>1377,705000</SICI_ACQUISTI>
    <SUD_ACQUISTI>1949,937000</SUD_ACQUISTI>
    <AUST_ACQUISTI>0,000000</AUST_ACQUISTI>
    <BRNN_ACQUISTI>0,000000</BRNN_ACQUISTI>
    <COAC_ACQUISTI>29,000000</COAC_ACQUISTI>
    <CORS_ACQUISTI>39,000000</CORS_ACQUISTI>
    <FOGN_ACQUISTI>0,000000</FOGN_ACQUISTI>
    <FRAN_ACQUISTI>0,000000</FRAN_ACQUISTI>
    <GREC_ACQUISTI>478,000000</GREC_ACQUISTI>
    <MFTV_ACQUISTI>0,000000</MFTV_ACQUISTI>
    <PRGP_ACQUISTI>0,000000</PRGP_ACQUISTI>
    <ROSN_ACQUISTI>0,000000</ROSN_ACQUISTI>
    <SLOV_ACQUISTI>0,000000</SLOV_ACQUISTI>
    <SVIZ_ACQUISTI>0,000000</SVIZ_ACQUISTI>
    <BSP_ACQUISTI>0,000000</BSP_ACQUISTI>
    <MALT_ACQUISTI>107,000000</MALT_ACQUISTI>
    <XAUS_ACQUISTI>0,000000</XAUS_ACQUISTI>
    <XFRA_ACQUISTI>0,000000</XFRA_ACQUISTI>
    <TOTALE_VENDITE>22389,595</TOTALE_VENDITE>
    <NAT_VENDITE>25669,595000</NAT_VENDITE>
    <CNOR_VENDITE>2072,504000</CNOR_VENDITE>
    <CSUD_VENDITE>987,590000</CSUD_VENDITE>
    <NORD_VENDITE>11320,314000</NORD_VENDITE>
    <SARD_VENDITE>788,368000</SARD_VENDITE>
    <SICI_VENDITE>706,352000</SICI_VENDITE>
    <SUD_VENDITE>1220,848000</SUD_VENDITE>
    <AUST_VENDITE>20,000000</AUST_VENDITE>
    <BRNN_VENDITE>1199,842000</BRNN_VENDITE>
    <COAC_VENDITE>0,000000</COAC_VENDITE>
    <CORS_VENDITE>0,000000</CORS_VENDITE>
    <FOGN_VENDITE>122,930000</FOGN_VENDITE>
    <FRAN_VENDITE>99,000000</FRAN_VENDITE>
    <GREC_VENDITE>440,000000</GREC_VENDITE>
    <MFTV_VENDITE>0,000000</MFTV_VENDITE>
    <PRGP_VENDITE>0,000000</PRGP_VENDITE>
    <ROSN_VENDITE>910,847000</ROSN_VENDITE>
    <SLOV_VENDITE>0,000000</SLOV_VENDITE>
    <SVIZ_VENDITE>2501,000000</SVIZ_VENDITE>
    <BSP_VENDITE>537,000000</BSP_VENDITE>
    <MALT_VENDITE>0,000000</MALT_VENDITE>
    <XAUS_VENDITE>246,000000</XAUS_VENDITE>
    <XFRA_VENDITE>2497,000000</XFRA_VENDITE>
    <TOTITABSP_VENDITE>22926,595</TOTITABSP_VENDITE>
    <TOTITABSP_ACQUISTI>25669,595</TOTITABSP_ACQUISTI>
  </Quantita>
  <Quantita>
    <Data>20180412</Data>
    <Mercato>MGP</Mercato>
    <Ora>6</Ora>
    <TOTALE_ACQUISTI>27108,32</TOTALE_ACQUISTI>
    <NAT_ACQUISTI>27108,320000</NAT_ACQUISTI>
    <CNOR_ACQUISTI>2754,529000</CNOR_ACQUISTI>
    <CSUD_ACQUISTI>3883,739000</CSUD_ACQUISTI>
    <NORD_ACQUISTI>15532,524000</NORD_ACQUISTI>
    <SARD_ACQUISTI>808,745000</SARD_ACQUISTI>
    <SICI_ACQUISTI>1431,238000</SICI_ACQUISTI>
    <SUD_ACQUISTI>2036,545000</SUD_ACQUISTI>
    <AUST_ACQUISTI>0,000000</AUST_ACQUISTI>
    <BRNN_ACQUISTI>0,000000</BRNN_ACQUISTI>
    <COAC_ACQUISTI>31,000000</COAC_ACQUISTI>
    <CORS_ACQUISTI>39,000000</CORS_ACQUISTI>
    <FOGN_ACQUISTI>0,000000</FOGN_ACQUISTI>
    <FRAN_ACQUISTI>0,000000</FRAN_ACQUISTI>
    <GREC_ACQUISTI>463,000000</GREC_ACQUISTI>
    <MFTV_ACQUISTI>0,000000</MFTV_ACQUISTI>
    <PRGP_ACQUISTI>0,000000</PRGP_ACQUISTI>
    <ROSN_ACQUISTI>0,000000</ROSN_ACQUISTI>
    <SLOV_ACQUISTI>0,000000</SLOV_ACQUISTI>
    <SVIZ_ACQUISTI>0,000000</SVIZ_ACQUISTI>
    <BSP_ACQUISTI>0,000000</BSP_ACQUISTI>
    <MALT_ACQUISTI>128,000000</MALT_ACQUISTI>
    <XAUS_ACQUISTI>0,000000</XAUS_ACQUISTI>
    <XFRA_ACQUISTI>0,000000</XFRA_ACQUISTI>
    <TOTALE_VENDITE>23828,32</TOTALE_VENDITE>
    <NAT_VENDITE>27108,320000</NAT_VENDITE>
    <CNOR_VENDITE>2075,291000</CNOR_VENDITE>
    <CSUD_VENDITE>984,050000</CSUD_VENDITE>
    <NORD_VENDITE>12537,229000</NORD_VENDITE>
    <SARD_VENDITE>773,429000</SARD_VENDITE>
    <SICI_VENDITE>687,080000</SICI_VENDITE>
    <SUD_VENDITE>1202,009000</SUD_VENDITE>
    <AUST_VENDITE>20,000000</AUST_VENDITE>
    <BRNN_VENDITE>1201,398000</BRNN_VENDITE>
    <COAC_VENDITE>0,000000</COAC_VENDITE>
    <CORS_VENDITE>0,000000</CORS_VENDITE>
    <FOGN_VENDITE>375,778000</FOGN_VENDITE>
    <FRAN_VENDITE>99,000000</FRAN_VENDITE>
    <GREC_VENDITE>383,000000</GREC_VENDITE>
    <MFTV_VENDITE>0,000000</MFTV_VENDITE>
    <PRGP_VENDITE>0,000000</PRGP_VENDITE>
    <ROSN_VENDITE>989,056000</ROSN_VENDITE>
    <SLOV_VENDITE>0,000000</SLOV_VENDITE>
    <SVIZ_VENDITE>2501,000000</SVIZ_VENDITE>
    <BSP_VENDITE>537,000000</BSP_VENDITE>
    <MALT_VENDITE>0,000000</MALT_VENDITE>
    <XAUS_VENDITE>246,000000</XAUS_VENDITE>
    <XFRA_VENDITE>2497,000000</XFRA_VENDITE>
    <TOTITABSP_VENDITE>24365,32</TOTITABSP_VENDITE>
    <TOTITABSP_ACQUISTI>27108,32</TOTITABSP_ACQUISTI>
  </Quantita>
  <Quantita>
    <Data>20180412</Data>
    <Mercato>MGP</Mercato>
    <Ora>7</Ora>
    <TOTALE_ACQUISTI>30453,951</TOTALE_ACQUISTI>
    <NAT_ACQUISTI>30453,951000</NAT_ACQUISTI>
    <CNOR_ACQUISTI>3133,859000</CNOR_ACQUISTI>
    <CSUD_ACQUISTI>4363,405000</CSUD_ACQUISTI>
    <NORD_ACQUISTI>18119,167000</NORD_ACQUISTI>
    <SARD_ACQUISTI>893,355000</SARD_ACQUISTI>
    <SICI_ACQUISTI>1541,845000</SICI_ACQUISTI>
    <SUD_ACQUISTI>2149,320000</SUD_ACQUISTI>
    <AUST_ACQUISTI>0,000000</AUST_ACQUISTI>
    <BRNN_ACQUISTI>0,000000</BRNN_ACQUISTI>
    <COAC_ACQUISTI>46,000000</COAC_ACQUISTI>
    <CORS_ACQUISTI>39,000000</CORS_ACQUISTI>
    <FOGN_ACQUISTI>0,000000</FOGN_ACQUISTI>
    <FRAN_ACQUISTI>0,000000</FRAN_ACQUISTI>
    <GREC_ACQUISTI>0,000000</GREC_ACQUISTI>
    <MFTV_ACQUISTI>0,000000</MFTV_ACQUISTI>
    <PRGP_ACQUISTI>0,000000</PRGP_ACQUISTI>
    <ROSN_ACQUISTI>0,000000</ROSN_ACQUISTI>
    <SLOV_ACQUISTI>0,000000</SLOV_ACQUISTI>
    <SVIZ_ACQUISTI>0,000000</SVIZ_ACQUISTI>
    <BSP_ACQUISTI>0,000000</BSP_ACQUISTI>
    <MALT_ACQUISTI>168,000000</MALT_ACQUISTI>
    <XAUS_ACQUISTI>0,000000</XAUS_ACQUISTI>
    <XFRA_ACQUISTI>0,000000</XFRA_ACQUISTI>
    <TOTALE_VENDITE>27112,951</TOTALE_VENDITE>
    <NAT_VENDITE>30453,951000</NAT_VENDITE>
    <CNOR_VENDITE>2353,591000</CNOR_VENDITE>
    <CSUD_VENDITE>2333,227000</CSUD_VENDITE>
    <NORD_VENDITE>13619,776000</NORD_VENDITE>
    <SARD_VENDITE>750,712000</SARD_VENDITE>
    <SICI_VENDITE>726,054000</SICI_VENDITE>
    <SUD_VENDITE>1179,346000</SUD_VENDITE>
    <AUST_VENDITE>20,000000</AUST_VENDITE>
    <BRNN_VENDITE>1422,859000</BRNN_VENDITE>
    <COAC_VENDITE>0,000000</COAC_VENDITE>
    <CORS_VENDITE>0,000000</CORS_VENDITE>
    <FOGN_VENDITE>425,854000</FOGN_VENDITE>
    <FRAN_VENDITE>99,000000</FRAN_VENDITE>
    <GREC_VENDITE>487,000000</GREC_VENDITE>
    <MFTV_VENDITE>0,000000</MFTV_VENDITE>
    <PRGP_VENDITE>0,055000</PRGP_VENDITE>
    <ROSN_VENDITE>1155,477000</ROSN_VENDITE>
    <SLOV_VENDITE>0,000000</SLOV_VENDITE>
    <SVIZ_VENDITE>2540,000000</SVIZ_VENDITE>
    <BSP_VENDITE>547,000000</BSP_VENDITE>
    <MALT_VENDITE>0,000000</MALT_VENDITE>
    <XAUS_VENDITE>250,000000</XAUS_VENDITE>
    <XFRA_VENDITE>2544,000000</XFRA_VENDITE>
    <TOTITABSP_VENDITE>27659,951</TOTITABSP_VENDITE>
    <TOTITABSP_ACQUISTI>30453,951</TOTITABSP_ACQUISTI>
  </Quantita>
  <Quantita>
    <Data>20180412</Data>
    <Mercato>MGP</Mercato>
    <Ora>8</Ora>
    <TOTALE_ACQUISTI>35486,789</TOTALE_ACQUISTI>
    <NAT_ACQUISTI>35486,789000</NAT_ACQUISTI>
    <CNOR_ACQUISTI>3719,388000</CNOR_ACQUISTI>
    <CSUD_ACQUISTI>5069,435000</CSUD_ACQUISTI>
    <NORD_ACQUISTI>20970,823000</NORD_ACQUISTI>
    <SARD_ACQUISTI>1039,079000</SARD_ACQUISTI>
    <SICI_ACQUISTI>1802,926000</SICI_ACQUISTI>
    <SUD_ACQUISTI>2605,138000</SUD_ACQUISTI>
    <AUST_ACQUISTI>0,000000</AUST_ACQUISTI>
    <BRNN_ACQUISTI>0,000000</BRNN_ACQUISTI>
    <COAC_ACQUISTI>56,000000</COAC_ACQUISTI>
    <CORS_ACQUISTI>39,000000</CORS_ACQUISTI>
    <FOGN_ACQUISTI>0,000000</FOGN_ACQUISTI>
    <FRAN_ACQUISTI>0,000000</FRAN_ACQUISTI>
    <GREC_ACQUISTI>0,000000</GREC_ACQUISTI>
    <MFTV_ACQUISTI>0,000000</MFTV_ACQUISTI>
    <PRGP_ACQUISTI>0,000000</PRGP_ACQUISTI>
    <ROSN_ACQUISTI>0,000000</ROSN_ACQUISTI>
    <SLOV_ACQUISTI>0,000000</SLOV_ACQUISTI>
    <SVIZ_ACQUISTI>0,000000</SVIZ_ACQUISTI>
    <BSP_ACQUISTI>0,000000</BSP_ACQUISTI>
    <MALT_ACQUISTI>185,000000</MALT_ACQUISTI>
    <XAUS_ACQUISTI>0,000000</XAUS_ACQUISTI>
    <XFRA_ACQUISTI>0,000000</XFRA_ACQUISTI>
    <TOTALE_VENDITE>32095,789</TOTALE_VENDITE>
    <NAT_VENDITE>35486,789000</NAT_VENDITE>
    <CNOR_VENDITE>2650,001000</CNOR_VENDITE>
    <CSUD_VENDITE>2613,669000</CSUD_VENDITE>
    <NORD_VENDITE>17453,778000</NORD_VENDITE>
    <SARD_VENDITE>743,989000</SARD_VENDITE>
    <SICI_VENDITE>840,970000</SICI_VENDITE>
    <SUD_VENDITE>1345,512000</SUD_VENDITE>
    <AUST_VENDITE>20,000000</AUST_VENDITE>
    <BRNN_VENDITE>1422,665000</BRNN_VENDITE>
    <COAC_VENDITE>0,000000</COAC_VENDITE>
    <CORS_VENDITE>0,000000</CORS_VENDITE>
    <FOGN_VENDITE>526,769000</FOGN_VENDITE>
    <FRAN_VENDITE>99,000000</FRAN_VENDITE>
    <GREC_VENDITE>452,000000</GREC_VENDITE>
    <MFTV_VENDITE>0,000000</MFTV_VENDITE>
    <PRGP_VENDITE>80,790000</PRGP_VENDITE>
    <ROSN_VENDITE>1156,646000</ROSN_VENDITE>
    <SLOV_VENDITE>0,000000</SLOV_VENDITE>
    <SVIZ_VENDITE>2690,000000</SVIZ_VENDITE>
    <BSP_VENDITE>608,000000</BSP_VENDITE>
    <MALT_VENDITE>0,000000</MALT_VENDITE>
    <XAUS_VENDITE>257,000000</XAUS_VENDITE>
    <XFRA_VENDITE>2526,000000</XFRA_VENDITE>
    <TOTITABSP_VENDITE>32703,789</TOTITABSP_VENDITE>
    <TOTITABSP_ACQUISTI>35486,789</TOTITABSP_ACQUISTI>
  </Quantita>
  <Quantita>
    <Data>20180412</Data>
    <Mercato>MGP</Mercato>
    <Ora>9</Ora>
    <TOTALE_ACQUISTI>40139,222</TOTALE_ACQUISTI>
    <NAT_ACQUISTI>40126,513000</NAT_ACQUISTI>
    <CNOR_ACQUISTI>4298,793000</CNOR_ACQUISTI>
    <CSUD_ACQUISTI>5715,259000</CSUD_ACQUISTI>
    <NORD_ACQUISTI>23808,845000</NORD_ACQUISTI>
    <SARD_ACQUISTI>1132,960000</SARD_ACQUISTI>
    <SICI_ACQUISTI>2053,428000</SICI_ACQUISTI>
    <SUD_ACQUISTI>2918,937000</SUD_ACQUISTI>
    <AUST_ACQUISTI>0,000000</AUST_ACQUISTI>
    <BRNN_ACQUISTI>0,000000</BRNN_ACQUISTI>
    <COAC_ACQUISTI>72,000000</COAC_ACQUISTI>
    <CORS_ACQUISTI>39,000000</CORS_ACQUISTI>
    <FOGN_ACQUISTI>0,000000</FOGN_ACQUISTI>
    <FRAN_ACQUISTI>0,000000</FRAN_ACQUISTI>
    <GREC_ACQUISTI>0,000000</GREC_ACQUISTI>
    <MFTV_ACQUISTI>0,000000</MFTV_ACQUISTI>
    <PRGP_ACQUISTI>0,000000</PRGP_ACQUISTI>
    <ROSN_ACQUISTI>0,000000</ROSN_ACQUISTI>
    <SLOV_ACQUISTI>0,000000</SLOV_ACQUISTI>
    <SVIZ_ACQUISTI>0,000000</SVIZ_ACQUISTI>
    <BSP_ACQUISTI>0,000000</BSP_ACQUISTI>
    <MALT_ACQUISTI>100,000000</MALT_ACQUISTI>
    <XAUS_ACQUISTI>0,000000</XAUS_ACQUISTI>
    <XFRA_ACQUISTI>0,000000</XFRA_ACQUISTI>
    <TOTALE_VENDITE>36748,222</TOTALE_VENDITE>
    <NAT_VENDITE>40126,513000</NAT_VENDITE>
    <CNOR_VENDITE>2864,454000</CNOR_VENDITE>
    <CSUD_VENDITE>3222,091000</CSUD_VENDITE>
    <NORD_VENDITE>19157,177000</NORD_VENDITE>
    <SARD_VENDITE>837,261000</SARD_VENDITE>
    <SICI_VENDITE>1171,364000</SICI_VENDITE>
    <SUD_VENDITE>1731,444000</SUD_VENDITE>
    <AUST_VENDITE>20,000000</AUST_VENDITE>
    <BRNN_VENDITE>2561,081000</BRNN_VENDITE>
    <COAC_VENDITE>0,000000</COAC_VENDITE>
    <CORS_VENDITE>0,000000</CORS_VENDITE>
    <FOGN_VENDITE>729,589000</FOGN_VENDITE>
    <FRAN_VENDITE>99,000000</FRAN_VENDITE>
    <GREC_VENDITE>427,000000</GREC_VENDITE>
    <MFTV_VENDITE>0,000000</MFTV_VENDITE>
    <PRGP_VENDITE>82,064000</PRGP_VENDITE>
    <ROSN_VENDITE>1155,697000</ROSN_VENDITE>
    <SLOV_VENDITE>0,000000</SLOV_VENDITE>
    <SVIZ_VENDITE>2690,000000</SVIZ_VENDITE>
    <BSP_VENDITE>608,000000</BSP_VENDITE>
    <MALT_VENDITE>0,000000</MALT_VENDITE>
    <XAUS_VENDITE>257,000000</XAUS_VENDITE>
    <XFRA_VENDITE>2526,000000</XFRA_VENDITE>
    <TOTITABSP_VENDITE>37356,222</TOTITABSP_VENDITE>
    <TOTITABSP_ACQUISTI>40139,222</TOTITABSP_ACQUISTI>
  </Quantita>
  <Quantita>
    <Data>20180412</Data>
    <Mercato>MGP</Mercato>
    <Ora>10</Ora>
    <TOTALE_ACQUISTI>40621,338</TOTALE_ACQUISTI>
    <NAT_ACQUISTI>40716,338000</NAT_ACQUISTI>
    <CNOR_ACQUISTI>4419,870000</CNOR_ACQUISTI>
    <CSUD_ACQUISTI>5866,615000</CSUD_ACQUISTI>
    <NORD_ACQUISTI>24135,982000</NORD_ACQUISTI>
    <SARD_ACQUISTI>1096,725000</SARD_ACQUISTI>
    <SICI_ACQUISTI>2079,282000</SICI_ACQUISTI>
    <SUD_ACQUISTI>2835,864000</SUD_ACQUISTI>
    <AUST_ACQUISTI>0,000000</AUST_ACQUISTI>
    <BRNN_ACQUISTI>0,000000</BRNN_ACQUISTI>
    <COAC_ACQUISTI>64,000000</COAC_ACQUISTI>
    <CORS_ACQUISTI>39,000000</CORS_ACQUISTI>
    <FOGN_ACQUISTI>0,000000</FOGN_ACQUISTI>
    <FRAN_ACQUISTI>0,000000</FRAN_ACQUISTI>
    <GREC_ACQUISTI>0,000000</GREC_ACQUISTI>
    <MFTV_ACQUISTI>0,000000</MFTV_ACQUISTI>
    <PRGP_ACQUISTI>0,000000</PRGP_ACQUISTI>
    <ROSN_ACQUISTI>0,000000</ROSN_ACQUISTI>
    <SLOV_ACQUISTI>0,000000</SLOV_ACQUISTI>
    <SVIZ_ACQUISTI>0,000000</SVIZ_ACQUISTI>
    <BSP_ACQUISTI>0,000000</BSP_ACQUISTI>
    <MALT_ACQUISTI>84,000000</MALT_ACQUISTI>
    <XAUS_ACQUISTI>0,000000</XAUS_ACQUISTI>
    <XFRA_ACQUISTI>0,000000</XFRA_ACQUISTI>
    <TOTALE_VENDITE>37230,338</TOTALE_VENDITE>
    <NAT_VENDITE>40716,338000</NAT_VENDITE>
    <CNOR_VENDITE>2925,498000</CNOR_VENDITE>
    <CSUD_VENDITE>4473,103000</CSUD_VENDITE>
    <NORD_VENDITE>18838,010000</NORD_VENDITE>
    <SARD_VENDITE>939,412000</SARD_VENDITE>
    <SICI_VENDITE>1179,687000</SICI_VENDITE>
    <SUD_VENDITE>2204,672000</SUD_VENDITE>
    <AUST_VENDITE>20,000000</AUST_VENDITE>
    <BRNN_VENDITE>1452,827000</BRNN_VENDITE>
    <COAC_VENDITE>0,000000</COAC_VENDITE>
    <CORS_VENDITE>0,000000</CORS_VENDITE>
    <FOGN_VENDITE>726,873000</FOGN_VENDITE>
    <FRAN_VENDITE>99,000000</FRAN_VENDITE>
    <GREC_VENDITE>444,000000</GREC_VENDITE>
    <MFTV_VENDITE>0,000000</MFTV_VENDITE>
    <PRGP_VENDITE>83,595000</PRGP_VENDITE>
    <ROSN_VENDITE>1153,661000</ROSN_VENDITE>
    <SLOV_VENDITE>0,000000</SLOV_VENDITE>
    <SVIZ_VENDITE>2690,000000</SVIZ_VENDITE>
    <BSP_VENDITE>608,000000</BSP_VENDITE>
    <MALT_VENDITE>0,000000</MALT_VENDITE>
    <XAUS_VENDITE>257,000000</XAUS_VENDITE>
    <XFRA_VENDITE>2526,000000</XFRA_VENDITE>
    <TOTITABSP_VENDITE>37838,338</TOTITABSP_VENDITE>
    <TOTITABSP_ACQUISTI>40621,338</TOTITABSP_ACQUISTI>
  </Quantita>
  <Quantita>
    <Data>20180412</Data>
    <Mercato>MGP</Mercato>
    <Ora>11</Ora>
    <TOTALE_ACQUISTI>40021,3</TOTALE_ACQUISTI>
    <NAT_ACQUISTI>40021,300000</NAT_ACQUISTI>
    <CNOR_ACQUISTI>4389,453000</CNOR_ACQUISTI>
    <CSUD_ACQUISTI>5858,839000</CSUD_ACQUISTI>
    <NORD_ACQUISTI>23689,303000</NORD_ACQUISTI>
    <SARD_ACQUISTI>1052,402000</SARD_ACQUISTI>
    <SICI_ACQUISTI>2006,444000</SICI_ACQUISTI>
    <SUD_ACQUISTI>2767,859000</SUD_ACQUISTI>
    <AUST_ACQUISTI>0,000000</AUST_ACQUISTI>
    <BRNN_ACQUISTI>0,000000</BRNN_ACQUISTI>
    <COAC_ACQUISTI>44,000000</COAC_ACQUISTI>
    <CORS_ACQUISTI>39,000000</CORS_ACQUISTI>
    <FOGN_ACQUISTI>0,000000</FOGN_ACQUISTI>
    <FRAN_ACQUISTI>0,000000</FRAN_ACQUISTI>
    <GREC_ACQUISTI>0,000000</GREC_ACQUISTI>
    <MFTV_ACQUISTI>0,000000</MFTV_ACQUISTI>
    <PRGP_ACQUISTI>0,000000</PRGP_ACQUISTI>
    <ROSN_ACQUISTI>0,000000</ROSN_ACQUISTI>
    <SLOV_ACQUISTI>0,000000</SLOV_ACQUISTI>
    <SVIZ_ACQUISTI>0,000000</SVIZ_ACQUISTI>
    <BSP_ACQUISTI>0,000000</BSP_ACQUISTI>
    <MALT_ACQUISTI>174,000000</MALT_ACQUISTI>
    <XAUS_ACQUISTI>0,000000</XAUS_ACQUISTI>
    <XFRA_ACQUISTI>0,000000</XFRA_ACQUISTI>
    <TOTALE_VENDITE>36630,3</TOTALE_VENDITE>
    <NAT_VENDITE>40021,300000</NAT_VENDITE>
    <CNOR_VENDITE>3008,286000</CNOR_VENDITE>
    <CSUD_VENDITE>4082,642000</CSUD_VENDITE>
    <NORD_VENDITE>17867,476000</NORD_VENDITE>
    <SARD_VENDITE>1036,805000</SARD_VENDITE>
    <SICI_VENDITE>1275,138000</SICI_VENDITE>
    <SUD_VENDITE>2915,762000</SUD_VENDITE>
    <AUST_VENDITE>20,000000</AUST_VENDITE>
    <BRNN_VENDITE>1511,917000</BRNN_VENDITE>
    <COAC_VENDITE>0,000000</COAC_VENDITE>
    <CORS_VENDITE>0,000000</CORS_VENDITE>
    <FOGN_VENDITE>529,691000</FOGN_VENDITE>
    <FRAN_VENDITE>99,000000</FRAN_VENDITE>
    <GREC_VENDITE>438,000000</GREC_VENDITE>
    <MFTV_VENDITE>0,000000</MFTV_VENDITE>
    <PRGP_VENDITE>5,306000</PRGP_VENDITE>
    <ROSN_VENDITE>1150,277000</ROSN_VENDITE>
    <SLOV_VENDITE>0,000000</SLOV_VENDITE>
    <SVIZ_VENDITE>2690,000000</SVIZ_VENDITE>
    <BSP_VENDITE>608,000000</BSP_VENDITE>
    <MALT_VENDITE>0,000000</MALT_VENDITE>
    <XAUS_VENDITE>257,000000</XAUS_VENDITE>
    <XFRA_VENDITE>2526,000000</XFRA_VENDITE>
    <TOTITABSP_VENDITE>37238,3</TOTITABSP_VENDITE>
    <TOTITABSP_ACQUISTI>40021,3</TOTITABSP_ACQUISTI>
  </Quantita>
  <Quantita>
    <Data>20180412</Data>
    <Mercato>MGP</Mercato>
    <Ora>12</Ora>
    <TOTALE_ACQUISTI>39458,16</TOTALE_ACQUISTI>
    <NAT_ACQUISTI>39458,160000</NAT_ACQUISTI>
    <CNOR_ACQUISTI>4350,305000</CNOR_ACQUISTI>
    <CSUD_ACQUISTI>5765,917000</CSUD_ACQUISTI>
    <NORD_ACQUISTI>23411,818000</NORD_ACQUISTI>
    <SARD_ACQUISTI>1020,064000</SARD_ACQUISTI>
    <SICI_ACQUISTI>1942,766000</SICI_ACQUISTI>
    <SUD_ACQUISTI>2737,290000</SUD_ACQUISTI>
    <AUST_ACQUISTI>0,000000</AUST_ACQUISTI>
    <BRNN_ACQUISTI>0,000000</BRNN_ACQUISTI>
    <COAC_ACQUISTI>32,000000</COAC_ACQUISTI>
    <CORS_ACQUISTI>39,000000</CORS_ACQUISTI>
    <FOGN_ACQUISTI>0,000000</FOGN_ACQUISTI>
    <FRAN_ACQUISTI>0,000000</FRAN_ACQUISTI>
    <GREC_ACQUISTI>10,000000</GREC_ACQUISTI>
    <MFTV_ACQUISTI>0,000000</MFTV_ACQUISTI>
    <PRGP_ACQUISTI>0,000000</PRGP_ACQUISTI>
    <ROSN_ACQUISTI>0,000000</ROSN_ACQUISTI>
    <SLOV_ACQUISTI>0,000000</SLOV_ACQUISTI>
    <SVIZ_ACQUISTI>0,000000</SVIZ_ACQUISTI>
    <BSP_ACQUISTI>0,000000</BSP_ACQUISTI>
    <MALT_ACQUISTI>149,000000</MALT_ACQUISTI>
    <XAUS_ACQUISTI>0,000000</XAUS_ACQUISTI>
    <XFRA_ACQUISTI>0,000000</XFRA_ACQUISTI>
    <TOTALE_VENDITE>36616,102</TOTALE_VENDITE>
    <NAT_VENDITE>39458,160000</NAT_VENDITE>
    <CNOR_VENDITE>3000,017000</CNOR_VENDITE>
    <CSUD_VENDITE>4138,429000</CSUD_VENDITE>
    <NORD_VENDITE>17160,153000</NORD_VENDITE>
    <SARD_VENDITE>1137,642000</SARD_VENDITE>
    <SICI_VENDITE>1351,549000</SICI_VENDITE>
    <SUD_VENDITE>3295,613000</SUD_VENDITE>
    <AUST_VENDITE>20,000000</AUST_VENDITE>
    <BRNN_VENDITE>1547,231000</BRNN_VENDITE>
    <COAC_VENDITE>0,000000</COAC_VENDITE>
    <CORS_VENDITE>0,000000</CORS_VENDITE>
    <FOGN_VENDITE>529,147000</FOGN_VENDITE>
    <FRAN_VENDITE>99,000000</FRAN_VENDITE>
    <GREC_VENDITE>496,000000</GREC_VENDITE>
    <MFTV_VENDITE>0,000000</MFTV_VENDITE>
    <PRGP_VENDITE>6,815000</PRGP_VENDITE>
    <ROSN_VENDITE>1144,506000</ROSN_VENDITE>
    <SLOV_VENDITE>0,000000</SLOV_VENDITE>
    <SVIZ_VENDITE>2690,000000</SVIZ_VENDITE>
    <BSP_VENDITE>608,000000</BSP_VENDITE>
    <MALT_VENDITE>0,000000</MALT_VENDITE>
    <XAUS_VENDITE>257,000000</XAUS_VENDITE>
    <XFRA_VENDITE>1977,058000</XFRA_VENDITE>
    <TOTITABSP_VENDITE>37224,102</TOTITABSP_VENDITE>
    <TOTITABSP_ACQUISTI>39458,16</TOTITABSP_ACQUISTI>
  </Quantita>
  <Quantita>
    <Data>20180412</Data>
    <Mercato>MGP</Mercato>
    <Ora>13</Ora>
    <TOTALE_ACQUISTI>37617,094</TOTALE_ACQUISTI>
    <NAT_ACQUISTI>37617,094000</NAT_ACQUISTI>
    <CNOR_ACQUISTI>4096,980000</CNOR_ACQUISTI>
    <CSUD_ACQUISTI>5745,174000</CSUD_ACQUISTI>
    <NORD_ACQUISTI>21822,695000</NORD_ACQUISTI>
    <SARD_ACQUISTI>1022,511000</SARD_ACQUISTI>
    <SICI_ACQUISTI>1923,465000</SICI_ACQUISTI>
    <SUD_ACQUISTI>2733,269000</SUD_ACQUISTI>
    <AUST_ACQUISTI>0,000000</AUST_ACQUISTI>
    <BRNN_ACQUISTI>0,000000</BRNN_ACQUISTI>
    <COAC_ACQUISTI>32,000000</COAC_ACQUISTI>
    <CORS_ACQUISTI>29,000000</CORS_ACQUISTI>
    <FOGN_ACQUISTI>0,000000</FOGN_ACQUISTI>
    <FRAN_ACQUISTI>0,000000</FRAN_ACQUISTI>
    <GREC_ACQUISTI>80,000000</GREC_ACQUISTI>
    <MFTV_ACQUISTI>0,000000</MFTV_ACQUISTI>
    <PRGP_ACQUISTI>0,000000</PRGP_ACQUISTI>
    <ROSN_ACQUISTI>0,000000</ROSN_ACQUISTI>
    <SLOV_ACQUISTI>0,000000</SLOV_ACQUISTI>
    <SVIZ_ACQUISTI>0,000000</SVIZ_ACQUISTI>
    <BSP_ACQUISTI>0,000000</BSP_ACQUISTI>
    <MALT_ACQUISTI>132,000000</MALT_ACQUISTI>
    <XAUS_ACQUISTI>0,000000</XAUS_ACQUISTI>
    <XFRA_ACQUISTI>0,000000</XFRA_ACQUISTI>
    <TOTALE_VENDITE>34923,89</TOTALE_VENDITE>
    <NAT_VENDITE>37617,094000</NAT_VENDITE>
    <CNOR_VENDITE>2649,851000</CNOR_VENDITE>
    <CSUD_VENDITE>3936,208000</CSUD_VENDITE>
    <NORD_VENDITE>15924,647000</NORD_VENDITE>
    <SARD_VENDITE>1213,786000</SARD_VENDITE>
    <SICI_VENDITE>1431,341000</SICI_VENDITE>
    <SUD_VENDITE>3431,250000</SUD_VENDITE>
    <AUST_VENDITE>20,000000</AUST_VENDITE>
    <BRNN_VENDITE>1583,555000</BRNN_VENDITE>
    <COAC_VENDITE>0,000000</COAC_VENDITE>
    <CORS_VENDITE>0,000000</CORS_VENDITE>
    <FOGN_VENDITE>528,941000</FOGN_VENDITE>
    <FRAN_VENDITE>99,000000</FRAN_VENDITE>
    <GREC_VENDITE>271,000000</GREC_VENDITE>
    <MFTV_VENDITE>0,000000</MFTV_VENDITE>
    <PRGP_VENDITE>7,729000</PRGP_VENDITE>
    <ROSN_VENDITE>1136,582000</ROSN_VENDITE>
    <SLOV_VENDITE>0,000000</SLOV_VENDITE>
    <SVIZ_VENDITE>2690,000000</SVIZ_VENDITE>
    <BSP_VENDITE>608,000000</BSP_VENDITE>
    <MALT_VENDITE>0,000000</MALT_VENDITE>
    <XAUS_VENDITE>257,000000</XAUS_VENDITE>
    <XFRA_VENDITE>1828,204000</XFRA_VENDITE>
    <TOTITABSP_VENDITE>35531,89</TOTITABSP_VENDITE>
    <TOTITABSP_ACQUISTI>37617,094</TOTITABSP_ACQUISTI>
  </Quantita>
  <Quantita>
    <Data>20180412</Data>
    <Mercato>MGP</Mercato>
    <Ora>14</Ora>
    <TOTALE_ACQUISTI>37304,134</TOTALE_ACQUISTI>
    <NAT_ACQUISTI>37304,134000</NAT_ACQUISTI>
    <CNOR_ACQUISTI>3980,049000</CNOR_ACQUISTI>
    <CSUD_ACQUISTI>5566,402000</CSUD_ACQUISTI>
    <NORD_ACQUISTI>21982,055000</NORD_ACQUISTI>
    <SARD_ACQUISTI>1003,791000</SARD_ACQUISTI>
    <SICI_ACQUISTI>1862,437000</SICI_ACQUISTI>
    <SUD_ACQUISTI>2600,400000</SUD_ACQUISTI>
    <AUST_ACQUISTI>0,000000</AUST_ACQUISTI>
    <BRNN_ACQUISTI>0,000000</BRNN_ACQUISTI>
    <COAC_ACQUISTI>32,000000</COAC_ACQUISTI>
    <CORS_ACQUISTI>29,000000</CORS_ACQUISTI>
    <FOGN_ACQUISTI>0,000000</FOGN_ACQUISTI>
    <FRAN_ACQUISTI>0,000000</FRAN_ACQUISTI>
    <GREC_ACQUISTI>115,000000</GREC_ACQUISTI>
    <MFTV_ACQUISTI>0,000000</MFTV_ACQUISTI>
    <PRGP_ACQUISTI>0,000000</PRGP_ACQUISTI>
    <ROSN_ACQUISTI>0,000000</ROSN_ACQUISTI>
    <SLOV_ACQUISTI>0,000000</SLOV_ACQUISTI>
    <SVIZ_ACQUISTI>0,000000</SVIZ_ACQUISTI>
    <BSP_ACQUISTI>0,000000</BSP_ACQUISTI>
    <MALT_ACQUISTI>133,000000</MALT_ACQUISTI>
    <XAUS_ACQUISTI>0,000000</XAUS_ACQUISTI>
    <XFRA_ACQUISTI>0,000000</XFRA_ACQUISTI>
    <TOTALE_VENDITE>34832,057</TOTALE_VENDITE>
    <NAT_VENDITE>37304,134000</NAT_VENDITE>
    <CNOR_VENDITE>2686,405000</CNOR_VENDITE>
    <CSUD_VENDITE>3974,105000</CSUD_VENDITE>
    <NORD_VENDITE>15633,789000</NORD_VENDITE>
    <SARD_VENDITE>1298,619000</SARD_VENDITE>
    <SICI_VENDITE>1403,966000</SICI_VENDITE>
    <SUD_VENDITE>3536,112000</SUD_VENDITE>
    <AUST_VENDITE>20,000000</AUST_VENDITE>
    <BRNN_VENDITE>1527,237000</BRNN_VENDITE>
    <COAC_VENDITE>0,000000</COAC_VENDITE>
    <CORS_VENDITE>0,000000</CORS_VENDITE>
    <FOGN_VENDITE>528,470000</FOGN_VENDITE>
    <FRAN_VENDITE>99,000000</FRAN_VENDITE>
    <GREC_VENDITE>300,000000</GREC_VENDITE>
    <MFTV_VENDITE>0,000000</MFTV_VENDITE>
    <PRGP_VENDITE>8,040000</PRGP_VENDITE>
    <ROSN_VENDITE>1126,314000</ROSN_VENDITE>
    <SLOV_VENDITE>0,000000</SLOV_VENDITE>
    <SVIZ_VENDITE>2690,000000</SVIZ_VENDITE>
    <BSP_VENDITE>608,000000</BSP_VENDITE>
    <MALT_VENDITE>0,000000</MALT_VENDITE>
    <XAUS_VENDITE>257,000000</XAUS_VENDITE>
    <XFRA_VENDITE>1607,077000</XFRA_VENDITE>
    <TOTITABSP_VENDITE>35440,057</TOTITABSP_VENDITE>
    <TOTITABSP_ACQUISTI>37304,134</TOTITABSP_ACQUISTI>
  </Quantita>
  <Quantita>
    <Data>20180412</Data>
    <Mercato>MGP</Mercato>
    <Ora>15</Ora>
    <TOTALE_ACQUISTI>38213,822</TOTALE_ACQUISTI>
    <NAT_ACQUISTI>38213,822000</NAT_ACQUISTI>
    <CNOR_ACQUISTI>4200,173000</CNOR_ACQUISTI>
    <CSUD_ACQUISTI>5599,133000</CSUD_ACQUISTI>
    <NORD_ACQUISTI>22720,904000</NORD_ACQUISTI>
    <SARD_ACQUISTI>993,461000</SARD_ACQUISTI>
    <SICI_ACQUISTI>1853,677000</SICI_ACQUISTI>
    <SUD_ACQUISTI>2533,474000</SUD_ACQUISTI>
    <AUST_ACQUISTI>0,000000</AUST_ACQUISTI>
    <BRNN_ACQUISTI>0,000000</BRNN_ACQUISTI>
    <COAC_ACQUISTI>35,000000</COAC_ACQUISTI>
    <CORS_ACQUISTI>34,000000</CORS_ACQUISTI>
    <FOGN_ACQUISTI>0,000000</FOGN_ACQUISTI>
    <FRAN_ACQUISTI>0,000000</FRAN_ACQUISTI>
    <GREC_ACQUISTI>100,000000</GREC_ACQUISTI>
    <MFTV_ACQUISTI>0,000000</MFTV_ACQUISTI>
    <PRGP_ACQUISTI>0,000000</PRGP_ACQUISTI>
    <ROSN_ACQUISTI>0,000000</ROSN_ACQUISTI>
    <SLOV_ACQUISTI>0,000000</SLOV_ACQUISTI>
    <SVIZ_ACQUISTI>0,000000</SVIZ_ACQUISTI>
    <BSP_ACQUISTI>0,000000</BSP_ACQUISTI>
    <MALT_ACQUISTI>144,000000</MALT_ACQUISTI>
    <XAUS_ACQUISTI>0,000000</XAUS_ACQUISTI>
    <XFRA_ACQUISTI>0,000000</XFRA_ACQUISTI>
    <TOTALE_VENDITE>34889,559</TOTALE_VENDITE>
    <NAT_VENDITE>38213,822000</NAT_VENDITE>
    <CNOR_VENDITE>2625,548000</CNOR_VENDITE>
    <CSUD_VENDITE>3873,470000</CSUD_VENDITE>
    <NORD_VENDITE>15777,045000</NORD_VENDITE>
    <SARD_VENDITE>1312,942000</SARD_VENDITE>
    <SICI_VENDITE>1367,626000</SICI_VENDITE>
    <SUD_VENDITE>3629,571000</SUD_VENDITE>
    <AUST_VENDITE>20,000000</AUST_VENDITE>
    <BRNN_VENDITE>1503,752000</BRNN_VENDITE>
    <COAC_VENDITE>0,000000</COAC_VENDITE>
    <CORS_VENDITE>0,000000</CORS_VENDITE>
    <FOGN_VENDITE>527,756000</FOGN_VENDITE>
    <FRAN_VENDITE>99,000000</FRAN_VENDITE>
    <GREC_VENDITE>334,000000</GREC_VENDITE>
    <MFTV_VENDITE>0,000000</MFTV_VENDITE>
    <PRGP_VENDITE>7,637000</PRGP_VENDITE>
    <ROSN_VENDITE>1122,212000</ROSN_VENDITE>
    <SLOV_VENDITE>0,000000</SLOV_VENDITE>
    <SVIZ_VENDITE>2689,000000</SVIZ_VENDITE>
    <BSP_VENDITE>608,000000</BSP_VENDITE>
    <MALT_VENDITE>0,000000</MALT_VENDITE>
    <XAUS_VENDITE>257,000000</XAUS_VENDITE>
    <XFRA_VENDITE>2459,263000</XFRA_VENDITE>
    <TOTITABSP_VENDITE>35497,559</TOTITABSP_VENDITE>
    <TOTITABSP_ACQUISTI>38213,822</TOTITABSP_ACQUISTI>
  </Quantita>
  <Quantita>
    <Data>20180412</Data>
    <Mercato>MGP</Mercato>
    <Ora>16</Ora>
    <TOTALE_ACQUISTI>38495,818</TOTALE_ACQUISTI>
    <NAT_ACQUISTI>38495,818000</NAT_ACQUISTI>
    <CNOR_ACQUISTI>4241,766000</CNOR_ACQUISTI>
    <CSUD_ACQUISTI>5654,744000</CSUD_ACQUISTI>
    <NORD_ACQUISTI>22798,180000</NORD_ACQUISTI>
    <SARD_ACQUISTI>1001,028000</SARD_ACQUISTI>
    <SICI_ACQUISTI>1866,558000</SICI_ACQUISTI>
    <SUD_ACQUISTI>2581,542000</SUD_ACQUISTI>
    <AUST_ACQUISTI>0,000000</AUST_ACQUISTI>
    <BRNN_ACQUISTI>0,000000</BRNN_ACQUISTI>
    <COAC_ACQUISTI>38,000000</COAC_ACQUISTI>
    <CORS_ACQUISTI>44,000000</CORS_ACQUISTI>
    <FOGN_ACQUISTI>0,000000</FOGN_ACQUISTI>
    <FRAN_ACQUISTI>0,000000</FRAN_ACQUISTI>
    <GREC_ACQUISTI>115,000000</GREC_ACQUISTI>
    <MFTV_ACQUISTI>0,000000</MFTV_ACQUISTI>
    <PRGP_ACQUISTI>0,000000</PRGP_ACQUISTI>
    <ROSN_ACQUISTI>0,000000</ROSN_ACQUISTI>
    <SLOV_ACQUISTI>0,000000</SLOV_ACQUISTI>
    <SVIZ_ACQUISTI>0,000000</SVIZ_ACQUISTI>
    <BSP_ACQUISTI>0,000000</BSP_ACQUISTI>
    <MALT_ACQUISTI>155,000000</MALT_ACQUISTI>
    <XAUS_ACQUISTI>0,000000</XAUS_ACQUISTI>
    <XFRA_ACQUISTI>0,000000</XFRA_ACQUISTI>
    <TOTALE_VENDITE>35104,818</TOTALE_VENDITE>
    <NAT_VENDITE>38495,818000</NAT_VENDITE>
    <CNOR_VENDITE>2594,961000</CNOR_VENDITE>
    <CSUD_VENDITE>4077,485000</CSUD_VENDITE>
    <NORD_VENDITE>15827,027000</NORD_VENDITE>
    <SARD_VENDITE>1306,980000</SARD_VENDITE>
    <SICI_VENDITE>1301,716000</SICI_VENDITE>
    <SUD_VENDITE>3523,578000</SUD_VENDITE>
    <AUST_VENDITE>20,000000</AUST_VENDITE>
    <BRNN_VENDITE>1469,740000</BRNN_VENDITE>
    <COAC_VENDITE>0,000000</COAC_VENDITE>
    <CORS_VENDITE>0,000000</CORS_VENDITE>
    <FOGN_VENDITE>691,713000</FOGN_VENDITE>
    <FRAN_VENDITE>99,000000</FRAN_VENDITE>
    <GREC_VENDITE>367,000000</GREC_VENDITE>
    <MFTV_VENDITE>0,000000</MFTV_VENDITE>
    <PRGP_VENDITE>6,445000</PRGP_VENDITE>
    <ROSN_VENDITE>1129,173000</ROSN_VENDITE>
    <SLOV_VENDITE>0,000000</SLOV_VENDITE>
    <SVIZ_VENDITE>2690,000000</SVIZ_VENDITE>
    <BSP_VENDITE>608,000000</BSP_VENDITE>
    <MALT_VENDITE>0,000000</MALT_VENDITE>
    <XAUS_VENDITE>257,000000</XAUS_VENDITE>
    <XFRA_VENDITE>2526,000000</XFRA_VENDITE>
    <TOTITABSP_VENDITE>35712,818</TOTITABSP_VENDITE>
    <TOTITABSP_ACQUISTI>38495,818</TOTITABSP_ACQUISTI>
  </Quantita>
  <Quantita>
    <Data>20180412</Data>
    <Mercato>MGP</Mercato>
    <Ora>17</Ora>
    <TOTALE_ACQUISTI>38383,421</TOTALE_ACQUISTI>
    <NAT_ACQUISTI>38383,421000</NAT_ACQUISTI>
    <CNOR_ACQUISTI>4253,394000</CNOR_ACQUISTI>
    <CSUD_ACQUISTI>5631,987000</CSUD_ACQUISTI>
    <NORD_ACQUISTI>22586,786000</NORD_ACQUISTI>
    <SARD_ACQUISTI>1011,145000</SARD_ACQUISTI>
    <SICI_ACQUISTI>1921,771000</SICI_ACQUISTI>
    <SUD_ACQUISTI>2652,338000</SUD_ACQUISTI>
    <AUST_ACQUISTI>0,000000</AUST_ACQUISTI>
    <BRNN_ACQUISTI>0,000000</BRNN_ACQUISTI>
    <COAC_ACQUISTI>46,000000</COAC_ACQUISTI>
    <CORS_ACQUISTI>49,000000</CORS_ACQUISTI>
    <FOGN_ACQUISTI>0,000000</FOGN_ACQUISTI>
    <FRAN_ACQUISTI>0,000000</FRAN_ACQUISTI>
    <GREC_ACQUISTI>65,000000</GREC_ACQUISTI>
    <MFTV_ACQUISTI>0,000000</MFTV_ACQUISTI>
    <PRGP_ACQUISTI>0,000000</PRGP_ACQUISTI>
    <ROSN_ACQUISTI>0,000000</ROSN_ACQUISTI>
    <SLOV_ACQUISTI>0,000000</SLOV_ACQUISTI>
    <SVIZ_ACQUISTI>0,000000</SVIZ_ACQUISTI>
    <BSP_ACQUISTI>0,000000</BSP_ACQUISTI>
    <MALT_ACQUISTI>166,000000</MALT_ACQUISTI>
    <XAUS_ACQUISTI>0,000000</XAUS_ACQUISTI>
    <XFRA_ACQUISTI>0,000000</XFRA_ACQUISTI>
    <TOTALE_VENDITE>34992,421</TOTALE_VENDITE>
    <NAT_VENDITE>38383,421000</NAT_VENDITE>
    <CNOR_VENDITE>2817,951000</CNOR_VENDITE>
    <CSUD_VENDITE>3948,698000</CSUD_VENDITE>
    <NORD_VENDITE>15728,127000</NORD_VENDITE>
    <SARD_VENDITE>1252,822000</SARD_VENDITE>
    <SICI_VENDITE>1197,863000</SICI_VENDITE>
    <SUD_VENDITE>3421,686000</SUD_VENDITE>
    <AUST_VENDITE>20,000000</AUST_VENDITE>
    <BRNN_VENDITE>1510,299000</BRNN_VENDITE>
    <COAC_VENDITE>0,000000</COAC_VENDITE>
    <CORS_VENDITE>0,000000</CORS_VENDITE>
    <FOGN_VENDITE>702,869000</FOGN_VENDITE>
    <FRAN_VENDITE>99,000000</FRAN_VENDITE>
    <GREC_VENDITE>460,000000</GREC_VENDITE>
    <MFTV_VENDITE>0,000000</MFTV_VENDITE>
    <PRGP_VENDITE>4,678000</PRGP_VENDITE>
    <ROSN_VENDITE>1138,428000</ROSN_VENDITE>
    <SLOV_VENDITE>0,000000</SLOV_VENDITE>
    <SVIZ_VENDITE>2690,000000</SVIZ_VENDITE>
    <BSP_VENDITE>608,000000</BSP_VENDITE>
    <MALT_VENDITE>0,000000</MALT_VENDITE>
    <XAUS_VENDITE>257,000000</XAUS_VENDITE>
    <XFRA_VENDITE>2526,000000</XFRA_VENDITE>
    <TOTITABSP_VENDITE>35600,421</TOTITABSP_VENDITE>
    <TOTITABSP_ACQUISTI>38383,421</TOTITABSP_ACQUISTI>
  </Quantita>
  <Quantita>
    <Data>20180412</Data>
    <Mercato>MGP</Mercato>
    <Ora>18</Ora>
    <TOTALE_ACQUISTI>37922,585</TOTALE_ACQUISTI>
    <NAT_ACQUISTI>37922,585000</NAT_ACQUISTI>
    <CNOR_ACQUISTI>4142,751000</CNOR_ACQUISTI>
    <CSUD_ACQUISTI>5623,059000</CSUD_ACQUISTI>
    <NORD_ACQUISTI>21961,502000</NORD_ACQUISTI>
    <SARD_ACQUISTI>1049,165000</SARD_ACQUISTI>
    <SICI_ACQUISTI>2008,311000</SICI_ACQUISTI>
    <SUD_ACQUISTI>2784,797000</SUD_ACQUISTI>
    <AUST_ACQUISTI>0,000000</AUST_ACQUISTI>
    <BRNN_ACQUISTI>0,000000</BRNN_ACQUISTI>
    <COAC_ACQUISTI>53,000000</COAC_ACQUISTI>
    <CORS_ACQUISTI>49,000000</CORS_ACQUISTI>
    <FOGN_ACQUISTI>0,000000</FOGN_ACQUISTI>
    <FRAN_ACQUISTI>0,000000</FRAN_ACQUISTI>
    <GREC_ACQUISTI>65,000000</GREC_ACQUISTI>
    <MFTV_ACQUISTI>0,000000</MFTV_ACQUISTI>
    <PRGP_ACQUISTI>0,000000</PRGP_ACQUISTI>
    <ROSN_ACQUISTI>0,000000</ROSN_ACQUISTI>
    <SLOV_ACQUISTI>0,000000</SLOV_ACQUISTI>
    <SVIZ_ACQUISTI>0,000000</SVIZ_ACQUISTI>
    <BSP_ACQUISTI>0,000000</BSP_ACQUISTI>
    <MALT_ACQUISTI>186,000000</MALT_ACQUISTI>
    <XAUS_ACQUISTI>0,000000</XAUS_ACQUISTI>
    <XFRA_ACQUISTI>0,000000</XFRA_ACQUISTI>
    <TOTALE_VENDITE>34531,585</TOTALE_VENDITE>
    <NAT_VENDITE>37922,585000</NAT_VENDITE>
    <CNOR_VENDITE>2743,404000</CNOR_VENDITE>
    <CSUD_VENDITE>3888,858000</CSUD_VENDITE>
    <NORD_VENDITE>15875,323000</NORD_VENDITE>
    <SARD_VENDITE>1172,287000</SARD_VENDITE>
    <SICI_VENDITE>1091,609000</SICI_VENDITE>
    <SUD_VENDITE>3095,998000</SUD_VENDITE>
    <AUST_VENDITE>20,000000</AUST_VENDITE>
    <BRNN_VENDITE>1529,839000</BRNN_VENDITE>
    <COAC_VENDITE>0,000000</COAC_VENDITE>
    <CORS_VENDITE>0,000000</CORS_VENDITE>
    <FOGN_VENDITE>705,425000</FOGN_VENDITE>
    <FRAN_VENDITE>99,000000</FRAN_VENDITE>
    <GREC_VENDITE>462,000000</GREC_VENDITE>
    <MFTV_VENDITE>0,000000</MFTV_VENDITE>
    <PRGP_VENDITE>2,702000</PRGP_VENDITE>
    <ROSN_VENDITE>1155,140000</ROSN_VENDITE>
    <SLOV_VENDITE>0,000000</SLOV_VENDITE>
    <SVIZ_VENDITE>2690,000000</SVIZ_VENDITE>
    <BSP_VENDITE>608,000000</BSP_VENDITE>
    <MALT_VENDITE>0,000000</MALT_VENDITE>
    <XAUS_VENDITE>257,000000</XAUS_VENDITE>
    <XFRA_VENDITE>2526,000000</XFRA_VENDITE>
    <TOTITABSP_VENDITE>35139,585</TOTITABSP_VENDITE>
    <TOTITABSP_ACQUISTI>37922,585</TOTITABSP_ACQUISTI>
  </Quantita>
  <Quantita>
    <Data>20180412</Data>
    <Mercato>MGP</Mercato>
    <Ora>19</Ora>
    <TOTALE_ACQUISTI>37619,28</TOTALE_ACQUISTI>
    <NAT_ACQUISTI>37700,622000</NAT_ACQUISTI>
    <CNOR_ACQUISTI>4050,816000</CNOR_ACQUISTI>
    <CSUD_ACQUISTI>5671,594000</CSUD_ACQUISTI>
    <NORD_ACQUISTI>21626,012000</NORD_ACQUISTI>
    <SARD_ACQUISTI>1093,490000</SARD_ACQUISTI>
    <SICI_ACQUISTI>2066,725000</SICI_ACQUISTI>
    <SUD_ACQUISTI>2862,985000</SUD_ACQUISTI>
    <AUST_ACQUISTI>0,000000</AUST_ACQUISTI>
    <BRNN_ACQUISTI>0,000000</BRNN_ACQUISTI>
    <COAC_ACQUISTI>73,000000</COAC_ACQUISTI>
    <CORS_ACQUISTI>49,000000</CORS_ACQUISTI>
    <FOGN_ACQUISTI>0,000000</FOGN_ACQUISTI>
    <FRAN_ACQUISTI>0,000000</FRAN_ACQUISTI>
    <GREC_ACQUISTI>0,000000</GREC_ACQUISTI>
    <MFTV_ACQUISTI>0,000000</MFTV_ACQUISTI>
    <PRGP_ACQUISTI>0,000000</PRGP_ACQUISTI>
    <ROSN_ACQUISTI>0,000000</ROSN_ACQUISTI>
    <SLOV_ACQUISTI>0,000000</SLOV_ACQUISTI>
    <SVIZ_ACQUISTI>0,000000</SVIZ_ACQUISTI>
    <BSP_ACQUISTI>0,000000</BSP_ACQUISTI>
    <MALT_ACQUISTI>125,658000</MALT_ACQUISTI>
    <XAUS_ACQUISTI>0,000000</XAUS_ACQUISTI>
    <XFRA_ACQUISTI>0,000000</XFRA_ACQUISTI>
    <TOTALE_VENDITE>34228,28</TOTALE_VENDITE>
    <NAT_VENDITE>37700,622000</NAT_VENDITE>
    <CNOR_VENDITE>2658,646000</CNOR_VENDITE>
    <CSUD_VENDITE>3705,813000</CSUD_VENDITE>
    <NORD_VENDITE>16677,883000</NORD_VENDITE>
    <SARD_VENDITE>1051,114000</SARD_VENDITE>
    <SICI_VENDITE>1028,378000</SICI_VENDITE>
    <SUD_VENDITE>2582,580000</SUD_VENDITE>
    <AUST_VENDITE>20,000000</AUST_VENDITE>
    <BRNN_VENDITE>1284,840000</BRNN_VENDITE>
    <COAC_VENDITE>0,000000</COAC_VENDITE>
    <CORS_VENDITE>0,000000</CORS_VENDITE>
    <FOGN_VENDITE>749,200000</FOGN_VENDITE>
    <FRAN_VENDITE>99,000000</FRAN_VENDITE>
    <GREC_VENDITE>438,000000</GREC_VENDITE>
    <MFTV_VENDITE>0,000000</MFTV_VENDITE>
    <PRGP_VENDITE>64,005000</PRGP_VENDITE>
    <ROSN_VENDITE>1178,821000</ROSN_VENDITE>
    <SLOV_VENDITE>0,000000</SLOV_VENDITE>
    <SVIZ_VENDITE>2690,000000</SVIZ_VENDITE>
    <BSP_VENDITE>608,000000</BSP_VENDITE>
    <MALT_VENDITE>0,000000</MALT_VENDITE>
    <XAUS_VENDITE>257,000000</XAUS_VENDITE>
    <XFRA_VENDITE>2526,000000</XFRA_VENDITE>
    <TOTITABSP_VENDITE>34836,28</TOTITABSP_VENDITE>
    <TOTITABSP_ACQUISTI>37619,28</TOTITABSP_ACQUISTI>
  </Quantita>
  <Quantita>
    <Data>20180412</Data>
    <Mercato>MGP</Mercato>
    <Ora>20</Ora>
    <TOTALE_ACQUISTI>38304,317</TOTALE_ACQUISTI>
    <NAT_ACQUISTI>38395,317000</NAT_ACQUISTI>
    <CNOR_ACQUISTI>4149,065000</CNOR_ACQUISTI>
    <CSUD_ACQUISTI>6075,695000</CSUD_ACQUISTI>
    <NORD_ACQUISTI>21494,254000</NORD_ACQUISTI>
    <SARD_ACQUISTI>1120,970000</SARD_ACQUISTI>
    <SICI_ACQUISTI>2187,863000</SICI_ACQUISTI>
    <SUD_ACQUISTI>3017,470000</SUD_ACQUISTI>
    <AUST_ACQUISTI>0,000000</AUST_ACQUISTI>
    <BRNN_ACQUISTI>0,000000</BRNN_ACQUISTI>
    <COAC_ACQUISTI>88,000000</COAC_ACQUISTI>
    <CORS_ACQUISTI>49,000000</CORS_ACQUISTI>
    <FOGN_ACQUISTI>0,000000</FOGN_ACQUISTI>
    <FRAN_ACQUISTI>0,000000</FRAN_ACQUISTI>
    <GREC_ACQUISTI>0,000000</GREC_ACQUISTI>
    <MFTV_ACQUISTI>0,000000</MFTV_ACQUISTI>
    <PRGP_ACQUISTI>0,000000</PRGP_ACQUISTI>
    <ROSN_ACQUISTI>0,000000</ROSN_ACQUISTI>
    <SLOV_ACQUISTI>0,000000</SLOV_ACQUISTI>
    <SVIZ_ACQUISTI>0,000000</SVIZ_ACQUISTI>
    <BSP_ACQUISTI>0,000000</BSP_ACQUISTI>
    <MALT_ACQUISTI>122,000000</MALT_ACQUISTI>
    <XAUS_ACQUISTI>0,000000</XAUS_ACQUISTI>
    <XFRA_ACQUISTI>0,000000</XFRA_ACQUISTI>
    <TOTALE_VENDITE>34913,317</TOTALE_VENDITE>
    <NAT_VENDITE>38395,317000</NAT_VENDITE>
    <CNOR_VENDITE>2698,025000</CNOR_VENDITE>
    <CSUD_VENDITE>3829,505000</CSUD_VENDITE>
    <NORD_VENDITE>17346,829000</NORD_VENDITE>
    <SARD_VENDITE>897,746000</SARD_VENDITE>
    <SICI_VENDITE>1114,414000</SICI_VENDITE>
    <SUD_VENDITE>2329,666000</SUD_VENDITE>
    <AUST_VENDITE>20,000000</AUST_VENDITE>
    <BRNN_VENDITE>1297,433000</BRNN_VENDITE>
    <COAC_VENDITE>0,000000</COAC_VENDITE>
    <CORS_VENDITE>0,000000</CORS_VENDITE>
    <FOGN_VENDITE>823,653000</FOGN_VENDITE>
    <FRAN_VENDITE>99,000000</FRAN_VENDITE>
    <GREC_VENDITE>469,000000</GREC_VENDITE>
    <MFTV_VENDITE>0,000000</MFTV_VENDITE>
    <PRGP_VENDITE>95,449000</PRGP_VENDITE>
    <ROSN_VENDITE>1202,597000</ROSN_VENDITE>
    <SLOV_VENDITE>0,000000</SLOV_VENDITE>
    <SVIZ_VENDITE>2690,000000</SVIZ_VENDITE>
    <BSP_VENDITE>608,000000</BSP_VENDITE>
    <MALT_VENDITE>0,000000</MALT_VENDITE>
    <XAUS_VENDITE>257,000000</XAUS_VENDITE>
    <XFRA_VENDITE>2526,000000</XFRA_VENDITE>
    <TOTITABSP_VENDITE>35521,317</TOTITABSP_VENDITE>
    <TOTITABSP_ACQUISTI>38304,317</TOTITABSP_ACQUISTI>
  </Quantita>
  <Quantita>
    <Data>20180412</Data>
    <Mercato>MGP</Mercato>
    <Ora>21</Ora>
    <TOTALE_ACQUISTI>39182,645</TOTALE_ACQUISTI>
    <NAT_ACQUISTI>39272,085000</NAT_ACQUISTI>
    <CNOR_ACQUISTI>4175,631000</CNOR_ACQUISTI>
    <CSUD_ACQUISTI>6362,667000</CSUD_ACQUISTI>
    <NORD_ACQUISTI>21586,620000</NORD_ACQUISTI>
    <SARD_ACQUISTI>1196,103000</SARD_ACQUISTI>
    <SICI_ACQUISTI>2363,120000</SICI_ACQUISTI>
    <SUD_ACQUISTI>3234,504000</SUD_ACQUISTI>
    <AUST_ACQUISTI>0,000000</AUST_ACQUISTI>
    <BRNN_ACQUISTI>0,000000</BRNN_ACQUISTI>
    <COAC_ACQUISTI>93,000000</COAC_ACQUISTI>
    <CORS_ACQUISTI>49,000000</CORS_ACQUISTI>
    <FOGN_ACQUISTI>0,000000</FOGN_ACQUISTI>
    <FRAN_ACQUISTI>0,000000</FRAN_ACQUISTI>
    <GREC_ACQUISTI>0,000000</GREC_ACQUISTI>
    <MFTV_ACQUISTI>0,000000</MFTV_ACQUISTI>
    <PRGP_ACQUISTI>0,000000</PRGP_ACQUISTI>
    <ROSN_ACQUISTI>0,000000</ROSN_ACQUISTI>
    <SLOV_ACQUISTI>0,000000</SLOV_ACQUISTI>
    <SVIZ_ACQUISTI>0,000000</SVIZ_ACQUISTI>
    <BSP_ACQUISTI>0,000000</BSP_ACQUISTI>
    <MALT_ACQUISTI>122,000000</MALT_ACQUISTI>
    <XAUS_ACQUISTI>0,000000</XAUS_ACQUISTI>
    <XFRA_ACQUISTI>0,000000</XFRA_ACQUISTI>
    <TOTALE_VENDITE>35791,645</TOTALE_VENDITE>
    <NAT_VENDITE>39272,085000</NAT_VENDITE>
    <CNOR_VENDITE>2669,896000</CNOR_VENDITE>
    <CSUD_VENDITE>3650,510000</CSUD_VENDITE>
    <NORD_VENDITE>18152,519000</NORD_VENDITE>
    <SARD_VENDITE>819,419000</SARD_VENDITE>
    <SICI_VENDITE>1117,511000</SICI_VENDITE>
    <SUD_VENDITE>2302,211000</SUD_VENDITE>
    <AUST_VENDITE>20,000000</AUST_VENDITE>
    <BRNN_VENDITE>1304,982000</BRNN_VENDITE>
    <COAC_VENDITE>0,000000</COAC_VENDITE>
    <CORS_VENDITE>0,000000</CORS_VENDITE>
    <FOGN_VENDITE>1032,430000</FOGN_VENDITE>
    <FRAN_VENDITE>99,000000</FRAN_VENDITE>
    <GREC_VENDITE>447,000000</GREC_VENDITE>
    <MFTV_VENDITE>0,000000</MFTV_VENDITE>
    <PRGP_VENDITE>267,609000</PRGP_VENDITE>
    <ROSN_VENDITE>1218,558000</ROSN_VENDITE>
    <SLOV_VENDITE>0,000000</SLOV_VENDITE>
    <SVIZ_VENDITE>2690,000000</SVIZ_VENDITE>
    <BSP_VENDITE>608,000000</BSP_VENDITE>
    <MALT_VENDITE>0,000000</MALT_VENDITE>
    <XAUS_VENDITE>257,000000</XAUS_VENDITE>
    <XFRA_VENDITE>2526,000000</XFRA_VENDITE>
    <TOTITABSP_VENDITE>36399,645</TOTITABSP_VENDITE>
    <TOTITABSP_ACQUISTI>39182,645</TOTITABSP_ACQUISTI>
  </Quantita>
  <Quantita>
    <Data>20180412</Data>
    <Mercato>MGP</Mercato>
    <Ora>22</Ora>
    <TOTALE_ACQUISTI>36918,172</TOTALE_ACQUISTI>
    <NAT_ACQUISTI>37018,172000</NAT_ACQUISTI>
    <CNOR_ACQUISTI>3957,939000</CNOR_ACQUISTI>
    <CSUD_ACQUISTI>5957,316000</CSUD_ACQUISTI>
    <NORD_ACQUISTI>20407,635000</NORD_ACQUISTI>
    <SARD_ACQUISTI>1139,288000</SARD_ACQUISTI>
    <SICI_ACQUISTI>2236,662000</SICI_ACQUISTI>
    <SUD_ACQUISTI>3005,332000</SUD_ACQUISTI>
    <AUST_ACQUISTI>0,000000</AUST_ACQUISTI>
    <BRNN_ACQUISTI>0,000000</BRNN_ACQUISTI>
    <COAC_ACQUISTI>73,000000</COAC_ACQUISTI>
    <CORS_ACQUISTI>49,000000</CORS_ACQUISTI>
    <FOGN_ACQUISTI>0,000000</FOGN_ACQUISTI>
    <FRAN_ACQUISTI>0,000000</FRAN_ACQUISTI>
    <GREC_ACQUISTI>0,000000</GREC_ACQUISTI>
    <MFTV_ACQUISTI>0,000000</MFTV_ACQUISTI>
    <PRGP_ACQUISTI>0,000000</PRGP_ACQUISTI>
    <ROSN_ACQUISTI>0,000000</ROSN_ACQUISTI>
    <SLOV_ACQUISTI>0,000000</SLOV_ACQUISTI>
    <SVIZ_ACQUISTI>0,000000</SVIZ_ACQUISTI>
    <BSP_ACQUISTI>0,000000</BSP_ACQUISTI>
    <MALT_ACQUISTI>92,000000</MALT_ACQUISTI>
    <XAUS_ACQUISTI>0,000000</XAUS_ACQUISTI>
    <XFRA_ACQUISTI>0,000000</XFRA_ACQUISTI>
    <TOTALE_VENDITE>33527,172</TOTALE_VENDITE>
    <NAT_VENDITE>37018,172000</NAT_VENDITE>
    <CNOR_VENDITE>2663,273000</CNOR_VENDITE>
    <CSUD_VENDITE>3479,809000</CSUD_VENDITE>
    <NORD_VENDITE>16659,404000</NORD_VENDITE>
    <SARD_VENDITE>784,945000</SARD_VENDITE>
    <SICI_VENDITE>1129,848000</SICI_VENDITE>
    <SUD_VENDITE>2127,745000</SUD_VENDITE>
    <AUST_VENDITE>20,000000</AUST_VENDITE>
    <BRNN_VENDITE>1305,803000</BRNN_VENDITE>
    <COAC_VENDITE>0,000000</COAC_VENDITE>
    <CORS_VENDITE>0,000000</CORS_VENDITE>
    <FOGN_VENDITE>762,829000</FOGN_VENDITE>
    <FRAN_VENDITE>99,000000</FRAN_VENDITE>
    <GREC_VENDITE>489,000000</GREC_VENDITE>
    <MFTV_VENDITE>0,000000</MFTV_VENDITE>
    <PRGP_VENDITE>98,814000</PRGP_VENDITE>
    <ROSN_VENDITE>1216,702000</ROSN_VENDITE>
    <SLOV_VENDITE>0,000000</SLOV_VENDITE>
    <SVIZ_VENDITE>2690,000000</SVIZ_VENDITE>
    <BSP_VENDITE>608,000000</BSP_VENDITE>
    <MALT_VENDITE>0,000000</MALT_VENDITE>
    <XAUS_VENDITE>257,000000</XAUS_VENDITE>
    <XFRA_VENDITE>2526,000000</XFRA_VENDITE>
    <TOTITABSP_VENDITE>34135,172</TOTITABSP_VENDITE>
    <TOTITABSP_ACQUISTI>36918,172</TOTITABSP_ACQUISTI>
  </Quantita>
  <Quantita>
    <Data>20180412</Data>
    <Mercato>MGP</Mercato>
    <Ora>23</Ora>
    <TOTALE_ACQUISTI>33591,139</TOTALE_ACQUISTI>
    <NAT_ACQUISTI>33636,139000</NAT_ACQUISTI>
    <CNOR_ACQUISTI>3569,934000</CNOR_ACQUISTI>
    <CSUD_ACQUISTI>5393,353000</CSUD_ACQUISTI>
    <NORD_ACQUISTI>18420,456000</NORD_ACQUISTI>
    <SARD_ACQUISTI>1043,422000</SARD_ACQUISTI>
    <SICI_ACQUISTI>2057,255000</SICI_ACQUISTI>
    <SUD_ACQUISTI>2725,719000</SUD_ACQUISTI>
    <AUST_ACQUISTI>0,000000</AUST_ACQUISTI>
    <BRNN_ACQUISTI>0,000000</BRNN_ACQUISTI>
    <COAC_ACQUISTI>92,000000</COAC_ACQUISTI>
    <CORS_ACQUISTI>49,000000</CORS_ACQUISTI>
    <FOGN_ACQUISTI>0,000000</FOGN_ACQUISTI>
    <FRAN_ACQUISTI>0,000000</FRAN_ACQUISTI>
    <GREC_ACQUISTI>170,000000</GREC_ACQUISTI>
    <MFTV_ACQUISTI>0,000000</MFTV_ACQUISTI>
    <PRGP_ACQUISTI>0,000000</PRGP_ACQUISTI>
    <ROSN_ACQUISTI>0,000000</ROSN_ACQUISTI>
    <SLOV_ACQUISTI>0,000000</SLOV_ACQUISTI>
    <SVIZ_ACQUISTI>0,000000</SVIZ_ACQUISTI>
    <BSP_ACQUISTI>0,000000</BSP_ACQUISTI>
    <MALT_ACQUISTI>70,000000</MALT_ACQUISTI>
    <XAUS_ACQUISTI>0,000000</XAUS_ACQUISTI>
    <XFRA_ACQUISTI>0,000000</XFRA_ACQUISTI>
    <TOTALE_VENDITE>30200,139</TOTALE_VENDITE>
    <NAT_VENDITE>33636,139000</NAT_VENDITE>
    <CNOR_VENDITE>2571,373000</CNOR_VENDITE>
    <CSUD_VENDITE>3333,099000</CSUD_VENDITE>
    <NORD_VENDITE>14117,862000</NORD_VENDITE>
    <SARD_VENDITE>733,164000</SARD_VENDITE>
    <SICI_VENDITE>964,255000</SICI_VENDITE>
    <SUD_VENDITE>2045,205000</SUD_VENDITE>
    <AUST_VENDITE>20,000000</AUST_VENDITE>
    <BRNN_VENDITE>1170,120000</BRNN_VENDITE>
    <COAC_VENDITE>0,000000</COAC_VENDITE>
    <CORS_VENDITE>0,000000</CORS_VENDITE>
    <FOGN_VENDITE>700,460000</FOGN_VENDITE>
    <FRAN_VENDITE>99,000000</FRAN_VENDITE>
    <GREC_VENDITE>485,000000</GREC_VENDITE>
    <MFTV_VENDITE>0,000000</MFTV_VENDITE>
    <PRGP_VENDITE>63,000000</PRGP_VENDITE>
    <ROSN_VENDITE>1207,601000</ROSN_VENDITE>
    <SLOV_VENDITE>0,000000</SLOV_VENDITE>
    <SVIZ_VENDITE>2690,000000</SVIZ_VENDITE>
    <BSP_VENDITE>608,000000</BSP_VENDITE>
    <MALT_VENDITE>0,000000</MALT_VENDITE>
    <XAUS_VENDITE>257,000000</XAUS_VENDITE>
    <XFRA_VENDITE>2526,000000</XFRA_VENDITE>
    <TOTITABSP_VENDITE>30808,139</TOTITABSP_VENDITE>
    <TOTITABSP_ACQUISTI>33591,139</TOTITABSP_ACQUISTI>
  </Quantita>
  <Quantita>
    <Data>20180412</Data>
    <Mercato>MGP</Mercato>
    <Ora>24</Ora>
    <TOTALE_ACQUISTI>30184,028</TOTALE_ACQUISTI>
    <NAT_ACQUISTI>30163,028000</NAT_ACQUISTI>
    <CNOR_ACQUISTI>3126,545000</CNOR_ACQUISTI>
    <CSUD_ACQUISTI>4669,225000</CSUD_ACQUISTI>
    <NORD_ACQUISTI>16689,497000</NORD_ACQUISTI>
    <SARD_ACQUISTI>949,007000</SARD_ACQUISTI>
    <SICI_ACQUISTI>1852,260000</SICI_ACQUISTI>
    <SUD_ACQUISTI>2405,494000</SUD_ACQUISTI>
    <AUST_ACQUISTI>0,000000</AUST_ACQUISTI>
    <BRNN_ACQUISTI>0,000000</BRNN_ACQUISTI>
    <COAC_ACQUISTI>85,000000</COAC_ACQUISTI>
    <CORS_ACQUISTI>49,000000</CORS_ACQUISTI>
    <FOGN_ACQUISTI>0,000000</FOGN_ACQUISTI>
    <FRAN_ACQUISTI>0,000000</FRAN_ACQUISTI>
    <GREC_ACQUISTI>225,000000</GREC_ACQUISTI>
    <MFTV_ACQUISTI>0,000000</MFTV_ACQUISTI>
    <PRGP_ACQUISTI>0,000000</PRGP_ACQUISTI>
    <ROSN_ACQUISTI>0,000000</ROSN_ACQUISTI>
    <SLOV_ACQUISTI>0,000000</SLOV_ACQUISTI>
    <SVIZ_ACQUISTI>0,000000</SVIZ_ACQUISTI>
    <BSP_ACQUISTI>0,000000</BSP_ACQUISTI>
    <MALT_ACQUISTI>133,000000</MALT_ACQUISTI>
    <XAUS_ACQUISTI>0,000000</XAUS_ACQUISTI>
    <XFRA_ACQUISTI>0,000000</XFRA_ACQUISTI>
    <TOTALE_VENDITE>26843,028</TOTALE_VENDITE>
    <NAT_VENDITE>30163,028000</NAT_VENDITE>
    <CNOR_VENDITE>2208,946000</CNOR_VENDITE>
    <CSUD_VENDITE>2047,430000</CSUD_VENDITE>
    <NORD_VENDITE>13454,311000</NORD_VENDITE>
    <SARD_VENDITE>712,073000</SARD_VENDITE>
    <SICI_VENDITE>822,260000</SICI_VENDITE>
    <SUD_VENDITE>1952,147000</SUD_VENDITE>
    <AUST_VENDITE>20,000000</AUST_VENDITE>
    <BRNN_VENDITE>962,754000</BRNN_VENDITE>
    <COAC_VENDITE>0,000000</COAC_VENDITE>
    <CORS_VENDITE>0,000000</CORS_VENDITE>
    <FOGN_VENDITE>698,131000</FOGN_VENDITE>
    <FRAN_VENDITE>99,000000</FRAN_VENDITE>
    <GREC_VENDITE>450,000000</GREC_VENDITE>
    <MFTV_VENDITE>0,000000</MFTV_VENDITE>
    <PRGP_VENDITE>63,000000</PRGP_VENDITE>
    <ROSN_VENDITE>812,976000</ROSN_VENDITE>
    <SLOV_VENDITE>0,000000</SLOV_VENDITE>
    <SVIZ_VENDITE>2540,000000</SVIZ_VENDITE>
    <BSP_VENDITE>547,000000</BSP_VENDITE>
    <MALT_VENDITE>0,000000</MALT_VENDITE>
    <XAUS_VENDITE>250,000000</XAUS_VENDITE>
    <XFRA_VENDITE>2544,000000</XFRA_VENDITE>
    <TOTITABSP_VENDITE>27390,028</TOTITABSP_VENDITE>
    <TOTITABSP_ACQUISTI>30184,028</TOTITABSP_ACQUISTI>
  </Quantita>
</NewDataSet>