<?xml version="1.0" standalone="yes"?>
<NewDataSet>
  <xs:schema id="NewDataSet" xmlns="" xmlns:xs="http://www.w3.org/2001/XMLSchema" xmlns:msdata="urn:schemas-microsoft-com:xml-msdata">
    <xs:element name="NewDataSet" msdata:IsDataSet="true" msdata:UseCurrentLocale="true">
      <xs:complexType>
        <xs:choice minOccurs="0" maxOccurs="unbounded">
          <xs:element name="Quantita">
            <xs:complexType>
              <xs:sequence>
                <xs:element name="Data" type="xs:string" minOccurs="0" />
                <xs:element name="Mercato" type="xs:string" minOccurs="0" />
                <xs:element name="Ora" type="xs:string" minOccurs="0" />
                <xs:element name="TOTALE_ACQUISTI" type="xs:string" minOccurs="0" />
                <xs:element name="NAT_ACQUISTI" type="xs:string" minOccurs="0" />
                <xs:element name="CNOR_ACQUISTI" type="xs:string" minOccurs="0" />
                <xs:element name="CSUD_ACQUISTI" type="xs:string" minOccurs="0" />
                <xs:element name="NORD_ACQUISTI" type="xs:string" minOccurs="0" />
                <xs:element name="SARD_ACQUISTI" type="xs:string" minOccurs="0" />
                <xs:element name="SICI_ACQUISTI" type="xs:string" minOccurs="0" />
                <xs:element name="SUD_ACQUISTI" type="xs:string" minOccurs="0" />
                <xs:element name="AUST_ACQUISTI" type="xs:string" minOccurs="0" />
                <xs:element name="BRNN_ACQUISTI" type="xs:string" minOccurs="0" />
                <xs:element name="COAC_ACQUISTI" type="xs:string" minOccurs="0" />
                <xs:element name="CORS_ACQUISTI" type="xs:string" minOccurs="0" />
                <xs:element name="FOGN_ACQUISTI" type="xs:string" minOccurs="0" />
                <xs:element name="FRAN_ACQUISTI" type="xs:string" minOccurs="0" />
                <xs:element name="GREC_ACQUISTI" type="xs:string" minOccurs="0" />
                <xs:element name="MFTV_ACQUISTI" type="xs:string" minOccurs="0" />
                <xs:element name="PRGP_ACQUISTI" type="xs:string" minOccurs="0" />
                <xs:element name="ROSN_ACQUISTI" type="xs:string" minOccurs="0" />
                <xs:element name="SLOV_ACQUISTI" type="xs:string" minOccurs="0" />
                <xs:element name="SVIZ_ACQUISTI" type="xs:string" minOccurs="0" />
                <xs:element name="BSP_ACQUISTI" type="xs:string" minOccurs="0" />
                <xs:element name="MALT_ACQUISTI" type="xs:string" minOccurs="0" />
                <xs:element name="XAUS_ACQUISTI" type="xs:string" minOccurs="0" />
                <xs:element name="XFRA_ACQUISTI" type="xs:string" minOccurs="0" />
                <xs:element name="TOTALE_VENDITE" type="xs:string" minOccurs="0" />
                <xs:element name="NAT_VENDITE" type="xs:string" minOccurs="0" />
                <xs:element name="CNOR_VENDITE" type="xs:string" minOccurs="0" />
                <xs:element name="CSUD_VENDITE" type="xs:string" minOccurs="0" />
                <xs:element name="NORD_VENDITE" type="xs:string" minOccurs="0" />
                <xs:element name="SARD_VENDITE" type="xs:string" minOccurs="0" />
                <xs:element name="SICI_VENDITE" type="xs:string" minOccurs="0" />
                <xs:element name="SUD_VENDITE" type="xs:string" minOccurs="0" />
                <xs:element name="AUST_VENDITE" type="xs:string" minOccurs="0" />
                <xs:element name="BRNN_VENDITE" type="xs:string" minOccurs="0" />
                <xs:element name="COAC_VENDITE" type="xs:string" minOccurs="0" />
                <xs:element name="CORS_VENDITE" type="xs:string" minOccurs="0" />
                <xs:element name="FOGN_VENDITE" type="xs:string" minOccurs="0" />
                <xs:element name="FRAN_VENDITE" type="xs:string" minOccurs="0" />
                <xs:element name="GREC_VENDITE" type="xs:string" minOccurs="0" />
                <xs:element name="MFTV_VENDITE" type="xs:string" minOccurs="0" />
                <xs:element name="PRGP_VENDITE" type="xs:string" minOccurs="0" />
                <xs:element name="ROSN_VENDITE" type="xs:string" minOccurs="0" />
                <xs:element name="SLOV_VENDITE" type="xs:string" minOccurs="0" />
                <xs:element name="SVIZ_VENDITE" type="xs:string" minOccurs="0" />
                <xs:element name="BSP_VENDITE" type="xs:string" minOccurs="0" />
                <xs:element name="MALT_VENDITE" type="xs:string" minOccurs="0" />
                <xs:element name="XAUS_VENDITE" type="xs:string" minOccurs="0" />
                <xs:element name="XFRA_VENDITE" type="xs:string" minOccurs="0" />
                <xs:element name="TOTITABSP_VENDITE" msdata:ReadOnly="true" msdata:Expression="Convert(TOTALE_VENDITE, System.Double) + Convert(BSP_VENDITE,System.Double)" type="xs:string" minOccurs="0" />
                <xs:element name="TOTITABSP_ACQUISTI" msdata:ReadOnly="true" msdata:Expression="Convert(TOTALE_ACQUISTI, System.Double) + Convert(BSP_ACQUISTI, System.Double)" type="xs:string" minOccurs="0" />
              </xs:sequence>
            </xs:complexType>
          </xs:element>
        </xs:choice>
      </xs:complexType>
    </xs:element>
  </xs:schema>
  <Quantita>
    <Data>20180421</Data>
    <Mercato>MGP</Mercato>
    <Ora>1</Ora>
    <TOTALE_ACQUISTI>27611,743</TOTALE_ACQUISTI>
    <NAT_ACQUISTI>27611,743000</NAT_ACQUISTI>
    <CNOR_ACQUISTI>2862,750000</CNOR_ACQUISTI>
    <CSUD_ACQUISTI>4230,779000</CSUD_ACQUISTI>
    <NORD_ACQUISTI>15618,249000</NORD_ACQUISTI>
    <SARD_ACQUISTI>862,764000</SARD_ACQUISTI>
    <SICI_ACQUISTI>1633,595000</SICI_ACQUISTI>
    <SUD_ACQUISTI>2186,606000</SUD_ACQUISTI>
    <AUST_ACQUISTI>0,000000</AUST_ACQUISTI>
    <BRNN_ACQUISTI>0,000000</BRNN_ACQUISTI>
    <COAC_ACQUISTI>20,000000</COAC_ACQUISTI>
    <CORS_ACQUISTI>5,000000</CORS_ACQUISTI>
    <FOGN_ACQUISTI>0,000000</FOGN_ACQUISTI>
    <FRAN_ACQUISTI>0,000000</FRAN_ACQUISTI>
    <GREC_ACQUISTI>133,000000</GREC_ACQUISTI>
    <MFTV_ACQUISTI>0,000000</MFTV_ACQUISTI>
    <PRGP_ACQUISTI>0,000000</PRGP_ACQUISTI>
    <ROSN_ACQUISTI>0,000000</ROSN_ACQUISTI>
    <SLOV_ACQUISTI>0,000000</SLOV_ACQUISTI>
    <SVIZ_ACQUISTI>0,000000</SVIZ_ACQUISTI>
    <BSP_ACQUISTI>0,000000</BSP_ACQUISTI>
    <MALT_ACQUISTI>59,000000</MALT_ACQUISTI>
    <XAUS_ACQUISTI>0,000000</XAUS_ACQUISTI>
    <XFRA_ACQUISTI>0,000000</XFRA_ACQUISTI>
    <TOTALE_VENDITE>24528,743</TOTALE_VENDITE>
    <NAT_VENDITE>27611,743000</NAT_VENDITE>
    <CNOR_VENDITE>1610,909000</CNOR_VENDITE>
    <CSUD_VENDITE>1703,482000</CSUD_VENDITE>
    <NORD_VENDITE>12955,561000</NORD_VENDITE>
    <SARD_VENDITE>720,870000</SARD_VENDITE>
    <SICI_VENDITE>628,776000</SICI_VENDITE>
    <SUD_VENDITE>2348,021000</SUD_VENDITE>
    <AUST_VENDITE>20,000000</AUST_VENDITE>
    <BRNN_VENDITE>835,624000</BRNN_VENDITE>
    <COAC_VENDITE>0,000000</COAC_VENDITE>
    <CORS_VENDITE>0,000000</CORS_VENDITE>
    <FOGN_VENDITE>32,349000</FOGN_VENDITE>
    <FRAN_VENDITE>99,000000</FRAN_VENDITE>
    <GREC_VENDITE>495,000000</GREC_VENDITE>
    <MFTV_VENDITE>0,000000</MFTV_VENDITE>
    <PRGP_VENDITE>0,000000</PRGP_VENDITE>
    <ROSN_VENDITE>40,151000</ROSN_VENDITE>
    <SLOV_VENDITE>0,000000</SLOV_VENDITE>
    <SVIZ_VENDITE>3039,000000</SVIZ_VENDITE>
    <BSP_VENDITE>505,000000</BSP_VENDITE>
    <MALT_VENDITE>0,000000</MALT_VENDITE>
    <XAUS_VENDITE>235,000000</XAUS_VENDITE>
    <XFRA_VENDITE>2343,000000</XFRA_VENDITE>
    <TOTITABSP_VENDITE>25033,743</TOTITABSP_VENDITE>
    <TOTITABSP_ACQUISTI>27611,743</TOTITABSP_ACQUISTI>
  </Quantita>
  <Quantita>
    <Data>20180421</Data>
    <Mercato>MGP</Mercato>
    <Ora>2</Ora>
    <TOTALE_ACQUISTI>26018,212</TOTALE_ACQUISTI>
    <NAT_ACQUISTI>26018,212000</NAT_ACQUISTI>
    <CNOR_ACQUISTI>2701,196000</CNOR_ACQUISTI>
    <CSUD_ACQUISTI>3879,797000</CSUD_ACQUISTI>
    <NORD_ACQUISTI>14829,914000</NORD_ACQUISTI>
    <SARD_ACQUISTI>806,969000</SARD_ACQUISTI>
    <SICI_ACQUISTI>1490,749000</SICI_ACQUISTI>
    <SUD_ACQUISTI>2092,587000</SUD_ACQUISTI>
    <AUST_ACQUISTI>0,000000</AUST_ACQUISTI>
    <BRNN_ACQUISTI>0,000000</BRNN_ACQUISTI>
    <COAC_ACQUISTI>20,000000</COAC_ACQUISTI>
    <CORS_ACQUISTI>5,000000</CORS_ACQUISTI>
    <FOGN_ACQUISTI>0,000000</FOGN_ACQUISTI>
    <FRAN_ACQUISTI>0,000000</FRAN_ACQUISTI>
    <GREC_ACQUISTI>139,000000</GREC_ACQUISTI>
    <MFTV_ACQUISTI>0,000000</MFTV_ACQUISTI>
    <PRGP_ACQUISTI>0,000000</PRGP_ACQUISTI>
    <ROSN_ACQUISTI>0,000000</ROSN_ACQUISTI>
    <SLOV_ACQUISTI>0,000000</SLOV_ACQUISTI>
    <SVIZ_ACQUISTI>0,000000</SVIZ_ACQUISTI>
    <BSP_ACQUISTI>0,000000</BSP_ACQUISTI>
    <MALT_ACQUISTI>53,000000</MALT_ACQUISTI>
    <XAUS_ACQUISTI>0,000000</XAUS_ACQUISTI>
    <XFRA_ACQUISTI>0,000000</XFRA_ACQUISTI>
    <TOTALE_VENDITE>22935,212</TOTALE_VENDITE>
    <NAT_VENDITE>26018,212000</NAT_VENDITE>
    <CNOR_VENDITE>1579,305000</CNOR_VENDITE>
    <CSUD_VENDITE>1481,651000</CSUD_VENDITE>
    <NORD_VENDITE>11885,265000</NORD_VENDITE>
    <SARD_VENDITE>718,638000</SARD_VENDITE>
    <SICI_VENDITE>653,390000</SICI_VENDITE>
    <SUD_VENDITE>2089,919000</SUD_VENDITE>
    <AUST_VENDITE>20,000000</AUST_VENDITE>
    <BRNN_VENDITE>834,309000</BRNN_VENDITE>
    <COAC_VENDITE>0,000000</COAC_VENDITE>
    <CORS_VENDITE>0,000000</CORS_VENDITE>
    <FOGN_VENDITE>17,430000</FOGN_VENDITE>
    <FRAN_VENDITE>99,000000</FRAN_VENDITE>
    <GREC_VENDITE>479,000000</GREC_VENDITE>
    <MFTV_VENDITE>0,000000</MFTV_VENDITE>
    <PRGP_VENDITE>0,000000</PRGP_VENDITE>
    <ROSN_VENDITE>38,305000</ROSN_VENDITE>
    <SLOV_VENDITE>0,000000</SLOV_VENDITE>
    <SVIZ_VENDITE>3039,000000</SVIZ_VENDITE>
    <BSP_VENDITE>505,000000</BSP_VENDITE>
    <MALT_VENDITE>0,000000</MALT_VENDITE>
    <XAUS_VENDITE>235,000000</XAUS_VENDITE>
    <XFRA_VENDITE>2343,000000</XFRA_VENDITE>
    <TOTITABSP_VENDITE>23440,212</TOTITABSP_VENDITE>
    <TOTITABSP_ACQUISTI>26018,212</TOTITABSP_ACQUISTI>
  </Quantita>
  <Quantita>
    <Data>20180421</Data>
    <Mercato>MGP</Mercato>
    <Ora>3</Ora>
    <TOTALE_ACQUISTI>25071,906</TOTALE_ACQUISTI>
    <NAT_ACQUISTI>25071,906000</NAT_ACQUISTI>
    <CNOR_ACQUISTI>2593,077000</CNOR_ACQUISTI>
    <CSUD_ACQUISTI>3697,667000</CSUD_ACQUISTI>
    <NORD_ACQUISTI>14360,294000</NORD_ACQUISTI>
    <SARD_ACQUISTI>785,091000</SARD_ACQUISTI>
    <SICI_ACQUISTI>1424,807000</SICI_ACQUISTI>
    <SUD_ACQUISTI>2019,970000</SUD_ACQUISTI>
    <AUST_ACQUISTI>0,000000</AUST_ACQUISTI>
    <BRNN_ACQUISTI>0,000000</BRNN_ACQUISTI>
    <COAC_ACQUISTI>20,000000</COAC_ACQUISTI>
    <CORS_ACQUISTI>5,000000</CORS_ACQUISTI>
    <FOGN_ACQUISTI>0,000000</FOGN_ACQUISTI>
    <FRAN_ACQUISTI>0,000000</FRAN_ACQUISTI>
    <GREC_ACQUISTI>124,000000</GREC_ACQUISTI>
    <MFTV_ACQUISTI>0,000000</MFTV_ACQUISTI>
    <PRGP_ACQUISTI>0,000000</PRGP_ACQUISTI>
    <ROSN_ACQUISTI>0,000000</ROSN_ACQUISTI>
    <SLOV_ACQUISTI>0,000000</SLOV_ACQUISTI>
    <SVIZ_ACQUISTI>0,000000</SVIZ_ACQUISTI>
    <BSP_ACQUISTI>0,000000</BSP_ACQUISTI>
    <MALT_ACQUISTI>42,000000</MALT_ACQUISTI>
    <XAUS_ACQUISTI>0,000000</XAUS_ACQUISTI>
    <XFRA_ACQUISTI>0,000000</XFRA_ACQUISTI>
    <TOTALE_VENDITE>21988,906</TOTALE_VENDITE>
    <NAT_VENDITE>25071,906000</NAT_VENDITE>
    <CNOR_VENDITE>1564,238000</CNOR_VENDITE>
    <CSUD_VENDITE>1429,341000</CSUD_VENDITE>
    <NORD_VENDITE>11291,581000</NORD_VENDITE>
    <SARD_VENDITE>719,919000</SARD_VENDITE>
    <SICI_VENDITE>652,191000</SICI_VENDITE>
    <SUD_VENDITE>1829,137000</SUD_VENDITE>
    <AUST_VENDITE>20,000000</AUST_VENDITE>
    <BRNN_VENDITE>828,555000</BRNN_VENDITE>
    <COAC_VENDITE>0,000000</COAC_VENDITE>
    <CORS_VENDITE>0,000000</CORS_VENDITE>
    <FOGN_VENDITE>13,539000</FOGN_VENDITE>
    <FRAN_VENDITE>99,000000</FRAN_VENDITE>
    <GREC_VENDITE>463,000000</GREC_VENDITE>
    <MFTV_VENDITE>0,000000</MFTV_VENDITE>
    <PRGP_VENDITE>0,000000</PRGP_VENDITE>
    <ROSN_VENDITE>39,405000</ROSN_VENDITE>
    <SLOV_VENDITE>0,000000</SLOV_VENDITE>
    <SVIZ_VENDITE>3039,000000</SVIZ_VENDITE>
    <BSP_VENDITE>505,000000</BSP_VENDITE>
    <MALT_VENDITE>0,000000</MALT_VENDITE>
    <XAUS_VENDITE>235,000000</XAUS_VENDITE>
    <XFRA_VENDITE>2343,000000</XFRA_VENDITE>
    <TOTITABSP_VENDITE>22493,906</TOTITABSP_VENDITE>
    <TOTITABSP_ACQUISTI>25071,906</TOTITABSP_ACQUISTI>
  </Quantita>
  <Quantita>
    <Data>20180421</Data>
    <Mercato>MGP</Mercato>
    <Ora>4</Ora>
    <TOTALE_ACQUISTI>24636,397</TOTALE_ACQUISTI>
    <NAT_ACQUISTI>24636,397000</NAT_ACQUISTI>
    <CNOR_ACQUISTI>2544,508000</CNOR_ACQUISTI>
    <CSUD_ACQUISTI>3618,483000</CSUD_ACQUISTI>
    <NORD_ACQUISTI>14080,497000</NORD_ACQUISTI>
    <SARD_ACQUISTI>774,747000</SARD_ACQUISTI>
    <SICI_ACQUISTI>1397,970000</SICI_ACQUISTI>
    <SUD_ACQUISTI>1996,192000</SUD_ACQUISTI>
    <AUST_ACQUISTI>0,000000</AUST_ACQUISTI>
    <BRNN_ACQUISTI>0,000000</BRNN_ACQUISTI>
    <COAC_ACQUISTI>20,000000</COAC_ACQUISTI>
    <CORS_ACQUISTI>5,000000</CORS_ACQUISTI>
    <FOGN_ACQUISTI>0,000000</FOGN_ACQUISTI>
    <FRAN_ACQUISTI>0,000000</FRAN_ACQUISTI>
    <GREC_ACQUISTI>158,000000</GREC_ACQUISTI>
    <MFTV_ACQUISTI>0,000000</MFTV_ACQUISTI>
    <PRGP_ACQUISTI>0,000000</PRGP_ACQUISTI>
    <ROSN_ACQUISTI>0,000000</ROSN_ACQUISTI>
    <SLOV_ACQUISTI>0,000000</SLOV_ACQUISTI>
    <SVIZ_ACQUISTI>0,000000</SVIZ_ACQUISTI>
    <BSP_ACQUISTI>0,000000</BSP_ACQUISTI>
    <MALT_ACQUISTI>41,000000</MALT_ACQUISTI>
    <XAUS_ACQUISTI>0,000000</XAUS_ACQUISTI>
    <XFRA_ACQUISTI>0,000000</XFRA_ACQUISTI>
    <TOTALE_VENDITE>21857,397</TOTALE_VENDITE>
    <NAT_VENDITE>24636,397000</NAT_VENDITE>
    <CNOR_VENDITE>1587,651000</CNOR_VENDITE>
    <CSUD_VENDITE>1372,617000</CSUD_VENDITE>
    <NORD_VENDITE>11512,660000</NORD_VENDITE>
    <SARD_VENDITE>719,419000</SARD_VENDITE>
    <SICI_VENDITE>630,040000</SICI_VENDITE>
    <SUD_VENDITE>1787,103000</SUD_VENDITE>
    <AUST_VENDITE>20,000000</AUST_VENDITE>
    <BRNN_VENDITE>823,821000</BRNN_VENDITE>
    <COAC_VENDITE>0,000000</COAC_VENDITE>
    <CORS_VENDITE>0,000000</CORS_VENDITE>
    <FOGN_VENDITE>17,860000</FOGN_VENDITE>
    <FRAN_VENDITE>99,000000</FRAN_VENDITE>
    <GREC_VENDITE>473,000000</GREC_VENDITE>
    <MFTV_VENDITE>0,000000</MFTV_VENDITE>
    <PRGP_VENDITE>0,000000</PRGP_VENDITE>
    <ROSN_VENDITE>41,226000</ROSN_VENDITE>
    <SLOV_VENDITE>0,000000</SLOV_VENDITE>
    <SVIZ_VENDITE>2773,000000</SVIZ_VENDITE>
    <BSP_VENDITE>456,000000</BSP_VENDITE>
    <MALT_VENDITE>0,000000</MALT_VENDITE>
    <XAUS_VENDITE>218,000000</XAUS_VENDITE>
    <XFRA_VENDITE>2105,000000</XFRA_VENDITE>
    <TOTITABSP_VENDITE>22313,397</TOTITABSP_VENDITE>
    <TOTITABSP_ACQUISTI>24636,397</TOTITABSP_ACQUISTI>
  </Quantita>
  <Quantita>
    <Data>20180421</Data>
    <Mercato>MGP</Mercato>
    <Ora>5</Ora>
    <TOTALE_ACQUISTI>24600,234</TOTALE_ACQUISTI>
    <NAT_ACQUISTI>24600,234000</NAT_ACQUISTI>
    <CNOR_ACQUISTI>2506,178000</CNOR_ACQUISTI>
    <CSUD_ACQUISTI>3599,573000</CSUD_ACQUISTI>
    <NORD_ACQUISTI>14066,460000</NORD_ACQUISTI>
    <SARD_ACQUISTI>785,843000</SARD_ACQUISTI>
    <SICI_ACQUISTI>1400,103000</SICI_ACQUISTI>
    <SUD_ACQUISTI>2013,077000</SUD_ACQUISTI>
    <AUST_ACQUISTI>0,000000</AUST_ACQUISTI>
    <BRNN_ACQUISTI>0,000000</BRNN_ACQUISTI>
    <COAC_ACQUISTI>20,000000</COAC_ACQUISTI>
    <CORS_ACQUISTI>5,000000</CORS_ACQUISTI>
    <FOGN_ACQUISTI>0,000000</FOGN_ACQUISTI>
    <FRAN_ACQUISTI>0,000000</FRAN_ACQUISTI>
    <GREC_ACQUISTI>158,000000</GREC_ACQUISTI>
    <MFTV_ACQUISTI>0,000000</MFTV_ACQUISTI>
    <PRGP_ACQUISTI>0,000000</PRGP_ACQUISTI>
    <ROSN_ACQUISTI>0,000000</ROSN_ACQUISTI>
    <SLOV_ACQUISTI>0,000000</SLOV_ACQUISTI>
    <SVIZ_ACQUISTI>0,000000</SVIZ_ACQUISTI>
    <BSP_ACQUISTI>0,000000</BSP_ACQUISTI>
    <MALT_ACQUISTI>46,000000</MALT_ACQUISTI>
    <XAUS_ACQUISTI>0,000000</XAUS_ACQUISTI>
    <XFRA_ACQUISTI>0,000000</XFRA_ACQUISTI>
    <TOTALE_VENDITE>21821,234</TOTALE_VENDITE>
    <NAT_VENDITE>24600,234000</NAT_VENDITE>
    <CNOR_VENDITE>1614,278000</CNOR_VENDITE>
    <CSUD_VENDITE>1324,330000</CSUD_VENDITE>
    <NORD_VENDITE>11682,246000</NORD_VENDITE>
    <SARD_VENDITE>715,191000</SARD_VENDITE>
    <SICI_VENDITE>621,867000</SICI_VENDITE>
    <SUD_VENDITE>1630,489000</SUD_VENDITE>
    <AUST_VENDITE>20,000000</AUST_VENDITE>
    <BRNN_VENDITE>813,478000</BRNN_VENDITE>
    <COAC_VENDITE>0,000000</COAC_VENDITE>
    <CORS_VENDITE>0,000000</CORS_VENDITE>
    <FOGN_VENDITE>13,664000</FOGN_VENDITE>
    <FRAN_VENDITE>99,000000</FRAN_VENDITE>
    <GREC_VENDITE>474,000000</GREC_VENDITE>
    <MFTV_VENDITE>0,000000</MFTV_VENDITE>
    <PRGP_VENDITE>0,000000</PRGP_VENDITE>
    <ROSN_VENDITE>39,691000</ROSN_VENDITE>
    <SLOV_VENDITE>0,000000</SLOV_VENDITE>
    <SVIZ_VENDITE>2773,000000</SVIZ_VENDITE>
    <BSP_VENDITE>456,000000</BSP_VENDITE>
    <MALT_VENDITE>0,000000</MALT_VENDITE>
    <XAUS_VENDITE>218,000000</XAUS_VENDITE>
    <XFRA_VENDITE>2105,000000</XFRA_VENDITE>
    <TOTITABSP_VENDITE>22277,234</TOTITABSP_VENDITE>
    <TOTITABSP_ACQUISTI>24600,234</TOTITABSP_ACQUISTI>
  </Quantita>
  <Quantita>
    <Data>20180421</Data>
    <Mercato>MGP</Mercato>
    <Ora>6</Ora>
    <TOTALE_ACQUISTI>24936,431</TOTALE_ACQUISTI>
    <NAT_ACQUISTI>24936,431000</NAT_ACQUISTI>
    <CNOR_ACQUISTI>2500,013000</CNOR_ACQUISTI>
    <CSUD_ACQUISTI>3661,278000</CSUD_ACQUISTI>
    <NORD_ACQUISTI>14223,645000</NORD_ACQUISTI>
    <SARD_ACQUISTI>792,810000</SARD_ACQUISTI>
    <SICI_ACQUISTI>1444,158000</SICI_ACQUISTI>
    <SUD_ACQUISTI>2039,527000</SUD_ACQUISTI>
    <AUST_ACQUISTI>0,000000</AUST_ACQUISTI>
    <BRNN_ACQUISTI>0,000000</BRNN_ACQUISTI>
    <COAC_ACQUISTI>20,000000</COAC_ACQUISTI>
    <CORS_ACQUISTI>5,000000</CORS_ACQUISTI>
    <FOGN_ACQUISTI>0,000000</FOGN_ACQUISTI>
    <FRAN_ACQUISTI>0,000000</FRAN_ACQUISTI>
    <GREC_ACQUISTI>193,000000</GREC_ACQUISTI>
    <MFTV_ACQUISTI>0,000000</MFTV_ACQUISTI>
    <PRGP_ACQUISTI>0,000000</PRGP_ACQUISTI>
    <ROSN_ACQUISTI>0,000000</ROSN_ACQUISTI>
    <SLOV_ACQUISTI>0,000000</SLOV_ACQUISTI>
    <SVIZ_ACQUISTI>0,000000</SVIZ_ACQUISTI>
    <BSP_ACQUISTI>0,000000</BSP_ACQUISTI>
    <MALT_ACQUISTI>57,000000</MALT_ACQUISTI>
    <XAUS_ACQUISTI>0,000000</XAUS_ACQUISTI>
    <XFRA_ACQUISTI>0,000000</XFRA_ACQUISTI>
    <TOTALE_VENDITE>22157,431</TOTALE_VENDITE>
    <NAT_VENDITE>24936,431000</NAT_VENDITE>
    <CNOR_VENDITE>1602,371000</CNOR_VENDITE>
    <CSUD_VENDITE>1646,769000</CSUD_VENDITE>
    <NORD_VENDITE>11850,287000</NORD_VENDITE>
    <SARD_VENDITE>716,768000</SARD_VENDITE>
    <SICI_VENDITE>634,103000</SICI_VENDITE>
    <SUD_VENDITE>1485,211000</SUD_VENDITE>
    <AUST_VENDITE>20,000000</AUST_VENDITE>
    <BRNN_VENDITE>806,575000</BRNN_VENDITE>
    <COAC_VENDITE>0,000000</COAC_VENDITE>
    <CORS_VENDITE>0,000000</CORS_VENDITE>
    <FOGN_VENDITE>10,386000</FOGN_VENDITE>
    <FRAN_VENDITE>99,000000</FRAN_VENDITE>
    <GREC_VENDITE>478,000000</GREC_VENDITE>
    <MFTV_VENDITE>0,000000</MFTV_VENDITE>
    <PRGP_VENDITE>0,000000</PRGP_VENDITE>
    <ROSN_VENDITE>34,961000</ROSN_VENDITE>
    <SLOV_VENDITE>0,000000</SLOV_VENDITE>
    <SVIZ_VENDITE>2773,000000</SVIZ_VENDITE>
    <BSP_VENDITE>456,000000</BSP_VENDITE>
    <MALT_VENDITE>0,000000</MALT_VENDITE>
    <XAUS_VENDITE>218,000000</XAUS_VENDITE>
    <XFRA_VENDITE>2105,000000</XFRA_VENDITE>
    <TOTITABSP_VENDITE>22613,431</TOTITABSP_VENDITE>
    <TOTITABSP_ACQUISTI>24936,431</TOTITABSP_ACQUISTI>
  </Quantita>
  <Quantita>
    <Data>20180421</Data>
    <Mercato>MGP</Mercato>
    <Ora>7</Ora>
    <TOTALE_ACQUISTI>25738,059</TOTALE_ACQUISTI>
    <NAT_ACQUISTI>25711,262000</NAT_ACQUISTI>
    <CNOR_ACQUISTI>2559,008000</CNOR_ACQUISTI>
    <CSUD_ACQUISTI>3751,565000</CSUD_ACQUISTI>
    <NORD_ACQUISTI>14807,856000</NORD_ACQUISTI>
    <SARD_ACQUISTI>834,293000</SARD_ACQUISTI>
    <SICI_ACQUISTI>1451,099000</SICI_ACQUISTI>
    <SUD_ACQUISTI>2055,238000</SUD_ACQUISTI>
    <AUST_ACQUISTI>0,000000</AUST_ACQUISTI>
    <BRNN_ACQUISTI>0,000000</BRNN_ACQUISTI>
    <COAC_ACQUISTI>20,000000</COAC_ACQUISTI>
    <CORS_ACQUISTI>5,000000</CORS_ACQUISTI>
    <FOGN_ACQUISTI>0,000000</FOGN_ACQUISTI>
    <FRAN_ACQUISTI>0,000000</FRAN_ACQUISTI>
    <GREC_ACQUISTI>178,000000</GREC_ACQUISTI>
    <MFTV_ACQUISTI>0,000000</MFTV_ACQUISTI>
    <PRGP_ACQUISTI>0,000000</PRGP_ACQUISTI>
    <ROSN_ACQUISTI>0,000000</ROSN_ACQUISTI>
    <SLOV_ACQUISTI>0,000000</SLOV_ACQUISTI>
    <SVIZ_ACQUISTI>0,000000</SVIZ_ACQUISTI>
    <BSP_ACQUISTI>0,000000</BSP_ACQUISTI>
    <MALT_ACQUISTI>76,000000</MALT_ACQUISTI>
    <XAUS_ACQUISTI>0,000000</XAUS_ACQUISTI>
    <XFRA_ACQUISTI>0,000000</XFRA_ACQUISTI>
    <TOTALE_VENDITE>22519,059</TOTALE_VENDITE>
    <NAT_VENDITE>25711,262000</NAT_VENDITE>
    <CNOR_VENDITE>1664,631000</CNOR_VENDITE>
    <CSUD_VENDITE>1916,892000</CSUD_VENDITE>
    <NORD_VENDITE>11601,233000</NORD_VENDITE>
    <SARD_VENDITE>720,510000</SARD_VENDITE>
    <SICI_VENDITE>612,593000</SICI_VENDITE>
    <SUD_VENDITE>1370,845000</SUD_VENDITE>
    <AUST_VENDITE>20,000000</AUST_VENDITE>
    <BRNN_VENDITE>861,592000</BRNN_VENDITE>
    <COAC_VENDITE>0,000000</COAC_VENDITE>
    <CORS_VENDITE>0,000000</CORS_VENDITE>
    <FOGN_VENDITE>7,671000</FOGN_VENDITE>
    <FRAN_VENDITE>99,000000</FRAN_VENDITE>
    <GREC_VENDITE>453,000000</GREC_VENDITE>
    <MFTV_VENDITE>0,000000</MFTV_VENDITE>
    <PRGP_VENDITE>0,205000</PRGP_VENDITE>
    <ROSN_VENDITE>27,887000</ROSN_VENDITE>
    <SLOV_VENDITE>0,000000</SLOV_VENDITE>
    <SVIZ_VENDITE>3163,000000</SVIZ_VENDITE>
    <BSP_VENDITE>529,000000</BSP_VENDITE>
    <MALT_VENDITE>0,000000</MALT_VENDITE>
    <XAUS_VENDITE>244,000000</XAUS_VENDITE>
    <XFRA_VENDITE>2446,000000</XFRA_VENDITE>
    <TOTITABSP_VENDITE>23048,059</TOTITABSP_VENDITE>
    <TOTITABSP_ACQUISTI>25738,059</TOTITABSP_ACQUISTI>
  </Quantita>
  <Quantita>
    <Data>20180421</Data>
    <Mercato>MGP</Mercato>
    <Ora>8</Ora>
    <TOTALE_ACQUISTI>28292,975</TOTALE_ACQUISTI>
    <NAT_ACQUISTI>28294,463000</NAT_ACQUISTI>
    <CNOR_ACQUISTI>2841,892000</CNOR_ACQUISTI>
    <CSUD_ACQUISTI>4218,144000</CSUD_ACQUISTI>
    <NORD_ACQUISTI>16103,860000</NORD_ACQUISTI>
    <SARD_ACQUISTI>924,411000</SARD_ACQUISTI>
    <SICI_ACQUISTI>1671,116000</SICI_ACQUISTI>
    <SUD_ACQUISTI>2394,040000</SUD_ACQUISTI>
    <AUST_ACQUISTI>0,000000</AUST_ACQUISTI>
    <BRNN_ACQUISTI>0,000000</BRNN_ACQUISTI>
    <COAC_ACQUISTI>20,000000</COAC_ACQUISTI>
    <CORS_ACQUISTI>5,000000</CORS_ACQUISTI>
    <FOGN_ACQUISTI>0,000000</FOGN_ACQUISTI>
    <FRAN_ACQUISTI>0,000000</FRAN_ACQUISTI>
    <GREC_ACQUISTI>13,512000</GREC_ACQUISTI>
    <MFTV_ACQUISTI>0,000000</MFTV_ACQUISTI>
    <PRGP_ACQUISTI>0,000000</PRGP_ACQUISTI>
    <ROSN_ACQUISTI>0,000000</ROSN_ACQUISTI>
    <SLOV_ACQUISTI>0,000000</SLOV_ACQUISTI>
    <SVIZ_ACQUISTI>0,000000</SVIZ_ACQUISTI>
    <BSP_ACQUISTI>0,000000</BSP_ACQUISTI>
    <MALT_ACQUISTI>101,000000</MALT_ACQUISTI>
    <XAUS_ACQUISTI>0,000000</XAUS_ACQUISTI>
    <XFRA_ACQUISTI>0,000000</XFRA_ACQUISTI>
    <TOTALE_VENDITE>25998,975</TOTALE_VENDITE>
    <NAT_VENDITE>28294,463000</NAT_VENDITE>
    <CNOR_VENDITE>1857,028000</CNOR_VENDITE>
    <CSUD_VENDITE>2491,284000</CSUD_VENDITE>
    <NORD_VENDITE>14488,724000</NORD_VENDITE>
    <SARD_VENDITE>734,262000</SARD_VENDITE>
    <SICI_VENDITE>705,505000</SICI_VENDITE>
    <SUD_VENDITE>1645,359000</SUD_VENDITE>
    <AUST_VENDITE>20,000000</AUST_VENDITE>
    <BRNN_VENDITE>892,802000</BRNN_VENDITE>
    <COAC_VENDITE>0,000000</COAC_VENDITE>
    <CORS_VENDITE>0,000000</CORS_VENDITE>
    <FOGN_VENDITE>3,849000</FOGN_VENDITE>
    <FRAN_VENDITE>99,000000</FRAN_VENDITE>
    <GREC_VENDITE>450,000000</GREC_VENDITE>
    <MFTV_VENDITE>0,000000</MFTV_VENDITE>
    <PRGP_VENDITE>1,649000</PRGP_VENDITE>
    <ROSN_VENDITE>22,513000</ROSN_VENDITE>
    <SLOV_VENDITE>0,000000</SLOV_VENDITE>
    <SVIZ_VENDITE>2587,000000</SVIZ_VENDITE>
    <BSP_VENDITE>415,000000</BSP_VENDITE>
    <MALT_VENDITE>0,000000</MALT_VENDITE>
    <XAUS_VENDITE>190,000000</XAUS_VENDITE>
    <XFRA_VENDITE>1689,000000</XFRA_VENDITE>
    <TOTITABSP_VENDITE>26413,975</TOTITABSP_VENDITE>
    <TOTITABSP_ACQUISTI>28292,975</TOTITABSP_ACQUISTI>
  </Quantita>
  <Quantita>
    <Data>20180421</Data>
    <Mercato>MGP</Mercato>
    <Ora>9</Ora>
    <TOTALE_ACQUISTI>30328,609</TOTALE_ACQUISTI>
    <NAT_ACQUISTI>30328,609000</NAT_ACQUISTI>
    <CNOR_ACQUISTI>3099,334000</CNOR_ACQUISTI>
    <CSUD_ACQUISTI>4675,160000</CSUD_ACQUISTI>
    <NORD_ACQUISTI>17090,863000</NORD_ACQUISTI>
    <SARD_ACQUISTI>990,998000</SARD_ACQUISTI>
    <SICI_ACQUISTI>1859,961000</SICI_ACQUISTI>
    <SUD_ACQUISTI>2479,293000</SUD_ACQUISTI>
    <AUST_ACQUISTI>0,000000</AUST_ACQUISTI>
    <BRNN_ACQUISTI>0,000000</BRNN_ACQUISTI>
    <COAC_ACQUISTI>20,000000</COAC_ACQUISTI>
    <CORS_ACQUISTI>5,000000</CORS_ACQUISTI>
    <FOGN_ACQUISTI>0,000000</FOGN_ACQUISTI>
    <FRAN_ACQUISTI>0,000000</FRAN_ACQUISTI>
    <GREC_ACQUISTI>0,000000</GREC_ACQUISTI>
    <MFTV_ACQUISTI>0,000000</MFTV_ACQUISTI>
    <PRGP_ACQUISTI>0,000000</PRGP_ACQUISTI>
    <ROSN_ACQUISTI>0,000000</ROSN_ACQUISTI>
    <SLOV_ACQUISTI>0,000000</SLOV_ACQUISTI>
    <SVIZ_ACQUISTI>0,000000</SVIZ_ACQUISTI>
    <BSP_ACQUISTI>0,000000</BSP_ACQUISTI>
    <MALT_ACQUISTI>108,000000</MALT_ACQUISTI>
    <XAUS_ACQUISTI>0,000000</XAUS_ACQUISTI>
    <XFRA_ACQUISTI>0,000000</XFRA_ACQUISTI>
    <TOTALE_VENDITE>28770,609</TOTALE_VENDITE>
    <NAT_VENDITE>30328,609000</NAT_VENDITE>
    <CNOR_VENDITE>2513,351000</CNOR_VENDITE>
    <CSUD_VENDITE>2719,365000</CSUD_VENDITE>
    <NORD_VENDITE>16513,125000</NORD_VENDITE>
    <SARD_VENDITE>783,681000</SARD_VENDITE>
    <SICI_VENDITE>931,397000</SICI_VENDITE>
    <SUD_VENDITE>1969,288000</SUD_VENDITE>
    <AUST_VENDITE>20,000000</AUST_VENDITE>
    <BRNN_VENDITE>887,292000</BRNN_VENDITE>
    <COAC_VENDITE>0,000000</COAC_VENDITE>
    <CORS_VENDITE>0,000000</CORS_VENDITE>
    <FOGN_VENDITE>4,824000</FOGN_VENDITE>
    <FRAN_VENDITE>99,000000</FRAN_VENDITE>
    <GREC_VENDITE>481,000000</GREC_VENDITE>
    <MFTV_VENDITE>0,000000</MFTV_VENDITE>
    <PRGP_VENDITE>3,821000</PRGP_VENDITE>
    <ROSN_VENDITE>21,465000</ROSN_VENDITE>
    <SLOV_VENDITE>0,000000</SLOV_VENDITE>
    <SVIZ_VENDITE>1823,000000</SVIZ_VENDITE>
    <BSP_VENDITE>286,000000</BSP_VENDITE>
    <MALT_VENDITE>0,000000</MALT_VENDITE>
    <XAUS_VENDITE>138,000000</XAUS_VENDITE>
    <XFRA_VENDITE>1134,000000</XFRA_VENDITE>
    <TOTITABSP_VENDITE>29056,609</TOTITABSP_VENDITE>
    <TOTITABSP_ACQUISTI>30328,609</TOTITABSP_ACQUISTI>
  </Quantita>
  <Quantita>
    <Data>20180421</Data>
    <Mercato>MGP</Mercato>
    <Ora>10</Ora>
    <TOTALE_ACQUISTI>31021,201</TOTALE_ACQUISTI>
    <NAT_ACQUISTI>31021,201000</NAT_ACQUISTI>
    <CNOR_ACQUISTI>3192,416000</CNOR_ACQUISTI>
    <CSUD_ACQUISTI>4929,021000</CSUD_ACQUISTI>
    <NORD_ACQUISTI>17352,982000</NORD_ACQUISTI>
    <SARD_ACQUISTI>978,453000</SARD_ACQUISTI>
    <SICI_ACQUISTI>1931,117000</SICI_ACQUISTI>
    <SUD_ACQUISTI>2500,212000</SUD_ACQUISTI>
    <AUST_ACQUISTI>0,000000</AUST_ACQUISTI>
    <BRNN_ACQUISTI>0,000000</BRNN_ACQUISTI>
    <COAC_ACQUISTI>20,000000</COAC_ACQUISTI>
    <CORS_ACQUISTI>5,000000</CORS_ACQUISTI>
    <FOGN_ACQUISTI>0,000000</FOGN_ACQUISTI>
    <FRAN_ACQUISTI>0,000000</FRAN_ACQUISTI>
    <GREC_ACQUISTI>0,000000</GREC_ACQUISTI>
    <MFTV_ACQUISTI>0,000000</MFTV_ACQUISTI>
    <PRGP_ACQUISTI>0,000000</PRGP_ACQUISTI>
    <ROSN_ACQUISTI>0,000000</ROSN_ACQUISTI>
    <SLOV_ACQUISTI>0,000000</SLOV_ACQUISTI>
    <SVIZ_ACQUISTI>0,000000</SVIZ_ACQUISTI>
    <BSP_ACQUISTI>0,000000</BSP_ACQUISTI>
    <MALT_ACQUISTI>112,000000</MALT_ACQUISTI>
    <XAUS_ACQUISTI>0,000000</XAUS_ACQUISTI>
    <XFRA_ACQUISTI>0,000000</XFRA_ACQUISTI>
    <TOTALE_VENDITE>30203,201</TOTALE_VENDITE>
    <NAT_VENDITE>31021,201000</NAT_VENDITE>
    <CNOR_VENDITE>2785,658000</CNOR_VENDITE>
    <CSUD_VENDITE>3110,758000</CSUD_VENDITE>
    <NORD_VENDITE>17287,934000</NORD_VENDITE>
    <SARD_VENDITE>878,473000</SARD_VENDITE>
    <SICI_VENDITE>1090,395000</SICI_VENDITE>
    <SUD_VENDITE>2383,235000</SUD_VENDITE>
    <AUST_VENDITE>16,000000</AUST_VENDITE>
    <BRNN_VENDITE>948,242000</BRNN_VENDITE>
    <COAC_VENDITE>0,000000</COAC_VENDITE>
    <CORS_VENDITE>0,000000</CORS_VENDITE>
    <FOGN_VENDITE>8,286000</FOGN_VENDITE>
    <FRAN_VENDITE>99,000000</FRAN_VENDITE>
    <GREC_VENDITE>495,000000</GREC_VENDITE>
    <MFTV_VENDITE>0,000000</MFTV_VENDITE>
    <PRGP_VENDITE>6,053000</PRGP_VENDITE>
    <ROSN_VENDITE>26,167000</ROSN_VENDITE>
    <SLOV_VENDITE>0,000000</SLOV_VENDITE>
    <SVIZ_VENDITE>1068,000000</SVIZ_VENDITE>
    <BSP_VENDITE>155,000000</BSP_VENDITE>
    <MALT_VENDITE>0,000000</MALT_VENDITE>
    <XAUS_VENDITE>95,000000</XAUS_VENDITE>
    <XFRA_VENDITE>568,000000</XFRA_VENDITE>
    <TOTITABSP_VENDITE>30358,201</TOTITABSP_VENDITE>
    <TOTITABSP_ACQUISTI>31021,201</TOTITABSP_ACQUISTI>
  </Quantita>
  <Quantita>
    <Data>20180421</Data>
    <Mercato>MGP</Mercato>
    <Ora>11</Ora>
    <TOTALE_ACQUISTI>30467,299</TOTALE_ACQUISTI>
    <NAT_ACQUISTI>30467,299000</NAT_ACQUISTI>
    <CNOR_ACQUISTI>3132,855000</CNOR_ACQUISTI>
    <CSUD_ACQUISTI>4905,833000</CSUD_ACQUISTI>
    <NORD_ACQUISTI>17006,260000</NORD_ACQUISTI>
    <SARD_ACQUISTI>936,814000</SARD_ACQUISTI>
    <SICI_ACQUISTI>1899,925000</SICI_ACQUISTI>
    <SUD_ACQUISTI>2433,612000</SUD_ACQUISTI>
    <AUST_ACQUISTI>0,000000</AUST_ACQUISTI>
    <BRNN_ACQUISTI>0,000000</BRNN_ACQUISTI>
    <COAC_ACQUISTI>20,000000</COAC_ACQUISTI>
    <CORS_ACQUISTI>5,000000</CORS_ACQUISTI>
    <FOGN_ACQUISTI>0,000000</FOGN_ACQUISTI>
    <FRAN_ACQUISTI>0,000000</FRAN_ACQUISTI>
    <GREC_ACQUISTI>15,000000</GREC_ACQUISTI>
    <MFTV_ACQUISTI>0,000000</MFTV_ACQUISTI>
    <PRGP_ACQUISTI>0,000000</PRGP_ACQUISTI>
    <ROSN_ACQUISTI>0,000000</ROSN_ACQUISTI>
    <SLOV_ACQUISTI>0,000000</SLOV_ACQUISTI>
    <SVIZ_ACQUISTI>0,000000</SVIZ_ACQUISTI>
    <BSP_ACQUISTI>0,000000</BSP_ACQUISTI>
    <MALT_ACQUISTI>112,000000</MALT_ACQUISTI>
    <XAUS_ACQUISTI>0,000000</XAUS_ACQUISTI>
    <XFRA_ACQUISTI>0,000000</XFRA_ACQUISTI>
    <TOTALE_VENDITE>29571,299</TOTALE_VENDITE>
    <NAT_VENDITE>30467,299000</NAT_VENDITE>
    <CNOR_VENDITE>2579,251000</CNOR_VENDITE>
    <CSUD_VENDITE>3330,816000</CSUD_VENDITE>
    <NORD_VENDITE>16299,943000</NORD_VENDITE>
    <SARD_VENDITE>947,669000</SARD_VENDITE>
    <SICI_VENDITE>1116,351000</SICI_VENDITE>
    <SUD_VENDITE>2819,965000</SUD_VENDITE>
    <AUST_VENDITE>0,000000</AUST_VENDITE>
    <BRNN_VENDITE>864,298000</BRNN_VENDITE>
    <COAC_VENDITE>0,000000</COAC_VENDITE>
    <CORS_VENDITE>0,000000</CORS_VENDITE>
    <FOGN_VENDITE>10,705000</FOGN_VENDITE>
    <FRAN_VENDITE>99,000000</FRAN_VENDITE>
    <GREC_VENDITE>460,000000</GREC_VENDITE>
    <MFTV_VENDITE>0,000000</MFTV_VENDITE>
    <PRGP_VENDITE>7,716000</PRGP_VENDITE>
    <ROSN_VENDITE>30,585000</ROSN_VENDITE>
    <SLOV_VENDITE>0,000000</SLOV_VENDITE>
    <SVIZ_VENDITE>1005,000000</SVIZ_VENDITE>
    <BSP_VENDITE>173,000000</BSP_VENDITE>
    <MALT_VENDITE>0,000000</MALT_VENDITE>
    <XAUS_VENDITE>75,000000</XAUS_VENDITE>
    <XFRA_VENDITE>648,000000</XFRA_VENDITE>
    <TOTITABSP_VENDITE>29744,299</TOTITABSP_VENDITE>
    <TOTITABSP_ACQUISTI>30467,299</TOTITABSP_ACQUISTI>
  </Quantita>
  <Quantita>
    <Data>20180421</Data>
    <Mercato>MGP</Mercato>
    <Ora>12</Ora>
    <TOTALE_ACQUISTI>29595,197</TOTALE_ACQUISTI>
    <NAT_ACQUISTI>29595,197000</NAT_ACQUISTI>
    <CNOR_ACQUISTI>3076,210000</CNOR_ACQUISTI>
    <CSUD_ACQUISTI>4811,799000</CSUD_ACQUISTI>
    <NORD_ACQUISTI>16406,024000</NORD_ACQUISTI>
    <SARD_ACQUISTI>898,717000</SARD_ACQUISTI>
    <SICI_ACQUISTI>1845,702000</SICI_ACQUISTI>
    <SUD_ACQUISTI>2371,745000</SUD_ACQUISTI>
    <AUST_ACQUISTI>0,000000</AUST_ACQUISTI>
    <BRNN_ACQUISTI>0,000000</BRNN_ACQUISTI>
    <COAC_ACQUISTI>20,000000</COAC_ACQUISTI>
    <CORS_ACQUISTI>5,000000</CORS_ACQUISTI>
    <FOGN_ACQUISTI>0,000000</FOGN_ACQUISTI>
    <FRAN_ACQUISTI>0,000000</FRAN_ACQUISTI>
    <GREC_ACQUISTI>65,000000</GREC_ACQUISTI>
    <MFTV_ACQUISTI>0,000000</MFTV_ACQUISTI>
    <PRGP_ACQUISTI>0,000000</PRGP_ACQUISTI>
    <ROSN_ACQUISTI>0,000000</ROSN_ACQUISTI>
    <SLOV_ACQUISTI>0,000000</SLOV_ACQUISTI>
    <SVIZ_ACQUISTI>0,000000</SVIZ_ACQUISTI>
    <BSP_ACQUISTI>0,000000</BSP_ACQUISTI>
    <MALT_ACQUISTI>95,000000</MALT_ACQUISTI>
    <XAUS_ACQUISTI>0,000000</XAUS_ACQUISTI>
    <XFRA_ACQUISTI>0,000000</XFRA_ACQUISTI>
    <TOTALE_VENDITE>28699,197</TOTALE_VENDITE>
    <NAT_VENDITE>29595,197000</NAT_VENDITE>
    <CNOR_VENDITE>2727,482000</CNOR_VENDITE>
    <CSUD_VENDITE>2829,519000</CSUD_VENDITE>
    <NORD_VENDITE>15550,045000</NORD_VENDITE>
    <SARD_VENDITE>1009,690000</SARD_VENDITE>
    <SICI_VENDITE>1165,330000</SICI_VENDITE>
    <SUD_VENDITE>2986,379000</SUD_VENDITE>
    <AUST_VENDITE>0,000000</AUST_VENDITE>
    <BRNN_VENDITE>777,315000</BRNN_VENDITE>
    <COAC_VENDITE>0,000000</COAC_VENDITE>
    <CORS_VENDITE>0,000000</CORS_VENDITE>
    <FOGN_VENDITE>11,964000</FOGN_VENDITE>
    <FRAN_VENDITE>99,000000</FRAN_VENDITE>
    <GREC_VENDITE>495,000000</GREC_VENDITE>
    <MFTV_VENDITE>0,000000</MFTV_VENDITE>
    <PRGP_VENDITE>8,458000</PRGP_VENDITE>
    <ROSN_VENDITE>34,015000</ROSN_VENDITE>
    <SLOV_VENDITE>0,000000</SLOV_VENDITE>
    <SVIZ_VENDITE>1005,000000</SVIZ_VENDITE>
    <BSP_VENDITE>173,000000</BSP_VENDITE>
    <MALT_VENDITE>0,000000</MALT_VENDITE>
    <XAUS_VENDITE>75,000000</XAUS_VENDITE>
    <XFRA_VENDITE>648,000000</XFRA_VENDITE>
    <TOTITABSP_VENDITE>28872,197</TOTITABSP_VENDITE>
    <TOTITABSP_ACQUISTI>29595,197</TOTITABSP_ACQUISTI>
  </Quantita>
  <Quantita>
    <Data>20180421</Data>
    <Mercato>MGP</Mercato>
    <Ora>13</Ora>
    <TOTALE_ACQUISTI>28346,481</TOTALE_ACQUISTI>
    <NAT_ACQUISTI>28346,481000</NAT_ACQUISTI>
    <CNOR_ACQUISTI>2939,780000</CNOR_ACQUISTI>
    <CSUD_ACQUISTI>4757,983000</CSUD_ACQUISTI>
    <NORD_ACQUISTI>15362,119000</NORD_ACQUISTI>
    <SARD_ACQUISTI>891,442000</SARD_ACQUISTI>
    <SICI_ACQUISTI>1814,856000</SICI_ACQUISTI>
    <SUD_ACQUISTI>2371,301000</SUD_ACQUISTI>
    <AUST_ACQUISTI>0,000000</AUST_ACQUISTI>
    <BRNN_ACQUISTI>0,000000</BRNN_ACQUISTI>
    <COAC_ACQUISTI>20,000000</COAC_ACQUISTI>
    <CORS_ACQUISTI>5,000000</CORS_ACQUISTI>
    <FOGN_ACQUISTI>0,000000</FOGN_ACQUISTI>
    <FRAN_ACQUISTI>0,000000</FRAN_ACQUISTI>
    <GREC_ACQUISTI>93,000000</GREC_ACQUISTI>
    <MFTV_ACQUISTI>0,000000</MFTV_ACQUISTI>
    <PRGP_ACQUISTI>0,000000</PRGP_ACQUISTI>
    <ROSN_ACQUISTI>0,000000</ROSN_ACQUISTI>
    <SLOV_ACQUISTI>0,000000</SLOV_ACQUISTI>
    <SVIZ_ACQUISTI>0,000000</SVIZ_ACQUISTI>
    <BSP_ACQUISTI>0,000000</BSP_ACQUISTI>
    <MALT_ACQUISTI>91,000000</MALT_ACQUISTI>
    <XAUS_ACQUISTI>0,000000</XAUS_ACQUISTI>
    <XFRA_ACQUISTI>0,000000</XFRA_ACQUISTI>
    <TOTALE_VENDITE>27450,481</TOTALE_VENDITE>
    <NAT_VENDITE>28346,481000</NAT_VENDITE>
    <CNOR_VENDITE>2717,547000</CNOR_VENDITE>
    <CSUD_VENDITE>2624,920000</CSUD_VENDITE>
    <NORD_VENDITE>14499,551000</NORD_VENDITE>
    <SARD_VENDITE>1040,798000</SARD_VENDITE>
    <SICI_VENDITE>1194,163000</SICI_VENDITE>
    <SUD_VENDITE>3001,021000</SUD_VENDITE>
    <AUST_VENDITE>0,000000</AUST_VENDITE>
    <BRNN_VENDITE>779,750000</BRNN_VENDITE>
    <COAC_VENDITE>0,000000</COAC_VENDITE>
    <CORS_VENDITE>0,000000</CORS_VENDITE>
    <FOGN_VENDITE>12,807000</FOGN_VENDITE>
    <FRAN_VENDITE>99,000000</FRAN_VENDITE>
    <GREC_VENDITE>413,000000</GREC_VENDITE>
    <MFTV_VENDITE>0,000000</MFTV_VENDITE>
    <PRGP_VENDITE>8,610000</PRGP_VENDITE>
    <ROSN_VENDITE>54,314000</ROSN_VENDITE>
    <SLOV_VENDITE>0,000000</SLOV_VENDITE>
    <SVIZ_VENDITE>1005,000000</SVIZ_VENDITE>
    <BSP_VENDITE>173,000000</BSP_VENDITE>
    <MALT_VENDITE>0,000000</MALT_VENDITE>
    <XAUS_VENDITE>75,000000</XAUS_VENDITE>
    <XFRA_VENDITE>648,000000</XFRA_VENDITE>
    <TOTITABSP_VENDITE>27623,481</TOTITABSP_VENDITE>
    <TOTITABSP_ACQUISTI>28346,481</TOTITABSP_ACQUISTI>
  </Quantita>
  <Quantita>
    <Data>20180421</Data>
    <Mercato>MGP</Mercato>
    <Ora>14</Ora>
    <TOTALE_ACQUISTI>27331,04</TOTALE_ACQUISTI>
    <NAT_ACQUISTI>27331,040000</NAT_ACQUISTI>
    <CNOR_ACQUISTI>2808,790000</CNOR_ACQUISTI>
    <CSUD_ACQUISTI>4567,540000</CSUD_ACQUISTI>
    <NORD_ACQUISTI>14833,513000</NORD_ACQUISTI>
    <SARD_ACQUISTI>864,395000</SARD_ACQUISTI>
    <SICI_ACQUISTI>1742,960000</SICI_ACQUISTI>
    <SUD_ACQUISTI>2245,842000</SUD_ACQUISTI>
    <AUST_ACQUISTI>0,000000</AUST_ACQUISTI>
    <BRNN_ACQUISTI>0,000000</BRNN_ACQUISTI>
    <COAC_ACQUISTI>20,000000</COAC_ACQUISTI>
    <CORS_ACQUISTI>5,000000</CORS_ACQUISTI>
    <FOGN_ACQUISTI>0,000000</FOGN_ACQUISTI>
    <FRAN_ACQUISTI>0,000000</FRAN_ACQUISTI>
    <GREC_ACQUISTI>168,000000</GREC_ACQUISTI>
    <MFTV_ACQUISTI>0,000000</MFTV_ACQUISTI>
    <PRGP_ACQUISTI>0,000000</PRGP_ACQUISTI>
    <ROSN_ACQUISTI>0,000000</ROSN_ACQUISTI>
    <SLOV_ACQUISTI>0,000000</SLOV_ACQUISTI>
    <SVIZ_ACQUISTI>0,000000</SVIZ_ACQUISTI>
    <BSP_ACQUISTI>0,000000</BSP_ACQUISTI>
    <MALT_ACQUISTI>75,000000</MALT_ACQUISTI>
    <XAUS_ACQUISTI>0,000000</XAUS_ACQUISTI>
    <XFRA_ACQUISTI>0,000000</XFRA_ACQUISTI>
    <TOTALE_VENDITE>26435,04</TOTALE_VENDITE>
    <NAT_VENDITE>27331,040000</NAT_VENDITE>
    <CNOR_VENDITE>2627,300000</CNOR_VENDITE>
    <CSUD_VENDITE>2587,696000</CSUD_VENDITE>
    <NORD_VENDITE>13693,702000</NORD_VENDITE>
    <SARD_VENDITE>1046,584000</SARD_VENDITE>
    <SICI_VENDITE>1142,701000</SICI_VENDITE>
    <SUD_VENDITE>2890,609000</SUD_VENDITE>
    <AUST_VENDITE>0,000000</AUST_VENDITE>
    <BRNN_VENDITE>782,721000</BRNN_VENDITE>
    <COAC_VENDITE>0,000000</COAC_VENDITE>
    <CORS_VENDITE>0,000000</CORS_VENDITE>
    <FOGN_VENDITE>13,102000</FOGN_VENDITE>
    <FRAN_VENDITE>99,000000</FRAN_VENDITE>
    <GREC_VENDITE>424,000000</GREC_VENDITE>
    <MFTV_VENDITE>0,000000</MFTV_VENDITE>
    <PRGP_VENDITE>8,386000</PRGP_VENDITE>
    <ROSN_VENDITE>114,239000</ROSN_VENDITE>
    <SLOV_VENDITE>0,000000</SLOV_VENDITE>
    <SVIZ_VENDITE>1005,000000</SVIZ_VENDITE>
    <BSP_VENDITE>173,000000</BSP_VENDITE>
    <MALT_VENDITE>0,000000</MALT_VENDITE>
    <XAUS_VENDITE>75,000000</XAUS_VENDITE>
    <XFRA_VENDITE>648,000000</XFRA_VENDITE>
    <TOTITABSP_VENDITE>26608,04</TOTITABSP_VENDITE>
    <TOTITABSP_ACQUISTI>27331,04</TOTITABSP_ACQUISTI>
  </Quantita>
  <Quantita>
    <Data>20180421</Data>
    <Mercato>MGP</Mercato>
    <Ora>15</Ora>
    <TOTALE_ACQUISTI>26810,449</TOTALE_ACQUISTI>
    <NAT_ACQUISTI>26810,449000</NAT_ACQUISTI>
    <CNOR_ACQUISTI>2808,585000</CNOR_ACQUISTI>
    <CSUD_ACQUISTI>4466,596000</CSUD_ACQUISTI>
    <NORD_ACQUISTI>14577,760000</NORD_ACQUISTI>
    <SARD_ACQUISTI>837,025000</SARD_ACQUISTI>
    <SICI_ACQUISTI>1707,619000</SICI_ACQUISTI>
    <SUD_ACQUISTI>2145,864000</SUD_ACQUISTI>
    <AUST_ACQUISTI>0,000000</AUST_ACQUISTI>
    <BRNN_ACQUISTI>0,000000</BRNN_ACQUISTI>
    <COAC_ACQUISTI>20,000000</COAC_ACQUISTI>
    <CORS_ACQUISTI>5,000000</CORS_ACQUISTI>
    <FOGN_ACQUISTI>0,000000</FOGN_ACQUISTI>
    <FRAN_ACQUISTI>0,000000</FRAN_ACQUISTI>
    <GREC_ACQUISTI>168,000000</GREC_ACQUISTI>
    <MFTV_ACQUISTI>0,000000</MFTV_ACQUISTI>
    <PRGP_ACQUISTI>0,000000</PRGP_ACQUISTI>
    <ROSN_ACQUISTI>0,000000</ROSN_ACQUISTI>
    <SLOV_ACQUISTI>0,000000</SLOV_ACQUISTI>
    <SVIZ_ACQUISTI>0,000000</SVIZ_ACQUISTI>
    <BSP_ACQUISTI>0,000000</BSP_ACQUISTI>
    <MALT_ACQUISTI>74,000000</MALT_ACQUISTI>
    <XAUS_ACQUISTI>0,000000</XAUS_ACQUISTI>
    <XFRA_ACQUISTI>0,000000</XFRA_ACQUISTI>
    <TOTALE_VENDITE>25914,449</TOTALE_VENDITE>
    <NAT_VENDITE>26810,449000</NAT_VENDITE>
    <CNOR_VENDITE>2563,253000</CNOR_VENDITE>
    <CSUD_VENDITE>2476,621000</CSUD_VENDITE>
    <NORD_VENDITE>13384,780000</NORD_VENDITE>
    <SARD_VENDITE>1029,802000</SARD_VENDITE>
    <SICI_VENDITE>1107,999000</SICI_VENDITE>
    <SUD_VENDITE>2758,777000</SUD_VENDITE>
    <AUST_VENDITE>0,000000</AUST_VENDITE>
    <BRNN_VENDITE>784,914000</BRNN_VENDITE>
    <COAC_VENDITE>0,000000</COAC_VENDITE>
    <CORS_VENDITE>0,000000</CORS_VENDITE>
    <FOGN_VENDITE>12,694000</FOGN_VENDITE>
    <FRAN_VENDITE>99,000000</FRAN_VENDITE>
    <GREC_VENDITE>432,000000</GREC_VENDITE>
    <MFTV_VENDITE>0,000000</MFTV_VENDITE>
    <PRGP_VENDITE>7,395000</PRGP_VENDITE>
    <ROSN_VENDITE>252,214000</ROSN_VENDITE>
    <SLOV_VENDITE>0,000000</SLOV_VENDITE>
    <SVIZ_VENDITE>1005,000000</SVIZ_VENDITE>
    <BSP_VENDITE>173,000000</BSP_VENDITE>
    <MALT_VENDITE>0,000000</MALT_VENDITE>
    <XAUS_VENDITE>75,000000</XAUS_VENDITE>
    <XFRA_VENDITE>648,000000</XFRA_VENDITE>
    <TOTITABSP_VENDITE>26087,449</TOTITABSP_VENDITE>
    <TOTITABSP_ACQUISTI>26810,449</TOTITABSP_ACQUISTI>
  </Quantita>
  <Quantita>
    <Data>20180421</Data>
    <Mercato>MGP</Mercato>
    <Ora>16</Ora>
    <TOTALE_ACQUISTI>26838,077</TOTALE_ACQUISTI>
    <NAT_ACQUISTI>26838,077000</NAT_ACQUISTI>
    <CNOR_ACQUISTI>2813,932000</CNOR_ACQUISTI>
    <CSUD_ACQUISTI>4483,640000</CSUD_ACQUISTI>
    <NORD_ACQUISTI>14580,116000</NORD_ACQUISTI>
    <SARD_ACQUISTI>836,631000</SARD_ACQUISTI>
    <SICI_ACQUISTI>1711,147000</SICI_ACQUISTI>
    <SUD_ACQUISTI>2173,611000</SUD_ACQUISTI>
    <AUST_ACQUISTI>0,000000</AUST_ACQUISTI>
    <BRNN_ACQUISTI>0,000000</BRNN_ACQUISTI>
    <COAC_ACQUISTI>20,000000</COAC_ACQUISTI>
    <CORS_ACQUISTI>5,000000</CORS_ACQUISTI>
    <FOGN_ACQUISTI>0,000000</FOGN_ACQUISTI>
    <FRAN_ACQUISTI>0,000000</FRAN_ACQUISTI>
    <GREC_ACQUISTI>138,000000</GREC_ACQUISTI>
    <MFTV_ACQUISTI>0,000000</MFTV_ACQUISTI>
    <PRGP_ACQUISTI>0,000000</PRGP_ACQUISTI>
    <ROSN_ACQUISTI>0,000000</ROSN_ACQUISTI>
    <SLOV_ACQUISTI>0,000000</SLOV_ACQUISTI>
    <SVIZ_ACQUISTI>0,000000</SVIZ_ACQUISTI>
    <BSP_ACQUISTI>0,000000</BSP_ACQUISTI>
    <MALT_ACQUISTI>76,000000</MALT_ACQUISTI>
    <XAUS_ACQUISTI>0,000000</XAUS_ACQUISTI>
    <XFRA_ACQUISTI>0,000000</XFRA_ACQUISTI>
    <TOTALE_VENDITE>25942,077</TOTALE_VENDITE>
    <NAT_VENDITE>26838,077000</NAT_VENDITE>
    <CNOR_VENDITE>2444,518000</CNOR_VENDITE>
    <CSUD_VENDITE>2333,288000</CSUD_VENDITE>
    <NORD_VENDITE>13879,688000</NORD_VENDITE>
    <SARD_VENDITE>999,554000</SARD_VENDITE>
    <SICI_VENDITE>1028,358000</SICI_VENDITE>
    <SUD_VENDITE>2505,121000</SUD_VENDITE>
    <AUST_VENDITE>0,000000</AUST_VENDITE>
    <BRNN_VENDITE>781,735000</BRNN_VENDITE>
    <COAC_VENDITE>0,000000</COAC_VENDITE>
    <CORS_VENDITE>0,000000</CORS_VENDITE>
    <FOGN_VENDITE>9,778000</FOGN_VENDITE>
    <FRAN_VENDITE>99,000000</FRAN_VENDITE>
    <GREC_VENDITE>466,000000</GREC_VENDITE>
    <MFTV_VENDITE>0,000000</MFTV_VENDITE>
    <PRGP_VENDITE>5,966000</PRGP_VENDITE>
    <ROSN_VENDITE>384,071000</ROSN_VENDITE>
    <SLOV_VENDITE>0,000000</SLOV_VENDITE>
    <SVIZ_VENDITE>1005,000000</SVIZ_VENDITE>
    <BSP_VENDITE>173,000000</BSP_VENDITE>
    <MALT_VENDITE>0,000000</MALT_VENDITE>
    <XAUS_VENDITE>75,000000</XAUS_VENDITE>
    <XFRA_VENDITE>648,000000</XFRA_VENDITE>
    <TOTITABSP_VENDITE>26115,077</TOTITABSP_VENDITE>
    <TOTITABSP_ACQUISTI>26838,077</TOTITABSP_ACQUISTI>
  </Quantita>
  <Quantita>
    <Data>20180421</Data>
    <Mercato>MGP</Mercato>
    <Ora>17</Ora>
    <TOTALE_ACQUISTI>27182,908</TOTALE_ACQUISTI>
    <NAT_ACQUISTI>27182,908000</NAT_ACQUISTI>
    <CNOR_ACQUISTI>2851,771000</CNOR_ACQUISTI>
    <CSUD_ACQUISTI>4513,526000</CSUD_ACQUISTI>
    <NORD_ACQUISTI>14733,634000</NORD_ACQUISTI>
    <SARD_ACQUISTI>858,903000</SARD_ACQUISTI>
    <SICI_ACQUISTI>1758,492000</SICI_ACQUISTI>
    <SUD_ACQUISTI>2247,582000</SUD_ACQUISTI>
    <AUST_ACQUISTI>0,000000</AUST_ACQUISTI>
    <BRNN_ACQUISTI>0,000000</BRNN_ACQUISTI>
    <COAC_ACQUISTI>20,000000</COAC_ACQUISTI>
    <CORS_ACQUISTI>5,000000</CORS_ACQUISTI>
    <FOGN_ACQUISTI>0,000000</FOGN_ACQUISTI>
    <FRAN_ACQUISTI>0,000000</FRAN_ACQUISTI>
    <GREC_ACQUISTI>83,000000</GREC_ACQUISTI>
    <MFTV_ACQUISTI>0,000000</MFTV_ACQUISTI>
    <PRGP_ACQUISTI>0,000000</PRGP_ACQUISTI>
    <ROSN_ACQUISTI>0,000000</ROSN_ACQUISTI>
    <SLOV_ACQUISTI>0,000000</SLOV_ACQUISTI>
    <SVIZ_ACQUISTI>0,000000</SVIZ_ACQUISTI>
    <BSP_ACQUISTI>0,000000</BSP_ACQUISTI>
    <MALT_ACQUISTI>111,000000</MALT_ACQUISTI>
    <XAUS_ACQUISTI>0,000000</XAUS_ACQUISTI>
    <XFRA_ACQUISTI>0,000000</XFRA_ACQUISTI>
    <TOTALE_VENDITE>26286,908</TOTALE_VENDITE>
    <NAT_VENDITE>27182,908000</NAT_VENDITE>
    <CNOR_VENDITE>2374,607000</CNOR_VENDITE>
    <CSUD_VENDITE>2369,932000</CSUD_VENDITE>
    <NORD_VENDITE>14520,884000</NORD_VENDITE>
    <SARD_VENDITE>952,708000</SARD_VENDITE>
    <SICI_VENDITE>980,704000</SICI_VENDITE>
    <SUD_VENDITE>2167,197000</SUD_VENDITE>
    <AUST_VENDITE>0,000000</AUST_VENDITE>
    <BRNN_VENDITE>777,730000</BRNN_VENDITE>
    <COAC_VENDITE>0,000000</COAC_VENDITE>
    <CORS_VENDITE>0,000000</CORS_VENDITE>
    <FOGN_VENDITE>8,956000</FOGN_VENDITE>
    <FRAN_VENDITE>99,000000</FRAN_VENDITE>
    <GREC_VENDITE>498,000000</GREC_VENDITE>
    <MFTV_VENDITE>0,000000</MFTV_VENDITE>
    <PRGP_VENDITE>4,315000</PRGP_VENDITE>
    <ROSN_VENDITE>527,875000</ROSN_VENDITE>
    <SLOV_VENDITE>0,000000</SLOV_VENDITE>
    <SVIZ_VENDITE>1005,000000</SVIZ_VENDITE>
    <BSP_VENDITE>173,000000</BSP_VENDITE>
    <MALT_VENDITE>0,000000</MALT_VENDITE>
    <XAUS_VENDITE>75,000000</XAUS_VENDITE>
    <XFRA_VENDITE>648,000000</XFRA_VENDITE>
    <TOTITABSP_VENDITE>26459,908</TOTITABSP_VENDITE>
    <TOTITABSP_ACQUISTI>27182,908</TOTITABSP_ACQUISTI>
  </Quantita>
  <Quantita>
    <Data>20180421</Data>
    <Mercato>MGP</Mercato>
    <Ora>18</Ora>
    <TOTALE_ACQUISTI>28080,328</TOTALE_ACQUISTI>
    <NAT_ACQUISTI>28080,328000</NAT_ACQUISTI>
    <CNOR_ACQUISTI>2934,438000</CNOR_ACQUISTI>
    <CSUD_ACQUISTI>4599,808000</CSUD_ACQUISTI>
    <NORD_ACQUISTI>15132,718000</NORD_ACQUISTI>
    <SARD_ACQUISTI>909,483000</SARD_ACQUISTI>
    <SICI_ACQUISTI>1833,893000</SICI_ACQUISTI>
    <SUD_ACQUISTI>2386,988000</SUD_ACQUISTI>
    <AUST_ACQUISTI>0,000000</AUST_ACQUISTI>
    <BRNN_ACQUISTI>0,000000</BRNN_ACQUISTI>
    <COAC_ACQUISTI>20,000000</COAC_ACQUISTI>
    <CORS_ACQUISTI>5,000000</CORS_ACQUISTI>
    <FOGN_ACQUISTI>0,000000</FOGN_ACQUISTI>
    <FRAN_ACQUISTI>0,000000</FRAN_ACQUISTI>
    <GREC_ACQUISTI>127,000000</GREC_ACQUISTI>
    <MFTV_ACQUISTI>0,000000</MFTV_ACQUISTI>
    <PRGP_ACQUISTI>0,000000</PRGP_ACQUISTI>
    <ROSN_ACQUISTI>0,000000</ROSN_ACQUISTI>
    <SLOV_ACQUISTI>0,000000</SLOV_ACQUISTI>
    <SVIZ_ACQUISTI>0,000000</SVIZ_ACQUISTI>
    <BSP_ACQUISTI>0,000000</BSP_ACQUISTI>
    <MALT_ACQUISTI>131,000000</MALT_ACQUISTI>
    <XAUS_ACQUISTI>0,000000</XAUS_ACQUISTI>
    <XFRA_ACQUISTI>0,000000</XFRA_ACQUISTI>
    <TOTALE_VENDITE>27246,328</TOTALE_VENDITE>
    <NAT_VENDITE>28080,328000</NAT_VENDITE>
    <CNOR_VENDITE>2186,349000</CNOR_VENDITE>
    <CSUD_VENDITE>2992,547000</CSUD_VENDITE>
    <NORD_VENDITE>14789,423000</NORD_VENDITE>
    <SARD_VENDITE>888,340000</SARD_VENDITE>
    <SICI_VENDITE>862,453000</SICI_VENDITE>
    <SUD_VENDITE>1830,352000</SUD_VENDITE>
    <AUST_VENDITE>0,000000</AUST_VENDITE>
    <BRNN_VENDITE>821,312000</BRNN_VENDITE>
    <COAC_VENDITE>0,000000</COAC_VENDITE>
    <CORS_VENDITE>0,000000</CORS_VENDITE>
    <FOGN_VENDITE>164,031000</FOGN_VENDITE>
    <FRAN_VENDITE>99,000000</FRAN_VENDITE>
    <GREC_VENDITE>433,000000</GREC_VENDITE>
    <MFTV_VENDITE>0,000000</MFTV_VENDITE>
    <PRGP_VENDITE>2,440000</PRGP_VENDITE>
    <ROSN_VENDITE>1109,081000</ROSN_VENDITE>
    <SLOV_VENDITE>0,000000</SLOV_VENDITE>
    <SVIZ_VENDITE>1068,000000</SVIZ_VENDITE>
    <BSP_VENDITE>155,000000</BSP_VENDITE>
    <MALT_VENDITE>0,000000</MALT_VENDITE>
    <XAUS_VENDITE>111,000000</XAUS_VENDITE>
    <XFRA_VENDITE>568,000000</XFRA_VENDITE>
    <TOTITABSP_VENDITE>27401,328</TOTITABSP_VENDITE>
    <TOTITABSP_ACQUISTI>28080,328</TOTITABSP_ACQUISTI>
  </Quantita>
  <Quantita>
    <Data>20180421</Data>
    <Mercato>MGP</Mercato>
    <Ora>19</Ora>
    <TOTALE_ACQUISTI>29567,609</TOTALE_ACQUISTI>
    <NAT_ACQUISTI>29592,305000</NAT_ACQUISTI>
    <CNOR_ACQUISTI>3092,785000</CNOR_ACQUISTI>
    <CSUD_ACQUISTI>4771,823000</CSUD_ACQUISTI>
    <NORD_ACQUISTI>15862,993000</NORD_ACQUISTI>
    <SARD_ACQUISTI>952,287000</SARD_ACQUISTI>
    <SICI_ACQUISTI>1912,732000</SICI_ACQUISTI>
    <SUD_ACQUISTI>2639,989000</SUD_ACQUISTI>
    <AUST_ACQUISTI>0,000000</AUST_ACQUISTI>
    <BRNN_ACQUISTI>0,000000</BRNN_ACQUISTI>
    <COAC_ACQUISTI>20,000000</COAC_ACQUISTI>
    <CORS_ACQUISTI>5,000000</CORS_ACQUISTI>
    <FOGN_ACQUISTI>0,000000</FOGN_ACQUISTI>
    <FRAN_ACQUISTI>0,000000</FRAN_ACQUISTI>
    <GREC_ACQUISTI>193,000000</GREC_ACQUISTI>
    <MFTV_ACQUISTI>0,000000</MFTV_ACQUISTI>
    <PRGP_ACQUISTI>0,000000</PRGP_ACQUISTI>
    <ROSN_ACQUISTI>0,000000</ROSN_ACQUISTI>
    <SLOV_ACQUISTI>0,000000</SLOV_ACQUISTI>
    <SVIZ_ACQUISTI>0,000000</SVIZ_ACQUISTI>
    <BSP_ACQUISTI>0,000000</BSP_ACQUISTI>
    <MALT_ACQUISTI>117,000000</MALT_ACQUISTI>
    <XAUS_ACQUISTI>0,000000</XAUS_ACQUISTI>
    <XFRA_ACQUISTI>0,000000</XFRA_ACQUISTI>
    <TOTALE_VENDITE>27988,609</TOTALE_VENDITE>
    <NAT_VENDITE>29592,305000</NAT_VENDITE>
    <CNOR_VENDITE>1970,973000</CNOR_VENDITE>
    <CSUD_VENDITE>2793,862000</CSUD_VENDITE>
    <NORD_VENDITE>15622,994000</NORD_VENDITE>
    <SARD_VENDITE>807,335000</SARD_VENDITE>
    <SICI_VENDITE>878,504000</SICI_VENDITE>
    <SUD_VENDITE>1231,211000</SUD_VENDITE>
    <AUST_VENDITE>0,000000</AUST_VENDITE>
    <BRNN_VENDITE>943,967000</BRNN_VENDITE>
    <COAC_VENDITE>0,000000</COAC_VENDITE>
    <CORS_VENDITE>0,000000</CORS_VENDITE>
    <FOGN_VENDITE>371,558000</FOGN_VENDITE>
    <FRAN_VENDITE>99,000000</FRAN_VENDITE>
    <GREC_VENDITE>284,000000</GREC_VENDITE>
    <MFTV_VENDITE>0,000000</MFTV_VENDITE>
    <PRGP_VENDITE>51,228000</PRGP_VENDITE>
    <ROSN_VENDITE>1110,977000</ROSN_VENDITE>
    <SLOV_VENDITE>0,000000</SLOV_VENDITE>
    <SVIZ_VENDITE>1823,000000</SVIZ_VENDITE>
    <BSP_VENDITE>286,000000</BSP_VENDITE>
    <MALT_VENDITE>0,000000</MALT_VENDITE>
    <XAUS_VENDITE>158,000000</XAUS_VENDITE>
    <XFRA_VENDITE>1135,000000</XFRA_VENDITE>
    <TOTITABSP_VENDITE>28274,609</TOTITABSP_VENDITE>
    <TOTITABSP_ACQUISTI>29567,609</TOTITABSP_ACQUISTI>
  </Quantita>
  <Quantita>
    <Data>20180421</Data>
    <Mercato>MGP</Mercato>
    <Ora>20</Ora>
    <TOTALE_ACQUISTI>31336,98</TOTALE_ACQUISTI>
    <NAT_ACQUISTI>31539,980000</NAT_ACQUISTI>
    <CNOR_ACQUISTI>3417,559000</CNOR_ACQUISTI>
    <CSUD_ACQUISTI>5229,096000</CSUD_ACQUISTI>
    <NORD_ACQUISTI>16495,029000</NORD_ACQUISTI>
    <SARD_ACQUISTI>1024,438000</SARD_ACQUISTI>
    <SICI_ACQUISTI>2092,989000</SICI_ACQUISTI>
    <SUD_ACQUISTI>2924,869000</SUD_ACQUISTI>
    <AUST_ACQUISTI>0,000000</AUST_ACQUISTI>
    <BRNN_ACQUISTI>0,000000</BRNN_ACQUISTI>
    <COAC_ACQUISTI>20,000000</COAC_ACQUISTI>
    <CORS_ACQUISTI>5,000000</CORS_ACQUISTI>
    <FOGN_ACQUISTI>0,000000</FOGN_ACQUISTI>
    <FRAN_ACQUISTI>0,000000</FRAN_ACQUISTI>
    <GREC_ACQUISTI>67,000000</GREC_ACQUISTI>
    <MFTV_ACQUISTI>0,000000</MFTV_ACQUISTI>
    <PRGP_ACQUISTI>0,000000</PRGP_ACQUISTI>
    <ROSN_ACQUISTI>0,000000</ROSN_ACQUISTI>
    <SLOV_ACQUISTI>0,000000</SLOV_ACQUISTI>
    <SVIZ_ACQUISTI>0,000000</SVIZ_ACQUISTI>
    <BSP_ACQUISTI>0,000000</BSP_ACQUISTI>
    <MALT_ACQUISTI>61,000000</MALT_ACQUISTI>
    <XAUS_ACQUISTI>0,000000</XAUS_ACQUISTI>
    <XFRA_ACQUISTI>0,000000</XFRA_ACQUISTI>
    <TOTALE_VENDITE>29022,98</TOTALE_VENDITE>
    <NAT_VENDITE>31539,980000</NAT_VENDITE>
    <CNOR_VENDITE>2166,277000</CNOR_VENDITE>
    <CSUD_VENDITE>2609,089000</CSUD_VENDITE>
    <NORD_VENDITE>15146,311000</NORD_VENDITE>
    <SARD_VENDITE>740,849000</SARD_VENDITE>
    <SICI_VENDITE>893,423000</SICI_VENDITE>
    <SUD_VENDITE>943,372000</SUD_VENDITE>
    <AUST_VENDITE>0,000000</AUST_VENDITE>
    <BRNN_VENDITE>1686,997000</BRNN_VENDITE>
    <COAC_VENDITE>0,000000</COAC_VENDITE>
    <CORS_VENDITE>0,000000</CORS_VENDITE>
    <FOGN_VENDITE>374,087000</FOGN_VENDITE>
    <FRAN_VENDITE>99,000000</FRAN_VENDITE>
    <GREC_VENDITE>495,000000</GREC_VENDITE>
    <MFTV_VENDITE>0,000000</MFTV_VENDITE>
    <PRGP_VENDITE>160,566000</PRGP_VENDITE>
    <ROSN_VENDITE>1121,009000</ROSN_VENDITE>
    <SLOV_VENDITE>0,000000</SLOV_VENDITE>
    <SVIZ_VENDITE>2587,000000</SVIZ_VENDITE>
    <BSP_VENDITE>414,000000</BSP_VENDITE>
    <MALT_VENDITE>0,000000</MALT_VENDITE>
    <XAUS_VENDITE>211,000000</XAUS_VENDITE>
    <XFRA_VENDITE>1689,000000</XFRA_VENDITE>
    <TOTITABSP_VENDITE>29436,98</TOTITABSP_VENDITE>
    <TOTITABSP_ACQUISTI>31336,98</TOTITABSP_ACQUISTI>
  </Quantita>
  <Quantita>
    <Data>20180421</Data>
    <Mercato>MGP</Mercato>
    <Ora>21</Ora>
    <TOTALE_ACQUISTI>32822,925</TOTALE_ACQUISTI>
    <NAT_ACQUISTI>32912,925000</NAT_ACQUISTI>
    <CNOR_ACQUISTI>3525,662000</CNOR_ACQUISTI>
    <CSUD_ACQUISTI>5580,435000</CSUD_ACQUISTI>
    <NORD_ACQUISTI>16935,788000</NORD_ACQUISTI>
    <SARD_ACQUISTI>1103,904000</SARD_ACQUISTI>
    <SICI_ACQUISTI>2245,781000</SICI_ACQUISTI>
    <SUD_ACQUISTI>3155,355000</SUD_ACQUISTI>
    <AUST_ACQUISTI>0,000000</AUST_ACQUISTI>
    <BRNN_ACQUISTI>0,000000</BRNN_ACQUISTI>
    <COAC_ACQUISTI>20,000000</COAC_ACQUISTI>
    <CORS_ACQUISTI>5,000000</CORS_ACQUISTI>
    <FOGN_ACQUISTI>0,000000</FOGN_ACQUISTI>
    <FRAN_ACQUISTI>0,000000</FRAN_ACQUISTI>
    <GREC_ACQUISTI>200,000000</GREC_ACQUISTI>
    <MFTV_ACQUISTI>0,000000</MFTV_ACQUISTI>
    <PRGP_ACQUISTI>0,000000</PRGP_ACQUISTI>
    <ROSN_ACQUISTI>0,000000</ROSN_ACQUISTI>
    <SLOV_ACQUISTI>0,000000</SLOV_ACQUISTI>
    <SVIZ_ACQUISTI>0,000000</SVIZ_ACQUISTI>
    <BSP_ACQUISTI>0,000000</BSP_ACQUISTI>
    <MALT_ACQUISTI>51,000000</MALT_ACQUISTI>
    <XAUS_ACQUISTI>0,000000</XAUS_ACQUISTI>
    <XFRA_ACQUISTI>0,000000</XFRA_ACQUISTI>
    <TOTALE_VENDITE>29751,925</TOTALE_VENDITE>
    <NAT_VENDITE>32912,925000</NAT_VENDITE>
    <CNOR_VENDITE>2225,662000</CNOR_VENDITE>
    <CSUD_VENDITE>3145,138000</CSUD_VENDITE>
    <NORD_VENDITE>14135,788000</NORD_VENDITE>
    <SARD_VENDITE>732,315000</SARD_VENDITE>
    <SICI_VENDITE>857,781000</SICI_VENDITE>
    <SUD_VENDITE>843,646000</SUD_VENDITE>
    <AUST_VENDITE>0,000000</AUST_VENDITE>
    <BRNN_VENDITE>2065,307000</BRNN_VENDITE>
    <COAC_VENDITE>0,000000</COAC_VENDITE>
    <CORS_VENDITE>0,000000</CORS_VENDITE>
    <FOGN_VENDITE>374,671000</FOGN_VENDITE>
    <FRAN_VENDITE>99,000000</FRAN_VENDITE>
    <GREC_VENDITE>470,000000</GREC_VENDITE>
    <MFTV_VENDITE>0,000000</MFTV_VENDITE>
    <PRGP_VENDITE>339,000000</PRGP_VENDITE>
    <ROSN_VENDITE>1133,617000</ROSN_VENDITE>
    <SLOV_VENDITE>0,000000</SLOV_VENDITE>
    <SVIZ_VENDITE>3330,000000</SVIZ_VENDITE>
    <BSP_VENDITE>547,000000</BSP_VENDITE>
    <MALT_VENDITE>0,000000</MALT_VENDITE>
    <XAUS_VENDITE>267,000000</XAUS_VENDITE>
    <XFRA_VENDITE>2257,000000</XFRA_VENDITE>
    <TOTITABSP_VENDITE>30298,925</TOTITABSP_VENDITE>
    <TOTITABSP_ACQUISTI>32822,925</TOTITABSP_ACQUISTI>
  </Quantita>
  <Quantita>
    <Data>20180421</Data>
    <Mercato>MGP</Mercato>
    <Ora>22</Ora>
    <TOTALE_ACQUISTI>31422,825</TOTALE_ACQUISTI>
    <NAT_ACQUISTI>31651,825000</NAT_ACQUISTI>
    <CNOR_ACQUISTI>3346,357000</CNOR_ACQUISTI>
    <CSUD_ACQUISTI>5264,746000</CSUD_ACQUISTI>
    <NORD_ACQUISTI>16617,521000</NORD_ACQUISTI>
    <SARD_ACQUISTI>1061,751000</SARD_ACQUISTI>
    <SICI_ACQUISTI>2108,859000</SICI_ACQUISTI>
    <SUD_ACQUISTI>2909,591000</SUD_ACQUISTI>
    <AUST_ACQUISTI>0,000000</AUST_ACQUISTI>
    <BRNN_ACQUISTI>0,000000</BRNN_ACQUISTI>
    <COAC_ACQUISTI>20,000000</COAC_ACQUISTI>
    <CORS_ACQUISTI>5,000000</CORS_ACQUISTI>
    <FOGN_ACQUISTI>0,000000</FOGN_ACQUISTI>
    <FRAN_ACQUISTI>0,000000</FRAN_ACQUISTI>
    <GREC_ACQUISTI>67,000000</GREC_ACQUISTI>
    <MFTV_ACQUISTI>0,000000</MFTV_ACQUISTI>
    <PRGP_ACQUISTI>0,000000</PRGP_ACQUISTI>
    <ROSN_ACQUISTI>0,000000</ROSN_ACQUISTI>
    <SLOV_ACQUISTI>0,000000</SLOV_ACQUISTI>
    <SVIZ_ACQUISTI>0,000000</SVIZ_ACQUISTI>
    <BSP_ACQUISTI>0,000000</BSP_ACQUISTI>
    <MALT_ACQUISTI>22,000000</MALT_ACQUISTI>
    <XAUS_ACQUISTI>0,000000</XAUS_ACQUISTI>
    <XFRA_ACQUISTI>0,000000</XFRA_ACQUISTI>
    <TOTALE_VENDITE>28147,825</TOTALE_VENDITE>
    <NAT_VENDITE>31651,825000</NAT_VENDITE>
    <CNOR_VENDITE>2046,357000</CNOR_VENDITE>
    <CSUD_VENDITE>3125,640000</CSUD_VENDITE>
    <NORD_VENDITE>13570,521000</NORD_VENDITE>
    <SARD_VENDITE>725,992000</SARD_VENDITE>
    <SICI_VENDITE>842,317000</SICI_VENDITE>
    <SUD_VENDITE>812,124000</SUD_VENDITE>
    <AUST_VENDITE>0,000000</AUST_VENDITE>
    <BRNN_VENDITE>1408,451000</BRNN_VENDITE>
    <COAC_VENDITE>0,000000</COAC_VENDITE>
    <CORS_VENDITE>0,000000</CORS_VENDITE>
    <FOGN_VENDITE>373,647000</FOGN_VENDITE>
    <FRAN_VENDITE>99,000000</FRAN_VENDITE>
    <GREC_VENDITE>445,000000</GREC_VENDITE>
    <MFTV_VENDITE>0,000000</MFTV_VENDITE>
    <PRGP_VENDITE>188,542000</PRGP_VENDITE>
    <ROSN_VENDITE>1137,234000</ROSN_VENDITE>
    <SLOV_VENDITE>0,000000</SLOV_VENDITE>
    <SVIZ_VENDITE>3373,000000</SVIZ_VENDITE>
    <BSP_VENDITE>584,000000</BSP_VENDITE>
    <MALT_VENDITE>0,000000</MALT_VENDITE>
    <XAUS_VENDITE>269,000000</XAUS_VENDITE>
    <XFRA_VENDITE>2422,000000</XFRA_VENDITE>
    <TOTITABSP_VENDITE>28731,825</TOTITABSP_VENDITE>
    <TOTITABSP_ACQUISTI>31422,825</TOTITABSP_ACQUISTI>
  </Quantita>
  <Quantita>
    <Data>20180421</Data>
    <Mercato>MGP</Mercato>
    <Ora>23</Ora>
    <TOTALE_ACQUISTI>29127,567</TOTALE_ACQUISTI>
    <NAT_ACQUISTI>29336,396000</NAT_ACQUISTI>
    <CNOR_ACQUISTI>3070,713000</CNOR_ACQUISTI>
    <CSUD_ACQUISTI>4799,974000</CSUD_ACQUISTI>
    <NORD_ACQUISTI>15646,087000</NORD_ACQUISTI>
    <SARD_ACQUISTI>979,878000</SARD_ACQUISTI>
    <SICI_ACQUISTI>1931,400000</SICI_ACQUISTI>
    <SUD_ACQUISTI>2577,344000</SUD_ACQUISTI>
    <AUST_ACQUISTI>0,000000</AUST_ACQUISTI>
    <BRNN_ACQUISTI>0,000000</BRNN_ACQUISTI>
    <COAC_ACQUISTI>20,000000</COAC_ACQUISTI>
    <CORS_ACQUISTI>5,000000</CORS_ACQUISTI>
    <FOGN_ACQUISTI>0,000000</FOGN_ACQUISTI>
    <FRAN_ACQUISTI>0,000000</FRAN_ACQUISTI>
    <GREC_ACQUISTI>60,000000</GREC_ACQUISTI>
    <MFTV_ACQUISTI>0,000000</MFTV_ACQUISTI>
    <PRGP_ACQUISTI>0,000000</PRGP_ACQUISTI>
    <ROSN_ACQUISTI>0,000000</ROSN_ACQUISTI>
    <SLOV_ACQUISTI>0,000000</SLOV_ACQUISTI>
    <SVIZ_ACQUISTI>0,000000</SVIZ_ACQUISTI>
    <BSP_ACQUISTI>0,000000</BSP_ACQUISTI>
    <MALT_ACQUISTI>37,171000</MALT_ACQUISTI>
    <XAUS_ACQUISTI>0,000000</XAUS_ACQUISTI>
    <XFRA_ACQUISTI>0,000000</XFRA_ACQUISTI>
    <TOTALE_VENDITE>25924,567</TOTALE_VENDITE>
    <NAT_VENDITE>29336,396000</NAT_VENDITE>
    <CNOR_VENDITE>1770,713000</CNOR_VENDITE>
    <CSUD_VENDITE>2581,781000</CSUD_VENDITE>
    <NORD_VENDITE>12600,087000</NORD_VENDITE>
    <SARD_VENDITE>726,367000</SARD_VENDITE>
    <SICI_VENDITE>738,571000</SICI_VENDITE>
    <SUD_VENDITE>808,302000</SUD_VENDITE>
    <AUST_VENDITE>0,000000</AUST_VENDITE>
    <BRNN_VENDITE>1061,582000</BRNN_VENDITE>
    <COAC_VENDITE>0,000000</COAC_VENDITE>
    <CORS_VENDITE>0,000000</CORS_VENDITE>
    <FOGN_VENDITE>379,597000</FOGN_VENDITE>
    <FRAN_VENDITE>99,000000</FRAN_VENDITE>
    <GREC_VENDITE>445,000000</GREC_VENDITE>
    <MFTV_VENDITE>0,000000</MFTV_VENDITE>
    <PRGP_VENDITE>130,000000</PRGP_VENDITE>
    <ROSN_VENDITE>1139,567000</ROSN_VENDITE>
    <SLOV_VENDITE>0,000000</SLOV_VENDITE>
    <SVIZ_VENDITE>3444,000000</SVIZ_VENDITE>
    <BSP_VENDITE>571,000000</BSP_VENDITE>
    <MALT_VENDITE>0,000000</MALT_VENDITE>
    <XAUS_VENDITE>268,000000</XAUS_VENDITE>
    <XFRA_VENDITE>2364,000000</XFRA_VENDITE>
    <TOTITABSP_VENDITE>26495,567</TOTITABSP_VENDITE>
    <TOTITABSP_ACQUISTI>29127,567</TOTITABSP_ACQUISTI>
  </Quantita>
  <Quantita>
    <Data>20180421</Data>
    <Mercato>MGP</Mercato>
    <Ora>24</Ora>
    <TOTALE_ACQUISTI>26750,594</TOTALE_ACQUISTI>
    <NAT_ACQUISTI>26776,594000</NAT_ACQUISTI>
    <CNOR_ACQUISTI>2819,940000</CNOR_ACQUISTI>
    <CSUD_ACQUISTI>4385,381000</CSUD_ACQUISTI>
    <NORD_ACQUISTI>14368,998000</NORD_ACQUISTI>
    <SARD_ACQUISTI>930,694000</SARD_ACQUISTI>
    <SICI_ACQUISTI>1785,012000</SICI_ACQUISTI>
    <SUD_ACQUISTI>2323,569000</SUD_ACQUISTI>
    <AUST_ACQUISTI>0,000000</AUST_ACQUISTI>
    <BRNN_ACQUISTI>0,000000</BRNN_ACQUISTI>
    <COAC_ACQUISTI>20,000000</COAC_ACQUISTI>
    <CORS_ACQUISTI>5,000000</CORS_ACQUISTI>
    <FOGN_ACQUISTI>0,000000</FOGN_ACQUISTI>
    <FRAN_ACQUISTI>0,000000</FRAN_ACQUISTI>
    <GREC_ACQUISTI>64,000000</GREC_ACQUISTI>
    <MFTV_ACQUISTI>0,000000</MFTV_ACQUISTI>
    <PRGP_ACQUISTI>0,000000</PRGP_ACQUISTI>
    <ROSN_ACQUISTI>0,000000</ROSN_ACQUISTI>
    <SLOV_ACQUISTI>0,000000</SLOV_ACQUISTI>
    <SVIZ_ACQUISTI>0,000000</SVIZ_ACQUISTI>
    <BSP_ACQUISTI>0,000000</BSP_ACQUISTI>
    <MALT_ACQUISTI>48,000000</MALT_ACQUISTI>
    <XAUS_ACQUISTI>0,000000</XAUS_ACQUISTI>
    <XFRA_ACQUISTI>0,000000</XFRA_ACQUISTI>
    <TOTALE_VENDITE>23638,594</TOTALE_VENDITE>
    <NAT_VENDITE>26776,594000</NAT_VENDITE>
    <CNOR_VENDITE>1711,562000</CNOR_VENDITE>
    <CSUD_VENDITE>2322,413000</CSUD_VENDITE>
    <NORD_VENDITE>11377,376000</NORD_VENDITE>
    <SARD_VENDITE>718,716000</SARD_VENDITE>
    <SICI_VENDITE>727,036000</SICI_VENDITE>
    <SUD_VENDITE>819,186000</SUD_VENDITE>
    <AUST_VENDITE>0,000000</AUST_VENDITE>
    <BRNN_VENDITE>1075,534000</BRNN_VENDITE>
    <COAC_VENDITE>0,000000</COAC_VENDITE>
    <CORS_VENDITE>0,000000</CORS_VENDITE>
    <FOGN_VENDITE>0,233000</FOGN_VENDITE>
    <FRAN_VENDITE>99,000000</FRAN_VENDITE>
    <GREC_VENDITE>350,000000</GREC_VENDITE>
    <MFTV_VENDITE>0,000000</MFTV_VENDITE>
    <PRGP_VENDITE>5,976000</PRGP_VENDITE>
    <ROSN_VENDITE>1142,562000</ROSN_VENDITE>
    <SLOV_VENDITE>0,000000</SLOV_VENDITE>
    <SVIZ_VENDITE>3289,000000</SVIZ_VENDITE>
    <BSP_VENDITE>558,000000</BSP_VENDITE>
    <MALT_VENDITE>0,000000</MALT_VENDITE>
    <XAUS_VENDITE>246,000000</XAUS_VENDITE>
    <XFRA_VENDITE>2308,000000</XFRA_VENDITE>
    <TOTITABSP_VENDITE>24196,594</TOTITABSP_VENDITE>
    <TOTITABSP_ACQUISTI>26750,594</TOTITABSP_ACQUISTI>
  </Quantita>
</NewDataSet>