<?xml version="1.0" standalone="yes"?>
<NewDataSet>
  <xs:schema id="NewDataSet" xmlns="" xmlns:xs="http://www.w3.org/2001/XMLSchema" xmlns:msdata="urn:schemas-microsoft-com:xml-msdata">
    <xs:element name="NewDataSet" msdata:IsDataSet="true" msdata:UseCurrentLocale="true">
      <xs:complexType>
        <xs:choice minOccurs="0" maxOccurs="unbounded">
          <xs:element name="Quantita">
            <xs:complexType>
              <xs:sequence>
                <xs:element name="Data" type="xs:string" minOccurs="0" />
                <xs:element name="Mercato" type="xs:string" minOccurs="0" />
                <xs:element name="Ora" type="xs:string" minOccurs="0" />
                <xs:element name="TOTALE_ACQUISTI" type="xs:string" minOccurs="0" />
                <xs:element name="NAT_ACQUISTI" type="xs:string" minOccurs="0" />
                <xs:element name="CNOR_ACQUISTI" type="xs:string" minOccurs="0" />
                <xs:element name="CSUD_ACQUISTI" type="xs:string" minOccurs="0" />
                <xs:element name="NORD_ACQUISTI" type="xs:string" minOccurs="0" />
                <xs:element name="SARD_ACQUISTI" type="xs:string" minOccurs="0" />
                <xs:element name="SICI_ACQUISTI" type="xs:string" minOccurs="0" />
                <xs:element name="SUD_ACQUISTI" type="xs:string" minOccurs="0" />
                <xs:element name="AUST_ACQUISTI" type="xs:string" minOccurs="0" />
                <xs:element name="BRNN_ACQUISTI" type="xs:string" minOccurs="0" />
                <xs:element name="COAC_ACQUISTI" type="xs:string" minOccurs="0" />
                <xs:element name="CORS_ACQUISTI" type="xs:string" minOccurs="0" />
                <xs:element name="FOGN_ACQUISTI" type="xs:string" minOccurs="0" />
                <xs:element name="FRAN_ACQUISTI" type="xs:string" minOccurs="0" />
                <xs:element name="GREC_ACQUISTI" type="xs:string" minOccurs="0" />
                <xs:element name="MFTV_ACQUISTI" type="xs:string" minOccurs="0" />
                <xs:element name="PRGP_ACQUISTI" type="xs:string" minOccurs="0" />
                <xs:element name="ROSN_ACQUISTI" type="xs:string" minOccurs="0" />
                <xs:element name="SLOV_ACQUISTI" type="xs:string" minOccurs="0" />
                <xs:element name="SVIZ_ACQUISTI" type="xs:string" minOccurs="0" />
                <xs:element name="BSP_ACQUISTI" type="xs:string" minOccurs="0" />
                <xs:element name="MALT_ACQUISTI" type="xs:string" minOccurs="0" />
                <xs:element name="XAUS_ACQUISTI" type="xs:string" minOccurs="0" />
                <xs:element name="XFRA_ACQUISTI" type="xs:string" minOccurs="0" />
                <xs:element name="TOTALE_VENDITE" type="xs:string" minOccurs="0" />
                <xs:element name="NAT_VENDITE" type="xs:string" minOccurs="0" />
                <xs:element name="CNOR_VENDITE" type="xs:string" minOccurs="0" />
                <xs:element name="CSUD_VENDITE" type="xs:string" minOccurs="0" />
                <xs:element name="NORD_VENDITE" type="xs:string" minOccurs="0" />
                <xs:element name="SARD_VENDITE" type="xs:string" minOccurs="0" />
                <xs:element name="SICI_VENDITE" type="xs:string" minOccurs="0" />
                <xs:element name="SUD_VENDITE" type="xs:string" minOccurs="0" />
                <xs:element name="AUST_VENDITE" type="xs:string" minOccurs="0" />
                <xs:element name="BRNN_VENDITE" type="xs:string" minOccurs="0" />
                <xs:element name="COAC_VENDITE" type="xs:string" minOccurs="0" />
                <xs:element name="CORS_VENDITE" type="xs:string" minOccurs="0" />
                <xs:element name="FOGN_VENDITE" type="xs:string" minOccurs="0" />
                <xs:element name="FRAN_VENDITE" type="xs:string" minOccurs="0" />
                <xs:element name="GREC_VENDITE" type="xs:string" minOccurs="0" />
                <xs:element name="MFTV_VENDITE" type="xs:string" minOccurs="0" />
                <xs:element name="PRGP_VENDITE" type="xs:string" minOccurs="0" />
                <xs:element name="ROSN_VENDITE" type="xs:string" minOccurs="0" />
                <xs:element name="SLOV_VENDITE" type="xs:string" minOccurs="0" />
                <xs:element name="SVIZ_VENDITE" type="xs:string" minOccurs="0" />
                <xs:element name="BSP_VENDITE" type="xs:string" minOccurs="0" />
                <xs:element name="MALT_VENDITE" type="xs:string" minOccurs="0" />
                <xs:element name="XAUS_VENDITE" type="xs:string" minOccurs="0" />
                <xs:element name="XFRA_VENDITE" type="xs:string" minOccurs="0" />
                <xs:element name="TOTITABSP_VENDITE" msdata:ReadOnly="true" msdata:Expression="Convert(TOTALE_VENDITE, System.Double) + Convert(BSP_VENDITE,System.Double)" type="xs:string" minOccurs="0" />
                <xs:element name="TOTITABSP_ACQUISTI" msdata:ReadOnly="true" msdata:Expression="Convert(TOTALE_ACQUISTI, System.Double) + Convert(BSP_ACQUISTI, System.Double)" type="xs:string" minOccurs="0" />
              </xs:sequence>
            </xs:complexType>
          </xs:element>
        </xs:choice>
      </xs:complexType>
    </xs:element>
  </xs:schema>
  <Quantita>
    <Data>20180418</Data>
    <Mercato>MGP</Mercato>
    <Ora>1</Ora>
    <TOTALE_ACQUISTI>27290,688</TOTALE_ACQUISTI>
    <NAT_ACQUISTI>27290,688000</NAT_ACQUISTI>
    <CNOR_ACQUISTI>2828,209000</CNOR_ACQUISTI>
    <CSUD_ACQUISTI>4160,209000</CSUD_ACQUISTI>
    <NORD_ACQUISTI>15314,064000</NORD_ACQUISTI>
    <SARD_ACQUISTI>845,499000</SARD_ACQUISTI>
    <SICI_ACQUISTI>1631,775000</SICI_ACQUISTI>
    <SUD_ACQUISTI>2190,932000</SUD_ACQUISTI>
    <AUST_ACQUISTI>0,000000</AUST_ACQUISTI>
    <BRNN_ACQUISTI>0,000000</BRNN_ACQUISTI>
    <COAC_ACQUISTI>20,000000</COAC_ACQUISTI>
    <CORS_ACQUISTI>30,000000</CORS_ACQUISTI>
    <FOGN_ACQUISTI>0,000000</FOGN_ACQUISTI>
    <FRAN_ACQUISTI>0,000000</FRAN_ACQUISTI>
    <GREC_ACQUISTI>205,000000</GREC_ACQUISTI>
    <MFTV_ACQUISTI>0,000000</MFTV_ACQUISTI>
    <PRGP_ACQUISTI>0,000000</PRGP_ACQUISTI>
    <ROSN_ACQUISTI>0,000000</ROSN_ACQUISTI>
    <SLOV_ACQUISTI>0,000000</SLOV_ACQUISTI>
    <SVIZ_ACQUISTI>10,000000</SVIZ_ACQUISTI>
    <BSP_ACQUISTI>0,000000</BSP_ACQUISTI>
    <MALT_ACQUISTI>55,000000</MALT_ACQUISTI>
    <XAUS_ACQUISTI>0,000000</XAUS_ACQUISTI>
    <XFRA_ACQUISTI>0,000000</XFRA_ACQUISTI>
    <TOTALE_VENDITE>24244,688</TOTALE_VENDITE>
    <NAT_VENDITE>27290,688000</NAT_VENDITE>
    <CNOR_VENDITE>2198,716000</CNOR_VENDITE>
    <CSUD_VENDITE>1947,894000</CSUD_VENDITE>
    <NORD_VENDITE>12573,188000</NORD_VENDITE>
    <SARD_VENDITE>755,509000</SARD_VENDITE>
    <SICI_VENDITE>682,384000</SICI_VENDITE>
    <SUD_VENDITE>1432,967000</SUD_VENDITE>
    <AUST_VENDITE>20,000000</AUST_VENDITE>
    <BRNN_VENDITE>841,561000</BRNN_VENDITE>
    <COAC_VENDITE>0,000000</COAC_VENDITE>
    <CORS_VENDITE>0,000000</CORS_VENDITE>
    <FOGN_VENDITE>18,454000</FOGN_VENDITE>
    <FRAN_VENDITE>97,000000</FRAN_VENDITE>
    <GREC_VENDITE>372,000000</GREC_VENDITE>
    <MFTV_VENDITE>0,000000</MFTV_VENDITE>
    <PRGP_VENDITE>0,000000</PRGP_VENDITE>
    <ROSN_VENDITE>733,015000</ROSN_VENDITE>
    <SLOV_VENDITE>0,000000</SLOV_VENDITE>
    <SVIZ_VENDITE>2572,000000</SVIZ_VENDITE>
    <BSP_VENDITE>499,000000</BSP_VENDITE>
    <MALT_VENDITE>0,000000</MALT_VENDITE>
    <XAUS_VENDITE>233,000000</XAUS_VENDITE>
    <XFRA_VENDITE>2314,000000</XFRA_VENDITE>
    <TOTITABSP_VENDITE>24743,688</TOTITABSP_VENDITE>
    <TOTITABSP_ACQUISTI>27290,688</TOTITABSP_ACQUISTI>
  </Quantita>
  <Quantita>
    <Data>20180418</Data>
    <Mercato>MGP</Mercato>
    <Ora>2</Ora>
    <TOTALE_ACQUISTI>25834,384</TOTALE_ACQUISTI>
    <NAT_ACQUISTI>25884,384000</NAT_ACQUISTI>
    <CNOR_ACQUISTI>2700,695000</CNOR_ACQUISTI>
    <CSUD_ACQUISTI>3807,216000</CSUD_ACQUISTI>
    <NORD_ACQUISTI>14461,744000</NORD_ACQUISTI>
    <SARD_ACQUISTI>794,663000</SARD_ACQUISTI>
    <SICI_ACQUISTI>1491,928000</SICI_ACQUISTI>
    <SUD_ACQUISTI>2011,138000</SUD_ACQUISTI>
    <AUST_ACQUISTI>0,000000</AUST_ACQUISTI>
    <BRNN_ACQUISTI>0,000000</BRNN_ACQUISTI>
    <COAC_ACQUISTI>20,000000</COAC_ACQUISTI>
    <CORS_ACQUISTI>10,000000</CORS_ACQUISTI>
    <FOGN_ACQUISTI>0,000000</FOGN_ACQUISTI>
    <FRAN_ACQUISTI>0,000000</FRAN_ACQUISTI>
    <GREC_ACQUISTI>479,000000</GREC_ACQUISTI>
    <MFTV_ACQUISTI>0,000000</MFTV_ACQUISTI>
    <PRGP_ACQUISTI>0,000000</PRGP_ACQUISTI>
    <ROSN_ACQUISTI>0,000000</ROSN_ACQUISTI>
    <SLOV_ACQUISTI>0,000000</SLOV_ACQUISTI>
    <SVIZ_ACQUISTI>10,000000</SVIZ_ACQUISTI>
    <BSP_ACQUISTI>0,000000</BSP_ACQUISTI>
    <MALT_ACQUISTI>48,000000</MALT_ACQUISTI>
    <XAUS_ACQUISTI>0,000000</XAUS_ACQUISTI>
    <XFRA_ACQUISTI>0,000000</XFRA_ACQUISTI>
    <TOTALE_VENDITE>22788,384</TOTALE_VENDITE>
    <NAT_VENDITE>25884,384000</NAT_VENDITE>
    <CNOR_VENDITE>2007,358000</CNOR_VENDITE>
    <CSUD_VENDITE>1277,069000</CSUD_VENDITE>
    <NORD_VENDITE>11830,081000</NORD_VENDITE>
    <SARD_VENDITE>768,338000</SARD_VENDITE>
    <SICI_VENDITE>695,828000</SICI_VENDITE>
    <SUD_VENDITE>1601,631000</SUD_VENDITE>
    <AUST_VENDITE>20,000000</AUST_VENDITE>
    <BRNN_VENDITE>742,486000</BRNN_VENDITE>
    <COAC_VENDITE>0,000000</COAC_VENDITE>
    <CORS_VENDITE>0,000000</CORS_VENDITE>
    <FOGN_VENDITE>21,552000</FOGN_VENDITE>
    <FRAN_VENDITE>97,000000</FRAN_VENDITE>
    <GREC_VENDITE>421,943000</GREC_VENDITE>
    <MFTV_VENDITE>0,000000</MFTV_VENDITE>
    <PRGP_VENDITE>0,000000</PRGP_VENDITE>
    <ROSN_VENDITE>733,098000</ROSN_VENDITE>
    <SLOV_VENDITE>0,000000</SLOV_VENDITE>
    <SVIZ_VENDITE>2572,000000</SVIZ_VENDITE>
    <BSP_VENDITE>499,000000</BSP_VENDITE>
    <MALT_VENDITE>0,000000</MALT_VENDITE>
    <XAUS_VENDITE>233,000000</XAUS_VENDITE>
    <XFRA_VENDITE>2314,000000</XFRA_VENDITE>
    <TOTITABSP_VENDITE>23287,384</TOTITABSP_VENDITE>
    <TOTITABSP_ACQUISTI>25834,384</TOTITABSP_ACQUISTI>
  </Quantita>
  <Quantita>
    <Data>20180418</Data>
    <Mercato>MGP</Mercato>
    <Ora>3</Ora>
    <TOTALE_ACQUISTI>25157,793</TOTALE_ACQUISTI>
    <NAT_ACQUISTI>25167,792000</NAT_ACQUISTI>
    <CNOR_ACQUISTI>2621,313000</CNOR_ACQUISTI>
    <CSUD_ACQUISTI>3635,949000</CSUD_ACQUISTI>
    <NORD_ACQUISTI>14084,046000</NORD_ACQUISTI>
    <SARD_ACQUISTI>774,875000</SARD_ACQUISTI>
    <SICI_ACQUISTI>1427,654000</SICI_ACQUISTI>
    <SUD_ACQUISTI>1937,956000</SUD_ACQUISTI>
    <AUST_ACQUISTI>0,000000</AUST_ACQUISTI>
    <BRNN_ACQUISTI>0,000000</BRNN_ACQUISTI>
    <COAC_ACQUISTI>20,000000</COAC_ACQUISTI>
    <CORS_ACQUISTI>5,000000</CORS_ACQUISTI>
    <FOGN_ACQUISTI>0,000000</FOGN_ACQUISTI>
    <FRAN_ACQUISTI>0,000000</FRAN_ACQUISTI>
    <GREC_ACQUISTI>599,000000</GREC_ACQUISTI>
    <MFTV_ACQUISTI>0,000000</MFTV_ACQUISTI>
    <PRGP_ACQUISTI>0,000000</PRGP_ACQUISTI>
    <ROSN_ACQUISTI>0,000000</ROSN_ACQUISTI>
    <SLOV_ACQUISTI>0,000000</SLOV_ACQUISTI>
    <SVIZ_ACQUISTI>10,000000</SVIZ_ACQUISTI>
    <BSP_ACQUISTI>0,000000</BSP_ACQUISTI>
    <MALT_ACQUISTI>42,000000</MALT_ACQUISTI>
    <XAUS_ACQUISTI>0,000000</XAUS_ACQUISTI>
    <XFRA_ACQUISTI>0,000000</XFRA_ACQUISTI>
    <TOTALE_VENDITE>22111,793</TOTALE_VENDITE>
    <NAT_VENDITE>25167,792000</NAT_VENDITE>
    <CNOR_VENDITE>2011,058000</CNOR_VENDITE>
    <CSUD_VENDITE>1286,864000</CSUD_VENDITE>
    <NORD_VENDITE>11369,301000</NORD_VENDITE>
    <SARD_VENDITE>785,330000</SARD_VENDITE>
    <SICI_VENDITE>711,875000</SICI_VENDITE>
    <SUD_VENDITE>1774,111000</SUD_VENDITE>
    <AUST_VENDITE>20,000000</AUST_VENDITE>
    <BRNN_VENDITE>743,929000</BRNN_VENDITE>
    <COAC_VENDITE>0,000000</COAC_VENDITE>
    <CORS_VENDITE>0,000000</CORS_VENDITE>
    <FOGN_VENDITE>24,435000</FOGN_VENDITE>
    <FRAN_VENDITE>97,000000</FRAN_VENDITE>
    <GREC_VENDITE>360,000000</GREC_VENDITE>
    <MFTV_VENDITE>0,000000</MFTV_VENDITE>
    <PRGP_VENDITE>0,000000</PRGP_VENDITE>
    <ROSN_VENDITE>355,890000</ROSN_VENDITE>
    <SLOV_VENDITE>0,000000</SLOV_VENDITE>
    <SVIZ_VENDITE>2572,000000</SVIZ_VENDITE>
    <BSP_VENDITE>499,000000</BSP_VENDITE>
    <MALT_VENDITE>0,000000</MALT_VENDITE>
    <XAUS_VENDITE>233,000000</XAUS_VENDITE>
    <XFRA_VENDITE>2314,000000</XFRA_VENDITE>
    <TOTITABSP_VENDITE>22610,793</TOTITABSP_VENDITE>
    <TOTITABSP_ACQUISTI>25157,793</TOTITABSP_ACQUISTI>
  </Quantita>
  <Quantita>
    <Data>20180418</Data>
    <Mercato>MGP</Mercato>
    <Ora>4</Ora>
    <TOTALE_ACQUISTI>24999,995</TOTALE_ACQUISTI>
    <NAT_ACQUISTI>24999,995000</NAT_ACQUISTI>
    <CNOR_ACQUISTI>2583,819000</CNOR_ACQUISTI>
    <CSUD_ACQUISTI>3607,687000</CSUD_ACQUISTI>
    <NORD_ACQUISTI>14049,373000</NORD_ACQUISTI>
    <SARD_ACQUISTI>766,799000</SARD_ACQUISTI>
    <SICI_ACQUISTI>1407,350000</SICI_ACQUISTI>
    <SUD_ACQUISTI>1924,967000</SUD_ACQUISTI>
    <AUST_ACQUISTI>0,000000</AUST_ACQUISTI>
    <BRNN_ACQUISTI>0,000000</BRNN_ACQUISTI>
    <COAC_ACQUISTI>20,000000</COAC_ACQUISTI>
    <CORS_ACQUISTI>5,000000</CORS_ACQUISTI>
    <FOGN_ACQUISTI>0,000000</FOGN_ACQUISTI>
    <FRAN_ACQUISTI>0,000000</FRAN_ACQUISTI>
    <GREC_ACQUISTI>583,000000</GREC_ACQUISTI>
    <MFTV_ACQUISTI>0,000000</MFTV_ACQUISTI>
    <PRGP_ACQUISTI>0,000000</PRGP_ACQUISTI>
    <ROSN_ACQUISTI>0,000000</ROSN_ACQUISTI>
    <SLOV_ACQUISTI>0,000000</SLOV_ACQUISTI>
    <SVIZ_ACQUISTI>10,000000</SVIZ_ACQUISTI>
    <BSP_ACQUISTI>0,000000</BSP_ACQUISTI>
    <MALT_ACQUISTI>42,000000</MALT_ACQUISTI>
    <XAUS_ACQUISTI>0,000000</XAUS_ACQUISTI>
    <XFRA_ACQUISTI>0,000000</XFRA_ACQUISTI>
    <TOTALE_VENDITE>21546,995</TOTALE_VENDITE>
    <NAT_VENDITE>24999,995000</NAT_VENDITE>
    <CNOR_VENDITE>1830,096000</CNOR_VENDITE>
    <CSUD_VENDITE>1279,186000</CSUD_VENDITE>
    <NORD_VENDITE>10678,634000</NORD_VENDITE>
    <SARD_VENDITE>804,708000</SARD_VENDITE>
    <SICI_VENDITE>672,148000</SICI_VENDITE>
    <SUD_VENDITE>1815,317000</SUD_VENDITE>
    <AUST_VENDITE>20,000000</AUST_VENDITE>
    <BRNN_VENDITE>745,061000</BRNN_VENDITE>
    <COAC_VENDITE>0,000000</COAC_VENDITE>
    <CORS_VENDITE>0,000000</CORS_VENDITE>
    <FOGN_VENDITE>18,521000</FOGN_VENDITE>
    <FRAN_VENDITE>99,000000</FRAN_VENDITE>
    <GREC_VENDITE>362,000000</GREC_VENDITE>
    <MFTV_VENDITE>0,000000</MFTV_VENDITE>
    <PRGP_VENDITE>0,000000</PRGP_VENDITE>
    <ROSN_VENDITE>355,324000</ROSN_VENDITE>
    <SLOV_VENDITE>0,000000</SLOV_VENDITE>
    <SVIZ_VENDITE>2867,000000</SVIZ_VENDITE>
    <BSP_VENDITE>565,000000</BSP_VENDITE>
    <MALT_VENDITE>0,000000</MALT_VENDITE>
    <XAUS_VENDITE>256,000000</XAUS_VENDITE>
    <XFRA_VENDITE>2632,000000</XFRA_VENDITE>
    <TOTITABSP_VENDITE>22111,995</TOTITABSP_VENDITE>
    <TOTITABSP_ACQUISTI>24999,995</TOTITABSP_ACQUISTI>
  </Quantita>
  <Quantita>
    <Data>20180418</Data>
    <Mercato>MGP</Mercato>
    <Ora>5</Ora>
    <TOTALE_ACQUISTI>25292,361</TOTALE_ACQUISTI>
    <NAT_ACQUISTI>25292,361000</NAT_ACQUISTI>
    <CNOR_ACQUISTI>2604,622000</CNOR_ACQUISTI>
    <CSUD_ACQUISTI>3619,782000</CSUD_ACQUISTI>
    <NORD_ACQUISTI>14270,255000</NORD_ACQUISTI>
    <SARD_ACQUISTI>769,789000</SARD_ACQUISTI>
    <SICI_ACQUISTI>1417,249000</SICI_ACQUISTI>
    <SUD_ACQUISTI>1944,664000</SUD_ACQUISTI>
    <AUST_ACQUISTI>0,000000</AUST_ACQUISTI>
    <BRNN_ACQUISTI>0,000000</BRNN_ACQUISTI>
    <COAC_ACQUISTI>20,000000</COAC_ACQUISTI>
    <CORS_ACQUISTI>5,000000</CORS_ACQUISTI>
    <FOGN_ACQUISTI>0,000000</FOGN_ACQUISTI>
    <FRAN_ACQUISTI>0,000000</FRAN_ACQUISTI>
    <GREC_ACQUISTI>583,000000</GREC_ACQUISTI>
    <MFTV_ACQUISTI>0,000000</MFTV_ACQUISTI>
    <PRGP_ACQUISTI>0,000000</PRGP_ACQUISTI>
    <ROSN_ACQUISTI>0,000000</ROSN_ACQUISTI>
    <SLOV_ACQUISTI>0,000000</SLOV_ACQUISTI>
    <SVIZ_ACQUISTI>10,000000</SVIZ_ACQUISTI>
    <BSP_ACQUISTI>0,000000</BSP_ACQUISTI>
    <MALT_ACQUISTI>48,000000</MALT_ACQUISTI>
    <XAUS_ACQUISTI>0,000000</XAUS_ACQUISTI>
    <XFRA_ACQUISTI>0,000000</XFRA_ACQUISTI>
    <TOTALE_VENDITE>21839,361</TOTALE_VENDITE>
    <NAT_VENDITE>25292,361000</NAT_VENDITE>
    <CNOR_VENDITE>1836,502000</CNOR_VENDITE>
    <CSUD_VENDITE>1312,272000</CSUD_VENDITE>
    <NORD_VENDITE>10825,208000</NORD_VENDITE>
    <SARD_VENDITE>826,502000</SARD_VENDITE>
    <SICI_VENDITE>669,177000</SICI_VENDITE>
    <SUD_VENDITE>1910,262000</SUD_VENDITE>
    <AUST_VENDITE>20,000000</AUST_VENDITE>
    <BRNN_VENDITE>744,207000</BRNN_VENDITE>
    <COAC_VENDITE>0,000000</COAC_VENDITE>
    <CORS_VENDITE>0,000000</CORS_VENDITE>
    <FOGN_VENDITE>29,782000</FOGN_VENDITE>
    <FRAN_VENDITE>99,000000</FRAN_VENDITE>
    <GREC_VENDITE>344,000000</GREC_VENDITE>
    <MFTV_VENDITE>0,000000</MFTV_VENDITE>
    <PRGP_VENDITE>0,000000</PRGP_VENDITE>
    <ROSN_VENDITE>355,449000</ROSN_VENDITE>
    <SLOV_VENDITE>0,000000</SLOV_VENDITE>
    <SVIZ_VENDITE>2867,000000</SVIZ_VENDITE>
    <BSP_VENDITE>565,000000</BSP_VENDITE>
    <MALT_VENDITE>0,000000</MALT_VENDITE>
    <XAUS_VENDITE>256,000000</XAUS_VENDITE>
    <XFRA_VENDITE>2632,000000</XFRA_VENDITE>
    <TOTITABSP_VENDITE>22404,361</TOTITABSP_VENDITE>
    <TOTITABSP_ACQUISTI>25292,361</TOTITABSP_ACQUISTI>
  </Quantita>
  <Quantita>
    <Data>20180418</Data>
    <Mercato>MGP</Mercato>
    <Ora>6</Ora>
    <TOTALE_ACQUISTI>26580,219</TOTALE_ACQUISTI>
    <NAT_ACQUISTI>26580,219000</NAT_ACQUISTI>
    <CNOR_ACQUISTI>2696,259000</CNOR_ACQUISTI>
    <CSUD_ACQUISTI>3798,440000</CSUD_ACQUISTI>
    <NORD_ACQUISTI>15110,918000</NORD_ACQUISTI>
    <SARD_ACQUISTI>809,418000</SARD_ACQUISTI>
    <SICI_ACQUISTI>1491,001000</SICI_ACQUISTI>
    <SUD_ACQUISTI>2022,183000</SUD_ACQUISTI>
    <AUST_ACQUISTI>0,000000</AUST_ACQUISTI>
    <BRNN_ACQUISTI>0,000000</BRNN_ACQUISTI>
    <COAC_ACQUISTI>20,000000</COAC_ACQUISTI>
    <CORS_ACQUISTI>5,000000</CORS_ACQUISTI>
    <FOGN_ACQUISTI>0,000000</FOGN_ACQUISTI>
    <FRAN_ACQUISTI>0,000000</FRAN_ACQUISTI>
    <GREC_ACQUISTI>544,000000</GREC_ACQUISTI>
    <MFTV_ACQUISTI>0,000000</MFTV_ACQUISTI>
    <PRGP_ACQUISTI>0,000000</PRGP_ACQUISTI>
    <ROSN_ACQUISTI>0,000000</ROSN_ACQUISTI>
    <SLOV_ACQUISTI>0,000000</SLOV_ACQUISTI>
    <SVIZ_ACQUISTI>10,000000</SVIZ_ACQUISTI>
    <BSP_ACQUISTI>0,000000</BSP_ACQUISTI>
    <MALT_ACQUISTI>73,000000</MALT_ACQUISTI>
    <XAUS_ACQUISTI>0,000000</XAUS_ACQUISTI>
    <XFRA_ACQUISTI>0,000000</XFRA_ACQUISTI>
    <TOTALE_VENDITE>23127,219</TOTALE_VENDITE>
    <NAT_VENDITE>26580,219000</NAT_VENDITE>
    <CNOR_VENDITE>2021,466000</CNOR_VENDITE>
    <CSUD_VENDITE>1309,621000</CSUD_VENDITE>
    <NORD_VENDITE>11756,711000</NORD_VENDITE>
    <SARD_VENDITE>841,794000</SARD_VENDITE>
    <SICI_VENDITE>675,406000</SICI_VENDITE>
    <SUD_VENDITE>1960,760000</SUD_VENDITE>
    <AUST_VENDITE>20,000000</AUST_VENDITE>
    <BRNN_VENDITE>741,718000</BRNN_VENDITE>
    <COAC_VENDITE>0,000000</COAC_VENDITE>
    <CORS_VENDITE>0,000000</CORS_VENDITE>
    <FOGN_VENDITE>30,410000</FOGN_VENDITE>
    <FRAN_VENDITE>99,000000</FRAN_VENDITE>
    <GREC_VENDITE>307,000000</GREC_VENDITE>
    <MFTV_VENDITE>0,000000</MFTV_VENDITE>
    <PRGP_VENDITE>0,000000</PRGP_VENDITE>
    <ROSN_VENDITE>496,333000</ROSN_VENDITE>
    <SLOV_VENDITE>0,000000</SLOV_VENDITE>
    <SVIZ_VENDITE>2867,000000</SVIZ_VENDITE>
    <BSP_VENDITE>565,000000</BSP_VENDITE>
    <MALT_VENDITE>0,000000</MALT_VENDITE>
    <XAUS_VENDITE>256,000000</XAUS_VENDITE>
    <XFRA_VENDITE>2632,000000</XFRA_VENDITE>
    <TOTITABSP_VENDITE>23692,219</TOTITABSP_VENDITE>
    <TOTITABSP_ACQUISTI>26580,219</TOTITABSP_ACQUISTI>
  </Quantita>
  <Quantita>
    <Data>20180418</Data>
    <Mercato>MGP</Mercato>
    <Ora>7</Ora>
    <TOTALE_ACQUISTI>30196,259</TOTALE_ACQUISTI>
    <NAT_ACQUISTI>30196,259000</NAT_ACQUISTI>
    <CNOR_ACQUISTI>3093,663000</CNOR_ACQUISTI>
    <CSUD_ACQUISTI>4276,631000</CSUD_ACQUISTI>
    <NORD_ACQUISTI>17766,525000</NORD_ACQUISTI>
    <SARD_ACQUISTI>864,771000</SARD_ACQUISTI>
    <SICI_ACQUISTI>1618,508000</SICI_ACQUISTI>
    <SUD_ACQUISTI>2146,161000</SUD_ACQUISTI>
    <AUST_ACQUISTI>0,000000</AUST_ACQUISTI>
    <BRNN_ACQUISTI>0,000000</BRNN_ACQUISTI>
    <COAC_ACQUISTI>20,000000</COAC_ACQUISTI>
    <CORS_ACQUISTI>5,000000</CORS_ACQUISTI>
    <FOGN_ACQUISTI>0,000000</FOGN_ACQUISTI>
    <FRAN_ACQUISTI>0,000000</FRAN_ACQUISTI>
    <GREC_ACQUISTI>288,000000</GREC_ACQUISTI>
    <MFTV_ACQUISTI>0,000000</MFTV_ACQUISTI>
    <PRGP_ACQUISTI>0,000000</PRGP_ACQUISTI>
    <ROSN_ACQUISTI>0,000000</ROSN_ACQUISTI>
    <SLOV_ACQUISTI>0,000000</SLOV_ACQUISTI>
    <SVIZ_ACQUISTI>0,000000</SVIZ_ACQUISTI>
    <BSP_ACQUISTI>0,000000</BSP_ACQUISTI>
    <MALT_ACQUISTI>117,000000</MALT_ACQUISTI>
    <XAUS_ACQUISTI>0,000000</XAUS_ACQUISTI>
    <XFRA_ACQUISTI>0,000000</XFRA_ACQUISTI>
    <TOTALE_VENDITE>26487,259</TOTALE_VENDITE>
    <NAT_VENDITE>30196,259000</NAT_VENDITE>
    <CNOR_VENDITE>2364,073000</CNOR_VENDITE>
    <CSUD_VENDITE>1816,449000</CSUD_VENDITE>
    <NORD_VENDITE>13395,480000</NORD_VENDITE>
    <SARD_VENDITE>860,239000</SARD_VENDITE>
    <SICI_VENDITE>694,166000</SICI_VENDITE>
    <SUD_VENDITE>2087,875000</SUD_VENDITE>
    <AUST_VENDITE>20,000000</AUST_VENDITE>
    <BRNN_VENDITE>834,936000</BRNN_VENDITE>
    <COAC_VENDITE>0,000000</COAC_VENDITE>
    <CORS_VENDITE>0,000000</CORS_VENDITE>
    <FOGN_VENDITE>20,806000</FOGN_VENDITE>
    <FRAN_VENDITE>99,000000</FRAN_VENDITE>
    <GREC_VENDITE>359,000000</GREC_VENDITE>
    <MFTV_VENDITE>0,000000</MFTV_VENDITE>
    <PRGP_VENDITE>0,090000</PRGP_VENDITE>
    <ROSN_VENDITE>884,145000</ROSN_VENDITE>
    <SLOV_VENDITE>0,000000</SLOV_VENDITE>
    <SVIZ_VENDITE>3051,000000</SVIZ_VENDITE>
    <BSP_VENDITE>607,000000</BSP_VENDITE>
    <MALT_VENDITE>0,000000</MALT_VENDITE>
    <XAUS_VENDITE>270,000000</XAUS_VENDITE>
    <XFRA_VENDITE>2832,000000</XFRA_VENDITE>
    <TOTITABSP_VENDITE>27094,259</TOTITABSP_VENDITE>
    <TOTITABSP_ACQUISTI>30196,259</TOTITABSP_ACQUISTI>
  </Quantita>
  <Quantita>
    <Data>20180418</Data>
    <Mercato>MGP</Mercato>
    <Ora>8</Ora>
    <TOTALE_ACQUISTI>34827,221</TOTALE_ACQUISTI>
    <NAT_ACQUISTI>34853,221000</NAT_ACQUISTI>
    <CNOR_ACQUISTI>3617,434000</CNOR_ACQUISTI>
    <CSUD_ACQUISTI>4997,140000</CSUD_ACQUISTI>
    <NORD_ACQUISTI>20649,455000</NORD_ACQUISTI>
    <SARD_ACQUISTI>989,674000</SARD_ACQUISTI>
    <SICI_ACQUISTI>1899,257000</SICI_ACQUISTI>
    <SUD_ACQUISTI>2536,261000</SUD_ACQUISTI>
    <AUST_ACQUISTI>0,000000</AUST_ACQUISTI>
    <BRNN_ACQUISTI>0,000000</BRNN_ACQUISTI>
    <COAC_ACQUISTI>20,000000</COAC_ACQUISTI>
    <CORS_ACQUISTI>5,000000</CORS_ACQUISTI>
    <FOGN_ACQUISTI>0,000000</FOGN_ACQUISTI>
    <FRAN_ACQUISTI>0,000000</FRAN_ACQUISTI>
    <GREC_ACQUISTI>0,000000</GREC_ACQUISTI>
    <MFTV_ACQUISTI>0,000000</MFTV_ACQUISTI>
    <PRGP_ACQUISTI>0,000000</PRGP_ACQUISTI>
    <ROSN_ACQUISTI>0,000000</ROSN_ACQUISTI>
    <SLOV_ACQUISTI>0,000000</SLOV_ACQUISTI>
    <SVIZ_ACQUISTI>0,000000</SVIZ_ACQUISTI>
    <BSP_ACQUISTI>0,000000</BSP_ACQUISTI>
    <MALT_ACQUISTI>113,000000</MALT_ACQUISTI>
    <XAUS_ACQUISTI>0,000000</XAUS_ACQUISTI>
    <XFRA_ACQUISTI>0,000000</XFRA_ACQUISTI>
    <TOTALE_VENDITE>30832,221</TOTALE_VENDITE>
    <NAT_VENDITE>34853,221000</NAT_VENDITE>
    <CNOR_VENDITE>2525,356000</CNOR_VENDITE>
    <CSUD_VENDITE>2801,961000</CSUD_VENDITE>
    <NORD_VENDITE>15575,793000</NORD_VENDITE>
    <SARD_VENDITE>860,313000</SARD_VENDITE>
    <SICI_VENDITE>908,022000</SICI_VENDITE>
    <SUD_VENDITE>2241,658000</SUD_VENDITE>
    <AUST_VENDITE>20,000000</AUST_VENDITE>
    <BRNN_VENDITE>906,653000</BRNN_VENDITE>
    <COAC_VENDITE>0,000000</COAC_VENDITE>
    <CORS_VENDITE>0,000000</CORS_VENDITE>
    <FOGN_VENDITE>129,296000</FOGN_VENDITE>
    <FRAN_VENDITE>99,000000</FRAN_VENDITE>
    <GREC_VENDITE>394,714000</GREC_VENDITE>
    <MFTV_VENDITE>0,000000</MFTV_VENDITE>
    <PRGP_VENDITE>4,235000</PRGP_VENDITE>
    <ROSN_VENDITE>1134,220000</ROSN_VENDITE>
    <SLOV_VENDITE>0,000000</SLOV_VENDITE>
    <SVIZ_VENDITE>3231,000000</SVIZ_VENDITE>
    <BSP_VENDITE>716,000000</BSP_VENDITE>
    <MALT_VENDITE>0,000000</MALT_VENDITE>
    <XAUS_VENDITE>290,000000</XAUS_VENDITE>
    <XFRA_VENDITE>2989,000000</XFRA_VENDITE>
    <TOTITABSP_VENDITE>31548,221</TOTITABSP_VENDITE>
    <TOTITABSP_ACQUISTI>34827,221</TOTITABSP_ACQUISTI>
  </Quantita>
  <Quantita>
    <Data>20180418</Data>
    <Mercato>MGP</Mercato>
    <Ora>9</Ora>
    <TOTALE_ACQUISTI>39306,103</TOTALE_ACQUISTI>
    <NAT_ACQUISTI>39306,103000</NAT_ACQUISTI>
    <CNOR_ACQUISTI>4211,488000</CNOR_ACQUISTI>
    <CSUD_ACQUISTI>5595,527000</CSUD_ACQUISTI>
    <NORD_ACQUISTI>23266,911000</NORD_ACQUISTI>
    <SARD_ACQUISTI>1084,976000</SARD_ACQUISTI>
    <SICI_ACQUISTI>2147,620000</SICI_ACQUISTI>
    <SUD_ACQUISTI>2845,581000</SUD_ACQUISTI>
    <AUST_ACQUISTI>0,000000</AUST_ACQUISTI>
    <BRNN_ACQUISTI>0,000000</BRNN_ACQUISTI>
    <COAC_ACQUISTI>20,000000</COAC_ACQUISTI>
    <CORS_ACQUISTI>15,000000</CORS_ACQUISTI>
    <FOGN_ACQUISTI>0,000000</FOGN_ACQUISTI>
    <FRAN_ACQUISTI>0,000000</FRAN_ACQUISTI>
    <GREC_ACQUISTI>0,000000</GREC_ACQUISTI>
    <MFTV_ACQUISTI>0,000000</MFTV_ACQUISTI>
    <PRGP_ACQUISTI>0,000000</PRGP_ACQUISTI>
    <ROSN_ACQUISTI>0,000000</ROSN_ACQUISTI>
    <SLOV_ACQUISTI>0,000000</SLOV_ACQUISTI>
    <SVIZ_ACQUISTI>0,000000</SVIZ_ACQUISTI>
    <BSP_ACQUISTI>0,000000</BSP_ACQUISTI>
    <MALT_ACQUISTI>119,000000</MALT_ACQUISTI>
    <XAUS_ACQUISTI>0,000000</XAUS_ACQUISTI>
    <XFRA_ACQUISTI>0,000000</XFRA_ACQUISTI>
    <TOTALE_VENDITE>35311,103</TOTALE_VENDITE>
    <NAT_VENDITE>39306,103000</NAT_VENDITE>
    <CNOR_VENDITE>2883,433000</CNOR_VENDITE>
    <CSUD_VENDITE>3439,352000</CSUD_VENDITE>
    <NORD_VENDITE>17958,490000</NORD_VENDITE>
    <SARD_VENDITE>977,928000</SARD_VENDITE>
    <SICI_VENDITE>1050,298000</SICI_VENDITE>
    <SUD_VENDITE>2783,385000</SUD_VENDITE>
    <AUST_VENDITE>20,000000</AUST_VENDITE>
    <BRNN_VENDITE>708,991000</BRNN_VENDITE>
    <COAC_VENDITE>0,000000</COAC_VENDITE>
    <CORS_VENDITE>0,000000</CORS_VENDITE>
    <FOGN_VENDITE>360,455000</FOGN_VENDITE>
    <FRAN_VENDITE>99,000000</FRAN_VENDITE>
    <GREC_VENDITE>390,000000</GREC_VENDITE>
    <MFTV_VENDITE>0,000000</MFTV_VENDITE>
    <PRGP_VENDITE>272,145000</PRGP_VENDITE>
    <ROSN_VENDITE>1136,626000</ROSN_VENDITE>
    <SLOV_VENDITE>0,000000</SLOV_VENDITE>
    <SVIZ_VENDITE>3231,000000</SVIZ_VENDITE>
    <BSP_VENDITE>716,000000</BSP_VENDITE>
    <MALT_VENDITE>0,000000</MALT_VENDITE>
    <XAUS_VENDITE>290,000000</XAUS_VENDITE>
    <XFRA_VENDITE>2989,000000</XFRA_VENDITE>
    <TOTITABSP_VENDITE>36027,103</TOTITABSP_VENDITE>
    <TOTITABSP_ACQUISTI>39306,103</TOTITABSP_ACQUISTI>
  </Quantita>
  <Quantita>
    <Data>20180418</Data>
    <Mercato>MGP</Mercato>
    <Ora>10</Ora>
    <TOTALE_ACQUISTI>39731,702</TOTALE_ACQUISTI>
    <NAT_ACQUISTI>39731,702000</NAT_ACQUISTI>
    <CNOR_ACQUISTI>4300,315000</CNOR_ACQUISTI>
    <CSUD_ACQUISTI>5787,792000</CSUD_ACQUISTI>
    <NORD_ACQUISTI>23400,326000</NORD_ACQUISTI>
    <SARD_ACQUISTI>1066,407000</SARD_ACQUISTI>
    <SICI_ACQUISTI>2164,675000</SICI_ACQUISTI>
    <SUD_ACQUISTI>2856,187000</SUD_ACQUISTI>
    <AUST_ACQUISTI>0,000000</AUST_ACQUISTI>
    <BRNN_ACQUISTI>0,000000</BRNN_ACQUISTI>
    <COAC_ACQUISTI>20,000000</COAC_ACQUISTI>
    <CORS_ACQUISTI>5,000000</CORS_ACQUISTI>
    <FOGN_ACQUISTI>0,000000</FOGN_ACQUISTI>
    <FRAN_ACQUISTI>0,000000</FRAN_ACQUISTI>
    <GREC_ACQUISTI>0,000000</GREC_ACQUISTI>
    <MFTV_ACQUISTI>0,000000</MFTV_ACQUISTI>
    <PRGP_ACQUISTI>0,000000</PRGP_ACQUISTI>
    <ROSN_ACQUISTI>0,000000</ROSN_ACQUISTI>
    <SLOV_ACQUISTI>0,000000</SLOV_ACQUISTI>
    <SVIZ_ACQUISTI>0,000000</SVIZ_ACQUISTI>
    <BSP_ACQUISTI>0,000000</BSP_ACQUISTI>
    <MALT_ACQUISTI>131,000000</MALT_ACQUISTI>
    <XAUS_ACQUISTI>0,000000</XAUS_ACQUISTI>
    <XFRA_ACQUISTI>0,000000</XFRA_ACQUISTI>
    <TOTALE_VENDITE>35658,702</TOTALE_VENDITE>
    <NAT_VENDITE>39731,702000</NAT_VENDITE>
    <CNOR_VENDITE>3001,410000</CNOR_VENDITE>
    <CSUD_VENDITE>4134,028000</CSUD_VENDITE>
    <NORD_VENDITE>17023,666000</NORD_VENDITE>
    <SARD_VENDITE>1049,088000</SARD_VENDITE>
    <SICI_VENDITE>1098,417000</SICI_VENDITE>
    <SUD_VENDITE>2949,490000</SUD_VENDITE>
    <AUST_VENDITE>20,000000</AUST_VENDITE>
    <BRNN_VENDITE>740,083000</BRNN_VENDITE>
    <COAC_VENDITE>0,000000</COAC_VENDITE>
    <CORS_VENDITE>0,000000</CORS_VENDITE>
    <FOGN_VENDITE>517,316000</FOGN_VENDITE>
    <FRAN_VENDITE>99,000000</FRAN_VENDITE>
    <GREC_VENDITE>330,000000</GREC_VENDITE>
    <MFTV_VENDITE>0,000000</MFTV_VENDITE>
    <PRGP_VENDITE>273,553000</PRGP_VENDITE>
    <ROSN_VENDITE>1134,651000</ROSN_VENDITE>
    <SLOV_VENDITE>0,000000</SLOV_VENDITE>
    <SVIZ_VENDITE>3288,000000</SVIZ_VENDITE>
    <BSP_VENDITE>729,000000</BSP_VENDITE>
    <MALT_VENDITE>0,000000</MALT_VENDITE>
    <XAUS_VENDITE>295,000000</XAUS_VENDITE>
    <XFRA_VENDITE>3049,000000</XFRA_VENDITE>
    <TOTITABSP_VENDITE>36387,702</TOTITABSP_VENDITE>
    <TOTITABSP_ACQUISTI>39731,702</TOTITABSP_ACQUISTI>
  </Quantita>
  <Quantita>
    <Data>20180418</Data>
    <Mercato>MGP</Mercato>
    <Ora>11</Ora>
    <TOTALE_ACQUISTI>39299,774</TOTALE_ACQUISTI>
    <NAT_ACQUISTI>39299,774000</NAT_ACQUISTI>
    <CNOR_ACQUISTI>4286,772000</CNOR_ACQUISTI>
    <CSUD_ACQUISTI>5756,721000</CSUD_ACQUISTI>
    <NORD_ACQUISTI>22862,801000</NORD_ACQUISTI>
    <SARD_ACQUISTI>1024,225000</SARD_ACQUISTI>
    <SICI_ACQUISTI>2106,242000</SICI_ACQUISTI>
    <SUD_ACQUISTI>2802,013000</SUD_ACQUISTI>
    <AUST_ACQUISTI>0,000000</AUST_ACQUISTI>
    <BRNN_ACQUISTI>0,000000</BRNN_ACQUISTI>
    <COAC_ACQUISTI>20,000000</COAC_ACQUISTI>
    <CORS_ACQUISTI>5,000000</CORS_ACQUISTI>
    <FOGN_ACQUISTI>0,000000</FOGN_ACQUISTI>
    <FRAN_ACQUISTI>0,000000</FRAN_ACQUISTI>
    <GREC_ACQUISTI>325,000000</GREC_ACQUISTI>
    <MFTV_ACQUISTI>0,000000</MFTV_ACQUISTI>
    <PRGP_ACQUISTI>0,000000</PRGP_ACQUISTI>
    <ROSN_ACQUISTI>0,000000</ROSN_ACQUISTI>
    <SLOV_ACQUISTI>0,000000</SLOV_ACQUISTI>
    <SVIZ_ACQUISTI>0,000000</SVIZ_ACQUISTI>
    <BSP_ACQUISTI>0,000000</BSP_ACQUISTI>
    <MALT_ACQUISTI>111,000000</MALT_ACQUISTI>
    <XAUS_ACQUISTI>0,000000</XAUS_ACQUISTI>
    <XFRA_ACQUISTI>0,000000</XFRA_ACQUISTI>
    <TOTALE_VENDITE>35226,774</TOTALE_VENDITE>
    <NAT_VENDITE>39299,774000</NAT_VENDITE>
    <CNOR_VENDITE>3124,829000</CNOR_VENDITE>
    <CSUD_VENDITE>4278,073000</CSUD_VENDITE>
    <NORD_VENDITE>16143,445000</NORD_VENDITE>
    <SARD_VENDITE>1125,665000</SARD_VENDITE>
    <SICI_VENDITE>1126,475000</SICI_VENDITE>
    <SUD_VENDITE>3275,415000</SUD_VENDITE>
    <AUST_VENDITE>20,000000</AUST_VENDITE>
    <BRNN_VENDITE>675,846000</BRNN_VENDITE>
    <COAC_VENDITE>0,000000</COAC_VENDITE>
    <CORS_VENDITE>0,000000</CORS_VENDITE>
    <FOGN_VENDITE>559,486000</FOGN_VENDITE>
    <FRAN_VENDITE>99,000000</FRAN_VENDITE>
    <GREC_VENDITE>104,000000</GREC_VENDITE>
    <MFTV_VENDITE>0,000000</MFTV_VENDITE>
    <PRGP_VENDITE>274,689000</PRGP_VENDITE>
    <ROSN_VENDITE>1131,851000</ROSN_VENDITE>
    <SLOV_VENDITE>0,000000</SLOV_VENDITE>
    <SVIZ_VENDITE>3288,000000</SVIZ_VENDITE>
    <BSP_VENDITE>729,000000</BSP_VENDITE>
    <MALT_VENDITE>0,000000</MALT_VENDITE>
    <XAUS_VENDITE>295,000000</XAUS_VENDITE>
    <XFRA_VENDITE>3049,000000</XFRA_VENDITE>
    <TOTITABSP_VENDITE>35955,774</TOTITABSP_VENDITE>
    <TOTITABSP_ACQUISTI>39299,774</TOTITABSP_ACQUISTI>
  </Quantita>
  <Quantita>
    <Data>20180418</Data>
    <Mercato>MGP</Mercato>
    <Ora>12</Ora>
    <TOTALE_ACQUISTI>38583,233</TOTALE_ACQUISTI>
    <NAT_ACQUISTI>38583,233000</NAT_ACQUISTI>
    <CNOR_ACQUISTI>4213,189000</CNOR_ACQUISTI>
    <CSUD_ACQUISTI>5660,063000</CSUD_ACQUISTI>
    <NORD_ACQUISTI>22346,313000</NORD_ACQUISTI>
    <SARD_ACQUISTI>998,379000</SARD_ACQUISTI>
    <SICI_ACQUISTI>2055,014000</SICI_ACQUISTI>
    <SUD_ACQUISTI>2778,275000</SUD_ACQUISTI>
    <AUST_ACQUISTI>0,000000</AUST_ACQUISTI>
    <BRNN_ACQUISTI>0,000000</BRNN_ACQUISTI>
    <COAC_ACQUISTI>20,000000</COAC_ACQUISTI>
    <CORS_ACQUISTI>5,000000</CORS_ACQUISTI>
    <FOGN_ACQUISTI>0,000000</FOGN_ACQUISTI>
    <FRAN_ACQUISTI>0,000000</FRAN_ACQUISTI>
    <GREC_ACQUISTI>410,000000</GREC_ACQUISTI>
    <MFTV_ACQUISTI>0,000000</MFTV_ACQUISTI>
    <PRGP_ACQUISTI>0,000000</PRGP_ACQUISTI>
    <ROSN_ACQUISTI>0,000000</ROSN_ACQUISTI>
    <SLOV_ACQUISTI>0,000000</SLOV_ACQUISTI>
    <SVIZ_ACQUISTI>0,000000</SVIZ_ACQUISTI>
    <BSP_ACQUISTI>0,000000</BSP_ACQUISTI>
    <MALT_ACQUISTI>97,000000</MALT_ACQUISTI>
    <XAUS_ACQUISTI>0,000000</XAUS_ACQUISTI>
    <XFRA_ACQUISTI>0,000000</XFRA_ACQUISTI>
    <TOTALE_VENDITE>34510,233</TOTALE_VENDITE>
    <NAT_VENDITE>38583,233000</NAT_VENDITE>
    <CNOR_VENDITE>3268,134000</CNOR_VENDITE>
    <CSUD_VENDITE>3447,604000</CSUD_VENDITE>
    <NORD_VENDITE>16243,607000</NORD_VENDITE>
    <SARD_VENDITE>1185,065000</SARD_VENDITE>
    <SICI_VENDITE>1164,973000</SICI_VENDITE>
    <SUD_VENDITE>3471,483000</SUD_VENDITE>
    <AUST_VENDITE>20,000000</AUST_VENDITE>
    <BRNN_VENDITE>491,514000</BRNN_VENDITE>
    <COAC_VENDITE>0,000000</COAC_VENDITE>
    <CORS_VENDITE>0,000000</CORS_VENDITE>
    <FOGN_VENDITE>497,563000</FOGN_VENDITE>
    <FRAN_VENDITE>99,000000</FRAN_VENDITE>
    <GREC_VENDITE>103,000000</GREC_VENDITE>
    <MFTV_VENDITE>0,000000</MFTV_VENDITE>
    <PRGP_VENDITE>275,216000</PRGP_VENDITE>
    <ROSN_VENDITE>965,074000</ROSN_VENDITE>
    <SLOV_VENDITE>0,000000</SLOV_VENDITE>
    <SVIZ_VENDITE>3278,000000</SVIZ_VENDITE>
    <BSP_VENDITE>729,000000</BSP_VENDITE>
    <MALT_VENDITE>0,000000</MALT_VENDITE>
    <XAUS_VENDITE>295,000000</XAUS_VENDITE>
    <XFRA_VENDITE>3049,000000</XFRA_VENDITE>
    <TOTITABSP_VENDITE>35239,233</TOTITABSP_VENDITE>
    <TOTITABSP_ACQUISTI>38583,233</TOTITABSP_ACQUISTI>
  </Quantita>
  <Quantita>
    <Data>20180418</Data>
    <Mercato>MGP</Mercato>
    <Ora>13</Ora>
    <TOTALE_ACQUISTI>36844,376</TOTALE_ACQUISTI>
    <NAT_ACQUISTI>36844,376000</NAT_ACQUISTI>
    <CNOR_ACQUISTI>3965,126000</CNOR_ACQUISTI>
    <CSUD_ACQUISTI>5626,196000</CSUD_ACQUISTI>
    <NORD_ACQUISTI>20807,327000</NORD_ACQUISTI>
    <SARD_ACQUISTI>983,560000</SARD_ACQUISTI>
    <SICI_ACQUISTI>2015,522000</SICI_ACQUISTI>
    <SUD_ACQUISTI>2781,645000</SUD_ACQUISTI>
    <AUST_ACQUISTI>0,000000</AUST_ACQUISTI>
    <BRNN_ACQUISTI>0,000000</BRNN_ACQUISTI>
    <COAC_ACQUISTI>20,000000</COAC_ACQUISTI>
    <CORS_ACQUISTI>5,000000</CORS_ACQUISTI>
    <FOGN_ACQUISTI>0,000000</FOGN_ACQUISTI>
    <FRAN_ACQUISTI>0,000000</FRAN_ACQUISTI>
    <GREC_ACQUISTI>503,000000</GREC_ACQUISTI>
    <MFTV_ACQUISTI>0,000000</MFTV_ACQUISTI>
    <PRGP_ACQUISTI>0,000000</PRGP_ACQUISTI>
    <ROSN_ACQUISTI>0,000000</ROSN_ACQUISTI>
    <SLOV_ACQUISTI>0,000000</SLOV_ACQUISTI>
    <SVIZ_ACQUISTI>50,000000</SVIZ_ACQUISTI>
    <BSP_ACQUISTI>0,000000</BSP_ACQUISTI>
    <MALT_ACQUISTI>87,000000</MALT_ACQUISTI>
    <XAUS_ACQUISTI>0,000000</XAUS_ACQUISTI>
    <XFRA_ACQUISTI>0,000000</XFRA_ACQUISTI>
    <TOTALE_VENDITE>33016,376</TOTALE_VENDITE>
    <NAT_VENDITE>36844,376000</NAT_VENDITE>
    <CNOR_VENDITE>3369,305000</CNOR_VENDITE>
    <CSUD_VENDITE>3329,234000</CSUD_VENDITE>
    <NORD_VENDITE>15193,045000</NORD_VENDITE>
    <SARD_VENDITE>1215,435000</SARD_VENDITE>
    <SICI_VENDITE>1187,664000</SICI_VENDITE>
    <SUD_VENDITE>3572,926000</SUD_VENDITE>
    <AUST_VENDITE>20,000000</AUST_VENDITE>
    <BRNN_VENDITE>513,491000</BRNN_VENDITE>
    <COAC_VENDITE>0,000000</COAC_VENDITE>
    <CORS_VENDITE>0,000000</CORS_VENDITE>
    <FOGN_VENDITE>496,347000</FOGN_VENDITE>
    <FRAN_VENDITE>99,000000</FRAN_VENDITE>
    <GREC_VENDITE>102,000000</GREC_VENDITE>
    <MFTV_VENDITE>0,000000</MFTV_VENDITE>
    <PRGP_VENDITE>275,411000</PRGP_VENDITE>
    <ROSN_VENDITE>532,518000</ROSN_VENDITE>
    <SLOV_VENDITE>0,000000</SLOV_VENDITE>
    <SVIZ_VENDITE>3110,000000</SVIZ_VENDITE>
    <BSP_VENDITE>686,000000</BSP_VENDITE>
    <MALT_VENDITE>0,000000</MALT_VENDITE>
    <XAUS_VENDITE>281,000000</XAUS_VENDITE>
    <XFRA_VENDITE>2861,000000</XFRA_VENDITE>
    <TOTITABSP_VENDITE>33702,376</TOTITABSP_VENDITE>
    <TOTITABSP_ACQUISTI>36844,376</TOTITABSP_ACQUISTI>
  </Quantita>
  <Quantita>
    <Data>20180418</Data>
    <Mercato>MGP</Mercato>
    <Ora>14</Ora>
    <TOTALE_ACQUISTI>36558,871</TOTALE_ACQUISTI>
    <NAT_ACQUISTI>36558,871000</NAT_ACQUISTI>
    <CNOR_ACQUISTI>3838,129000</CNOR_ACQUISTI>
    <CSUD_ACQUISTI>5429,499000</CSUD_ACQUISTI>
    <NORD_ACQUISTI>21080,140000</NORD_ACQUISTI>
    <SARD_ACQUISTI>948,342000</SARD_ACQUISTI>
    <SICI_ACQUISTI>1942,390000</SICI_ACQUISTI>
    <SUD_ACQUISTI>2663,371000</SUD_ACQUISTI>
    <AUST_ACQUISTI>0,000000</AUST_ACQUISTI>
    <BRNN_ACQUISTI>0,000000</BRNN_ACQUISTI>
    <COAC_ACQUISTI>20,000000</COAC_ACQUISTI>
    <CORS_ACQUISTI>5,000000</CORS_ACQUISTI>
    <FOGN_ACQUISTI>0,000000</FOGN_ACQUISTI>
    <FRAN_ACQUISTI>0,000000</FRAN_ACQUISTI>
    <GREC_ACQUISTI>503,000000</GREC_ACQUISTI>
    <MFTV_ACQUISTI>0,000000</MFTV_ACQUISTI>
    <PRGP_ACQUISTI>0,000000</PRGP_ACQUISTI>
    <ROSN_ACQUISTI>0,000000</ROSN_ACQUISTI>
    <SLOV_ACQUISTI>0,000000</SLOV_ACQUISTI>
    <SVIZ_ACQUISTI>50,000000</SVIZ_ACQUISTI>
    <BSP_ACQUISTI>0,000000</BSP_ACQUISTI>
    <MALT_ACQUISTI>79,000000</MALT_ACQUISTI>
    <XAUS_ACQUISTI>0,000000</XAUS_ACQUISTI>
    <XFRA_ACQUISTI>0,000000</XFRA_ACQUISTI>
    <TOTALE_VENDITE>32730,871</TOTALE_VENDITE>
    <NAT_VENDITE>36558,871000</NAT_VENDITE>
    <CNOR_VENDITE>3235,317000</CNOR_VENDITE>
    <CSUD_VENDITE>3249,680000</CSUD_VENDITE>
    <NORD_VENDITE>15140,529000</NORD_VENDITE>
    <SARD_VENDITE>1217,556000</SARD_VENDITE>
    <SICI_VENDITE>1190,197000</SICI_VENDITE>
    <SUD_VENDITE>3537,420000</SUD_VENDITE>
    <AUST_VENDITE>20,000000</AUST_VENDITE>
    <BRNN_VENDITE>574,498000</BRNN_VENDITE>
    <COAC_VENDITE>0,000000</COAC_VENDITE>
    <CORS_VENDITE>0,000000</CORS_VENDITE>
    <FOGN_VENDITE>496,565000</FOGN_VENDITE>
    <FRAN_VENDITE>99,000000</FRAN_VENDITE>
    <GREC_VENDITE>77,000000</GREC_VENDITE>
    <MFTV_VENDITE>0,000000</MFTV_VENDITE>
    <PRGP_VENDITE>275,104000</PRGP_VENDITE>
    <ROSN_VENDITE>533,005000</ROSN_VENDITE>
    <SLOV_VENDITE>0,000000</SLOV_VENDITE>
    <SVIZ_VENDITE>3085,000000</SVIZ_VENDITE>
    <BSP_VENDITE>686,000000</BSP_VENDITE>
    <MALT_VENDITE>0,000000</MALT_VENDITE>
    <XAUS_VENDITE>281,000000</XAUS_VENDITE>
    <XFRA_VENDITE>2861,000000</XFRA_VENDITE>
    <TOTITABSP_VENDITE>33416,871</TOTITABSP_VENDITE>
    <TOTITABSP_ACQUISTI>36558,871</TOTITABSP_ACQUISTI>
  </Quantita>
  <Quantita>
    <Data>20180418</Data>
    <Mercato>MGP</Mercato>
    <Ora>15</Ora>
    <TOTALE_ACQUISTI>37159,394</TOTALE_ACQUISTI>
    <NAT_ACQUISTI>37159,394000</NAT_ACQUISTI>
    <CNOR_ACQUISTI>4022,918000</CNOR_ACQUISTI>
    <CSUD_ACQUISTI>5452,449000</CSUD_ACQUISTI>
    <NORD_ACQUISTI>21639,213000</NORD_ACQUISTI>
    <SARD_ACQUISTI>935,441000</SARD_ACQUISTI>
    <SICI_ACQUISTI>1931,091000</SICI_ACQUISTI>
    <SUD_ACQUISTI>2597,282000</SUD_ACQUISTI>
    <AUST_ACQUISTI>0,000000</AUST_ACQUISTI>
    <BRNN_ACQUISTI>0,000000</BRNN_ACQUISTI>
    <COAC_ACQUISTI>20,000000</COAC_ACQUISTI>
    <CORS_ACQUISTI>5,000000</CORS_ACQUISTI>
    <FOGN_ACQUISTI>0,000000</FOGN_ACQUISTI>
    <FRAN_ACQUISTI>0,000000</FRAN_ACQUISTI>
    <GREC_ACQUISTI>482,000000</GREC_ACQUISTI>
    <MFTV_ACQUISTI>0,000000</MFTV_ACQUISTI>
    <PRGP_ACQUISTI>0,000000</PRGP_ACQUISTI>
    <ROSN_ACQUISTI>0,000000</ROSN_ACQUISTI>
    <SLOV_ACQUISTI>0,000000</SLOV_ACQUISTI>
    <SVIZ_ACQUISTI>0,000000</SVIZ_ACQUISTI>
    <BSP_ACQUISTI>0,000000</BSP_ACQUISTI>
    <MALT_ACQUISTI>74,000000</MALT_ACQUISTI>
    <XAUS_ACQUISTI>0,000000</XAUS_ACQUISTI>
    <XFRA_ACQUISTI>0,000000</XFRA_ACQUISTI>
    <TOTALE_VENDITE>33331,394</TOTALE_VENDITE>
    <NAT_VENDITE>37159,394000</NAT_VENDITE>
    <CNOR_VENDITE>3337,254000</CNOR_VENDITE>
    <CSUD_VENDITE>3282,982000</CSUD_VENDITE>
    <NORD_VENDITE>15673,585000</NORD_VENDITE>
    <SARD_VENDITE>1191,879000</SARD_VENDITE>
    <SICI_VENDITE>1150,821000</SICI_VENDITE>
    <SUD_VENDITE>3430,433000</SUD_VENDITE>
    <AUST_VENDITE>20,000000</AUST_VENDITE>
    <BRNN_VENDITE>626,515000</BRNN_VENDITE>
    <COAC_VENDITE>0,000000</COAC_VENDITE>
    <CORS_VENDITE>0,000000</CORS_VENDITE>
    <FOGN_VENDITE>498,350000</FOGN_VENDITE>
    <FRAN_VENDITE>99,000000</FRAN_VENDITE>
    <GREC_VENDITE>131,000000</GREC_VENDITE>
    <MFTV_VENDITE>0,000000</MFTV_VENDITE>
    <PRGP_VENDITE>274,355000</PRGP_VENDITE>
    <ROSN_VENDITE>530,220000</ROSN_VENDITE>
    <SLOV_VENDITE>0,000000</SLOV_VENDITE>
    <SVIZ_VENDITE>3085,000000</SVIZ_VENDITE>
    <BSP_VENDITE>686,000000</BSP_VENDITE>
    <MALT_VENDITE>0,000000</MALT_VENDITE>
    <XAUS_VENDITE>281,000000</XAUS_VENDITE>
    <XFRA_VENDITE>2861,000000</XFRA_VENDITE>
    <TOTITABSP_VENDITE>34017,394</TOTITABSP_VENDITE>
    <TOTITABSP_ACQUISTI>37159,394</TOTITABSP_ACQUISTI>
  </Quantita>
  <Quantita>
    <Data>20180418</Data>
    <Mercato>MGP</Mercato>
    <Ora>16</Ora>
    <TOTALE_ACQUISTI>37550,483</TOTALE_ACQUISTI>
    <NAT_ACQUISTI>37550,483000</NAT_ACQUISTI>
    <CNOR_ACQUISTI>4149,061000</CNOR_ACQUISTI>
    <CSUD_ACQUISTI>5566,651000</CSUD_ACQUISTI>
    <NORD_ACQUISTI>21771,747000</NORD_ACQUISTI>
    <SARD_ACQUISTI>954,171000</SARD_ACQUISTI>
    <SICI_ACQUISTI>1930,150000</SICI_ACQUISTI>
    <SUD_ACQUISTI>2624,703000</SUD_ACQUISTI>
    <AUST_ACQUISTI>0,000000</AUST_ACQUISTI>
    <BRNN_ACQUISTI>0,000000</BRNN_ACQUISTI>
    <COAC_ACQUISTI>20,000000</COAC_ACQUISTI>
    <CORS_ACQUISTI>5,000000</CORS_ACQUISTI>
    <FOGN_ACQUISTI>0,000000</FOGN_ACQUISTI>
    <FRAN_ACQUISTI>0,000000</FRAN_ACQUISTI>
    <GREC_ACQUISTI>445,000000</GREC_ACQUISTI>
    <MFTV_ACQUISTI>0,000000</MFTV_ACQUISTI>
    <PRGP_ACQUISTI>0,000000</PRGP_ACQUISTI>
    <ROSN_ACQUISTI>0,000000</ROSN_ACQUISTI>
    <SLOV_ACQUISTI>0,000000</SLOV_ACQUISTI>
    <SVIZ_ACQUISTI>0,000000</SVIZ_ACQUISTI>
    <BSP_ACQUISTI>0,000000</BSP_ACQUISTI>
    <MALT_ACQUISTI>84,000000</MALT_ACQUISTI>
    <XAUS_ACQUISTI>0,000000</XAUS_ACQUISTI>
    <XFRA_ACQUISTI>0,000000</XFRA_ACQUISTI>
    <TOTALE_VENDITE>33407,483</TOTALE_VENDITE>
    <NAT_VENDITE>37550,483000</NAT_VENDITE>
    <CNOR_VENDITE>3233,142000</CNOR_VENDITE>
    <CSUD_VENDITE>3120,449000</CSUD_VENDITE>
    <NORD_VENDITE>15493,128000</NORD_VENDITE>
    <SARD_VENDITE>1159,992000</SARD_VENDITE>
    <SICI_VENDITE>1098,252000</SICI_VENDITE>
    <SUD_VENDITE>3201,346000</SUD_VENDITE>
    <AUST_VENDITE>20,000000</AUST_VENDITE>
    <BRNN_VENDITE>718,258000</BRNN_VENDITE>
    <COAC_VENDITE>0,000000</COAC_VENDITE>
    <CORS_VENDITE>0,000000</CORS_VENDITE>
    <FOGN_VENDITE>499,409000</FOGN_VENDITE>
    <FRAN_VENDITE>99,000000</FRAN_VENDITE>
    <GREC_VENDITE>192,000000</GREC_VENDITE>
    <MFTV_VENDITE>0,000000</MFTV_VENDITE>
    <PRGP_VENDITE>273,508000</PRGP_VENDITE>
    <ROSN_VENDITE>957,999000</ROSN_VENDITE>
    <SLOV_VENDITE>0,000000</SLOV_VENDITE>
    <SVIZ_VENDITE>3341,000000</SVIZ_VENDITE>
    <BSP_VENDITE>743,000000</BSP_VENDITE>
    <MALT_VENDITE>0,000000</MALT_VENDITE>
    <XAUS_VENDITE>295,000000</XAUS_VENDITE>
    <XFRA_VENDITE>3105,000000</XFRA_VENDITE>
    <TOTITABSP_VENDITE>34150,483</TOTITABSP_VENDITE>
    <TOTITABSP_ACQUISTI>37550,483</TOTITABSP_ACQUISTI>
  </Quantita>
  <Quantita>
    <Data>20180418</Data>
    <Mercato>MGP</Mercato>
    <Ora>17</Ora>
    <TOTALE_ACQUISTI>37803,078</TOTALE_ACQUISTI>
    <NAT_ACQUISTI>37803,078000</NAT_ACQUISTI>
    <CNOR_ACQUISTI>4164,992000</CNOR_ACQUISTI>
    <CSUD_ACQUISTI>5591,651000</CSUD_ACQUISTI>
    <NORD_ACQUISTI>21858,095000</NORD_ACQUISTI>
    <SARD_ACQUISTI>959,410000</SARD_ACQUISTI>
    <SICI_ACQUISTI>1990,122000</SICI_ACQUISTI>
    <SUD_ACQUISTI>2681,808000</SUD_ACQUISTI>
    <AUST_ACQUISTI>0,000000</AUST_ACQUISTI>
    <BRNN_ACQUISTI>0,000000</BRNN_ACQUISTI>
    <COAC_ACQUISTI>20,000000</COAC_ACQUISTI>
    <CORS_ACQUISTI>5,000000</CORS_ACQUISTI>
    <FOGN_ACQUISTI>0,000000</FOGN_ACQUISTI>
    <FRAN_ACQUISTI>0,000000</FRAN_ACQUISTI>
    <GREC_ACQUISTI>430,000000</GREC_ACQUISTI>
    <MFTV_ACQUISTI>0,000000</MFTV_ACQUISTI>
    <PRGP_ACQUISTI>0,000000</PRGP_ACQUISTI>
    <ROSN_ACQUISTI>0,000000</ROSN_ACQUISTI>
    <SLOV_ACQUISTI>0,000000</SLOV_ACQUISTI>
    <SVIZ_ACQUISTI>0,000000</SVIZ_ACQUISTI>
    <BSP_ACQUISTI>0,000000</BSP_ACQUISTI>
    <MALT_ACQUISTI>102,000000</MALT_ACQUISTI>
    <XAUS_ACQUISTI>0,000000</XAUS_ACQUISTI>
    <XFRA_ACQUISTI>0,000000</XFRA_ACQUISTI>
    <TOTALE_VENDITE>33660,078</TOTALE_VENDITE>
    <NAT_VENDITE>37803,078000</NAT_VENDITE>
    <CNOR_VENDITE>3120,725000</CNOR_VENDITE>
    <CSUD_VENDITE>3465,344000</CSUD_VENDITE>
    <NORD_VENDITE>15694,082000</NORD_VENDITE>
    <SARD_VENDITE>1105,133000</SARD_VENDITE>
    <SICI_VENDITE>1011,833000</SICI_VENDITE>
    <SUD_VENDITE>2952,429000</SUD_VENDITE>
    <AUST_VENDITE>20,000000</AUST_VENDITE>
    <BRNN_VENDITE>781,314000</BRNN_VENDITE>
    <COAC_VENDITE>0,000000</COAC_VENDITE>
    <CORS_VENDITE>0,000000</CORS_VENDITE>
    <FOGN_VENDITE>500,639000</FOGN_VENDITE>
    <FRAN_VENDITE>99,000000</FRAN_VENDITE>
    <GREC_VENDITE>180,000000</GREC_VENDITE>
    <MFTV_VENDITE>0,000000</MFTV_VENDITE>
    <PRGP_VENDITE>272,267000</PRGP_VENDITE>
    <ROSN_VENDITE>1116,312000</ROSN_VENDITE>
    <SLOV_VENDITE>0,000000</SLOV_VENDITE>
    <SVIZ_VENDITE>3341,000000</SVIZ_VENDITE>
    <BSP_VENDITE>743,000000</BSP_VENDITE>
    <MALT_VENDITE>0,000000</MALT_VENDITE>
    <XAUS_VENDITE>295,000000</XAUS_VENDITE>
    <XFRA_VENDITE>3105,000000</XFRA_VENDITE>
    <TOTITABSP_VENDITE>34403,078</TOTITABSP_VENDITE>
    <TOTITABSP_ACQUISTI>37803,078</TOTITABSP_ACQUISTI>
  </Quantita>
  <Quantita>
    <Data>20180418</Data>
    <Mercato>MGP</Mercato>
    <Ora>18</Ora>
    <TOTALE_ACQUISTI>37351,822</TOTALE_ACQUISTI>
    <NAT_ACQUISTI>37351,822000</NAT_ACQUISTI>
    <CNOR_ACQUISTI>4072,127000</CNOR_ACQUISTI>
    <CSUD_ACQUISTI>5623,516000</CSUD_ACQUISTI>
    <NORD_ACQUISTI>21333,738000</NORD_ACQUISTI>
    <SARD_ACQUISTI>1005,641000</SARD_ACQUISTI>
    <SICI_ACQUISTI>2066,725000</SICI_ACQUISTI>
    <SUD_ACQUISTI>2780,075000</SUD_ACQUISTI>
    <AUST_ACQUISTI>0,000000</AUST_ACQUISTI>
    <BRNN_ACQUISTI>0,000000</BRNN_ACQUISTI>
    <COAC_ACQUISTI>20,000000</COAC_ACQUISTI>
    <CORS_ACQUISTI>5,000000</CORS_ACQUISTI>
    <FOGN_ACQUISTI>0,000000</FOGN_ACQUISTI>
    <FRAN_ACQUISTI>0,000000</FRAN_ACQUISTI>
    <GREC_ACQUISTI>320,000000</GREC_ACQUISTI>
    <MFTV_ACQUISTI>0,000000</MFTV_ACQUISTI>
    <PRGP_ACQUISTI>0,000000</PRGP_ACQUISTI>
    <ROSN_ACQUISTI>0,000000</ROSN_ACQUISTI>
    <SLOV_ACQUISTI>0,000000</SLOV_ACQUISTI>
    <SVIZ_ACQUISTI>0,000000</SVIZ_ACQUISTI>
    <BSP_ACQUISTI>0,000000</BSP_ACQUISTI>
    <MALT_ACQUISTI>125,000000</MALT_ACQUISTI>
    <XAUS_ACQUISTI>0,000000</XAUS_ACQUISTI>
    <XFRA_ACQUISTI>0,000000</XFRA_ACQUISTI>
    <TOTALE_VENDITE>33208,822</TOTALE_VENDITE>
    <NAT_VENDITE>37351,822000</NAT_VENDITE>
    <CNOR_VENDITE>2877,780000</CNOR_VENDITE>
    <CSUD_VENDITE>3969,876000</CSUD_VENDITE>
    <NORD_VENDITE>15469,921000</NORD_VENDITE>
    <SARD_VENDITE>1076,367000</SARD_VENDITE>
    <SICI_VENDITE>922,211000</SICI_VENDITE>
    <SUD_VENDITE>2575,543000</SUD_VENDITE>
    <AUST_VENDITE>20,000000</AUST_VENDITE>
    <BRNN_VENDITE>832,815000</BRNN_VENDITE>
    <COAC_VENDITE>0,000000</COAC_VENDITE>
    <CORS_VENDITE>0,000000</CORS_VENDITE>
    <FOGN_VENDITE>487,064000</FOGN_VENDITE>
    <FRAN_VENDITE>99,000000</FRAN_VENDITE>
    <GREC_VENDITE>160,000000</GREC_VENDITE>
    <MFTV_VENDITE>0,000000</MFTV_VENDITE>
    <PRGP_VENDITE>271,170000</PRGP_VENDITE>
    <ROSN_VENDITE>1112,075000</ROSN_VENDITE>
    <SLOV_VENDITE>0,000000</SLOV_VENDITE>
    <SVIZ_VENDITE>3335,000000</SVIZ_VENDITE>
    <BSP_VENDITE>743,000000</BSP_VENDITE>
    <MALT_VENDITE>0,000000</MALT_VENDITE>
    <XAUS_VENDITE>295,000000</XAUS_VENDITE>
    <XFRA_VENDITE>3105,000000</XFRA_VENDITE>
    <TOTITABSP_VENDITE>33951,822</TOTITABSP_VENDITE>
    <TOTITABSP_ACQUISTI>37351,822</TOTITABSP_ACQUISTI>
  </Quantita>
  <Quantita>
    <Data>20180418</Data>
    <Mercato>MGP</Mercato>
    <Ora>19</Ora>
    <TOTALE_ACQUISTI>37245,131</TOTALE_ACQUISTI>
    <NAT_ACQUISTI>37271,131000</NAT_ACQUISTI>
    <CNOR_ACQUISTI>4034,800000</CNOR_ACQUISTI>
    <CSUD_ACQUISTI>5679,299000</CSUD_ACQUISTI>
    <NORD_ACQUISTI>21090,405000</NORD_ACQUISTI>
    <SARD_ACQUISTI>1032,902000</SARD_ACQUISTI>
    <SICI_ACQUISTI>2099,922000</SICI_ACQUISTI>
    <SUD_ACQUISTI>2977,803000</SUD_ACQUISTI>
    <AUST_ACQUISTI>0,000000</AUST_ACQUISTI>
    <BRNN_ACQUISTI>0,000000</BRNN_ACQUISTI>
    <COAC_ACQUISTI>21,000000</COAC_ACQUISTI>
    <CORS_ACQUISTI>21,000000</CORS_ACQUISTI>
    <FOGN_ACQUISTI>0,000000</FOGN_ACQUISTI>
    <FRAN_ACQUISTI>0,000000</FRAN_ACQUISTI>
    <GREC_ACQUISTI>160,000000</GREC_ACQUISTI>
    <MFTV_ACQUISTI>0,000000</MFTV_ACQUISTI>
    <PRGP_ACQUISTI>0,000000</PRGP_ACQUISTI>
    <ROSN_ACQUISTI>0,000000</ROSN_ACQUISTI>
    <SLOV_ACQUISTI>0,000000</SLOV_ACQUISTI>
    <SVIZ_ACQUISTI>0,000000</SVIZ_ACQUISTI>
    <BSP_ACQUISTI>0,000000</BSP_ACQUISTI>
    <MALT_ACQUISTI>128,000000</MALT_ACQUISTI>
    <XAUS_ACQUISTI>0,000000</XAUS_ACQUISTI>
    <XFRA_ACQUISTI>0,000000</XFRA_ACQUISTI>
    <TOTALE_VENDITE>32877,131</TOTALE_VENDITE>
    <NAT_VENDITE>37271,131000</NAT_VENDITE>
    <CNOR_VENDITE>2657,318000</CNOR_VENDITE>
    <CSUD_VENDITE>3723,004000</CSUD_VENDITE>
    <NORD_VENDITE>15719,229000</NORD_VENDITE>
    <SARD_VENDITE>1013,387000</SARD_VENDITE>
    <SICI_VENDITE>1057,415000</SICI_VENDITE>
    <SUD_VENDITE>2171,005000</SUD_VENDITE>
    <AUST_VENDITE>20,000000</AUST_VENDITE>
    <BRNN_VENDITE>981,455000</BRNN_VENDITE>
    <COAC_VENDITE>0,000000</COAC_VENDITE>
    <CORS_VENDITE>0,000000</CORS_VENDITE>
    <FOGN_VENDITE>544,934000</FOGN_VENDITE>
    <FRAN_VENDITE>99,000000</FRAN_VENDITE>
    <GREC_VENDITE>191,000000</GREC_VENDITE>
    <MFTV_VENDITE>0,000000</MFTV_VENDITE>
    <PRGP_VENDITE>70,507000</PRGP_VENDITE>
    <ROSN_VENDITE>1113,877000</ROSN_VENDITE>
    <SLOV_VENDITE>0,000000</SLOV_VENDITE>
    <SVIZ_VENDITE>3515,000000</SVIZ_VENDITE>
    <BSP_VENDITE>785,000000</BSP_VENDITE>
    <MALT_VENDITE>0,000000</MALT_VENDITE>
    <XAUS_VENDITE>295,000000</XAUS_VENDITE>
    <XFRA_VENDITE>3288,000000</XFRA_VENDITE>
    <TOTITABSP_VENDITE>33662,131</TOTITABSP_VENDITE>
    <TOTITABSP_ACQUISTI>37245,131</TOTITABSP_ACQUISTI>
  </Quantita>
  <Quantita>
    <Data>20180418</Data>
    <Mercato>MGP</Mercato>
    <Ora>20</Ora>
    <TOTALE_ACQUISTI>37572,089</TOTALE_ACQUISTI>
    <NAT_ACQUISTI>37688,089000</NAT_ACQUISTI>
    <CNOR_ACQUISTI>4056,840000</CNOR_ACQUISTI>
    <CSUD_ACQUISTI>5990,329000</CSUD_ACQUISTI>
    <NORD_ACQUISTI>20916,049000</NORD_ACQUISTI>
    <SARD_ACQUISTI>1071,337000</SARD_ACQUISTI>
    <SICI_ACQUISTI>2227,350000</SICI_ACQUISTI>
    <SUD_ACQUISTI>3175,184000</SUD_ACQUISTI>
    <AUST_ACQUISTI>0,000000</AUST_ACQUISTI>
    <BRNN_ACQUISTI>0,000000</BRNN_ACQUISTI>
    <COAC_ACQUISTI>52,000000</COAC_ACQUISTI>
    <CORS_ACQUISTI>30,000000</CORS_ACQUISTI>
    <FOGN_ACQUISTI>0,000000</FOGN_ACQUISTI>
    <FRAN_ACQUISTI>0,000000</FRAN_ACQUISTI>
    <GREC_ACQUISTI>0,000000</GREC_ACQUISTI>
    <MFTV_ACQUISTI>0,000000</MFTV_ACQUISTI>
    <PRGP_ACQUISTI>0,000000</PRGP_ACQUISTI>
    <ROSN_ACQUISTI>0,000000</ROSN_ACQUISTI>
    <SLOV_ACQUISTI>0,000000</SLOV_ACQUISTI>
    <SVIZ_ACQUISTI>0,000000</SVIZ_ACQUISTI>
    <BSP_ACQUISTI>0,000000</BSP_ACQUISTI>
    <MALT_ACQUISTI>53,000000</MALT_ACQUISTI>
    <XAUS_ACQUISTI>0,000000</XAUS_ACQUISTI>
    <XFRA_ACQUISTI>0,000000</XFRA_ACQUISTI>
    <TOTALE_VENDITE>33204,089</TOTALE_VENDITE>
    <NAT_VENDITE>37688,089000</NAT_VENDITE>
    <CNOR_VENDITE>2515,459000</CNOR_VENDITE>
    <CSUD_VENDITE>3750,724000</CSUD_VENDITE>
    <NORD_VENDITE>16356,396000</NORD_VENDITE>
    <SARD_VENDITE>930,512000</SARD_VENDITE>
    <SICI_VENDITE>1102,625000</SICI_VENDITE>
    <SUD_VENDITE>1898,425000</SUD_VENDITE>
    <AUST_VENDITE>20,000000</AUST_VENDITE>
    <BRNN_VENDITE>1031,529000</BRNN_VENDITE>
    <COAC_VENDITE>0,000000</COAC_VENDITE>
    <CORS_VENDITE>0,000000</CORS_VENDITE>
    <FOGN_VENDITE>575,919000</FOGN_VENDITE>
    <FRAN_VENDITE>99,000000</FRAN_VENDITE>
    <GREC_VENDITE>237,000000</GREC_VENDITE>
    <MFTV_VENDITE>0,000000</MFTV_VENDITE>
    <PRGP_VENDITE>77,725000</PRGP_VENDITE>
    <ROSN_VENDITE>1118,775000</ROSN_VENDITE>
    <SLOV_VENDITE>0,000000</SLOV_VENDITE>
    <SVIZ_VENDITE>3490,000000</SVIZ_VENDITE>
    <BSP_VENDITE>785,000000</BSP_VENDITE>
    <MALT_VENDITE>0,000000</MALT_VENDITE>
    <XAUS_VENDITE>295,000000</XAUS_VENDITE>
    <XFRA_VENDITE>3288,000000</XFRA_VENDITE>
    <TOTITABSP_VENDITE>33989,089</TOTITABSP_VENDITE>
    <TOTITABSP_ACQUISTI>37572,089</TOTITABSP_ACQUISTI>
  </Quantita>
  <Quantita>
    <Data>20180418</Data>
    <Mercato>MGP</Mercato>
    <Ora>21</Ora>
    <TOTALE_ACQUISTI>38775,541</TOTALE_ACQUISTI>
    <NAT_ACQUISTI>38892,541000</NAT_ACQUISTI>
    <CNOR_ACQUISTI>4134,881000</CNOR_ACQUISTI>
    <CSUD_ACQUISTI>6306,633000</CSUD_ACQUISTI>
    <NORD_ACQUISTI>21228,349000</NORD_ACQUISTI>
    <SARD_ACQUISTI>1167,992000</SARD_ACQUISTI>
    <SICI_ACQUISTI>2405,462000</SICI_ACQUISTI>
    <SUD_ACQUISTI>3404,224000</SUD_ACQUISTI>
    <AUST_ACQUISTI>0,000000</AUST_ACQUISTI>
    <BRNN_ACQUISTI>0,000000</BRNN_ACQUISTI>
    <COAC_ACQUISTI>21,000000</COAC_ACQUISTI>
    <CORS_ACQUISTI>30,000000</CORS_ACQUISTI>
    <FOGN_ACQUISTI>0,000000</FOGN_ACQUISTI>
    <FRAN_ACQUISTI>0,000000</FRAN_ACQUISTI>
    <GREC_ACQUISTI>15,000000</GREC_ACQUISTI>
    <MFTV_ACQUISTI>0,000000</MFTV_ACQUISTI>
    <PRGP_ACQUISTI>0,000000</PRGP_ACQUISTI>
    <ROSN_ACQUISTI>0,000000</ROSN_ACQUISTI>
    <SLOV_ACQUISTI>0,000000</SLOV_ACQUISTI>
    <SVIZ_ACQUISTI>0,000000</SVIZ_ACQUISTI>
    <BSP_ACQUISTI>0,000000</BSP_ACQUISTI>
    <MALT_ACQUISTI>62,000000</MALT_ACQUISTI>
    <XAUS_ACQUISTI>0,000000</XAUS_ACQUISTI>
    <XFRA_ACQUISTI>0,000000</XFRA_ACQUISTI>
    <TOTALE_VENDITE>34407,541</TOTALE_VENDITE>
    <NAT_VENDITE>38892,541000</NAT_VENDITE>
    <CNOR_VENDITE>2651,532000</CNOR_VENDITE>
    <CSUD_VENDITE>3767,460000</CSUD_VENDITE>
    <NORD_VENDITE>16851,119000</NORD_VENDITE>
    <SARD_VENDITE>914,130000</SARD_VENDITE>
    <SICI_VENDITE>1041,462000</SICI_VENDITE>
    <SUD_VENDITE>2036,087000</SUD_VENDITE>
    <AUST_VENDITE>20,000000</AUST_VENDITE>
    <BRNN_VENDITE>1086,644000</BRNN_VENDITE>
    <COAC_VENDITE>0,000000</COAC_VENDITE>
    <CORS_VENDITE>0,000000</CORS_VENDITE>
    <FOGN_VENDITE>577,573000</FOGN_VENDITE>
    <FRAN_VENDITE>99,000000</FRAN_VENDITE>
    <GREC_VENDITE>444,000000</GREC_VENDITE>
    <MFTV_VENDITE>0,000000</MFTV_VENDITE>
    <PRGP_VENDITE>326,000000</PRGP_VENDITE>
    <ROSN_VENDITE>1127,534000</ROSN_VENDITE>
    <SLOV_VENDITE>0,000000</SLOV_VENDITE>
    <SVIZ_VENDITE>3465,000000</SVIZ_VENDITE>
    <BSP_VENDITE>785,000000</BSP_VENDITE>
    <MALT_VENDITE>0,000000</MALT_VENDITE>
    <XAUS_VENDITE>295,000000</XAUS_VENDITE>
    <XFRA_VENDITE>3288,000000</XFRA_VENDITE>
    <TOTITABSP_VENDITE>35192,541</TOTITABSP_VENDITE>
    <TOTITABSP_ACQUISTI>38775,541</TOTITABSP_ACQUISTI>
  </Quantita>
  <Quantita>
    <Data>20180418</Data>
    <Mercato>MGP</Mercato>
    <Ora>22</Ora>
    <TOTALE_ACQUISTI>36393,357</TOTALE_ACQUISTI>
    <NAT_ACQUISTI>36509,457000</NAT_ACQUISTI>
    <CNOR_ACQUISTI>3905,504000</CNOR_ACQUISTI>
    <CSUD_ACQUISTI>5887,290000</CSUD_ACQUISTI>
    <NORD_ACQUISTI>19991,704000</NORD_ACQUISTI>
    <SARD_ACQUISTI>1110,329000</SARD_ACQUISTI>
    <SICI_ACQUISTI>2275,919000</SICI_ACQUISTI>
    <SUD_ACQUISTI>3157,611000</SUD_ACQUISTI>
    <AUST_ACQUISTI>0,000000</AUST_ACQUISTI>
    <BRNN_ACQUISTI>0,000000</BRNN_ACQUISTI>
    <COAC_ACQUISTI>20,000000</COAC_ACQUISTI>
    <CORS_ACQUISTI>17,000000</CORS_ACQUISTI>
    <FOGN_ACQUISTI>0,000000</FOGN_ACQUISTI>
    <FRAN_ACQUISTI>0,000000</FRAN_ACQUISTI>
    <GREC_ACQUISTI>0,000000</GREC_ACQUISTI>
    <MFTV_ACQUISTI>0,000000</MFTV_ACQUISTI>
    <PRGP_ACQUISTI>0,000000</PRGP_ACQUISTI>
    <ROSN_ACQUISTI>0,000000</ROSN_ACQUISTI>
    <SLOV_ACQUISTI>0,000000</SLOV_ACQUISTI>
    <SVIZ_ACQUISTI>0,000000</SVIZ_ACQUISTI>
    <BSP_ACQUISTI>0,000000</BSP_ACQUISTI>
    <MALT_ACQUISTI>28,000000</MALT_ACQUISTI>
    <XAUS_ACQUISTI>0,000000</XAUS_ACQUISTI>
    <XFRA_ACQUISTI>0,000000</XFRA_ACQUISTI>
    <TOTALE_VENDITE>32870,357</TOTALE_VENDITE>
    <NAT_VENDITE>36509,457000</NAT_VENDITE>
    <CNOR_VENDITE>2431,820000</CNOR_VENDITE>
    <CSUD_VENDITE>3763,498000</CSUD_VENDITE>
    <NORD_VENDITE>16314,409000</NORD_VENDITE>
    <SARD_VENDITE>902,571000</SARD_VENDITE>
    <SICI_VENDITE>1001,279000</SICI_VENDITE>
    <SUD_VENDITE>1998,531000</SUD_VENDITE>
    <AUST_VENDITE>20,000000</AUST_VENDITE>
    <BRNN_VENDITE>1126,845000</BRNN_VENDITE>
    <COAC_VENDITE>0,000000</COAC_VENDITE>
    <CORS_VENDITE>0,000000</CORS_VENDITE>
    <FOGN_VENDITE>586,914000</FOGN_VENDITE>
    <FRAN_VENDITE>99,000000</FRAN_VENDITE>
    <GREC_VENDITE>455,000000</GREC_VENDITE>
    <MFTV_VENDITE>0,000000</MFTV_VENDITE>
    <PRGP_VENDITE>202,640000</PRGP_VENDITE>
    <ROSN_VENDITE>1129,850000</ROSN_VENDITE>
    <SLOV_VENDITE>0,000000</SLOV_VENDITE>
    <SVIZ_VENDITE>2838,000000</SVIZ_VENDITE>
    <BSP_VENDITE>632,000000</BSP_VENDITE>
    <MALT_VENDITE>0,000000</MALT_VENDITE>
    <XAUS_VENDITE>264,000000</XAUS_VENDITE>
    <XFRA_VENDITE>2627,000000</XFRA_VENDITE>
    <TOTITABSP_VENDITE>33502,357</TOTITABSP_VENDITE>
    <TOTITABSP_ACQUISTI>36393,357</TOTITABSP_ACQUISTI>
  </Quantita>
  <Quantita>
    <Data>20180418</Data>
    <Mercato>MGP</Mercato>
    <Ora>23</Ora>
    <TOTALE_ACQUISTI>32892,265</TOTALE_ACQUISTI>
    <NAT_ACQUISTI>33009,265000</NAT_ACQUISTI>
    <CNOR_ACQUISTI>3520,579000</CNOR_ACQUISTI>
    <CSUD_ACQUISTI>5311,263000</CSUD_ACQUISTI>
    <NORD_ACQUISTI>18077,562000</NORD_ACQUISTI>
    <SARD_ACQUISTI>1019,395000</SARD_ACQUISTI>
    <SICI_ACQUISTI>2062,266000</SICI_ACQUISTI>
    <SUD_ACQUISTI>2745,200000</SUD_ACQUISTI>
    <AUST_ACQUISTI>0,000000</AUST_ACQUISTI>
    <BRNN_ACQUISTI>0,000000</BRNN_ACQUISTI>
    <COAC_ACQUISTI>20,000000</COAC_ACQUISTI>
    <CORS_ACQUISTI>21,000000</CORS_ACQUISTI>
    <FOGN_ACQUISTI>0,000000</FOGN_ACQUISTI>
    <FRAN_ACQUISTI>0,000000</FRAN_ACQUISTI>
    <GREC_ACQUISTI>115,000000</GREC_ACQUISTI>
    <MFTV_ACQUISTI>0,000000</MFTV_ACQUISTI>
    <PRGP_ACQUISTI>0,000000</PRGP_ACQUISTI>
    <ROSN_ACQUISTI>0,000000</ROSN_ACQUISTI>
    <SLOV_ACQUISTI>0,000000</SLOV_ACQUISTI>
    <SVIZ_ACQUISTI>0,000000</SVIZ_ACQUISTI>
    <BSP_ACQUISTI>0,000000</BSP_ACQUISTI>
    <MALT_ACQUISTI>0,000000</MALT_ACQUISTI>
    <XAUS_ACQUISTI>0,000000</XAUS_ACQUISTI>
    <XFRA_ACQUISTI>0,000000</XFRA_ACQUISTI>
    <TOTALE_VENDITE>29369,265</TOTALE_VENDITE>
    <NAT_VENDITE>33009,265000</NAT_VENDITE>
    <CNOR_VENDITE>2396,122000</CNOR_VENDITE>
    <CSUD_VENDITE>3465,333000</CSUD_VENDITE>
    <NORD_VENDITE>13540,646000</NORD_VENDITE>
    <SARD_VENDITE>860,997000</SARD_VENDITE>
    <SICI_VENDITE>892,266000</SICI_VENDITE>
    <SUD_VENDITE>1930,879000</SUD_VENDITE>
    <AUST_VENDITE>20,000000</AUST_VENDITE>
    <BRNN_VENDITE>1077,759000</BRNN_VENDITE>
    <COAC_VENDITE>0,000000</COAC_VENDITE>
    <CORS_VENDITE>0,000000</CORS_VENDITE>
    <FOGN_VENDITE>545,889000</FOGN_VENDITE>
    <FRAN_VENDITE>99,000000</FRAN_VENDITE>
    <GREC_VENDITE>450,000000</GREC_VENDITE>
    <MFTV_VENDITE>0,000000</MFTV_VENDITE>
    <PRGP_VENDITE>70,000000</PRGP_VENDITE>
    <ROSN_VENDITE>1132,374000</ROSN_VENDITE>
    <SLOV_VENDITE>0,000000</SLOV_VENDITE>
    <SVIZ_VENDITE>2888,000000</SVIZ_VENDITE>
    <BSP_VENDITE>632,000000</BSP_VENDITE>
    <MALT_VENDITE>0,000000</MALT_VENDITE>
    <XAUS_VENDITE>264,000000</XAUS_VENDITE>
    <XFRA_VENDITE>2627,000000</XFRA_VENDITE>
    <TOTITABSP_VENDITE>30001,265</TOTITABSP_VENDITE>
    <TOTITABSP_ACQUISTI>32892,265</TOTITABSP_ACQUISTI>
  </Quantita>
  <Quantita>
    <Data>20180418</Data>
    <Mercato>MGP</Mercato>
    <Ora>24</Ora>
    <TOTALE_ACQUISTI>29930,675</TOTALE_ACQUISTI>
    <NAT_ACQUISTI>29915,675000</NAT_ACQUISTI>
    <CNOR_ACQUISTI>3158,958000</CNOR_ACQUISTI>
    <CSUD_ACQUISTI>4710,866000</CSUD_ACQUISTI>
    <NORD_ACQUISTI>16470,519000</NORD_ACQUISTI>
    <SARD_ACQUISTI>929,962000</SARD_ACQUISTI>
    <SICI_ACQUISTI>1861,482000</SICI_ACQUISTI>
    <SUD_ACQUISTI>2417,888000</SUD_ACQUISTI>
    <AUST_ACQUISTI>0,000000</AUST_ACQUISTI>
    <BRNN_ACQUISTI>0,000000</BRNN_ACQUISTI>
    <COAC_ACQUISTI>20,000000</COAC_ACQUISTI>
    <CORS_ACQUISTI>18,000000</CORS_ACQUISTI>
    <FOGN_ACQUISTI>0,000000</FOGN_ACQUISTI>
    <FRAN_ACQUISTI>0,000000</FRAN_ACQUISTI>
    <GREC_ACQUISTI>264,000000</GREC_ACQUISTI>
    <MFTV_ACQUISTI>0,000000</MFTV_ACQUISTI>
    <PRGP_ACQUISTI>0,000000</PRGP_ACQUISTI>
    <ROSN_ACQUISTI>0,000000</ROSN_ACQUISTI>
    <SLOV_ACQUISTI>0,000000</SLOV_ACQUISTI>
    <SVIZ_ACQUISTI>0,000000</SVIZ_ACQUISTI>
    <BSP_ACQUISTI>0,000000</BSP_ACQUISTI>
    <MALT_ACQUISTI>79,000000</MALT_ACQUISTI>
    <XAUS_ACQUISTI>0,000000</XAUS_ACQUISTI>
    <XFRA_ACQUISTI>0,000000</XFRA_ACQUISTI>
    <TOTALE_VENDITE>26431,675</TOTALE_VENDITE>
    <NAT_VENDITE>29915,675000</NAT_VENDITE>
    <CNOR_VENDITE>2332,944000</CNOR_VENDITE>
    <CSUD_VENDITE>2175,854000</CSUD_VENDITE>
    <NORD_VENDITE>12600,317000</NORD_VENDITE>
    <SARD_VENDITE>827,160000</SARD_VENDITE>
    <SICI_VENDITE>840,482000</SICI_VENDITE>
    <SUD_VENDITE>1939,912000</SUD_VENDITE>
    <AUST_VENDITE>20,000000</AUST_VENDITE>
    <BRNN_VENDITE>990,045000</BRNN_VENDITE>
    <COAC_VENDITE>0,000000</COAC_VENDITE>
    <CORS_VENDITE>0,000000</CORS_VENDITE>
    <FOGN_VENDITE>483,977000</FOGN_VENDITE>
    <FRAN_VENDITE>99,000000</FRAN_VENDITE>
    <GREC_VENDITE>353,000000</GREC_VENDITE>
    <MFTV_VENDITE>0,000000</MFTV_VENDITE>
    <PRGP_VENDITE>0,000000</PRGP_VENDITE>
    <ROSN_VENDITE>965,984000</ROSN_VENDITE>
    <SLOV_VENDITE>0,000000</SLOV_VENDITE>
    <SVIZ_VENDITE>2803,000000</SVIZ_VENDITE>
    <BSP_VENDITE>573,000000</BSP_VENDITE>
    <MALT_VENDITE>0,000000</MALT_VENDITE>
    <XAUS_VENDITE>259,000000</XAUS_VENDITE>
    <XFRA_VENDITE>2667,000000</XFRA_VENDITE>
    <TOTITABSP_VENDITE>27004,675</TOTITABSP_VENDITE>
    <TOTITABSP_ACQUISTI>29930,675</TOTITABSP_ACQUISTI>
  </Quantita>
</NewDataSet>