<?xml version="1.0" standalone="yes"?>
<NewDataSet>
  <xs:schema id="NewDataSet" xmlns="" xmlns:xs="http://www.w3.org/2001/XMLSchema" xmlns:msdata="urn:schemas-microsoft-com:xml-msdata">
    <xs:element name="NewDataSet" msdata:IsDataSet="true" msdata:UseCurrentLocale="true">
      <xs:complexType>
        <xs:choice minOccurs="0" maxOccurs="unbounded">
          <xs:element name="Quantita">
            <xs:complexType>
              <xs:sequence>
                <xs:element name="Data" type="xs:string" minOccurs="0" />
                <xs:element name="Mercato" type="xs:string" minOccurs="0" />
                <xs:element name="Ora" type="xs:string" minOccurs="0" />
                <xs:element name="TOTALE_ACQUISTI" type="xs:string" minOccurs="0" />
                <xs:element name="NAT_ACQUISTI" type="xs:string" minOccurs="0" />
                <xs:element name="CNOR_ACQUISTI" type="xs:string" minOccurs="0" />
                <xs:element name="CSUD_ACQUISTI" type="xs:string" minOccurs="0" />
                <xs:element name="NORD_ACQUISTI" type="xs:string" minOccurs="0" />
                <xs:element name="SARD_ACQUISTI" type="xs:string" minOccurs="0" />
                <xs:element name="SICI_ACQUISTI" type="xs:string" minOccurs="0" />
                <xs:element name="SUD_ACQUISTI" type="xs:string" minOccurs="0" />
                <xs:element name="AUST_ACQUISTI" type="xs:string" minOccurs="0" />
                <xs:element name="BRNN_ACQUISTI" type="xs:string" minOccurs="0" />
                <xs:element name="COAC_ACQUISTI" type="xs:string" minOccurs="0" />
                <xs:element name="CORS_ACQUISTI" type="xs:string" minOccurs="0" />
                <xs:element name="FOGN_ACQUISTI" type="xs:string" minOccurs="0" />
                <xs:element name="FRAN_ACQUISTI" type="xs:string" minOccurs="0" />
                <xs:element name="GREC_ACQUISTI" type="xs:string" minOccurs="0" />
                <xs:element name="MFTV_ACQUISTI" type="xs:string" minOccurs="0" />
                <xs:element name="PRGP_ACQUISTI" type="xs:string" minOccurs="0" />
                <xs:element name="ROSN_ACQUISTI" type="xs:string" minOccurs="0" />
                <xs:element name="SLOV_ACQUISTI" type="xs:string" minOccurs="0" />
                <xs:element name="SVIZ_ACQUISTI" type="xs:string" minOccurs="0" />
                <xs:element name="BSP_ACQUISTI" type="xs:string" minOccurs="0" />
                <xs:element name="MALT_ACQUISTI" type="xs:string" minOccurs="0" />
                <xs:element name="XAUS_ACQUISTI" type="xs:string" minOccurs="0" />
                <xs:element name="XFRA_ACQUISTI" type="xs:string" minOccurs="0" />
                <xs:element name="TOTALE_VENDITE" type="xs:string" minOccurs="0" />
                <xs:element name="NAT_VENDITE" type="xs:string" minOccurs="0" />
                <xs:element name="CNOR_VENDITE" type="xs:string" minOccurs="0" />
                <xs:element name="CSUD_VENDITE" type="xs:string" minOccurs="0" />
                <xs:element name="NORD_VENDITE" type="xs:string" minOccurs="0" />
                <xs:element name="SARD_VENDITE" type="xs:string" minOccurs="0" />
                <xs:element name="SICI_VENDITE" type="xs:string" minOccurs="0" />
                <xs:element name="SUD_VENDITE" type="xs:string" minOccurs="0" />
                <xs:element name="AUST_VENDITE" type="xs:string" minOccurs="0" />
                <xs:element name="BRNN_VENDITE" type="xs:string" minOccurs="0" />
                <xs:element name="COAC_VENDITE" type="xs:string" minOccurs="0" />
                <xs:element name="CORS_VENDITE" type="xs:string" minOccurs="0" />
                <xs:element name="FOGN_VENDITE" type="xs:string" minOccurs="0" />
                <xs:element name="FRAN_VENDITE" type="xs:string" minOccurs="0" />
                <xs:element name="GREC_VENDITE" type="xs:string" minOccurs="0" />
                <xs:element name="MFTV_VENDITE" type="xs:string" minOccurs="0" />
                <xs:element name="PRGP_VENDITE" type="xs:string" minOccurs="0" />
                <xs:element name="ROSN_VENDITE" type="xs:string" minOccurs="0" />
                <xs:element name="SLOV_VENDITE" type="xs:string" minOccurs="0" />
                <xs:element name="SVIZ_VENDITE" type="xs:string" minOccurs="0" />
                <xs:element name="BSP_VENDITE" type="xs:string" minOccurs="0" />
                <xs:element name="MALT_VENDITE" type="xs:string" minOccurs="0" />
                <xs:element name="XAUS_VENDITE" type="xs:string" minOccurs="0" />
                <xs:element name="XFRA_VENDITE" type="xs:string" minOccurs="0" />
                <xs:element name="TOTITABSP_VENDITE" msdata:ReadOnly="true" msdata:Expression="Convert(TOTALE_VENDITE, System.Double) + Convert(BSP_VENDITE,System.Double)" type="xs:string" minOccurs="0" />
                <xs:element name="TOTITABSP_ACQUISTI" msdata:ReadOnly="true" msdata:Expression="Convert(TOTALE_ACQUISTI, System.Double) + Convert(BSP_ACQUISTI, System.Double)" type="xs:string" minOccurs="0" />
              </xs:sequence>
            </xs:complexType>
          </xs:element>
        </xs:choice>
      </xs:complexType>
    </xs:element>
  </xs:schema>
  <Quantita>
    <Data>20180429</Data>
    <Mercato>MGP</Mercato>
    <Ora>1</Ora>
    <TOTALE_ACQUISTI>24661,052</TOTALE_ACQUISTI>
    <NAT_ACQUISTI>24694,052000</NAT_ACQUISTI>
    <CNOR_ACQUISTI>2554,336000</CNOR_ACQUISTI>
    <CSUD_ACQUISTI>4116,205000</CSUD_ACQUISTI>
    <NORD_ACQUISTI>13222,881000</NORD_ACQUISTI>
    <SARD_ACQUISTI>877,745000</SARD_ACQUISTI>
    <SICI_ACQUISTI>1656,487000</SICI_ACQUISTI>
    <SUD_ACQUISTI>2150,398000</SUD_ACQUISTI>
    <AUST_ACQUISTI>0,000000</AUST_ACQUISTI>
    <BRNN_ACQUISTI>0,000000</BRNN_ACQUISTI>
    <COAC_ACQUISTI>20,000000</COAC_ACQUISTI>
    <CORS_ACQUISTI>5,000000</CORS_ACQUISTI>
    <FOGN_ACQUISTI>0,000000</FOGN_ACQUISTI>
    <FRAN_ACQUISTI>0,000000</FRAN_ACQUISTI>
    <GREC_ACQUISTI>0,000000</GREC_ACQUISTI>
    <MFTV_ACQUISTI>0,000000</MFTV_ACQUISTI>
    <PRGP_ACQUISTI>0,000000</PRGP_ACQUISTI>
    <ROSN_ACQUISTI>0,000000</ROSN_ACQUISTI>
    <SLOV_ACQUISTI>0,000000</SLOV_ACQUISTI>
    <SVIZ_ACQUISTI>0,000000</SVIZ_ACQUISTI>
    <BSP_ACQUISTI>0,000000</BSP_ACQUISTI>
    <MALT_ACQUISTI>58,000000</MALT_ACQUISTI>
    <XAUS_ACQUISTI>0,000000</XAUS_ACQUISTI>
    <XFRA_ACQUISTI>0,000000</XFRA_ACQUISTI>
    <TOTALE_VENDITE>22771,052</TOTALE_VENDITE>
    <NAT_VENDITE>24694,052000</NAT_VENDITE>
    <CNOR_VENDITE>1357,021000</CNOR_VENDITE>
    <CSUD_VENDITE>2179,633000</CSUD_VENDITE>
    <NORD_VENDITE>12820,196000</NORD_VENDITE>
    <SARD_VENDITE>706,792000</SARD_VENDITE>
    <SICI_VENDITE>812,041000</SICI_VENDITE>
    <SUD_VENDITE>1031,716000</SUD_VENDITE>
    <AUST_VENDITE>0,000000</AUST_VENDITE>
    <BRNN_VENDITE>1302,838000</BRNN_VENDITE>
    <COAC_VENDITE>0,000000</COAC_VENDITE>
    <CORS_VENDITE>0,000000</CORS_VENDITE>
    <FOGN_VENDITE>3,631000</FOGN_VENDITE>
    <FRAN_VENDITE>99,000000</FRAN_VENDITE>
    <GREC_VENDITE>410,000000</GREC_VENDITE>
    <MFTV_VENDITE>0,000000</MFTV_VENDITE>
    <PRGP_VENDITE>0,000000</PRGP_VENDITE>
    <ROSN_VENDITE>37,184000</ROSN_VENDITE>
    <SLOV_VENDITE>0,000000</SLOV_VENDITE>
    <SVIZ_VENDITE>2011,000000</SVIZ_VENDITE>
    <BSP_VENDITE>346,000000</BSP_VENDITE>
    <MALT_VENDITE>0,000000</MALT_VENDITE>
    <XAUS_VENDITE>149,000000</XAUS_VENDITE>
    <XFRA_VENDITE>1395,000000</XFRA_VENDITE>
    <TOTITABSP_VENDITE>23117,052</TOTITABSP_VENDITE>
    <TOTITABSP_ACQUISTI>24661,052</TOTITABSP_ACQUISTI>
  </Quantita>
  <Quantita>
    <Data>20180429</Data>
    <Mercato>MGP</Mercato>
    <Ora>2</Ora>
    <TOTALE_ACQUISTI>23244,766</TOTALE_ACQUISTI>
    <NAT_ACQUISTI>23262,134000</NAT_ACQUISTI>
    <CNOR_ACQUISTI>2401,045000</CNOR_ACQUISTI>
    <CSUD_ACQUISTI>3768,624000</CSUD_ACQUISTI>
    <NORD_ACQUISTI>12558,787000</NORD_ACQUISTI>
    <SARD_ACQUISTI>832,756000</SARD_ACQUISTI>
    <SICI_ACQUISTI>1526,640000</SICI_ACQUISTI>
    <SUD_ACQUISTI>1988,282000</SUD_ACQUISTI>
    <AUST_ACQUISTI>0,000000</AUST_ACQUISTI>
    <BRNN_ACQUISTI>0,000000</BRNN_ACQUISTI>
    <COAC_ACQUISTI>20,000000</COAC_ACQUISTI>
    <CORS_ACQUISTI>5,000000</CORS_ACQUISTI>
    <FOGN_ACQUISTI>0,000000</FOGN_ACQUISTI>
    <FRAN_ACQUISTI>0,000000</FRAN_ACQUISTI>
    <GREC_ACQUISTI>103,632000</GREC_ACQUISTI>
    <MFTV_ACQUISTI>0,000000</MFTV_ACQUISTI>
    <PRGP_ACQUISTI>0,000000</PRGP_ACQUISTI>
    <ROSN_ACQUISTI>0,000000</ROSN_ACQUISTI>
    <SLOV_ACQUISTI>0,000000</SLOV_ACQUISTI>
    <SVIZ_ACQUISTI>0,000000</SVIZ_ACQUISTI>
    <BSP_ACQUISTI>0,000000</BSP_ACQUISTI>
    <MALT_ACQUISTI>40,000000</MALT_ACQUISTI>
    <XAUS_ACQUISTI>0,000000</XAUS_ACQUISTI>
    <XFRA_ACQUISTI>0,000000</XFRA_ACQUISTI>
    <TOTALE_VENDITE>21354,766</TOTALE_VENDITE>
    <NAT_VENDITE>23262,134000</NAT_VENDITE>
    <CNOR_VENDITE>1333,771000</CNOR_VENDITE>
    <CSUD_VENDITE>1638,726000</CSUD_VENDITE>
    <NORD_VENDITE>12026,061000</NORD_VENDITE>
    <SARD_VENDITE>707,227000</SARD_VENDITE>
    <SICI_VENDITE>827,689000</SICI_VENDITE>
    <SUD_VENDITE>994,928000</SUD_VENDITE>
    <AUST_VENDITE>0,000000</AUST_VENDITE>
    <BRNN_VENDITE>1303,078000</BRNN_VENDITE>
    <COAC_VENDITE>0,000000</COAC_VENDITE>
    <CORS_VENDITE>0,000000</CORS_VENDITE>
    <FOGN_VENDITE>2,639000</FOGN_VENDITE>
    <FRAN_VENDITE>99,000000</FRAN_VENDITE>
    <GREC_VENDITE>372,000000</GREC_VENDITE>
    <MFTV_VENDITE>0,000000</MFTV_VENDITE>
    <PRGP_VENDITE>0,000000</PRGP_VENDITE>
    <ROSN_VENDITE>38,647000</ROSN_VENDITE>
    <SLOV_VENDITE>0,000000</SLOV_VENDITE>
    <SVIZ_VENDITE>2011,000000</SVIZ_VENDITE>
    <BSP_VENDITE>346,000000</BSP_VENDITE>
    <MALT_VENDITE>0,000000</MALT_VENDITE>
    <XAUS_VENDITE>149,000000</XAUS_VENDITE>
    <XFRA_VENDITE>1395,000000</XFRA_VENDITE>
    <TOTITABSP_VENDITE>21700,766</TOTITABSP_VENDITE>
    <TOTITABSP_ACQUISTI>23244,766</TOTITABSP_ACQUISTI>
  </Quantita>
  <Quantita>
    <Data>20180429</Data>
    <Mercato>MGP</Mercato>
    <Ora>3</Ora>
    <TOTALE_ACQUISTI>22247,448</TOTALE_ACQUISTI>
    <NAT_ACQUISTI>22300,381000</NAT_ACQUISTI>
    <CNOR_ACQUISTI>2301,775000</CNOR_ACQUISTI>
    <CSUD_ACQUISTI>3551,767000</CSUD_ACQUISTI>
    <NORD_ACQUISTI>12098,630000</NORD_ACQUISTI>
    <SARD_ACQUISTI>806,454000</SARD_ACQUISTI>
    <SICI_ACQUISTI>1436,682000</SICI_ACQUISTI>
    <SUD_ACQUISTI>1903,140000</SUD_ACQUISTI>
    <AUST_ACQUISTI>0,000000</AUST_ACQUISTI>
    <BRNN_ACQUISTI>0,000000</BRNN_ACQUISTI>
    <COAC_ACQUISTI>20,000000</COAC_ACQUISTI>
    <CORS_ACQUISTI>5,000000</CORS_ACQUISTI>
    <FOGN_ACQUISTI>0,000000</FOGN_ACQUISTI>
    <FRAN_ACQUISTI>0,000000</FRAN_ACQUISTI>
    <GREC_ACQUISTI>88,000000</GREC_ACQUISTI>
    <MFTV_ACQUISTI>0,000000</MFTV_ACQUISTI>
    <PRGP_ACQUISTI>0,000000</PRGP_ACQUISTI>
    <ROSN_ACQUISTI>0,000000</ROSN_ACQUISTI>
    <SLOV_ACQUISTI>0,000000</SLOV_ACQUISTI>
    <SVIZ_ACQUISTI>0,000000</SVIZ_ACQUISTI>
    <BSP_ACQUISTI>0,000000</BSP_ACQUISTI>
    <MALT_ACQUISTI>36,000000</MALT_ACQUISTI>
    <XAUS_ACQUISTI>0,000000</XAUS_ACQUISTI>
    <XFRA_ACQUISTI>0,000000</XFRA_ACQUISTI>
    <TOTALE_VENDITE>20357,448</TOTALE_VENDITE>
    <NAT_VENDITE>22300,381000</NAT_VENDITE>
    <CNOR_VENDITE>1323,105000</CNOR_VENDITE>
    <CSUD_VENDITE>1182,856000</CSUD_VENDITE>
    <NORD_VENDITE>11477,300000</NORD_VENDITE>
    <SARD_VENDITE>702,808000</SARD_VENDITE>
    <SICI_VENDITE>827,512000</SICI_VENDITE>
    <SUD_VENDITE>999,191000</SUD_VENDITE>
    <AUST_VENDITE>0,000000</AUST_VENDITE>
    <BRNN_VENDITE>1305,157000</BRNN_VENDITE>
    <COAC_VENDITE>0,000000</COAC_VENDITE>
    <CORS_VENDITE>0,000000</CORS_VENDITE>
    <FOGN_VENDITE>1,763000</FOGN_VENDITE>
    <FRAN_VENDITE>99,000000</FRAN_VENDITE>
    <GREC_VENDITE>389,000000</GREC_VENDITE>
    <MFTV_VENDITE>0,000000</MFTV_VENDITE>
    <PRGP_VENDITE>0,000000</PRGP_VENDITE>
    <ROSN_VENDITE>38,756000</ROSN_VENDITE>
    <SLOV_VENDITE>0,000000</SLOV_VENDITE>
    <SVIZ_VENDITE>2011,000000</SVIZ_VENDITE>
    <BSP_VENDITE>346,000000</BSP_VENDITE>
    <MALT_VENDITE>0,000000</MALT_VENDITE>
    <XAUS_VENDITE>149,000000</XAUS_VENDITE>
    <XFRA_VENDITE>1395,000000</XFRA_VENDITE>
    <TOTITABSP_VENDITE>20703,448</TOTITABSP_VENDITE>
    <TOTITABSP_ACQUISTI>22247,448</TOTITABSP_ACQUISTI>
  </Quantita>
  <Quantita>
    <Data>20180429</Data>
    <Mercato>MGP</Mercato>
    <Ora>4</Ora>
    <TOTALE_ACQUISTI>21675,06</TOTALE_ACQUISTI>
    <NAT_ACQUISTI>21739,279000</NAT_ACQUISTI>
    <CNOR_ACQUISTI>2238,452000</CNOR_ACQUISTI>
    <CSUD_ACQUISTI>3436,433000</CSUD_ACQUISTI>
    <NORD_ACQUISTI>11807,113000</NORD_ACQUISTI>
    <SARD_ACQUISTI>796,431000</SARD_ACQUISTI>
    <SICI_ACQUISTI>1408,279000</SICI_ACQUISTI>
    <SUD_ACQUISTI>1861,352000</SUD_ACQUISTI>
    <AUST_ACQUISTI>0,000000</AUST_ACQUISTI>
    <BRNN_ACQUISTI>0,000000</BRNN_ACQUISTI>
    <COAC_ACQUISTI>20,000000</COAC_ACQUISTI>
    <CORS_ACQUISTI>5,000000</CORS_ACQUISTI>
    <FOGN_ACQUISTI>0,000000</FOGN_ACQUISTI>
    <FRAN_ACQUISTI>0,000000</FRAN_ACQUISTI>
    <GREC_ACQUISTI>68,000000</GREC_ACQUISTI>
    <MFTV_ACQUISTI>0,000000</MFTV_ACQUISTI>
    <PRGP_ACQUISTI>0,000000</PRGP_ACQUISTI>
    <ROSN_ACQUISTI>0,000000</ROSN_ACQUISTI>
    <SLOV_ACQUISTI>0,000000</SLOV_ACQUISTI>
    <SVIZ_ACQUISTI>0,000000</SVIZ_ACQUISTI>
    <BSP_ACQUISTI>0,000000</BSP_ACQUISTI>
    <MALT_ACQUISTI>34,000000</MALT_ACQUISTI>
    <XAUS_ACQUISTI>0,000000</XAUS_ACQUISTI>
    <XFRA_ACQUISTI>0,000000</XFRA_ACQUISTI>
    <TOTALE_VENDITE>19786,06</TOTALE_VENDITE>
    <NAT_VENDITE>21739,279000</NAT_VENDITE>
    <CNOR_VENDITE>1325,245000</CNOR_VENDITE>
    <CSUD_VENDITE>1042,023000</CSUD_VENDITE>
    <NORD_VENDITE>11122,320000</NORD_VENDITE>
    <SARD_VENDITE>698,658000</SARD_VENDITE>
    <SICI_VENDITE>840,003000</SICI_VENDITE>
    <SUD_VENDITE>981,442000</SUD_VENDITE>
    <AUST_VENDITE>0,000000</AUST_VENDITE>
    <BRNN_VENDITE>1200,180000</BRNN_VENDITE>
    <COAC_VENDITE>0,000000</COAC_VENDITE>
    <CORS_VENDITE>0,000000</CORS_VENDITE>
    <FOGN_VENDITE>1,666000</FOGN_VENDITE>
    <FRAN_VENDITE>99,000000</FRAN_VENDITE>
    <GREC_VENDITE>424,850000</GREC_VENDITE>
    <MFTV_VENDITE>0,000000</MFTV_VENDITE>
    <PRGP_VENDITE>0,000000</PRGP_VENDITE>
    <ROSN_VENDITE>40,673000</ROSN_VENDITE>
    <SLOV_VENDITE>0,000000</SLOV_VENDITE>
    <SVIZ_VENDITE>2010,000000</SVIZ_VENDITE>
    <BSP_VENDITE>346,000000</BSP_VENDITE>
    <MALT_VENDITE>0,000000</MALT_VENDITE>
    <XAUS_VENDITE>149,000000</XAUS_VENDITE>
    <XFRA_VENDITE>1394,000000</XFRA_VENDITE>
    <TOTITABSP_VENDITE>20132,06</TOTITABSP_VENDITE>
    <TOTITABSP_ACQUISTI>21675,06</TOTITABSP_ACQUISTI>
  </Quantita>
  <Quantita>
    <Data>20180429</Data>
    <Mercato>MGP</Mercato>
    <Ora>5</Ora>
    <TOTALE_ACQUISTI>21454,383</TOTALE_ACQUISTI>
    <NAT_ACQUISTI>21454,383000</NAT_ACQUISTI>
    <CNOR_ACQUISTI>2210,039000</CNOR_ACQUISTI>
    <CSUD_ACQUISTI>3391,912000</CSUD_ACQUISTI>
    <NORD_ACQUISTI>11704,536000</NORD_ACQUISTI>
    <SARD_ACQUISTI>791,682000</SARD_ACQUISTI>
    <SICI_ACQUISTI>1375,086000</SICI_ACQUISTI>
    <SUD_ACQUISTI>1848,128000</SUD_ACQUISTI>
    <AUST_ACQUISTI>0,000000</AUST_ACQUISTI>
    <BRNN_ACQUISTI>0,000000</BRNN_ACQUISTI>
    <COAC_ACQUISTI>20,000000</COAC_ACQUISTI>
    <CORS_ACQUISTI>5,000000</CORS_ACQUISTI>
    <FOGN_ACQUISTI>0,000000</FOGN_ACQUISTI>
    <FRAN_ACQUISTI>0,000000</FRAN_ACQUISTI>
    <GREC_ACQUISTI>78,000000</GREC_ACQUISTI>
    <MFTV_ACQUISTI>0,000000</MFTV_ACQUISTI>
    <PRGP_ACQUISTI>0,000000</PRGP_ACQUISTI>
    <ROSN_ACQUISTI>0,000000</ROSN_ACQUISTI>
    <SLOV_ACQUISTI>0,000000</SLOV_ACQUISTI>
    <SVIZ_ACQUISTI>0,000000</SVIZ_ACQUISTI>
    <BSP_ACQUISTI>0,000000</BSP_ACQUISTI>
    <MALT_ACQUISTI>30,000000</MALT_ACQUISTI>
    <XAUS_ACQUISTI>0,000000</XAUS_ACQUISTI>
    <XFRA_ACQUISTI>0,000000</XFRA_ACQUISTI>
    <TOTALE_VENDITE>20311,383</TOTALE_VENDITE>
    <NAT_VENDITE>21454,383000</NAT_VENDITE>
    <CNOR_VENDITE>1345,620000</CNOR_VENDITE>
    <CSUD_VENDITE>1047,219000</CSUD_VENDITE>
    <NORD_VENDITE>12376,775000</NORD_VENDITE>
    <SARD_VENDITE>700,505000</SARD_VENDITE>
    <SICI_VENDITE>819,001000</SICI_VENDITE>
    <SUD_VENDITE>1028,161000</SUD_VENDITE>
    <AUST_VENDITE>0,000000</AUST_VENDITE>
    <BRNN_VENDITE>1199,917000</BRNN_VENDITE>
    <COAC_VENDITE>0,000000</COAC_VENDITE>
    <CORS_VENDITE>0,000000</CORS_VENDITE>
    <FOGN_VENDITE>1,638000</FOGN_VENDITE>
    <FRAN_VENDITE>99,000000</FRAN_VENDITE>
    <GREC_VENDITE>389,000000</GREC_VENDITE>
    <MFTV_VENDITE>0,000000</MFTV_VENDITE>
    <PRGP_VENDITE>0,000000</PRGP_VENDITE>
    <ROSN_VENDITE>46,547000</ROSN_VENDITE>
    <SLOV_VENDITE>0,000000</SLOV_VENDITE>
    <SVIZ_VENDITE>1258,000000</SVIZ_VENDITE>
    <BSP_VENDITE>207,000000</BSP_VENDITE>
    <MALT_VENDITE>0,000000</MALT_VENDITE>
    <XAUS_VENDITE>146,000000</XAUS_VENDITE>
    <XFRA_VENDITE>790,000000</XFRA_VENDITE>
    <TOTITABSP_VENDITE>20518,383</TOTITABSP_VENDITE>
    <TOTITABSP_ACQUISTI>21454,383</TOTITABSP_ACQUISTI>
  </Quantita>
  <Quantita>
    <Data>20180429</Data>
    <Mercato>MGP</Mercato>
    <Ora>6</Ora>
    <TOTALE_ACQUISTI>21642,166</TOTALE_ACQUISTI>
    <NAT_ACQUISTI>21642,166000</NAT_ACQUISTI>
    <CNOR_ACQUISTI>2218,418000</CNOR_ACQUISTI>
    <CSUD_ACQUISTI>3410,795000</CSUD_ACQUISTI>
    <NORD_ACQUISTI>11838,848000</NORD_ACQUISTI>
    <SARD_ACQUISTI>807,920000</SARD_ACQUISTI>
    <SICI_ACQUISTI>1390,257000</SICI_ACQUISTI>
    <SUD_ACQUISTI>1845,928000</SUD_ACQUISTI>
    <AUST_ACQUISTI>0,000000</AUST_ACQUISTI>
    <BRNN_ACQUISTI>0,000000</BRNN_ACQUISTI>
    <COAC_ACQUISTI>20,000000</COAC_ACQUISTI>
    <CORS_ACQUISTI>5,000000</CORS_ACQUISTI>
    <FOGN_ACQUISTI>0,000000</FOGN_ACQUISTI>
    <FRAN_ACQUISTI>0,000000</FRAN_ACQUISTI>
    <GREC_ACQUISTI>65,000000</GREC_ACQUISTI>
    <MFTV_ACQUISTI>0,000000</MFTV_ACQUISTI>
    <PRGP_ACQUISTI>0,000000</PRGP_ACQUISTI>
    <ROSN_ACQUISTI>0,000000</ROSN_ACQUISTI>
    <SLOV_ACQUISTI>0,000000</SLOV_ACQUISTI>
    <SVIZ_ACQUISTI>0,000000</SVIZ_ACQUISTI>
    <BSP_ACQUISTI>0,000000</BSP_ACQUISTI>
    <MALT_ACQUISTI>40,000000</MALT_ACQUISTI>
    <XAUS_ACQUISTI>0,000000</XAUS_ACQUISTI>
    <XFRA_ACQUISTI>0,000000</XFRA_ACQUISTI>
    <TOTALE_VENDITE>21244,166</TOTALE_VENDITE>
    <NAT_VENDITE>21642,166000</NAT_VENDITE>
    <CNOR_VENDITE>1352,012000</CNOR_VENDITE>
    <CSUD_VENDITE>1404,968000</CSUD_VENDITE>
    <NORD_VENDITE>13510,384000</NORD_VENDITE>
    <SARD_VENDITE>702,624000</SARD_VENDITE>
    <SICI_VENDITE>821,535000</SICI_VENDITE>
    <SUD_VENDITE>1062,299000</SUD_VENDITE>
    <AUST_VENDITE>0,000000</AUST_VENDITE>
    <BRNN_VENDITE>1304,764000</BRNN_VENDITE>
    <COAC_VENDITE>0,000000</COAC_VENDITE>
    <CORS_VENDITE>0,000000</CORS_VENDITE>
    <FOGN_VENDITE>1,567000</FOGN_VENDITE>
    <FRAN_VENDITE>99,000000</FRAN_VENDITE>
    <GREC_VENDITE>436,000000</GREC_VENDITE>
    <MFTV_VENDITE>0,000000</MFTV_VENDITE>
    <PRGP_VENDITE>0,000000</PRGP_VENDITE>
    <ROSN_VENDITE>46,013000</ROSN_VENDITE>
    <SLOV_VENDITE>0,000000</SLOV_VENDITE>
    <SVIZ_VENDITE>503,000000</SVIZ_VENDITE>
    <BSP_VENDITE>87,000000</BSP_VENDITE>
    <MALT_VENDITE>0,000000</MALT_VENDITE>
    <XAUS_VENDITE>37,000000</XAUS_VENDITE>
    <XFRA_VENDITE>274,000000</XFRA_VENDITE>
    <TOTITABSP_VENDITE>21331,166</TOTITABSP_VENDITE>
    <TOTITABSP_ACQUISTI>21642,166</TOTITABSP_ACQUISTI>
  </Quantita>
  <Quantita>
    <Data>20180429</Data>
    <Mercato>MGP</Mercato>
    <Ora>7</Ora>
    <TOTALE_ACQUISTI>21288,142</TOTALE_ACQUISTI>
    <NAT_ACQUISTI>21288,142000</NAT_ACQUISTI>
    <CNOR_ACQUISTI>2119,062000</CNOR_ACQUISTI>
    <CSUD_ACQUISTI>3317,504000</CSUD_ACQUISTI>
    <NORD_ACQUISTI>11763,870000</NORD_ACQUISTI>
    <SARD_ACQUISTI>812,854000</SARD_ACQUISTI>
    <SICI_ACQUISTI>1344,313000</SICI_ACQUISTI>
    <SUD_ACQUISTI>1764,539000</SUD_ACQUISTI>
    <AUST_ACQUISTI>0,000000</AUST_ACQUISTI>
    <BRNN_ACQUISTI>0,000000</BRNN_ACQUISTI>
    <COAC_ACQUISTI>20,000000</COAC_ACQUISTI>
    <CORS_ACQUISTI>5,000000</CORS_ACQUISTI>
    <FOGN_ACQUISTI>0,000000</FOGN_ACQUISTI>
    <FRAN_ACQUISTI>0,000000</FRAN_ACQUISTI>
    <GREC_ACQUISTI>85,000000</GREC_ACQUISTI>
    <MFTV_ACQUISTI>0,000000</MFTV_ACQUISTI>
    <PRGP_ACQUISTI>0,000000</PRGP_ACQUISTI>
    <ROSN_ACQUISTI>0,000000</ROSN_ACQUISTI>
    <SLOV_ACQUISTI>0,000000</SLOV_ACQUISTI>
    <SVIZ_ACQUISTI>0,000000</SVIZ_ACQUISTI>
    <BSP_ACQUISTI>0,000000</BSP_ACQUISTI>
    <MALT_ACQUISTI>56,000000</MALT_ACQUISTI>
    <XAUS_ACQUISTI>0,000000</XAUS_ACQUISTI>
    <XFRA_ACQUISTI>0,000000</XFRA_ACQUISTI>
    <TOTALE_VENDITE>20890,142</TOTALE_VENDITE>
    <NAT_VENDITE>21288,142000</NAT_VENDITE>
    <CNOR_VENDITE>1370,601000</CNOR_VENDITE>
    <CSUD_VENDITE>1065,320000</CSUD_VENDITE>
    <NORD_VENDITE>13577,929000</NORD_VENDITE>
    <SARD_VENDITE>704,225000</SARD_VENDITE>
    <SICI_VENDITE>814,183000</SICI_VENDITE>
    <SUD_VENDITE>1041,836000</SUD_VENDITE>
    <AUST_VENDITE>0,000000</AUST_VENDITE>
    <BRNN_VENDITE>1223,568000</BRNN_VENDITE>
    <COAC_VENDITE>0,000000</COAC_VENDITE>
    <CORS_VENDITE>0,000000</CORS_VENDITE>
    <FOGN_VENDITE>51,821000</FOGN_VENDITE>
    <FRAN_VENDITE>99,000000</FRAN_VENDITE>
    <GREC_VENDITE>386,000000</GREC_VENDITE>
    <MFTV_VENDITE>0,000000</MFTV_VENDITE>
    <PRGP_VENDITE>0,276000</PRGP_VENDITE>
    <ROSN_VENDITE>52,383000</ROSN_VENDITE>
    <SLOV_VENDITE>0,000000</SLOV_VENDITE>
    <SVIZ_VENDITE>503,000000</SVIZ_VENDITE>
    <BSP_VENDITE>87,000000</BSP_VENDITE>
    <MALT_VENDITE>0,000000</MALT_VENDITE>
    <XAUS_VENDITE>37,000000</XAUS_VENDITE>
    <XFRA_VENDITE>274,000000</XFRA_VENDITE>
    <TOTITABSP_VENDITE>20977,142</TOTITABSP_VENDITE>
    <TOTITABSP_ACQUISTI>21288,142</TOTITABSP_ACQUISTI>
  </Quantita>
  <Quantita>
    <Data>20180429</Data>
    <Mercato>MGP</Mercato>
    <Ora>8</Ora>
    <TOTALE_ACQUISTI>22374,231</TOTALE_ACQUISTI>
    <NAT_ACQUISTI>22374,231000</NAT_ACQUISTI>
    <CNOR_ACQUISTI>2239,173000</CNOR_ACQUISTI>
    <CSUD_ACQUISTI>3566,038000</CSUD_ACQUISTI>
    <NORD_ACQUISTI>12112,227000</NORD_ACQUISTI>
    <SARD_ACQUISTI>850,903000</SARD_ACQUISTI>
    <SICI_ACQUISTI>1478,061000</SICI_ACQUISTI>
    <SUD_ACQUISTI>1919,829000</SUD_ACQUISTI>
    <AUST_ACQUISTI>0,000000</AUST_ACQUISTI>
    <BRNN_ACQUISTI>0,000000</BRNN_ACQUISTI>
    <COAC_ACQUISTI>20,000000</COAC_ACQUISTI>
    <CORS_ACQUISTI>5,000000</CORS_ACQUISTI>
    <FOGN_ACQUISTI>0,000000</FOGN_ACQUISTI>
    <FRAN_ACQUISTI>0,000000</FRAN_ACQUISTI>
    <GREC_ACQUISTI>118,000000</GREC_ACQUISTI>
    <MFTV_ACQUISTI>0,000000</MFTV_ACQUISTI>
    <PRGP_ACQUISTI>0,000000</PRGP_ACQUISTI>
    <ROSN_ACQUISTI>0,000000</ROSN_ACQUISTI>
    <SLOV_ACQUISTI>0,000000</SLOV_ACQUISTI>
    <SVIZ_ACQUISTI>0,000000</SVIZ_ACQUISTI>
    <BSP_ACQUISTI>0,000000</BSP_ACQUISTI>
    <MALT_ACQUISTI>65,000000</MALT_ACQUISTI>
    <XAUS_ACQUISTI>0,000000</XAUS_ACQUISTI>
    <XFRA_ACQUISTI>0,000000</XFRA_ACQUISTI>
    <TOTALE_VENDITE>21976,231</TOTALE_VENDITE>
    <NAT_VENDITE>22374,231000</NAT_VENDITE>
    <CNOR_VENDITE>1567,742000</CNOR_VENDITE>
    <CSUD_VENDITE>1226,565000</CSUD_VENDITE>
    <NORD_VENDITE>13901,815000</NORD_VENDITE>
    <SARD_VENDITE>731,216000</SARD_VENDITE>
    <SICI_VENDITE>890,503000</SICI_VENDITE>
    <SUD_VENDITE>1315,643000</SUD_VENDITE>
    <AUST_VENDITE>0,000000</AUST_VENDITE>
    <BRNN_VENDITE>1294,309000</BRNN_VENDITE>
    <COAC_VENDITE>0,000000</COAC_VENDITE>
    <CORS_VENDITE>0,000000</CORS_VENDITE>
    <FOGN_VENDITE>53,241000</FOGN_VENDITE>
    <FRAN_VENDITE>99,000000</FRAN_VENDITE>
    <GREC_VENDITE>334,000000</GREC_VENDITE>
    <MFTV_VENDITE>0,000000</MFTV_VENDITE>
    <PRGP_VENDITE>1,553000</PRGP_VENDITE>
    <ROSN_VENDITE>57,644000</ROSN_VENDITE>
    <SLOV_VENDITE>0,000000</SLOV_VENDITE>
    <SVIZ_VENDITE>503,000000</SVIZ_VENDITE>
    <BSP_VENDITE>87,000000</BSP_VENDITE>
    <MALT_VENDITE>0,000000</MALT_VENDITE>
    <XAUS_VENDITE>37,000000</XAUS_VENDITE>
    <XFRA_VENDITE>274,000000</XFRA_VENDITE>
    <TOTITABSP_VENDITE>22063,231</TOTITABSP_VENDITE>
    <TOTITABSP_ACQUISTI>22374,231</TOTITABSP_ACQUISTI>
  </Quantita>
  <Quantita>
    <Data>20180429</Data>
    <Mercato>MGP</Mercato>
    <Ora>9</Ora>
    <TOTALE_ACQUISTI>23928,778</TOTALE_ACQUISTI>
    <NAT_ACQUISTI>23928,778000</NAT_ACQUISTI>
    <CNOR_ACQUISTI>2389,496000</CNOR_ACQUISTI>
    <CSUD_ACQUISTI>3891,066000</CSUD_ACQUISTI>
    <NORD_ACQUISTI>12904,753000</NORD_ACQUISTI>
    <SARD_ACQUISTI>898,429000</SARD_ACQUISTI>
    <SICI_ACQUISTI>1616,232000</SICI_ACQUISTI>
    <SUD_ACQUISTI>2049,802000</SUD_ACQUISTI>
    <AUST_ACQUISTI>0,000000</AUST_ACQUISTI>
    <BRNN_ACQUISTI>0,000000</BRNN_ACQUISTI>
    <COAC_ACQUISTI>20,000000</COAC_ACQUISTI>
    <CORS_ACQUISTI>5,000000</CORS_ACQUISTI>
    <FOGN_ACQUISTI>0,000000</FOGN_ACQUISTI>
    <FRAN_ACQUISTI>0,000000</FRAN_ACQUISTI>
    <GREC_ACQUISTI>75,000000</GREC_ACQUISTI>
    <MFTV_ACQUISTI>0,000000</MFTV_ACQUISTI>
    <PRGP_ACQUISTI>0,000000</PRGP_ACQUISTI>
    <ROSN_ACQUISTI>0,000000</ROSN_ACQUISTI>
    <SLOV_ACQUISTI>0,000000</SLOV_ACQUISTI>
    <SVIZ_ACQUISTI>0,000000</SVIZ_ACQUISTI>
    <BSP_ACQUISTI>0,000000</BSP_ACQUISTI>
    <MALT_ACQUISTI>79,000000</MALT_ACQUISTI>
    <XAUS_ACQUISTI>0,000000</XAUS_ACQUISTI>
    <XFRA_ACQUISTI>0,000000</XFRA_ACQUISTI>
    <TOTALE_VENDITE>23530,778</TOTALE_VENDITE>
    <NAT_VENDITE>23928,778000</NAT_VENDITE>
    <CNOR_VENDITE>1855,607000</CNOR_VENDITE>
    <CSUD_VENDITE>1659,210000</CSUD_VENDITE>
    <NORD_VENDITE>13950,734000</NORD_VENDITE>
    <SARD_VENDITE>802,420000</SARD_VENDITE>
    <SICI_VENDITE>1040,980000</SICI_VENDITE>
    <SUD_VENDITE>1859,965000</SUD_VENDITE>
    <AUST_VENDITE>0,000000</AUST_VENDITE>
    <BRNN_VENDITE>1291,524000</BRNN_VENDITE>
    <COAC_VENDITE>0,000000</COAC_VENDITE>
    <CORS_VENDITE>0,000000</CORS_VENDITE>
    <FOGN_VENDITE>105,839000</FOGN_VENDITE>
    <FRAN_VENDITE>99,000000</FRAN_VENDITE>
    <GREC_VENDITE>308,000000</GREC_VENDITE>
    <MFTV_VENDITE>0,000000</MFTV_VENDITE>
    <PRGP_VENDITE>3,228000</PRGP_VENDITE>
    <ROSN_VENDITE>66,271000</ROSN_VENDITE>
    <SLOV_VENDITE>0,000000</SLOV_VENDITE>
    <SVIZ_VENDITE>488,000000</SVIZ_VENDITE>
    <BSP_VENDITE>87,000000</BSP_VENDITE>
    <MALT_VENDITE>0,000000</MALT_VENDITE>
    <XAUS_VENDITE>37,000000</XAUS_VENDITE>
    <XFRA_VENDITE>274,000000</XFRA_VENDITE>
    <TOTITABSP_VENDITE>23617,778</TOTITABSP_VENDITE>
    <TOTITABSP_ACQUISTI>23928,778</TOTITABSP_ACQUISTI>
  </Quantita>
  <Quantita>
    <Data>20180429</Data>
    <Mercato>MGP</Mercato>
    <Ora>10</Ora>
    <TOTALE_ACQUISTI>25173,246</TOTALE_ACQUISTI>
    <NAT_ACQUISTI>25173,246000</NAT_ACQUISTI>
    <CNOR_ACQUISTI>2525,707000</CNOR_ACQUISTI>
    <CSUD_ACQUISTI>4205,911000</CSUD_ACQUISTI>
    <NORD_ACQUISTI>13368,207000</NORD_ACQUISTI>
    <SARD_ACQUISTI>917,188000</SARD_ACQUISTI>
    <SICI_ACQUISTI>1722,999000</SICI_ACQUISTI>
    <SUD_ACQUISTI>2150,234000</SUD_ACQUISTI>
    <AUST_ACQUISTI>0,000000</AUST_ACQUISTI>
    <BRNN_ACQUISTI>0,000000</BRNN_ACQUISTI>
    <COAC_ACQUISTI>20,000000</COAC_ACQUISTI>
    <CORS_ACQUISTI>5,000000</CORS_ACQUISTI>
    <FOGN_ACQUISTI>0,000000</FOGN_ACQUISTI>
    <FRAN_ACQUISTI>0,000000</FRAN_ACQUISTI>
    <GREC_ACQUISTI>161,000000</GREC_ACQUISTI>
    <MFTV_ACQUISTI>0,000000</MFTV_ACQUISTI>
    <PRGP_ACQUISTI>0,000000</PRGP_ACQUISTI>
    <ROSN_ACQUISTI>0,000000</ROSN_ACQUISTI>
    <SLOV_ACQUISTI>0,000000</SLOV_ACQUISTI>
    <SVIZ_ACQUISTI>0,000000</SVIZ_ACQUISTI>
    <BSP_ACQUISTI>0,000000</BSP_ACQUISTI>
    <MALT_ACQUISTI>97,000000</MALT_ACQUISTI>
    <XAUS_ACQUISTI>0,000000</XAUS_ACQUISTI>
    <XFRA_ACQUISTI>0,000000</XFRA_ACQUISTI>
    <TOTALE_VENDITE>24775,246</TOTALE_VENDITE>
    <NAT_VENDITE>25173,246000</NAT_VENDITE>
    <CNOR_VENDITE>2095,155000</CNOR_VENDITE>
    <CSUD_VENDITE>1958,338000</CSUD_VENDITE>
    <NORD_VENDITE>14183,934000</NORD_VENDITE>
    <SARD_VENDITE>867,716000</SARD_VENDITE>
    <SICI_VENDITE>1210,069000</SICI_VENDITE>
    <SUD_VENDITE>2247,582000</SUD_VENDITE>
    <AUST_VENDITE>0,000000</AUST_VENDITE>
    <BRNN_VENDITE>1199,540000</BRNN_VENDITE>
    <COAC_VENDITE>0,000000</COAC_VENDITE>
    <CORS_VENDITE>0,000000</CORS_VENDITE>
    <FOGN_VENDITE>108,178000</FOGN_VENDITE>
    <FRAN_VENDITE>99,000000</FRAN_VENDITE>
    <GREC_VENDITE>238,000000</GREC_VENDITE>
    <MFTV_VENDITE>0,000000</MFTV_VENDITE>
    <PRGP_VENDITE>4,692000</PRGP_VENDITE>
    <ROSN_VENDITE>75,042000</ROSN_VENDITE>
    <SLOV_VENDITE>0,000000</SLOV_VENDITE>
    <SVIZ_VENDITE>488,000000</SVIZ_VENDITE>
    <BSP_VENDITE>87,000000</BSP_VENDITE>
    <MALT_VENDITE>0,000000</MALT_VENDITE>
    <XAUS_VENDITE>37,000000</XAUS_VENDITE>
    <XFRA_VENDITE>274,000000</XFRA_VENDITE>
    <TOTITABSP_VENDITE>24862,246</TOTITABSP_VENDITE>
    <TOTITABSP_ACQUISTI>25173,246</TOTITABSP_ACQUISTI>
  </Quantita>
  <Quantita>
    <Data>20180429</Data>
    <Mercato>MGP</Mercato>
    <Ora>11</Ora>
    <TOTALE_ACQUISTI>25422,865</TOTALE_ACQUISTI>
    <NAT_ACQUISTI>25422,865000</NAT_ACQUISTI>
    <CNOR_ACQUISTI>2554,079000</CNOR_ACQUISTI>
    <CSUD_ACQUISTI>4329,861000</CSUD_ACQUISTI>
    <NORD_ACQUISTI>13438,641000</NORD_ACQUISTI>
    <SARD_ACQUISTI>906,543000</SARD_ACQUISTI>
    <SICI_ACQUISTI>1753,031000</SICI_ACQUISTI>
    <SUD_ACQUISTI>2158,710000</SUD_ACQUISTI>
    <AUST_ACQUISTI>0,000000</AUST_ACQUISTI>
    <BRNN_ACQUISTI>0,000000</BRNN_ACQUISTI>
    <COAC_ACQUISTI>20,000000</COAC_ACQUISTI>
    <CORS_ACQUISTI>5,000000</CORS_ACQUISTI>
    <FOGN_ACQUISTI>0,000000</FOGN_ACQUISTI>
    <FRAN_ACQUISTI>0,000000</FRAN_ACQUISTI>
    <GREC_ACQUISTI>158,000000</GREC_ACQUISTI>
    <MFTV_ACQUISTI>0,000000</MFTV_ACQUISTI>
    <PRGP_ACQUISTI>0,000000</PRGP_ACQUISTI>
    <ROSN_ACQUISTI>0,000000</ROSN_ACQUISTI>
    <SLOV_ACQUISTI>0,000000</SLOV_ACQUISTI>
    <SVIZ_ACQUISTI>0,000000</SVIZ_ACQUISTI>
    <BSP_ACQUISTI>0,000000</BSP_ACQUISTI>
    <MALT_ACQUISTI>99,000000</MALT_ACQUISTI>
    <XAUS_ACQUISTI>0,000000</XAUS_ACQUISTI>
    <XFRA_ACQUISTI>0,000000</XFRA_ACQUISTI>
    <TOTALE_VENDITE>25422,865</TOTALE_VENDITE>
    <NAT_VENDITE>25422,865000</NAT_VENDITE>
    <CNOR_VENDITE>2257,071000</CNOR_VENDITE>
    <CSUD_VENDITE>2229,316000</CSUD_VENDITE>
    <NORD_VENDITE>14167,608000</NORD_VENDITE>
    <SARD_VENDITE>926,758000</SARD_VENDITE>
    <SICI_VENDITE>1326,328000</SICI_VENDITE>
    <SUD_VENDITE>2576,888000</SUD_VENDITE>
    <AUST_VENDITE>0,000000</AUST_VENDITE>
    <BRNN_VENDITE>1202,075000</BRNN_VENDITE>
    <COAC_VENDITE>0,000000</COAC_VENDITE>
    <CORS_VENDITE>0,000000</CORS_VENDITE>
    <FOGN_VENDITE>110,189000</FOGN_VENDITE>
    <FRAN_VENDITE>0,000000</FRAN_VENDITE>
    <GREC_VENDITE>203,000000</GREC_VENDITE>
    <MFTV_VENDITE>0,000000</MFTV_VENDITE>
    <PRGP_VENDITE>5,730000</PRGP_VENDITE>
    <ROSN_VENDITE>82,902000</ROSN_VENDITE>
    <SLOV_VENDITE>0,000000</SLOV_VENDITE>
    <SVIZ_VENDITE>335,000000</SVIZ_VENDITE>
    <BSP_VENDITE>0,000000</BSP_VENDITE>
    <MALT_VENDITE>0,000000</MALT_VENDITE>
    <XAUS_VENDITE>0,000000</XAUS_VENDITE>
    <XFRA_VENDITE>0,000000</XFRA_VENDITE>
    <TOTITABSP_VENDITE>25422,865</TOTITABSP_VENDITE>
    <TOTITABSP_ACQUISTI>25422,865</TOTITABSP_ACQUISTI>
  </Quantita>
  <Quantita>
    <Data>20180429</Data>
    <Mercato>MGP</Mercato>
    <Ora>12</Ora>
    <TOTALE_ACQUISTI>25322,712</TOTALE_ACQUISTI>
    <NAT_ACQUISTI>25322,712000</NAT_ACQUISTI>
    <CNOR_ACQUISTI>2533,935000</CNOR_ACQUISTI>
    <CSUD_ACQUISTI>4382,512000</CSUD_ACQUISTI>
    <NORD_ACQUISTI>13374,242000</NORD_ACQUISTI>
    <SARD_ACQUISTI>887,394000</SARD_ACQUISTI>
    <SICI_ACQUISTI>1717,463000</SICI_ACQUISTI>
    <SUD_ACQUISTI>2156,166000</SUD_ACQUISTI>
    <AUST_ACQUISTI>0,000000</AUST_ACQUISTI>
    <BRNN_ACQUISTI>0,000000</BRNN_ACQUISTI>
    <COAC_ACQUISTI>20,000000</COAC_ACQUISTI>
    <CORS_ACQUISTI>5,000000</CORS_ACQUISTI>
    <FOGN_ACQUISTI>0,000000</FOGN_ACQUISTI>
    <FRAN_ACQUISTI>0,000000</FRAN_ACQUISTI>
    <GREC_ACQUISTI>158,000000</GREC_ACQUISTI>
    <MFTV_ACQUISTI>0,000000</MFTV_ACQUISTI>
    <PRGP_ACQUISTI>0,000000</PRGP_ACQUISTI>
    <ROSN_ACQUISTI>0,000000</ROSN_ACQUISTI>
    <SLOV_ACQUISTI>0,000000</SLOV_ACQUISTI>
    <SVIZ_ACQUISTI>0,000000</SVIZ_ACQUISTI>
    <BSP_ACQUISTI>0,000000</BSP_ACQUISTI>
    <MALT_ACQUISTI>88,000000</MALT_ACQUISTI>
    <XAUS_ACQUISTI>0,000000</XAUS_ACQUISTI>
    <XFRA_ACQUISTI>0,000000</XFRA_ACQUISTI>
    <TOTALE_VENDITE>25322,712</TOTALE_VENDITE>
    <NAT_VENDITE>25322,712000</NAT_VENDITE>
    <CNOR_VENDITE>2272,877000</CNOR_VENDITE>
    <CSUD_VENDITE>2347,615000</CSUD_VENDITE>
    <NORD_VENDITE>13452,917000</NORD_VENDITE>
    <SARD_VENDITE>980,961000</SARD_VENDITE>
    <SICI_VENDITE>1402,854000</SICI_VENDITE>
    <SUD_VENDITE>2805,227000</SUD_VENDITE>
    <AUST_VENDITE>0,000000</AUST_VENDITE>
    <BRNN_VENDITE>1203,543000</BRNN_VENDITE>
    <COAC_VENDITE>0,000000</COAC_VENDITE>
    <CORS_VENDITE>0,000000</CORS_VENDITE>
    <FOGN_VENDITE>113,140000</FOGN_VENDITE>
    <FRAN_VENDITE>0,000000</FRAN_VENDITE>
    <GREC_VENDITE>313,000000</GREC_VENDITE>
    <MFTV_VENDITE>0,000000</MFTV_VENDITE>
    <PRGP_VENDITE>6,302000</PRGP_VENDITE>
    <ROSN_VENDITE>89,276000</ROSN_VENDITE>
    <SLOV_VENDITE>0,000000</SLOV_VENDITE>
    <SVIZ_VENDITE>335,000000</SVIZ_VENDITE>
    <BSP_VENDITE>0,000000</BSP_VENDITE>
    <MALT_VENDITE>0,000000</MALT_VENDITE>
    <XAUS_VENDITE>0,000000</XAUS_VENDITE>
    <XFRA_VENDITE>0,000000</XFRA_VENDITE>
    <TOTITABSP_VENDITE>25322,712</TOTITABSP_VENDITE>
    <TOTITABSP_ACQUISTI>25322,712</TOTITABSP_ACQUISTI>
  </Quantita>
  <Quantita>
    <Data>20180429</Data>
    <Mercato>MGP</Mercato>
    <Ora>13</Ora>
    <TOTALE_ACQUISTI>25122,166</TOTALE_ACQUISTI>
    <NAT_ACQUISTI>25122,166000</NAT_ACQUISTI>
    <CNOR_ACQUISTI>2519,862000</CNOR_ACQUISTI>
    <CSUD_ACQUISTI>4424,079000</CSUD_ACQUISTI>
    <NORD_ACQUISTI>13158,031000</NORD_ACQUISTI>
    <SARD_ACQUISTI>871,752000</SARD_ACQUISTI>
    <SICI_ACQUISTI>1700,023000</SICI_ACQUISTI>
    <SUD_ACQUISTI>2185,419000</SUD_ACQUISTI>
    <AUST_ACQUISTI>0,000000</AUST_ACQUISTI>
    <BRNN_ACQUISTI>0,000000</BRNN_ACQUISTI>
    <COAC_ACQUISTI>20,000000</COAC_ACQUISTI>
    <CORS_ACQUISTI>5,000000</CORS_ACQUISTI>
    <FOGN_ACQUISTI>0,000000</FOGN_ACQUISTI>
    <FRAN_ACQUISTI>0,000000</FRAN_ACQUISTI>
    <GREC_ACQUISTI>183,000000</GREC_ACQUISTI>
    <MFTV_ACQUISTI>0,000000</MFTV_ACQUISTI>
    <PRGP_ACQUISTI>0,000000</PRGP_ACQUISTI>
    <ROSN_ACQUISTI>0,000000</ROSN_ACQUISTI>
    <SLOV_ACQUISTI>0,000000</SLOV_ACQUISTI>
    <SVIZ_ACQUISTI>0,000000</SVIZ_ACQUISTI>
    <BSP_ACQUISTI>0,000000</BSP_ACQUISTI>
    <MALT_ACQUISTI>55,000000</MALT_ACQUISTI>
    <XAUS_ACQUISTI>0,000000</XAUS_ACQUISTI>
    <XFRA_ACQUISTI>0,000000</XFRA_ACQUISTI>
    <TOTALE_VENDITE>25122,166</TOTALE_VENDITE>
    <NAT_VENDITE>25122,166000</NAT_VENDITE>
    <CNOR_VENDITE>2206,232000</CNOR_VENDITE>
    <CSUD_VENDITE>2374,910000</CSUD_VENDITE>
    <NORD_VENDITE>13237,993000</NORD_VENDITE>
    <SARD_VENDITE>1032,728000</SARD_VENDITE>
    <SICI_VENDITE>1457,871000</SICI_VENDITE>
    <SUD_VENDITE>2756,814000</SUD_VENDITE>
    <AUST_VENDITE>0,000000</AUST_VENDITE>
    <BRNN_VENDITE>1204,538000</BRNN_VENDITE>
    <COAC_VENDITE>0,000000</COAC_VENDITE>
    <CORS_VENDITE>0,000000</CORS_VENDITE>
    <FOGN_VENDITE>114,836000</FOGN_VENDITE>
    <FRAN_VENDITE>0,000000</FRAN_VENDITE>
    <GREC_VENDITE>268,000000</GREC_VENDITE>
    <MFTV_VENDITE>0,000000</MFTV_VENDITE>
    <PRGP_VENDITE>6,454000</PRGP_VENDITE>
    <ROSN_VENDITE>111,790000</ROSN_VENDITE>
    <SLOV_VENDITE>0,000000</SLOV_VENDITE>
    <SVIZ_VENDITE>350,000000</SVIZ_VENDITE>
    <BSP_VENDITE>0,000000</BSP_VENDITE>
    <MALT_VENDITE>0,000000</MALT_VENDITE>
    <XAUS_VENDITE>0,000000</XAUS_VENDITE>
    <XFRA_VENDITE>0,000000</XFRA_VENDITE>
    <TOTITABSP_VENDITE>25122,166</TOTITABSP_VENDITE>
    <TOTITABSP_ACQUISTI>25122,166</TOTITABSP_ACQUISTI>
  </Quantita>
  <Quantita>
    <Data>20180429</Data>
    <Mercato>MGP</Mercato>
    <Ora>14</Ora>
    <TOTALE_ACQUISTI>24024,295</TOTALE_ACQUISTI>
    <NAT_ACQUISTI>24024,295000</NAT_ACQUISTI>
    <CNOR_ACQUISTI>2351,461000</CNOR_ACQUISTI>
    <CSUD_ACQUISTI>4222,324000</CSUD_ACQUISTI>
    <NORD_ACQUISTI>12781,298000</NORD_ACQUISTI>
    <SARD_ACQUISTI>821,733000</SARD_ACQUISTI>
    <SICI_ACQUISTI>1571,760000</SICI_ACQUISTI>
    <SUD_ACQUISTI>2027,719000</SUD_ACQUISTI>
    <AUST_ACQUISTI>0,000000</AUST_ACQUISTI>
    <BRNN_ACQUISTI>0,000000</BRNN_ACQUISTI>
    <COAC_ACQUISTI>20,000000</COAC_ACQUISTI>
    <CORS_ACQUISTI>5,000000</CORS_ACQUISTI>
    <FOGN_ACQUISTI>0,000000</FOGN_ACQUISTI>
    <FRAN_ACQUISTI>0,000000</FRAN_ACQUISTI>
    <GREC_ACQUISTI>170,000000</GREC_ACQUISTI>
    <MFTV_ACQUISTI>0,000000</MFTV_ACQUISTI>
    <PRGP_ACQUISTI>0,000000</PRGP_ACQUISTI>
    <ROSN_ACQUISTI>0,000000</ROSN_ACQUISTI>
    <SLOV_ACQUISTI>0,000000</SLOV_ACQUISTI>
    <SVIZ_ACQUISTI>0,000000</SVIZ_ACQUISTI>
    <BSP_ACQUISTI>0,000000</BSP_ACQUISTI>
    <MALT_ACQUISTI>53,000000</MALT_ACQUISTI>
    <XAUS_ACQUISTI>0,000000</XAUS_ACQUISTI>
    <XFRA_ACQUISTI>0,000000</XFRA_ACQUISTI>
    <TOTALE_VENDITE>24024,295</TOTALE_VENDITE>
    <NAT_VENDITE>24024,295000</NAT_VENDITE>
    <CNOR_VENDITE>2114,198000</CNOR_VENDITE>
    <CSUD_VENDITE>2301,113000</CSUD_VENDITE>
    <NORD_VENDITE>12511,865000</NORD_VENDITE>
    <SARD_VENDITE>1069,272000</SARD_VENDITE>
    <SICI_VENDITE>1391,470000</SICI_VENDITE>
    <SUD_VENDITE>2561,571000</SUD_VENDITE>
    <AUST_VENDITE>0,000000</AUST_VENDITE>
    <BRNN_VENDITE>1204,911000</BRNN_VENDITE>
    <COAC_VENDITE>0,000000</COAC_VENDITE>
    <CORS_VENDITE>0,000000</CORS_VENDITE>
    <FOGN_VENDITE>110,416000</FOGN_VENDITE>
    <FRAN_VENDITE>0,000000</FRAN_VENDITE>
    <GREC_VENDITE>234,000000</GREC_VENDITE>
    <MFTV_VENDITE>0,000000</MFTV_VENDITE>
    <PRGP_VENDITE>6,506000</PRGP_VENDITE>
    <ROSN_VENDITE>168,973000</ROSN_VENDITE>
    <SLOV_VENDITE>0,000000</SLOV_VENDITE>
    <SVIZ_VENDITE>350,000000</SVIZ_VENDITE>
    <BSP_VENDITE>0,000000</BSP_VENDITE>
    <MALT_VENDITE>0,000000</MALT_VENDITE>
    <XAUS_VENDITE>0,000000</XAUS_VENDITE>
    <XFRA_VENDITE>0,000000</XFRA_VENDITE>
    <TOTITABSP_VENDITE>24024,295</TOTITABSP_VENDITE>
    <TOTITABSP_ACQUISTI>24024,295</TOTITABSP_ACQUISTI>
  </Quantita>
  <Quantita>
    <Data>20180429</Data>
    <Mercato>MGP</Mercato>
    <Ora>15</Ora>
    <TOTALE_ACQUISTI>23455,381</TOTALE_ACQUISTI>
    <NAT_ACQUISTI>23455,381000</NAT_ACQUISTI>
    <CNOR_ACQUISTI>2348,929000</CNOR_ACQUISTI>
    <CSUD_ACQUISTI>4037,637000</CSUD_ACQUISTI>
    <NORD_ACQUISTI>12666,254000</NORD_ACQUISTI>
    <SARD_ACQUISTI>788,257000</SARD_ACQUISTI>
    <SICI_ACQUISTI>1496,519000</SICI_ACQUISTI>
    <SUD_ACQUISTI>1896,785000</SUD_ACQUISTI>
    <AUST_ACQUISTI>0,000000</AUST_ACQUISTI>
    <BRNN_ACQUISTI>0,000000</BRNN_ACQUISTI>
    <COAC_ACQUISTI>20,000000</COAC_ACQUISTI>
    <CORS_ACQUISTI>5,000000</CORS_ACQUISTI>
    <FOGN_ACQUISTI>0,000000</FOGN_ACQUISTI>
    <FRAN_ACQUISTI>0,000000</FRAN_ACQUISTI>
    <GREC_ACQUISTI>158,000000</GREC_ACQUISTI>
    <MFTV_ACQUISTI>0,000000</MFTV_ACQUISTI>
    <PRGP_ACQUISTI>0,000000</PRGP_ACQUISTI>
    <ROSN_ACQUISTI>0,000000</ROSN_ACQUISTI>
    <SLOV_ACQUISTI>0,000000</SLOV_ACQUISTI>
    <SVIZ_ACQUISTI>0,000000</SVIZ_ACQUISTI>
    <BSP_ACQUISTI>0,000000</BSP_ACQUISTI>
    <MALT_ACQUISTI>38,000000</MALT_ACQUISTI>
    <XAUS_ACQUISTI>0,000000</XAUS_ACQUISTI>
    <XFRA_ACQUISTI>0,000000</XFRA_ACQUISTI>
    <TOTALE_VENDITE>23455,381</TOTALE_VENDITE>
    <NAT_VENDITE>23455,381000</NAT_VENDITE>
    <CNOR_VENDITE>2001,569000</CNOR_VENDITE>
    <CSUD_VENDITE>2212,654000</CSUD_VENDITE>
    <NORD_VENDITE>12205,021000</NORD_VENDITE>
    <SARD_VENDITE>1056,891000</SARD_VENDITE>
    <SICI_VENDITE>1355,672000</SICI_VENDITE>
    <SUD_VENDITE>2377,414000</SUD_VENDITE>
    <AUST_VENDITE>0,000000</AUST_VENDITE>
    <BRNN_VENDITE>1205,210000</BRNN_VENDITE>
    <COAC_VENDITE>0,000000</COAC_VENDITE>
    <CORS_VENDITE>0,000000</CORS_VENDITE>
    <FOGN_VENDITE>162,495000</FOGN_VENDITE>
    <FRAN_VENDITE>0,000000</FRAN_VENDITE>
    <GREC_VENDITE>219,000000</GREC_VENDITE>
    <MFTV_VENDITE>0,000000</MFTV_VENDITE>
    <PRGP_VENDITE>6,362000</PRGP_VENDITE>
    <ROSN_VENDITE>303,093000</ROSN_VENDITE>
    <SLOV_VENDITE>0,000000</SLOV_VENDITE>
    <SVIZ_VENDITE>350,000000</SVIZ_VENDITE>
    <BSP_VENDITE>0,000000</BSP_VENDITE>
    <MALT_VENDITE>0,000000</MALT_VENDITE>
    <XAUS_VENDITE>0,000000</XAUS_VENDITE>
    <XFRA_VENDITE>0,000000</XFRA_VENDITE>
    <TOTITABSP_VENDITE>23455,381</TOTITABSP_VENDITE>
    <TOTITABSP_ACQUISTI>23455,381</TOTITABSP_ACQUISTI>
  </Quantita>
  <Quantita>
    <Data>20180429</Data>
    <Mercato>MGP</Mercato>
    <Ora>16</Ora>
    <TOTALE_ACQUISTI>23371,094</TOTALE_ACQUISTI>
    <NAT_ACQUISTI>23371,094000</NAT_ACQUISTI>
    <CNOR_ACQUISTI>2327,597000</CNOR_ACQUISTI>
    <CSUD_ACQUISTI>4029,109000</CSUD_ACQUISTI>
    <NORD_ACQUISTI>12609,170000</NORD_ACQUISTI>
    <SARD_ACQUISTI>794,230000</SARD_ACQUISTI>
    <SICI_ACQUISTI>1460,562000</SICI_ACQUISTI>
    <SUD_ACQUISTI>1907,426000</SUD_ACQUISTI>
    <AUST_ACQUISTI>0,000000</AUST_ACQUISTI>
    <BRNN_ACQUISTI>0,000000</BRNN_ACQUISTI>
    <COAC_ACQUISTI>20,000000</COAC_ACQUISTI>
    <CORS_ACQUISTI>5,000000</CORS_ACQUISTI>
    <FOGN_ACQUISTI>0,000000</FOGN_ACQUISTI>
    <FRAN_ACQUISTI>0,000000</FRAN_ACQUISTI>
    <GREC_ACQUISTI>178,000000</GREC_ACQUISTI>
    <MFTV_ACQUISTI>0,000000</MFTV_ACQUISTI>
    <PRGP_ACQUISTI>0,000000</PRGP_ACQUISTI>
    <ROSN_ACQUISTI>0,000000</ROSN_ACQUISTI>
    <SLOV_ACQUISTI>0,000000</SLOV_ACQUISTI>
    <SVIZ_ACQUISTI>0,000000</SVIZ_ACQUISTI>
    <BSP_ACQUISTI>0,000000</BSP_ACQUISTI>
    <MALT_ACQUISTI>40,000000</MALT_ACQUISTI>
    <XAUS_ACQUISTI>0,000000</XAUS_ACQUISTI>
    <XFRA_ACQUISTI>0,000000</XFRA_ACQUISTI>
    <TOTALE_VENDITE>23371,094</TOTALE_VENDITE>
    <NAT_VENDITE>23371,094000</NAT_VENDITE>
    <CNOR_VENDITE>1947,700000</CNOR_VENDITE>
    <CSUD_VENDITE>2084,757000</CSUD_VENDITE>
    <NORD_VENDITE>12108,409000</NORD_VENDITE>
    <SARD_VENDITE>1098,758000</SARD_VENDITE>
    <SICI_VENDITE>1325,765000</SICI_VENDITE>
    <SUD_VENDITE>2314,865000</SUD_VENDITE>
    <AUST_VENDITE>0,000000</AUST_VENDITE>
    <BRNN_VENDITE>1205,840000</BRNN_VENDITE>
    <COAC_VENDITE>0,000000</COAC_VENDITE>
    <CORS_VENDITE>0,000000</CORS_VENDITE>
    <FOGN_VENDITE>267,973000</FOGN_VENDITE>
    <FRAN_VENDITE>0,000000</FRAN_VENDITE>
    <GREC_VENDITE>228,000000</GREC_VENDITE>
    <MFTV_VENDITE>0,000000</MFTV_VENDITE>
    <PRGP_VENDITE>5,551000</PRGP_VENDITE>
    <ROSN_VENDITE>433,476000</ROSN_VENDITE>
    <SLOV_VENDITE>0,000000</SLOV_VENDITE>
    <SVIZ_VENDITE>350,000000</SVIZ_VENDITE>
    <BSP_VENDITE>0,000000</BSP_VENDITE>
    <MALT_VENDITE>0,000000</MALT_VENDITE>
    <XAUS_VENDITE>0,000000</XAUS_VENDITE>
    <XFRA_VENDITE>0,000000</XFRA_VENDITE>
    <TOTITABSP_VENDITE>23371,094</TOTITABSP_VENDITE>
    <TOTITABSP_ACQUISTI>23371,094</TOTITABSP_ACQUISTI>
  </Quantita>
  <Quantita>
    <Data>20180429</Data>
    <Mercato>MGP</Mercato>
    <Ora>17</Ora>
    <TOTALE_ACQUISTI>23578,297</TOTALE_ACQUISTI>
    <NAT_ACQUISTI>23578,297000</NAT_ACQUISTI>
    <CNOR_ACQUISTI>2341,025000</CNOR_ACQUISTI>
    <CSUD_ACQUISTI>4005,937000</CSUD_ACQUISTI>
    <NORD_ACQUISTI>12673,914000</NORD_ACQUISTI>
    <SARD_ACQUISTI>810,080000</SARD_ACQUISTI>
    <SICI_ACQUISTI>1507,394000</SICI_ACQUISTI>
    <SUD_ACQUISTI>1933,947000</SUD_ACQUISTI>
    <AUST_ACQUISTI>0,000000</AUST_ACQUISTI>
    <BRNN_ACQUISTI>0,000000</BRNN_ACQUISTI>
    <COAC_ACQUISTI>20,000000</COAC_ACQUISTI>
    <CORS_ACQUISTI>5,000000</CORS_ACQUISTI>
    <FOGN_ACQUISTI>0,000000</FOGN_ACQUISTI>
    <FRAN_ACQUISTI>0,000000</FRAN_ACQUISTI>
    <GREC_ACQUISTI>216,000000</GREC_ACQUISTI>
    <MFTV_ACQUISTI>0,000000</MFTV_ACQUISTI>
    <PRGP_ACQUISTI>0,000000</PRGP_ACQUISTI>
    <ROSN_ACQUISTI>0,000000</ROSN_ACQUISTI>
    <SLOV_ACQUISTI>0,000000</SLOV_ACQUISTI>
    <SVIZ_ACQUISTI>0,000000</SVIZ_ACQUISTI>
    <BSP_ACQUISTI>0,000000</BSP_ACQUISTI>
    <MALT_ACQUISTI>65,000000</MALT_ACQUISTI>
    <XAUS_ACQUISTI>0,000000</XAUS_ACQUISTI>
    <XFRA_ACQUISTI>0,000000</XFRA_ACQUISTI>
    <TOTALE_VENDITE>23578,297</TOTALE_VENDITE>
    <NAT_VENDITE>23578,297000</NAT_VENDITE>
    <CNOR_VENDITE>1948,714000</CNOR_VENDITE>
    <CSUD_VENDITE>1991,814000</CSUD_VENDITE>
    <NORD_VENDITE>12435,974000</NORD_VENDITE>
    <SARD_VENDITE>1141,470000</SARD_VENDITE>
    <SICI_VENDITE>1204,947000</SICI_VENDITE>
    <SUD_VENDITE>2197,700000</SUD_VENDITE>
    <AUST_VENDITE>0,000000</AUST_VENDITE>
    <BRNN_VENDITE>1205,124000</BRNN_VENDITE>
    <COAC_VENDITE>0,000000</COAC_VENDITE>
    <CORS_VENDITE>0,000000</CORS_VENDITE>
    <FOGN_VENDITE>266,347000</FOGN_VENDITE>
    <FRAN_VENDITE>0,000000</FRAN_VENDITE>
    <GREC_VENDITE>258,000000</GREC_VENDITE>
    <MFTV_VENDITE>0,000000</MFTV_VENDITE>
    <PRGP_VENDITE>4,126000</PRGP_VENDITE>
    <ROSN_VENDITE>574,081000</ROSN_VENDITE>
    <SLOV_VENDITE>0,000000</SLOV_VENDITE>
    <SVIZ_VENDITE>350,000000</SVIZ_VENDITE>
    <BSP_VENDITE>0,000000</BSP_VENDITE>
    <MALT_VENDITE>0,000000</MALT_VENDITE>
    <XAUS_VENDITE>0,000000</XAUS_VENDITE>
    <XFRA_VENDITE>0,000000</XFRA_VENDITE>
    <TOTITABSP_VENDITE>23578,297</TOTITABSP_VENDITE>
    <TOTITABSP_ACQUISTI>23578,297</TOTITABSP_ACQUISTI>
  </Quantita>
  <Quantita>
    <Data>20180429</Data>
    <Mercato>MGP</Mercato>
    <Ora>18</Ora>
    <TOTALE_ACQUISTI>24311,045</TOTALE_ACQUISTI>
    <NAT_ACQUISTI>24311,045000</NAT_ACQUISTI>
    <CNOR_ACQUISTI>2475,567000</CNOR_ACQUISTI>
    <CSUD_ACQUISTI>4100,700000</CSUD_ACQUISTI>
    <NORD_ACQUISTI>12913,755000</NORD_ACQUISTI>
    <SARD_ACQUISTI>842,300000</SARD_ACQUISTI>
    <SICI_ACQUISTI>1567,330000</SICI_ACQUISTI>
    <SUD_ACQUISTI>2018,393000</SUD_ACQUISTI>
    <AUST_ACQUISTI>0,000000</AUST_ACQUISTI>
    <BRNN_ACQUISTI>0,000000</BRNN_ACQUISTI>
    <COAC_ACQUISTI>20,000000</COAC_ACQUISTI>
    <CORS_ACQUISTI>5,000000</CORS_ACQUISTI>
    <FOGN_ACQUISTI>0,000000</FOGN_ACQUISTI>
    <FRAN_ACQUISTI>0,000000</FRAN_ACQUISTI>
    <GREC_ACQUISTI>283,000000</GREC_ACQUISTI>
    <MFTV_ACQUISTI>0,000000</MFTV_ACQUISTI>
    <PRGP_ACQUISTI>0,000000</PRGP_ACQUISTI>
    <ROSN_ACQUISTI>0,000000</ROSN_ACQUISTI>
    <SLOV_ACQUISTI>0,000000</SLOV_ACQUISTI>
    <SVIZ_ACQUISTI>0,000000</SVIZ_ACQUISTI>
    <BSP_ACQUISTI>0,000000</BSP_ACQUISTI>
    <MALT_ACQUISTI>85,000000</MALT_ACQUISTI>
    <XAUS_ACQUISTI>0,000000</XAUS_ACQUISTI>
    <XFRA_ACQUISTI>0,000000</XFRA_ACQUISTI>
    <TOTALE_VENDITE>23665,045</TOTALE_VENDITE>
    <NAT_VENDITE>24311,045000</NAT_VENDITE>
    <CNOR_VENDITE>1795,019000</CNOR_VENDITE>
    <CSUD_VENDITE>1799,269000</CSUD_VENDITE>
    <NORD_VENDITE>12908,277000</NORD_VENDITE>
    <SARD_VENDITE>1141,118000</SARD_VENDITE>
    <SICI_VENDITE>1009,806000</SICI_VENDITE>
    <SUD_VENDITE>1849,806000</SUD_VENDITE>
    <AUST_VENDITE>0,000000</AUST_VENDITE>
    <BRNN_VENDITE>1203,999000</BRNN_VENDITE>
    <COAC_VENDITE>0,000000</COAC_VENDITE>
    <CORS_VENDITE>0,000000</CORS_VENDITE>
    <FOGN_VENDITE>259,938000</FOGN_VENDITE>
    <FRAN_VENDITE>99,000000</FRAN_VENDITE>
    <GREC_VENDITE>280,000000</GREC_VENDITE>
    <MFTV_VENDITE>0,000000</MFTV_VENDITE>
    <PRGP_VENDITE>2,468000</PRGP_VENDITE>
    <ROSN_VENDITE>563,345000</ROSN_VENDITE>
    <SLOV_VENDITE>0,000000</SLOV_VENDITE>
    <SVIZ_VENDITE>753,000000</SVIZ_VENDITE>
    <BSP_VENDITE>129,000000</BSP_VENDITE>
    <MALT_VENDITE>0,000000</MALT_VENDITE>
    <XAUS_VENDITE>56,000000</XAUS_VENDITE>
    <XFRA_VENDITE>461,000000</XFRA_VENDITE>
    <TOTITABSP_VENDITE>23794,045</TOTITABSP_VENDITE>
    <TOTITABSP_ACQUISTI>24311,045</TOTITABSP_ACQUISTI>
  </Quantita>
  <Quantita>
    <Data>20180429</Data>
    <Mercato>MGP</Mercato>
    <Ora>19</Ora>
    <TOTALE_ACQUISTI>25623,107</TOTALE_ACQUISTI>
    <NAT_ACQUISTI>25623,107000</NAT_ACQUISTI>
    <CNOR_ACQUISTI>2687,752000</CNOR_ACQUISTI>
    <CSUD_ACQUISTI>4237,816000</CSUD_ACQUISTI>
    <NORD_ACQUISTI>13834,571000</NORD_ACQUISTI>
    <SARD_ACQUISTI>893,661000</SARD_ACQUISTI>
    <SICI_ACQUISTI>1635,586000</SICI_ACQUISTI>
    <SUD_ACQUISTI>2149,721000</SUD_ACQUISTI>
    <AUST_ACQUISTI>0,000000</AUST_ACQUISTI>
    <BRNN_ACQUISTI>0,000000</BRNN_ACQUISTI>
    <COAC_ACQUISTI>20,000000</COAC_ACQUISTI>
    <CORS_ACQUISTI>5,000000</CORS_ACQUISTI>
    <FOGN_ACQUISTI>0,000000</FOGN_ACQUISTI>
    <FRAN_ACQUISTI>0,000000</FRAN_ACQUISTI>
    <GREC_ACQUISTI>78,000000</GREC_ACQUISTI>
    <MFTV_ACQUISTI>0,000000</MFTV_ACQUISTI>
    <PRGP_ACQUISTI>0,000000</PRGP_ACQUISTI>
    <ROSN_ACQUISTI>0,000000</ROSN_ACQUISTI>
    <SLOV_ACQUISTI>0,000000</SLOV_ACQUISTI>
    <SVIZ_ACQUISTI>0,000000</SVIZ_ACQUISTI>
    <BSP_ACQUISTI>0,000000</BSP_ACQUISTI>
    <MALT_ACQUISTI>81,000000</MALT_ACQUISTI>
    <XAUS_ACQUISTI>0,000000</XAUS_ACQUISTI>
    <XFRA_ACQUISTI>0,000000</XFRA_ACQUISTI>
    <TOTALE_VENDITE>24727,107</TOTALE_VENDITE>
    <NAT_VENDITE>25623,107000</NAT_VENDITE>
    <CNOR_VENDITE>1753,820000</CNOR_VENDITE>
    <CSUD_VENDITE>1580,941000</CSUD_VENDITE>
    <NORD_VENDITE>14145,492000</NORD_VENDITE>
    <SARD_VENDITE>1091,505000</SARD_VENDITE>
    <SICI_VENDITE>857,011000</SICI_VENDITE>
    <SUD_VENDITE>1542,621000</SUD_VENDITE>
    <AUST_VENDITE>0,000000</AUST_VENDITE>
    <BRNN_VENDITE>1202,084000</BRNN_VENDITE>
    <COAC_VENDITE>0,000000</COAC_VENDITE>
    <CORS_VENDITE>0,000000</CORS_VENDITE>
    <FOGN_VENDITE>305,828000</FOGN_VENDITE>
    <FRAN_VENDITE>99,000000</FRAN_VENDITE>
    <GREC_VENDITE>262,000000</GREC_VENDITE>
    <MFTV_VENDITE>0,000000</MFTV_VENDITE>
    <PRGP_VENDITE>1,013000</PRGP_VENDITE>
    <ROSN_VENDITE>880,792000</ROSN_VENDITE>
    <SLOV_VENDITE>0,000000</SLOV_VENDITE>
    <SVIZ_VENDITE>1005,000000</SVIZ_VENDITE>
    <BSP_VENDITE>173,000000</BSP_VENDITE>
    <MALT_VENDITE>0,000000</MALT_VENDITE>
    <XAUS_VENDITE>75,000000</XAUS_VENDITE>
    <XFRA_VENDITE>648,000000</XFRA_VENDITE>
    <TOTITABSP_VENDITE>24900,107</TOTITABSP_VENDITE>
    <TOTITABSP_ACQUISTI>25623,107</TOTITABSP_ACQUISTI>
  </Quantita>
  <Quantita>
    <Data>20180429</Data>
    <Mercato>MGP</Mercato>
    <Ora>20</Ora>
    <TOTALE_ACQUISTI>28117,319</TOTALE_ACQUISTI>
    <NAT_ACQUISTI>28143,319000</NAT_ACQUISTI>
    <CNOR_ACQUISTI>3007,732000</CNOR_ACQUISTI>
    <CSUD_ACQUISTI>4683,203000</CSUD_ACQUISTI>
    <NORD_ACQUISTI>15036,401000</NORD_ACQUISTI>
    <SARD_ACQUISTI>963,017000</SARD_ACQUISTI>
    <SICI_ACQUISTI>1798,879000</SICI_ACQUISTI>
    <SUD_ACQUISTI>2443,087000</SUD_ACQUISTI>
    <AUST_ACQUISTI>0,000000</AUST_ACQUISTI>
    <BRNN_ACQUISTI>0,000000</BRNN_ACQUISTI>
    <COAC_ACQUISTI>20,000000</COAC_ACQUISTI>
    <CORS_ACQUISTI>5,000000</CORS_ACQUISTI>
    <FOGN_ACQUISTI>0,000000</FOGN_ACQUISTI>
    <FRAN_ACQUISTI>0,000000</FRAN_ACQUISTI>
    <GREC_ACQUISTI>75,000000</GREC_ACQUISTI>
    <MFTV_ACQUISTI>0,000000</MFTV_ACQUISTI>
    <PRGP_ACQUISTI>0,000000</PRGP_ACQUISTI>
    <ROSN_ACQUISTI>0,000000</ROSN_ACQUISTI>
    <SLOV_ACQUISTI>0,000000</SLOV_ACQUISTI>
    <SVIZ_ACQUISTI>0,000000</SVIZ_ACQUISTI>
    <BSP_ACQUISTI>0,000000</BSP_ACQUISTI>
    <MALT_ACQUISTI>85,000000</MALT_ACQUISTI>
    <XAUS_ACQUISTI>0,000000</XAUS_ACQUISTI>
    <XFRA_ACQUISTI>0,000000</XFRA_ACQUISTI>
    <TOTALE_VENDITE>27221,319</TOTALE_VENDITE>
    <NAT_VENDITE>28143,319000</NAT_VENDITE>
    <CNOR_VENDITE>1631,012000</CNOR_VENDITE>
    <CSUD_VENDITE>2545,291000</CSUD_VENDITE>
    <NORD_VENDITE>15815,445000</NORD_VENDITE>
    <SARD_VENDITE>1034,907000</SARD_VENDITE>
    <SICI_VENDITE>783,728000</SICI_VENDITE>
    <SUD_VENDITE>1253,947000</SUD_VENDITE>
    <AUST_VENDITE>0,000000</AUST_VENDITE>
    <BRNN_VENDITE>1293,853000</BRNN_VENDITE>
    <COAC_VENDITE>0,000000</COAC_VENDITE>
    <CORS_VENDITE>0,000000</CORS_VENDITE>
    <FOGN_VENDITE>303,769000</FOGN_VENDITE>
    <FRAN_VENDITE>99,000000</FRAN_VENDITE>
    <GREC_VENDITE>339,000000</GREC_VENDITE>
    <MFTV_VENDITE>0,000000</MFTV_VENDITE>
    <PRGP_VENDITE>0,151000</PRGP_VENDITE>
    <ROSN_VENDITE>1116,216000</ROSN_VENDITE>
    <SLOV_VENDITE>0,000000</SLOV_VENDITE>
    <SVIZ_VENDITE>1005,000000</SVIZ_VENDITE>
    <BSP_VENDITE>173,000000</BSP_VENDITE>
    <MALT_VENDITE>0,000000</MALT_VENDITE>
    <XAUS_VENDITE>75,000000</XAUS_VENDITE>
    <XFRA_VENDITE>648,000000</XFRA_VENDITE>
    <TOTITABSP_VENDITE>27394,319</TOTITABSP_VENDITE>
    <TOTITABSP_ACQUISTI>28117,319</TOTITABSP_ACQUISTI>
  </Quantita>
  <Quantita>
    <Data>20180429</Data>
    <Mercato>MGP</Mercato>
    <Ora>21</Ora>
    <TOTALE_ACQUISTI>30189,406</TOTALE_ACQUISTI>
    <NAT_ACQUISTI>30225,086000</NAT_ACQUISTI>
    <CNOR_ACQUISTI>3230,680000</CNOR_ACQUISTI>
    <CSUD_ACQUISTI>5196,548000</CSUD_ACQUISTI>
    <NORD_ACQUISTI>15743,819000</NORD_ACQUISTI>
    <SARD_ACQUISTI>1066,498000</SARD_ACQUISTI>
    <SICI_ACQUISTI>2014,869000</SICI_ACQUISTI>
    <SUD_ACQUISTI>2785,992000</SUD_ACQUISTI>
    <AUST_ACQUISTI>0,000000</AUST_ACQUISTI>
    <BRNN_ACQUISTI>0,000000</BRNN_ACQUISTI>
    <COAC_ACQUISTI>20,000000</COAC_ACQUISTI>
    <CORS_ACQUISTI>5,000000</CORS_ACQUISTI>
    <FOGN_ACQUISTI>0,000000</FOGN_ACQUISTI>
    <FRAN_ACQUISTI>0,000000</FRAN_ACQUISTI>
    <GREC_ACQUISTI>25,000000</GREC_ACQUISTI>
    <MFTV_ACQUISTI>0,000000</MFTV_ACQUISTI>
    <PRGP_ACQUISTI>0,000000</PRGP_ACQUISTI>
    <ROSN_ACQUISTI>0,000000</ROSN_ACQUISTI>
    <SLOV_ACQUISTI>0,000000</SLOV_ACQUISTI>
    <SVIZ_ACQUISTI>0,000000</SVIZ_ACQUISTI>
    <BSP_ACQUISTI>0,000000</BSP_ACQUISTI>
    <MALT_ACQUISTI>101,000000</MALT_ACQUISTI>
    <XAUS_ACQUISTI>0,000000</XAUS_ACQUISTI>
    <XFRA_ACQUISTI>0,000000</XFRA_ACQUISTI>
    <TOTALE_VENDITE>29293,406</TOTALE_VENDITE>
    <NAT_VENDITE>30225,086000</NAT_VENDITE>
    <CNOR_VENDITE>2047,882000</CNOR_VENDITE>
    <CSUD_VENDITE>2671,670000</CSUD_VENDITE>
    <NORD_VENDITE>17067,412000</NORD_VENDITE>
    <SARD_VENDITE>1009,227000</SARD_VENDITE>
    <SICI_VENDITE>855,869000</SICI_VENDITE>
    <SUD_VENDITE>1092,333000</SUD_VENDITE>
    <AUST_VENDITE>0,000000</AUST_VENDITE>
    <BRNN_VENDITE>1296,425000</BRNN_VENDITE>
    <COAC_VENDITE>0,000000</COAC_VENDITE>
    <CORS_VENDITE>0,000000</CORS_VENDITE>
    <FOGN_VENDITE>491,411000</FOGN_VENDITE>
    <FRAN_VENDITE>99,000000</FRAN_VENDITE>
    <GREC_VENDITE>373,000000</GREC_VENDITE>
    <MFTV_VENDITE>0,000000</MFTV_VENDITE>
    <PRGP_VENDITE>160,000000</PRGP_VENDITE>
    <ROSN_VENDITE>1124,177000</ROSN_VENDITE>
    <SLOV_VENDITE>0,000000</SLOV_VENDITE>
    <SVIZ_VENDITE>1005,000000</SVIZ_VENDITE>
    <BSP_VENDITE>173,000000</BSP_VENDITE>
    <MALT_VENDITE>0,000000</MALT_VENDITE>
    <XAUS_VENDITE>75,000000</XAUS_VENDITE>
    <XFRA_VENDITE>648,000000</XFRA_VENDITE>
    <TOTITABSP_VENDITE>29466,406</TOTITABSP_VENDITE>
    <TOTITABSP_ACQUISTI>30189,406</TOTITABSP_ACQUISTI>
  </Quantita>
  <Quantita>
    <Data>20180429</Data>
    <Mercato>MGP</Mercato>
    <Ora>22</Ora>
    <TOTALE_ACQUISTI>29726,168</TOTALE_ACQUISTI>
    <NAT_ACQUISTI>29726,168000</NAT_ACQUISTI>
    <CNOR_ACQUISTI>3178,884000</CNOR_ACQUISTI>
    <CSUD_ACQUISTI>5080,472000</CSUD_ACQUISTI>
    <NORD_ACQUISTI>15591,795000</NORD_ACQUISTI>
    <SARD_ACQUISTI>1052,772000</SARD_ACQUISTI>
    <SICI_ACQUISTI>1977,129000</SICI_ACQUISTI>
    <SUD_ACQUISTI>2697,116000</SUD_ACQUISTI>
    <AUST_ACQUISTI>0,000000</AUST_ACQUISTI>
    <BRNN_ACQUISTI>0,000000</BRNN_ACQUISTI>
    <COAC_ACQUISTI>20,000000</COAC_ACQUISTI>
    <CORS_ACQUISTI>5,000000</CORS_ACQUISTI>
    <FOGN_ACQUISTI>0,000000</FOGN_ACQUISTI>
    <FRAN_ACQUISTI>0,000000</FRAN_ACQUISTI>
    <GREC_ACQUISTI>25,000000</GREC_ACQUISTI>
    <MFTV_ACQUISTI>0,000000</MFTV_ACQUISTI>
    <PRGP_ACQUISTI>0,000000</PRGP_ACQUISTI>
    <ROSN_ACQUISTI>0,000000</ROSN_ACQUISTI>
    <SLOV_ACQUISTI>0,000000</SLOV_ACQUISTI>
    <SVIZ_ACQUISTI>0,000000</SVIZ_ACQUISTI>
    <BSP_ACQUISTI>0,000000</BSP_ACQUISTI>
    <MALT_ACQUISTI>98,000000</MALT_ACQUISTI>
    <XAUS_ACQUISTI>0,000000</XAUS_ACQUISTI>
    <XFRA_ACQUISTI>0,000000</XFRA_ACQUISTI>
    <TOTALE_VENDITE>28830,168</TOTALE_VENDITE>
    <NAT_VENDITE>29726,168000</NAT_VENDITE>
    <CNOR_VENDITE>2046,726000</CNOR_VENDITE>
    <CSUD_VENDITE>2678,693000</CSUD_VENDITE>
    <NORD_VENDITE>16923,728000</NORD_VENDITE>
    <SARD_VENDITE>975,040000</SARD_VENDITE>
    <SICI_VENDITE>815,129000</SICI_VENDITE>
    <SUD_VENDITE>1043,803000</SUD_VENDITE>
    <AUST_VENDITE>0,000000</AUST_VENDITE>
    <BRNN_VENDITE>1298,796000</BRNN_VENDITE>
    <COAC_VENDITE>0,000000</COAC_VENDITE>
    <CORS_VENDITE>0,000000</CORS_VENDITE>
    <FOGN_VENDITE>302,309000</FOGN_VENDITE>
    <FRAN_VENDITE>99,000000</FRAN_VENDITE>
    <GREC_VENDITE>357,000000</GREC_VENDITE>
    <MFTV_VENDITE>0,000000</MFTV_VENDITE>
    <PRGP_VENDITE>160,000000</PRGP_VENDITE>
    <ROSN_VENDITE>1124,944000</ROSN_VENDITE>
    <SLOV_VENDITE>0,000000</SLOV_VENDITE>
    <SVIZ_VENDITE>1005,000000</SVIZ_VENDITE>
    <BSP_VENDITE>173,000000</BSP_VENDITE>
    <MALT_VENDITE>0,000000</MALT_VENDITE>
    <XAUS_VENDITE>75,000000</XAUS_VENDITE>
    <XFRA_VENDITE>648,000000</XFRA_VENDITE>
    <TOTITABSP_VENDITE>29003,168</TOTITABSP_VENDITE>
    <TOTITABSP_ACQUISTI>29726,168</TOTITABSP_ACQUISTI>
  </Quantita>
  <Quantita>
    <Data>20180429</Data>
    <Mercato>MGP</Mercato>
    <Ora>23</Ora>
    <TOTALE_ACQUISTI>27454,533</TOTALE_ACQUISTI>
    <NAT_ACQUISTI>27480,533000</NAT_ACQUISTI>
    <CNOR_ACQUISTI>2945,093000</CNOR_ACQUISTI>
    <CSUD_ACQUISTI>4730,213000</CSUD_ACQUISTI>
    <NORD_ACQUISTI>14386,634000</NORD_ACQUISTI>
    <SARD_ACQUISTI>981,126000</SARD_ACQUISTI>
    <SICI_ACQUISTI>1842,830000</SICI_ACQUISTI>
    <SUD_ACQUISTI>2476,637000</SUD_ACQUISTI>
    <AUST_ACQUISTI>0,000000</AUST_ACQUISTI>
    <BRNN_ACQUISTI>0,000000</BRNN_ACQUISTI>
    <COAC_ACQUISTI>20,000000</COAC_ACQUISTI>
    <CORS_ACQUISTI>5,000000</CORS_ACQUISTI>
    <FOGN_ACQUISTI>0,000000</FOGN_ACQUISTI>
    <FRAN_ACQUISTI>0,000000</FRAN_ACQUISTI>
    <GREC_ACQUISTI>0,000000</GREC_ACQUISTI>
    <MFTV_ACQUISTI>0,000000</MFTV_ACQUISTI>
    <PRGP_ACQUISTI>0,000000</PRGP_ACQUISTI>
    <ROSN_ACQUISTI>0,000000</ROSN_ACQUISTI>
    <SLOV_ACQUISTI>0,000000</SLOV_ACQUISTI>
    <SVIZ_ACQUISTI>0,000000</SVIZ_ACQUISTI>
    <BSP_ACQUISTI>0,000000</BSP_ACQUISTI>
    <MALT_ACQUISTI>67,000000</MALT_ACQUISTI>
    <XAUS_ACQUISTI>0,000000</XAUS_ACQUISTI>
    <XFRA_ACQUISTI>0,000000</XFRA_ACQUISTI>
    <TOTALE_VENDITE>26558,533</TOTALE_VENDITE>
    <NAT_VENDITE>27480,533000</NAT_VENDITE>
    <CNOR_VENDITE>1606,641000</CNOR_VENDITE>
    <CSUD_VENDITE>2559,945000</CSUD_VENDITE>
    <NORD_VENDITE>15386,847000</NORD_VENDITE>
    <SARD_VENDITE>938,042000</SARD_VENDITE>
    <SICI_VENDITE>809,830000</SICI_VENDITE>
    <SUD_VENDITE>1039,506000</SUD_VENDITE>
    <AUST_VENDITE>0,000000</AUST_VENDITE>
    <BRNN_VENDITE>1303,478000</BRNN_VENDITE>
    <COAC_VENDITE>0,000000</COAC_VENDITE>
    <CORS_VENDITE>0,000000</CORS_VENDITE>
    <FOGN_VENDITE>302,727000</FOGN_VENDITE>
    <FRAN_VENDITE>99,000000</FRAN_VENDITE>
    <GREC_VENDITE>377,000000</GREC_VENDITE>
    <MFTV_VENDITE>0,000000</MFTV_VENDITE>
    <PRGP_VENDITE>0,000000</PRGP_VENDITE>
    <ROSN_VENDITE>1130,517000</ROSN_VENDITE>
    <SLOV_VENDITE>0,000000</SLOV_VENDITE>
    <SVIZ_VENDITE>1005,000000</SVIZ_VENDITE>
    <BSP_VENDITE>173,000000</BSP_VENDITE>
    <MALT_VENDITE>0,000000</MALT_VENDITE>
    <XAUS_VENDITE>75,000000</XAUS_VENDITE>
    <XFRA_VENDITE>648,000000</XFRA_VENDITE>
    <TOTITABSP_VENDITE>26731,533</TOTITABSP_VENDITE>
    <TOTITABSP_ACQUISTI>27454,533</TOTITABSP_ACQUISTI>
  </Quantita>
  <Quantita>
    <Data>20180429</Data>
    <Mercato>MGP</Mercato>
    <Ora>24</Ora>
    <TOTALE_ACQUISTI>25348,9</TOTALE_ACQUISTI>
    <NAT_ACQUISTI>25348,900000</NAT_ACQUISTI>
    <CNOR_ACQUISTI>2656,974000</CNOR_ACQUISTI>
    <CSUD_ACQUISTI>4298,415000</CSUD_ACQUISTI>
    <NORD_ACQUISTI>13314,732000</NORD_ACQUISTI>
    <SARD_ACQUISTI>912,563000</SARD_ACQUISTI>
    <SICI_ACQUISTI>1689,866000</SICI_ACQUISTI>
    <SUD_ACQUISTI>2244,350000</SUD_ACQUISTI>
    <AUST_ACQUISTI>0,000000</AUST_ACQUISTI>
    <BRNN_ACQUISTI>0,000000</BRNN_ACQUISTI>
    <COAC_ACQUISTI>20,000000</COAC_ACQUISTI>
    <CORS_ACQUISTI>5,000000</CORS_ACQUISTI>
    <FOGN_ACQUISTI>0,000000</FOGN_ACQUISTI>
    <FRAN_ACQUISTI>0,000000</FRAN_ACQUISTI>
    <GREC_ACQUISTI>146,000000</GREC_ACQUISTI>
    <MFTV_ACQUISTI>0,000000</MFTV_ACQUISTI>
    <PRGP_ACQUISTI>0,000000</PRGP_ACQUISTI>
    <ROSN_ACQUISTI>0,000000</ROSN_ACQUISTI>
    <SLOV_ACQUISTI>0,000000</SLOV_ACQUISTI>
    <SVIZ_ACQUISTI>0,000000</SVIZ_ACQUISTI>
    <BSP_ACQUISTI>0,000000</BSP_ACQUISTI>
    <MALT_ACQUISTI>61,000000</MALT_ACQUISTI>
    <XAUS_ACQUISTI>0,000000</XAUS_ACQUISTI>
    <XFRA_ACQUISTI>0,000000</XFRA_ACQUISTI>
    <TOTALE_VENDITE>24452,9</TOTALE_VENDITE>
    <NAT_VENDITE>25348,900000</NAT_VENDITE>
    <CNOR_VENDITE>1468,013000</CNOR_VENDITE>
    <CSUD_VENDITE>1355,971000</CSUD_VENDITE>
    <NORD_VENDITE>14483,371000</NORD_VENDITE>
    <SARD_VENDITE>950,937000</SARD_VENDITE>
    <SICI_VENDITE>777,136000</SICI_VENDITE>
    <SUD_VENDITE>1167,057000</SUD_VENDITE>
    <AUST_VENDITE>0,000000</AUST_VENDITE>
    <BRNN_VENDITE>1295,943000</BRNN_VENDITE>
    <COAC_VENDITE>0,000000</COAC_VENDITE>
    <CORS_VENDITE>0,000000</CORS_VENDITE>
    <FOGN_VENDITE>302,763000</FOGN_VENDITE>
    <FRAN_VENDITE>99,000000</FRAN_VENDITE>
    <GREC_VENDITE>415,000000</GREC_VENDITE>
    <MFTV_VENDITE>0,000000</MFTV_VENDITE>
    <PRGP_VENDITE>0,000000</PRGP_VENDITE>
    <ROSN_VENDITE>1132,709000</ROSN_VENDITE>
    <SLOV_VENDITE>0,000000</SLOV_VENDITE>
    <SVIZ_VENDITE>1005,000000</SVIZ_VENDITE>
    <BSP_VENDITE>173,000000</BSP_VENDITE>
    <MALT_VENDITE>0,000000</MALT_VENDITE>
    <XAUS_VENDITE>75,000000</XAUS_VENDITE>
    <XFRA_VENDITE>648,000000</XFRA_VENDITE>
    <TOTITABSP_VENDITE>24625,9</TOTITABSP_VENDITE>
    <TOTITABSP_ACQUISTI>25348,9</TOTITABSP_ACQUISTI>
  </Quantita>
</NewDataSet>