<?xml version="1.0" standalone="yes"?>
<NewDataSet>
  <xs:schema id="NewDataSet" xmlns="" xmlns:xs="http://www.w3.org/2001/XMLSchema" xmlns:msdata="urn:schemas-microsoft-com:xml-msdata">
    <xs:element name="NewDataSet" msdata:IsDataSet="true" msdata:UseCurrentLocale="true">
      <xs:complexType>
        <xs:choice minOccurs="0" maxOccurs="unbounded">
          <xs:element name="Quantita">
            <xs:complexType>
              <xs:sequence>
                <xs:element name="Data" type="xs:string" minOccurs="0" />
                <xs:element name="Mercato" type="xs:string" minOccurs="0" />
                <xs:element name="Ora" type="xs:string" minOccurs="0" />
                <xs:element name="TOTALE_ACQUISTI" type="xs:string" minOccurs="0" />
                <xs:element name="NAT_ACQUISTI" type="xs:string" minOccurs="0" />
                <xs:element name="CNOR_ACQUISTI" type="xs:string" minOccurs="0" />
                <xs:element name="CSUD_ACQUISTI" type="xs:string" minOccurs="0" />
                <xs:element name="NORD_ACQUISTI" type="xs:string" minOccurs="0" />
                <xs:element name="SARD_ACQUISTI" type="xs:string" minOccurs="0" />
                <xs:element name="SICI_ACQUISTI" type="xs:string" minOccurs="0" />
                <xs:element name="SUD_ACQUISTI" type="xs:string" minOccurs="0" />
                <xs:element name="AUST_ACQUISTI" type="xs:string" minOccurs="0" />
                <xs:element name="BRNN_ACQUISTI" type="xs:string" minOccurs="0" />
                <xs:element name="COAC_ACQUISTI" type="xs:string" minOccurs="0" />
                <xs:element name="CORS_ACQUISTI" type="xs:string" minOccurs="0" />
                <xs:element name="FOGN_ACQUISTI" type="xs:string" minOccurs="0" />
                <xs:element name="FRAN_ACQUISTI" type="xs:string" minOccurs="0" />
                <xs:element name="GREC_ACQUISTI" type="xs:string" minOccurs="0" />
                <xs:element name="MFTV_ACQUISTI" type="xs:string" minOccurs="0" />
                <xs:element name="PRGP_ACQUISTI" type="xs:string" minOccurs="0" />
                <xs:element name="ROSN_ACQUISTI" type="xs:string" minOccurs="0" />
                <xs:element name="SLOV_ACQUISTI" type="xs:string" minOccurs="0" />
                <xs:element name="SVIZ_ACQUISTI" type="xs:string" minOccurs="0" />
                <xs:element name="BSP_ACQUISTI" type="xs:string" minOccurs="0" />
                <xs:element name="MALT_ACQUISTI" type="xs:string" minOccurs="0" />
                <xs:element name="XAUS_ACQUISTI" type="xs:string" minOccurs="0" />
                <xs:element name="XFRA_ACQUISTI" type="xs:string" minOccurs="0" />
                <xs:element name="TOTALE_VENDITE" type="xs:string" minOccurs="0" />
                <xs:element name="NAT_VENDITE" type="xs:string" minOccurs="0" />
                <xs:element name="CNOR_VENDITE" type="xs:string" minOccurs="0" />
                <xs:element name="CSUD_VENDITE" type="xs:string" minOccurs="0" />
                <xs:element name="NORD_VENDITE" type="xs:string" minOccurs="0" />
                <xs:element name="SARD_VENDITE" type="xs:string" minOccurs="0" />
                <xs:element name="SICI_VENDITE" type="xs:string" minOccurs="0" />
                <xs:element name="SUD_VENDITE" type="xs:string" minOccurs="0" />
                <xs:element name="AUST_VENDITE" type="xs:string" minOccurs="0" />
                <xs:element name="BRNN_VENDITE" type="xs:string" minOccurs="0" />
                <xs:element name="COAC_VENDITE" type="xs:string" minOccurs="0" />
                <xs:element name="CORS_VENDITE" type="xs:string" minOccurs="0" />
                <xs:element name="FOGN_VENDITE" type="xs:string" minOccurs="0" />
                <xs:element name="FRAN_VENDITE" type="xs:string" minOccurs="0" />
                <xs:element name="GREC_VENDITE" type="xs:string" minOccurs="0" />
                <xs:element name="MFTV_VENDITE" type="xs:string" minOccurs="0" />
                <xs:element name="PRGP_VENDITE" type="xs:string" minOccurs="0" />
                <xs:element name="ROSN_VENDITE" type="xs:string" minOccurs="0" />
                <xs:element name="SLOV_VENDITE" type="xs:string" minOccurs="0" />
                <xs:element name="SVIZ_VENDITE" type="xs:string" minOccurs="0" />
                <xs:element name="BSP_VENDITE" type="xs:string" minOccurs="0" />
                <xs:element name="MALT_VENDITE" type="xs:string" minOccurs="0" />
                <xs:element name="XAUS_VENDITE" type="xs:string" minOccurs="0" />
                <xs:element name="XFRA_VENDITE" type="xs:string" minOccurs="0" />
                <xs:element name="TOTITABSP_VENDITE" msdata:ReadOnly="true" msdata:Expression="Convert(TOTALE_VENDITE, System.Double) + Convert(BSP_VENDITE,System.Double)" type="xs:string" minOccurs="0" />
                <xs:element name="TOTITABSP_ACQUISTI" msdata:ReadOnly="true" msdata:Expression="Convert(TOTALE_ACQUISTI, System.Double) + Convert(BSP_ACQUISTI, System.Double)" type="xs:string" minOccurs="0" />
              </xs:sequence>
            </xs:complexType>
          </xs:element>
        </xs:choice>
      </xs:complexType>
    </xs:element>
  </xs:schema>
  <Quantita>
    <Data>20180417</Data>
    <Mercato>MGP</Mercato>
    <Ora>1</Ora>
    <TOTALE_ACQUISTI>27007,869</TOTALE_ACQUISTI>
    <NAT_ACQUISTI>27205,869000</NAT_ACQUISTI>
    <CNOR_ACQUISTI>2820,838000</CNOR_ACQUISTI>
    <CSUD_ACQUISTI>4132,975000</CSUD_ACQUISTI>
    <NORD_ACQUISTI>15124,056000</NORD_ACQUISTI>
    <SARD_ACQUISTI>832,396000</SARD_ACQUISTI>
    <SICI_ACQUISTI>1603,992000</SICI_ACQUISTI>
    <SUD_ACQUISTI>2097,612000</SUD_ACQUISTI>
    <AUST_ACQUISTI>0,000000</AUST_ACQUISTI>
    <BRNN_ACQUISTI>0,000000</BRNN_ACQUISTI>
    <COAC_ACQUISTI>33,000000</COAC_ACQUISTI>
    <CORS_ACQUISTI>39,000000</CORS_ACQUISTI>
    <FOGN_ACQUISTI>0,000000</FOGN_ACQUISTI>
    <FRAN_ACQUISTI>0,000000</FRAN_ACQUISTI>
    <GREC_ACQUISTI>150,000000</GREC_ACQUISTI>
    <MFTV_ACQUISTI>0,000000</MFTV_ACQUISTI>
    <PRGP_ACQUISTI>0,000000</PRGP_ACQUISTI>
    <ROSN_ACQUISTI>0,000000</ROSN_ACQUISTI>
    <SLOV_ACQUISTI>0,000000</SLOV_ACQUISTI>
    <SVIZ_ACQUISTI>60,000000</SVIZ_ACQUISTI>
    <BSP_ACQUISTI>0,000000</BSP_ACQUISTI>
    <MALT_ACQUISTI>114,000000</MALT_ACQUISTI>
    <XAUS_ACQUISTI>0,000000</XAUS_ACQUISTI>
    <XFRA_ACQUISTI>0,000000</XFRA_ACQUISTI>
    <TOTALE_VENDITE>23351,869</TOTALE_VENDITE>
    <NAT_VENDITE>27205,869000</NAT_VENDITE>
    <CNOR_VENDITE>2026,758000</CNOR_VENDITE>
    <CSUD_VENDITE>2430,300000</CSUD_VENDITE>
    <NORD_VENDITE>11640,136000</NORD_VENDITE>
    <SARD_VENDITE>613,567000</SARD_VENDITE>
    <SICI_VENDITE>964,231000</SICI_VENDITE>
    <SUD_VENDITE>1290,703000</SUD_VENDITE>
    <AUST_VENDITE>20,000000</AUST_VENDITE>
    <BRNN_VENDITE>869,141000</BRNN_VENDITE>
    <COAC_VENDITE>0,000000</COAC_VENDITE>
    <CORS_VENDITE>0,000000</CORS_VENDITE>
    <FOGN_VENDITE>9,376000</FOGN_VENDITE>
    <FRAN_VENDITE>99,000000</FRAN_VENDITE>
    <GREC_VENDITE>355,000000</GREC_VENDITE>
    <MFTV_VENDITE>0,000000</MFTV_VENDITE>
    <PRGP_VENDITE>0,000000</PRGP_VENDITE>
    <ROSN_VENDITE>70,657000</ROSN_VENDITE>
    <SLOV_VENDITE>0,000000</SLOV_VENDITE>
    <SVIZ_VENDITE>2963,000000</SVIZ_VENDITE>
    <BSP_VENDITE>598,000000</BSP_VENDITE>
    <MALT_VENDITE>0,000000</MALT_VENDITE>
    <XAUS_VENDITE>267,000000</XAUS_VENDITE>
    <XFRA_VENDITE>2791,000000</XFRA_VENDITE>
    <TOTITABSP_VENDITE>23949,869</TOTITABSP_VENDITE>
    <TOTITABSP_ACQUISTI>27007,869</TOTITABSP_ACQUISTI>
  </Quantita>
  <Quantita>
    <Data>20180417</Data>
    <Mercato>MGP</Mercato>
    <Ora>2</Ora>
    <TOTALE_ACQUISTI>25697,486</TOTALE_ACQUISTI>
    <NAT_ACQUISTI>25732,895000</NAT_ACQUISTI>
    <CNOR_ACQUISTI>2659,158000</CNOR_ACQUISTI>
    <CSUD_ACQUISTI>3785,497000</CSUD_ACQUISTI>
    <NORD_ACQUISTI>14371,457000</NORD_ACQUISTI>
    <SARD_ACQUISTI>790,544000</SARD_ACQUISTI>
    <SICI_ACQUISTI>1466,982000</SICI_ACQUISTI>
    <SUD_ACQUISTI>1934,848000</SUD_ACQUISTI>
    <AUST_ACQUISTI>0,000000</AUST_ACQUISTI>
    <BRNN_ACQUISTI>0,000000</BRNN_ACQUISTI>
    <COAC_ACQUISTI>41,000000</COAC_ACQUISTI>
    <CORS_ACQUISTI>5,000000</CORS_ACQUISTI>
    <FOGN_ACQUISTI>0,000000</FOGN_ACQUISTI>
    <FRAN_ACQUISTI>0,000000</FRAN_ACQUISTI>
    <GREC_ACQUISTI>478,000000</GREC_ACQUISTI>
    <MFTV_ACQUISTI>0,000000</MFTV_ACQUISTI>
    <PRGP_ACQUISTI>0,000000</PRGP_ACQUISTI>
    <ROSN_ACQUISTI>0,000000</ROSN_ACQUISTI>
    <SLOV_ACQUISTI>0,000000</SLOV_ACQUISTI>
    <SVIZ_ACQUISTI>60,000000</SVIZ_ACQUISTI>
    <BSP_ACQUISTI>0,000000</BSP_ACQUISTI>
    <MALT_ACQUISTI>105,000000</MALT_ACQUISTI>
    <XAUS_ACQUISTI>0,000000</XAUS_ACQUISTI>
    <XFRA_ACQUISTI>0,000000</XFRA_ACQUISTI>
    <TOTALE_VENDITE>22450,307</TOTALE_VENDITE>
    <NAT_VENDITE>25732,895000</NAT_VENDITE>
    <CNOR_VENDITE>1844,793000</CNOR_VENDITE>
    <CSUD_VENDITE>2263,079000</CSUD_VENDITE>
    <NORD_VENDITE>11341,643000</NORD_VENDITE>
    <SARD_VENDITE>605,562000</SARD_VENDITE>
    <SICI_VENDITE>802,686000</SICI_VENDITE>
    <SUD_VENDITE>1368,917000</SUD_VENDITE>
    <AUST_VENDITE>20,000000</AUST_VENDITE>
    <BRNN_VENDITE>722,552000</BRNN_VENDITE>
    <COAC_VENDITE>0,000000</COAC_VENDITE>
    <CORS_VENDITE>0,000000</CORS_VENDITE>
    <FOGN_VENDITE>9,650000</FOGN_VENDITE>
    <FRAN_VENDITE>99,000000</FRAN_VENDITE>
    <GREC_VENDITE>373,000000</GREC_VENDITE>
    <MFTV_VENDITE>0,000000</MFTV_VENDITE>
    <PRGP_VENDITE>0,000000</PRGP_VENDITE>
    <ROSN_VENDITE>61,425000</ROSN_VENDITE>
    <SLOV_VENDITE>0,000000</SLOV_VENDITE>
    <SVIZ_VENDITE>2938,000000</SVIZ_VENDITE>
    <BSP_VENDITE>598,000000</BSP_VENDITE>
    <MALT_VENDITE>0,000000</MALT_VENDITE>
    <XAUS_VENDITE>267,000000</XAUS_VENDITE>
    <XFRA_VENDITE>2382,179000</XFRA_VENDITE>
    <TOTITABSP_VENDITE>23048,307</TOTITABSP_VENDITE>
    <TOTITABSP_ACQUISTI>25697,486</TOTITABSP_ACQUISTI>
  </Quantita>
  <Quantita>
    <Data>20180417</Data>
    <Mercato>MGP</Mercato>
    <Ora>3</Ora>
    <TOTALE_ACQUISTI>24930,809</TOTALE_ACQUISTI>
    <NAT_ACQUISTI>25006,610000</NAT_ACQUISTI>
    <CNOR_ACQUISTI>2591,330000</CNOR_ACQUISTI>
    <CSUD_ACQUISTI>3628,129000</CSUD_ACQUISTI>
    <NORD_ACQUISTI>14022,666000</NORD_ACQUISTI>
    <SARD_ACQUISTI>772,888000</SARD_ACQUISTI>
    <SICI_ACQUISTI>1401,999000</SICI_ACQUISTI>
    <SUD_ACQUISTI>1869,598000</SUD_ACQUISTI>
    <AUST_ACQUISTI>0,000000</AUST_ACQUISTI>
    <BRNN_ACQUISTI>0,000000</BRNN_ACQUISTI>
    <COAC_ACQUISTI>49,000000</COAC_ACQUISTI>
    <CORS_ACQUISTI>5,000000</CORS_ACQUISTI>
    <FOGN_ACQUISTI>0,000000</FOGN_ACQUISTI>
    <FRAN_ACQUISTI>0,000000</FRAN_ACQUISTI>
    <GREC_ACQUISTI>434,000000</GREC_ACQUISTI>
    <MFTV_ACQUISTI>0,000000</MFTV_ACQUISTI>
    <PRGP_ACQUISTI>0,000000</PRGP_ACQUISTI>
    <ROSN_ACQUISTI>0,000000</ROSN_ACQUISTI>
    <SLOV_ACQUISTI>0,000000</SLOV_ACQUISTI>
    <SVIZ_ACQUISTI>58,199000</SVIZ_ACQUISTI>
    <BSP_ACQUISTI>0,000000</BSP_ACQUISTI>
    <MALT_ACQUISTI>98,000000</MALT_ACQUISTI>
    <XAUS_ACQUISTI>0,000000</XAUS_ACQUISTI>
    <XFRA_ACQUISTI>0,000000</XFRA_ACQUISTI>
    <TOTALE_VENDITE>21859,163</TOTALE_VENDITE>
    <NAT_VENDITE>25006,610000</NAT_VENDITE>
    <CNOR_VENDITE>1840,921000</CNOR_VENDITE>
    <CSUD_VENDITE>1897,715000</CSUD_VENDITE>
    <NORD_VENDITE>11102,628000</NORD_VENDITE>
    <SARD_VENDITE>594,723000</SARD_VENDITE>
    <SICI_VENDITE>826,708000</SICI_VENDITE>
    <SUD_VENDITE>1378,666000</SUD_VENDITE>
    <AUST_VENDITE>20,000000</AUST_VENDITE>
    <BRNN_VENDITE>703,132000</BRNN_VENDITE>
    <COAC_VENDITE>0,000000</COAC_VENDITE>
    <CORS_VENDITE>0,000000</CORS_VENDITE>
    <FOGN_VENDITE>9,785000</FOGN_VENDITE>
    <FRAN_VENDITE>99,000000</FRAN_VENDITE>
    <GREC_VENDITE>390,000000</GREC_VENDITE>
    <MFTV_VENDITE>0,000000</MFTV_VENDITE>
    <PRGP_VENDITE>0,000000</PRGP_VENDITE>
    <ROSN_VENDITE>57,885000</ROSN_VENDITE>
    <SLOV_VENDITE>0,000000</SLOV_VENDITE>
    <SVIZ_VENDITE>2938,000000</SVIZ_VENDITE>
    <BSP_VENDITE>598,000000</BSP_VENDITE>
    <MALT_VENDITE>0,000000</MALT_VENDITE>
    <XAUS_VENDITE>267,000000</XAUS_VENDITE>
    <XFRA_VENDITE>2206,646000</XFRA_VENDITE>
    <TOTITABSP_VENDITE>22457,163</TOTITABSP_VENDITE>
    <TOTITABSP_ACQUISTI>24930,809</TOTITABSP_ACQUISTI>
  </Quantita>
  <Quantita>
    <Data>20180417</Data>
    <Mercato>MGP</Mercato>
    <Ora>4</Ora>
    <TOTALE_ACQUISTI>24769,76</TOTALE_ACQUISTI>
    <NAT_ACQUISTI>24756,659000</NAT_ACQUISTI>
    <CNOR_ACQUISTI>2559,214000</CNOR_ACQUISTI>
    <CSUD_ACQUISTI>3578,235000</CSUD_ACQUISTI>
    <NORD_ACQUISTI>13945,403000</NORD_ACQUISTI>
    <SARD_ACQUISTI>764,337000</SARD_ACQUISTI>
    <SICI_ACQUISTI>1384,376000</SICI_ACQUISTI>
    <SUD_ACQUISTI>1842,195000</SUD_ACQUISTI>
    <AUST_ACQUISTI>0,000000</AUST_ACQUISTI>
    <BRNN_ACQUISTI>0,000000</BRNN_ACQUISTI>
    <COAC_ACQUISTI>30,000000</COAC_ACQUISTI>
    <CORS_ACQUISTI>5,000000</CORS_ACQUISTI>
    <FOGN_ACQUISTI>0,000000</FOGN_ACQUISTI>
    <FRAN_ACQUISTI>0,000000</FRAN_ACQUISTI>
    <GREC_ACQUISTI>503,000000</GREC_ACQUISTI>
    <MFTV_ACQUISTI>0,000000</MFTV_ACQUISTI>
    <PRGP_ACQUISTI>0,000000</PRGP_ACQUISTI>
    <ROSN_ACQUISTI>0,000000</ROSN_ACQUISTI>
    <SLOV_ACQUISTI>0,000000</SLOV_ACQUISTI>
    <SVIZ_ACQUISTI>60,000000</SVIZ_ACQUISTI>
    <BSP_ACQUISTI>0,000000</BSP_ACQUISTI>
    <MALT_ACQUISTI>98,000000</MALT_ACQUISTI>
    <XAUS_ACQUISTI>0,000000</XAUS_ACQUISTI>
    <XFRA_ACQUISTI>0,000000</XFRA_ACQUISTI>
    <TOTALE_VENDITE>21821,799</TOTALE_VENDITE>
    <NAT_VENDITE>24756,659000</NAT_VENDITE>
    <CNOR_VENDITE>1827,119000</CNOR_VENDITE>
    <CSUD_VENDITE>1872,980000</CSUD_VENDITE>
    <NORD_VENDITE>11058,537000</NORD_VENDITE>
    <SARD_VENDITE>597,318000</SARD_VENDITE>
    <SICI_VENDITE>820,054000</SICI_VENDITE>
    <SUD_VENDITE>1349,982000</SUD_VENDITE>
    <AUST_VENDITE>20,000000</AUST_VENDITE>
    <BRNN_VENDITE>704,838000</BRNN_VENDITE>
    <COAC_VENDITE>0,000000</COAC_VENDITE>
    <CORS_VENDITE>0,000000</CORS_VENDITE>
    <FOGN_VENDITE>10,139000</FOGN_VENDITE>
    <FRAN_VENDITE>99,000000</FRAN_VENDITE>
    <GREC_VENDITE>392,000000</GREC_VENDITE>
    <MFTV_VENDITE>0,000000</MFTV_VENDITE>
    <PRGP_VENDITE>0,000000</PRGP_VENDITE>
    <ROSN_VENDITE>57,832000</ROSN_VENDITE>
    <SLOV_VENDITE>0,000000</SLOV_VENDITE>
    <SVIZ_VENDITE>3012,000000</SVIZ_VENDITE>
    <BSP_VENDITE>617,000000</BSP_VENDITE>
    <MALT_VENDITE>0,000000</MALT_VENDITE>
    <XAUS_VENDITE>274,000000</XAUS_VENDITE>
    <XFRA_VENDITE>2056,961000</XFRA_VENDITE>
    <TOTITABSP_VENDITE>22438,799</TOTITABSP_VENDITE>
    <TOTITABSP_ACQUISTI>24769,76</TOTITABSP_ACQUISTI>
  </Quantita>
  <Quantita>
    <Data>20180417</Data>
    <Mercato>MGP</Mercato>
    <Ora>5</Ora>
    <TOTALE_ACQUISTI>24920,609</TOTALE_ACQUISTI>
    <NAT_ACQUISTI>24966,951000</NAT_ACQUISTI>
    <CNOR_ACQUISTI>2563,791000</CNOR_ACQUISTI>
    <CSUD_ACQUISTI>3592,106000</CSUD_ACQUISTI>
    <NORD_ACQUISTI>14119,297000</NORD_ACQUISTI>
    <SARD_ACQUISTI>760,718000</SARD_ACQUISTI>
    <SICI_ACQUISTI>1380,569000</SICI_ACQUISTI>
    <SUD_ACQUISTI>1875,128000</SUD_ACQUISTI>
    <AUST_ACQUISTI>0,000000</AUST_ACQUISTI>
    <BRNN_ACQUISTI>0,000000</BRNN_ACQUISTI>
    <COAC_ACQUISTI>25,000000</COAC_ACQUISTI>
    <CORS_ACQUISTI>5,000000</CORS_ACQUISTI>
    <FOGN_ACQUISTI>0,000000</FOGN_ACQUISTI>
    <FRAN_ACQUISTI>0,000000</FRAN_ACQUISTI>
    <GREC_ACQUISTI>459,000000</GREC_ACQUISTI>
    <MFTV_ACQUISTI>0,000000</MFTV_ACQUISTI>
    <PRGP_ACQUISTI>0,000000</PRGP_ACQUISTI>
    <ROSN_ACQUISTI>0,000000</ROSN_ACQUISTI>
    <SLOV_ACQUISTI>0,000000</SLOV_ACQUISTI>
    <SVIZ_ACQUISTI>35,000000</SVIZ_ACQUISTI>
    <BSP_ACQUISTI>0,000000</BSP_ACQUISTI>
    <MALT_ACQUISTI>105,000000</MALT_ACQUISTI>
    <XAUS_ACQUISTI>0,000000</XAUS_ACQUISTI>
    <XFRA_ACQUISTI>0,000000</XFRA_ACQUISTI>
    <TOTALE_VENDITE>21814,526</TOTALE_VENDITE>
    <NAT_VENDITE>24966,951000</NAT_VENDITE>
    <CNOR_VENDITE>1824,513000</CNOR_VENDITE>
    <CSUD_VENDITE>1895,464000</CSUD_VENDITE>
    <NORD_VENDITE>11056,492000</NORD_VENDITE>
    <SARD_VENDITE>596,048000</SARD_VENDITE>
    <SICI_VENDITE>813,268000</SICI_VENDITE>
    <SUD_VENDITE>1354,927000</SUD_VENDITE>
    <AUST_VENDITE>20,000000</AUST_VENDITE>
    <BRNN_VENDITE>705,439000</BRNN_VENDITE>
    <COAC_VENDITE>0,000000</COAC_VENDITE>
    <CORS_VENDITE>0,000000</CORS_VENDITE>
    <FOGN_VENDITE>10,623000</FOGN_VENDITE>
    <FRAN_VENDITE>99,000000</FRAN_VENDITE>
    <GREC_VENDITE>371,000000</GREC_VENDITE>
    <MFTV_VENDITE>0,000000</MFTV_VENDITE>
    <PRGP_VENDITE>0,000000</PRGP_VENDITE>
    <ROSN_VENDITE>55,752000</ROSN_VENDITE>
    <SLOV_VENDITE>0,000000</SLOV_VENDITE>
    <SVIZ_VENDITE>3012,000000</SVIZ_VENDITE>
    <BSP_VENDITE>617,000000</BSP_VENDITE>
    <MALT_VENDITE>0,000000</MALT_VENDITE>
    <XAUS_VENDITE>274,000000</XAUS_VENDITE>
    <XFRA_VENDITE>2215,083000</XFRA_VENDITE>
    <TOTITABSP_VENDITE>22431,526</TOTITABSP_VENDITE>
    <TOTITABSP_ACQUISTI>24920,609</TOTITABSP_ACQUISTI>
  </Quantita>
  <Quantita>
    <Data>20180417</Data>
    <Mercato>MGP</Mercato>
    <Ora>6</Ora>
    <TOTALE_ACQUISTI>26601,284</TOTALE_ACQUISTI>
    <NAT_ACQUISTI>26461,278000</NAT_ACQUISTI>
    <CNOR_ACQUISTI>2713,551000</CNOR_ACQUISTI>
    <CSUD_ACQUISTI>3801,636000</CSUD_ACQUISTI>
    <NORD_ACQUISTI>15047,708000</NORD_ACQUISTI>
    <SARD_ACQUISTI>799,928000</SARD_ACQUISTI>
    <SICI_ACQUISTI>1462,253000</SICI_ACQUISTI>
    <SUD_ACQUISTI>1960,208000</SUD_ACQUISTI>
    <AUST_ACQUISTI>0,000000</AUST_ACQUISTI>
    <BRNN_ACQUISTI>0,000000</BRNN_ACQUISTI>
    <COAC_ACQUISTI>27,000000</COAC_ACQUISTI>
    <CORS_ACQUISTI>5,000000</CORS_ACQUISTI>
    <FOGN_ACQUISTI>0,000000</FOGN_ACQUISTI>
    <FRAN_ACQUISTI>0,000000</FRAN_ACQUISTI>
    <GREC_ACQUISTI>524,000000</GREC_ACQUISTI>
    <MFTV_ACQUISTI>0,000000</MFTV_ACQUISTI>
    <PRGP_ACQUISTI>0,000000</PRGP_ACQUISTI>
    <ROSN_ACQUISTI>0,000000</ROSN_ACQUISTI>
    <SLOV_ACQUISTI>0,000000</SLOV_ACQUISTI>
    <SVIZ_ACQUISTI>130,000000</SVIZ_ACQUISTI>
    <BSP_ACQUISTI>0,000000</BSP_ACQUISTI>
    <MALT_ACQUISTI>130,000000</MALT_ACQUISTI>
    <XAUS_ACQUISTI>0,000000</XAUS_ACQUISTI>
    <XFRA_ACQUISTI>0,000000</XFRA_ACQUISTI>
    <TOTALE_VENDITE>22898,655</TOTALE_VENDITE>
    <NAT_VENDITE>26461,278000</NAT_VENDITE>
    <CNOR_VENDITE>1907,709000</CNOR_VENDITE>
    <CSUD_VENDITE>2214,446000</CSUD_VENDITE>
    <NORD_VENDITE>11524,921000</NORD_VENDITE>
    <SARD_VENDITE>610,953000</SARD_VENDITE>
    <SICI_VENDITE>790,201000</SICI_VENDITE>
    <SUD_VENDITE>1317,245000</SUD_VENDITE>
    <AUST_VENDITE>20,000000</AUST_VENDITE>
    <BRNN_VENDITE>873,423000</BRNN_VENDITE>
    <COAC_VENDITE>0,000000</COAC_VENDITE>
    <CORS_VENDITE>0,000000</CORS_VENDITE>
    <FOGN_VENDITE>10,703000</FOGN_VENDITE>
    <FRAN_VENDITE>99,000000</FRAN_VENDITE>
    <GREC_VENDITE>293,000000</GREC_VENDITE>
    <MFTV_VENDITE>0,000000</MFTV_VENDITE>
    <PRGP_VENDITE>0,000000</PRGP_VENDITE>
    <ROSN_VENDITE>200,054000</ROSN_VENDITE>
    <SLOV_VENDITE>0,000000</SLOV_VENDITE>
    <SVIZ_VENDITE>3037,000000</SVIZ_VENDITE>
    <BSP_VENDITE>617,000000</BSP_VENDITE>
    <MALT_VENDITE>0,000000</MALT_VENDITE>
    <XAUS_VENDITE>274,000000</XAUS_VENDITE>
    <XFRA_VENDITE>2811,629000</XFRA_VENDITE>
    <TOTITABSP_VENDITE>23515,655</TOTITABSP_VENDITE>
    <TOTITABSP_ACQUISTI>26601,284</TOTITABSP_ACQUISTI>
  </Quantita>
  <Quantita>
    <Data>20180417</Data>
    <Mercato>MGP</Mercato>
    <Ora>7</Ora>
    <TOTALE_ACQUISTI>29911,716</TOTALE_ACQUISTI>
    <NAT_ACQUISTI>29911,716000</NAT_ACQUISTI>
    <CNOR_ACQUISTI>3097,138000</CNOR_ACQUISTI>
    <CSUD_ACQUISTI>4276,949000</CSUD_ACQUISTI>
    <NORD_ACQUISTI>17588,253000</NORD_ACQUISTI>
    <SARD_ACQUISTI>885,161000</SARD_ACQUISTI>
    <SICI_ACQUISTI>1588,347000</SICI_ACQUISTI>
    <SUD_ACQUISTI>2100,868000</SUD_ACQUISTI>
    <AUST_ACQUISTI>0,000000</AUST_ACQUISTI>
    <BRNN_ACQUISTI>0,000000</BRNN_ACQUISTI>
    <COAC_ACQUISTI>43,000000</COAC_ACQUISTI>
    <CORS_ACQUISTI>5,000000</CORS_ACQUISTI>
    <FOGN_ACQUISTI>0,000000</FOGN_ACQUISTI>
    <FRAN_ACQUISTI>0,000000</FRAN_ACQUISTI>
    <GREC_ACQUISTI>160,000000</GREC_ACQUISTI>
    <MFTV_ACQUISTI>0,000000</MFTV_ACQUISTI>
    <PRGP_ACQUISTI>0,000000</PRGP_ACQUISTI>
    <ROSN_ACQUISTI>0,000000</ROSN_ACQUISTI>
    <SLOV_ACQUISTI>0,000000</SLOV_ACQUISTI>
    <SVIZ_ACQUISTI>0,000000</SVIZ_ACQUISTI>
    <BSP_ACQUISTI>0,000000</BSP_ACQUISTI>
    <MALT_ACQUISTI>167,000000</MALT_ACQUISTI>
    <XAUS_ACQUISTI>0,000000</XAUS_ACQUISTI>
    <XFRA_ACQUISTI>0,000000</XFRA_ACQUISTI>
    <TOTALE_VENDITE>26371,716</TOTALE_VENDITE>
    <NAT_VENDITE>29911,716000</NAT_VENDITE>
    <CNOR_VENDITE>2290,145000</CNOR_VENDITE>
    <CSUD_VENDITE>2507,882000</CSUD_VENDITE>
    <NORD_VENDITE>14183,190000</NORD_VENDITE>
    <SARD_VENDITE>553,568000</SARD_VENDITE>
    <SICI_VENDITE>785,627000</SICI_VENDITE>
    <SUD_VENDITE>1205,594000</SUD_VENDITE>
    <AUST_VENDITE>20,000000</AUST_VENDITE>
    <BRNN_VENDITE>874,640000</BRNN_VENDITE>
    <COAC_VENDITE>0,000000</COAC_VENDITE>
    <CORS_VENDITE>0,000000</CORS_VENDITE>
    <FOGN_VENDITE>381,483000</FOGN_VENDITE>
    <FRAN_VENDITE>99,000000</FRAN_VENDITE>
    <GREC_VENDITE>265,000000</GREC_VENDITE>
    <MFTV_VENDITE>0,000000</MFTV_VENDITE>
    <PRGP_VENDITE>0,145000</PRGP_VENDITE>
    <ROSN_VENDITE>276,442000</ROSN_VENDITE>
    <SLOV_VENDITE>0,000000</SLOV_VENDITE>
    <SVIZ_VENDITE>2929,000000</SVIZ_VENDITE>
    <BSP_VENDITE>579,000000</BSP_VENDITE>
    <MALT_VENDITE>0,000000</MALT_VENDITE>
    <XAUS_VENDITE>261,000000</XAUS_VENDITE>
    <XFRA_VENDITE>2700,000000</XFRA_VENDITE>
    <TOTITABSP_VENDITE>26950,716</TOTITABSP_VENDITE>
    <TOTITABSP_ACQUISTI>29911,716</TOTITABSP_ACQUISTI>
  </Quantita>
  <Quantita>
    <Data>20180417</Data>
    <Mercato>MGP</Mercato>
    <Ora>8</Ora>
    <TOTALE_ACQUISTI>34781,791</TOTALE_ACQUISTI>
    <NAT_ACQUISTI>34781,791000</NAT_ACQUISTI>
    <CNOR_ACQUISTI>3683,425000</CNOR_ACQUISTI>
    <CSUD_ACQUISTI>4987,782000</CSUD_ACQUISTI>
    <NORD_ACQUISTI>20491,778000</NORD_ACQUISTI>
    <SARD_ACQUISTI>1015,900000</SARD_ACQUISTI>
    <SICI_ACQUISTI>1854,311000</SICI_ACQUISTI>
    <SUD_ACQUISTI>2492,595000</SUD_ACQUISTI>
    <AUST_ACQUISTI>0,000000</AUST_ACQUISTI>
    <BRNN_ACQUISTI>0,000000</BRNN_ACQUISTI>
    <COAC_ACQUISTI>51,000000</COAC_ACQUISTI>
    <CORS_ACQUISTI>29,000000</CORS_ACQUISTI>
    <FOGN_ACQUISTI>0,000000</FOGN_ACQUISTI>
    <FRAN_ACQUISTI>0,000000</FRAN_ACQUISTI>
    <GREC_ACQUISTI>10,000000</GREC_ACQUISTI>
    <MFTV_ACQUISTI>0,000000</MFTV_ACQUISTI>
    <PRGP_ACQUISTI>0,000000</PRGP_ACQUISTI>
    <ROSN_ACQUISTI>0,000000</ROSN_ACQUISTI>
    <SLOV_ACQUISTI>0,000000</SLOV_ACQUISTI>
    <SVIZ_ACQUISTI>0,000000</SVIZ_ACQUISTI>
    <BSP_ACQUISTI>0,000000</BSP_ACQUISTI>
    <MALT_ACQUISTI>166,000000</MALT_ACQUISTI>
    <XAUS_ACQUISTI>0,000000</XAUS_ACQUISTI>
    <XFRA_ACQUISTI>0,000000</XFRA_ACQUISTI>
    <TOTALE_VENDITE>30952,791</TOTALE_VENDITE>
    <NAT_VENDITE>34781,791000</NAT_VENDITE>
    <CNOR_VENDITE>2873,119000</CNOR_VENDITE>
    <CSUD_VENDITE>3180,633000</CSUD_VENDITE>
    <NORD_VENDITE>16504,624000</NORD_VENDITE>
    <SARD_VENDITE>577,124000</SARD_VENDITE>
    <SICI_VENDITE>920,208000</SICI_VENDITE>
    <SUD_VENDITE>1308,619000</SUD_VENDITE>
    <AUST_VENDITE>20,000000</AUST_VENDITE>
    <BRNN_VENDITE>874,764000</BRNN_VENDITE>
    <COAC_VENDITE>0,000000</COAC_VENDITE>
    <CORS_VENDITE>0,000000</CORS_VENDITE>
    <FOGN_VENDITE>480,791000</FOGN_VENDITE>
    <FRAN_VENDITE>99,000000</FRAN_VENDITE>
    <GREC_VENDITE>429,000000</GREC_VENDITE>
    <MFTV_VENDITE>0,000000</MFTV_VENDITE>
    <PRGP_VENDITE>1,333000</PRGP_VENDITE>
    <ROSN_VENDITE>515,576000</ROSN_VENDITE>
    <SLOV_VENDITE>0,000000</SLOV_VENDITE>
    <SVIZ_VENDITE>3168,000000</SVIZ_VENDITE>
    <BSP_VENDITE>686,000000</BSP_VENDITE>
    <MALT_VENDITE>0,000000</MALT_VENDITE>
    <XAUS_VENDITE>281,000000</XAUS_VENDITE>
    <XFRA_VENDITE>2862,000000</XFRA_VENDITE>
    <TOTITABSP_VENDITE>31638,791</TOTITABSP_VENDITE>
    <TOTITABSP_ACQUISTI>34781,791</TOTITABSP_ACQUISTI>
  </Quantita>
  <Quantita>
    <Data>20180417</Data>
    <Mercato>MGP</Mercato>
    <Ora>9</Ora>
    <TOTALE_ACQUISTI>39576,206</TOTALE_ACQUISTI>
    <NAT_ACQUISTI>39661,706000</NAT_ACQUISTI>
    <CNOR_ACQUISTI>4310,975000</CNOR_ACQUISTI>
    <CSUD_ACQUISTI>5673,171000</CSUD_ACQUISTI>
    <NORD_ACQUISTI>23450,541000</NORD_ACQUISTI>
    <SARD_ACQUISTI>1113,123000</SARD_ACQUISTI>
    <SICI_ACQUISTI>2075,769000</SICI_ACQUISTI>
    <SUD_ACQUISTI>2816,627000</SUD_ACQUISTI>
    <AUST_ACQUISTI>0,000000</AUST_ACQUISTI>
    <BRNN_ACQUISTI>0,000000</BRNN_ACQUISTI>
    <COAC_ACQUISTI>72,000000</COAC_ACQUISTI>
    <CORS_ACQUISTI>29,000000</CORS_ACQUISTI>
    <FOGN_ACQUISTI>0,000000</FOGN_ACQUISTI>
    <FRAN_ACQUISTI>0,000000</FRAN_ACQUISTI>
    <GREC_ACQUISTI>0,000000</GREC_ACQUISTI>
    <MFTV_ACQUISTI>0,000000</MFTV_ACQUISTI>
    <PRGP_ACQUISTI>0,000000</PRGP_ACQUISTI>
    <ROSN_ACQUISTI>0,000000</ROSN_ACQUISTI>
    <SLOV_ACQUISTI>0,000000</SLOV_ACQUISTI>
    <SVIZ_ACQUISTI>0,000000</SVIZ_ACQUISTI>
    <BSP_ACQUISTI>0,000000</BSP_ACQUISTI>
    <MALT_ACQUISTI>35,000000</MALT_ACQUISTI>
    <XAUS_ACQUISTI>0,000000</XAUS_ACQUISTI>
    <XFRA_ACQUISTI>0,000000</XFRA_ACQUISTI>
    <TOTALE_VENDITE>35747,206</TOTALE_VENDITE>
    <NAT_VENDITE>39661,706000</NAT_VENDITE>
    <CNOR_VENDITE>3050,608000</CNOR_VENDITE>
    <CSUD_VENDITE>3708,395000</CSUD_VENDITE>
    <NORD_VENDITE>18662,144000</NORD_VENDITE>
    <SARD_VENDITE>666,663000</SARD_VENDITE>
    <SICI_VENDITE>1394,746000</SICI_VENDITE>
    <SUD_VENDITE>1555,340000</SUD_VENDITE>
    <AUST_VENDITE>20,000000</AUST_VENDITE>
    <BRNN_VENDITE>936,655000</BRNN_VENDITE>
    <COAC_VENDITE>0,000000</COAC_VENDITE>
    <CORS_VENDITE>0,000000</CORS_VENDITE>
    <FOGN_VENDITE>749,998000</FOGN_VENDITE>
    <FRAN_VENDITE>99,000000</FRAN_VENDITE>
    <GREC_VENDITE>447,000000</GREC_VENDITE>
    <MFTV_VENDITE>0,000000</MFTV_VENDITE>
    <PRGP_VENDITE>616,023000</PRGP_VENDITE>
    <ROSN_VENDITE>647,634000</ROSN_VENDITE>
    <SLOV_VENDITE>0,000000</SLOV_VENDITE>
    <SVIZ_VENDITE>3193,000000</SVIZ_VENDITE>
    <BSP_VENDITE>686,000000</BSP_VENDITE>
    <MALT_VENDITE>0,000000</MALT_VENDITE>
    <XAUS_VENDITE>281,000000</XAUS_VENDITE>
    <XFRA_VENDITE>2862,000000</XFRA_VENDITE>
    <TOTITABSP_VENDITE>36433,206</TOTITABSP_VENDITE>
    <TOTITABSP_ACQUISTI>39576,206</TOTITABSP_ACQUISTI>
  </Quantita>
  <Quantita>
    <Data>20180417</Data>
    <Mercato>MGP</Mercato>
    <Ora>10</Ora>
    <TOTALE_ACQUISTI>40103,175</TOTALE_ACQUISTI>
    <NAT_ACQUISTI>40232,670000</NAT_ACQUISTI>
    <CNOR_ACQUISTI>4429,404000</CNOR_ACQUISTI>
    <CSUD_ACQUISTI>5857,926000</CSUD_ACQUISTI>
    <NORD_ACQUISTI>23710,674000</NORD_ACQUISTI>
    <SARD_ACQUISTI>1096,090000</SARD_ACQUISTI>
    <SICI_ACQUISTI>2107,366000</SICI_ACQUISTI>
    <SUD_ACQUISTI>2818,715000</SUD_ACQUISTI>
    <AUST_ACQUISTI>0,000000</AUST_ACQUISTI>
    <BRNN_ACQUISTI>0,000000</BRNN_ACQUISTI>
    <COAC_ACQUISTI>48,000000</COAC_ACQUISTI>
    <CORS_ACQUISTI>29,000000</CORS_ACQUISTI>
    <FOGN_ACQUISTI>0,000000</FOGN_ACQUISTI>
    <FRAN_ACQUISTI>0,000000</FRAN_ACQUISTI>
    <GREC_ACQUISTI>0,000000</GREC_ACQUISTI>
    <MFTV_ACQUISTI>0,000000</MFTV_ACQUISTI>
    <PRGP_ACQUISTI>0,000000</PRGP_ACQUISTI>
    <ROSN_ACQUISTI>0,000000</ROSN_ACQUISTI>
    <SLOV_ACQUISTI>0,000000</SLOV_ACQUISTI>
    <SVIZ_ACQUISTI>0,000000</SVIZ_ACQUISTI>
    <BSP_ACQUISTI>0,000000</BSP_ACQUISTI>
    <MALT_ACQUISTI>6,000000</MALT_ACQUISTI>
    <XAUS_ACQUISTI>0,000000</XAUS_ACQUISTI>
    <XFRA_ACQUISTI>0,000000</XFRA_ACQUISTI>
    <TOTALE_VENDITE>35901,175</TOTALE_VENDITE>
    <NAT_VENDITE>40232,670000</NAT_VENDITE>
    <CNOR_VENDITE>2872,726000</CNOR_VENDITE>
    <CSUD_VENDITE>4227,557000</CSUD_VENDITE>
    <NORD_VENDITE>18015,494000</NORD_VENDITE>
    <SARD_VENDITE>729,087000</SARD_VENDITE>
    <SICI_VENDITE>1430,887000</SICI_VENDITE>
    <SUD_VENDITE>1785,767000</SUD_VENDITE>
    <AUST_VENDITE>20,000000</AUST_VENDITE>
    <BRNN_VENDITE>965,271000</BRNN_VENDITE>
    <COAC_VENDITE>0,000000</COAC_VENDITE>
    <CORS_VENDITE>0,000000</CORS_VENDITE>
    <FOGN_VENDITE>686,723000</FOGN_VENDITE>
    <FRAN_VENDITE>99,000000</FRAN_VENDITE>
    <GREC_VENDITE>394,000000</GREC_VENDITE>
    <MFTV_VENDITE>0,000000</MFTV_VENDITE>
    <PRGP_VENDITE>582,479000</PRGP_VENDITE>
    <ROSN_VENDITE>614,184000</ROSN_VENDITE>
    <SLOV_VENDITE>0,000000</SLOV_VENDITE>
    <SVIZ_VENDITE>3478,000000</SVIZ_VENDITE>
    <BSP_VENDITE>754,000000</BSP_VENDITE>
    <MALT_VENDITE>0,000000</MALT_VENDITE>
    <XAUS_VENDITE>295,000000</XAUS_VENDITE>
    <XFRA_VENDITE>3153,000000</XFRA_VENDITE>
    <TOTITABSP_VENDITE>36655,175</TOTITABSP_VENDITE>
    <TOTITABSP_ACQUISTI>40103,175</TOTITABSP_ACQUISTI>
  </Quantita>
  <Quantita>
    <Data>20180417</Data>
    <Mercato>MGP</Mercato>
    <Ora>11</Ora>
    <TOTALE_ACQUISTI>39289,01</TOTALE_ACQUISTI>
    <NAT_ACQUISTI>39381,010000</NAT_ACQUISTI>
    <CNOR_ACQUISTI>4406,996000</CNOR_ACQUISTI>
    <CSUD_ACQUISTI>5824,582000</CSUD_ACQUISTI>
    <NORD_ACQUISTI>23091,733000</NORD_ACQUISTI>
    <SARD_ACQUISTI>1049,907000</SARD_ACQUISTI>
    <SICI_ACQUISTI>2038,655000</SICI_ACQUISTI>
    <SUD_ACQUISTI>2764,137000</SUD_ACQUISTI>
    <AUST_ACQUISTI>0,000000</AUST_ACQUISTI>
    <BRNN_ACQUISTI>0,000000</BRNN_ACQUISTI>
    <COAC_ACQUISTI>38,000000</COAC_ACQUISTI>
    <CORS_ACQUISTI>17,000000</CORS_ACQUISTI>
    <FOGN_ACQUISTI>0,000000</FOGN_ACQUISTI>
    <FRAN_ACQUISTI>0,000000</FRAN_ACQUISTI>
    <GREC_ACQUISTI>50,000000</GREC_ACQUISTI>
    <MFTV_ACQUISTI>0,000000</MFTV_ACQUISTI>
    <PRGP_ACQUISTI>0,000000</PRGP_ACQUISTI>
    <ROSN_ACQUISTI>0,000000</ROSN_ACQUISTI>
    <SLOV_ACQUISTI>0,000000</SLOV_ACQUISTI>
    <SVIZ_ACQUISTI>0,000000</SVIZ_ACQUISTI>
    <BSP_ACQUISTI>0,000000</BSP_ACQUISTI>
    <MALT_ACQUISTI>8,000000</MALT_ACQUISTI>
    <XAUS_ACQUISTI>0,000000</XAUS_ACQUISTI>
    <XFRA_ACQUISTI>0,000000</XFRA_ACQUISTI>
    <TOTALE_VENDITE>35087,01</TOTALE_VENDITE>
    <NAT_VENDITE>39381,010000</NAT_VENDITE>
    <CNOR_VENDITE>3009,824000</CNOR_VENDITE>
    <CSUD_VENDITE>3915,475000</CSUD_VENDITE>
    <NORD_VENDITE>17566,326000</NORD_VENDITE>
    <SARD_VENDITE>790,501000</SARD_VENDITE>
    <SICI_VENDITE>1505,796000</SICI_VENDITE>
    <SUD_VENDITE>2156,059000</SUD_VENDITE>
    <AUST_VENDITE>20,000000</AUST_VENDITE>
    <BRNN_VENDITE>964,197000</BRNN_VENDITE>
    <COAC_VENDITE>0,000000</COAC_VENDITE>
    <CORS_VENDITE>0,000000</CORS_VENDITE>
    <FOGN_VENDITE>378,306000</FOGN_VENDITE>
    <FRAN_VENDITE>99,000000</FRAN_VENDITE>
    <GREC_VENDITE>217,000000</GREC_VENDITE>
    <MFTV_VENDITE>0,000000</MFTV_VENDITE>
    <PRGP_VENDITE>440,859000</PRGP_VENDITE>
    <ROSN_VENDITE>533,667000</ROSN_VENDITE>
    <SLOV_VENDITE>0,000000</SLOV_VENDITE>
    <SVIZ_VENDITE>3490,000000</SVIZ_VENDITE>
    <BSP_VENDITE>754,000000</BSP_VENDITE>
    <MALT_VENDITE>0,000000</MALT_VENDITE>
    <XAUS_VENDITE>295,000000</XAUS_VENDITE>
    <XFRA_VENDITE>3153,000000</XFRA_VENDITE>
    <TOTITABSP_VENDITE>35841,01</TOTITABSP_VENDITE>
    <TOTITABSP_ACQUISTI>39289,01</TOTITABSP_ACQUISTI>
  </Quantita>
  <Quantita>
    <Data>20180417</Data>
    <Mercato>MGP</Mercato>
    <Ora>12</Ora>
    <TOTALE_ACQUISTI>38516,762</TOTALE_ACQUISTI>
    <NAT_ACQUISTI>38629,608000</NAT_ACQUISTI>
    <CNOR_ACQUISTI>4316,494000</CNOR_ACQUISTI>
    <CSUD_ACQUISTI>5745,983000</CSUD_ACQUISTI>
    <NORD_ACQUISTI>22644,919000</NORD_ACQUISTI>
    <SARD_ACQUISTI>1017,591000</SARD_ACQUISTI>
    <SICI_ACQUISTI>1998,615000</SICI_ACQUISTI>
    <SUD_ACQUISTI>2736,160000</SUD_ACQUISTI>
    <AUST_ACQUISTI>0,000000</AUST_ACQUISTI>
    <BRNN_ACQUISTI>0,000000</BRNN_ACQUISTI>
    <COAC_ACQUISTI>46,000000</COAC_ACQUISTI>
    <CORS_ACQUISTI>5,000000</CORS_ACQUISTI>
    <FOGN_ACQUISTI>0,000000</FOGN_ACQUISTI>
    <FRAN_ACQUISTI>0,000000</FRAN_ACQUISTI>
    <GREC_ACQUISTI>0,000000</GREC_ACQUISTI>
    <MFTV_ACQUISTI>0,000000</MFTV_ACQUISTI>
    <PRGP_ACQUISTI>0,000000</PRGP_ACQUISTI>
    <ROSN_ACQUISTI>0,000000</ROSN_ACQUISTI>
    <SLOV_ACQUISTI>0,000000</SLOV_ACQUISTI>
    <SVIZ_ACQUISTI>0,000000</SVIZ_ACQUISTI>
    <BSP_ACQUISTI>0,000000</BSP_ACQUISTI>
    <MALT_ACQUISTI>6,000000</MALT_ACQUISTI>
    <XAUS_ACQUISTI>0,000000</XAUS_ACQUISTI>
    <XFRA_ACQUISTI>0,000000</XFRA_ACQUISTI>
    <TOTALE_VENDITE>34314,762</TOTALE_VENDITE>
    <NAT_VENDITE>38629,608000</NAT_VENDITE>
    <CNOR_VENDITE>3094,771000</CNOR_VENDITE>
    <CSUD_VENDITE>3478,876000</CSUD_VENDITE>
    <NORD_VENDITE>17307,210000</NORD_VENDITE>
    <SARD_VENDITE>839,716000</SARD_VENDITE>
    <SICI_VENDITE>1548,398000</SICI_VENDITE>
    <SUD_VENDITE>2360,354000</SUD_VENDITE>
    <AUST_VENDITE>20,000000</AUST_VENDITE>
    <BRNN_VENDITE>863,396000</BRNN_VENDITE>
    <COAC_VENDITE>0,000000</COAC_VENDITE>
    <CORS_VENDITE>0,000000</CORS_VENDITE>
    <FOGN_VENDITE>321,516000</FOGN_VENDITE>
    <FRAN_VENDITE>99,000000</FRAN_VENDITE>
    <GREC_VENDITE>0,000000</GREC_VENDITE>
    <MFTV_VENDITE>0,000000</MFTV_VENDITE>
    <PRGP_VENDITE>356,217000</PRGP_VENDITE>
    <ROSN_VENDITE>535,308000</ROSN_VENDITE>
    <SLOV_VENDITE>0,000000</SLOV_VENDITE>
    <SVIZ_VENDITE>3490,000000</SVIZ_VENDITE>
    <BSP_VENDITE>754,000000</BSP_VENDITE>
    <MALT_VENDITE>0,000000</MALT_VENDITE>
    <XAUS_VENDITE>295,000000</XAUS_VENDITE>
    <XFRA_VENDITE>3153,000000</XFRA_VENDITE>
    <TOTITABSP_VENDITE>35068,762</TOTITABSP_VENDITE>
    <TOTITABSP_ACQUISTI>38516,762</TOTITABSP_ACQUISTI>
  </Quantita>
  <Quantita>
    <Data>20180417</Data>
    <Mercato>MGP</Mercato>
    <Ora>13</Ora>
    <TOTALE_ACQUISTI>36538,806</TOTALE_ACQUISTI>
    <NAT_ACQUISTI>36624,806000</NAT_ACQUISTI>
    <CNOR_ACQUISTI>4064,073000</CNOR_ACQUISTI>
    <CSUD_ACQUISTI>5668,923000</CSUD_ACQUISTI>
    <NORD_ACQUISTI>21023,596000</NORD_ACQUISTI>
    <SARD_ACQUISTI>1008,401000</SARD_ACQUISTI>
    <SICI_ACQUISTI>1980,148000</SICI_ACQUISTI>
    <SUD_ACQUISTI>2744,665000</SUD_ACQUISTI>
    <AUST_ACQUISTI>0,000000</AUST_ACQUISTI>
    <BRNN_ACQUISTI>0,000000</BRNN_ACQUISTI>
    <COAC_ACQUISTI>40,000000</COAC_ACQUISTI>
    <CORS_ACQUISTI>5,000000</CORS_ACQUISTI>
    <FOGN_ACQUISTI>0,000000</FOGN_ACQUISTI>
    <FRAN_ACQUISTI>0,000000</FRAN_ACQUISTI>
    <GREC_ACQUISTI>0,000000</GREC_ACQUISTI>
    <MFTV_ACQUISTI>0,000000</MFTV_ACQUISTI>
    <PRGP_ACQUISTI>0,000000</PRGP_ACQUISTI>
    <ROSN_ACQUISTI>0,000000</ROSN_ACQUISTI>
    <SLOV_ACQUISTI>0,000000</SLOV_ACQUISTI>
    <SVIZ_ACQUISTI>0,000000</SVIZ_ACQUISTI>
    <BSP_ACQUISTI>0,000000</BSP_ACQUISTI>
    <MALT_ACQUISTI>4,000000</MALT_ACQUISTI>
    <XAUS_ACQUISTI>0,000000</XAUS_ACQUISTI>
    <XFRA_ACQUISTI>0,000000</XFRA_ACQUISTI>
    <TOTALE_VENDITE>32535,806</TOTALE_VENDITE>
    <NAT_VENDITE>36624,806000</NAT_VENDITE>
    <CNOR_VENDITE>2945,300000</CNOR_VENDITE>
    <CSUD_VENDITE>2344,219000</CSUD_VENDITE>
    <NORD_VENDITE>16856,531000</NORD_VENDITE>
    <SARD_VENDITE>930,035000</SARD_VENDITE>
    <SICI_VENDITE>1578,308000</SICI_VENDITE>
    <SUD_VENDITE>2558,527000</SUD_VENDITE>
    <AUST_VENDITE>20,000000</AUST_VENDITE>
    <BRNN_VENDITE>702,203000</BRNN_VENDITE>
    <COAC_VENDITE>0,000000</COAC_VENDITE>
    <CORS_VENDITE>0,000000</CORS_VENDITE>
    <FOGN_VENDITE>324,372000</FOGN_VENDITE>
    <FRAN_VENDITE>99,000000</FRAN_VENDITE>
    <GREC_VENDITE>0,000000</GREC_VENDITE>
    <MFTV_VENDITE>0,000000</MFTV_VENDITE>
    <PRGP_VENDITE>305,840000</PRGP_VENDITE>
    <ROSN_VENDITE>536,471000</ROSN_VENDITE>
    <SLOV_VENDITE>0,000000</SLOV_VENDITE>
    <SVIZ_VENDITE>3335,000000</SVIZ_VENDITE>
    <BSP_VENDITE>717,000000</BSP_VENDITE>
    <MALT_VENDITE>0,000000</MALT_VENDITE>
    <XAUS_VENDITE>291,000000</XAUS_VENDITE>
    <XFRA_VENDITE>2995,000000</XFRA_VENDITE>
    <TOTITABSP_VENDITE>33252,806</TOTITABSP_VENDITE>
    <TOTITABSP_ACQUISTI>36538,806</TOTITABSP_ACQUISTI>
  </Quantita>
  <Quantita>
    <Data>20180417</Data>
    <Mercato>MGP</Mercato>
    <Ora>14</Ora>
    <TOTALE_ACQUISTI>36257,89</TOTALE_ACQUISTI>
    <NAT_ACQUISTI>36330,890000</NAT_ACQUISTI>
    <CNOR_ACQUISTI>3939,175000</CNOR_ACQUISTI>
    <CSUD_ACQUISTI>5482,009000</CSUD_ACQUISTI>
    <NORD_ACQUISTI>21295,840000</NORD_ACQUISTI>
    <SARD_ACQUISTI>974,565000</SARD_ACQUISTI>
    <SICI_ACQUISTI>1896,048000</SICI_ACQUISTI>
    <SUD_ACQUISTI>2627,253000</SUD_ACQUISTI>
    <AUST_ACQUISTI>0,000000</AUST_ACQUISTI>
    <BRNN_ACQUISTI>0,000000</BRNN_ACQUISTI>
    <COAC_ACQUISTI>38,000000</COAC_ACQUISTI>
    <CORS_ACQUISTI>5,000000</CORS_ACQUISTI>
    <FOGN_ACQUISTI>0,000000</FOGN_ACQUISTI>
    <FRAN_ACQUISTI>0,000000</FRAN_ACQUISTI>
    <GREC_ACQUISTI>0,000000</GREC_ACQUISTI>
    <MFTV_ACQUISTI>0,000000</MFTV_ACQUISTI>
    <PRGP_ACQUISTI>0,000000</PRGP_ACQUISTI>
    <ROSN_ACQUISTI>0,000000</ROSN_ACQUISTI>
    <SLOV_ACQUISTI>0,000000</SLOV_ACQUISTI>
    <SVIZ_ACQUISTI>0,000000</SVIZ_ACQUISTI>
    <BSP_ACQUISTI>0,000000</BSP_ACQUISTI>
    <MALT_ACQUISTI>0,000000</MALT_ACQUISTI>
    <XAUS_ACQUISTI>0,000000</XAUS_ACQUISTI>
    <XFRA_ACQUISTI>0,000000</XFRA_ACQUISTI>
    <TOTALE_VENDITE>32254,89</TOTALE_VENDITE>
    <NAT_VENDITE>36330,890000</NAT_VENDITE>
    <CNOR_VENDITE>3122,112000</CNOR_VENDITE>
    <CSUD_VENDITE>2358,082000</CSUD_VENDITE>
    <NORD_VENDITE>16461,029000</NORD_VENDITE>
    <SARD_VENDITE>952,465000</SARD_VENDITE>
    <SICI_VENDITE>1519,243000</SICI_VENDITE>
    <SUD_VENDITE>2546,317000</SUD_VENDITE>
    <AUST_VENDITE>20,000000</AUST_VENDITE>
    <BRNN_VENDITE>703,281000</BRNN_VENDITE>
    <COAC_VENDITE>0,000000</COAC_VENDITE>
    <CORS_VENDITE>0,000000</CORS_VENDITE>
    <FOGN_VENDITE>325,294000</FOGN_VENDITE>
    <FRAN_VENDITE>99,000000</FRAN_VENDITE>
    <GREC_VENDITE>0,000000</GREC_VENDITE>
    <MFTV_VENDITE>0,000000</MFTV_VENDITE>
    <PRGP_VENDITE>276,805000</PRGP_VENDITE>
    <ROSN_VENDITE>536,262000</ROSN_VENDITE>
    <SLOV_VENDITE>0,000000</SLOV_VENDITE>
    <SVIZ_VENDITE>3335,000000</SVIZ_VENDITE>
    <BSP_VENDITE>717,000000</BSP_VENDITE>
    <MALT_VENDITE>0,000000</MALT_VENDITE>
    <XAUS_VENDITE>291,000000</XAUS_VENDITE>
    <XFRA_VENDITE>2995,000000</XFRA_VENDITE>
    <TOTITABSP_VENDITE>32971,89</TOTITABSP_VENDITE>
    <TOTITABSP_ACQUISTI>36257,89</TOTITABSP_ACQUISTI>
  </Quantita>
  <Quantita>
    <Data>20180417</Data>
    <Mercato>MGP</Mercato>
    <Ora>15</Ora>
    <TOTALE_ACQUISTI>37178,952</TOTALE_ACQUISTI>
    <NAT_ACQUISTI>37238,952000</NAT_ACQUISTI>
    <CNOR_ACQUISTI>4115,049000</CNOR_ACQUISTI>
    <CSUD_ACQUISTI>5513,050000</CSUD_ACQUISTI>
    <NORD_ACQUISTI>22114,095000</NORD_ACQUISTI>
    <SARD_ACQUISTI>950,861000</SARD_ACQUISTI>
    <SICI_ACQUISTI>1881,138000</SICI_ACQUISTI>
    <SUD_ACQUISTI>2563,759000</SUD_ACQUISTI>
    <AUST_ACQUISTI>0,000000</AUST_ACQUISTI>
    <BRNN_ACQUISTI>0,000000</BRNN_ACQUISTI>
    <COAC_ACQUISTI>36,000000</COAC_ACQUISTI>
    <CORS_ACQUISTI>5,000000</CORS_ACQUISTI>
    <FOGN_ACQUISTI>0,000000</FOGN_ACQUISTI>
    <FRAN_ACQUISTI>0,000000</FRAN_ACQUISTI>
    <GREC_ACQUISTI>0,000000</GREC_ACQUISTI>
    <MFTV_ACQUISTI>0,000000</MFTV_ACQUISTI>
    <PRGP_ACQUISTI>0,000000</PRGP_ACQUISTI>
    <ROSN_ACQUISTI>0,000000</ROSN_ACQUISTI>
    <SLOV_ACQUISTI>0,000000</SLOV_ACQUISTI>
    <SVIZ_ACQUISTI>0,000000</SVIZ_ACQUISTI>
    <BSP_ACQUISTI>0,000000</BSP_ACQUISTI>
    <MALT_ACQUISTI>0,000000</MALT_ACQUISTI>
    <XAUS_ACQUISTI>0,000000</XAUS_ACQUISTI>
    <XFRA_ACQUISTI>0,000000</XFRA_ACQUISTI>
    <TOTALE_VENDITE>33175,952</TOTALE_VENDITE>
    <NAT_VENDITE>37238,952000</NAT_VENDITE>
    <CNOR_VENDITE>3099,949000</CNOR_VENDITE>
    <CSUD_VENDITE>3351,231000</CSUD_VENDITE>
    <NORD_VENDITE>16393,561000</NORD_VENDITE>
    <SARD_VENDITE>1020,131000</SARD_VENDITE>
    <SICI_VENDITE>1505,130000</SICI_VENDITE>
    <SUD_VENDITE>2467,802000</SUD_VENDITE>
    <AUST_VENDITE>20,000000</AUST_VENDITE>
    <BRNN_VENDITE>724,815000</BRNN_VENDITE>
    <COAC_VENDITE>0,000000</COAC_VENDITE>
    <CORS_VENDITE>0,000000</CORS_VENDITE>
    <FOGN_VENDITE>323,026000</FOGN_VENDITE>
    <FRAN_VENDITE>99,000000</FRAN_VENDITE>
    <GREC_VENDITE>0,000000</GREC_VENDITE>
    <MFTV_VENDITE>0,000000</MFTV_VENDITE>
    <PRGP_VENDITE>276,008000</PRGP_VENDITE>
    <ROSN_VENDITE>535,299000</ROSN_VENDITE>
    <SLOV_VENDITE>0,000000</SLOV_VENDITE>
    <SVIZ_VENDITE>3360,000000</SVIZ_VENDITE>
    <BSP_VENDITE>717,000000</BSP_VENDITE>
    <MALT_VENDITE>0,000000</MALT_VENDITE>
    <XAUS_VENDITE>291,000000</XAUS_VENDITE>
    <XFRA_VENDITE>2995,000000</XFRA_VENDITE>
    <TOTITABSP_VENDITE>33892,952</TOTITABSP_VENDITE>
    <TOTITABSP_ACQUISTI>37178,952</TOTITABSP_ACQUISTI>
  </Quantita>
  <Quantita>
    <Data>20180417</Data>
    <Mercato>MGP</Mercato>
    <Ora>16</Ora>
    <TOTALE_ACQUISTI>37873,142</TOTALE_ACQUISTI>
    <NAT_ACQUISTI>37873,142000</NAT_ACQUISTI>
    <CNOR_ACQUISTI>4244,161000</CNOR_ACQUISTI>
    <CSUD_ACQUISTI>5600,308000</CSUD_ACQUISTI>
    <NORD_ACQUISTI>22236,639000</NORD_ACQUISTI>
    <SARD_ACQUISTI>948,617000</SARD_ACQUISTI>
    <SICI_ACQUISTI>1897,686000</SICI_ACQUISTI>
    <SUD_ACQUISTI>2596,731000</SUD_ACQUISTI>
    <AUST_ACQUISTI>0,000000</AUST_ACQUISTI>
    <BRNN_ACQUISTI>0,000000</BRNN_ACQUISTI>
    <COAC_ACQUISTI>36,000000</COAC_ACQUISTI>
    <CORS_ACQUISTI>5,000000</CORS_ACQUISTI>
    <FOGN_ACQUISTI>0,000000</FOGN_ACQUISTI>
    <FRAN_ACQUISTI>0,000000</FRAN_ACQUISTI>
    <GREC_ACQUISTI>240,000000</GREC_ACQUISTI>
    <MFTV_ACQUISTI>0,000000</MFTV_ACQUISTI>
    <PRGP_ACQUISTI>0,000000</PRGP_ACQUISTI>
    <ROSN_ACQUISTI>0,000000</ROSN_ACQUISTI>
    <SLOV_ACQUISTI>0,000000</SLOV_ACQUISTI>
    <SVIZ_ACQUISTI>0,000000</SVIZ_ACQUISTI>
    <BSP_ACQUISTI>0,000000</BSP_ACQUISTI>
    <MALT_ACQUISTI>68,000000</MALT_ACQUISTI>
    <XAUS_ACQUISTI>0,000000</XAUS_ACQUISTI>
    <XFRA_ACQUISTI>0,000000</XFRA_ACQUISTI>
    <TOTALE_VENDITE>34139,142</TOTALE_VENDITE>
    <NAT_VENDITE>37873,142000</NAT_VENDITE>
    <CNOR_VENDITE>3047,672000</CNOR_VENDITE>
    <CSUD_VENDITE>4004,379000</CSUD_VENDITE>
    <NORD_VENDITE>16957,427000</NORD_VENDITE>
    <SARD_VENDITE>1019,811000</SARD_VENDITE>
    <SICI_VENDITE>1166,665000</SICI_VENDITE>
    <SUD_VENDITE>2317,308000</SUD_VENDITE>
    <AUST_VENDITE>20,000000</AUST_VENDITE>
    <BRNN_VENDITE>920,290000</BRNN_VENDITE>
    <COAC_VENDITE>0,000000</COAC_VENDITE>
    <CORS_VENDITE>0,000000</CORS_VENDITE>
    <FOGN_VENDITE>386,900000</FOGN_VENDITE>
    <FRAN_VENDITE>99,000000</FRAN_VENDITE>
    <GREC_VENDITE>234,000000</GREC_VENDITE>
    <MFTV_VENDITE>0,000000</MFTV_VENDITE>
    <PRGP_VENDITE>274,786000</PRGP_VENDITE>
    <ROSN_VENDITE>533,904000</ROSN_VENDITE>
    <SLOV_VENDITE>0,000000</SLOV_VENDITE>
    <SVIZ_VENDITE>3157,000000</SVIZ_VENDITE>
    <BSP_VENDITE>669,000000</BSP_VENDITE>
    <MALT_VENDITE>0,000000</MALT_VENDITE>
    <XAUS_VENDITE>276,000000</XAUS_VENDITE>
    <XFRA_VENDITE>2789,000000</XFRA_VENDITE>
    <TOTITABSP_VENDITE>34808,142</TOTITABSP_VENDITE>
    <TOTITABSP_ACQUISTI>37873,142</TOTITABSP_ACQUISTI>
  </Quantita>
  <Quantita>
    <Data>20180417</Data>
    <Mercato>MGP</Mercato>
    <Ora>17</Ora>
    <TOTALE_ACQUISTI>37805,048</TOTALE_ACQUISTI>
    <NAT_ACQUISTI>37805,048000</NAT_ACQUISTI>
    <CNOR_ACQUISTI>4242,644000</CNOR_ACQUISTI>
    <CSUD_ACQUISTI>5600,247000</CSUD_ACQUISTI>
    <NORD_ACQUISTI>22079,288000</NORD_ACQUISTI>
    <SARD_ACQUISTI>959,864000</SARD_ACQUISTI>
    <SICI_ACQUISTI>1953,491000</SICI_ACQUISTI>
    <SUD_ACQUISTI>2665,514000</SUD_ACQUISTI>
    <AUST_ACQUISTI>0,000000</AUST_ACQUISTI>
    <BRNN_ACQUISTI>0,000000</BRNN_ACQUISTI>
    <COAC_ACQUISTI>40,000000</COAC_ACQUISTI>
    <CORS_ACQUISTI>5,000000</CORS_ACQUISTI>
    <FOGN_ACQUISTI>0,000000</FOGN_ACQUISTI>
    <FRAN_ACQUISTI>0,000000</FRAN_ACQUISTI>
    <GREC_ACQUISTI>170,000000</GREC_ACQUISTI>
    <MFTV_ACQUISTI>0,000000</MFTV_ACQUISTI>
    <PRGP_ACQUISTI>0,000000</PRGP_ACQUISTI>
    <ROSN_ACQUISTI>0,000000</ROSN_ACQUISTI>
    <SLOV_ACQUISTI>0,000000</SLOV_ACQUISTI>
    <SVIZ_ACQUISTI>0,000000</SVIZ_ACQUISTI>
    <BSP_ACQUISTI>0,000000</BSP_ACQUISTI>
    <MALT_ACQUISTI>89,000000</MALT_ACQUISTI>
    <XAUS_ACQUISTI>0,000000</XAUS_ACQUISTI>
    <XFRA_ACQUISTI>0,000000</XFRA_ACQUISTI>
    <TOTALE_VENDITE>34071,048</TOTALE_VENDITE>
    <NAT_VENDITE>37805,048000</NAT_VENDITE>
    <CNOR_VENDITE>2947,638000</CNOR_VENDITE>
    <CSUD_VENDITE>4209,120000</CSUD_VENDITE>
    <NORD_VENDITE>16958,938000</NORD_VENDITE>
    <SARD_VENDITE>974,717000</SARD_VENDITE>
    <SICI_VENDITE>1095,886000</SICI_VENDITE>
    <SUD_VENDITE>2129,531000</SUD_VENDITE>
    <AUST_VENDITE>20,000000</AUST_VENDITE>
    <BRNN_VENDITE>965,362000</BRNN_VENDITE>
    <COAC_VENDITE>0,000000</COAC_VENDITE>
    <CORS_VENDITE>0,000000</CORS_VENDITE>
    <FOGN_VENDITE>383,252000</FOGN_VENDITE>
    <FRAN_VENDITE>99,000000</FRAN_VENDITE>
    <GREC_VENDITE>247,000000</GREC_VENDITE>
    <MFTV_VENDITE>0,000000</MFTV_VENDITE>
    <PRGP_VENDITE>273,403000</PRGP_VENDITE>
    <ROSN_VENDITE>610,201000</ROSN_VENDITE>
    <SLOV_VENDITE>0,000000</SLOV_VENDITE>
    <SVIZ_VENDITE>3157,000000</SVIZ_VENDITE>
    <BSP_VENDITE>669,000000</BSP_VENDITE>
    <MALT_VENDITE>0,000000</MALT_VENDITE>
    <XAUS_VENDITE>276,000000</XAUS_VENDITE>
    <XFRA_VENDITE>2789,000000</XFRA_VENDITE>
    <TOTITABSP_VENDITE>34740,048</TOTITABSP_VENDITE>
    <TOTITABSP_ACQUISTI>37805,048</TOTITABSP_ACQUISTI>
  </Quantita>
  <Quantita>
    <Data>20180417</Data>
    <Mercato>MGP</Mercato>
    <Ora>18</Ora>
    <TOTALE_ACQUISTI>37302,481</TOTALE_ACQUISTI>
    <NAT_ACQUISTI>37302,481000</NAT_ACQUISTI>
    <CNOR_ACQUISTI>4153,169000</CNOR_ACQUISTI>
    <CSUD_ACQUISTI>5650,684000</CSUD_ACQUISTI>
    <NORD_ACQUISTI>21571,691000</NORD_ACQUISTI>
    <SARD_ACQUISTI>1006,040000</SARD_ACQUISTI>
    <SICI_ACQUISTI>2001,064000</SICI_ACQUISTI>
    <SUD_ACQUISTI>2774,833000</SUD_ACQUISTI>
    <AUST_ACQUISTI>0,000000</AUST_ACQUISTI>
    <BRNN_ACQUISTI>0,000000</BRNN_ACQUISTI>
    <COAC_ACQUISTI>23,000000</COAC_ACQUISTI>
    <CORS_ACQUISTI>5,000000</CORS_ACQUISTI>
    <FOGN_ACQUISTI>0,000000</FOGN_ACQUISTI>
    <FRAN_ACQUISTI>0,000000</FRAN_ACQUISTI>
    <GREC_ACQUISTI>10,000000</GREC_ACQUISTI>
    <MFTV_ACQUISTI>0,000000</MFTV_ACQUISTI>
    <PRGP_ACQUISTI>0,000000</PRGP_ACQUISTI>
    <ROSN_ACQUISTI>0,000000</ROSN_ACQUISTI>
    <SLOV_ACQUISTI>0,000000</SLOV_ACQUISTI>
    <SVIZ_ACQUISTI>0,000000</SVIZ_ACQUISTI>
    <BSP_ACQUISTI>0,000000</BSP_ACQUISTI>
    <MALT_ACQUISTI>107,000000</MALT_ACQUISTI>
    <XAUS_ACQUISTI>0,000000</XAUS_ACQUISTI>
    <XFRA_ACQUISTI>0,000000</XFRA_ACQUISTI>
    <TOTALE_VENDITE>33568,481</TOTALE_VENDITE>
    <NAT_VENDITE>37302,481000</NAT_VENDITE>
    <CNOR_VENDITE>2778,134000</CNOR_VENDITE>
    <CSUD_VENDITE>3966,828000</CSUD_VENDITE>
    <NORD_VENDITE>17015,392000</NORD_VENDITE>
    <SARD_VENDITE>968,589000</SARD_VENDITE>
    <SICI_VENDITE>1042,642000</SICI_VENDITE>
    <SUD_VENDITE>1964,408000</SUD_VENDITE>
    <AUST_VENDITE>20,000000</AUST_VENDITE>
    <BRNN_VENDITE>966,827000</BRNN_VENDITE>
    <COAC_VENDITE>0,000000</COAC_VENDITE>
    <CORS_VENDITE>0,000000</CORS_VENDITE>
    <FOGN_VENDITE>513,350000</FOGN_VENDITE>
    <FRAN_VENDITE>99,000000</FRAN_VENDITE>
    <GREC_VENDITE>220,000000</GREC_VENDITE>
    <MFTV_VENDITE>0,000000</MFTV_VENDITE>
    <PRGP_VENDITE>272,018000</PRGP_VENDITE>
    <ROSN_VENDITE>609,293000</ROSN_VENDITE>
    <SLOV_VENDITE>0,000000</SLOV_VENDITE>
    <SVIZ_VENDITE>3132,000000</SVIZ_VENDITE>
    <BSP_VENDITE>669,000000</BSP_VENDITE>
    <MALT_VENDITE>0,000000</MALT_VENDITE>
    <XAUS_VENDITE>276,000000</XAUS_VENDITE>
    <XFRA_VENDITE>2789,000000</XFRA_VENDITE>
    <TOTITABSP_VENDITE>34237,481</TOTITABSP_VENDITE>
    <TOTITABSP_ACQUISTI>37302,481</TOTITABSP_ACQUISTI>
  </Quantita>
  <Quantita>
    <Data>20180417</Data>
    <Mercato>MGP</Mercato>
    <Ora>19</Ora>
    <TOTALE_ACQUISTI>37380,331</TOTALE_ACQUISTI>
    <NAT_ACQUISTI>37395,331000</NAT_ACQUISTI>
    <CNOR_ACQUISTI>4091,794000</CNOR_ACQUISTI>
    <CSUD_ACQUISTI>5701,155000</CSUD_ACQUISTI>
    <NORD_ACQUISTI>21417,916000</NORD_ACQUISTI>
    <SARD_ACQUISTI>1033,783000</SARD_ACQUISTI>
    <SICI_ACQUISTI>2097,490000</SICI_ACQUISTI>
    <SUD_ACQUISTI>2878,193000</SUD_ACQUISTI>
    <AUST_ACQUISTI>0,000000</AUST_ACQUISTI>
    <BRNN_ACQUISTI>0,000000</BRNN_ACQUISTI>
    <COAC_ACQUISTI>29,000000</COAC_ACQUISTI>
    <CORS_ACQUISTI>17,000000</CORS_ACQUISTI>
    <FOGN_ACQUISTI>0,000000</FOGN_ACQUISTI>
    <FRAN_ACQUISTI>0,000000</FRAN_ACQUISTI>
    <GREC_ACQUISTI>0,000000</GREC_ACQUISTI>
    <MFTV_ACQUISTI>0,000000</MFTV_ACQUISTI>
    <PRGP_ACQUISTI>0,000000</PRGP_ACQUISTI>
    <ROSN_ACQUISTI>0,000000</ROSN_ACQUISTI>
    <SLOV_ACQUISTI>0,000000</SLOV_ACQUISTI>
    <SVIZ_ACQUISTI>0,000000</SVIZ_ACQUISTI>
    <BSP_ACQUISTI>0,000000</BSP_ACQUISTI>
    <MALT_ACQUISTI>114,000000</MALT_ACQUISTI>
    <XAUS_ACQUISTI>0,000000</XAUS_ACQUISTI>
    <XFRA_ACQUISTI>0,000000</XFRA_ACQUISTI>
    <TOTALE_VENDITE>33725,331</TOTALE_VENDITE>
    <NAT_VENDITE>37395,331000</NAT_VENDITE>
    <CNOR_VENDITE>2708,170000</CNOR_VENDITE>
    <CSUD_VENDITE>4652,910000</CSUD_VENDITE>
    <NORD_VENDITE>16415,979000</NORD_VENDITE>
    <SARD_VENDITE>907,009000</SARD_VENDITE>
    <SICI_VENDITE>1081,728000</SICI_VENDITE>
    <SUD_VENDITE>1811,217000</SUD_VENDITE>
    <AUST_VENDITE>20,000000</AUST_VENDITE>
    <BRNN_VENDITE>975,670000</BRNN_VENDITE>
    <COAC_VENDITE>0,000000</COAC_VENDITE>
    <CORS_VENDITE>0,000000</CORS_VENDITE>
    <FOGN_VENDITE>950,397000</FOGN_VENDITE>
    <FRAN_VENDITE>99,000000</FRAN_VENDITE>
    <GREC_VENDITE>337,000000</GREC_VENDITE>
    <MFTV_VENDITE>0,000000</MFTV_VENDITE>
    <PRGP_VENDITE>29,762000</PRGP_VENDITE>
    <ROSN_VENDITE>687,489000</ROSN_VENDITE>
    <SLOV_VENDITE>0,000000</SLOV_VENDITE>
    <SVIZ_VENDITE>3049,000000</SVIZ_VENDITE>
    <BSP_VENDITE>655,000000</BSP_VENDITE>
    <MALT_VENDITE>0,000000</MALT_VENDITE>
    <XAUS_VENDITE>271,000000</XAUS_VENDITE>
    <XFRA_VENDITE>2729,000000</XFRA_VENDITE>
    <TOTITABSP_VENDITE>34380,331</TOTITABSP_VENDITE>
    <TOTITABSP_ACQUISTI>37380,331</TOTITABSP_ACQUISTI>
  </Quantita>
  <Quantita>
    <Data>20180417</Data>
    <Mercato>MGP</Mercato>
    <Ora>20</Ora>
    <TOTALE_ACQUISTI>37941,333</TOTALE_ACQUISTI>
    <NAT_ACQUISTI>38054,333000</NAT_ACQUISTI>
    <CNOR_ACQUISTI>4139,941000</CNOR_ACQUISTI>
    <CSUD_ACQUISTI>6063,475000</CSUD_ACQUISTI>
    <NORD_ACQUISTI>21267,421000</NORD_ACQUISTI>
    <SARD_ACQUISTI>1071,996000</SARD_ACQUISTI>
    <SICI_ACQUISTI>2223,605000</SICI_ACQUISTI>
    <SUD_ACQUISTI>3072,895000</SUD_ACQUISTI>
    <AUST_ACQUISTI>0,000000</AUST_ACQUISTI>
    <BRNN_ACQUISTI>0,000000</BRNN_ACQUISTI>
    <COAC_ACQUISTI>31,000000</COAC_ACQUISTI>
    <CORS_ACQUISTI>29,000000</CORS_ACQUISTI>
    <FOGN_ACQUISTI>0,000000</FOGN_ACQUISTI>
    <FRAN_ACQUISTI>0,000000</FRAN_ACQUISTI>
    <GREC_ACQUISTI>0,000000</GREC_ACQUISTI>
    <MFTV_ACQUISTI>0,000000</MFTV_ACQUISTI>
    <PRGP_ACQUISTI>0,000000</PRGP_ACQUISTI>
    <ROSN_ACQUISTI>0,000000</ROSN_ACQUISTI>
    <SLOV_ACQUISTI>0,000000</SLOV_ACQUISTI>
    <SVIZ_ACQUISTI>0,000000</SVIZ_ACQUISTI>
    <BSP_ACQUISTI>0,000000</BSP_ACQUISTI>
    <MALT_ACQUISTI>42,000000</MALT_ACQUISTI>
    <XAUS_ACQUISTI>0,000000</XAUS_ACQUISTI>
    <XFRA_ACQUISTI>0,000000</XFRA_ACQUISTI>
    <TOTALE_VENDITE>34286,333</TOTALE_VENDITE>
    <NAT_VENDITE>38054,333000</NAT_VENDITE>
    <CNOR_VENDITE>2875,472000</CNOR_VENDITE>
    <CSUD_VENDITE>4675,727000</CSUD_VENDITE>
    <NORD_VENDITE>16879,398000</NORD_VENDITE>
    <SARD_VENDITE>812,238000</SARD_VENDITE>
    <SICI_VENDITE>1093,528000</SICI_VENDITE>
    <SUD_VENDITE>1407,145000</SUD_VENDITE>
    <AUST_VENDITE>20,000000</AUST_VENDITE>
    <BRNN_VENDITE>980,206000</BRNN_VENDITE>
    <COAC_VENDITE>0,000000</COAC_VENDITE>
    <CORS_VENDITE>0,000000</CORS_VENDITE>
    <FOGN_VENDITE>745,028000</FOGN_VENDITE>
    <FRAN_VENDITE>99,000000</FRAN_VENDITE>
    <GREC_VENDITE>382,000000</GREC_VENDITE>
    <MFTV_VENDITE>0,000000</MFTV_VENDITE>
    <PRGP_VENDITE>72,077000</PRGP_VENDITE>
    <ROSN_VENDITE>1145,514000</ROSN_VENDITE>
    <SLOV_VENDITE>0,000000</SLOV_VENDITE>
    <SVIZ_VENDITE>3099,000000</SVIZ_VENDITE>
    <BSP_VENDITE>655,000000</BSP_VENDITE>
    <MALT_VENDITE>0,000000</MALT_VENDITE>
    <XAUS_VENDITE>271,000000</XAUS_VENDITE>
    <XFRA_VENDITE>2729,000000</XFRA_VENDITE>
    <TOTITABSP_VENDITE>34941,333</TOTITABSP_VENDITE>
    <TOTITABSP_ACQUISTI>37941,333</TOTITABSP_ACQUISTI>
  </Quantita>
  <Quantita>
    <Data>20180417</Data>
    <Mercato>MGP</Mercato>
    <Ora>21</Ora>
    <TOTALE_ACQUISTI>39275,638</TOTALE_ACQUISTI>
    <NAT_ACQUISTI>39376,437000</NAT_ACQUISTI>
    <CNOR_ACQUISTI>4219,876000</CNOR_ACQUISTI>
    <CSUD_ACQUISTI>6392,115000</CSUD_ACQUISTI>
    <NORD_ACQUISTI>21658,229000</NORD_ACQUISTI>
    <SARD_ACQUISTI>1174,978000</SARD_ACQUISTI>
    <SICI_ACQUISTI>2405,904000</SICI_ACQUISTI>
    <SUD_ACQUISTI>3310,536000</SUD_ACQUISTI>
    <AUST_ACQUISTI>0,000000</AUST_ACQUISTI>
    <BRNN_ACQUISTI>0,000000</BRNN_ACQUISTI>
    <COAC_ACQUISTI>43,000000</COAC_ACQUISTI>
    <CORS_ACQUISTI>29,000000</CORS_ACQUISTI>
    <FOGN_ACQUISTI>0,000000</FOGN_ACQUISTI>
    <FRAN_ACQUISTI>0,000000</FRAN_ACQUISTI>
    <GREC_ACQUISTI>0,000000</GREC_ACQUISTI>
    <MFTV_ACQUISTI>0,000000</MFTV_ACQUISTI>
    <PRGP_ACQUISTI>0,000000</PRGP_ACQUISTI>
    <ROSN_ACQUISTI>0,000000</ROSN_ACQUISTI>
    <SLOV_ACQUISTI>0,000000</SLOV_ACQUISTI>
    <SVIZ_ACQUISTI>0,000000</SVIZ_ACQUISTI>
    <BSP_ACQUISTI>0,000000</BSP_ACQUISTI>
    <MALT_ACQUISTI>42,000000</MALT_ACQUISTI>
    <XAUS_ACQUISTI>0,000000</XAUS_ACQUISTI>
    <XFRA_ACQUISTI>0,000000</XFRA_ACQUISTI>
    <TOTALE_VENDITE>35620,638</TOTALE_VENDITE>
    <NAT_VENDITE>39376,437000</NAT_VENDITE>
    <CNOR_VENDITE>2924,058000</CNOR_VENDITE>
    <CSUD_VENDITE>4585,600000</CSUD_VENDITE>
    <NORD_VENDITE>17738,118000</NORD_VENDITE>
    <SARD_VENDITE>786,859000</SARD_VENDITE>
    <SICI_VENDITE>1084,515000</SICI_VENDITE>
    <SUD_VENDITE>1549,054000</SUD_VENDITE>
    <AUST_VENDITE>20,000000</AUST_VENDITE>
    <BRNN_VENDITE>985,827000</BRNN_VENDITE>
    <COAC_VENDITE>0,000000</COAC_VENDITE>
    <CORS_VENDITE>0,000000</CORS_VENDITE>
    <FOGN_VENDITE>965,181000</FOGN_VENDITE>
    <FRAN_VENDITE>99,000000</FRAN_VENDITE>
    <GREC_VENDITE>365,000000</GREC_VENDITE>
    <MFTV_VENDITE>0,000000</MFTV_VENDITE>
    <PRGP_VENDITE>263,389000</PRGP_VENDITE>
    <ROSN_VENDITE>1155,037000</ROSN_VENDITE>
    <SLOV_VENDITE>0,000000</SLOV_VENDITE>
    <SVIZ_VENDITE>3099,000000</SVIZ_VENDITE>
    <BSP_VENDITE>655,000000</BSP_VENDITE>
    <MALT_VENDITE>0,000000</MALT_VENDITE>
    <XAUS_VENDITE>271,000000</XAUS_VENDITE>
    <XFRA_VENDITE>2729,000000</XFRA_VENDITE>
    <TOTITABSP_VENDITE>36275,638</TOTITABSP_VENDITE>
    <TOTITABSP_ACQUISTI>39275,638</TOTITABSP_ACQUISTI>
  </Quantita>
  <Quantita>
    <Data>20180417</Data>
    <Mercato>MGP</Mercato>
    <Ora>22</Ora>
    <TOTALE_ACQUISTI>36826,875</TOTALE_ACQUISTI>
    <NAT_ACQUISTI>36939,875000</NAT_ACQUISTI>
    <CNOR_ACQUISTI>3962,059000</CNOR_ACQUISTI>
    <CSUD_ACQUISTI>5941,827000</CSUD_ACQUISTI>
    <NORD_ACQUISTI>20390,715000</NORD_ACQUISTI>
    <SARD_ACQUISTI>1107,655000</SARD_ACQUISTI>
    <SICI_ACQUISTI>2274,255000</SICI_ACQUISTI>
    <SUD_ACQUISTI>3056,364000</SUD_ACQUISTI>
    <AUST_ACQUISTI>0,000000</AUST_ACQUISTI>
    <BRNN_ACQUISTI>0,000000</BRNN_ACQUISTI>
    <COAC_ACQUISTI>51,000000</COAC_ACQUISTI>
    <CORS_ACQUISTI>29,000000</CORS_ACQUISTI>
    <FOGN_ACQUISTI>0,000000</FOGN_ACQUISTI>
    <FRAN_ACQUISTI>0,000000</FRAN_ACQUISTI>
    <GREC_ACQUISTI>0,000000</GREC_ACQUISTI>
    <MFTV_ACQUISTI>0,000000</MFTV_ACQUISTI>
    <PRGP_ACQUISTI>0,000000</PRGP_ACQUISTI>
    <ROSN_ACQUISTI>0,000000</ROSN_ACQUISTI>
    <SLOV_ACQUISTI>0,000000</SLOV_ACQUISTI>
    <SVIZ_ACQUISTI>0,000000</SVIZ_ACQUISTI>
    <BSP_ACQUISTI>0,000000</BSP_ACQUISTI>
    <MALT_ACQUISTI>14,000000</MALT_ACQUISTI>
    <XAUS_ACQUISTI>0,000000</XAUS_ACQUISTI>
    <XFRA_ACQUISTI>0,000000</XFRA_ACQUISTI>
    <TOTALE_VENDITE>33548,875</TOTALE_VENDITE>
    <NAT_VENDITE>36939,875000</NAT_VENDITE>
    <CNOR_VENDITE>2832,918000</CNOR_VENDITE>
    <CSUD_VENDITE>4623,060000</CSUD_VENDITE>
    <NORD_VENDITE>16446,475000</NORD_VENDITE>
    <SARD_VENDITE>782,303000</SARD_VENDITE>
    <SICI_VENDITE>1092,220000</SICI_VENDITE>
    <SUD_VENDITE>1403,305000</SUD_VENDITE>
    <AUST_VENDITE>20,000000</AUST_VENDITE>
    <BRNN_VENDITE>991,953000</BRNN_VENDITE>
    <COAC_VENDITE>0,000000</COAC_VENDITE>
    <CORS_VENDITE>0,000000</CORS_VENDITE>
    <FOGN_VENDITE>766,288000</FOGN_VENDITE>
    <FRAN_VENDITE>99,000000</FRAN_VENDITE>
    <GREC_VENDITE>427,000000</GREC_VENDITE>
    <MFTV_VENDITE>0,000000</MFTV_VENDITE>
    <PRGP_VENDITE>96,035000</PRGP_VENDITE>
    <ROSN_VENDITE>1152,318000</ROSN_VENDITE>
    <SLOV_VENDITE>0,000000</SLOV_VENDITE>
    <SVIZ_VENDITE>2816,000000</SVIZ_VENDITE>
    <BSP_VENDITE>588,000000</BSP_VENDITE>
    <MALT_VENDITE>0,000000</MALT_VENDITE>
    <XAUS_VENDITE>250,000000</XAUS_VENDITE>
    <XFRA_VENDITE>2440,000000</XFRA_VENDITE>
    <TOTITABSP_VENDITE>34136,875</TOTITABSP_VENDITE>
    <TOTITABSP_ACQUISTI>36826,875</TOTITABSP_ACQUISTI>
  </Quantita>
  <Quantita>
    <Data>20180417</Data>
    <Mercato>MGP</Mercato>
    <Ora>23</Ora>
    <TOTALE_ACQUISTI>33180,53</TOTALE_ACQUISTI>
    <NAT_ACQUISTI>33203,055000</NAT_ACQUISTI>
    <CNOR_ACQUISTI>3560,159000</CNOR_ACQUISTI>
    <CSUD_ACQUISTI>5337,704000</CSUD_ACQUISTI>
    <NORD_ACQUISTI>18281,554000</NORD_ACQUISTI>
    <SARD_ACQUISTI>1026,067000</SARD_ACQUISTI>
    <SICI_ACQUISTI>2056,104000</SICI_ACQUISTI>
    <SUD_ACQUISTI>2744,467000</SUD_ACQUISTI>
    <AUST_ACQUISTI>0,000000</AUST_ACQUISTI>
    <BRNN_ACQUISTI>0,000000</BRNN_ACQUISTI>
    <COAC_ACQUISTI>62,000000</COAC_ACQUISTI>
    <CORS_ACQUISTI>29,000000</CORS_ACQUISTI>
    <FOGN_ACQUISTI>0,000000</FOGN_ACQUISTI>
    <FRAN_ACQUISTI>0,000000</FRAN_ACQUISTI>
    <GREC_ACQUISTI>10,000000</GREC_ACQUISTI>
    <MFTV_ACQUISTI>0,000000</MFTV_ACQUISTI>
    <PRGP_ACQUISTI>0,000000</PRGP_ACQUISTI>
    <ROSN_ACQUISTI>0,000000</ROSN_ACQUISTI>
    <SLOV_ACQUISTI>0,000000</SLOV_ACQUISTI>
    <SVIZ_ACQUISTI>0,000000</SVIZ_ACQUISTI>
    <BSP_ACQUISTI>0,000000</BSP_ACQUISTI>
    <MALT_ACQUISTI>73,475000</MALT_ACQUISTI>
    <XAUS_ACQUISTI>0,000000</XAUS_ACQUISTI>
    <XFRA_ACQUISTI>0,000000</XFRA_ACQUISTI>
    <TOTALE_VENDITE>29902,53</TOTALE_VENDITE>
    <NAT_VENDITE>33203,055000</NAT_VENDITE>
    <CNOR_VENDITE>2403,140000</CNOR_VENDITE>
    <CSUD_VENDITE>4152,970000</CSUD_VENDITE>
    <NORD_VENDITE>14489,386000</NORD_VENDITE>
    <SARD_VENDITE>748,312000</SARD_VENDITE>
    <SICI_VENDITE>957,579000</SICI_VENDITE>
    <SUD_VENDITE>1446,547000</SUD_VENDITE>
    <AUST_VENDITE>20,000000</AUST_VENDITE>
    <BRNN_VENDITE>895,982000</BRNN_VENDITE>
    <COAC_VENDITE>0,000000</COAC_VENDITE>
    <CORS_VENDITE>0,000000</CORS_VENDITE>
    <FOGN_VENDITE>764,873000</FOGN_VENDITE>
    <FRAN_VENDITE>99,000000</FRAN_VENDITE>
    <GREC_VENDITE>292,000000</GREC_VENDITE>
    <MFTV_VENDITE>0,000000</MFTV_VENDITE>
    <PRGP_VENDITE>72,000000</PRGP_VENDITE>
    <ROSN_VENDITE>769,741000</ROSN_VENDITE>
    <SLOV_VENDITE>0,000000</SLOV_VENDITE>
    <SVIZ_VENDITE>2791,000000</SVIZ_VENDITE>
    <BSP_VENDITE>588,000000</BSP_VENDITE>
    <MALT_VENDITE>0,000000</MALT_VENDITE>
    <XAUS_VENDITE>250,000000</XAUS_VENDITE>
    <XFRA_VENDITE>2440,000000</XFRA_VENDITE>
    <TOTITABSP_VENDITE>30490,53</TOTITABSP_VENDITE>
    <TOTITABSP_ACQUISTI>33180,53</TOTITABSP_ACQUISTI>
  </Quantita>
  <Quantita>
    <Data>20180417</Data>
    <Mercato>MGP</Mercato>
    <Ora>24</Ora>
    <TOTALE_ACQUISTI>29859,651</TOTALE_ACQUISTI>
    <NAT_ACQUISTI>29869,240000</NAT_ACQUISTI>
    <CNOR_ACQUISTI>3166,911000</CNOR_ACQUISTI>
    <CSUD_ACQUISTI>4691,703000</CSUD_ACQUISTI>
    <NORD_ACQUISTI>16595,471000</NORD_ACQUISTI>
    <SARD_ACQUISTI>929,716000</SARD_ACQUISTI>
    <SICI_ACQUISTI>1810,564000</SICI_ACQUISTI>
    <SUD_ACQUISTI>2399,286000</SUD_ACQUISTI>
    <AUST_ACQUISTI>0,000000</AUST_ACQUISTI>
    <BRNN_ACQUISTI>0,000000</BRNN_ACQUISTI>
    <COAC_ACQUISTI>65,000000</COAC_ACQUISTI>
    <CORS_ACQUISTI>29,000000</CORS_ACQUISTI>
    <FOGN_ACQUISTI>0,000000</FOGN_ACQUISTI>
    <FRAN_ACQUISTI>0,000000</FRAN_ACQUISTI>
    <GREC_ACQUISTI>108,000000</GREC_ACQUISTI>
    <MFTV_ACQUISTI>0,000000</MFTV_ACQUISTI>
    <PRGP_ACQUISTI>0,000000</PRGP_ACQUISTI>
    <ROSN_ACQUISTI>0,000000</ROSN_ACQUISTI>
    <SLOV_ACQUISTI>0,000000</SLOV_ACQUISTI>
    <SVIZ_ACQUISTI>0,000000</SVIZ_ACQUISTI>
    <BSP_ACQUISTI>0,000000</BSP_ACQUISTI>
    <MALT_ACQUISTI>64,000000</MALT_ACQUISTI>
    <XAUS_ACQUISTI>0,000000</XAUS_ACQUISTI>
    <XFRA_ACQUISTI>0,000000</XFRA_ACQUISTI>
    <TOTALE_VENDITE>26525,651</TOTALE_VENDITE>
    <NAT_VENDITE>29869,240000</NAT_VENDITE>
    <CNOR_VENDITE>2411,049000</CNOR_VENDITE>
    <CSUD_VENDITE>2618,433000</CSUD_VENDITE>
    <NORD_VENDITE>13579,333000</NORD_VENDITE>
    <SARD_VENDITE>726,547000</SARD_VENDITE>
    <SICI_VENDITE>774,564000</SICI_VENDITE>
    <SUD_VENDITE>1630,328000</SUD_VENDITE>
    <AUST_VENDITE>20,000000</AUST_VENDITE>
    <BRNN_VENDITE>837,543000</BRNN_VENDITE>
    <COAC_VENDITE>0,000000</COAC_VENDITE>
    <CORS_VENDITE>0,000000</CORS_VENDITE>
    <FOGN_VENDITE>330,594000</FOGN_VENDITE>
    <FRAN_VENDITE>99,000000</FRAN_VENDITE>
    <GREC_VENDITE>265,000000</GREC_VENDITE>
    <MFTV_VENDITE>0,000000</MFTV_VENDITE>
    <PRGP_VENDITE>0,000000</PRGP_VENDITE>
    <ROSN_VENDITE>514,260000</ROSN_VENDITE>
    <SLOV_VENDITE>0,000000</SLOV_VENDITE>
    <SVIZ_VENDITE>2719,000000</SVIZ_VENDITE>
    <BSP_VENDITE>546,000000</BSP_VENDITE>
    <MALT_VENDITE>0,000000</MALT_VENDITE>
    <XAUS_VENDITE>249,000000</XAUS_VENDITE>
    <XFRA_VENDITE>2539,000000</XFRA_VENDITE>
    <TOTITABSP_VENDITE>27071,651</TOTITABSP_VENDITE>
    <TOTITABSP_ACQUISTI>29859,651</TOTITABSP_ACQUISTI>
  </Quantita>
</NewDataSet>