<?xml version="1.0" standalone="yes"?>
<NewDataSet>
  <xs:schema id="NewDataSet" xmlns="" xmlns:xs="http://www.w3.org/2001/XMLSchema" xmlns:msdata="urn:schemas-microsoft-com:xml-msdata">
    <xs:element name="NewDataSet" msdata:IsDataSet="true" msdata:UseCurrentLocale="true">
      <xs:complexType>
        <xs:choice minOccurs="0" maxOccurs="unbounded">
          <xs:element name="Quantita">
            <xs:complexType>
              <xs:sequence>
                <xs:element name="Data" type="xs:string" minOccurs="0" />
                <xs:element name="Mercato" type="xs:string" minOccurs="0" />
                <xs:element name="Ora" type="xs:string" minOccurs="0" />
                <xs:element name="TOTALE_ACQUISTI" type="xs:string" minOccurs="0" />
                <xs:element name="NAT_ACQUISTI" type="xs:string" minOccurs="0" />
                <xs:element name="CNOR_ACQUISTI" type="xs:string" minOccurs="0" />
                <xs:element name="CSUD_ACQUISTI" type="xs:string" minOccurs="0" />
                <xs:element name="NORD_ACQUISTI" type="xs:string" minOccurs="0" />
                <xs:element name="SARD_ACQUISTI" type="xs:string" minOccurs="0" />
                <xs:element name="SICI_ACQUISTI" type="xs:string" minOccurs="0" />
                <xs:element name="SUD_ACQUISTI" type="xs:string" minOccurs="0" />
                <xs:element name="AUST_ACQUISTI" type="xs:string" minOccurs="0" />
                <xs:element name="BRNN_ACQUISTI" type="xs:string" minOccurs="0" />
                <xs:element name="COAC_ACQUISTI" type="xs:string" minOccurs="0" />
                <xs:element name="CORS_ACQUISTI" type="xs:string" minOccurs="0" />
                <xs:element name="FOGN_ACQUISTI" type="xs:string" minOccurs="0" />
                <xs:element name="FRAN_ACQUISTI" type="xs:string" minOccurs="0" />
                <xs:element name="GREC_ACQUISTI" type="xs:string" minOccurs="0" />
                <xs:element name="MFTV_ACQUISTI" type="xs:string" minOccurs="0" />
                <xs:element name="PRGP_ACQUISTI" type="xs:string" minOccurs="0" />
                <xs:element name="ROSN_ACQUISTI" type="xs:string" minOccurs="0" />
                <xs:element name="SLOV_ACQUISTI" type="xs:string" minOccurs="0" />
                <xs:element name="SVIZ_ACQUISTI" type="xs:string" minOccurs="0" />
                <xs:element name="BSP_ACQUISTI" type="xs:string" minOccurs="0" />
                <xs:element name="MALT_ACQUISTI" type="xs:string" minOccurs="0" />
                <xs:element name="XAUS_ACQUISTI" type="xs:string" minOccurs="0" />
                <xs:element name="XFRA_ACQUISTI" type="xs:string" minOccurs="0" />
                <xs:element name="TOTALE_VENDITE" type="xs:string" minOccurs="0" />
                <xs:element name="NAT_VENDITE" type="xs:string" minOccurs="0" />
                <xs:element name="CNOR_VENDITE" type="xs:string" minOccurs="0" />
                <xs:element name="CSUD_VENDITE" type="xs:string" minOccurs="0" />
                <xs:element name="NORD_VENDITE" type="xs:string" minOccurs="0" />
                <xs:element name="SARD_VENDITE" type="xs:string" minOccurs="0" />
                <xs:element name="SICI_VENDITE" type="xs:string" minOccurs="0" />
                <xs:element name="SUD_VENDITE" type="xs:string" minOccurs="0" />
                <xs:element name="AUST_VENDITE" type="xs:string" minOccurs="0" />
                <xs:element name="BRNN_VENDITE" type="xs:string" minOccurs="0" />
                <xs:element name="COAC_VENDITE" type="xs:string" minOccurs="0" />
                <xs:element name="CORS_VENDITE" type="xs:string" minOccurs="0" />
                <xs:element name="FOGN_VENDITE" type="xs:string" minOccurs="0" />
                <xs:element name="FRAN_VENDITE" type="xs:string" minOccurs="0" />
                <xs:element name="GREC_VENDITE" type="xs:string" minOccurs="0" />
                <xs:element name="MFTV_VENDITE" type="xs:string" minOccurs="0" />
                <xs:element name="PRGP_VENDITE" type="xs:string" minOccurs="0" />
                <xs:element name="ROSN_VENDITE" type="xs:string" minOccurs="0" />
                <xs:element name="SLOV_VENDITE" type="xs:string" minOccurs="0" />
                <xs:element name="SVIZ_VENDITE" type="xs:string" minOccurs="0" />
                <xs:element name="BSP_VENDITE" type="xs:string" minOccurs="0" />
                <xs:element name="MALT_VENDITE" type="xs:string" minOccurs="0" />
                <xs:element name="XAUS_VENDITE" type="xs:string" minOccurs="0" />
                <xs:element name="XFRA_VENDITE" type="xs:string" minOccurs="0" />
                <xs:element name="TOTITABSP_VENDITE" msdata:ReadOnly="true" msdata:Expression="Convert(TOTALE_VENDITE, System.Double) + Convert(BSP_VENDITE,System.Double)" type="xs:string" minOccurs="0" />
                <xs:element name="TOTITABSP_ACQUISTI" msdata:ReadOnly="true" msdata:Expression="Convert(TOTALE_ACQUISTI, System.Double) + Convert(BSP_ACQUISTI, System.Double)" type="xs:string" minOccurs="0" />
              </xs:sequence>
            </xs:complexType>
          </xs:element>
        </xs:choice>
      </xs:complexType>
    </xs:element>
  </xs:schema>
  <Quantita>
    <Data>20180411</Data>
    <Mercato>MGP</Mercato>
    <Ora>1</Ora>
    <TOTALE_ACQUISTI>27774,316</TOTALE_ACQUISTI>
    <NAT_ACQUISTI>27774,316000</NAT_ACQUISTI>
    <CNOR_ACQUISTI>2904,389000</CNOR_ACQUISTI>
    <CSUD_ACQUISTI>4235,414000</CSUD_ACQUISTI>
    <NORD_ACQUISTI>15652,440000</NORD_ACQUISTI>
    <SARD_ACQUISTI>864,199000</SARD_ACQUISTI>
    <SICI_ACQUISTI>1623,591000</SICI_ACQUISTI>
    <SUD_ACQUISTI>2188,283000</SUD_ACQUISTI>
    <AUST_ACQUISTI>0,000000</AUST_ACQUISTI>
    <BRNN_ACQUISTI>0,000000</BRNN_ACQUISTI>
    <COAC_ACQUISTI>43,000000</COAC_ACQUISTI>
    <CORS_ACQUISTI>17,000000</CORS_ACQUISTI>
    <FOGN_ACQUISTI>0,000000</FOGN_ACQUISTI>
    <FRAN_ACQUISTI>0,000000</FRAN_ACQUISTI>
    <GREC_ACQUISTI>130,000000</GREC_ACQUISTI>
    <MFTV_ACQUISTI>0,000000</MFTV_ACQUISTI>
    <PRGP_ACQUISTI>0,000000</PRGP_ACQUISTI>
    <ROSN_ACQUISTI>0,000000</ROSN_ACQUISTI>
    <SLOV_ACQUISTI>0,000000</SLOV_ACQUISTI>
    <SVIZ_ACQUISTI>0,000000</SVIZ_ACQUISTI>
    <BSP_ACQUISTI>0,000000</BSP_ACQUISTI>
    <MALT_ACQUISTI>116,000000</MALT_ACQUISTI>
    <XAUS_ACQUISTI>0,000000</XAUS_ACQUISTI>
    <XFRA_ACQUISTI>0,000000</XFRA_ACQUISTI>
    <TOTALE_VENDITE>24766,316</TOTALE_VENDITE>
    <NAT_VENDITE>27774,316000</NAT_VENDITE>
    <CNOR_VENDITE>2493,584000</CNOR_VENDITE>
    <CSUD_VENDITE>2014,627000</CSUD_VENDITE>
    <NORD_VENDITE>12654,990000</NORD_VENDITE>
    <SARD_VENDITE>769,369000</SARD_VENDITE>
    <SICI_VENDITE>967,290000</SICI_VENDITE>
    <SUD_VENDITE>975,595000</SUD_VENDITE>
    <AUST_VENDITE>20,000000</AUST_VENDITE>
    <BRNN_VENDITE>1440,479000</BRNN_VENDITE>
    <COAC_VENDITE>0,000000</COAC_VENDITE>
    <CORS_VENDITE>0,000000</CORS_VENDITE>
    <FOGN_VENDITE>0,439000</FOGN_VENDITE>
    <FRAN_VENDITE>97,000000</FRAN_VENDITE>
    <GREC_VENDITE>454,000000</GREC_VENDITE>
    <MFTV_VENDITE>0,000000</MFTV_VENDITE>
    <PRGP_VENDITE>0,000000</PRGP_VENDITE>
    <ROSN_VENDITE>788,943000</ROSN_VENDITE>
    <SLOV_VENDITE>0,000000</SLOV_VENDITE>
    <SVIZ_VENDITE>2090,000000</SVIZ_VENDITE>
    <BSP_VENDITE>493,000000</BSP_VENDITE>
    <MALT_VENDITE>0,000000</MALT_VENDITE>
    <XAUS_VENDITE>231,000000</XAUS_VENDITE>
    <XFRA_VENDITE>2284,000000</XFRA_VENDITE>
    <TOTITABSP_VENDITE>25259,316</TOTITABSP_VENDITE>
    <TOTITABSP_ACQUISTI>27774,316</TOTITABSP_ACQUISTI>
  </Quantita>
  <Quantita>
    <Data>20180411</Data>
    <Mercato>MGP</Mercato>
    <Ora>2</Ora>
    <TOTALE_ACQUISTI>26242,902</TOTALE_ACQUISTI>
    <NAT_ACQUISTI>26242,902000</NAT_ACQUISTI>
    <CNOR_ACQUISTI>2759,631000</CNOR_ACQUISTI>
    <CSUD_ACQUISTI>3883,297000</CSUD_ACQUISTI>
    <NORD_ACQUISTI>14854,641000</NORD_ACQUISTI>
    <SARD_ACQUISTI>807,206000</SARD_ACQUISTI>
    <SICI_ACQUISTI>1482,484000</SICI_ACQUISTI>
    <SUD_ACQUISTI>2034,643000</SUD_ACQUISTI>
    <AUST_ACQUISTI>0,000000</AUST_ACQUISTI>
    <BRNN_ACQUISTI>0,000000</BRNN_ACQUISTI>
    <COAC_ACQUISTI>22,000000</COAC_ACQUISTI>
    <CORS_ACQUISTI>5,000000</CORS_ACQUISTI>
    <FOGN_ACQUISTI>0,000000</FOGN_ACQUISTI>
    <FRAN_ACQUISTI>0,000000</FRAN_ACQUISTI>
    <GREC_ACQUISTI>289,000000</GREC_ACQUISTI>
    <MFTV_ACQUISTI>0,000000</MFTV_ACQUISTI>
    <PRGP_ACQUISTI>0,000000</PRGP_ACQUISTI>
    <ROSN_ACQUISTI>0,000000</ROSN_ACQUISTI>
    <SLOV_ACQUISTI>0,000000</SLOV_ACQUISTI>
    <SVIZ_ACQUISTI>0,000000</SVIZ_ACQUISTI>
    <BSP_ACQUISTI>0,000000</BSP_ACQUISTI>
    <MALT_ACQUISTI>105,000000</MALT_ACQUISTI>
    <XAUS_ACQUISTI>0,000000</XAUS_ACQUISTI>
    <XFRA_ACQUISTI>0,000000</XFRA_ACQUISTI>
    <TOTALE_VENDITE>23234,902</TOTALE_VENDITE>
    <NAT_VENDITE>26242,902000</NAT_VENDITE>
    <CNOR_VENDITE>2138,069000</CNOR_VENDITE>
    <CSUD_VENDITE>1863,174000</CSUD_VENDITE>
    <NORD_VENDITE>11905,374000</NORD_VENDITE>
    <SARD_VENDITE>794,933000</SARD_VENDITE>
    <SICI_VENDITE>1004,320000</SICI_VENDITE>
    <SUD_VENDITE>1010,385000</SUD_VENDITE>
    <AUST_VENDITE>20,000000</AUST_VENDITE>
    <BRNN_VENDITE>1204,236000</BRNN_VENDITE>
    <COAC_VENDITE>0,000000</COAC_VENDITE>
    <CORS_VENDITE>0,000000</CORS_VENDITE>
    <FOGN_VENDITE>0,181000</FOGN_VENDITE>
    <FRAN_VENDITE>97,000000</FRAN_VENDITE>
    <GREC_VENDITE>463,000000</GREC_VENDITE>
    <MFTV_VENDITE>0,000000</MFTV_VENDITE>
    <PRGP_VENDITE>0,000000</PRGP_VENDITE>
    <ROSN_VENDITE>644,230000</ROSN_VENDITE>
    <SLOV_VENDITE>0,000000</SLOV_VENDITE>
    <SVIZ_VENDITE>2090,000000</SVIZ_VENDITE>
    <BSP_VENDITE>493,000000</BSP_VENDITE>
    <MALT_VENDITE>0,000000</MALT_VENDITE>
    <XAUS_VENDITE>231,000000</XAUS_VENDITE>
    <XFRA_VENDITE>2284,000000</XFRA_VENDITE>
    <TOTITABSP_VENDITE>23727,902</TOTITABSP_VENDITE>
    <TOTITABSP_ACQUISTI>26242,902</TOTITABSP_ACQUISTI>
  </Quantita>
  <Quantita>
    <Data>20180411</Data>
    <Mercato>MGP</Mercato>
    <Ora>3</Ora>
    <TOTALE_ACQUISTI>25517,374</TOTALE_ACQUISTI>
    <NAT_ACQUISTI>25517,374000</NAT_ACQUISTI>
    <CNOR_ACQUISTI>2687,039000</CNOR_ACQUISTI>
    <CSUD_ACQUISTI>3734,495000</CSUD_ACQUISTI>
    <NORD_ACQUISTI>14535,124000</NORD_ACQUISTI>
    <SARD_ACQUISTI>786,268000</SARD_ACQUISTI>
    <SICI_ACQUISTI>1423,909000</SICI_ACQUISTI>
    <SUD_ACQUISTI>1968,539000</SUD_ACQUISTI>
    <AUST_ACQUISTI>0,000000</AUST_ACQUISTI>
    <BRNN_ACQUISTI>0,000000</BRNN_ACQUISTI>
    <COAC_ACQUISTI>20,000000</COAC_ACQUISTI>
    <CORS_ACQUISTI>5,000000</CORS_ACQUISTI>
    <FOGN_ACQUISTI>0,000000</FOGN_ACQUISTI>
    <FRAN_ACQUISTI>0,000000</FRAN_ACQUISTI>
    <GREC_ACQUISTI>259,000000</GREC_ACQUISTI>
    <MFTV_ACQUISTI>0,000000</MFTV_ACQUISTI>
    <PRGP_ACQUISTI>0,000000</PRGP_ACQUISTI>
    <ROSN_ACQUISTI>0,000000</ROSN_ACQUISTI>
    <SLOV_ACQUISTI>0,000000</SLOV_ACQUISTI>
    <SVIZ_ACQUISTI>0,000000</SVIZ_ACQUISTI>
    <BSP_ACQUISTI>0,000000</BSP_ACQUISTI>
    <MALT_ACQUISTI>98,000000</MALT_ACQUISTI>
    <XAUS_ACQUISTI>0,000000</XAUS_ACQUISTI>
    <XFRA_ACQUISTI>0,000000</XFRA_ACQUISTI>
    <TOTALE_VENDITE>22509,374</TOTALE_VENDITE>
    <NAT_VENDITE>25517,374000</NAT_VENDITE>
    <CNOR_VENDITE>2160,116000</CNOR_VENDITE>
    <CSUD_VENDITE>1249,316000</CSUD_VENDITE>
    <NORD_VENDITE>11710,731000</NORD_VENDITE>
    <SARD_VENDITE>816,023000</SARD_VENDITE>
    <SICI_VENDITE>1014,208000</SICI_VENDITE>
    <SUD_VENDITE>1043,331000</SUD_VENDITE>
    <AUST_VENDITE>20,000000</AUST_VENDITE>
    <BRNN_VENDITE>1204,951000</BRNN_VENDITE>
    <COAC_VENDITE>0,000000</COAC_VENDITE>
    <CORS_VENDITE>0,000000</CORS_VENDITE>
    <FOGN_VENDITE>0,066000</FOGN_VENDITE>
    <FRAN_VENDITE>97,000000</FRAN_VENDITE>
    <GREC_VENDITE>459,000000</GREC_VENDITE>
    <MFTV_VENDITE>0,000000</MFTV_VENDITE>
    <PRGP_VENDITE>0,000000</PRGP_VENDITE>
    <ROSN_VENDITE>644,632000</ROSN_VENDITE>
    <SLOV_VENDITE>0,000000</SLOV_VENDITE>
    <SVIZ_VENDITE>2090,000000</SVIZ_VENDITE>
    <BSP_VENDITE>493,000000</BSP_VENDITE>
    <MALT_VENDITE>0,000000</MALT_VENDITE>
    <XAUS_VENDITE>231,000000</XAUS_VENDITE>
    <XFRA_VENDITE>2284,000000</XFRA_VENDITE>
    <TOTITABSP_VENDITE>23002,374</TOTITABSP_VENDITE>
    <TOTITABSP_ACQUISTI>25517,374</TOTITABSP_ACQUISTI>
  </Quantita>
  <Quantita>
    <Data>20180411</Data>
    <Mercato>MGP</Mercato>
    <Ora>4</Ora>
    <TOTALE_ACQUISTI>25391,379</TOTALE_ACQUISTI>
    <NAT_ACQUISTI>25391,379000</NAT_ACQUISTI>
    <CNOR_ACQUISTI>2655,196000</CNOR_ACQUISTI>
    <CSUD_ACQUISTI>3667,675000</CSUD_ACQUISTI>
    <NORD_ACQUISTI>14392,183000</NORD_ACQUISTI>
    <SARD_ACQUISTI>783,366000</SARD_ACQUISTI>
    <SICI_ACQUISTI>1394,616000</SICI_ACQUISTI>
    <SUD_ACQUISTI>1938,343000</SUD_ACQUISTI>
    <AUST_ACQUISTI>0,000000</AUST_ACQUISTI>
    <BRNN_ACQUISTI>0,000000</BRNN_ACQUISTI>
    <COAC_ACQUISTI>20,000000</COAC_ACQUISTI>
    <CORS_ACQUISTI>5,000000</CORS_ACQUISTI>
    <FOGN_ACQUISTI>0,000000</FOGN_ACQUISTI>
    <FRAN_ACQUISTI>0,000000</FRAN_ACQUISTI>
    <GREC_ACQUISTI>438,000000</GREC_ACQUISTI>
    <MFTV_ACQUISTI>0,000000</MFTV_ACQUISTI>
    <PRGP_ACQUISTI>0,000000</PRGP_ACQUISTI>
    <ROSN_ACQUISTI>0,000000</ROSN_ACQUISTI>
    <SLOV_ACQUISTI>0,000000</SLOV_ACQUISTI>
    <SVIZ_ACQUISTI>0,000000</SVIZ_ACQUISTI>
    <BSP_ACQUISTI>0,000000</BSP_ACQUISTI>
    <MALT_ACQUISTI>97,000000</MALT_ACQUISTI>
    <XAUS_ACQUISTI>0,000000</XAUS_ACQUISTI>
    <XFRA_ACQUISTI>0,000000</XFRA_ACQUISTI>
    <TOTALE_VENDITE>21761,379</TOTALE_VENDITE>
    <NAT_VENDITE>25391,379000</NAT_VENDITE>
    <CNOR_VENDITE>2131,007000</CNOR_VENDITE>
    <CSUD_VENDITE>899,666000</CSUD_VENDITE>
    <NORD_VENDITE>10975,228000</NORD_VENDITE>
    <SARD_VENDITE>828,362000</SARD_VENDITE>
    <SICI_VENDITE>978,162000</SICI_VENDITE>
    <SUD_VENDITE>1014,121000</SUD_VENDITE>
    <AUST_VENDITE>20,000000</AUST_VENDITE>
    <BRNN_VENDITE>1205,924000</BRNN_VENDITE>
    <COAC_VENDITE>0,000000</COAC_VENDITE>
    <CORS_VENDITE>0,000000</CORS_VENDITE>
    <FOGN_VENDITE>0,086000</FOGN_VENDITE>
    <FRAN_VENDITE>99,000000</FRAN_VENDITE>
    <GREC_VENDITE>460,000000</GREC_VENDITE>
    <MFTV_VENDITE>0,000000</MFTV_VENDITE>
    <PRGP_VENDITE>0,000000</PRGP_VENDITE>
    <ROSN_VENDITE>644,823000</ROSN_VENDITE>
    <SLOV_VENDITE>0,000000</SLOV_VENDITE>
    <SVIZ_VENDITE>2505,000000</SVIZ_VENDITE>
    <BSP_VENDITE>594,000000</BSP_VENDITE>
    <MALT_VENDITE>0,000000</MALT_VENDITE>
    <XAUS_VENDITE>266,000000</XAUS_VENDITE>
    <XFRA_VENDITE>2770,000000</XFRA_VENDITE>
    <TOTITABSP_VENDITE>22355,379</TOTITABSP_VENDITE>
    <TOTITABSP_ACQUISTI>25391,379</TOTITABSP_ACQUISTI>
  </Quantita>
  <Quantita>
    <Data>20180411</Data>
    <Mercato>MGP</Mercato>
    <Ora>5</Ora>
    <TOTALE_ACQUISTI>25446,014</TOTALE_ACQUISTI>
    <NAT_ACQUISTI>25446,014000</NAT_ACQUISTI>
    <CNOR_ACQUISTI>2604,764000</CNOR_ACQUISTI>
    <CSUD_ACQUISTI>3642,253000</CSUD_ACQUISTI>
    <NORD_ACQUISTI>14511,374000</NORD_ACQUISTI>
    <SARD_ACQUISTI>774,863000</SARD_ACQUISTI>
    <SICI_ACQUISTI>1395,599000</SICI_ACQUISTI>
    <SUD_ACQUISTI>1959,161000</SUD_ACQUISTI>
    <AUST_ACQUISTI>0,000000</AUST_ACQUISTI>
    <BRNN_ACQUISTI>0,000000</BRNN_ACQUISTI>
    <COAC_ACQUISTI>20,000000</COAC_ACQUISTI>
    <CORS_ACQUISTI>5,000000</CORS_ACQUISTI>
    <FOGN_ACQUISTI>0,000000</FOGN_ACQUISTI>
    <FRAN_ACQUISTI>0,000000</FRAN_ACQUISTI>
    <GREC_ACQUISTI>429,000000</GREC_ACQUISTI>
    <MFTV_ACQUISTI>0,000000</MFTV_ACQUISTI>
    <PRGP_ACQUISTI>0,000000</PRGP_ACQUISTI>
    <ROSN_ACQUISTI>0,000000</ROSN_ACQUISTI>
    <SLOV_ACQUISTI>0,000000</SLOV_ACQUISTI>
    <SVIZ_ACQUISTI>0,000000</SVIZ_ACQUISTI>
    <BSP_ACQUISTI>0,000000</BSP_ACQUISTI>
    <MALT_ACQUISTI>104,000000</MALT_ACQUISTI>
    <XAUS_ACQUISTI>0,000000</XAUS_ACQUISTI>
    <XFRA_ACQUISTI>0,000000</XFRA_ACQUISTI>
    <TOTALE_VENDITE>21816,014</TOTALE_VENDITE>
    <NAT_VENDITE>25446,014000</NAT_VENDITE>
    <CNOR_VENDITE>2146,506000</CNOR_VENDITE>
    <CSUD_VENDITE>931,702000</CSUD_VENDITE>
    <NORD_VENDITE>10954,222000</NORD_VENDITE>
    <SARD_VENDITE>843,009000</SARD_VENDITE>
    <SICI_VENDITE>991,023000</SICI_VENDITE>
    <SUD_VENDITE>1057,459000</SUD_VENDITE>
    <AUST_VENDITE>20,000000</AUST_VENDITE>
    <BRNN_VENDITE>1206,627000</BRNN_VENDITE>
    <COAC_VENDITE>0,000000</COAC_VENDITE>
    <CORS_VENDITE>0,000000</CORS_VENDITE>
    <FOGN_VENDITE>0,095000</FOGN_VENDITE>
    <FRAN_VENDITE>99,000000</FRAN_VENDITE>
    <GREC_VENDITE>416,000000</GREC_VENDITE>
    <MFTV_VENDITE>0,000000</MFTV_VENDITE>
    <PRGP_VENDITE>0,000000</PRGP_VENDITE>
    <ROSN_VENDITE>645,371000</ROSN_VENDITE>
    <SLOV_VENDITE>0,000000</SLOV_VENDITE>
    <SVIZ_VENDITE>2505,000000</SVIZ_VENDITE>
    <BSP_VENDITE>594,000000</BSP_VENDITE>
    <MALT_VENDITE>0,000000</MALT_VENDITE>
    <XAUS_VENDITE>266,000000</XAUS_VENDITE>
    <XFRA_VENDITE>2770,000000</XFRA_VENDITE>
    <TOTITABSP_VENDITE>22410,014</TOTITABSP_VENDITE>
    <TOTITABSP_ACQUISTI>25446,014</TOTITABSP_ACQUISTI>
  </Quantita>
  <Quantita>
    <Data>20180411</Data>
    <Mercato>MGP</Mercato>
    <Ora>6</Ora>
    <TOTALE_ACQUISTI>26797,905</TOTALE_ACQUISTI>
    <NAT_ACQUISTI>26797,905000</NAT_ACQUISTI>
    <CNOR_ACQUISTI>2748,420000</CNOR_ACQUISTI>
    <CSUD_ACQUISTI>3869,117000</CSUD_ACQUISTI>
    <NORD_ACQUISTI>15452,313000</NORD_ACQUISTI>
    <SARD_ACQUISTI>812,148000</SARD_ACQUISTI>
    <SICI_ACQUISTI>1471,274000</SICI_ACQUISTI>
    <SUD_ACQUISTI>2049,633000</SUD_ACQUISTI>
    <AUST_ACQUISTI>0,000000</AUST_ACQUISTI>
    <BRNN_ACQUISTI>0,000000</BRNN_ACQUISTI>
    <COAC_ACQUISTI>20,000000</COAC_ACQUISTI>
    <CORS_ACQUISTI>5,000000</CORS_ACQUISTI>
    <FOGN_ACQUISTI>0,000000</FOGN_ACQUISTI>
    <FRAN_ACQUISTI>0,000000</FRAN_ACQUISTI>
    <GREC_ACQUISTI>244,000000</GREC_ACQUISTI>
    <MFTV_ACQUISTI>0,000000</MFTV_ACQUISTI>
    <PRGP_ACQUISTI>0,000000</PRGP_ACQUISTI>
    <ROSN_ACQUISTI>0,000000</ROSN_ACQUISTI>
    <SLOV_ACQUISTI>0,000000</SLOV_ACQUISTI>
    <SVIZ_ACQUISTI>0,000000</SVIZ_ACQUISTI>
    <BSP_ACQUISTI>0,000000</BSP_ACQUISTI>
    <MALT_ACQUISTI>126,000000</MALT_ACQUISTI>
    <XAUS_ACQUISTI>0,000000</XAUS_ACQUISTI>
    <XFRA_ACQUISTI>0,000000</XFRA_ACQUISTI>
    <TOTALE_VENDITE>23167,905</TOTALE_VENDITE>
    <NAT_VENDITE>26797,905000</NAT_VENDITE>
    <CNOR_VENDITE>2136,353000</CNOR_VENDITE>
    <CSUD_VENDITE>1188,158000</CSUD_VENDITE>
    <NORD_VENDITE>11907,156000</NORD_VENDITE>
    <SARD_VENDITE>854,831000</SARD_VENDITE>
    <SICI_VENDITE>987,551000</SICI_VENDITE>
    <SUD_VENDITE>1048,986000</SUD_VENDITE>
    <AUST_VENDITE>20,000000</AUST_VENDITE>
    <BRNN_VENDITE>1375,032000</BRNN_VENDITE>
    <COAC_VENDITE>0,000000</COAC_VENDITE>
    <CORS_VENDITE>0,000000</CORS_VENDITE>
    <FOGN_VENDITE>0,083000</FOGN_VENDITE>
    <FRAN_VENDITE>99,000000</FRAN_VENDITE>
    <GREC_VENDITE>401,000000</GREC_VENDITE>
    <MFTV_VENDITE>0,000000</MFTV_VENDITE>
    <PRGP_VENDITE>0,000000</PRGP_VENDITE>
    <ROSN_VENDITE>644,755000</ROSN_VENDITE>
    <SLOV_VENDITE>0,000000</SLOV_VENDITE>
    <SVIZ_VENDITE>2505,000000</SVIZ_VENDITE>
    <BSP_VENDITE>594,000000</BSP_VENDITE>
    <MALT_VENDITE>0,000000</MALT_VENDITE>
    <XAUS_VENDITE>266,000000</XAUS_VENDITE>
    <XFRA_VENDITE>2770,000000</XFRA_VENDITE>
    <TOTITABSP_VENDITE>23761,905</TOTITABSP_VENDITE>
    <TOTITABSP_ACQUISTI>26797,905</TOTITABSP_ACQUISTI>
  </Quantita>
  <Quantita>
    <Data>20180411</Data>
    <Mercato>MGP</Mercato>
    <Ora>7</Ora>
    <TOTALE_ACQUISTI>30403,735</TOTALE_ACQUISTI>
    <NAT_ACQUISTI>30403,735000</NAT_ACQUISTI>
    <CNOR_ACQUISTI>3130,831000</CNOR_ACQUISTI>
    <CSUD_ACQUISTI>4343,606000</CSUD_ACQUISTI>
    <NORD_ACQUISTI>18048,650000</NORD_ACQUISTI>
    <SARD_ACQUISTI>900,462000</SARD_ACQUISTI>
    <SICI_ACQUISTI>1605,046000</SICI_ACQUISTI>
    <SUD_ACQUISTI>2181,140000</SUD_ACQUISTI>
    <AUST_ACQUISTI>0,000000</AUST_ACQUISTI>
    <BRNN_ACQUISTI>0,000000</BRNN_ACQUISTI>
    <COAC_ACQUISTI>20,000000</COAC_ACQUISTI>
    <CORS_ACQUISTI>5,000000</CORS_ACQUISTI>
    <FOGN_ACQUISTI>0,000000</FOGN_ACQUISTI>
    <FRAN_ACQUISTI>0,000000</FRAN_ACQUISTI>
    <GREC_ACQUISTI>0,000000</GREC_ACQUISTI>
    <MFTV_ACQUISTI>0,000000</MFTV_ACQUISTI>
    <PRGP_ACQUISTI>0,000000</PRGP_ACQUISTI>
    <ROSN_ACQUISTI>0,000000</ROSN_ACQUISTI>
    <SLOV_ACQUISTI>0,000000</SLOV_ACQUISTI>
    <SVIZ_ACQUISTI>0,000000</SVIZ_ACQUISTI>
    <BSP_ACQUISTI>0,000000</BSP_ACQUISTI>
    <MALT_ACQUISTI>169,000000</MALT_ACQUISTI>
    <XAUS_ACQUISTI>0,000000</XAUS_ACQUISTI>
    <XFRA_ACQUISTI>0,000000</XFRA_ACQUISTI>
    <TOTALE_VENDITE>26913,735</TOTALE_VENDITE>
    <NAT_VENDITE>30403,735000</NAT_VENDITE>
    <CNOR_VENDITE>2498,779000</CNOR_VENDITE>
    <CSUD_VENDITE>2055,553000</CSUD_VENDITE>
    <NORD_VENDITE>13748,096000</NORD_VENDITE>
    <SARD_VENDITE>867,110000</SARD_VENDITE>
    <SICI_VENDITE>1028,424000</SICI_VENDITE>
    <SUD_VENDITE>1006,853000</SUD_VENDITE>
    <AUST_VENDITE>20,000000</AUST_VENDITE>
    <BRNN_VENDITE>1462,607000</BRNN_VENDITE>
    <COAC_VENDITE>0,000000</COAC_VENDITE>
    <CORS_VENDITE>0,000000</CORS_VENDITE>
    <FOGN_VENDITE>428,119000</FOGN_VENDITE>
    <FRAN_VENDITE>99,000000</FRAN_VENDITE>
    <GREC_VENDITE>500,000000</GREC_VENDITE>
    <MFTV_VENDITE>0,000000</MFTV_VENDITE>
    <PRGP_VENDITE>0,043000</PRGP_VENDITE>
    <ROSN_VENDITE>786,151000</ROSN_VENDITE>
    <SLOV_VENDITE>0,000000</SLOV_VENDITE>
    <SVIZ_VENDITE>2413,000000</SVIZ_VENDITE>
    <BSP_VENDITE>571,000000</BSP_VENDITE>
    <MALT_VENDITE>0,000000</MALT_VENDITE>
    <XAUS_VENDITE>258,000000</XAUS_VENDITE>
    <XFRA_VENDITE>2661,000000</XFRA_VENDITE>
    <TOTITABSP_VENDITE>27484,735</TOTITABSP_VENDITE>
    <TOTITABSP_ACQUISTI>30403,735</TOTITABSP_ACQUISTI>
  </Quantita>
  <Quantita>
    <Data>20180411</Data>
    <Mercato>MGP</Mercato>
    <Ora>8</Ora>
    <TOTALE_ACQUISTI>35664,847</TOTALE_ACQUISTI>
    <NAT_ACQUISTI>35664,847000</NAT_ACQUISTI>
    <CNOR_ACQUISTI>3748,562000</CNOR_ACQUISTI>
    <CSUD_ACQUISTI>5097,127000</CSUD_ACQUISTI>
    <NORD_ACQUISTI>21124,441000</NORD_ACQUISTI>
    <SARD_ACQUISTI>1043,287000</SARD_ACQUISTI>
    <SICI_ACQUISTI>1927,186000</SICI_ACQUISTI>
    <SUD_ACQUISTI>2571,244000</SUD_ACQUISTI>
    <AUST_ACQUISTI>0,000000</AUST_ACQUISTI>
    <BRNN_ACQUISTI>0,000000</BRNN_ACQUISTI>
    <COAC_ACQUISTI>31,000000</COAC_ACQUISTI>
    <CORS_ACQUISTI>19,000000</CORS_ACQUISTI>
    <FOGN_ACQUISTI>0,000000</FOGN_ACQUISTI>
    <FRAN_ACQUISTI>0,000000</FRAN_ACQUISTI>
    <GREC_ACQUISTI>0,000000</GREC_ACQUISTI>
    <MFTV_ACQUISTI>0,000000</MFTV_ACQUISTI>
    <PRGP_ACQUISTI>0,000000</PRGP_ACQUISTI>
    <ROSN_ACQUISTI>0,000000</ROSN_ACQUISTI>
    <SLOV_ACQUISTI>0,000000</SLOV_ACQUISTI>
    <SVIZ_ACQUISTI>0,000000</SVIZ_ACQUISTI>
    <BSP_ACQUISTI>0,000000</BSP_ACQUISTI>
    <MALT_ACQUISTI>103,000000</MALT_ACQUISTI>
    <XAUS_ACQUISTI>0,000000</XAUS_ACQUISTI>
    <XFRA_ACQUISTI>0,000000</XFRA_ACQUISTI>
    <TOTALE_VENDITE>32136,847</TOTALE_VENDITE>
    <NAT_VENDITE>35664,847000</NAT_VENDITE>
    <CNOR_VENDITE>2697,672000</CNOR_VENDITE>
    <CSUD_VENDITE>2801,511000</CSUD_VENDITE>
    <NORD_VENDITE>16529,782000</NORD_VENDITE>
    <SARD_VENDITE>898,233000</SARD_VENDITE>
    <SICI_VENDITE>1268,370000</SICI_VENDITE>
    <SUD_VENDITE>1422,982000</SUD_VENDITE>
    <AUST_VENDITE>20,000000</AUST_VENDITE>
    <BRNN_VENDITE>1860,982000</BRNN_VENDITE>
    <COAC_VENDITE>0,000000</COAC_VENDITE>
    <CORS_VENDITE>0,000000</CORS_VENDITE>
    <FOGN_VENDITE>528,339000</FOGN_VENDITE>
    <FRAN_VENDITE>99,000000</FRAN_VENDITE>
    <GREC_VENDITE>499,000000</GREC_VENDITE>
    <MFTV_VENDITE>0,000000</MFTV_VENDITE>
    <PRGP_VENDITE>90,766000</PRGP_VENDITE>
    <ROSN_VENDITE>861,210000</ROSN_VENDITE>
    <SLOV_VENDITE>0,000000</SLOV_VENDITE>
    <SVIZ_VENDITE>2559,000000</SVIZ_VENDITE>
    <BSP_VENDITE>633,000000</BSP_VENDITE>
    <MALT_VENDITE>0,000000</MALT_VENDITE>
    <XAUS_VENDITE>264,000000</XAUS_VENDITE>
    <XFRA_VENDITE>2631,000000</XFRA_VENDITE>
    <TOTITABSP_VENDITE>32769,847</TOTITABSP_VENDITE>
    <TOTITABSP_ACQUISTI>35664,847</TOTITABSP_ACQUISTI>
  </Quantita>
  <Quantita>
    <Data>20180411</Data>
    <Mercato>MGP</Mercato>
    <Ora>9</Ora>
    <TOTALE_ACQUISTI>40358,944</TOTALE_ACQUISTI>
    <NAT_ACQUISTI>40358,944000</NAT_ACQUISTI>
    <CNOR_ACQUISTI>4312,705000</CNOR_ACQUISTI>
    <CSUD_ACQUISTI>5672,499000</CSUD_ACQUISTI>
    <NORD_ACQUISTI>23979,516000</NORD_ACQUISTI>
    <SARD_ACQUISTI>1142,191000</SARD_ACQUISTI>
    <SICI_ACQUISTI>2152,018000</SICI_ACQUISTI>
    <SUD_ACQUISTI>2919,015000</SUD_ACQUISTI>
    <AUST_ACQUISTI>0,000000</AUST_ACQUISTI>
    <BRNN_ACQUISTI>0,000000</BRNN_ACQUISTI>
    <COAC_ACQUISTI>54,000000</COAC_ACQUISTI>
    <CORS_ACQUISTI>19,000000</CORS_ACQUISTI>
    <FOGN_ACQUISTI>0,000000</FOGN_ACQUISTI>
    <FRAN_ACQUISTI>0,000000</FRAN_ACQUISTI>
    <GREC_ACQUISTI>0,000000</GREC_ACQUISTI>
    <MFTV_ACQUISTI>0,000000</MFTV_ACQUISTI>
    <PRGP_ACQUISTI>0,000000</PRGP_ACQUISTI>
    <ROSN_ACQUISTI>0,000000</ROSN_ACQUISTI>
    <SLOV_ACQUISTI>0,000000</SLOV_ACQUISTI>
    <SVIZ_ACQUISTI>0,000000</SVIZ_ACQUISTI>
    <BSP_ACQUISTI>0,000000</BSP_ACQUISTI>
    <MALT_ACQUISTI>108,000000</MALT_ACQUISTI>
    <XAUS_ACQUISTI>0,000000</XAUS_ACQUISTI>
    <XFRA_ACQUISTI>0,000000</XFRA_ACQUISTI>
    <TOTALE_VENDITE>36830,944</TOTALE_VENDITE>
    <NAT_VENDITE>40358,944000</NAT_VENDITE>
    <CNOR_VENDITE>2972,196000</CNOR_VENDITE>
    <CSUD_VENDITE>3336,608000</CSUD_VENDITE>
    <NORD_VENDITE>18362,004000</NORD_VENDITE>
    <SARD_VENDITE>1022,344000</SARD_VENDITE>
    <SICI_VENDITE>1606,693000</SICI_VENDITE>
    <SUD_VENDITE>1830,904000</SUD_VENDITE>
    <AUST_VENDITE>20,000000</AUST_VENDITE>
    <BRNN_VENDITE>2570,927000</BRNN_VENDITE>
    <COAC_VENDITE>0,000000</COAC_VENDITE>
    <CORS_VENDITE>0,000000</CORS_VENDITE>
    <FOGN_VENDITE>730,519000</FOGN_VENDITE>
    <FRAN_VENDITE>99,000000</FRAN_VENDITE>
    <GREC_VENDITE>450,000000</GREC_VENDITE>
    <MFTV_VENDITE>0,000000</MFTV_VENDITE>
    <PRGP_VENDITE>272,145000</PRGP_VENDITE>
    <ROSN_VENDITE>998,604000</ROSN_VENDITE>
    <SLOV_VENDITE>0,000000</SLOV_VENDITE>
    <SVIZ_VENDITE>2559,000000</SVIZ_VENDITE>
    <BSP_VENDITE>633,000000</BSP_VENDITE>
    <MALT_VENDITE>0,000000</MALT_VENDITE>
    <XAUS_VENDITE>264,000000</XAUS_VENDITE>
    <XFRA_VENDITE>2631,000000</XFRA_VENDITE>
    <TOTITABSP_VENDITE>37463,944</TOTITABSP_VENDITE>
    <TOTITABSP_ACQUISTI>40358,944</TOTITABSP_ACQUISTI>
  </Quantita>
  <Quantita>
    <Data>20180411</Data>
    <Mercato>MGP</Mercato>
    <Ora>10</Ora>
    <TOTALE_ACQUISTI>41110,685</TOTALE_ACQUISTI>
    <NAT_ACQUISTI>41110,685000</NAT_ACQUISTI>
    <CNOR_ACQUISTI>4443,609000</CNOR_ACQUISTI>
    <CSUD_ACQUISTI>5837,030000</CSUD_ACQUISTI>
    <NORD_ACQUISTI>24447,790000</NORD_ACQUISTI>
    <SARD_ACQUISTI>1117,075000</SARD_ACQUISTI>
    <SICI_ACQUISTI>2150,804000</SICI_ACQUISTI>
    <SUD_ACQUISTI>2930,377000</SUD_ACQUISTI>
    <AUST_ACQUISTI>0,000000</AUST_ACQUISTI>
    <BRNN_ACQUISTI>0,000000</BRNN_ACQUISTI>
    <COAC_ACQUISTI>63,000000</COAC_ACQUISTI>
    <CORS_ACQUISTI>19,000000</CORS_ACQUISTI>
    <FOGN_ACQUISTI>0,000000</FOGN_ACQUISTI>
    <FRAN_ACQUISTI>0,000000</FRAN_ACQUISTI>
    <GREC_ACQUISTI>0,000000</GREC_ACQUISTI>
    <MFTV_ACQUISTI>0,000000</MFTV_ACQUISTI>
    <PRGP_ACQUISTI>0,000000</PRGP_ACQUISTI>
    <ROSN_ACQUISTI>0,000000</ROSN_ACQUISTI>
    <SLOV_ACQUISTI>0,000000</SLOV_ACQUISTI>
    <SVIZ_ACQUISTI>0,000000</SVIZ_ACQUISTI>
    <BSP_ACQUISTI>0,000000</BSP_ACQUISTI>
    <MALT_ACQUISTI>102,000000</MALT_ACQUISTI>
    <XAUS_ACQUISTI>0,000000</XAUS_ACQUISTI>
    <XFRA_ACQUISTI>0,000000</XFRA_ACQUISTI>
    <TOTALE_VENDITE>37475,685</TOTALE_VENDITE>
    <NAT_VENDITE>41110,685000</NAT_VENDITE>
    <CNOR_VENDITE>3101,532000</CNOR_VENDITE>
    <CSUD_VENDITE>4012,027000</CSUD_VENDITE>
    <NORD_VENDITE>17879,032000</NORD_VENDITE>
    <SARD_VENDITE>1091,761000</SARD_VENDITE>
    <SICI_VENDITE>1603,745000</SICI_VENDITE>
    <SUD_VENDITE>2255,111000</SUD_VENDITE>
    <AUST_VENDITE>20,000000</AUST_VENDITE>
    <BRNN_VENDITE>2371,922000</BRNN_VENDITE>
    <COAC_VENDITE>0,000000</COAC_VENDITE>
    <CORS_VENDITE>0,000000</CORS_VENDITE>
    <FOGN_VENDITE>729,627000</FOGN_VENDITE>
    <FRAN_VENDITE>99,000000</FRAN_VENDITE>
    <GREC_VENDITE>450,000000</GREC_VENDITE>
    <MFTV_VENDITE>0,000000</MFTV_VENDITE>
    <PRGP_VENDITE>93,689000</PRGP_VENDITE>
    <ROSN_VENDITE>1134,239000</ROSN_VENDITE>
    <SLOV_VENDITE>0,000000</SLOV_VENDITE>
    <SVIZ_VENDITE>2634,000000</SVIZ_VENDITE>
    <BSP_VENDITE>652,000000</BSP_VENDITE>
    <MALT_VENDITE>0,000000</MALT_VENDITE>
    <XAUS_VENDITE>270,000000</XAUS_VENDITE>
    <XFRA_VENDITE>2713,000000</XFRA_VENDITE>
    <TOTITABSP_VENDITE>38127,685</TOTITABSP_VENDITE>
    <TOTITABSP_ACQUISTI>41110,685</TOTITABSP_ACQUISTI>
  </Quantita>
  <Quantita>
    <Data>20180411</Data>
    <Mercato>MGP</Mercato>
    <Ora>11</Ora>
    <TOTALE_ACQUISTI>40520,47</TOTALE_ACQUISTI>
    <NAT_ACQUISTI>40520,470000</NAT_ACQUISTI>
    <CNOR_ACQUISTI>4445,171000</CNOR_ACQUISTI>
    <CSUD_ACQUISTI>5774,767000</CSUD_ACQUISTI>
    <NORD_ACQUISTI>24077,259000</NORD_ACQUISTI>
    <SARD_ACQUISTI>1084,342000</SARD_ACQUISTI>
    <SICI_ACQUISTI>2092,376000</SICI_ACQUISTI>
    <SUD_ACQUISTI>2790,555000</SUD_ACQUISTI>
    <AUST_ACQUISTI>0,000000</AUST_ACQUISTI>
    <BRNN_ACQUISTI>0,000000</BRNN_ACQUISTI>
    <COAC_ACQUISTI>58,000000</COAC_ACQUISTI>
    <CORS_ACQUISTI>19,000000</CORS_ACQUISTI>
    <FOGN_ACQUISTI>0,000000</FOGN_ACQUISTI>
    <FRAN_ACQUISTI>0,000000</FRAN_ACQUISTI>
    <GREC_ACQUISTI>10,000000</GREC_ACQUISTI>
    <MFTV_ACQUISTI>0,000000</MFTV_ACQUISTI>
    <PRGP_ACQUISTI>0,000000</PRGP_ACQUISTI>
    <ROSN_ACQUISTI>0,000000</ROSN_ACQUISTI>
    <SLOV_ACQUISTI>0,000000</SLOV_ACQUISTI>
    <SVIZ_ACQUISTI>0,000000</SVIZ_ACQUISTI>
    <BSP_ACQUISTI>0,000000</BSP_ACQUISTI>
    <MALT_ACQUISTI>169,000000</MALT_ACQUISTI>
    <XAUS_ACQUISTI>0,000000</XAUS_ACQUISTI>
    <XFRA_ACQUISTI>0,000000</XFRA_ACQUISTI>
    <TOTALE_VENDITE>36885,47</TOTALE_VENDITE>
    <NAT_VENDITE>40520,470000</NAT_VENDITE>
    <CNOR_VENDITE>3193,321000</CNOR_VENDITE>
    <CSUD_VENDITE>4271,415000</CSUD_VENDITE>
    <NORD_VENDITE>16883,274000</NORD_VENDITE>
    <SARD_VENDITE>1143,245000</SARD_VENDITE>
    <SICI_VENDITE>1681,139000</SICI_VENDITE>
    <SUD_VENDITE>2678,719000</SUD_VENDITE>
    <AUST_VENDITE>20,000000</AUST_VENDITE>
    <BRNN_VENDITE>1586,444000</BRNN_VENDITE>
    <COAC_VENDITE>0,000000</COAC_VENDITE>
    <CORS_VENDITE>0,000000</CORS_VENDITE>
    <FOGN_VENDITE>730,724000</FOGN_VENDITE>
    <FRAN_VENDITE>99,000000</FRAN_VENDITE>
    <GREC_VENDITE>450,000000</GREC_VENDITE>
    <MFTV_VENDITE>0,000000</MFTV_VENDITE>
    <PRGP_VENDITE>5,044000</PRGP_VENDITE>
    <ROSN_VENDITE>1509,145000</ROSN_VENDITE>
    <SLOV_VENDITE>0,000000</SLOV_VENDITE>
    <SVIZ_VENDITE>2634,000000</SVIZ_VENDITE>
    <BSP_VENDITE>652,000000</BSP_VENDITE>
    <MALT_VENDITE>0,000000</MALT_VENDITE>
    <XAUS_VENDITE>270,000000</XAUS_VENDITE>
    <XFRA_VENDITE>2713,000000</XFRA_VENDITE>
    <TOTITABSP_VENDITE>37537,47</TOTITABSP_VENDITE>
    <TOTITABSP_ACQUISTI>40520,47</TOTITABSP_ACQUISTI>
  </Quantita>
  <Quantita>
    <Data>20180411</Data>
    <Mercato>MGP</Mercato>
    <Ora>12</Ora>
    <TOTALE_ACQUISTI>39979,025</TOTALE_ACQUISTI>
    <NAT_ACQUISTI>39979,025000</NAT_ACQUISTI>
    <CNOR_ACQUISTI>4383,242000</CNOR_ACQUISTI>
    <CSUD_ACQUISTI>5691,113000</CSUD_ACQUISTI>
    <NORD_ACQUISTI>23815,041000</NORD_ACQUISTI>
    <SARD_ACQUISTI>1040,177000</SARD_ACQUISTI>
    <SICI_ACQUISTI>2032,391000</SICI_ACQUISTI>
    <SUD_ACQUISTI>2740,061000</SUD_ACQUISTI>
    <AUST_ACQUISTI>0,000000</AUST_ACQUISTI>
    <BRNN_ACQUISTI>0,000000</BRNN_ACQUISTI>
    <COAC_ACQUISTI>85,000000</COAC_ACQUISTI>
    <CORS_ACQUISTI>19,000000</CORS_ACQUISTI>
    <FOGN_ACQUISTI>0,000000</FOGN_ACQUISTI>
    <FRAN_ACQUISTI>0,000000</FRAN_ACQUISTI>
    <GREC_ACQUISTI>20,000000</GREC_ACQUISTI>
    <MFTV_ACQUISTI>0,000000</MFTV_ACQUISTI>
    <PRGP_ACQUISTI>0,000000</PRGP_ACQUISTI>
    <ROSN_ACQUISTI>0,000000</ROSN_ACQUISTI>
    <SLOV_ACQUISTI>0,000000</SLOV_ACQUISTI>
    <SVIZ_ACQUISTI>0,000000</SVIZ_ACQUISTI>
    <BSP_ACQUISTI>0,000000</BSP_ACQUISTI>
    <MALT_ACQUISTI>153,000000</MALT_ACQUISTI>
    <XAUS_ACQUISTI>0,000000</XAUS_ACQUISTI>
    <XFRA_ACQUISTI>0,000000</XFRA_ACQUISTI>
    <TOTALE_VENDITE>36344,025</TOTALE_VENDITE>
    <NAT_VENDITE>39979,025000</NAT_VENDITE>
    <CNOR_VENDITE>3258,374000</CNOR_VENDITE>
    <CSUD_VENDITE>4324,770000</CSUD_VENDITE>
    <NORD_VENDITE>16137,794000</NORD_VENDITE>
    <SARD_VENDITE>1174,757000</SARD_VENDITE>
    <SICI_VENDITE>1730,872000</SICI_VENDITE>
    <SUD_VENDITE>2811,785000</SUD_VENDITE>
    <AUST_VENDITE>20,000000</AUST_VENDITE>
    <BRNN_VENDITE>1619,596000</BRNN_VENDITE>
    <COAC_VENDITE>0,000000</COAC_VENDITE>
    <CORS_VENDITE>0,000000</CORS_VENDITE>
    <FOGN_VENDITE>532,732000</FOGN_VENDITE>
    <FRAN_VENDITE>99,000000</FRAN_VENDITE>
    <GREC_VENDITE>488,000000</GREC_VENDITE>
    <MFTV_VENDITE>0,000000</MFTV_VENDITE>
    <PRGP_VENDITE>5,989000</PRGP_VENDITE>
    <ROSN_VENDITE>1506,356000</ROSN_VENDITE>
    <SLOV_VENDITE>0,000000</SLOV_VENDITE>
    <SVIZ_VENDITE>2634,000000</SVIZ_VENDITE>
    <BSP_VENDITE>652,000000</BSP_VENDITE>
    <MALT_VENDITE>0,000000</MALT_VENDITE>
    <XAUS_VENDITE>270,000000</XAUS_VENDITE>
    <XFRA_VENDITE>2713,000000</XFRA_VENDITE>
    <TOTITABSP_VENDITE>36996,025</TOTITABSP_VENDITE>
    <TOTITABSP_ACQUISTI>39979,025</TOTITABSP_ACQUISTI>
  </Quantita>
  <Quantita>
    <Data>20180411</Data>
    <Mercato>MGP</Mercato>
    <Ora>13</Ora>
    <TOTALE_ACQUISTI>37972,611</TOTALE_ACQUISTI>
    <NAT_ACQUISTI>37972,611000</NAT_ACQUISTI>
    <CNOR_ACQUISTI>4136,789000</CNOR_ACQUISTI>
    <CSUD_ACQUISTI>5637,524000</CSUD_ACQUISTI>
    <NORD_ACQUISTI>22109,530000</NORD_ACQUISTI>
    <SARD_ACQUISTI>1029,603000</SARD_ACQUISTI>
    <SICI_ACQUISTI>2012,217000</SICI_ACQUISTI>
    <SUD_ACQUISTI>2754,948000</SUD_ACQUISTI>
    <AUST_ACQUISTI>0,000000</AUST_ACQUISTI>
    <BRNN_ACQUISTI>0,000000</BRNN_ACQUISTI>
    <COAC_ACQUISTI>73,000000</COAC_ACQUISTI>
    <CORS_ACQUISTI>19,000000</CORS_ACQUISTI>
    <FOGN_ACQUISTI>0,000000</FOGN_ACQUISTI>
    <FRAN_ACQUISTI>0,000000</FRAN_ACQUISTI>
    <GREC_ACQUISTI>65,000000</GREC_ACQUISTI>
    <MFTV_ACQUISTI>0,000000</MFTV_ACQUISTI>
    <PRGP_ACQUISTI>0,000000</PRGP_ACQUISTI>
    <ROSN_ACQUISTI>0,000000</ROSN_ACQUISTI>
    <SLOV_ACQUISTI>0,000000</SLOV_ACQUISTI>
    <SVIZ_ACQUISTI>0,000000</SVIZ_ACQUISTI>
    <BSP_ACQUISTI>0,000000</BSP_ACQUISTI>
    <MALT_ACQUISTI>135,000000</MALT_ACQUISTI>
    <XAUS_ACQUISTI>0,000000</XAUS_ACQUISTI>
    <XFRA_ACQUISTI>0,000000</XFRA_ACQUISTI>
    <TOTALE_VENDITE>34565,611</TOTALE_VENDITE>
    <NAT_VENDITE>37972,611000</NAT_VENDITE>
    <CNOR_VENDITE>3238,876000</CNOR_VENDITE>
    <CSUD_VENDITE>3994,942000</CSUD_VENDITE>
    <NORD_VENDITE>14809,530000</NORD_VENDITE>
    <SARD_VENDITE>1147,737000</SARD_VENDITE>
    <SICI_VENDITE>1820,173000</SICI_VENDITE>
    <SUD_VENDITE>3098,231000</SUD_VENDITE>
    <AUST_VENDITE>20,000000</AUST_VENDITE>
    <BRNN_VENDITE>1620,041000</BRNN_VENDITE>
    <COAC_VENDITE>0,000000</COAC_VENDITE>
    <CORS_VENDITE>0,000000</CORS_VENDITE>
    <FOGN_VENDITE>533,328000</FOGN_VENDITE>
    <FRAN_VENDITE>99,000000</FRAN_VENDITE>
    <GREC_VENDITE>327,000000</GREC_VENDITE>
    <MFTV_VENDITE>0,000000</MFTV_VENDITE>
    <PRGP_VENDITE>6,457000</PRGP_VENDITE>
    <ROSN_VENDITE>1376,296000</ROSN_VENDITE>
    <SLOV_VENDITE>0,000000</SLOV_VENDITE>
    <SVIZ_VENDITE>2474,000000</SVIZ_VENDITE>
    <BSP_VENDITE>611,000000</BSP_VENDITE>
    <MALT_VENDITE>0,000000</MALT_VENDITE>
    <XAUS_VENDITE>258,000000</XAUS_VENDITE>
    <XFRA_VENDITE>2538,000000</XFRA_VENDITE>
    <TOTITABSP_VENDITE>35176,611</TOTITABSP_VENDITE>
    <TOTITABSP_ACQUISTI>37972,611</TOTITABSP_ACQUISTI>
  </Quantita>
  <Quantita>
    <Data>20180411</Data>
    <Mercato>MGP</Mercato>
    <Ora>14</Ora>
    <TOTALE_ACQUISTI>37496,783</TOTALE_ACQUISTI>
    <NAT_ACQUISTI>37476,783000</NAT_ACQUISTI>
    <CNOR_ACQUISTI>3984,610000</CNOR_ACQUISTI>
    <CSUD_ACQUISTI>5469,162000</CSUD_ACQUISTI>
    <NORD_ACQUISTI>22200,585000</NORD_ACQUISTI>
    <SARD_ACQUISTI>989,333000</SARD_ACQUISTI>
    <SICI_ACQUISTI>1941,776000</SICI_ACQUISTI>
    <SUD_ACQUISTI>2636,317000</SUD_ACQUISTI>
    <AUST_ACQUISTI>0,000000</AUST_ACQUISTI>
    <BRNN_ACQUISTI>0,000000</BRNN_ACQUISTI>
    <COAC_ACQUISTI>56,000000</COAC_ACQUISTI>
    <CORS_ACQUISTI>19,000000</CORS_ACQUISTI>
    <FOGN_ACQUISTI>0,000000</FOGN_ACQUISTI>
    <FRAN_ACQUISTI>0,000000</FRAN_ACQUISTI>
    <GREC_ACQUISTI>65,000000</GREC_ACQUISTI>
    <MFTV_ACQUISTI>0,000000</MFTV_ACQUISTI>
    <PRGP_ACQUISTI>0,000000</PRGP_ACQUISTI>
    <ROSN_ACQUISTI>0,000000</ROSN_ACQUISTI>
    <SLOV_ACQUISTI>0,000000</SLOV_ACQUISTI>
    <SVIZ_ACQUISTI>0,000000</SVIZ_ACQUISTI>
    <BSP_ACQUISTI>0,000000</BSP_ACQUISTI>
    <MALT_ACQUISTI>135,000000</MALT_ACQUISTI>
    <XAUS_ACQUISTI>0,000000</XAUS_ACQUISTI>
    <XFRA_ACQUISTI>0,000000</XFRA_ACQUISTI>
    <TOTALE_VENDITE>34089,783</TOTALE_VENDITE>
    <NAT_VENDITE>37476,783000</NAT_VENDITE>
    <CNOR_VENDITE>2927,256000</CNOR_VENDITE>
    <CSUD_VENDITE>4030,924000</CSUD_VENDITE>
    <NORD_VENDITE>14900,585000</NORD_VENDITE>
    <SARD_VENDITE>1097,507000</SARD_VENDITE>
    <SICI_VENDITE>1891,596000</SICI_VENDITE>
    <SUD_VENDITE>3216,875000</SUD_VENDITE>
    <AUST_VENDITE>20,000000</AUST_VENDITE>
    <BRNN_VENDITE>1553,134000</BRNN_VENDITE>
    <COAC_VENDITE>0,000000</COAC_VENDITE>
    <CORS_VENDITE>0,000000</CORS_VENDITE>
    <FOGN_VENDITE>169,567000</FOGN_VENDITE>
    <FRAN_VENDITE>99,000000</FRAN_VENDITE>
    <GREC_VENDITE>328,000000</GREC_VENDITE>
    <MFTV_VENDITE>0,000000</MFTV_VENDITE>
    <PRGP_VENDITE>6,341000</PRGP_VENDITE>
    <ROSN_VENDITE>1374,998000</ROSN_VENDITE>
    <SLOV_VENDITE>0,000000</SLOV_VENDITE>
    <SVIZ_VENDITE>2474,000000</SVIZ_VENDITE>
    <BSP_VENDITE>611,000000</BSP_VENDITE>
    <MALT_VENDITE>0,000000</MALT_VENDITE>
    <XAUS_VENDITE>258,000000</XAUS_VENDITE>
    <XFRA_VENDITE>2538,000000</XFRA_VENDITE>
    <TOTITABSP_VENDITE>34700,783</TOTITABSP_VENDITE>
    <TOTITABSP_ACQUISTI>37496,783</TOTITABSP_ACQUISTI>
  </Quantita>
  <Quantita>
    <Data>20180411</Data>
    <Mercato>MGP</Mercato>
    <Ora>15</Ora>
    <TOTALE_ACQUISTI>38277,442</TOTALE_ACQUISTI>
    <NAT_ACQUISTI>38257,442000</NAT_ACQUISTI>
    <CNOR_ACQUISTI>4168,569000</CNOR_ACQUISTI>
    <CSUD_ACQUISTI>5497,416000</CSUD_ACQUISTI>
    <NORD_ACQUISTI>22921,166000</NORD_ACQUISTI>
    <SARD_ACQUISTI>965,852000</SARD_ACQUISTI>
    <SICI_ACQUISTI>1927,281000</SICI_ACQUISTI>
    <SUD_ACQUISTI>2554,158000</SUD_ACQUISTI>
    <AUST_ACQUISTI>0,000000</AUST_ACQUISTI>
    <BRNN_ACQUISTI>0,000000</BRNN_ACQUISTI>
    <COAC_ACQUISTI>46,000000</COAC_ACQUISTI>
    <CORS_ACQUISTI>19,000000</CORS_ACQUISTI>
    <FOGN_ACQUISTI>0,000000</FOGN_ACQUISTI>
    <FRAN_ACQUISTI>0,000000</FRAN_ACQUISTI>
    <GREC_ACQUISTI>65,000000</GREC_ACQUISTI>
    <MFTV_ACQUISTI>0,000000</MFTV_ACQUISTI>
    <PRGP_ACQUISTI>0,000000</PRGP_ACQUISTI>
    <ROSN_ACQUISTI>0,000000</ROSN_ACQUISTI>
    <SLOV_ACQUISTI>0,000000</SLOV_ACQUISTI>
    <SVIZ_ACQUISTI>0,000000</SVIZ_ACQUISTI>
    <BSP_ACQUISTI>0,000000</BSP_ACQUISTI>
    <MALT_ACQUISTI>113,000000</MALT_ACQUISTI>
    <XAUS_ACQUISTI>0,000000</XAUS_ACQUISTI>
    <XFRA_ACQUISTI>0,000000</XFRA_ACQUISTI>
    <TOTALE_VENDITE>34870,442</TOTALE_VENDITE>
    <NAT_VENDITE>38257,442000</NAT_VENDITE>
    <CNOR_VENDITE>3200,084000</CNOR_VENDITE>
    <CSUD_VENDITE>3952,332000</CSUD_VENDITE>
    <NORD_VENDITE>15621,166000</NORD_VENDITE>
    <SARD_VENDITE>1009,939000</SARD_VENDITE>
    <SICI_VENDITE>1891,604000</SICI_VENDITE>
    <SUD_VENDITE>3160,124000</SUD_VENDITE>
    <AUST_VENDITE>20,000000</AUST_VENDITE>
    <BRNN_VENDITE>1521,128000</BRNN_VENDITE>
    <COAC_VENDITE>0,000000</COAC_VENDITE>
    <CORS_VENDITE>0,000000</CORS_VENDITE>
    <FOGN_VENDITE>171,240000</FOGN_VENDITE>
    <FRAN_VENDITE>99,000000</FRAN_VENDITE>
    <GREC_VENDITE>374,000000</GREC_VENDITE>
    <MFTV_VENDITE>0,000000</MFTV_VENDITE>
    <PRGP_VENDITE>5,784000</PRGP_VENDITE>
    <ROSN_VENDITE>1370,041000</ROSN_VENDITE>
    <SLOV_VENDITE>0,000000</SLOV_VENDITE>
    <SVIZ_VENDITE>2474,000000</SVIZ_VENDITE>
    <BSP_VENDITE>611,000000</BSP_VENDITE>
    <MALT_VENDITE>0,000000</MALT_VENDITE>
    <XAUS_VENDITE>258,000000</XAUS_VENDITE>
    <XFRA_VENDITE>2538,000000</XFRA_VENDITE>
    <TOTITABSP_VENDITE>35481,442</TOTITABSP_VENDITE>
    <TOTITABSP_ACQUISTI>38277,442</TOTITABSP_ACQUISTI>
  </Quantita>
  <Quantita>
    <Data>20180411</Data>
    <Mercato>MGP</Mercato>
    <Ora>16</Ora>
    <TOTALE_ACQUISTI>38452,125</TOTALE_ACQUISTI>
    <NAT_ACQUISTI>38452,125000</NAT_ACQUISTI>
    <CNOR_ACQUISTI>4200,134000</CNOR_ACQUISTI>
    <CSUD_ACQUISTI>5585,822000</CSUD_ACQUISTI>
    <NORD_ACQUISTI>23002,513000</NORD_ACQUISTI>
    <SARD_ACQUISTI>976,641000</SARD_ACQUISTI>
    <SICI_ACQUISTI>1934,656000</SICI_ACQUISTI>
    <SUD_ACQUISTI>2564,359000</SUD_ACQUISTI>
    <AUST_ACQUISTI>0,000000</AUST_ACQUISTI>
    <BRNN_ACQUISTI>0,000000</BRNN_ACQUISTI>
    <COAC_ACQUISTI>37,000000</COAC_ACQUISTI>
    <CORS_ACQUISTI>19,000000</CORS_ACQUISTI>
    <FOGN_ACQUISTI>0,000000</FOGN_ACQUISTI>
    <FRAN_ACQUISTI>0,000000</FRAN_ACQUISTI>
    <GREC_ACQUISTI>20,000000</GREC_ACQUISTI>
    <MFTV_ACQUISTI>0,000000</MFTV_ACQUISTI>
    <PRGP_ACQUISTI>0,000000</PRGP_ACQUISTI>
    <ROSN_ACQUISTI>0,000000</ROSN_ACQUISTI>
    <SLOV_ACQUISTI>0,000000</SLOV_ACQUISTI>
    <SVIZ_ACQUISTI>0,000000</SVIZ_ACQUISTI>
    <BSP_ACQUISTI>0,000000</BSP_ACQUISTI>
    <MALT_ACQUISTI>112,000000</MALT_ACQUISTI>
    <XAUS_ACQUISTI>0,000000</XAUS_ACQUISTI>
    <XFRA_ACQUISTI>0,000000</XFRA_ACQUISTI>
    <TOTALE_VENDITE>35263,125</TOTALE_VENDITE>
    <NAT_VENDITE>38452,125000</NAT_VENDITE>
    <CNOR_VENDITE>3098,267000</CNOR_VENDITE>
    <CSUD_VENDITE>3898,064000</CSUD_VENDITE>
    <NORD_VENDITE>16074,513000</NORD_VENDITE>
    <SARD_VENDITE>954,360000</SARD_VENDITE>
    <SICI_VENDITE>1835,311000</SICI_VENDITE>
    <SUD_VENDITE>2883,050000</SUD_VENDITE>
    <AUST_VENDITE>20,000000</AUST_VENDITE>
    <BRNN_VENDITE>1448,022000</BRNN_VENDITE>
    <COAC_VENDITE>0,000000</COAC_VENDITE>
    <CORS_VENDITE>0,000000</CORS_VENDITE>
    <FOGN_VENDITE>693,716000</FOGN_VENDITE>
    <FRAN_VENDITE>98,000000</FRAN_VENDITE>
    <GREC_VENDITE>431,000000</GREC_VENDITE>
    <MFTV_VENDITE>0,000000</MFTV_VENDITE>
    <PRGP_VENDITE>4,882000</PRGP_VENDITE>
    <ROSN_VENDITE>1502,940000</ROSN_VENDITE>
    <SLOV_VENDITE>0,000000</SLOV_VENDITE>
    <SVIZ_VENDITE>2321,000000</SVIZ_VENDITE>
    <BSP_VENDITE>572,000000</BSP_VENDITE>
    <MALT_VENDITE>0,000000</MALT_VENDITE>
    <XAUS_VENDITE>245,000000</XAUS_VENDITE>
    <XFRA_VENDITE>2372,000000</XFRA_VENDITE>
    <TOTITABSP_VENDITE>35835,125</TOTITABSP_VENDITE>
    <TOTITABSP_ACQUISTI>38452,125</TOTITABSP_ACQUISTI>
  </Quantita>
  <Quantita>
    <Data>20180411</Data>
    <Mercato>MGP</Mercato>
    <Ora>17</Ora>
    <TOTALE_ACQUISTI>38463,576</TOTALE_ACQUISTI>
    <NAT_ACQUISTI>38463,576000</NAT_ACQUISTI>
    <CNOR_ACQUISTI>4213,154000</CNOR_ACQUISTI>
    <CSUD_ACQUISTI>5608,438000</CSUD_ACQUISTI>
    <NORD_ACQUISTI>22821,319000</NORD_ACQUISTI>
    <SARD_ACQUISTI>989,757000</SARD_ACQUISTI>
    <SICI_ACQUISTI>1992,635000</SICI_ACQUISTI>
    <SUD_ACQUISTI>2652,273000</SUD_ACQUISTI>
    <AUST_ACQUISTI>0,000000</AUST_ACQUISTI>
    <BRNN_ACQUISTI>0,000000</BRNN_ACQUISTI>
    <COAC_ACQUISTI>32,000000</COAC_ACQUISTI>
    <CORS_ACQUISTI>19,000000</CORS_ACQUISTI>
    <FOGN_ACQUISTI>0,000000</FOGN_ACQUISTI>
    <FRAN_ACQUISTI>0,000000</FRAN_ACQUISTI>
    <GREC_ACQUISTI>0,000000</GREC_ACQUISTI>
    <MFTV_ACQUISTI>0,000000</MFTV_ACQUISTI>
    <PRGP_ACQUISTI>0,000000</PRGP_ACQUISTI>
    <ROSN_ACQUISTI>0,000000</ROSN_ACQUISTI>
    <SLOV_ACQUISTI>0,000000</SLOV_ACQUISTI>
    <SVIZ_ACQUISTI>0,000000</SVIZ_ACQUISTI>
    <BSP_ACQUISTI>0,000000</BSP_ACQUISTI>
    <MALT_ACQUISTI>135,000000</MALT_ACQUISTI>
    <XAUS_ACQUISTI>0,000000</XAUS_ACQUISTI>
    <XFRA_ACQUISTI>0,000000</XFRA_ACQUISTI>
    <TOTALE_VENDITE>35274,576</TOTALE_VENDITE>
    <NAT_VENDITE>38463,576000</NAT_VENDITE>
    <CNOR_VENDITE>3006,906000</CNOR_VENDITE>
    <CSUD_VENDITE>3968,101000</CSUD_VENDITE>
    <NORD_VENDITE>16323,342000</NORD_VENDITE>
    <SARD_VENDITE>930,376000</SARD_VENDITE>
    <SICI_VENDITE>1725,439000</SICI_VENDITE>
    <SUD_VENDITE>2666,783000</SUD_VENDITE>
    <AUST_VENDITE>20,000000</AUST_VENDITE>
    <BRNN_VENDITE>1492,908000</BRNN_VENDITE>
    <COAC_VENDITE>0,000000</COAC_VENDITE>
    <CORS_VENDITE>0,000000</CORS_VENDITE>
    <FOGN_VENDITE>754,458000</FOGN_VENDITE>
    <FRAN_VENDITE>98,000000</FRAN_VENDITE>
    <GREC_VENDITE>463,000000</GREC_VENDITE>
    <MFTV_VENDITE>0,000000</MFTV_VENDITE>
    <PRGP_VENDITE>3,422000</PRGP_VENDITE>
    <ROSN_VENDITE>1500,841000</ROSN_VENDITE>
    <SLOV_VENDITE>0,000000</SLOV_VENDITE>
    <SVIZ_VENDITE>2321,000000</SVIZ_VENDITE>
    <BSP_VENDITE>572,000000</BSP_VENDITE>
    <MALT_VENDITE>0,000000</MALT_VENDITE>
    <XAUS_VENDITE>245,000000</XAUS_VENDITE>
    <XFRA_VENDITE>2372,000000</XFRA_VENDITE>
    <TOTITABSP_VENDITE>35846,576</TOTITABSP_VENDITE>
    <TOTITABSP_ACQUISTI>38463,576</TOTITABSP_ACQUISTI>
  </Quantita>
  <Quantita>
    <Data>20180411</Data>
    <Mercato>MGP</Mercato>
    <Ora>18</Ora>
    <TOTALE_ACQUISTI>37782,369</TOTALE_ACQUISTI>
    <NAT_ACQUISTI>37782,369000</NAT_ACQUISTI>
    <CNOR_ACQUISTI>4084,459000</CNOR_ACQUISTI>
    <CSUD_ACQUISTI>5564,197000</CSUD_ACQUISTI>
    <NORD_ACQUISTI>22034,218000</NORD_ACQUISTI>
    <SARD_ACQUISTI>1026,488000</SARD_ACQUISTI>
    <SICI_ACQUISTI>2065,452000</SICI_ACQUISTI>
    <SUD_ACQUISTI>2772,555000</SUD_ACQUISTI>
    <AUST_ACQUISTI>0,000000</AUST_ACQUISTI>
    <BRNN_ACQUISTI>0,000000</BRNN_ACQUISTI>
    <COAC_ACQUISTI>35,000000</COAC_ACQUISTI>
    <CORS_ACQUISTI>24,000000</CORS_ACQUISTI>
    <FOGN_ACQUISTI>0,000000</FOGN_ACQUISTI>
    <FRAN_ACQUISTI>0,000000</FRAN_ACQUISTI>
    <GREC_ACQUISTI>0,000000</GREC_ACQUISTI>
    <MFTV_ACQUISTI>0,000000</MFTV_ACQUISTI>
    <PRGP_ACQUISTI>0,000000</PRGP_ACQUISTI>
    <ROSN_ACQUISTI>0,000000</ROSN_ACQUISTI>
    <SLOV_ACQUISTI>0,000000</SLOV_ACQUISTI>
    <SVIZ_ACQUISTI>0,000000</SVIZ_ACQUISTI>
    <BSP_ACQUISTI>0,000000</BSP_ACQUISTI>
    <MALT_ACQUISTI>176,000000</MALT_ACQUISTI>
    <XAUS_ACQUISTI>0,000000</XAUS_ACQUISTI>
    <XFRA_ACQUISTI>0,000000</XFRA_ACQUISTI>
    <TOTALE_VENDITE>34708,369</TOTALE_VENDITE>
    <NAT_VENDITE>37782,369000</NAT_VENDITE>
    <CNOR_VENDITE>2876,724000</CNOR_VENDITE>
    <CSUD_VENDITE>3984,313000</CSUD_VENDITE>
    <NORD_VENDITE>16653,268000</NORD_VENDITE>
    <SARD_VENDITE>893,176000</SARD_VENDITE>
    <SICI_VENDITE>1617,942000</SICI_VENDITE>
    <SUD_VENDITE>2237,835000</SUD_VENDITE>
    <AUST_VENDITE>20,000000</AUST_VENDITE>
    <BRNN_VENDITE>1518,520000</BRNN_VENDITE>
    <COAC_VENDITE>0,000000</COAC_VENDITE>
    <CORS_VENDITE>0,000000</CORS_VENDITE>
    <FOGN_VENDITE>750,479000</FOGN_VENDITE>
    <FRAN_VENDITE>97,000000</FRAN_VENDITE>
    <GREC_VENDITE>475,000000</GREC_VENDITE>
    <MFTV_VENDITE>0,000000</MFTV_VENDITE>
    <PRGP_VENDITE>1,889000</PRGP_VENDITE>
    <ROSN_VENDITE>1143,223000</ROSN_VENDITE>
    <SLOV_VENDITE>0,000000</SLOV_VENDITE>
    <SVIZ_VENDITE>2439,000000</SVIZ_VENDITE>
    <BSP_VENDITE>552,000000</BSP_VENDITE>
    <MALT_VENDITE>0,000000</MALT_VENDITE>
    <XAUS_VENDITE>239,000000</XAUS_VENDITE>
    <XFRA_VENDITE>2283,000000</XFRA_VENDITE>
    <TOTITABSP_VENDITE>35260,369</TOTITABSP_VENDITE>
    <TOTITABSP_ACQUISTI>37782,369</TOTITABSP_ACQUISTI>
  </Quantita>
  <Quantita>
    <Data>20180411</Data>
    <Mercato>MGP</Mercato>
    <Ora>19</Ora>
    <TOTALE_ACQUISTI>37936,733</TOTALE_ACQUISTI>
    <NAT_ACQUISTI>37936,733000</NAT_ACQUISTI>
    <CNOR_ACQUISTI>4052,352000</CNOR_ACQUISTI>
    <CSUD_ACQUISTI>5625,630000</CSUD_ACQUISTI>
    <NORD_ACQUISTI>21859,956000</NORD_ACQUISTI>
    <SARD_ACQUISTI>1078,088000</SARD_ACQUISTI>
    <SICI_ACQUISTI>2145,589000</SICI_ACQUISTI>
    <SUD_ACQUISTI>2882,118000</SUD_ACQUISTI>
    <AUST_ACQUISTI>0,000000</AUST_ACQUISTI>
    <BRNN_ACQUISTI>0,000000</BRNN_ACQUISTI>
    <COAC_ACQUISTI>52,000000</COAC_ACQUISTI>
    <CORS_ACQUISTI>34,000000</CORS_ACQUISTI>
    <FOGN_ACQUISTI>0,000000</FOGN_ACQUISTI>
    <FRAN_ACQUISTI>0,000000</FRAN_ACQUISTI>
    <GREC_ACQUISTI>0,000000</GREC_ACQUISTI>
    <MFTV_ACQUISTI>0,000000</MFTV_ACQUISTI>
    <PRGP_ACQUISTI>0,000000</PRGP_ACQUISTI>
    <ROSN_ACQUISTI>0,000000</ROSN_ACQUISTI>
    <SLOV_ACQUISTI>0,000000</SLOV_ACQUISTI>
    <SVIZ_ACQUISTI>0,000000</SVIZ_ACQUISTI>
    <BSP_ACQUISTI>0,000000</BSP_ACQUISTI>
    <MALT_ACQUISTI>207,000000</MALT_ACQUISTI>
    <XAUS_ACQUISTI>0,000000</XAUS_ACQUISTI>
    <XFRA_ACQUISTI>0,000000</XFRA_ACQUISTI>
    <TOTALE_VENDITE>34418,733</TOTALE_VENDITE>
    <NAT_VENDITE>37936,733000</NAT_VENDITE>
    <CNOR_VENDITE>2824,294000</CNOR_VENDITE>
    <CSUD_VENDITE>3759,771000</CSUD_VENDITE>
    <NORD_VENDITE>16736,458000</NORD_VENDITE>
    <SARD_VENDITE>832,259000</SARD_VENDITE>
    <SICI_VENDITE>1399,877000</SICI_VENDITE>
    <SUD_VENDITE>1873,564000</SUD_VENDITE>
    <AUST_VENDITE>20,000000</AUST_VENDITE>
    <BRNN_VENDITE>1542,842000</BRNN_VENDITE>
    <COAC_VENDITE>0,000000</COAC_VENDITE>
    <CORS_VENDITE>0,000000</CORS_VENDITE>
    <FOGN_VENDITE>934,849000</FOGN_VENDITE>
    <FRAN_VENDITE>99,000000</FRAN_VENDITE>
    <GREC_VENDITE>500,000000</GREC_VENDITE>
    <MFTV_VENDITE>0,000000</MFTV_VENDITE>
    <PRGP_VENDITE>0,719000</PRGP_VENDITE>
    <ROSN_VENDITE>1143,100000</ROSN_VENDITE>
    <SLOV_VENDITE>0,000000</SLOV_VENDITE>
    <SVIZ_VENDITE>2752,000000</SVIZ_VENDITE>
    <BSP_VENDITE>631,000000</BSP_VENDITE>
    <MALT_VENDITE>0,000000</MALT_VENDITE>
    <XAUS_VENDITE>264,000000</XAUS_VENDITE>
    <XFRA_VENDITE>2623,000000</XFRA_VENDITE>
    <TOTITABSP_VENDITE>35049,733</TOTITABSP_VENDITE>
    <TOTITABSP_ACQUISTI>37936,733</TOTITABSP_ACQUISTI>
  </Quantita>
  <Quantita>
    <Data>20180411</Data>
    <Mercato>MGP</Mercato>
    <Ora>20</Ora>
    <TOTALE_ACQUISTI>38888,457</TOTALE_ACQUISTI>
    <NAT_ACQUISTI>38969,457000</NAT_ACQUISTI>
    <CNOR_ACQUISTI>4156,392000</CNOR_ACQUISTI>
    <CSUD_ACQUISTI>6027,918000</CSUD_ACQUISTI>
    <NORD_ACQUISTI>21899,979000</NORD_ACQUISTI>
    <SARD_ACQUISTI>1109,803000</SARD_ACQUISTI>
    <SICI_ACQUISTI>2294,044000</SICI_ACQUISTI>
    <SUD_ACQUISTI>3146,321000</SUD_ACQUISTI>
    <AUST_ACQUISTI>0,000000</AUST_ACQUISTI>
    <BRNN_ACQUISTI>0,000000</BRNN_ACQUISTI>
    <COAC_ACQUISTI>76,000000</COAC_ACQUISTI>
    <CORS_ACQUISTI>39,000000</CORS_ACQUISTI>
    <FOGN_ACQUISTI>0,000000</FOGN_ACQUISTI>
    <FRAN_ACQUISTI>0,000000</FRAN_ACQUISTI>
    <GREC_ACQUISTI>0,000000</GREC_ACQUISTI>
    <MFTV_ACQUISTI>0,000000</MFTV_ACQUISTI>
    <PRGP_ACQUISTI>0,000000</PRGP_ACQUISTI>
    <ROSN_ACQUISTI>0,000000</ROSN_ACQUISTI>
    <SLOV_ACQUISTI>0,000000</SLOV_ACQUISTI>
    <SVIZ_ACQUISTI>0,000000</SVIZ_ACQUISTI>
    <BSP_ACQUISTI>0,000000</BSP_ACQUISTI>
    <MALT_ACQUISTI>139,000000</MALT_ACQUISTI>
    <XAUS_ACQUISTI>0,000000</XAUS_ACQUISTI>
    <XFRA_ACQUISTI>0,000000</XFRA_ACQUISTI>
    <TOTALE_VENDITE>35370,457</TOTALE_VENDITE>
    <NAT_VENDITE>38969,457000</NAT_VENDITE>
    <CNOR_VENDITE>2696,450000</CNOR_VENDITE>
    <CSUD_VENDITE>3909,366000</CSUD_VENDITE>
    <NORD_VENDITE>17724,660000</NORD_VENDITE>
    <SARD_VENDITE>751,531000</SARD_VENDITE>
    <SICI_VENDITE>1242,997000</SICI_VENDITE>
    <SUD_VENDITE>1611,608000</SUD_VENDITE>
    <AUST_VENDITE>20,000000</AUST_VENDITE>
    <BRNN_VENDITE>1542,164000</BRNN_VENDITE>
    <COAC_VENDITE>0,000000</COAC_VENDITE>
    <CORS_VENDITE>0,000000</CORS_VENDITE>
    <FOGN_VENDITE>994,971000</FOGN_VENDITE>
    <FRAN_VENDITE>99,000000</FRAN_VENDITE>
    <GREC_VENDITE>420,000000</GREC_VENDITE>
    <MFTV_VENDITE>0,000000</MFTV_VENDITE>
    <PRGP_VENDITE>90,047000</PRGP_VENDITE>
    <ROSN_VENDITE>1515,663000</ROSN_VENDITE>
    <SLOV_VENDITE>0,000000</SLOV_VENDITE>
    <SVIZ_VENDITE>2752,000000</SVIZ_VENDITE>
    <BSP_VENDITE>631,000000</BSP_VENDITE>
    <MALT_VENDITE>0,000000</MALT_VENDITE>
    <XAUS_VENDITE>264,000000</XAUS_VENDITE>
    <XFRA_VENDITE>2623,000000</XFRA_VENDITE>
    <TOTITABSP_VENDITE>36001,457</TOTITABSP_VENDITE>
    <TOTITABSP_ACQUISTI>38888,457</TOTITABSP_ACQUISTI>
  </Quantita>
  <Quantita>
    <Data>20180411</Data>
    <Mercato>MGP</Mercato>
    <Ora>21</Ora>
    <TOTALE_ACQUISTI>39765,106</TOTALE_ACQUISTI>
    <NAT_ACQUISTI>39846,106000</NAT_ACQUISTI>
    <CNOR_ACQUISTI>4196,136000</CNOR_ACQUISTI>
    <CSUD_ACQUISTI>6353,649000</CSUD_ACQUISTI>
    <NORD_ACQUISTI>21962,308000</NORD_ACQUISTI>
    <SARD_ACQUISTI>1190,833000</SARD_ACQUISTI>
    <SICI_ACQUISTI>2461,229000</SICI_ACQUISTI>
    <SUD_ACQUISTI>3365,951000</SUD_ACQUISTI>
    <AUST_ACQUISTI>0,000000</AUST_ACQUISTI>
    <BRNN_ACQUISTI>0,000000</BRNN_ACQUISTI>
    <COAC_ACQUISTI>57,000000</COAC_ACQUISTI>
    <CORS_ACQUISTI>39,000000</CORS_ACQUISTI>
    <FOGN_ACQUISTI>0,000000</FOGN_ACQUISTI>
    <FRAN_ACQUISTI>0,000000</FRAN_ACQUISTI>
    <GREC_ACQUISTI>0,000000</GREC_ACQUISTI>
    <MFTV_ACQUISTI>0,000000</MFTV_ACQUISTI>
    <PRGP_ACQUISTI>0,000000</PRGP_ACQUISTI>
    <ROSN_ACQUISTI>0,000000</ROSN_ACQUISTI>
    <SLOV_ACQUISTI>0,000000</SLOV_ACQUISTI>
    <SVIZ_ACQUISTI>0,000000</SVIZ_ACQUISTI>
    <BSP_ACQUISTI>0,000000</BSP_ACQUISTI>
    <MALT_ACQUISTI>139,000000</MALT_ACQUISTI>
    <XAUS_ACQUISTI>0,000000</XAUS_ACQUISTI>
    <XFRA_ACQUISTI>0,000000</XFRA_ACQUISTI>
    <TOTALE_VENDITE>36247,106</TOTALE_VENDITE>
    <NAT_VENDITE>39846,106000</NAT_VENDITE>
    <CNOR_VENDITE>2694,832000</CNOR_VENDITE>
    <CSUD_VENDITE>3963,259000</CSUD_VENDITE>
    <NORD_VENDITE>18296,832000</NORD_VENDITE>
    <SARD_VENDITE>750,596000</SARD_VENDITE>
    <SICI_VENDITE>1358,420000</SICI_VENDITE>
    <SUD_VENDITE>1655,464000</SUD_VENDITE>
    <AUST_VENDITE>20,000000</AUST_VENDITE>
    <BRNN_VENDITE>1546,728000</BRNN_VENDITE>
    <COAC_VENDITE>0,000000</COAC_VENDITE>
    <CORS_VENDITE>0,000000</CORS_VENDITE>
    <FOGN_VENDITE>1001,639000</FOGN_VENDITE>
    <FRAN_VENDITE>99,000000</FRAN_VENDITE>
    <GREC_VENDITE>439,000000</GREC_VENDITE>
    <MFTV_VENDITE>0,000000</MFTV_VENDITE>
    <PRGP_VENDITE>141,809000</PRGP_VENDITE>
    <ROSN_VENDITE>1527,527000</ROSN_VENDITE>
    <SLOV_VENDITE>0,000000</SLOV_VENDITE>
    <SVIZ_VENDITE>2752,000000</SVIZ_VENDITE>
    <BSP_VENDITE>631,000000</BSP_VENDITE>
    <MALT_VENDITE>0,000000</MALT_VENDITE>
    <XAUS_VENDITE>264,000000</XAUS_VENDITE>
    <XFRA_VENDITE>2623,000000</XFRA_VENDITE>
    <TOTITABSP_VENDITE>36878,106</TOTITABSP_VENDITE>
    <TOTITABSP_ACQUISTI>39765,106</TOTITABSP_ACQUISTI>
  </Quantita>
  <Quantita>
    <Data>20180411</Data>
    <Mercato>MGP</Mercato>
    <Ora>22</Ora>
    <TOTALE_ACQUISTI>37187,689</TOTALE_ACQUISTI>
    <NAT_ACQUISTI>37280,093000</NAT_ACQUISTI>
    <CNOR_ACQUISTI>3968,958000</CNOR_ACQUISTI>
    <CSUD_ACQUISTI>5929,898000</CSUD_ACQUISTI>
    <NORD_ACQUISTI>20538,436000</NORD_ACQUISTI>
    <SARD_ACQUISTI>1129,301000</SARD_ACQUISTI>
    <SICI_ACQUISTI>2313,908000</SICI_ACQUISTI>
    <SUD_ACQUISTI>3107,188000</SUD_ACQUISTI>
    <AUST_ACQUISTI>0,000000</AUST_ACQUISTI>
    <BRNN_ACQUISTI>0,000000</BRNN_ACQUISTI>
    <COAC_ACQUISTI>42,000000</COAC_ACQUISTI>
    <CORS_ACQUISTI>39,000000</CORS_ACQUISTI>
    <FOGN_ACQUISTI>0,000000</FOGN_ACQUISTI>
    <FRAN_ACQUISTI>0,000000</FRAN_ACQUISTI>
    <GREC_ACQUISTI>0,000000</GREC_ACQUISTI>
    <MFTV_ACQUISTI>0,000000</MFTV_ACQUISTI>
    <PRGP_ACQUISTI>0,000000</PRGP_ACQUISTI>
    <ROSN_ACQUISTI>0,000000</ROSN_ACQUISTI>
    <SLOV_ACQUISTI>0,000000</SLOV_ACQUISTI>
    <SVIZ_ACQUISTI>0,000000</SVIZ_ACQUISTI>
    <BSP_ACQUISTI>0,000000</BSP_ACQUISTI>
    <MALT_ACQUISTI>119,000000</MALT_ACQUISTI>
    <XAUS_ACQUISTI>0,000000</XAUS_ACQUISTI>
    <XFRA_ACQUISTI>0,000000</XFRA_ACQUISTI>
    <TOTALE_VENDITE>34145,689</TOTALE_VENDITE>
    <NAT_VENDITE>37280,093000</NAT_VENDITE>
    <CNOR_VENDITE>2702,410000</CNOR_VENDITE>
    <CSUD_VENDITE>3899,937000</CSUD_VENDITE>
    <NORD_VENDITE>16808,190000</NORD_VENDITE>
    <SARD_VENDITE>764,609000</SARD_VENDITE>
    <SICI_VENDITE>1242,908000</SICI_VENDITE>
    <SUD_VENDITE>1714,105000</SUD_VENDITE>
    <AUST_VENDITE>20,000000</AUST_VENDITE>
    <BRNN_VENDITE>1553,123000</BRNN_VENDITE>
    <COAC_VENDITE>0,000000</COAC_VENDITE>
    <CORS_VENDITE>0,000000</CORS_VENDITE>
    <FOGN_VENDITE>836,279000</FOGN_VENDITE>
    <FRAN_VENDITE>96,000000</FRAN_VENDITE>
    <GREC_VENDITE>467,000000</GREC_VENDITE>
    <MFTV_VENDITE>0,000000</MFTV_VENDITE>
    <PRGP_VENDITE>90,000000</PRGP_VENDITE>
    <ROSN_VENDITE>1535,128000</ROSN_VENDITE>
    <SLOV_VENDITE>0,000000</SLOV_VENDITE>
    <SVIZ_VENDITE>2416,000000</SVIZ_VENDITE>
    <BSP_VENDITE>546,000000</BSP_VENDITE>
    <MALT_VENDITE>0,000000</MALT_VENDITE>
    <XAUS_VENDITE>237,000000</XAUS_VENDITE>
    <XFRA_VENDITE>2259,000000</XFRA_VENDITE>
    <TOTITABSP_VENDITE>34691,689</TOTITABSP_VENDITE>
    <TOTITABSP_ACQUISTI>37187,689</TOTITABSP_ACQUISTI>
  </Quantita>
  <Quantita>
    <Data>20180411</Data>
    <Mercato>MGP</Mercato>
    <Ora>23</Ora>
    <TOTALE_ACQUISTI>33579,995</TOTALE_ACQUISTI>
    <NAT_ACQUISTI>33591,995000</NAT_ACQUISTI>
    <CNOR_ACQUISTI>3577,800000</CNOR_ACQUISTI>
    <CSUD_ACQUISTI>5392,032000</CSUD_ACQUISTI>
    <NORD_ACQUISTI>18499,854000</NORD_ACQUISTI>
    <SARD_ACQUISTI>1039,635000</SARD_ACQUISTI>
    <SICI_ACQUISTI>2087,737000</SICI_ACQUISTI>
    <SUD_ACQUISTI>2742,937000</SUD_ACQUISTI>
    <AUST_ACQUISTI>0,000000</AUST_ACQUISTI>
    <BRNN_ACQUISTI>0,000000</BRNN_ACQUISTI>
    <COAC_ACQUISTI>43,000000</COAC_ACQUISTI>
    <CORS_ACQUISTI>39,000000</CORS_ACQUISTI>
    <FOGN_ACQUISTI>0,000000</FOGN_ACQUISTI>
    <FRAN_ACQUISTI>0,000000</FRAN_ACQUISTI>
    <GREC_ACQUISTI>0,000000</GREC_ACQUISTI>
    <MFTV_ACQUISTI>0,000000</MFTV_ACQUISTI>
    <PRGP_ACQUISTI>0,000000</PRGP_ACQUISTI>
    <ROSN_ACQUISTI>0,000000</ROSN_ACQUISTI>
    <SLOV_ACQUISTI>0,000000</SLOV_ACQUISTI>
    <SVIZ_ACQUISTI>0,000000</SVIZ_ACQUISTI>
    <BSP_ACQUISTI>0,000000</BSP_ACQUISTI>
    <MALT_ACQUISTI>158,000000</MALT_ACQUISTI>
    <XAUS_ACQUISTI>0,000000</XAUS_ACQUISTI>
    <XFRA_ACQUISTI>0,000000</XFRA_ACQUISTI>
    <TOTALE_VENDITE>30537,995</TOTALE_VENDITE>
    <NAT_VENDITE>33591,995000</NAT_VENDITE>
    <CNOR_VENDITE>2615,929000</CNOR_VENDITE>
    <CSUD_VENDITE>3508,567000</CSUD_VENDITE>
    <NORD_VENDITE>14222,361000</NORD_VENDITE>
    <SARD_VENDITE>772,362000</SARD_VENDITE>
    <SICI_VENDITE>1071,802000</SICI_VENDITE>
    <SUD_VENDITE>1598,572000</SUD_VENDITE>
    <AUST_VENDITE>20,000000</AUST_VENDITE>
    <BRNN_VENDITE>1420,226000</BRNN_VENDITE>
    <COAC_VENDITE>0,000000</COAC_VENDITE>
    <CORS_VENDITE>0,000000</CORS_VENDITE>
    <FOGN_VENDITE>747,827000</FOGN_VENDITE>
    <FRAN_VENDITE>96,000000</FRAN_VENDITE>
    <GREC_VENDITE>435,000000</GREC_VENDITE>
    <MFTV_VENDITE>0,000000</MFTV_VENDITE>
    <PRGP_VENDITE>73,935000</PRGP_VENDITE>
    <ROSN_VENDITE>1539,414000</ROSN_VENDITE>
    <SLOV_VENDITE>0,000000</SLOV_VENDITE>
    <SVIZ_VENDITE>2416,000000</SVIZ_VENDITE>
    <BSP_VENDITE>546,000000</BSP_VENDITE>
    <MALT_VENDITE>0,000000</MALT_VENDITE>
    <XAUS_VENDITE>237,000000</XAUS_VENDITE>
    <XFRA_VENDITE>2259,000000</XFRA_VENDITE>
    <TOTITABSP_VENDITE>31083,995</TOTITABSP_VENDITE>
    <TOTITABSP_ACQUISTI>33579,995</TOTITABSP_ACQUISTI>
  </Quantita>
  <Quantita>
    <Data>20180411</Data>
    <Mercato>MGP</Mercato>
    <Ora>24</Ora>
    <TOTALE_ACQUISTI>30090,814</TOTALE_ACQUISTI>
    <NAT_ACQUISTI>30090,814000</NAT_ACQUISTI>
    <CNOR_ACQUISTI>3200,467000</CNOR_ACQUISTI>
    <CSUD_ACQUISTI>4710,099000</CSUD_ACQUISTI>
    <NORD_ACQUISTI>16761,999000</NORD_ACQUISTI>
    <SARD_ACQUISTI>956,536000</SARD_ACQUISTI>
    <SICI_ACQUISTI>1857,303000</SICI_ACQUISTI>
    <SUD_ACQUISTI>2408,410000</SUD_ACQUISTI>
    <AUST_ACQUISTI>0,000000</AUST_ACQUISTI>
    <BRNN_ACQUISTI>0,000000</BRNN_ACQUISTI>
    <COAC_ACQUISTI>34,000000</COAC_ACQUISTI>
    <CORS_ACQUISTI>34,000000</CORS_ACQUISTI>
    <FOGN_ACQUISTI>0,000000</FOGN_ACQUISTI>
    <FRAN_ACQUISTI>0,000000</FRAN_ACQUISTI>
    <GREC_ACQUISTI>0,000000</GREC_ACQUISTI>
    <MFTV_ACQUISTI>0,000000</MFTV_ACQUISTI>
    <PRGP_ACQUISTI>0,000000</PRGP_ACQUISTI>
    <ROSN_ACQUISTI>0,000000</ROSN_ACQUISTI>
    <SLOV_ACQUISTI>0,000000</SLOV_ACQUISTI>
    <SVIZ_ACQUISTI>0,000000</SVIZ_ACQUISTI>
    <BSP_ACQUISTI>0,000000</BSP_ACQUISTI>
    <MALT_ACQUISTI>128,000000</MALT_ACQUISTI>
    <XAUS_ACQUISTI>0,000000</XAUS_ACQUISTI>
    <XFRA_ACQUISTI>0,000000</XFRA_ACQUISTI>
    <TOTALE_VENDITE>26991,814</TOTALE_VENDITE>
    <NAT_VENDITE>30090,814000</NAT_VENDITE>
    <CNOR_VENDITE>2307,145000</CNOR_VENDITE>
    <CSUD_VENDITE>2954,256000</CSUD_VENDITE>
    <NORD_VENDITE>12750,539000</NORD_VENDITE>
    <SARD_VENDITE>783,337000</SARD_VENDITE>
    <SICI_VENDITE>885,303000</SICI_VENDITE>
    <SUD_VENDITE>1574,048000</SUD_VENDITE>
    <AUST_VENDITE>20,000000</AUST_VENDITE>
    <BRNN_VENDITE>1419,920000</BRNN_VENDITE>
    <COAC_VENDITE>0,000000</COAC_VENDITE>
    <CORS_VENDITE>0,000000</CORS_VENDITE>
    <FOGN_VENDITE>371,986000</FOGN_VENDITE>
    <FRAN_VENDITE>98,000000</FRAN_VENDITE>
    <GREC_VENDITE>457,000000</GREC_VENDITE>
    <MFTV_VENDITE>0,000000</MFTV_VENDITE>
    <PRGP_VENDITE>0,000000</PRGP_VENDITE>
    <ROSN_VENDITE>1018,280000</ROSN_VENDITE>
    <SLOV_VENDITE>0,000000</SLOV_VENDITE>
    <SVIZ_VENDITE>2352,000000</SVIZ_VENDITE>
    <BSP_VENDITE>508,000000</BSP_VENDITE>
    <MALT_VENDITE>0,000000</MALT_VENDITE>
    <XAUS_VENDITE>236,000000</XAUS_VENDITE>
    <XFRA_VENDITE>2355,000000</XFRA_VENDITE>
    <TOTITABSP_VENDITE>27499,814</TOTITABSP_VENDITE>
    <TOTITABSP_ACQUISTI>30090,814</TOTITABSP_ACQUISTI>
  </Quantita>
</NewDataSet>