<?xml version="1.0" standalone="yes"?>
<NewDataSet>
  <xs:schema id="NewDataSet" xmlns="" xmlns:xs="http://www.w3.org/2001/XMLSchema" xmlns:msdata="urn:schemas-microsoft-com:xml-msdata">
    <xs:element name="NewDataSet" msdata:IsDataSet="true" msdata:UseCurrentLocale="true">
      <xs:complexType>
        <xs:choice minOccurs="0" maxOccurs="unbounded">
          <xs:element name="Quantita">
            <xs:complexType>
              <xs:sequence>
                <xs:element name="Data" type="xs:string" minOccurs="0" />
                <xs:element name="Mercato" type="xs:string" minOccurs="0" />
                <xs:element name="Ora" type="xs:string" minOccurs="0" />
                <xs:element name="TOTALE_ACQUISTI" type="xs:string" minOccurs="0" />
                <xs:element name="NAT_ACQUISTI" type="xs:string" minOccurs="0" />
                <xs:element name="CNOR_ACQUISTI" type="xs:string" minOccurs="0" />
                <xs:element name="CSUD_ACQUISTI" type="xs:string" minOccurs="0" />
                <xs:element name="NORD_ACQUISTI" type="xs:string" minOccurs="0" />
                <xs:element name="SARD_ACQUISTI" type="xs:string" minOccurs="0" />
                <xs:element name="SICI_ACQUISTI" type="xs:string" minOccurs="0" />
                <xs:element name="SUD_ACQUISTI" type="xs:string" minOccurs="0" />
                <xs:element name="AUST_ACQUISTI" type="xs:string" minOccurs="0" />
                <xs:element name="BRNN_ACQUISTI" type="xs:string" minOccurs="0" />
                <xs:element name="COAC_ACQUISTI" type="xs:string" minOccurs="0" />
                <xs:element name="CORS_ACQUISTI" type="xs:string" minOccurs="0" />
                <xs:element name="FOGN_ACQUISTI" type="xs:string" minOccurs="0" />
                <xs:element name="FRAN_ACQUISTI" type="xs:string" minOccurs="0" />
                <xs:element name="GREC_ACQUISTI" type="xs:string" minOccurs="0" />
                <xs:element name="MFTV_ACQUISTI" type="xs:string" minOccurs="0" />
                <xs:element name="PRGP_ACQUISTI" type="xs:string" minOccurs="0" />
                <xs:element name="ROSN_ACQUISTI" type="xs:string" minOccurs="0" />
                <xs:element name="SLOV_ACQUISTI" type="xs:string" minOccurs="0" />
                <xs:element name="SVIZ_ACQUISTI" type="xs:string" minOccurs="0" />
                <xs:element name="BSP_ACQUISTI" type="xs:string" minOccurs="0" />
                <xs:element name="MALT_ACQUISTI" type="xs:string" minOccurs="0" />
                <xs:element name="XAUS_ACQUISTI" type="xs:string" minOccurs="0" />
                <xs:element name="XFRA_ACQUISTI" type="xs:string" minOccurs="0" />
                <xs:element name="TOTALE_VENDITE" type="xs:string" minOccurs="0" />
                <xs:element name="NAT_VENDITE" type="xs:string" minOccurs="0" />
                <xs:element name="CNOR_VENDITE" type="xs:string" minOccurs="0" />
                <xs:element name="CSUD_VENDITE" type="xs:string" minOccurs="0" />
                <xs:element name="NORD_VENDITE" type="xs:string" minOccurs="0" />
                <xs:element name="SARD_VENDITE" type="xs:string" minOccurs="0" />
                <xs:element name="SICI_VENDITE" type="xs:string" minOccurs="0" />
                <xs:element name="SUD_VENDITE" type="xs:string" minOccurs="0" />
                <xs:element name="AUST_VENDITE" type="xs:string" minOccurs="0" />
                <xs:element name="BRNN_VENDITE" type="xs:string" minOccurs="0" />
                <xs:element name="COAC_VENDITE" type="xs:string" minOccurs="0" />
                <xs:element name="CORS_VENDITE" type="xs:string" minOccurs="0" />
                <xs:element name="FOGN_VENDITE" type="xs:string" minOccurs="0" />
                <xs:element name="FRAN_VENDITE" type="xs:string" minOccurs="0" />
                <xs:element name="GREC_VENDITE" type="xs:string" minOccurs="0" />
                <xs:element name="MFTV_VENDITE" type="xs:string" minOccurs="0" />
                <xs:element name="PRGP_VENDITE" type="xs:string" minOccurs="0" />
                <xs:element name="ROSN_VENDITE" type="xs:string" minOccurs="0" />
                <xs:element name="SLOV_VENDITE" type="xs:string" minOccurs="0" />
                <xs:element name="SVIZ_VENDITE" type="xs:string" minOccurs="0" />
                <xs:element name="BSP_VENDITE" type="xs:string" minOccurs="0" />
                <xs:element name="MALT_VENDITE" type="xs:string" minOccurs="0" />
                <xs:element name="XAUS_VENDITE" type="xs:string" minOccurs="0" />
                <xs:element name="XFRA_VENDITE" type="xs:string" minOccurs="0" />
                <xs:element name="TOTITABSP_VENDITE" msdata:ReadOnly="true" msdata:Expression="Convert(TOTALE_VENDITE, System.Double) + Convert(BSP_VENDITE,System.Double)" type="xs:string" minOccurs="0" />
                <xs:element name="TOTITABSP_ACQUISTI" msdata:ReadOnly="true" msdata:Expression="Convert(TOTALE_ACQUISTI, System.Double) + Convert(BSP_ACQUISTI, System.Double)" type="xs:string" minOccurs="0" />
              </xs:sequence>
            </xs:complexType>
          </xs:element>
        </xs:choice>
      </xs:complexType>
    </xs:element>
  </xs:schema>
  <Quantita>
    <Data>20180424</Data>
    <Mercato>MGP</Mercato>
    <Ora>1</Ora>
    <TOTALE_ACQUISTI>27290,606</TOTALE_ACQUISTI>
    <NAT_ACQUISTI>27399,986000</NAT_ACQUISTI>
    <CNOR_ACQUISTI>2826,270000</CNOR_ACQUISTI>
    <CSUD_ACQUISTI>4141,420000</CSUD_ACQUISTI>
    <NORD_ACQUISTI>15115,077000</NORD_ACQUISTI>
    <SARD_ACQUISTI>841,779000</SARD_ACQUISTI>
    <SICI_ACQUISTI>1642,807000</SICI_ACQUISTI>
    <SUD_ACQUISTI>2214,253000</SUD_ACQUISTI>
    <AUST_ACQUISTI>0,000000</AUST_ACQUISTI>
    <BRNN_ACQUISTI>0,000000</BRNN_ACQUISTI>
    <COAC_ACQUISTI>5,000000</COAC_ACQUISTI>
    <CORS_ACQUISTI>10,000000</CORS_ACQUISTI>
    <FOGN_ACQUISTI>0,000000</FOGN_ACQUISTI>
    <FRAN_ACQUISTI>0,000000</FRAN_ACQUISTI>
    <GREC_ACQUISTI>408,000000</GREC_ACQUISTI>
    <MFTV_ACQUISTI>0,000000</MFTV_ACQUISTI>
    <PRGP_ACQUISTI>0,000000</PRGP_ACQUISTI>
    <ROSN_ACQUISTI>0,000000</ROSN_ACQUISTI>
    <SLOV_ACQUISTI>0,000000</SLOV_ACQUISTI>
    <SVIZ_ACQUISTI>50,000000</SVIZ_ACQUISTI>
    <BSP_ACQUISTI>0,000000</BSP_ACQUISTI>
    <MALT_ACQUISTI>36,000000</MALT_ACQUISTI>
    <XAUS_ACQUISTI>0,000000</XAUS_ACQUISTI>
    <XFRA_ACQUISTI>0,000000</XFRA_ACQUISTI>
    <TOTALE_VENDITE>24295,335</TOTALE_VENDITE>
    <NAT_VENDITE>27399,986000</NAT_VENDITE>
    <CNOR_VENDITE>1526,270000</CNOR_VENDITE>
    <CSUD_VENDITE>1832,510000</CSUD_VENDITE>
    <NORD_VENDITE>11881,806000</NORD_VENDITE>
    <SARD_VENDITE>732,286000</SARD_VENDITE>
    <SICI_VENDITE>983,615000</SICI_VENDITE>
    <SUD_VENDITE>1428,263000</SUD_VENDITE>
    <AUST_VENDITE>20,000000</AUST_VENDITE>
    <BRNN_VENDITE>869,647000</BRNN_VENDITE>
    <COAC_VENDITE>0,000000</COAC_VENDITE>
    <CORS_VENDITE>0,000000</CORS_VENDITE>
    <FOGN_VENDITE>403,357000</FOGN_VENDITE>
    <FRAN_VENDITE>99,000000</FRAN_VENDITE>
    <GREC_VENDITE>437,000000</GREC_VENDITE>
    <MFTV_VENDITE>0,000000</MFTV_VENDITE>
    <PRGP_VENDITE>140,000000</PRGP_VENDITE>
    <ROSN_VENDITE>72,581000</ROSN_VENDITE>
    <SLOV_VENDITE>0,000000</SLOV_VENDITE>
    <SVIZ_VENDITE>3869,000000</SVIZ_VENDITE>
    <BSP_VENDITE>663,000000</BSP_VENDITE>
    <MALT_VENDITE>0,000000</MALT_VENDITE>
    <XAUS_VENDITE>275,000000</XAUS_VENDITE>
    <XFRA_VENDITE>2057,271000</XFRA_VENDITE>
    <TOTITABSP_VENDITE>24958,335</TOTITABSP_VENDITE>
    <TOTITABSP_ACQUISTI>27290,606</TOTITABSP_ACQUISTI>
  </Quantita>
  <Quantita>
    <Data>20180424</Data>
    <Mercato>MGP</Mercato>
    <Ora>2</Ora>
    <TOTALE_ACQUISTI>25812,537</TOTALE_ACQUISTI>
    <NAT_ACQUISTI>25818,106000</NAT_ACQUISTI>
    <CNOR_ACQUISTI>2685,315000</CNOR_ACQUISTI>
    <CSUD_ACQUISTI>3820,206000</CSUD_ACQUISTI>
    <NORD_ACQUISTI>14387,184000</NORD_ACQUISTI>
    <SARD_ACQUISTI>808,764000</SARD_ACQUISTI>
    <SICI_ACQUISTI>1500,830000</SICI_ACQUISTI>
    <SUD_ACQUISTI>2035,238000</SUD_ACQUISTI>
    <AUST_ACQUISTI>0,000000</AUST_ACQUISTI>
    <BRNN_ACQUISTI>0,000000</BRNN_ACQUISTI>
    <COAC_ACQUISTI>5,000000</COAC_ACQUISTI>
    <CORS_ACQUISTI>10,000000</CORS_ACQUISTI>
    <FOGN_ACQUISTI>0,000000</FOGN_ACQUISTI>
    <FRAN_ACQUISTI>0,000000</FRAN_ACQUISTI>
    <GREC_ACQUISTI>468,000000</GREC_ACQUISTI>
    <MFTV_ACQUISTI>0,000000</MFTV_ACQUISTI>
    <PRGP_ACQUISTI>0,000000</PRGP_ACQUISTI>
    <ROSN_ACQUISTI>0,000000</ROSN_ACQUISTI>
    <SLOV_ACQUISTI>0,000000</SLOV_ACQUISTI>
    <SVIZ_ACQUISTI>50,000000</SVIZ_ACQUISTI>
    <BSP_ACQUISTI>0,000000</BSP_ACQUISTI>
    <MALT_ACQUISTI>42,000000</MALT_ACQUISTI>
    <XAUS_ACQUISTI>0,000000</XAUS_ACQUISTI>
    <XFRA_ACQUISTI>0,000000</XFRA_ACQUISTI>
    <TOTALE_VENDITE>23294,964</TOTALE_VENDITE>
    <NAT_VENDITE>25818,106000</NAT_VENDITE>
    <CNOR_VENDITE>1600,346000</CNOR_VENDITE>
    <CSUD_VENDITE>1695,948000</CSUD_VENDITE>
    <NORD_VENDITE>11391,580000</NORD_VENDITE>
    <SARD_VENDITE>736,236000</SARD_VENDITE>
    <SICI_VENDITE>865,993000</SICI_VENDITE>
    <SUD_VENDITE>1552,331000</SUD_VENDITE>
    <AUST_VENDITE>20,000000</AUST_VENDITE>
    <BRNN_VENDITE>763,665000</BRNN_VENDITE>
    <COAC_VENDITE>0,000000</COAC_VENDITE>
    <CORS_VENDITE>0,000000</CORS_VENDITE>
    <FOGN_VENDITE>158,654000</FOGN_VENDITE>
    <FRAN_VENDITE>99,000000</FRAN_VENDITE>
    <GREC_VENDITE>445,000000</GREC_VENDITE>
    <MFTV_VENDITE>0,000000</MFTV_VENDITE>
    <PRGP_VENDITE>0,000000</PRGP_VENDITE>
    <ROSN_VENDITE>72,211000</ROSN_VENDITE>
    <SLOV_VENDITE>0,000000</SLOV_VENDITE>
    <SVIZ_VENDITE>3894,000000</SVIZ_VENDITE>
    <BSP_VENDITE>663,000000</BSP_VENDITE>
    <MALT_VENDITE>0,000000</MALT_VENDITE>
    <XAUS_VENDITE>275,000000</XAUS_VENDITE>
    <XFRA_VENDITE>1579,573000</XFRA_VENDITE>
    <TOTITABSP_VENDITE>23957,964</TOTITABSP_VENDITE>
    <TOTITABSP_ACQUISTI>25812,537</TOTITABSP_ACQUISTI>
  </Quantita>
  <Quantita>
    <Data>20180424</Data>
    <Mercato>MGP</Mercato>
    <Ora>3</Ora>
    <TOTALE_ACQUISTI>24900,445</TOTALE_ACQUISTI>
    <NAT_ACQUISTI>25092,798000</NAT_ACQUISTI>
    <CNOR_ACQUISTI>2542,811000</CNOR_ACQUISTI>
    <CSUD_ACQUISTI>3657,049000</CSUD_ACQUISTI>
    <NORD_ACQUISTI>14000,347000</NORD_ACQUISTI>
    <SARD_ACQUISTI>786,789000</SARD_ACQUISTI>
    <SICI_ACQUISTI>1432,550000</SICI_ACQUISTI>
    <SUD_ACQUISTI>1948,899000</SUD_ACQUISTI>
    <AUST_ACQUISTI>0,000000</AUST_ACQUISTI>
    <BRNN_ACQUISTI>0,000000</BRNN_ACQUISTI>
    <COAC_ACQUISTI>5,000000</COAC_ACQUISTI>
    <CORS_ACQUISTI>10,000000</CORS_ACQUISTI>
    <FOGN_ACQUISTI>0,000000</FOGN_ACQUISTI>
    <FRAN_ACQUISTI>0,000000</FRAN_ACQUISTI>
    <GREC_ACQUISTI>427,000000</GREC_ACQUISTI>
    <MFTV_ACQUISTI>0,000000</MFTV_ACQUISTI>
    <PRGP_ACQUISTI>0,000000</PRGP_ACQUISTI>
    <ROSN_ACQUISTI>0,000000</ROSN_ACQUISTI>
    <SLOV_ACQUISTI>0,000000</SLOV_ACQUISTI>
    <SVIZ_ACQUISTI>50,000000</SVIZ_ACQUISTI>
    <BSP_ACQUISTI>0,000000</BSP_ACQUISTI>
    <MALT_ACQUISTI>40,000000</MALT_ACQUISTI>
    <XAUS_ACQUISTI>0,000000</XAUS_ACQUISTI>
    <XFRA_ACQUISTI>0,000000</XFRA_ACQUISTI>
    <TOTALE_VENDITE>21931,58</TOTALE_VENDITE>
    <NAT_VENDITE>25092,798000</NAT_VENDITE>
    <CNOR_VENDITE>1516,426000</CNOR_VENDITE>
    <CSUD_VENDITE>1291,232000</CSUD_VENDITE>
    <NORD_VENDITE>10494,867000</NORD_VENDITE>
    <SARD_VENDITE>739,290000</SARD_VENDITE>
    <SICI_VENDITE>856,087000</SICI_VENDITE>
    <SUD_VENDITE>1574,644000</SUD_VENDITE>
    <AUST_VENDITE>20,000000</AUST_VENDITE>
    <BRNN_VENDITE>767,040000</BRNN_VENDITE>
    <COAC_VENDITE>0,000000</COAC_VENDITE>
    <CORS_VENDITE>0,000000</CORS_VENDITE>
    <FOGN_VENDITE>160,136000</FOGN_VENDITE>
    <FRAN_VENDITE>99,000000</FRAN_VENDITE>
    <GREC_VENDITE>448,000000</GREC_VENDITE>
    <MFTV_VENDITE>0,000000</MFTV_VENDITE>
    <PRGP_VENDITE>0,000000</PRGP_VENDITE>
    <ROSN_VENDITE>70,858000</ROSN_VENDITE>
    <SLOV_VENDITE>0,000000</SLOV_VENDITE>
    <SVIZ_VENDITE>3894,000000</SVIZ_VENDITE>
    <BSP_VENDITE>533,000000</BSP_VENDITE>
    <MALT_VENDITE>0,000000</MALT_VENDITE>
    <XAUS_VENDITE>275,000000</XAUS_VENDITE>
    <XFRA_VENDITE>2160,865000</XFRA_VENDITE>
    <TOTITABSP_VENDITE>22464,58</TOTITABSP_VENDITE>
    <TOTITABSP_ACQUISTI>24900,445</TOTITABSP_ACQUISTI>
  </Quantita>
  <Quantita>
    <Data>20180424</Data>
    <Mercato>MGP</Mercato>
    <Ora>4</Ora>
    <TOTALE_ACQUISTI>24600,502</TOTALE_ACQUISTI>
    <NAT_ACQUISTI>24822,858000</NAT_ACQUISTI>
    <CNOR_ACQUISTI>2515,244000</CNOR_ACQUISTI>
    <CSUD_ACQUISTI>3595,432000</CSUD_ACQUISTI>
    <NORD_ACQUISTI>13908,420000</NORD_ACQUISTI>
    <SARD_ACQUISTI>784,284000</SARD_ACQUISTI>
    <SICI_ACQUISTI>1416,304000</SICI_ACQUISTI>
    <SUD_ACQUISTI>1932,818000</SUD_ACQUISTI>
    <AUST_ACQUISTI>0,000000</AUST_ACQUISTI>
    <BRNN_ACQUISTI>0,000000</BRNN_ACQUISTI>
    <COAC_ACQUISTI>5,000000</COAC_ACQUISTI>
    <CORS_ACQUISTI>5,000000</CORS_ACQUISTI>
    <FOGN_ACQUISTI>0,000000</FOGN_ACQUISTI>
    <FRAN_ACQUISTI>0,000000</FRAN_ACQUISTI>
    <GREC_ACQUISTI>348,000000</GREC_ACQUISTI>
    <MFTV_ACQUISTI>0,000000</MFTV_ACQUISTI>
    <PRGP_ACQUISTI>0,000000</PRGP_ACQUISTI>
    <ROSN_ACQUISTI>0,000000</ROSN_ACQUISTI>
    <SLOV_ACQUISTI>0,000000</SLOV_ACQUISTI>
    <SVIZ_ACQUISTI>50,000000</SVIZ_ACQUISTI>
    <BSP_ACQUISTI>0,000000</BSP_ACQUISTI>
    <MALT_ACQUISTI>40,000000</MALT_ACQUISTI>
    <XAUS_ACQUISTI>0,000000</XAUS_ACQUISTI>
    <XFRA_ACQUISTI>0,000000</XFRA_ACQUISTI>
    <TOTALE_VENDITE>21242,36</TOTALE_VENDITE>
    <NAT_VENDITE>24822,858000</NAT_VENDITE>
    <CNOR_VENDITE>1454,360000</CNOR_VENDITE>
    <CSUD_VENDITE>1132,004000</CSUD_VENDITE>
    <NORD_VENDITE>10241,162000</NORD_VENDITE>
    <SARD_VENDITE>743,318000</SARD_VENDITE>
    <SICI_VENDITE>859,199000</SICI_VENDITE>
    <SUD_VENDITE>1548,199000</SUD_VENDITE>
    <AUST_VENDITE>20,000000</AUST_VENDITE>
    <BRNN_VENDITE>768,266000</BRNN_VENDITE>
    <COAC_VENDITE>0,000000</COAC_VENDITE>
    <CORS_VENDITE>0,000000</CORS_VENDITE>
    <FOGN_VENDITE>161,673000</FOGN_VENDITE>
    <FRAN_VENDITE>99,000000</FRAN_VENDITE>
    <GREC_VENDITE>447,000000</GREC_VENDITE>
    <MFTV_VENDITE>0,000000</MFTV_VENDITE>
    <PRGP_VENDITE>0,000000</PRGP_VENDITE>
    <ROSN_VENDITE>67,179000</ROSN_VENDITE>
    <SLOV_VENDITE>0,000000</SLOV_VENDITE>
    <SVIZ_VENDITE>3701,000000</SVIZ_VENDITE>
    <BSP_VENDITE>628,000000</BSP_VENDITE>
    <MALT_VENDITE>0,000000</MALT_VENDITE>
    <XAUS_VENDITE>275,000000</XAUS_VENDITE>
    <XFRA_VENDITE>2455,142000</XFRA_VENDITE>
    <TOTITABSP_VENDITE>21870,36</TOTITABSP_VENDITE>
    <TOTITABSP_ACQUISTI>24600,502</TOTITABSP_ACQUISTI>
  </Quantita>
  <Quantita>
    <Data>20180424</Data>
    <Mercato>MGP</Mercato>
    <Ora>5</Ora>
    <TOTALE_ACQUISTI>24918,2</TOTALE_ACQUISTI>
    <NAT_ACQUISTI>25079,200000</NAT_ACQUISTI>
    <CNOR_ACQUISTI>2585,415000</CNOR_ACQUISTI>
    <CSUD_ACQUISTI>3624,757000</CSUD_ACQUISTI>
    <NORD_ACQUISTI>14040,020000</NORD_ACQUISTI>
    <SARD_ACQUISTI>789,704000</SARD_ACQUISTI>
    <SICI_ACQUISTI>1424,193000</SICI_ACQUISTI>
    <SUD_ACQUISTI>1968,111000</SUD_ACQUISTI>
    <AUST_ACQUISTI>0,000000</AUST_ACQUISTI>
    <BRNN_ACQUISTI>0,000000</BRNN_ACQUISTI>
    <COAC_ACQUISTI>5,000000</COAC_ACQUISTI>
    <CORS_ACQUISTI>5,000000</CORS_ACQUISTI>
    <FOGN_ACQUISTI>0,000000</FOGN_ACQUISTI>
    <FRAN_ACQUISTI>0,000000</FRAN_ACQUISTI>
    <GREC_ACQUISTI>378,000000</GREC_ACQUISTI>
    <MFTV_ACQUISTI>0,000000</MFTV_ACQUISTI>
    <PRGP_ACQUISTI>0,000000</PRGP_ACQUISTI>
    <ROSN_ACQUISTI>0,000000</ROSN_ACQUISTI>
    <SLOV_ACQUISTI>0,000000</SLOV_ACQUISTI>
    <SVIZ_ACQUISTI>50,000000</SVIZ_ACQUISTI>
    <BSP_ACQUISTI>0,000000</BSP_ACQUISTI>
    <MALT_ACQUISTI>48,000000</MALT_ACQUISTI>
    <XAUS_ACQUISTI>0,000000</XAUS_ACQUISTI>
    <XFRA_ACQUISTI>0,000000</XFRA_ACQUISTI>
    <TOTALE_VENDITE>21321,696</TOTALE_VENDITE>
    <NAT_VENDITE>25079,200000</NAT_VENDITE>
    <CNOR_VENDITE>1450,420000</CNOR_VENDITE>
    <CSUD_VENDITE>1340,215000</CSUD_VENDITE>
    <NORD_VENDITE>10268,101000</NORD_VENDITE>
    <SARD_VENDITE>743,321000</SARD_VENDITE>
    <SICI_VENDITE>829,067000</SICI_VENDITE>
    <SUD_VENDITE>1490,863000</SUD_VENDITE>
    <AUST_VENDITE>20,000000</AUST_VENDITE>
    <BRNN_VENDITE>767,472000</BRNN_VENDITE>
    <COAC_VENDITE>0,000000</COAC_VENDITE>
    <CORS_VENDITE>0,000000</CORS_VENDITE>
    <FOGN_VENDITE>163,198000</FOGN_VENDITE>
    <FRAN_VENDITE>99,000000</FRAN_VENDITE>
    <GREC_VENDITE>445,000000</GREC_VENDITE>
    <MFTV_VENDITE>0,000000</MFTV_VENDITE>
    <PRGP_VENDITE>0,000000</PRGP_VENDITE>
    <ROSN_VENDITE>63,629000</ROSN_VENDITE>
    <SLOV_VENDITE>0,000000</SLOV_VENDITE>
    <SVIZ_VENDITE>3641,410000</SVIZ_VENDITE>
    <BSP_VENDITE>550,000000</BSP_VENDITE>
    <MALT_VENDITE>0,000000</MALT_VENDITE>
    <XAUS_VENDITE>275,000000</XAUS_VENDITE>
    <XFRA_VENDITE>2771,504000</XFRA_VENDITE>
    <TOTITABSP_VENDITE>21871,696</TOTITABSP_VENDITE>
    <TOTITABSP_ACQUISTI>24918,2</TOTITABSP_ACQUISTI>
  </Quantita>
  <Quantita>
    <Data>20180424</Data>
    <Mercato>MGP</Mercato>
    <Ora>6</Ora>
    <TOTALE_ACQUISTI>26470,483</TOTALE_ACQUISTI>
    <NAT_ACQUISTI>26417,172000</NAT_ACQUISTI>
    <CNOR_ACQUISTI>2758,075000</CNOR_ACQUISTI>
    <CSUD_ACQUISTI>3805,948000</CSUD_ACQUISTI>
    <NORD_ACQUISTI>14933,839000</NORD_ACQUISTI>
    <SARD_ACQUISTI>810,615000</SARD_ACQUISTI>
    <SICI_ACQUISTI>1493,868000</SICI_ACQUISTI>
    <SUD_ACQUISTI>2030,138000</SUD_ACQUISTI>
    <AUST_ACQUISTI>0,000000</AUST_ACQUISTI>
    <BRNN_ACQUISTI>0,000000</BRNN_ACQUISTI>
    <COAC_ACQUISTI>5,000000</COAC_ACQUISTI>
    <CORS_ACQUISTI>9,000000</CORS_ACQUISTI>
    <FOGN_ACQUISTI>0,000000</FOGN_ACQUISTI>
    <FRAN_ACQUISTI>0,000000</FRAN_ACQUISTI>
    <GREC_ACQUISTI>503,000000</GREC_ACQUISTI>
    <MFTV_ACQUISTI>0,000000</MFTV_ACQUISTI>
    <PRGP_ACQUISTI>0,000000</PRGP_ACQUISTI>
    <ROSN_ACQUISTI>0,000000</ROSN_ACQUISTI>
    <SLOV_ACQUISTI>0,000000</SLOV_ACQUISTI>
    <SVIZ_ACQUISTI>50,000000</SVIZ_ACQUISTI>
    <BSP_ACQUISTI>0,000000</BSP_ACQUISTI>
    <MALT_ACQUISTI>71,000000</MALT_ACQUISTI>
    <XAUS_ACQUISTI>0,000000</XAUS_ACQUISTI>
    <XFRA_ACQUISTI>0,000000</XFRA_ACQUISTI>
    <TOTALE_VENDITE>23184,487</TOTALE_VENDITE>
    <NAT_VENDITE>26417,172000</NAT_VENDITE>
    <CNOR_VENDITE>1601,363000</CNOR_VENDITE>
    <CSUD_VENDITE>1521,180000</CSUD_VENDITE>
    <NORD_VENDITE>11434,555000</NORD_VENDITE>
    <SARD_VENDITE>745,271000</SARD_VENDITE>
    <SICI_VENDITE>830,841000</SICI_VENDITE>
    <SUD_VENDITE>1595,364000</SUD_VENDITE>
    <AUST_VENDITE>20,000000</AUST_VENDITE>
    <BRNN_VENDITE>785,903000</BRNN_VENDITE>
    <COAC_VENDITE>0,000000</COAC_VENDITE>
    <CORS_VENDITE>0,000000</CORS_VENDITE>
    <FOGN_VENDITE>352,270000</FOGN_VENDITE>
    <FRAN_VENDITE>99,000000</FRAN_VENDITE>
    <GREC_VENDITE>360,000000</GREC_VENDITE>
    <MFTV_VENDITE>0,000000</MFTV_VENDITE>
    <PRGP_VENDITE>0,000000</PRGP_VENDITE>
    <ROSN_VENDITE>137,740000</ROSN_VENDITE>
    <SLOV_VENDITE>0,000000</SLOV_VENDITE>
    <SVIZ_VENDITE>3701,000000</SVIZ_VENDITE>
    <BSP_VENDITE>621,000000</BSP_VENDITE>
    <MALT_VENDITE>0,000000</MALT_VENDITE>
    <XAUS_VENDITE>275,000000</XAUS_VENDITE>
    <XFRA_VENDITE>2389,996000</XFRA_VENDITE>
    <TOTITABSP_VENDITE>23805,487</TOTITABSP_VENDITE>
    <TOTITABSP_ACQUISTI>26470,483</TOTITABSP_ACQUISTI>
  </Quantita>
  <Quantita>
    <Data>20180424</Data>
    <Mercato>MGP</Mercato>
    <Ora>7</Ora>
    <TOTALE_ACQUISTI>29025,861</TOTALE_ACQUISTI>
    <NAT_ACQUISTI>29198,861000</NAT_ACQUISTI>
    <CNOR_ACQUISTI>3033,793000</CNOR_ACQUISTI>
    <CSUD_ACQUISTI>4157,437000</CSUD_ACQUISTI>
    <NORD_ACQUISTI>16920,743000</NORD_ACQUISTI>
    <SARD_ACQUISTI>877,122000</SARD_ACQUISTI>
    <SICI_ACQUISTI>1563,718000</SICI_ACQUISTI>
    <SUD_ACQUISTI>2090,048000</SUD_ACQUISTI>
    <AUST_ACQUISTI>0,000000</AUST_ACQUISTI>
    <BRNN_ACQUISTI>0,000000</BRNN_ACQUISTI>
    <COAC_ACQUISTI>5,000000</COAC_ACQUISTI>
    <CORS_ACQUISTI>18,000000</CORS_ACQUISTI>
    <FOGN_ACQUISTI>0,000000</FOGN_ACQUISTI>
    <FRAN_ACQUISTI>0,000000</FRAN_ACQUISTI>
    <GREC_ACQUISTI>250,000000</GREC_ACQUISTI>
    <MFTV_ACQUISTI>0,000000</MFTV_ACQUISTI>
    <PRGP_ACQUISTI>0,000000</PRGP_ACQUISTI>
    <ROSN_ACQUISTI>0,000000</ROSN_ACQUISTI>
    <SLOV_ACQUISTI>0,000000</SLOV_ACQUISTI>
    <SVIZ_ACQUISTI>0,000000</SVIZ_ACQUISTI>
    <BSP_ACQUISTI>0,000000</BSP_ACQUISTI>
    <MALT_ACQUISTI>110,000000</MALT_ACQUISTI>
    <XAUS_ACQUISTI>0,000000</XAUS_ACQUISTI>
    <XFRA_ACQUISTI>0,000000</XFRA_ACQUISTI>
    <TOTALE_VENDITE>25242,861</TOTALE_VENDITE>
    <NAT_VENDITE>29198,861000</NAT_VENDITE>
    <CNOR_VENDITE>1870,453000</CNOR_VENDITE>
    <CSUD_VENDITE>1611,383000</CSUD_VENDITE>
    <NORD_VENDITE>12922,083000</NORD_VENDITE>
    <SARD_VENDITE>745,837000</SARD_VENDITE>
    <SICI_VENDITE>861,714000</SICI_VENDITE>
    <SUD_VENDITE>1475,955000</SUD_VENDITE>
    <AUST_VENDITE>20,000000</AUST_VENDITE>
    <BRNN_VENDITE>958,010000</BRNN_VENDITE>
    <COAC_VENDITE>0,000000</COAC_VENDITE>
    <CORS_VENDITE>0,000000</CORS_VENDITE>
    <FOGN_VENDITE>504,172000</FOGN_VENDITE>
    <FRAN_VENDITE>99,000000</FRAN_VENDITE>
    <GREC_VENDITE>241,000000</GREC_VENDITE>
    <MFTV_VENDITE>0,000000</MFTV_VENDITE>
    <PRGP_VENDITE>0,269000</PRGP_VENDITE>
    <ROSN_VENDITE>272,985000</ROSN_VENDITE>
    <SLOV_VENDITE>0,000000</SLOV_VENDITE>
    <SVIZ_VENDITE>3660,000000</SVIZ_VENDITE>
    <BSP_VENDITE>620,000000</BSP_VENDITE>
    <MALT_VENDITE>0,000000</MALT_VENDITE>
    <XAUS_VENDITE>275,000000</XAUS_VENDITE>
    <XFRA_VENDITE>2888,000000</XFRA_VENDITE>
    <TOTITABSP_VENDITE>25862,861</TOTITABSP_VENDITE>
    <TOTITABSP_ACQUISTI>29025,861</TOTITABSP_ACQUISTI>
  </Quantita>
  <Quantita>
    <Data>20180424</Data>
    <Mercato>MGP</Mercato>
    <Ora>8</Ora>
    <TOTALE_ACQUISTI>34162,566</TOTALE_ACQUISTI>
    <NAT_ACQUISTI>34162,566000</NAT_ACQUISTI>
    <CNOR_ACQUISTI>3631,276000</CNOR_ACQUISTI>
    <CSUD_ACQUISTI>4892,218000</CSUD_ACQUISTI>
    <NORD_ACQUISTI>19882,266000</NORD_ACQUISTI>
    <SARD_ACQUISTI>1001,564000</SARD_ACQUISTI>
    <SICI_ACQUISTI>1850,190000</SICI_ACQUISTI>
    <SUD_ACQUISTI>2555,052000</SUD_ACQUISTI>
    <AUST_ACQUISTI>0,000000</AUST_ACQUISTI>
    <BRNN_ACQUISTI>0,000000</BRNN_ACQUISTI>
    <COAC_ACQUISTI>0,000000</COAC_ACQUISTI>
    <CORS_ACQUISTI>11,000000</CORS_ACQUISTI>
    <FOGN_ACQUISTI>0,000000</FOGN_ACQUISTI>
    <FRAN_ACQUISTI>0,000000</FRAN_ACQUISTI>
    <GREC_ACQUISTI>228,000000</GREC_ACQUISTI>
    <MFTV_ACQUISTI>0,000000</MFTV_ACQUISTI>
    <PRGP_ACQUISTI>0,000000</PRGP_ACQUISTI>
    <ROSN_ACQUISTI>0,000000</ROSN_ACQUISTI>
    <SLOV_ACQUISTI>0,000000</SLOV_ACQUISTI>
    <SVIZ_ACQUISTI>0,000000</SVIZ_ACQUISTI>
    <BSP_ACQUISTI>0,000000</BSP_ACQUISTI>
    <MALT_ACQUISTI>111,000000</MALT_ACQUISTI>
    <XAUS_ACQUISTI>0,000000</XAUS_ACQUISTI>
    <XFRA_ACQUISTI>0,000000</XFRA_ACQUISTI>
    <TOTALE_VENDITE>31111,566</TOTALE_VENDITE>
    <NAT_VENDITE>34162,566000</NAT_VENDITE>
    <CNOR_VENDITE>2538,824000</CNOR_VENDITE>
    <CSUD_VENDITE>2072,682000</CSUD_VENDITE>
    <NORD_VENDITE>16845,185000</NORD_VENDITE>
    <SARD_VENDITE>776,344000</SARD_VENDITE>
    <SICI_VENDITE>1009,869000</SICI_VENDITE>
    <SUD_VENDITE>1709,469000</SUD_VENDITE>
    <AUST_VENDITE>20,000000</AUST_VENDITE>
    <BRNN_VENDITE>1001,115000</BRNN_VENDITE>
    <COAC_VENDITE>0,000000</COAC_VENDITE>
    <CORS_VENDITE>0,000000</CORS_VENDITE>
    <FOGN_VENDITE>896,215000</FOGN_VENDITE>
    <FRAN_VENDITE>99,000000</FRAN_VENDITE>
    <GREC_VENDITE>406,000000</GREC_VENDITE>
    <MFTV_VENDITE>0,000000</MFTV_VENDITE>
    <PRGP_VENDITE>1,845000</PRGP_VENDITE>
    <ROSN_VENDITE>404,018000</ROSN_VENDITE>
    <SLOV_VENDITE>0,000000</SLOV_VENDITE>
    <SVIZ_VENDITE>3331,000000</SVIZ_VENDITE>
    <BSP_VENDITE>550,000000</BSP_VENDITE>
    <MALT_VENDITE>0,000000</MALT_VENDITE>
    <XAUS_VENDITE>231,000000</XAUS_VENDITE>
    <XFRA_VENDITE>2270,000000</XFRA_VENDITE>
    <TOTITABSP_VENDITE>31661,566</TOTITABSP_VENDITE>
    <TOTITABSP_ACQUISTI>34162,566</TOTITABSP_ACQUISTI>
  </Quantita>
  <Quantita>
    <Data>20180424</Data>
    <Mercato>MGP</Mercato>
    <Ora>9</Ora>
    <TOTALE_ACQUISTI>38248,677</TOTALE_ACQUISTI>
    <NAT_ACQUISTI>38248,677000</NAT_ACQUISTI>
    <CNOR_ACQUISTI>4136,444000</CNOR_ACQUISTI>
    <CSUD_ACQUISTI>5454,184000</CSUD_ACQUISTI>
    <NORD_ACQUISTI>22425,402000</NORD_ACQUISTI>
    <SARD_ACQUISTI>1084,375000</SARD_ACQUISTI>
    <SICI_ACQUISTI>2087,728000</SICI_ACQUISTI>
    <SUD_ACQUISTI>2763,544000</SUD_ACQUISTI>
    <AUST_ACQUISTI>0,000000</AUST_ACQUISTI>
    <BRNN_ACQUISTI>0,000000</BRNN_ACQUISTI>
    <COAC_ACQUISTI>0,000000</COAC_ACQUISTI>
    <CORS_ACQUISTI>11,000000</CORS_ACQUISTI>
    <FOGN_ACQUISTI>0,000000</FOGN_ACQUISTI>
    <FRAN_ACQUISTI>0,000000</FRAN_ACQUISTI>
    <GREC_ACQUISTI>188,000000</GREC_ACQUISTI>
    <MFTV_ACQUISTI>0,000000</MFTV_ACQUISTI>
    <PRGP_ACQUISTI>0,000000</PRGP_ACQUISTI>
    <ROSN_ACQUISTI>0,000000</ROSN_ACQUISTI>
    <SLOV_ACQUISTI>0,000000</SLOV_ACQUISTI>
    <SVIZ_ACQUISTI>0,000000</SVIZ_ACQUISTI>
    <BSP_ACQUISTI>0,000000</BSP_ACQUISTI>
    <MALT_ACQUISTI>98,000000</MALT_ACQUISTI>
    <XAUS_ACQUISTI>0,000000</XAUS_ACQUISTI>
    <XFRA_ACQUISTI>0,000000</XFRA_ACQUISTI>
    <TOTALE_VENDITE>35924,677</TOTALE_VENDITE>
    <NAT_VENDITE>38248,677000</NAT_VENDITE>
    <CNOR_VENDITE>2993,413000</CNOR_VENDITE>
    <CSUD_VENDITE>2814,463000</CSUD_VENDITE>
    <NORD_VENDITE>19201,802000</NORD_VENDITE>
    <SARD_VENDITE>892,617000</SARD_VENDITE>
    <SICI_VENDITE>1254,315000</SICI_VENDITE>
    <SUD_VENDITE>2335,350000</SUD_VENDITE>
    <AUST_VENDITE>20,000000</AUST_VENDITE>
    <BRNN_VENDITE>1084,841000</BRNN_VENDITE>
    <COAC_VENDITE>0,000000</COAC_VENDITE>
    <CORS_VENDITE>0,000000</CORS_VENDITE>
    <FOGN_VENDITE>1364,314000</FOGN_VENDITE>
    <FRAN_VENDITE>99,000000</FRAN_VENDITE>
    <GREC_VENDITE>531,000000</GREC_VENDITE>
    <MFTV_VENDITE>0,000000</MFTV_VENDITE>
    <PRGP_VENDITE>4,174000</PRGP_VENDITE>
    <ROSN_VENDITE>773,388000</ROSN_VENDITE>
    <SLOV_VENDITE>0,000000</SLOV_VENDITE>
    <SVIZ_VENDITE>2556,000000</SVIZ_VENDITE>
    <BSP_VENDITE>424,000000</BSP_VENDITE>
    <MALT_VENDITE>0,000000</MALT_VENDITE>
    <XAUS_VENDITE>172,000000</XAUS_VENDITE>
    <XFRA_VENDITE>1728,000000</XFRA_VENDITE>
    <TOTITABSP_VENDITE>36348,677</TOTITABSP_VENDITE>
    <TOTITABSP_ACQUISTI>38248,677</TOTITABSP_ACQUISTI>
  </Quantita>
  <Quantita>
    <Data>20180424</Data>
    <Mercato>MGP</Mercato>
    <Ora>10</Ora>
    <TOTALE_ACQUISTI>38910,185</TOTALE_ACQUISTI>
    <NAT_ACQUISTI>38910,185000</NAT_ACQUISTI>
    <CNOR_ACQUISTI>4250,761000</CNOR_ACQUISTI>
    <CSUD_ACQUISTI>5698,260000</CSUD_ACQUISTI>
    <NORD_ACQUISTI>22773,215000</NORD_ACQUISTI>
    <SARD_ACQUISTI>1070,240000</SARD_ACQUISTI>
    <SICI_ACQUISTI>2122,783000</SICI_ACQUISTI>
    <SUD_ACQUISTI>2775,926000</SUD_ACQUISTI>
    <AUST_ACQUISTI>0,000000</AUST_ACQUISTI>
    <BRNN_ACQUISTI>0,000000</BRNN_ACQUISTI>
    <COAC_ACQUISTI>0,000000</COAC_ACQUISTI>
    <CORS_ACQUISTI>11,000000</CORS_ACQUISTI>
    <FOGN_ACQUISTI>0,000000</FOGN_ACQUISTI>
    <FRAN_ACQUISTI>0,000000</FRAN_ACQUISTI>
    <GREC_ACQUISTI>208,000000</GREC_ACQUISTI>
    <MFTV_ACQUISTI>0,000000</MFTV_ACQUISTI>
    <PRGP_ACQUISTI>0,000000</PRGP_ACQUISTI>
    <ROSN_ACQUISTI>0,000000</ROSN_ACQUISTI>
    <SLOV_ACQUISTI>0,000000</SLOV_ACQUISTI>
    <SVIZ_ACQUISTI>0,000000</SVIZ_ACQUISTI>
    <BSP_ACQUISTI>0,000000</BSP_ACQUISTI>
    <MALT_ACQUISTI>0,000000</MALT_ACQUISTI>
    <XAUS_ACQUISTI>0,000000</XAUS_ACQUISTI>
    <XFRA_ACQUISTI>0,000000</XFRA_ACQUISTI>
    <TOTALE_VENDITE>37311,185</TOTALE_VENDITE>
    <NAT_VENDITE>38910,185000</NAT_VENDITE>
    <CNOR_VENDITE>3207,908000</CNOR_VENDITE>
    <CSUD_VENDITE>3289,330000</CSUD_VENDITE>
    <NORD_VENDITE>19906,483000</NORD_VENDITE>
    <SARD_VENDITE>973,473000</SARD_VENDITE>
    <SICI_VENDITE>1418,368000</SICI_VENDITE>
    <SUD_VENDITE>2671,428000</SUD_VENDITE>
    <AUST_VENDITE>20,000000</AUST_VENDITE>
    <BRNN_VENDITE>1216,369000</BRNN_VENDITE>
    <COAC_VENDITE>0,000000</COAC_VENDITE>
    <CORS_VENDITE>0,000000</CORS_VENDITE>
    <FOGN_VENDITE>1387,540000</FOGN_VENDITE>
    <FRAN_VENDITE>99,000000</FRAN_VENDITE>
    <GREC_VENDITE>575,000000</GREC_VENDITE>
    <MFTV_VENDITE>0,000000</MFTV_VENDITE>
    <PRGP_VENDITE>6,533000</PRGP_VENDITE>
    <ROSN_VENDITE>758,753000</ROSN_VENDITE>
    <SLOV_VENDITE>0,000000</SLOV_VENDITE>
    <SVIZ_VENDITE>1781,000000</SVIZ_VENDITE>
    <BSP_VENDITE>298,000000</BSP_VENDITE>
    <MALT_VENDITE>0,000000</MALT_VENDITE>
    <XAUS_VENDITE>114,000000</XAUS_VENDITE>
    <XFRA_VENDITE>1187,000000</XFRA_VENDITE>
    <TOTITABSP_VENDITE>37609,185</TOTITABSP_VENDITE>
    <TOTITABSP_ACQUISTI>38910,185</TOTITABSP_ACQUISTI>
  </Quantita>
  <Quantita>
    <Data>20180424</Data>
    <Mercato>MGP</Mercato>
    <Ora>11</Ora>
    <TOTALE_ACQUISTI>38508,787</TOTALE_ACQUISTI>
    <NAT_ACQUISTI>38508,787000</NAT_ACQUISTI>
    <CNOR_ACQUISTI>4194,054000</CNOR_ACQUISTI>
    <CSUD_ACQUISTI>5660,878000</CSUD_ACQUISTI>
    <NORD_ACQUISTI>22480,221000</NORD_ACQUISTI>
    <SARD_ACQUISTI>1018,647000</SARD_ACQUISTI>
    <SICI_ACQUISTI>2059,827000</SICI_ACQUISTI>
    <SUD_ACQUISTI>2744,160000</SUD_ACQUISTI>
    <AUST_ACQUISTI>0,000000</AUST_ACQUISTI>
    <BRNN_ACQUISTI>0,000000</BRNN_ACQUISTI>
    <COAC_ACQUISTI>0,000000</COAC_ACQUISTI>
    <CORS_ACQUISTI>11,000000</CORS_ACQUISTI>
    <FOGN_ACQUISTI>0,000000</FOGN_ACQUISTI>
    <FRAN_ACQUISTI>0,000000</FRAN_ACQUISTI>
    <GREC_ACQUISTI>268,000000</GREC_ACQUISTI>
    <MFTV_ACQUISTI>0,000000</MFTV_ACQUISTI>
    <PRGP_ACQUISTI>0,000000</PRGP_ACQUISTI>
    <ROSN_ACQUISTI>0,000000</ROSN_ACQUISTI>
    <SLOV_ACQUISTI>0,000000</SLOV_ACQUISTI>
    <SVIZ_ACQUISTI>0,000000</SVIZ_ACQUISTI>
    <BSP_ACQUISTI>0,000000</BSP_ACQUISTI>
    <MALT_ACQUISTI>72,000000</MALT_ACQUISTI>
    <XAUS_ACQUISTI>0,000000</XAUS_ACQUISTI>
    <XFRA_ACQUISTI>0,000000</XFRA_ACQUISTI>
    <TOTALE_VENDITE>37612,787</TOTALE_VENDITE>
    <NAT_VENDITE>38508,787000</NAT_VENDITE>
    <CNOR_VENDITE>3379,674000</CNOR_VENDITE>
    <CSUD_VENDITE>3670,813000</CSUD_VENDITE>
    <NORD_VENDITE>20087,660000</NORD_VENDITE>
    <SARD_VENDITE>1044,173000</SARD_VENDITE>
    <SICI_VENDITE>1506,494000</SICI_VENDITE>
    <SUD_VENDITE>2867,238000</SUD_VENDITE>
    <AUST_VENDITE>0,000000</AUST_VENDITE>
    <BRNN_VENDITE>1197,065000</BRNN_VENDITE>
    <COAC_VENDITE>0,000000</COAC_VENDITE>
    <CORS_VENDITE>0,000000</CORS_VENDITE>
    <FOGN_VENDITE>1364,668000</FOGN_VENDITE>
    <FRAN_VENDITE>99,000000</FRAN_VENDITE>
    <GREC_VENDITE>636,000000</GREC_VENDITE>
    <MFTV_VENDITE>0,000000</MFTV_VENDITE>
    <PRGP_VENDITE>8,321000</PRGP_VENDITE>
    <ROSN_VENDITE>746,681000</ROSN_VENDITE>
    <SLOV_VENDITE>0,000000</SLOV_VENDITE>
    <SVIZ_VENDITE>1005,000000</SVIZ_VENDITE>
    <BSP_VENDITE>173,000000</BSP_VENDITE>
    <MALT_VENDITE>0,000000</MALT_VENDITE>
    <XAUS_VENDITE>75,000000</XAUS_VENDITE>
    <XFRA_VENDITE>648,000000</XFRA_VENDITE>
    <TOTITABSP_VENDITE>37785,787</TOTITABSP_VENDITE>
    <TOTITABSP_ACQUISTI>38508,787</TOTITABSP_ACQUISTI>
  </Quantita>
  <Quantita>
    <Data>20180424</Data>
    <Mercato>MGP</Mercato>
    <Ora>12</Ora>
    <TOTALE_ACQUISTI>38067,093</TOTALE_ACQUISTI>
    <NAT_ACQUISTI>38067,093000</NAT_ACQUISTI>
    <CNOR_ACQUISTI>4125,131000</CNOR_ACQUISTI>
    <CSUD_ACQUISTI>5645,895000</CSUD_ACQUISTI>
    <NORD_ACQUISTI>22170,355000</NORD_ACQUISTI>
    <SARD_ACQUISTI>988,839000</SARD_ACQUISTI>
    <SICI_ACQUISTI>2010,606000</SICI_ACQUISTI>
    <SUD_ACQUISTI>2705,267000</SUD_ACQUISTI>
    <AUST_ACQUISTI>0,000000</AUST_ACQUISTI>
    <BRNN_ACQUISTI>0,000000</BRNN_ACQUISTI>
    <COAC_ACQUISTI>0,000000</COAC_ACQUISTI>
    <CORS_ACQUISTI>11,000000</CORS_ACQUISTI>
    <FOGN_ACQUISTI>0,000000</FOGN_ACQUISTI>
    <FRAN_ACQUISTI>0,000000</FRAN_ACQUISTI>
    <GREC_ACQUISTI>358,000000</GREC_ACQUISTI>
    <MFTV_ACQUISTI>0,000000</MFTV_ACQUISTI>
    <PRGP_ACQUISTI>0,000000</PRGP_ACQUISTI>
    <ROSN_ACQUISTI>0,000000</ROSN_ACQUISTI>
    <SLOV_ACQUISTI>0,000000</SLOV_ACQUISTI>
    <SVIZ_ACQUISTI>0,000000</SVIZ_ACQUISTI>
    <BSP_ACQUISTI>0,000000</BSP_ACQUISTI>
    <MALT_ACQUISTI>52,000000</MALT_ACQUISTI>
    <XAUS_ACQUISTI>0,000000</XAUS_ACQUISTI>
    <XFRA_ACQUISTI>0,000000</XFRA_ACQUISTI>
    <TOTALE_VENDITE>37171,093</TOTALE_VENDITE>
    <NAT_VENDITE>38067,093000</NAT_VENDITE>
    <CNOR_VENDITE>3300,948000</CNOR_VENDITE>
    <CSUD_VENDITE>3871,368000</CSUD_VENDITE>
    <NORD_VENDITE>19453,968000</NORD_VENDITE>
    <SARD_VENDITE>1114,936000</SARD_VENDITE>
    <SICI_VENDITE>1580,120000</SICI_VENDITE>
    <SUD_VENDITE>3074,669000</SUD_VENDITE>
    <AUST_VENDITE>0,000000</AUST_VENDITE>
    <BRNN_VENDITE>1192,888000</BRNN_VENDITE>
    <COAC_VENDITE>0,000000</COAC_VENDITE>
    <CORS_VENDITE>0,000000</CORS_VENDITE>
    <FOGN_VENDITE>1353,270000</FOGN_VENDITE>
    <FRAN_VENDITE>99,000000</FRAN_VENDITE>
    <GREC_VENDITE>377,079000</GREC_VENDITE>
    <MFTV_VENDITE>0,000000</MFTV_VENDITE>
    <PRGP_VENDITE>9,367000</PRGP_VENDITE>
    <ROSN_VENDITE>738,480000</ROSN_VENDITE>
    <SLOV_VENDITE>0,000000</SLOV_VENDITE>
    <SVIZ_VENDITE>1005,000000</SVIZ_VENDITE>
    <BSP_VENDITE>173,000000</BSP_VENDITE>
    <MALT_VENDITE>0,000000</MALT_VENDITE>
    <XAUS_VENDITE>75,000000</XAUS_VENDITE>
    <XFRA_VENDITE>648,000000</XFRA_VENDITE>
    <TOTITABSP_VENDITE>37344,093</TOTITABSP_VENDITE>
    <TOTITABSP_ACQUISTI>38067,093</TOTITABSP_ACQUISTI>
  </Quantita>
  <Quantita>
    <Data>20180424</Data>
    <Mercato>MGP</Mercato>
    <Ora>13</Ora>
    <TOTALE_ACQUISTI>36218,221</TOTALE_ACQUISTI>
    <NAT_ACQUISTI>36218,221000</NAT_ACQUISTI>
    <CNOR_ACQUISTI>3900,162000</CNOR_ACQUISTI>
    <CSUD_ACQUISTI>5599,843000</CSUD_ACQUISTI>
    <NORD_ACQUISTI>20676,029000</NORD_ACQUISTI>
    <SARD_ACQUISTI>984,888000</SARD_ACQUISTI>
    <SICI_ACQUISTI>1970,180000</SICI_ACQUISTI>
    <SUD_ACQUISTI>2703,119000</SUD_ACQUISTI>
    <AUST_ACQUISTI>0,000000</AUST_ACQUISTI>
    <BRNN_ACQUISTI>0,000000</BRNN_ACQUISTI>
    <COAC_ACQUISTI>0,000000</COAC_ACQUISTI>
    <CORS_ACQUISTI>8,000000</CORS_ACQUISTI>
    <FOGN_ACQUISTI>0,000000</FOGN_ACQUISTI>
    <FRAN_ACQUISTI>0,000000</FRAN_ACQUISTI>
    <GREC_ACQUISTI>306,000000</GREC_ACQUISTI>
    <MFTV_ACQUISTI>0,000000</MFTV_ACQUISTI>
    <PRGP_ACQUISTI>0,000000</PRGP_ACQUISTI>
    <ROSN_ACQUISTI>0,000000</ROSN_ACQUISTI>
    <SLOV_ACQUISTI>0,000000</SLOV_ACQUISTI>
    <SVIZ_ACQUISTI>0,000000</SVIZ_ACQUISTI>
    <BSP_ACQUISTI>0,000000</BSP_ACQUISTI>
    <MALT_ACQUISTI>70,000000</MALT_ACQUISTI>
    <XAUS_ACQUISTI>0,000000</XAUS_ACQUISTI>
    <XFRA_ACQUISTI>0,000000</XFRA_ACQUISTI>
    <TOTALE_VENDITE>35322,221</TOTALE_VENDITE>
    <NAT_VENDITE>36218,221000</NAT_VENDITE>
    <CNOR_VENDITE>3151,621000</CNOR_VENDITE>
    <CSUD_VENDITE>3951,621000</CSUD_VENDITE>
    <NORD_VENDITE>17985,896000</NORD_VENDITE>
    <SARD_VENDITE>1155,162000</SARD_VENDITE>
    <SICI_VENDITE>1568,850000</SICI_VENDITE>
    <SUD_VENDITE>3174,085000</SUD_VENDITE>
    <AUST_VENDITE>0,000000</AUST_VENDITE>
    <BRNN_VENDITE>1189,337000</BRNN_VENDITE>
    <COAC_VENDITE>0,000000</COAC_VENDITE>
    <CORS_VENDITE>0,000000</CORS_VENDITE>
    <FOGN_VENDITE>1320,683000</FOGN_VENDITE>
    <FRAN_VENDITE>99,000000</FRAN_VENDITE>
    <GREC_VENDITE>311,000000</GREC_VENDITE>
    <MFTV_VENDITE>0,000000</MFTV_VENDITE>
    <PRGP_VENDITE>9,803000</PRGP_VENDITE>
    <ROSN_VENDITE>400,163000</ROSN_VENDITE>
    <SLOV_VENDITE>0,000000</SLOV_VENDITE>
    <SVIZ_VENDITE>1005,000000</SVIZ_VENDITE>
    <BSP_VENDITE>173,000000</BSP_VENDITE>
    <MALT_VENDITE>0,000000</MALT_VENDITE>
    <XAUS_VENDITE>75,000000</XAUS_VENDITE>
    <XFRA_VENDITE>648,000000</XFRA_VENDITE>
    <TOTITABSP_VENDITE>35495,221</TOTITABSP_VENDITE>
    <TOTITABSP_ACQUISTI>36218,221</TOTITABSP_ACQUISTI>
  </Quantita>
  <Quantita>
    <Data>20180424</Data>
    <Mercato>MGP</Mercato>
    <Ora>14</Ora>
    <TOTALE_ACQUISTI>35984,642</TOTALE_ACQUISTI>
    <NAT_ACQUISTI>35984,642000</NAT_ACQUISTI>
    <CNOR_ACQUISTI>3800,292000</CNOR_ACQUISTI>
    <CSUD_ACQUISTI>5443,156000</CSUD_ACQUISTI>
    <NORD_ACQUISTI>20825,375000</NORD_ACQUISTI>
    <SARD_ACQUISTI>952,332000</SARD_ACQUISTI>
    <SICI_ACQUISTI>1902,840000</SICI_ACQUISTI>
    <SUD_ACQUISTI>2582,643000</SUD_ACQUISTI>
    <AUST_ACQUISTI>0,000000</AUST_ACQUISTI>
    <BRNN_ACQUISTI>0,000000</BRNN_ACQUISTI>
    <COAC_ACQUISTI>0,000000</COAC_ACQUISTI>
    <CORS_ACQUISTI>5,000000</CORS_ACQUISTI>
    <FOGN_ACQUISTI>0,000000</FOGN_ACQUISTI>
    <FRAN_ACQUISTI>0,000000</FRAN_ACQUISTI>
    <GREC_ACQUISTI>417,004000</GREC_ACQUISTI>
    <MFTV_ACQUISTI>0,000000</MFTV_ACQUISTI>
    <PRGP_ACQUISTI>0,000000</PRGP_ACQUISTI>
    <ROSN_ACQUISTI>0,000000</ROSN_ACQUISTI>
    <SLOV_ACQUISTI>0,000000</SLOV_ACQUISTI>
    <SVIZ_ACQUISTI>0,000000</SVIZ_ACQUISTI>
    <BSP_ACQUISTI>0,000000</BSP_ACQUISTI>
    <MALT_ACQUISTI>56,000000</MALT_ACQUISTI>
    <XAUS_ACQUISTI>0,000000</XAUS_ACQUISTI>
    <XFRA_ACQUISTI>0,000000</XFRA_ACQUISTI>
    <TOTALE_VENDITE>35088,642</TOTALE_VENDITE>
    <NAT_VENDITE>35984,642000</NAT_VENDITE>
    <CNOR_VENDITE>3009,786000</CNOR_VENDITE>
    <CSUD_VENDITE>3919,109000</CSUD_VENDITE>
    <NORD_VENDITE>18025,875000</NORD_VENDITE>
    <SARD_VENDITE>1169,525000</SARD_VENDITE>
    <SICI_VENDITE>1617,302000</SICI_VENDITE>
    <SUD_VENDITE>3209,050000</SUD_VENDITE>
    <AUST_VENDITE>0,000000</AUST_VENDITE>
    <BRNN_VENDITE>1182,285000</BRNN_VENDITE>
    <COAC_VENDITE>0,000000</COAC_VENDITE>
    <CORS_VENDITE>0,000000</CORS_VENDITE>
    <FOGN_VENDITE>1132,795000</FOGN_VENDITE>
    <FRAN_VENDITE>99,000000</FRAN_VENDITE>
    <GREC_VENDITE>307,000000</GREC_VENDITE>
    <MFTV_VENDITE>0,000000</MFTV_VENDITE>
    <PRGP_VENDITE>9,652000</PRGP_VENDITE>
    <ROSN_VENDITE>402,263000</ROSN_VENDITE>
    <SLOV_VENDITE>0,000000</SLOV_VENDITE>
    <SVIZ_VENDITE>1005,000000</SVIZ_VENDITE>
    <BSP_VENDITE>173,000000</BSP_VENDITE>
    <MALT_VENDITE>0,000000</MALT_VENDITE>
    <XAUS_VENDITE>75,000000</XAUS_VENDITE>
    <XFRA_VENDITE>648,000000</XFRA_VENDITE>
    <TOTITABSP_VENDITE>35261,642</TOTITABSP_VENDITE>
    <TOTITABSP_ACQUISTI>35984,642</TOTITABSP_ACQUISTI>
  </Quantita>
  <Quantita>
    <Data>20180424</Data>
    <Mercato>MGP</Mercato>
    <Ora>15</Ora>
    <TOTALE_ACQUISTI>36544,93</TOTALE_ACQUISTI>
    <NAT_ACQUISTI>36544,930000</NAT_ACQUISTI>
    <CNOR_ACQUISTI>3976,177000</CNOR_ACQUISTI>
    <CSUD_ACQUISTI>5452,803000</CSUD_ACQUISTI>
    <NORD_ACQUISTI>21388,318000</NORD_ACQUISTI>
    <SARD_ACQUISTI>929,539000</SARD_ACQUISTI>
    <SICI_ACQUISTI>1890,339000</SICI_ACQUISTI>
    <SUD_ACQUISTI>2520,754000</SUD_ACQUISTI>
    <AUST_ACQUISTI>0,000000</AUST_ACQUISTI>
    <BRNN_ACQUISTI>0,000000</BRNN_ACQUISTI>
    <COAC_ACQUISTI>0,000000</COAC_ACQUISTI>
    <CORS_ACQUISTI>5,000000</CORS_ACQUISTI>
    <FOGN_ACQUISTI>0,000000</FOGN_ACQUISTI>
    <FRAN_ACQUISTI>0,000000</FRAN_ACQUISTI>
    <GREC_ACQUISTI>316,000000</GREC_ACQUISTI>
    <MFTV_ACQUISTI>0,000000</MFTV_ACQUISTI>
    <PRGP_ACQUISTI>0,000000</PRGP_ACQUISTI>
    <ROSN_ACQUISTI>0,000000</ROSN_ACQUISTI>
    <SLOV_ACQUISTI>0,000000</SLOV_ACQUISTI>
    <SVIZ_ACQUISTI>0,000000</SVIZ_ACQUISTI>
    <BSP_ACQUISTI>0,000000</BSP_ACQUISTI>
    <MALT_ACQUISTI>66,000000</MALT_ACQUISTI>
    <XAUS_ACQUISTI>0,000000</XAUS_ACQUISTI>
    <XFRA_ACQUISTI>0,000000</XFRA_ACQUISTI>
    <TOTALE_VENDITE>35648,93</TOTALE_VENDITE>
    <NAT_VENDITE>36544,930000</NAT_VENDITE>
    <CNOR_VENDITE>3294,508000</CNOR_VENDITE>
    <CSUD_VENDITE>3889,039000</CSUD_VENDITE>
    <NORD_VENDITE>18208,736000</NORD_VENDITE>
    <SARD_VENDITE>1159,554000</SARD_VENDITE>
    <SICI_VENDITE>1614,530000</SICI_VENDITE>
    <SUD_VENDITE>3075,964000</SUD_VENDITE>
    <AUST_VENDITE>0,000000</AUST_VENDITE>
    <BRNN_VENDITE>1187,011000</BRNN_VENDITE>
    <COAC_VENDITE>0,000000</COAC_VENDITE>
    <CORS_VENDITE>0,000000</CORS_VENDITE>
    <FOGN_VENDITE>1226,515000</FOGN_VENDITE>
    <FRAN_VENDITE>99,000000</FRAN_VENDITE>
    <GREC_VENDITE>309,000000</GREC_VENDITE>
    <MFTV_VENDITE>0,000000</MFTV_VENDITE>
    <PRGP_VENDITE>8,823000</PRGP_VENDITE>
    <ROSN_VENDITE>571,250000</ROSN_VENDITE>
    <SLOV_VENDITE>0,000000</SLOV_VENDITE>
    <SVIZ_VENDITE>1005,000000</SVIZ_VENDITE>
    <BSP_VENDITE>173,000000</BSP_VENDITE>
    <MALT_VENDITE>0,000000</MALT_VENDITE>
    <XAUS_VENDITE>75,000000</XAUS_VENDITE>
    <XFRA_VENDITE>648,000000</XFRA_VENDITE>
    <TOTITABSP_VENDITE>35821,93</TOTITABSP_VENDITE>
    <TOTITABSP_ACQUISTI>36544,93</TOTITABSP_ACQUISTI>
  </Quantita>
  <Quantita>
    <Data>20180424</Data>
    <Mercato>MGP</Mercato>
    <Ora>16</Ora>
    <TOTALE_ACQUISTI>36783,622</TOTALE_ACQUISTI>
    <NAT_ACQUISTI>36757,622000</NAT_ACQUISTI>
    <CNOR_ACQUISTI>4026,905000</CNOR_ACQUISTI>
    <CSUD_ACQUISTI>5461,908000</CSUD_ACQUISTI>
    <NORD_ACQUISTI>21510,228000</NORD_ACQUISTI>
    <SARD_ACQUISTI>918,129000</SARD_ACQUISTI>
    <SICI_ACQUISTI>1888,395000</SICI_ACQUISTI>
    <SUD_ACQUISTI>2536,057000</SUD_ACQUISTI>
    <AUST_ACQUISTI>0,000000</AUST_ACQUISTI>
    <BRNN_ACQUISTI>0,000000</BRNN_ACQUISTI>
    <COAC_ACQUISTI>0,000000</COAC_ACQUISTI>
    <CORS_ACQUISTI>5,000000</CORS_ACQUISTI>
    <FOGN_ACQUISTI>0,000000</FOGN_ACQUISTI>
    <FRAN_ACQUISTI>0,000000</FRAN_ACQUISTI>
    <GREC_ACQUISTI>371,000000</GREC_ACQUISTI>
    <MFTV_ACQUISTI>0,000000</MFTV_ACQUISTI>
    <PRGP_ACQUISTI>0,000000</PRGP_ACQUISTI>
    <ROSN_ACQUISTI>0,000000</ROSN_ACQUISTI>
    <SLOV_ACQUISTI>0,000000</SLOV_ACQUISTI>
    <SVIZ_ACQUISTI>0,000000</SVIZ_ACQUISTI>
    <BSP_ACQUISTI>0,000000</BSP_ACQUISTI>
    <MALT_ACQUISTI>66,000000</MALT_ACQUISTI>
    <XAUS_ACQUISTI>0,000000</XAUS_ACQUISTI>
    <XFRA_ACQUISTI>0,000000</XFRA_ACQUISTI>
    <TOTALE_VENDITE>35887,622</TOTALE_VENDITE>
    <NAT_VENDITE>36757,622000</NAT_VENDITE>
    <CNOR_VENDITE>3213,080000</CNOR_VENDITE>
    <CSUD_VENDITE>3795,410000</CSUD_VENDITE>
    <NORD_VENDITE>18585,195000</NORD_VENDITE>
    <SARD_VENDITE>1128,485000</SARD_VENDITE>
    <SICI_VENDITE>1590,346000</SICI_VENDITE>
    <SUD_VENDITE>2968,438000</SUD_VENDITE>
    <AUST_VENDITE>0,000000</AUST_VENDITE>
    <BRNN_VENDITE>1185,258000</BRNN_VENDITE>
    <COAC_VENDITE>0,000000</COAC_VENDITE>
    <CORS_VENDITE>0,000000</CORS_VENDITE>
    <FOGN_VENDITE>1252,941000</FOGN_VENDITE>
    <FRAN_VENDITE>99,000000</FRAN_VENDITE>
    <GREC_VENDITE>324,683000</GREC_VENDITE>
    <MFTV_VENDITE>0,000000</MFTV_VENDITE>
    <PRGP_VENDITE>7,358000</PRGP_VENDITE>
    <ROSN_VENDITE>732,428000</ROSN_VENDITE>
    <SLOV_VENDITE>0,000000</SLOV_VENDITE>
    <SVIZ_VENDITE>1005,000000</SVIZ_VENDITE>
    <BSP_VENDITE>173,000000</BSP_VENDITE>
    <MALT_VENDITE>0,000000</MALT_VENDITE>
    <XAUS_VENDITE>75,000000</XAUS_VENDITE>
    <XFRA_VENDITE>648,000000</XFRA_VENDITE>
    <TOTITABSP_VENDITE>36060,622</TOTITABSP_VENDITE>
    <TOTITABSP_ACQUISTI>36783,622</TOTITABSP_ACQUISTI>
  </Quantita>
  <Quantita>
    <Data>20180424</Data>
    <Mercato>MGP</Mercato>
    <Ora>17</Ora>
    <TOTALE_ACQUISTI>36856,468</TOTALE_ACQUISTI>
    <NAT_ACQUISTI>36856,468000</NAT_ACQUISTI>
    <CNOR_ACQUISTI>4033,560000</CNOR_ACQUISTI>
    <CSUD_ACQUISTI>5467,811000</CSUD_ACQUISTI>
    <NORD_ACQUISTI>21406,727000</NORD_ACQUISTI>
    <SARD_ACQUISTI>938,429000</SARD_ACQUISTI>
    <SICI_ACQUISTI>1953,795000</SICI_ACQUISTI>
    <SUD_ACQUISTI>2627,146000</SUD_ACQUISTI>
    <AUST_ACQUISTI>0,000000</AUST_ACQUISTI>
    <BRNN_ACQUISTI>0,000000</BRNN_ACQUISTI>
    <COAC_ACQUISTI>0,000000</COAC_ACQUISTI>
    <CORS_ACQUISTI>5,000000</CORS_ACQUISTI>
    <FOGN_ACQUISTI>0,000000</FOGN_ACQUISTI>
    <FRAN_ACQUISTI>0,000000</FRAN_ACQUISTI>
    <GREC_ACQUISTI>366,000000</GREC_ACQUISTI>
    <MFTV_ACQUISTI>0,000000</MFTV_ACQUISTI>
    <PRGP_ACQUISTI>0,000000</PRGP_ACQUISTI>
    <ROSN_ACQUISTI>0,000000</ROSN_ACQUISTI>
    <SLOV_ACQUISTI>0,000000</SLOV_ACQUISTI>
    <SVIZ_ACQUISTI>0,000000</SVIZ_ACQUISTI>
    <BSP_ACQUISTI>0,000000</BSP_ACQUISTI>
    <MALT_ACQUISTI>58,000000</MALT_ACQUISTI>
    <XAUS_ACQUISTI>0,000000</XAUS_ACQUISTI>
    <XFRA_ACQUISTI>0,000000</XFRA_ACQUISTI>
    <TOTALE_VENDITE>35960,468</TOTALE_VENDITE>
    <NAT_VENDITE>36856,468000</NAT_VENDITE>
    <CNOR_VENDITE>3170,332000</CNOR_VENDITE>
    <CSUD_VENDITE>3731,846000</CSUD_VENDITE>
    <NORD_VENDITE>18823,928000</NORD_VENDITE>
    <SARD_VENDITE>1081,244000</SARD_VENDITE>
    <SICI_VENDITE>1519,206000</SICI_VENDITE>
    <SUD_VENDITE>2684,656000</SUD_VENDITE>
    <AUST_VENDITE>0,000000</AUST_VENDITE>
    <BRNN_VENDITE>1185,725000</BRNN_VENDITE>
    <COAC_VENDITE>0,000000</COAC_VENDITE>
    <CORS_VENDITE>0,000000</CORS_VENDITE>
    <FOGN_VENDITE>1253,922000</FOGN_VENDITE>
    <FRAN_VENDITE>99,000000</FRAN_VENDITE>
    <GREC_VENDITE>512,000000</GREC_VENDITE>
    <MFTV_VENDITE>0,000000</MFTV_VENDITE>
    <PRGP_VENDITE>5,372000</PRGP_VENDITE>
    <ROSN_VENDITE>888,237000</ROSN_VENDITE>
    <SLOV_VENDITE>0,000000</SLOV_VENDITE>
    <SVIZ_VENDITE>1005,000000</SVIZ_VENDITE>
    <BSP_VENDITE>173,000000</BSP_VENDITE>
    <MALT_VENDITE>0,000000</MALT_VENDITE>
    <XAUS_VENDITE>75,000000</XAUS_VENDITE>
    <XFRA_VENDITE>648,000000</XFRA_VENDITE>
    <TOTITABSP_VENDITE>36133,468</TOTITABSP_VENDITE>
    <TOTITABSP_ACQUISTI>36856,468</TOTITABSP_ACQUISTI>
  </Quantita>
  <Quantita>
    <Data>20180424</Data>
    <Mercato>MGP</Mercato>
    <Ora>18</Ora>
    <TOTALE_ACQUISTI>36603,264</TOTALE_ACQUISTI>
    <NAT_ACQUISTI>36603,264000</NAT_ACQUISTI>
    <CNOR_ACQUISTI>4005,370000</CNOR_ACQUISTI>
    <CSUD_ACQUISTI>5525,947000</CSUD_ACQUISTI>
    <NORD_ACQUISTI>20803,624000</NORD_ACQUISTI>
    <SARD_ACQUISTI>993,331000</SARD_ACQUISTI>
    <SICI_ACQUISTI>2060,451000</SICI_ACQUISTI>
    <SUD_ACQUISTI>2789,541000</SUD_ACQUISTI>
    <AUST_ACQUISTI>0,000000</AUST_ACQUISTI>
    <BRNN_ACQUISTI>0,000000</BRNN_ACQUISTI>
    <COAC_ACQUISTI>5,000000</COAC_ACQUISTI>
    <CORS_ACQUISTI>8,000000</CORS_ACQUISTI>
    <FOGN_ACQUISTI>0,000000</FOGN_ACQUISTI>
    <FRAN_ACQUISTI>0,000000</FRAN_ACQUISTI>
    <GREC_ACQUISTI>323,000000</GREC_ACQUISTI>
    <MFTV_ACQUISTI>0,000000</MFTV_ACQUISTI>
    <PRGP_ACQUISTI>0,000000</PRGP_ACQUISTI>
    <ROSN_ACQUISTI>0,000000</ROSN_ACQUISTI>
    <SLOV_ACQUISTI>0,000000</SLOV_ACQUISTI>
    <SVIZ_ACQUISTI>0,000000</SVIZ_ACQUISTI>
    <BSP_ACQUISTI>0,000000</BSP_ACQUISTI>
    <MALT_ACQUISTI>89,000000</MALT_ACQUISTI>
    <XAUS_ACQUISTI>0,000000</XAUS_ACQUISTI>
    <XFRA_ACQUISTI>0,000000</XFRA_ACQUISTI>
    <TOTALE_VENDITE>34984,264</TOTALE_VENDITE>
    <NAT_VENDITE>36603,264000</NAT_VENDITE>
    <CNOR_VENDITE>3009,858000</CNOR_VENDITE>
    <CSUD_VENDITE>3474,682000</CSUD_VENDITE>
    <NORD_VENDITE>18031,065000</NORD_VENDITE>
    <SARD_VENDITE>1010,741000</SARD_VENDITE>
    <SICI_VENDITE>1374,141000</SICI_VENDITE>
    <SUD_VENDITE>2305,652000</SUD_VENDITE>
    <AUST_VENDITE>0,000000</AUST_VENDITE>
    <BRNN_VENDITE>1186,411000</BRNN_VENDITE>
    <COAC_VENDITE>0,000000</COAC_VENDITE>
    <CORS_VENDITE>0,000000</CORS_VENDITE>
    <FOGN_VENDITE>1257,139000</FOGN_VENDITE>
    <FRAN_VENDITE>99,000000</FRAN_VENDITE>
    <GREC_VENDITE>329,000000</GREC_VENDITE>
    <MFTV_VENDITE>0,000000</MFTV_VENDITE>
    <PRGP_VENDITE>3,138000</PRGP_VENDITE>
    <ROSN_VENDITE>1122,437000</ROSN_VENDITE>
    <SLOV_VENDITE>0,000000</SLOV_VENDITE>
    <SVIZ_VENDITE>1781,000000</SVIZ_VENDITE>
    <BSP_VENDITE>298,000000</BSP_VENDITE>
    <MALT_VENDITE>0,000000</MALT_VENDITE>
    <XAUS_VENDITE>134,000000</XAUS_VENDITE>
    <XFRA_VENDITE>1187,000000</XFRA_VENDITE>
    <TOTITABSP_VENDITE>35282,264</TOTITABSP_VENDITE>
    <TOTITABSP_ACQUISTI>36603,264</TOTITABSP_ACQUISTI>
  </Quantita>
  <Quantita>
    <Data>20180424</Data>
    <Mercato>MGP</Mercato>
    <Ora>19</Ora>
    <TOTALE_ACQUISTI>36508,769</TOTALE_ACQUISTI>
    <NAT_ACQUISTI>36508,769000</NAT_ACQUISTI>
    <CNOR_ACQUISTI>4010,947000</CNOR_ACQUISTI>
    <CSUD_ACQUISTI>5569,105000</CSUD_ACQUISTI>
    <NORD_ACQUISTI>20641,024000</NORD_ACQUISTI>
    <SARD_ACQUISTI>1011,655000</SARD_ACQUISTI>
    <SICI_ACQUISTI>2112,388000</SICI_ACQUISTI>
    <SUD_ACQUISTI>2816,650000</SUD_ACQUISTI>
    <AUST_ACQUISTI>0,000000</AUST_ACQUISTI>
    <BRNN_ACQUISTI>0,000000</BRNN_ACQUISTI>
    <COAC_ACQUISTI>5,000000</COAC_ACQUISTI>
    <CORS_ACQUISTI>14,000000</CORS_ACQUISTI>
    <FOGN_ACQUISTI>0,000000</FOGN_ACQUISTI>
    <FRAN_ACQUISTI>0,000000</FRAN_ACQUISTI>
    <GREC_ACQUISTI>206,000000</GREC_ACQUISTI>
    <MFTV_ACQUISTI>0,000000</MFTV_ACQUISTI>
    <PRGP_ACQUISTI>0,000000</PRGP_ACQUISTI>
    <ROSN_ACQUISTI>0,000000</ROSN_ACQUISTI>
    <SLOV_ACQUISTI>0,000000</SLOV_ACQUISTI>
    <SVIZ_ACQUISTI>0,000000</SVIZ_ACQUISTI>
    <BSP_ACQUISTI>0,000000</BSP_ACQUISTI>
    <MALT_ACQUISTI>122,000000</MALT_ACQUISTI>
    <XAUS_ACQUISTI>0,000000</XAUS_ACQUISTI>
    <XFRA_ACQUISTI>0,000000</XFRA_ACQUISTI>
    <TOTALE_VENDITE>34163,769</TOTALE_VENDITE>
    <NAT_VENDITE>36508,769000</NAT_VENDITE>
    <CNOR_VENDITE>2799,716000</CNOR_VENDITE>
    <CSUD_VENDITE>3243,486000</CSUD_VENDITE>
    <NORD_VENDITE>17866,238000</NORD_VENDITE>
    <SARD_VENDITE>931,029000</SARD_VENDITE>
    <SICI_VENDITE>1197,780000</SICI_VENDITE>
    <SUD_VENDITE>1758,674000</SUD_VENDITE>
    <AUST_VENDITE>0,000000</AUST_VENDITE>
    <BRNN_VENDITE>1204,062000</BRNN_VENDITE>
    <COAC_VENDITE>0,000000</COAC_VENDITE>
    <CORS_VENDITE>0,000000</CORS_VENDITE>
    <FOGN_VENDITE>1149,985000</FOGN_VENDITE>
    <FRAN_VENDITE>99,000000</FRAN_VENDITE>
    <GREC_VENDITE>223,000000</GREC_VENDITE>
    <MFTV_VENDITE>0,000000</MFTV_VENDITE>
    <PRGP_VENDITE>1,230000</PRGP_VENDITE>
    <ROSN_VENDITE>1133,569000</ROSN_VENDITE>
    <SLOV_VENDITE>0,000000</SLOV_VENDITE>
    <SVIZ_VENDITE>2556,000000</SVIZ_VENDITE>
    <BSP_VENDITE>424,000000</BSP_VENDITE>
    <MALT_VENDITE>0,000000</MALT_VENDITE>
    <XAUS_VENDITE>193,000000</XAUS_VENDITE>
    <XFRA_VENDITE>1728,000000</XFRA_VENDITE>
    <TOTITABSP_VENDITE>34587,769</TOTITABSP_VENDITE>
    <TOTITABSP_ACQUISTI>36508,769</TOTITABSP_ACQUISTI>
  </Quantita>
  <Quantita>
    <Data>20180424</Data>
    <Mercato>MGP</Mercato>
    <Ora>20</Ora>
    <TOTALE_ACQUISTI>36751,671</TOTALE_ACQUISTI>
    <NAT_ACQUISTI>36842,671000</NAT_ACQUISTI>
    <CNOR_ACQUISTI>4027,527000</CNOR_ACQUISTI>
    <CSUD_ACQUISTI>5776,027000</CSUD_ACQUISTI>
    <NORD_ACQUISTI>20360,796000</NORD_ACQUISTI>
    <SARD_ACQUISTI>1042,615000</SARD_ACQUISTI>
    <SICI_ACQUISTI>2219,983000</SICI_ACQUISTI>
    <SUD_ACQUISTI>3074,723000</SUD_ACQUISTI>
    <AUST_ACQUISTI>0,000000</AUST_ACQUISTI>
    <BRNN_ACQUISTI>0,000000</BRNN_ACQUISTI>
    <COAC_ACQUISTI>5,000000</COAC_ACQUISTI>
    <CORS_ACQUISTI>11,000000</CORS_ACQUISTI>
    <FOGN_ACQUISTI>0,000000</FOGN_ACQUISTI>
    <FRAN_ACQUISTI>0,000000</FRAN_ACQUISTI>
    <GREC_ACQUISTI>183,000000</GREC_ACQUISTI>
    <MFTV_ACQUISTI>0,000000</MFTV_ACQUISTI>
    <PRGP_ACQUISTI>0,000000</PRGP_ACQUISTI>
    <ROSN_ACQUISTI>0,000000</ROSN_ACQUISTI>
    <SLOV_ACQUISTI>0,000000</SLOV_ACQUISTI>
    <SVIZ_ACQUISTI>0,000000</SVIZ_ACQUISTI>
    <BSP_ACQUISTI>0,000000</BSP_ACQUISTI>
    <MALT_ACQUISTI>51,000000</MALT_ACQUISTI>
    <XAUS_ACQUISTI>0,000000</XAUS_ACQUISTI>
    <XFRA_ACQUISTI>0,000000</XFRA_ACQUISTI>
    <TOTALE_VENDITE>33680,671</TOTALE_VENDITE>
    <NAT_VENDITE>36842,671000</NAT_VENDITE>
    <CNOR_VENDITE>2535,058000</CNOR_VENDITE>
    <CSUD_VENDITE>2916,283000</CSUD_VENDITE>
    <NORD_VENDITE>17400,809000</NORD_VENDITE>
    <SARD_VENDITE>835,556000</SARD_VENDITE>
    <SICI_VENDITE>1030,834000</SICI_VENDITE>
    <SUD_VENDITE>1366,983000</SUD_VENDITE>
    <AUST_VENDITE>0,000000</AUST_VENDITE>
    <BRNN_VENDITE>1254,022000</BRNN_VENDITE>
    <COAC_VENDITE>0,000000</COAC_VENDITE>
    <CORS_VENDITE>0,000000</CORS_VENDITE>
    <FOGN_VENDITE>1153,123000</FOGN_VENDITE>
    <FRAN_VENDITE>99,000000</FRAN_VENDITE>
    <GREC_VENDITE>466,000000</GREC_VENDITE>
    <MFTV_VENDITE>0,000000</MFTV_VENDITE>
    <PRGP_VENDITE>140,149000</PRGP_VENDITE>
    <ROSN_VENDITE>1151,854000</ROSN_VENDITE>
    <SLOV_VENDITE>0,000000</SLOV_VENDITE>
    <SVIZ_VENDITE>3331,000000</SVIZ_VENDITE>
    <BSP_VENDITE>550,000000</BSP_VENDITE>
    <MALT_VENDITE>0,000000</MALT_VENDITE>
    <XAUS_VENDITE>251,000000</XAUS_VENDITE>
    <XFRA_VENDITE>2270,000000</XFRA_VENDITE>
    <TOTITABSP_VENDITE>34230,671</TOTITABSP_VENDITE>
    <TOTITABSP_ACQUISTI>36751,671</TOTITABSP_ACQUISTI>
  </Quantita>
  <Quantita>
    <Data>20180424</Data>
    <Mercato>MGP</Mercato>
    <Ora>21</Ora>
    <TOTALE_ACQUISTI>38243,563</TOTALE_ACQUISTI>
    <NAT_ACQUISTI>38309,563000</NAT_ACQUISTI>
    <CNOR_ACQUISTI>4159,724000</CNOR_ACQUISTI>
    <CSUD_ACQUISTI>6124,513000</CSUD_ACQUISTI>
    <NORD_ACQUISTI>20812,939000</NORD_ACQUISTI>
    <SARD_ACQUISTI>1149,861000</SARD_ACQUISTI>
    <SICI_ACQUISTI>2400,412000</SICI_ACQUISTI>
    <SUD_ACQUISTI>3343,114000</SUD_ACQUISTI>
    <AUST_ACQUISTI>0,000000</AUST_ACQUISTI>
    <BRNN_ACQUISTI>0,000000</BRNN_ACQUISTI>
    <COAC_ACQUISTI>5,000000</COAC_ACQUISTI>
    <CORS_ACQUISTI>11,000000</CORS_ACQUISTI>
    <FOGN_ACQUISTI>0,000000</FOGN_ACQUISTI>
    <FRAN_ACQUISTI>0,000000</FRAN_ACQUISTI>
    <GREC_ACQUISTI>183,000000</GREC_ACQUISTI>
    <MFTV_ACQUISTI>0,000000</MFTV_ACQUISTI>
    <PRGP_ACQUISTI>0,000000</PRGP_ACQUISTI>
    <ROSN_ACQUISTI>0,000000</ROSN_ACQUISTI>
    <SLOV_ACQUISTI>0,000000</SLOV_ACQUISTI>
    <SVIZ_ACQUISTI>0,000000</SVIZ_ACQUISTI>
    <BSP_ACQUISTI>0,000000</BSP_ACQUISTI>
    <MALT_ACQUISTI>54,000000</MALT_ACQUISTI>
    <XAUS_ACQUISTI>0,000000</XAUS_ACQUISTI>
    <XFRA_ACQUISTI>0,000000</XFRA_ACQUISTI>
    <TOTALE_VENDITE>34415,563</TOTALE_VENDITE>
    <NAT_VENDITE>38309,563000</NAT_VENDITE>
    <CNOR_VENDITE>2498,537000</CNOR_VENDITE>
    <CSUD_VENDITE>2801,628000</CSUD_VENDITE>
    <NORD_VENDITE>16674,126000</NORD_VENDITE>
    <SARD_VENDITE>840,189000</SARD_VENDITE>
    <SICI_VENDITE>1214,412000</SICI_VENDITE>
    <SUD_VENDITE>1290,556000</SUD_VENDITE>
    <AUST_VENDITE>0,000000</AUST_VENDITE>
    <BRNN_VENDITE>1888,740000</BRNN_VENDITE>
    <COAC_VENDITE>0,000000</COAC_VENDITE>
    <CORS_VENDITE>0,000000</CORS_VENDITE>
    <FOGN_VENDITE>1158,548000</FOGN_VENDITE>
    <FRAN_VENDITE>99,000000</FRAN_VENDITE>
    <GREC_VENDITE>574,000000</GREC_VENDITE>
    <MFTV_VENDITE>0,000000</MFTV_VENDITE>
    <PRGP_VENDITE>140,000000</PRGP_VENDITE>
    <ROSN_VENDITE>1162,827000</ROSN_VENDITE>
    <SLOV_VENDITE>0,000000</SLOV_VENDITE>
    <SVIZ_VENDITE>4073,000000</SVIZ_VENDITE>
    <BSP_VENDITE>681,000000</BSP_VENDITE>
    <MALT_VENDITE>0,000000</MALT_VENDITE>
    <XAUS_VENDITE>311,000000</XAUS_VENDITE>
    <XFRA_VENDITE>2836,000000</XFRA_VENDITE>
    <TOTITABSP_VENDITE>35096,563</TOTITABSP_VENDITE>
    <TOTITABSP_ACQUISTI>38243,563</TOTITABSP_ACQUISTI>
  </Quantita>
  <Quantita>
    <Data>20180424</Data>
    <Mercato>MGP</Mercato>
    <Ora>22</Ora>
    <TOTALE_ACQUISTI>36413,016</TOTALE_ACQUISTI>
    <NAT_ACQUISTI>36540,016000</NAT_ACQUISTI>
    <CNOR_ACQUISTI>3890,995000</CNOR_ACQUISTI>
    <CSUD_ACQUISTI>5761,316000</CSUD_ACQUISTI>
    <NORD_ACQUISTI>20004,566000</NORD_ACQUISTI>
    <SARD_ACQUISTI>1117,212000</SARD_ACQUISTI>
    <SICI_ACQUISTI>2260,599000</SICI_ACQUISTI>
    <SUD_ACQUISTI>3142,328000</SUD_ACQUISTI>
    <AUST_ACQUISTI>0,000000</AUST_ACQUISTI>
    <BRNN_ACQUISTI>0,000000</BRNN_ACQUISTI>
    <COAC_ACQUISTI>5,000000</COAC_ACQUISTI>
    <CORS_ACQUISTI>17,000000</CORS_ACQUISTI>
    <FOGN_ACQUISTI>0,000000</FOGN_ACQUISTI>
    <FRAN_ACQUISTI>0,000000</FRAN_ACQUISTI>
    <GREC_ACQUISTI>193,000000</GREC_ACQUISTI>
    <MFTV_ACQUISTI>0,000000</MFTV_ACQUISTI>
    <PRGP_ACQUISTI>0,000000</PRGP_ACQUISTI>
    <ROSN_ACQUISTI>0,000000</ROSN_ACQUISTI>
    <SLOV_ACQUISTI>0,000000</SLOV_ACQUISTI>
    <SVIZ_ACQUISTI>0,000000</SVIZ_ACQUISTI>
    <BSP_ACQUISTI>0,000000</BSP_ACQUISTI>
    <MALT_ACQUISTI>21,000000</MALT_ACQUISTI>
    <XAUS_ACQUISTI>0,000000</XAUS_ACQUISTI>
    <XFRA_ACQUISTI>0,000000</XFRA_ACQUISTI>
    <TOTALE_VENDITE>32420,016</TOTALE_VENDITE>
    <NAT_VENDITE>36540,016000</NAT_VENDITE>
    <CNOR_VENDITE>2293,979000</CNOR_VENDITE>
    <CSUD_VENDITE>2745,058000</CSUD_VENDITE>
    <NORD_VENDITE>15766,582000</NORD_VENDITE>
    <SARD_VENDITE>856,316000</SARD_VENDITE>
    <SICI_VENDITE>1041,599000</SICI_VENDITE>
    <SUD_VENDITE>1279,420000</SUD_VENDITE>
    <AUST_VENDITE>0,000000</AUST_VENDITE>
    <BRNN_VENDITE>1356,047000</BRNN_VENDITE>
    <COAC_VENDITE>0,000000</COAC_VENDITE>
    <CORS_VENDITE>0,000000</CORS_VENDITE>
    <FOGN_VENDITE>1163,355000</FOGN_VENDITE>
    <FRAN_VENDITE>99,000000</FRAN_VENDITE>
    <GREC_VENDITE>471,489000</GREC_VENDITE>
    <MFTV_VENDITE>0,000000</MFTV_VENDITE>
    <PRGP_VENDITE>140,000000</PRGP_VENDITE>
    <ROSN_VENDITE>1164,171000</ROSN_VENDITE>
    <SLOV_VENDITE>0,000000</SLOV_VENDITE>
    <SVIZ_VENDITE>4043,000000</SVIZ_VENDITE>
    <BSP_VENDITE>712,000000</BSP_VENDITE>
    <MALT_VENDITE>0,000000</MALT_VENDITE>
    <XAUS_VENDITE>309,000000</XAUS_VENDITE>
    <XFRA_VENDITE>2972,000000</XFRA_VENDITE>
    <TOTITABSP_VENDITE>33132,016</TOTITABSP_VENDITE>
    <TOTITABSP_ACQUISTI>36413,016</TOTITABSP_ACQUISTI>
  </Quantita>
  <Quantita>
    <Data>20180424</Data>
    <Mercato>MGP</Mercato>
    <Ora>23</Ora>
    <TOTALE_ACQUISTI>33043,072</TOTALE_ACQUISTI>
    <NAT_ACQUISTI>33081,203000</NAT_ACQUISTI>
    <CNOR_ACQUISTI>3517,597000</CNOR_ACQUISTI>
    <CSUD_ACQUISTI>5216,817000</CSUD_ACQUISTI>
    <NORD_ACQUISTI>18091,873000</NORD_ACQUISTI>
    <SARD_ACQUISTI>1021,739000</SARD_ACQUISTI>
    <SICI_ACQUISTI>2035,833000</SICI_ACQUISTI>
    <SUD_ACQUISTI>2728,344000</SUD_ACQUISTI>
    <AUST_ACQUISTI>0,000000</AUST_ACQUISTI>
    <BRNN_ACQUISTI>0,000000</BRNN_ACQUISTI>
    <COAC_ACQUISTI>5,000000</COAC_ACQUISTI>
    <CORS_ACQUISTI>17,000000</CORS_ACQUISTI>
    <FOGN_ACQUISTI>0,000000</FOGN_ACQUISTI>
    <FRAN_ACQUISTI>0,000000</FRAN_ACQUISTI>
    <GREC_ACQUISTI>330,869000</GREC_ACQUISTI>
    <MFTV_ACQUISTI>0,000000</MFTV_ACQUISTI>
    <PRGP_ACQUISTI>0,000000</PRGP_ACQUISTI>
    <ROSN_ACQUISTI>0,000000</ROSN_ACQUISTI>
    <SLOV_ACQUISTI>0,000000</SLOV_ACQUISTI>
    <SVIZ_ACQUISTI>0,000000</SVIZ_ACQUISTI>
    <BSP_ACQUISTI>0,000000</BSP_ACQUISTI>
    <MALT_ACQUISTI>78,000000</MALT_ACQUISTI>
    <XAUS_ACQUISTI>0,000000</XAUS_ACQUISTI>
    <XFRA_ACQUISTI>0,000000</XFRA_ACQUISTI>
    <TOTALE_VENDITE>29206,072</TOTALE_VENDITE>
    <NAT_VENDITE>33081,203000</NAT_VENDITE>
    <CNOR_VENDITE>2121,174000</CNOR_VENDITE>
    <CSUD_VENDITE>2416,640000</CSUD_VENDITE>
    <NORD_VENDITE>13816,873000</NORD_VENDITE>
    <SARD_VENDITE>838,368000</SARD_VENDITE>
    <SICI_VENDITE>990,623000</SICI_VENDITE>
    <SUD_VENDITE>1213,616000</SUD_VENDITE>
    <AUST_VENDITE>0,000000</AUST_VENDITE>
    <BRNN_VENDITE>1344,944000</BRNN_VENDITE>
    <COAC_VENDITE>0,000000</COAC_VENDITE>
    <CORS_VENDITE>0,000000</CORS_VENDITE>
    <FOGN_VENDITE>1074,858000</FOGN_VENDITE>
    <FRAN_VENDITE>99,000000</FRAN_VENDITE>
    <GREC_VENDITE>440,000000</GREC_VENDITE>
    <MFTV_VENDITE>0,000000</MFTV_VENDITE>
    <PRGP_VENDITE>23,210000</PRGP_VENDITE>
    <ROSN_VENDITE>787,766000</ROSN_VENDITE>
    <SLOV_VENDITE>0,000000</SLOV_VENDITE>
    <SVIZ_VENDITE>4039,000000</SVIZ_VENDITE>
    <BSP_VENDITE>684,000000</BSP_VENDITE>
    <MALT_VENDITE>0,000000</MALT_VENDITE>
    <XAUS_VENDITE>303,000000</XAUS_VENDITE>
    <XFRA_VENDITE>2850,000000</XFRA_VENDITE>
    <TOTITABSP_VENDITE>29890,072</TOTITABSP_VENDITE>
    <TOTITABSP_ACQUISTI>33043,072</TOTITABSP_ACQUISTI>
  </Quantita>
  <Quantita>
    <Data>20180424</Data>
    <Mercato>MGP</Mercato>
    <Ora>24</Ora>
    <TOTALE_ACQUISTI>29766,932</TOTALE_ACQUISTI>
    <NAT_ACQUISTI>29766,932000</NAT_ACQUISTI>
    <CNOR_ACQUISTI>3132,371000</CNOR_ACQUISTI>
    <CSUD_ACQUISTI>4582,540000</CSUD_ACQUISTI>
    <NORD_ACQUISTI>16358,356000</NORD_ACQUISTI>
    <SARD_ACQUISTI>929,594000</SARD_ACQUISTI>
    <SICI_ACQUISTI>1815,674000</SICI_ACQUISTI>
    <SUD_ACQUISTI>2368,397000</SUD_ACQUISTI>
    <AUST_ACQUISTI>0,000000</AUST_ACQUISTI>
    <BRNN_ACQUISTI>0,000000</BRNN_ACQUISTI>
    <COAC_ACQUISTI>5,000000</COAC_ACQUISTI>
    <CORS_ACQUISTI>14,000000</CORS_ACQUISTI>
    <FOGN_ACQUISTI>0,000000</FOGN_ACQUISTI>
    <FRAN_ACQUISTI>0,000000</FRAN_ACQUISTI>
    <GREC_ACQUISTI>483,000000</GREC_ACQUISTI>
    <MFTV_ACQUISTI>0,000000</MFTV_ACQUISTI>
    <PRGP_ACQUISTI>0,000000</PRGP_ACQUISTI>
    <ROSN_ACQUISTI>0,000000</ROSN_ACQUISTI>
    <SLOV_ACQUISTI>0,000000</SLOV_ACQUISTI>
    <SVIZ_ACQUISTI>0,000000</SVIZ_ACQUISTI>
    <BSP_ACQUISTI>0,000000</BSP_ACQUISTI>
    <MALT_ACQUISTI>78,000000</MALT_ACQUISTI>
    <XAUS_ACQUISTI>0,000000</XAUS_ACQUISTI>
    <XFRA_ACQUISTI>0,000000</XFRA_ACQUISTI>
    <TOTALE_VENDITE>26654,932</TOTALE_VENDITE>
    <NAT_VENDITE>29766,932000</NAT_VENDITE>
    <CNOR_VENDITE>2032,459000</CNOR_VENDITE>
    <CSUD_VENDITE>2098,271000</CSUD_VENDITE>
    <NORD_VENDITE>13319,376000</NORD_VENDITE>
    <SARD_VENDITE>852,415000</SARD_VENDITE>
    <SICI_VENDITE>825,424000</SICI_VENDITE>
    <SUD_VENDITE>1232,490000</SUD_VENDITE>
    <AUST_VENDITE>0,000000</AUST_VENDITE>
    <BRNN_VENDITE>1297,731000</BRNN_VENDITE>
    <COAC_VENDITE>0,000000</COAC_VENDITE>
    <CORS_VENDITE>0,000000</CORS_VENDITE>
    <FOGN_VENDITE>583,298000</FOGN_VENDITE>
    <FRAN_VENDITE>99,000000</FRAN_VENDITE>
    <GREC_VENDITE>417,000000</GREC_VENDITE>
    <MFTV_VENDITE>0,000000</MFTV_VENDITE>
    <PRGP_VENDITE>0,000000</PRGP_VENDITE>
    <ROSN_VENDITE>618,468000</ROSN_VENDITE>
    <SLOV_VENDITE>0,000000</SLOV_VENDITE>
    <SVIZ_VENDITE>3279,000000</SVIZ_VENDITE>
    <BSP_VENDITE>558,000000</BSP_VENDITE>
    <MALT_VENDITE>0,000000</MALT_VENDITE>
    <XAUS_VENDITE>246,000000</XAUS_VENDITE>
    <XFRA_VENDITE>2308,000000</XFRA_VENDITE>
    <TOTITABSP_VENDITE>27212,932</TOTITABSP_VENDITE>
    <TOTITABSP_ACQUISTI>29766,932</TOTITABSP_ACQUISTI>
  </Quantita>
</NewDataSet>