<?xml version="1.0" standalone="yes"?>
<NewDataSet>
  <xs:schema id="NewDataSet" xmlns="" xmlns:xs="http://www.w3.org/2001/XMLSchema" xmlns:msdata="urn:schemas-microsoft-com:xml-msdata">
    <xs:element name="NewDataSet" msdata:IsDataSet="true" msdata:UseCurrentLocale="true">
      <xs:complexType>
        <xs:choice minOccurs="0" maxOccurs="unbounded">
          <xs:element name="Quantita">
            <xs:complexType>
              <xs:sequence>
                <xs:element name="Data" type="xs:string" minOccurs="0" />
                <xs:element name="Mercato" type="xs:string" minOccurs="0" />
                <xs:element name="Ora" type="xs:string" minOccurs="0" />
                <xs:element name="TOTALE_ACQUISTI" type="xs:string" minOccurs="0" />
                <xs:element name="NAT_ACQUISTI" type="xs:string" minOccurs="0" />
                <xs:element name="CNOR_ACQUISTI" type="xs:string" minOccurs="0" />
                <xs:element name="CSUD_ACQUISTI" type="xs:string" minOccurs="0" />
                <xs:element name="NORD_ACQUISTI" type="xs:string" minOccurs="0" />
                <xs:element name="SARD_ACQUISTI" type="xs:string" minOccurs="0" />
                <xs:element name="SICI_ACQUISTI" type="xs:string" minOccurs="0" />
                <xs:element name="SUD_ACQUISTI" type="xs:string" minOccurs="0" />
                <xs:element name="AUST_ACQUISTI" type="xs:string" minOccurs="0" />
                <xs:element name="BRNN_ACQUISTI" type="xs:string" minOccurs="0" />
                <xs:element name="COAC_ACQUISTI" type="xs:string" minOccurs="0" />
                <xs:element name="CORS_ACQUISTI" type="xs:string" minOccurs="0" />
                <xs:element name="FOGN_ACQUISTI" type="xs:string" minOccurs="0" />
                <xs:element name="FRAN_ACQUISTI" type="xs:string" minOccurs="0" />
                <xs:element name="GREC_ACQUISTI" type="xs:string" minOccurs="0" />
                <xs:element name="MFTV_ACQUISTI" type="xs:string" minOccurs="0" />
                <xs:element name="PRGP_ACQUISTI" type="xs:string" minOccurs="0" />
                <xs:element name="ROSN_ACQUISTI" type="xs:string" minOccurs="0" />
                <xs:element name="SLOV_ACQUISTI" type="xs:string" minOccurs="0" />
                <xs:element name="SVIZ_ACQUISTI" type="xs:string" minOccurs="0" />
                <xs:element name="BSP_ACQUISTI" type="xs:string" minOccurs="0" />
                <xs:element name="MALT_ACQUISTI" type="xs:string" minOccurs="0" />
                <xs:element name="XAUS_ACQUISTI" type="xs:string" minOccurs="0" />
                <xs:element name="XFRA_ACQUISTI" type="xs:string" minOccurs="0" />
                <xs:element name="TOTALE_VENDITE" type="xs:string" minOccurs="0" />
                <xs:element name="NAT_VENDITE" type="xs:string" minOccurs="0" />
                <xs:element name="CNOR_VENDITE" type="xs:string" minOccurs="0" />
                <xs:element name="CSUD_VENDITE" type="xs:string" minOccurs="0" />
                <xs:element name="NORD_VENDITE" type="xs:string" minOccurs="0" />
                <xs:element name="SARD_VENDITE" type="xs:string" minOccurs="0" />
                <xs:element name="SICI_VENDITE" type="xs:string" minOccurs="0" />
                <xs:element name="SUD_VENDITE" type="xs:string" minOccurs="0" />
                <xs:element name="AUST_VENDITE" type="xs:string" minOccurs="0" />
                <xs:element name="BRNN_VENDITE" type="xs:string" minOccurs="0" />
                <xs:element name="COAC_VENDITE" type="xs:string" minOccurs="0" />
                <xs:element name="CORS_VENDITE" type="xs:string" minOccurs="0" />
                <xs:element name="FOGN_VENDITE" type="xs:string" minOccurs="0" />
                <xs:element name="FRAN_VENDITE" type="xs:string" minOccurs="0" />
                <xs:element name="GREC_VENDITE" type="xs:string" minOccurs="0" />
                <xs:element name="MFTV_VENDITE" type="xs:string" minOccurs="0" />
                <xs:element name="PRGP_VENDITE" type="xs:string" minOccurs="0" />
                <xs:element name="ROSN_VENDITE" type="xs:string" minOccurs="0" />
                <xs:element name="SLOV_VENDITE" type="xs:string" minOccurs="0" />
                <xs:element name="SVIZ_VENDITE" type="xs:string" minOccurs="0" />
                <xs:element name="BSP_VENDITE" type="xs:string" minOccurs="0" />
                <xs:element name="MALT_VENDITE" type="xs:string" minOccurs="0" />
                <xs:element name="XAUS_VENDITE" type="xs:string" minOccurs="0" />
                <xs:element name="XFRA_VENDITE" type="xs:string" minOccurs="0" />
                <xs:element name="TOTITABSP_VENDITE" msdata:ReadOnly="true" msdata:Expression="Convert(TOTALE_VENDITE, System.Double) + Convert(BSP_VENDITE,System.Double)" type="xs:string" minOccurs="0" />
                <xs:element name="TOTITABSP_ACQUISTI" msdata:ReadOnly="true" msdata:Expression="Convert(TOTALE_ACQUISTI, System.Double) + Convert(BSP_ACQUISTI, System.Double)" type="xs:string" minOccurs="0" />
              </xs:sequence>
            </xs:complexType>
          </xs:element>
        </xs:choice>
      </xs:complexType>
    </xs:element>
  </xs:schema>
  <Quantita>
    <Data>20180428</Data>
    <Mercato>MGP</Mercato>
    <Ora>1</Ora>
    <TOTALE_ACQUISTI>27539,829</TOTALE_ACQUISTI>
    <NAT_ACQUISTI>27534,870000</NAT_ACQUISTI>
    <CNOR_ACQUISTI>2890,879000</CNOR_ACQUISTI>
    <CSUD_ACQUISTI>4283,356000</CSUD_ACQUISTI>
    <NORD_ACQUISTI>15505,763000</NORD_ACQUISTI>
    <SARD_ACQUISTI>888,008000</SARD_ACQUISTI>
    <SICI_ACQUISTI>1660,894000</SICI_ACQUISTI>
    <SUD_ACQUISTI>2248,929000</SUD_ACQUISTI>
    <AUST_ACQUISTI>0,000000</AUST_ACQUISTI>
    <BRNN_ACQUISTI>0,000000</BRNN_ACQUISTI>
    <COAC_ACQUISTI>20,000000</COAC_ACQUISTI>
    <CORS_ACQUISTI>5,000000</CORS_ACQUISTI>
    <FOGN_ACQUISTI>0,000000</FOGN_ACQUISTI>
    <FRAN_ACQUISTI>0,000000</FRAN_ACQUISTI>
    <GREC_ACQUISTI>0,000000</GREC_ACQUISTI>
    <MFTV_ACQUISTI>0,000000</MFTV_ACQUISTI>
    <PRGP_ACQUISTI>0,000000</PRGP_ACQUISTI>
    <ROSN_ACQUISTI>0,000000</ROSN_ACQUISTI>
    <SLOV_ACQUISTI>0,000000</SLOV_ACQUISTI>
    <SVIZ_ACQUISTI>0,000000</SVIZ_ACQUISTI>
    <BSP_ACQUISTI>0,000000</BSP_ACQUISTI>
    <MALT_ACQUISTI>37,000000</MALT_ACQUISTI>
    <XAUS_ACQUISTI>0,000000</XAUS_ACQUISTI>
    <XFRA_ACQUISTI>0,000000</XFRA_ACQUISTI>
    <TOTALE_VENDITE>23497,829</TOTALE_VENDITE>
    <NAT_VENDITE>27534,870000</NAT_VENDITE>
    <CNOR_VENDITE>1590,879000</CNOR_VENDITE>
    <CSUD_VENDITE>2300,175000</CSUD_VENDITE>
    <NORD_VENDITE>11274,763000</NORD_VENDITE>
    <SARD_VENDITE>713,425000</SARD_VENDITE>
    <SICI_VENDITE>1130,366000</SICI_VENDITE>
    <SUD_VENDITE>833,547000</SUD_VENDITE>
    <AUST_VENDITE>20,000000</AUST_VENDITE>
    <BRNN_VENDITE>1042,230000</BRNN_VENDITE>
    <COAC_VENDITE>0,000000</COAC_VENDITE>
    <CORS_VENDITE>0,000000</CORS_VENDITE>
    <FOGN_VENDITE>250,544000</FOGN_VENDITE>
    <FRAN_VENDITE>99,000000</FRAN_VENDITE>
    <GREC_VENDITE>437,000000</GREC_VENDITE>
    <MFTV_VENDITE>0,000000</MFTV_VENDITE>
    <PRGP_VENDITE>0,000000</PRGP_VENDITE>
    <ROSN_VENDITE>35,900000</ROSN_VENDITE>
    <SLOV_VENDITE>0,000000</SLOV_VENDITE>
    <SVIZ_VENDITE>3770,000000</SVIZ_VENDITE>
    <BSP_VENDITE>663,000000</BSP_VENDITE>
    <MALT_VENDITE>0,000000</MALT_VENDITE>
    <XAUS_VENDITE>275,000000</XAUS_VENDITE>
    <XFRA_VENDITE>3104,000000</XFRA_VENDITE>
    <TOTITABSP_VENDITE>24160,829</TOTITABSP_VENDITE>
    <TOTITABSP_ACQUISTI>27539,829</TOTITABSP_ACQUISTI>
  </Quantita>
  <Quantita>
    <Data>20180428</Data>
    <Mercato>MGP</Mercato>
    <Ora>2</Ora>
    <TOTALE_ACQUISTI>26077,165</TOTALE_ACQUISTI>
    <NAT_ACQUISTI>26311,776000</NAT_ACQUISTI>
    <CNOR_ACQUISTI>2696,294000</CNOR_ACQUISTI>
    <CSUD_ACQUISTI>3936,998000</CSUD_ACQUISTI>
    <NORD_ACQUISTI>14848,241000</NORD_ACQUISTI>
    <SARD_ACQUISTI>837,039000</SARD_ACQUISTI>
    <SICI_ACQUISTI>1508,679000</SICI_ACQUISTI>
    <SUD_ACQUISTI>2062,914000</SUD_ACQUISTI>
    <AUST_ACQUISTI>0,000000</AUST_ACQUISTI>
    <BRNN_ACQUISTI>0,000000</BRNN_ACQUISTI>
    <COAC_ACQUISTI>20,000000</COAC_ACQUISTI>
    <CORS_ACQUISTI>5,000000</CORS_ACQUISTI>
    <FOGN_ACQUISTI>0,000000</FOGN_ACQUISTI>
    <FRAN_ACQUISTI>0,000000</FRAN_ACQUISTI>
    <GREC_ACQUISTI>113,000000</GREC_ACQUISTI>
    <MFTV_ACQUISTI>0,000000</MFTV_ACQUISTI>
    <PRGP_ACQUISTI>0,000000</PRGP_ACQUISTI>
    <ROSN_ACQUISTI>0,000000</ROSN_ACQUISTI>
    <SLOV_ACQUISTI>0,000000</SLOV_ACQUISTI>
    <SVIZ_ACQUISTI>0,000000</SVIZ_ACQUISTI>
    <BSP_ACQUISTI>0,000000</BSP_ACQUISTI>
    <MALT_ACQUISTI>49,000000</MALT_ACQUISTI>
    <XAUS_ACQUISTI>0,000000</XAUS_ACQUISTI>
    <XFRA_ACQUISTI>0,000000</XFRA_ACQUISTI>
    <TOTALE_VENDITE>22035,165</TOTALE_VENDITE>
    <NAT_VENDITE>26311,776000</NAT_VENDITE>
    <CNOR_VENDITE>1415,785000</CNOR_VENDITE>
    <CSUD_VENDITE>1906,705000</CSUD_VENDITE>
    <NORD_VENDITE>10540,882000</NORD_VENDITE>
    <SARD_VENDITE>710,496000</SARD_VENDITE>
    <SICI_VENDITE>1063,202000</SICI_VENDITE>
    <SUD_VENDITE>932,064000</SUD_VENDITE>
    <AUST_VENDITE>20,000000</AUST_VENDITE>
    <BRNN_VENDITE>1090,984000</BRNN_VENDITE>
    <COAC_VENDITE>0,000000</COAC_VENDITE>
    <CORS_VENDITE>0,000000</CORS_VENDITE>
    <FOGN_VENDITE>0,399000</FOGN_VENDITE>
    <FRAN_VENDITE>99,000000</FRAN_VENDITE>
    <GREC_VENDITE>391,000000</GREC_VENDITE>
    <MFTV_VENDITE>0,000000</MFTV_VENDITE>
    <PRGP_VENDITE>0,000000</PRGP_VENDITE>
    <ROSN_VENDITE>37,780000</ROSN_VENDITE>
    <SLOV_VENDITE>0,000000</SLOV_VENDITE>
    <SVIZ_VENDITE>3826,868000</SVIZ_VENDITE>
    <BSP_VENDITE>663,000000</BSP_VENDITE>
    <MALT_VENDITE>0,000000</MALT_VENDITE>
    <XAUS_VENDITE>275,000000</XAUS_VENDITE>
    <XFRA_VENDITE>3104,000000</XFRA_VENDITE>
    <TOTITABSP_VENDITE>22698,165</TOTITABSP_VENDITE>
    <TOTITABSP_ACQUISTI>26077,165</TOTITABSP_ACQUISTI>
  </Quantita>
  <Quantita>
    <Data>20180428</Data>
    <Mercato>MGP</Mercato>
    <Ora>3</Ora>
    <TOTALE_ACQUISTI>25428,899</TOTALE_ACQUISTI>
    <NAT_ACQUISTI>25583,845000</NAT_ACQUISTI>
    <CNOR_ACQUISTI>2649,027000</CNOR_ACQUISTI>
    <CSUD_ACQUISTI>3763,171000</CSUD_ACQUISTI>
    <NORD_ACQUISTI>14466,826000</NORD_ACQUISTI>
    <SARD_ACQUISTI>814,557000</SARD_ACQUISTI>
    <SICI_ACQUISTI>1438,842000</SICI_ACQUISTI>
    <SUD_ACQUISTI>1999,476000</SUD_ACQUISTI>
    <AUST_ACQUISTI>0,000000</AUST_ACQUISTI>
    <BRNN_ACQUISTI>0,000000</BRNN_ACQUISTI>
    <COAC_ACQUISTI>20,000000</COAC_ACQUISTI>
    <CORS_ACQUISTI>5,000000</CORS_ACQUISTI>
    <FOGN_ACQUISTI>0,000000</FOGN_ACQUISTI>
    <FRAN_ACQUISTI>0,000000</FRAN_ACQUISTI>
    <GREC_ACQUISTI>228,000000</GREC_ACQUISTI>
    <MFTV_ACQUISTI>0,000000</MFTV_ACQUISTI>
    <PRGP_ACQUISTI>0,000000</PRGP_ACQUISTI>
    <ROSN_ACQUISTI>0,000000</ROSN_ACQUISTI>
    <SLOV_ACQUISTI>0,000000</SLOV_ACQUISTI>
    <SVIZ_ACQUISTI>0,000000</SVIZ_ACQUISTI>
    <BSP_ACQUISTI>0,000000</BSP_ACQUISTI>
    <MALT_ACQUISTI>44,000000</MALT_ACQUISTI>
    <XAUS_ACQUISTI>0,000000</XAUS_ACQUISTI>
    <XFRA_ACQUISTI>0,000000</XFRA_ACQUISTI>
    <TOTALE_VENDITE>21650,313</TOTALE_VENDITE>
    <NAT_VENDITE>25583,845000</NAT_VENDITE>
    <CNOR_VENDITE>1400,217000</CNOR_VENDITE>
    <CSUD_VENDITE>1755,278000</CSUD_VENDITE>
    <NORD_VENDITE>10429,050000</NORD_VENDITE>
    <SARD_VENDITE>705,650000</SARD_VENDITE>
    <SICI_VENDITE>1025,907000</SICI_VENDITE>
    <SUD_VENDITE>890,276000</SUD_VENDITE>
    <AUST_VENDITE>20,000000</AUST_VENDITE>
    <BRNN_VENDITE>1092,449000</BRNN_VENDITE>
    <COAC_VENDITE>0,000000</COAC_VENDITE>
    <CORS_VENDITE>0,000000</CORS_VENDITE>
    <FOGN_VENDITE>1,072000</FOGN_VENDITE>
    <FRAN_VENDITE>99,000000</FRAN_VENDITE>
    <GREC_VENDITE>403,000000</GREC_VENDITE>
    <MFTV_VENDITE>0,000000</MFTV_VENDITE>
    <PRGP_VENDITE>0,000000</PRGP_VENDITE>
    <ROSN_VENDITE>39,414000</ROSN_VENDITE>
    <SLOV_VENDITE>0,000000</SLOV_VENDITE>
    <SVIZ_VENDITE>3789,000000</SVIZ_VENDITE>
    <BSP_VENDITE>570,000000</BSP_VENDITE>
    <MALT_VENDITE>0,000000</MALT_VENDITE>
    <XAUS_VENDITE>104,586000</XAUS_VENDITE>
    <XFRA_VENDITE>3104,000000</XFRA_VENDITE>
    <TOTITABSP_VENDITE>22220,313</TOTITABSP_VENDITE>
    <TOTITABSP_ACQUISTI>25428,899</TOTITABSP_ACQUISTI>
  </Quantita>
  <Quantita>
    <Data>20180428</Data>
    <Mercato>MGP</Mercato>
    <Ora>4</Ora>
    <TOTALE_ACQUISTI>25004,866</TOTALE_ACQUISTI>
    <NAT_ACQUISTI>25251,784000</NAT_ACQUISTI>
    <CNOR_ACQUISTI>2561,376000</CNOR_ACQUISTI>
    <CSUD_ACQUISTI>3664,981000</CSUD_ACQUISTI>
    <NORD_ACQUISTI>14203,511000</NORD_ACQUISTI>
    <SARD_ACQUISTI>814,967000</SARD_ACQUISTI>
    <SICI_ACQUISTI>1408,690000</SICI_ACQUISTI>
    <SUD_ACQUISTI>1961,395000</SUD_ACQUISTI>
    <AUST_ACQUISTI>0,000000</AUST_ACQUISTI>
    <BRNN_ACQUISTI>0,000000</BRNN_ACQUISTI>
    <COAC_ACQUISTI>20,000000</COAC_ACQUISTI>
    <CORS_ACQUISTI>5,000000</CORS_ACQUISTI>
    <FOGN_ACQUISTI>0,000000</FOGN_ACQUISTI>
    <FRAN_ACQUISTI>0,000000</FRAN_ACQUISTI>
    <GREC_ACQUISTI>323,946000</GREC_ACQUISTI>
    <MFTV_ACQUISTI>0,000000</MFTV_ACQUISTI>
    <PRGP_ACQUISTI>0,000000</PRGP_ACQUISTI>
    <ROSN_ACQUISTI>0,000000</ROSN_ACQUISTI>
    <SLOV_ACQUISTI>0,000000</SLOV_ACQUISTI>
    <SVIZ_ACQUISTI>0,000000</SVIZ_ACQUISTI>
    <BSP_ACQUISTI>0,000000</BSP_ACQUISTI>
    <MALT_ACQUISTI>41,000000</MALT_ACQUISTI>
    <XAUS_ACQUISTI>0,000000</XAUS_ACQUISTI>
    <XFRA_ACQUISTI>0,000000</XFRA_ACQUISTI>
    <TOTALE_VENDITE>21400,095</TOTALE_VENDITE>
    <NAT_VENDITE>25251,784000</NAT_VENDITE>
    <CNOR_VENDITE>1403,747000</CNOR_VENDITE>
    <CSUD_VENDITE>1667,211000</CSUD_VENDITE>
    <NORD_VENDITE>10373,369000</NORD_VENDITE>
    <SARD_VENDITE>705,307000</SARD_VENDITE>
    <SICI_VENDITE>1003,221000</SICI_VENDITE>
    <SUD_VENDITE>913,348000</SUD_VENDITE>
    <AUST_VENDITE>20,000000</AUST_VENDITE>
    <BRNN_VENDITE>1092,446000</BRNN_VENDITE>
    <COAC_VENDITE>0,000000</COAC_VENDITE>
    <CORS_VENDITE>0,000000</CORS_VENDITE>
    <FOGN_VENDITE>1,037000</FOGN_VENDITE>
    <FRAN_VENDITE>99,000000</FRAN_VENDITE>
    <GREC_VENDITE>416,000000</GREC_VENDITE>
    <MFTV_VENDITE>0,000000</MFTV_VENDITE>
    <PRGP_VENDITE>0,000000</PRGP_VENDITE>
    <ROSN_VENDITE>41,409000</ROSN_VENDITE>
    <SLOV_VENDITE>0,000000</SLOV_VENDITE>
    <SVIZ_VENDITE>3664,000000</SVIZ_VENDITE>
    <BSP_VENDITE>500,771000</BSP_VENDITE>
    <MALT_VENDITE>0,000000</MALT_VENDITE>
    <XAUS_VENDITE>0,000000</XAUS_VENDITE>
    <XFRA_VENDITE>3104,000000</XFRA_VENDITE>
    <TOTITABSP_VENDITE>21900,866</TOTITABSP_VENDITE>
    <TOTITABSP_ACQUISTI>25004,866</TOTITABSP_ACQUISTI>
  </Quantita>
  <Quantita>
    <Data>20180428</Data>
    <Mercato>MGP</Mercato>
    <Ora>5</Ora>
    <TOTALE_ACQUISTI>24904,48</TOTALE_ACQUISTI>
    <NAT_ACQUISTI>25013,480000</NAT_ACQUISTI>
    <CNOR_ACQUISTI>2594,658000</CNOR_ACQUISTI>
    <CSUD_ACQUISTI>3658,051000</CSUD_ACQUISTI>
    <NORD_ACQUISTI>14105,348000</NORD_ACQUISTI>
    <SARD_ACQUISTI>807,072000</SARD_ACQUISTI>
    <SICI_ACQUISTI>1409,313000</SICI_ACQUISTI>
    <SUD_ACQUISTI>1993,038000</SUD_ACQUISTI>
    <AUST_ACQUISTI>0,000000</AUST_ACQUISTI>
    <BRNN_ACQUISTI>0,000000</BRNN_ACQUISTI>
    <COAC_ACQUISTI>20,000000</COAC_ACQUISTI>
    <CORS_ACQUISTI>5,000000</CORS_ACQUISTI>
    <FOGN_ACQUISTI>0,000000</FOGN_ACQUISTI>
    <FRAN_ACQUISTI>0,000000</FRAN_ACQUISTI>
    <GREC_ACQUISTI>268,000000</GREC_ACQUISTI>
    <MFTV_ACQUISTI>0,000000</MFTV_ACQUISTI>
    <PRGP_ACQUISTI>0,000000</PRGP_ACQUISTI>
    <ROSN_ACQUISTI>0,000000</ROSN_ACQUISTI>
    <SLOV_ACQUISTI>0,000000</SLOV_ACQUISTI>
    <SVIZ_ACQUISTI>0,000000</SVIZ_ACQUISTI>
    <BSP_ACQUISTI>0,000000</BSP_ACQUISTI>
    <MALT_ACQUISTI>44,000000</MALT_ACQUISTI>
    <XAUS_ACQUISTI>0,000000</XAUS_ACQUISTI>
    <XFRA_ACQUISTI>0,000000</XFRA_ACQUISTI>
    <TOTALE_VENDITE>21150,019</TOTALE_VENDITE>
    <NAT_VENDITE>25013,480000</NAT_VENDITE>
    <CNOR_VENDITE>1398,790000</CNOR_VENDITE>
    <CSUD_VENDITE>1636,696000</CSUD_VENDITE>
    <NORD_VENDITE>10423,755000</NORD_VENDITE>
    <SARD_VENDITE>707,477000</SARD_VENDITE>
    <SICI_VENDITE>1001,720000</SICI_VENDITE>
    <SUD_VENDITE>955,657000</SUD_VENDITE>
    <AUST_VENDITE>20,000000</AUST_VENDITE>
    <BRNN_VENDITE>1030,785000</BRNN_VENDITE>
    <COAC_VENDITE>0,000000</COAC_VENDITE>
    <CORS_VENDITE>0,000000</CORS_VENDITE>
    <FOGN_VENDITE>0,950000</FOGN_VENDITE>
    <FRAN_VENDITE>99,000000</FRAN_VENDITE>
    <GREC_VENDITE>428,000000</GREC_VENDITE>
    <MFTV_VENDITE>0,000000</MFTV_VENDITE>
    <PRGP_VENDITE>0,000000</PRGP_VENDITE>
    <ROSN_VENDITE>43,189000</ROSN_VENDITE>
    <SLOV_VENDITE>0,000000</SLOV_VENDITE>
    <SVIZ_VENDITE>3404,000000</SVIZ_VENDITE>
    <BSP_VENDITE>650,461000</BSP_VENDITE>
    <MALT_VENDITE>0,000000</MALT_VENDITE>
    <XAUS_VENDITE>0,000000</XAUS_VENDITE>
    <XFRA_VENDITE>3104,000000</XFRA_VENDITE>
    <TOTITABSP_VENDITE>21800,48</TOTITABSP_VENDITE>
    <TOTITABSP_ACQUISTI>24904,48</TOTITABSP_ACQUISTI>
  </Quantita>
  <Quantita>
    <Data>20180428</Data>
    <Mercato>MGP</Mercato>
    <Ora>6</Ora>
    <TOTALE_ACQUISTI>25226,831</TOTALE_ACQUISTI>
    <NAT_ACQUISTI>25308,320000</NAT_ACQUISTI>
    <CNOR_ACQUISTI>2569,585000</CNOR_ACQUISTI>
    <CSUD_ACQUISTI>3727,200000</CSUD_ACQUISTI>
    <NORD_ACQUISTI>14374,830000</NORD_ACQUISTI>
    <SARD_ACQUISTI>834,502000</SARD_ACQUISTI>
    <SICI_ACQUISTI>1461,023000</SICI_ACQUISTI>
    <SUD_ACQUISTI>2027,691000</SUD_ACQUISTI>
    <AUST_ACQUISTI>0,000000</AUST_ACQUISTI>
    <BRNN_ACQUISTI>0,000000</BRNN_ACQUISTI>
    <COAC_ACQUISTI>20,000000</COAC_ACQUISTI>
    <CORS_ACQUISTI>5,000000</CORS_ACQUISTI>
    <FOGN_ACQUISTI>0,000000</FOGN_ACQUISTI>
    <FRAN_ACQUISTI>0,000000</FRAN_ACQUISTI>
    <GREC_ACQUISTI>150,000000</GREC_ACQUISTI>
    <MFTV_ACQUISTI>0,000000</MFTV_ACQUISTI>
    <PRGP_ACQUISTI>0,000000</PRGP_ACQUISTI>
    <ROSN_ACQUISTI>0,000000</ROSN_ACQUISTI>
    <SLOV_ACQUISTI>0,000000</SLOV_ACQUISTI>
    <SVIZ_ACQUISTI>0,000000</SVIZ_ACQUISTI>
    <BSP_ACQUISTI>0,000000</BSP_ACQUISTI>
    <MALT_ACQUISTI>57,000000</MALT_ACQUISTI>
    <XAUS_ACQUISTI>0,000000</XAUS_ACQUISTI>
    <XFRA_ACQUISTI>0,000000</XFRA_ACQUISTI>
    <TOTALE_VENDITE>21184,831</TOTALE_VENDITE>
    <NAT_VENDITE>25308,320000</NAT_VENDITE>
    <CNOR_VENDITE>1405,266000</CNOR_VENDITE>
    <CSUD_VENDITE>1691,058000</CSUD_VENDITE>
    <NORD_VENDITE>10458,742000</NORD_VENDITE>
    <SARD_VENDITE>704,891000</SARD_VENDITE>
    <SICI_VENDITE>1005,273000</SICI_VENDITE>
    <SUD_VENDITE>990,104000</SUD_VENDITE>
    <AUST_VENDITE>20,000000</AUST_VENDITE>
    <BRNN_VENDITE>1030,719000</BRNN_VENDITE>
    <COAC_VENDITE>0,000000</COAC_VENDITE>
    <CORS_VENDITE>0,000000</CORS_VENDITE>
    <FOGN_VENDITE>0,721000</FOGN_VENDITE>
    <FRAN_VENDITE>99,000000</FRAN_VENDITE>
    <GREC_VENDITE>417,000000</GREC_VENDITE>
    <MFTV_VENDITE>0,000000</MFTV_VENDITE>
    <PRGP_VENDITE>0,000000</PRGP_VENDITE>
    <ROSN_VENDITE>42,650000</ROSN_VENDITE>
    <SLOV_VENDITE>0,000000</SLOV_VENDITE>
    <SVIZ_VENDITE>3319,407000</SVIZ_VENDITE>
    <BSP_VENDITE>663,000000</BSP_VENDITE>
    <MALT_VENDITE>0,000000</MALT_VENDITE>
    <XAUS_VENDITE>275,000000</XAUS_VENDITE>
    <XFRA_VENDITE>3104,000000</XFRA_VENDITE>
    <TOTITABSP_VENDITE>21847,831</TOTITABSP_VENDITE>
    <TOTITABSP_ACQUISTI>25226,831</TOTITABSP_ACQUISTI>
  </Quantita>
  <Quantita>
    <Data>20180428</Data>
    <Mercato>MGP</Mercato>
    <Ora>7</Ora>
    <TOTALE_ACQUISTI>25901,112</TOTALE_ACQUISTI>
    <NAT_ACQUISTI>26050,875000</NAT_ACQUISTI>
    <CNOR_ACQUISTI>2735,375000</CNOR_ACQUISTI>
    <CSUD_ACQUISTI>3780,244000</CSUD_ACQUISTI>
    <NORD_ACQUISTI>14889,800000</NORD_ACQUISTI>
    <SARD_ACQUISTI>869,832000</SARD_ACQUISTI>
    <SICI_ACQUISTI>1491,747000</SICI_ACQUISTI>
    <SUD_ACQUISTI>2020,197000</SUD_ACQUISTI>
    <AUST_ACQUISTI>0,000000</AUST_ACQUISTI>
    <BRNN_ACQUISTI>0,000000</BRNN_ACQUISTI>
    <COAC_ACQUISTI>20,000000</COAC_ACQUISTI>
    <CORS_ACQUISTI>5,000000</CORS_ACQUISTI>
    <FOGN_ACQUISTI>0,000000</FOGN_ACQUISTI>
    <FRAN_ACQUISTI>0,000000</FRAN_ACQUISTI>
    <GREC_ACQUISTI>15,917000</GREC_ACQUISTI>
    <MFTV_ACQUISTI>0,000000</MFTV_ACQUISTI>
    <PRGP_ACQUISTI>0,000000</PRGP_ACQUISTI>
    <ROSN_ACQUISTI>0,000000</ROSN_ACQUISTI>
    <SLOV_ACQUISTI>0,000000</SLOV_ACQUISTI>
    <SVIZ_ACQUISTI>0,000000</SVIZ_ACQUISTI>
    <BSP_ACQUISTI>0,000000</BSP_ACQUISTI>
    <MALT_ACQUISTI>73,000000</MALT_ACQUISTI>
    <XAUS_ACQUISTI>0,000000</XAUS_ACQUISTI>
    <XFRA_ACQUISTI>0,000000</XFRA_ACQUISTI>
    <TOTALE_VENDITE>22118,112</TOTALE_VENDITE>
    <NAT_VENDITE>26050,875000</NAT_VENDITE>
    <CNOR_VENDITE>1474,474000</CNOR_VENDITE>
    <CSUD_VENDITE>1729,160000</CSUD_VENDITE>
    <NORD_VENDITE>10996,952000</NORD_VENDITE>
    <SARD_VENDITE>707,121000</SARD_VENDITE>
    <SICI_VENDITE>987,266000</SICI_VENDITE>
    <SUD_VENDITE>915,984000</SUD_VENDITE>
    <AUST_VENDITE>20,000000</AUST_VENDITE>
    <BRNN_VENDITE>1044,815000</BRNN_VENDITE>
    <COAC_VENDITE>0,000000</COAC_VENDITE>
    <CORS_VENDITE>0,000000</CORS_VENDITE>
    <FOGN_VENDITE>50,870000</FOGN_VENDITE>
    <FRAN_VENDITE>99,000000</FRAN_VENDITE>
    <GREC_VENDITE>396,000000</GREC_VENDITE>
    <MFTV_VENDITE>0,000000</MFTV_VENDITE>
    <PRGP_VENDITE>0,140000</PRGP_VENDITE>
    <ROSN_VENDITE>44,581000</ROSN_VENDITE>
    <SLOV_VENDITE>0,000000</SLOV_VENDITE>
    <SVIZ_VENDITE>3651,749000</SVIZ_VENDITE>
    <BSP_VENDITE>620,000000</BSP_VENDITE>
    <MALT_VENDITE>0,000000</MALT_VENDITE>
    <XAUS_VENDITE>275,000000</XAUS_VENDITE>
    <XFRA_VENDITE>2888,000000</XFRA_VENDITE>
    <TOTITABSP_VENDITE>22738,112</TOTITABSP_VENDITE>
    <TOTITABSP_ACQUISTI>25901,112</TOTITABSP_ACQUISTI>
  </Quantita>
  <Quantita>
    <Data>20180428</Data>
    <Mercato>MGP</Mercato>
    <Ora>8</Ora>
    <TOTALE_ACQUISTI>28569,293</TOTALE_ACQUISTI>
    <NAT_ACQUISTI>28533,961000</NAT_ACQUISTI>
    <CNOR_ACQUISTI>3002,186000</CNOR_ACQUISTI>
    <CSUD_ACQUISTI>4258,540000</CSUD_ACQUISTI>
    <NORD_ACQUISTI>16216,655000</NORD_ACQUISTI>
    <SARD_ACQUISTI>952,394000</SARD_ACQUISTI>
    <SICI_ACQUISTI>1716,815000</SICI_ACQUISTI>
    <SUD_ACQUISTI>2299,703000</SUD_ACQUISTI>
    <AUST_ACQUISTI>0,000000</AUST_ACQUISTI>
    <BRNN_ACQUISTI>0,000000</BRNN_ACQUISTI>
    <COAC_ACQUISTI>20,000000</COAC_ACQUISTI>
    <CORS_ACQUISTI>5,000000</CORS_ACQUISTI>
    <FOGN_ACQUISTI>0,000000</FOGN_ACQUISTI>
    <FRAN_ACQUISTI>0,000000</FRAN_ACQUISTI>
    <GREC_ACQUISTI>0,000000</GREC_ACQUISTI>
    <MFTV_ACQUISTI>0,000000</MFTV_ACQUISTI>
    <PRGP_ACQUISTI>0,000000</PRGP_ACQUISTI>
    <ROSN_ACQUISTI>0,000000</ROSN_ACQUISTI>
    <SLOV_ACQUISTI>0,000000</SLOV_ACQUISTI>
    <SVIZ_ACQUISTI>0,000000</SVIZ_ACQUISTI>
    <BSP_ACQUISTI>0,000000</BSP_ACQUISTI>
    <MALT_ACQUISTI>98,000000</MALT_ACQUISTI>
    <XAUS_ACQUISTI>0,000000</XAUS_ACQUISTI>
    <XFRA_ACQUISTI>0,000000</XFRA_ACQUISTI>
    <TOTALE_VENDITE>25519,293</TOTALE_VENDITE>
    <NAT_VENDITE>28533,961000</NAT_VENDITE>
    <CNOR_VENDITE>1702,186000</CNOR_VENDITE>
    <CSUD_VENDITE>2301,526000</CSUD_VENDITE>
    <NORD_VENDITE>13415,655000</NORD_VENDITE>
    <SARD_VENDITE>727,431000</SARD_VENDITE>
    <SICI_VENDITE>1051,204000</SICI_VENDITE>
    <SUD_VENDITE>1238,467000</SUD_VENDITE>
    <AUST_VENDITE>20,000000</AUST_VENDITE>
    <BRNN_VENDITE>1044,109000</BRNN_VENDITE>
    <COAC_VENDITE>0,000000</COAC_VENDITE>
    <CORS_VENDITE>0,000000</CORS_VENDITE>
    <FOGN_VENDITE>51,814000</FOGN_VENDITE>
    <FRAN_VENDITE>99,000000</FRAN_VENDITE>
    <GREC_VENDITE>486,000000</GREC_VENDITE>
    <MFTV_VENDITE>0,000000</MFTV_VENDITE>
    <PRGP_VENDITE>0,755000</PRGP_VENDITE>
    <ROSN_VENDITE>49,146000</ROSN_VENDITE>
    <SLOV_VENDITE>0,000000</SLOV_VENDITE>
    <SVIZ_VENDITE>3332,000000</SVIZ_VENDITE>
    <BSP_VENDITE>549,000000</BSP_VENDITE>
    <MALT_VENDITE>0,000000</MALT_VENDITE>
    <XAUS_VENDITE>231,000000</XAUS_VENDITE>
    <XFRA_VENDITE>2270,000000</XFRA_VENDITE>
    <TOTITABSP_VENDITE>26068,293</TOTITABSP_VENDITE>
    <TOTITABSP_ACQUISTI>28569,293</TOTITABSP_ACQUISTI>
  </Quantita>
  <Quantita>
    <Data>20180428</Data>
    <Mercato>MGP</Mercato>
    <Ora>9</Ora>
    <TOTALE_ACQUISTI>30880,015</TOTALE_ACQUISTI>
    <NAT_ACQUISTI>30880,015000</NAT_ACQUISTI>
    <CNOR_ACQUISTI>3229,993000</CNOR_ACQUISTI>
    <CSUD_ACQUISTI>4689,864000</CSUD_ACQUISTI>
    <NORD_ACQUISTI>17422,413000</NORD_ACQUISTI>
    <SARD_ACQUISTI>1004,286000</SARD_ACQUISTI>
    <SICI_ACQUISTI>1910,826000</SICI_ACQUISTI>
    <SUD_ACQUISTI>2490,633000</SUD_ACQUISTI>
    <AUST_ACQUISTI>0,000000</AUST_ACQUISTI>
    <BRNN_ACQUISTI>0,000000</BRNN_ACQUISTI>
    <COAC_ACQUISTI>20,000000</COAC_ACQUISTI>
    <CORS_ACQUISTI>5,000000</CORS_ACQUISTI>
    <FOGN_ACQUISTI>0,000000</FOGN_ACQUISTI>
    <FRAN_ACQUISTI>0,000000</FRAN_ACQUISTI>
    <GREC_ACQUISTI>0,000000</GREC_ACQUISTI>
    <MFTV_ACQUISTI>0,000000</MFTV_ACQUISTI>
    <PRGP_ACQUISTI>0,000000</PRGP_ACQUISTI>
    <ROSN_ACQUISTI>0,000000</ROSN_ACQUISTI>
    <SLOV_ACQUISTI>0,000000</SLOV_ACQUISTI>
    <SVIZ_ACQUISTI>0,000000</SVIZ_ACQUISTI>
    <BSP_ACQUISTI>0,000000</BSP_ACQUISTI>
    <MALT_ACQUISTI>107,000000</MALT_ACQUISTI>
    <XAUS_ACQUISTI>0,000000</XAUS_ACQUISTI>
    <XFRA_ACQUISTI>0,000000</XFRA_ACQUISTI>
    <TOTALE_VENDITE>28555,015</TOTALE_VENDITE>
    <NAT_VENDITE>30880,015000</NAT_VENDITE>
    <CNOR_VENDITE>2014,404000</CNOR_VENDITE>
    <CSUD_VENDITE>2841,568000</CSUD_VENDITE>
    <NORD_VENDITE>15698,146000</NORD_VENDITE>
    <SARD_VENDITE>794,083000</SARD_VENDITE>
    <SICI_VENDITE>1136,576000</SICI_VENDITE>
    <SUD_VENDITE>1703,818000</SUD_VENDITE>
    <AUST_VENDITE>20,000000</AUST_VENDITE>
    <BRNN_VENDITE>1043,696000</BRNN_VENDITE>
    <COAC_VENDITE>0,000000</COAC_VENDITE>
    <CORS_VENDITE>0,000000</CORS_VENDITE>
    <FOGN_VENDITE>104,358000</FOGN_VENDITE>
    <FRAN_VENDITE>99,000000</FRAN_VENDITE>
    <GREC_VENDITE>486,000000</GREC_VENDITE>
    <MFTV_VENDITE>0,000000</MFTV_VENDITE>
    <PRGP_VENDITE>1,428000</PRGP_VENDITE>
    <ROSN_VENDITE>54,938000</ROSN_VENDITE>
    <SLOV_VENDITE>0,000000</SLOV_VENDITE>
    <SVIZ_VENDITE>2557,000000</SVIZ_VENDITE>
    <BSP_VENDITE>424,000000</BSP_VENDITE>
    <MALT_VENDITE>0,000000</MALT_VENDITE>
    <XAUS_VENDITE>173,000000</XAUS_VENDITE>
    <XFRA_VENDITE>1728,000000</XFRA_VENDITE>
    <TOTITABSP_VENDITE>28979,015</TOTITABSP_VENDITE>
    <TOTITABSP_ACQUISTI>30880,015</TOTITABSP_ACQUISTI>
  </Quantita>
  <Quantita>
    <Data>20180428</Data>
    <Mercato>MGP</Mercato>
    <Ora>10</Ora>
    <TOTALE_ACQUISTI>31484,488</TOTALE_ACQUISTI>
    <NAT_ACQUISTI>31484,488000</NAT_ACQUISTI>
    <CNOR_ACQUISTI>3295,689000</CNOR_ACQUISTI>
    <CSUD_ACQUISTI>4963,870000</CSUD_ACQUISTI>
    <NORD_ACQUISTI>17570,296000</NORD_ACQUISTI>
    <SARD_ACQUISTI>994,667000</SARD_ACQUISTI>
    <SICI_ACQUISTI>1986,387000</SICI_ACQUISTI>
    <SUD_ACQUISTI>2537,579000</SUD_ACQUISTI>
    <AUST_ACQUISTI>0,000000</AUST_ACQUISTI>
    <BRNN_ACQUISTI>0,000000</BRNN_ACQUISTI>
    <COAC_ACQUISTI>20,000000</COAC_ACQUISTI>
    <CORS_ACQUISTI>5,000000</CORS_ACQUISTI>
    <FOGN_ACQUISTI>0,000000</FOGN_ACQUISTI>
    <FRAN_ACQUISTI>0,000000</FRAN_ACQUISTI>
    <GREC_ACQUISTI>0,000000</GREC_ACQUISTI>
    <MFTV_ACQUISTI>0,000000</MFTV_ACQUISTI>
    <PRGP_ACQUISTI>0,000000</PRGP_ACQUISTI>
    <ROSN_ACQUISTI>0,000000</ROSN_ACQUISTI>
    <SLOV_ACQUISTI>0,000000</SLOV_ACQUISTI>
    <SVIZ_ACQUISTI>0,000000</SVIZ_ACQUISTI>
    <BSP_ACQUISTI>0,000000</BSP_ACQUISTI>
    <MALT_ACQUISTI>111,000000</MALT_ACQUISTI>
    <XAUS_ACQUISTI>0,000000</XAUS_ACQUISTI>
    <XFRA_ACQUISTI>0,000000</XFRA_ACQUISTI>
    <TOTALE_VENDITE>29885,488</TOTALE_VENDITE>
    <NAT_VENDITE>31484,488000</NAT_VENDITE>
    <CNOR_VENDITE>2441,973000</CNOR_VENDITE>
    <CSUD_VENDITE>3143,011000</CSUD_VENDITE>
    <NORD_VENDITE>16403,372000</NORD_VENDITE>
    <SARD_VENDITE>875,246000</SARD_VENDITE>
    <SICI_VENDITE>1249,410000</SICI_VENDITE>
    <SUD_VENDITE>2184,435000</SUD_VENDITE>
    <AUST_VENDITE>20,000000</AUST_VENDITE>
    <BRNN_VENDITE>1039,790000</BRNN_VENDITE>
    <COAC_VENDITE>0,000000</COAC_VENDITE>
    <CORS_VENDITE>0,000000</CORS_VENDITE>
    <FOGN_VENDITE>106,555000</FOGN_VENDITE>
    <FRAN_VENDITE>99,000000</FRAN_VENDITE>
    <GREC_VENDITE>474,000000</GREC_VENDITE>
    <MFTV_VENDITE>0,000000</MFTV_VENDITE>
    <PRGP_VENDITE>2,135000</PRGP_VENDITE>
    <ROSN_VENDITE>64,561000</ROSN_VENDITE>
    <SLOV_VENDITE>0,000000</SLOV_VENDITE>
    <SVIZ_VENDITE>1782,000000</SVIZ_VENDITE>
    <BSP_VENDITE>298,000000</BSP_VENDITE>
    <MALT_VENDITE>0,000000</MALT_VENDITE>
    <XAUS_VENDITE>114,000000</XAUS_VENDITE>
    <XFRA_VENDITE>1187,000000</XFRA_VENDITE>
    <TOTITABSP_VENDITE>30183,488</TOTITABSP_VENDITE>
    <TOTITABSP_ACQUISTI>31484,488</TOTITABSP_ACQUISTI>
  </Quantita>
  <Quantita>
    <Data>20180428</Data>
    <Mercato>MGP</Mercato>
    <Ora>11</Ora>
    <TOTALE_ACQUISTI>30838,582</TOTALE_ACQUISTI>
    <NAT_ACQUISTI>30838,582000</NAT_ACQUISTI>
    <CNOR_ACQUISTI>3151,695000</CNOR_ACQUISTI>
    <CSUD_ACQUISTI>4961,631000</CSUD_ACQUISTI>
    <NORD_ACQUISTI>17205,069000</NORD_ACQUISTI>
    <SARD_ACQUISTI>957,924000</SARD_ACQUISTI>
    <SICI_ACQUISTI>1957,997000</SICI_ACQUISTI>
    <SUD_ACQUISTI>2475,266000</SUD_ACQUISTI>
    <AUST_ACQUISTI>0,000000</AUST_ACQUISTI>
    <BRNN_ACQUISTI>0,000000</BRNN_ACQUISTI>
    <COAC_ACQUISTI>20,000000</COAC_ACQUISTI>
    <CORS_ACQUISTI>5,000000</CORS_ACQUISTI>
    <FOGN_ACQUISTI>0,000000</FOGN_ACQUISTI>
    <FRAN_ACQUISTI>0,000000</FRAN_ACQUISTI>
    <GREC_ACQUISTI>0,000000</GREC_ACQUISTI>
    <MFTV_ACQUISTI>0,000000</MFTV_ACQUISTI>
    <PRGP_ACQUISTI>0,000000</PRGP_ACQUISTI>
    <ROSN_ACQUISTI>0,000000</ROSN_ACQUISTI>
    <SLOV_ACQUISTI>0,000000</SLOV_ACQUISTI>
    <SVIZ_ACQUISTI>0,000000</SVIZ_ACQUISTI>
    <BSP_ACQUISTI>0,000000</BSP_ACQUISTI>
    <MALT_ACQUISTI>104,000000</MALT_ACQUISTI>
    <XAUS_ACQUISTI>0,000000</XAUS_ACQUISTI>
    <XFRA_ACQUISTI>0,000000</XFRA_ACQUISTI>
    <TOTALE_VENDITE>29942,582</TOTALE_VENDITE>
    <NAT_VENDITE>30838,582000</NAT_VENDITE>
    <CNOR_VENDITE>2440,366000</CNOR_VENDITE>
    <CSUD_VENDITE>3031,030000</CSUD_VENDITE>
    <NORD_VENDITE>17017,819000</NORD_VENDITE>
    <SARD_VENDITE>932,959000</SARD_VENDITE>
    <SICI_VENDITE>1313,898000</SICI_VENDITE>
    <SUD_VENDITE>2577,862000</SUD_VENDITE>
    <AUST_VENDITE>0,000000</AUST_VENDITE>
    <BRNN_VENDITE>1039,123000</BRNN_VENDITE>
    <COAC_VENDITE>0,000000</COAC_VENDITE>
    <CORS_VENDITE>0,000000</CORS_VENDITE>
    <FOGN_VENDITE>109,433000</FOGN_VENDITE>
    <FRAN_VENDITE>99,000000</FRAN_VENDITE>
    <GREC_VENDITE>299,000000</GREC_VENDITE>
    <MFTV_VENDITE>0,000000</MFTV_VENDITE>
    <PRGP_VENDITE>3,046000</PRGP_VENDITE>
    <ROSN_VENDITE>74,046000</ROSN_VENDITE>
    <SLOV_VENDITE>0,000000</SLOV_VENDITE>
    <SVIZ_VENDITE>1005,000000</SVIZ_VENDITE>
    <BSP_VENDITE>173,000000</BSP_VENDITE>
    <MALT_VENDITE>0,000000</MALT_VENDITE>
    <XAUS_VENDITE>75,000000</XAUS_VENDITE>
    <XFRA_VENDITE>648,000000</XFRA_VENDITE>
    <TOTITABSP_VENDITE>30115,582</TOTITABSP_VENDITE>
    <TOTITABSP_ACQUISTI>30838,582</TOTITABSP_ACQUISTI>
  </Quantita>
  <Quantita>
    <Data>20180428</Data>
    <Mercato>MGP</Mercato>
    <Ora>12</Ora>
    <TOTALE_ACQUISTI>29913,373</TOTALE_ACQUISTI>
    <NAT_ACQUISTI>29913,373000</NAT_ACQUISTI>
    <CNOR_ACQUISTI>3083,129000</CNOR_ACQUISTI>
    <CSUD_ACQUISTI>4886,418000</CSUD_ACQUISTI>
    <NORD_ACQUISTI>16462,142000</NORD_ACQUISTI>
    <SARD_ACQUISTI>924,162000</SARD_ACQUISTI>
    <SICI_ACQUISTI>1901,899000</SICI_ACQUISTI>
    <SUD_ACQUISTI>2415,623000</SUD_ACQUISTI>
    <AUST_ACQUISTI>0,000000</AUST_ACQUISTI>
    <BRNN_ACQUISTI>0,000000</BRNN_ACQUISTI>
    <COAC_ACQUISTI>20,000000</COAC_ACQUISTI>
    <CORS_ACQUISTI>5,000000</CORS_ACQUISTI>
    <FOGN_ACQUISTI>0,000000</FOGN_ACQUISTI>
    <FRAN_ACQUISTI>0,000000</FRAN_ACQUISTI>
    <GREC_ACQUISTI>123,000000</GREC_ACQUISTI>
    <MFTV_ACQUISTI>0,000000</MFTV_ACQUISTI>
    <PRGP_ACQUISTI>0,000000</PRGP_ACQUISTI>
    <ROSN_ACQUISTI>0,000000</ROSN_ACQUISTI>
    <SLOV_ACQUISTI>0,000000</SLOV_ACQUISTI>
    <SVIZ_ACQUISTI>0,000000</SVIZ_ACQUISTI>
    <BSP_ACQUISTI>0,000000</BSP_ACQUISTI>
    <MALT_ACQUISTI>92,000000</MALT_ACQUISTI>
    <XAUS_ACQUISTI>0,000000</XAUS_ACQUISTI>
    <XFRA_ACQUISTI>0,000000</XFRA_ACQUISTI>
    <TOTALE_VENDITE>29017,373</TOTALE_VENDITE>
    <NAT_VENDITE>29913,373000</NAT_VENDITE>
    <CNOR_VENDITE>2415,965000</CNOR_VENDITE>
    <CSUD_VENDITE>2336,639000</CSUD_VENDITE>
    <NORD_VENDITE>16403,452000</NORD_VENDITE>
    <SARD_VENDITE>989,607000</SARD_VENDITE>
    <SICI_VENDITE>1399,812000</SICI_VENDITE>
    <SUD_VENDITE>2867,106000</SUD_VENDITE>
    <AUST_VENDITE>0,000000</AUST_VENDITE>
    <BRNN_VENDITE>1042,064000</BRNN_VENDITE>
    <COAC_VENDITE>0,000000</COAC_VENDITE>
    <CORS_VENDITE>0,000000</CORS_VENDITE>
    <FOGN_VENDITE>112,375000</FOGN_VENDITE>
    <FRAN_VENDITE>99,000000</FRAN_VENDITE>
    <GREC_VENDITE>266,000000</GREC_VENDITE>
    <MFTV_VENDITE>0,000000</MFTV_VENDITE>
    <PRGP_VENDITE>3,729000</PRGP_VENDITE>
    <ROSN_VENDITE>76,624000</ROSN_VENDITE>
    <SLOV_VENDITE>0,000000</SLOV_VENDITE>
    <SVIZ_VENDITE>1005,000000</SVIZ_VENDITE>
    <BSP_VENDITE>173,000000</BSP_VENDITE>
    <MALT_VENDITE>0,000000</MALT_VENDITE>
    <XAUS_VENDITE>75,000000</XAUS_VENDITE>
    <XFRA_VENDITE>648,000000</XFRA_VENDITE>
    <TOTITABSP_VENDITE>29190,373</TOTITABSP_VENDITE>
    <TOTITABSP_ACQUISTI>29913,373</TOTITABSP_ACQUISTI>
  </Quantita>
  <Quantita>
    <Data>20180428</Data>
    <Mercato>MGP</Mercato>
    <Ora>13</Ora>
    <TOTALE_ACQUISTI>28749,581</TOTALE_ACQUISTI>
    <NAT_ACQUISTI>28749,581000</NAT_ACQUISTI>
    <CNOR_ACQUISTI>2940,425000</CNOR_ACQUISTI>
    <CSUD_ACQUISTI>4837,955000</CSUD_ACQUISTI>
    <NORD_ACQUISTI>15393,841000</NORD_ACQUISTI>
    <SARD_ACQUISTI>912,109000</SARD_ACQUISTI>
    <SICI_ACQUISTI>1879,308000</SICI_ACQUISTI>
    <SUD_ACQUISTI>2400,943000</SUD_ACQUISTI>
    <AUST_ACQUISTI>0,000000</AUST_ACQUISTI>
    <BRNN_ACQUISTI>0,000000</BRNN_ACQUISTI>
    <COAC_ACQUISTI>20,000000</COAC_ACQUISTI>
    <CORS_ACQUISTI>5,000000</CORS_ACQUISTI>
    <FOGN_ACQUISTI>0,000000</FOGN_ACQUISTI>
    <FRAN_ACQUISTI>0,000000</FRAN_ACQUISTI>
    <GREC_ACQUISTI>268,000000</GREC_ACQUISTI>
    <MFTV_ACQUISTI>0,000000</MFTV_ACQUISTI>
    <PRGP_ACQUISTI>0,000000</PRGP_ACQUISTI>
    <ROSN_ACQUISTI>0,000000</ROSN_ACQUISTI>
    <SLOV_ACQUISTI>0,000000</SLOV_ACQUISTI>
    <SVIZ_ACQUISTI>0,000000</SVIZ_ACQUISTI>
    <BSP_ACQUISTI>0,000000</BSP_ACQUISTI>
    <MALT_ACQUISTI>92,000000</MALT_ACQUISTI>
    <XAUS_ACQUISTI>0,000000</XAUS_ACQUISTI>
    <XFRA_ACQUISTI>0,000000</XFRA_ACQUISTI>
    <TOTALE_VENDITE>27853,581</TOTALE_VENDITE>
    <NAT_VENDITE>28749,581000</NAT_VENDITE>
    <CNOR_VENDITE>2454,926000</CNOR_VENDITE>
    <CSUD_VENDITE>2364,004000</CSUD_VENDITE>
    <NORD_VENDITE>15035,602000</NORD_VENDITE>
    <SARD_VENDITE>1020,655000</SARD_VENDITE>
    <SICI_VENDITE>1433,579000</SICI_VENDITE>
    <SUD_VENDITE>3014,791000</SUD_VENDITE>
    <AUST_VENDITE>0,000000</AUST_VENDITE>
    <BRNN_VENDITE>949,748000</BRNN_VENDITE>
    <COAC_VENDITE>0,000000</COAC_VENDITE>
    <CORS_VENDITE>0,000000</CORS_VENDITE>
    <FOGN_VENDITE>113,252000</FOGN_VENDITE>
    <FRAN_VENDITE>99,000000</FRAN_VENDITE>
    <GREC_VENDITE>268,000000</GREC_VENDITE>
    <MFTV_VENDITE>0,000000</MFTV_VENDITE>
    <PRGP_VENDITE>3,915000</PRGP_VENDITE>
    <ROSN_VENDITE>91,109000</ROSN_VENDITE>
    <SLOV_VENDITE>0,000000</SLOV_VENDITE>
    <SVIZ_VENDITE>1005,000000</SVIZ_VENDITE>
    <BSP_VENDITE>173,000000</BSP_VENDITE>
    <MALT_VENDITE>0,000000</MALT_VENDITE>
    <XAUS_VENDITE>75,000000</XAUS_VENDITE>
    <XFRA_VENDITE>648,000000</XFRA_VENDITE>
    <TOTITABSP_VENDITE>28026,581</TOTITABSP_VENDITE>
    <TOTITABSP_ACQUISTI>28749,581</TOTITABSP_ACQUISTI>
  </Quantita>
  <Quantita>
    <Data>20180428</Data>
    <Mercato>MGP</Mercato>
    <Ora>14</Ora>
    <TOTALE_ACQUISTI>27767,874</TOTALE_ACQUISTI>
    <NAT_ACQUISTI>27767,874000</NAT_ACQUISTI>
    <CNOR_ACQUISTI>2784,156000</CNOR_ACQUISTI>
    <CSUD_ACQUISTI>4653,113000</CSUD_ACQUISTI>
    <NORD_ACQUISTI>14853,387000</NORD_ACQUISTI>
    <SARD_ACQUISTI>886,935000</SARD_ACQUISTI>
    <SICI_ACQUISTI>1806,351000</SICI_ACQUISTI>
    <SUD_ACQUISTI>2280,932000</SUD_ACQUISTI>
    <AUST_ACQUISTI>0,000000</AUST_ACQUISTI>
    <BRNN_ACQUISTI>0,000000</BRNN_ACQUISTI>
    <COAC_ACQUISTI>20,000000</COAC_ACQUISTI>
    <CORS_ACQUISTI>5,000000</CORS_ACQUISTI>
    <FOGN_ACQUISTI>0,000000</FOGN_ACQUISTI>
    <FRAN_ACQUISTI>0,000000</FRAN_ACQUISTI>
    <GREC_ACQUISTI>408,000000</GREC_ACQUISTI>
    <MFTV_ACQUISTI>0,000000</MFTV_ACQUISTI>
    <PRGP_ACQUISTI>0,000000</PRGP_ACQUISTI>
    <ROSN_ACQUISTI>0,000000</ROSN_ACQUISTI>
    <SLOV_ACQUISTI>0,000000</SLOV_ACQUISTI>
    <SVIZ_ACQUISTI>0,000000</SVIZ_ACQUISTI>
    <BSP_ACQUISTI>0,000000</BSP_ACQUISTI>
    <MALT_ACQUISTI>70,000000</MALT_ACQUISTI>
    <XAUS_ACQUISTI>0,000000</XAUS_ACQUISTI>
    <XFRA_ACQUISTI>0,000000</XFRA_ACQUISTI>
    <TOTALE_VENDITE>26871,874</TOTALE_VENDITE>
    <NAT_VENDITE>27767,874000</NAT_VENDITE>
    <CNOR_VENDITE>2414,040000</CNOR_VENDITE>
    <CSUD_VENDITE>2305,018000</CSUD_VENDITE>
    <NORD_VENDITE>14291,802000</NORD_VENDITE>
    <SARD_VENDITE>1046,322000</SARD_VENDITE>
    <SICI_VENDITE>1403,458000</SICI_VENDITE>
    <SUD_VENDITE>2940,932000</SUD_VENDITE>
    <AUST_VENDITE>0,000000</AUST_VENDITE>
    <BRNN_VENDITE>957,094000</BRNN_VENDITE>
    <COAC_VENDITE>0,000000</COAC_VENDITE>
    <CORS_VENDITE>0,000000</CORS_VENDITE>
    <FOGN_VENDITE>114,055000</FOGN_VENDITE>
    <FRAN_VENDITE>99,000000</FRAN_VENDITE>
    <GREC_VENDITE>148,000000</GREC_VENDITE>
    <MFTV_VENDITE>0,000000</MFTV_VENDITE>
    <PRGP_VENDITE>4,140000</PRGP_VENDITE>
    <ROSN_VENDITE>143,013000</ROSN_VENDITE>
    <SLOV_VENDITE>0,000000</SLOV_VENDITE>
    <SVIZ_VENDITE>1005,000000</SVIZ_VENDITE>
    <BSP_VENDITE>173,000000</BSP_VENDITE>
    <MALT_VENDITE>0,000000</MALT_VENDITE>
    <XAUS_VENDITE>75,000000</XAUS_VENDITE>
    <XFRA_VENDITE>648,000000</XFRA_VENDITE>
    <TOTITABSP_VENDITE>27044,874</TOTITABSP_VENDITE>
    <TOTITABSP_ACQUISTI>27767,874</TOTITABSP_ACQUISTI>
  </Quantita>
  <Quantita>
    <Data>20180428</Data>
    <Mercato>MGP</Mercato>
    <Ora>15</Ora>
    <TOTALE_ACQUISTI>27297,301</TOTALE_ACQUISTI>
    <NAT_ACQUISTI>27297,301000</NAT_ACQUISTI>
    <CNOR_ACQUISTI>2766,901000</CNOR_ACQUISTI>
    <CSUD_ACQUISTI>4550,791000</CSUD_ACQUISTI>
    <NORD_ACQUISTI>14678,683000</NORD_ACQUISTI>
    <SARD_ACQUISTI>862,067000</SARD_ACQUISTI>
    <SICI_ACQUISTI>1752,357000</SICI_ACQUISTI>
    <SUD_ACQUISTI>2193,502000</SUD_ACQUISTI>
    <AUST_ACQUISTI>0,000000</AUST_ACQUISTI>
    <BRNN_ACQUISTI>0,000000</BRNN_ACQUISTI>
    <COAC_ACQUISTI>20,000000</COAC_ACQUISTI>
    <CORS_ACQUISTI>5,000000</CORS_ACQUISTI>
    <FOGN_ACQUISTI>0,000000</FOGN_ACQUISTI>
    <FRAN_ACQUISTI>0,000000</FRAN_ACQUISTI>
    <GREC_ACQUISTI>398,000000</GREC_ACQUISTI>
    <MFTV_ACQUISTI>0,000000</MFTV_ACQUISTI>
    <PRGP_ACQUISTI>0,000000</PRGP_ACQUISTI>
    <ROSN_ACQUISTI>0,000000</ROSN_ACQUISTI>
    <SLOV_ACQUISTI>0,000000</SLOV_ACQUISTI>
    <SVIZ_ACQUISTI>0,000000</SVIZ_ACQUISTI>
    <BSP_ACQUISTI>0,000000</BSP_ACQUISTI>
    <MALT_ACQUISTI>70,000000</MALT_ACQUISTI>
    <XAUS_ACQUISTI>0,000000</XAUS_ACQUISTI>
    <XFRA_ACQUISTI>0,000000</XFRA_ACQUISTI>
    <TOTALE_VENDITE>26401,301</TOTALE_VENDITE>
    <NAT_VENDITE>27297,301000</NAT_VENDITE>
    <CNOR_VENDITE>2301,997000</CNOR_VENDITE>
    <CSUD_VENDITE>2219,356000</CSUD_VENDITE>
    <NORD_VENDITE>14016,828000</NORD_VENDITE>
    <SARD_VENDITE>1047,688000</SARD_VENDITE>
    <SICI_VENDITE>1357,954000</SICI_VENDITE>
    <SUD_VENDITE>2805,234000</SUD_VENDITE>
    <AUST_VENDITE>0,000000</AUST_VENDITE>
    <BRNN_VENDITE>958,661000</BRNN_VENDITE>
    <COAC_VENDITE>0,000000</COAC_VENDITE>
    <CORS_VENDITE>0,000000</CORS_VENDITE>
    <FOGN_VENDITE>166,956000</FOGN_VENDITE>
    <FRAN_VENDITE>99,000000</FRAN_VENDITE>
    <GREC_VENDITE>144,000000</GREC_VENDITE>
    <MFTV_VENDITE>0,000000</MFTV_VENDITE>
    <PRGP_VENDITE>4,321000</PRGP_VENDITE>
    <ROSN_VENDITE>274,306000</ROSN_VENDITE>
    <SLOV_VENDITE>0,000000</SLOV_VENDITE>
    <SVIZ_VENDITE>1005,000000</SVIZ_VENDITE>
    <BSP_VENDITE>173,000000</BSP_VENDITE>
    <MALT_VENDITE>0,000000</MALT_VENDITE>
    <XAUS_VENDITE>75,000000</XAUS_VENDITE>
    <XFRA_VENDITE>648,000000</XFRA_VENDITE>
    <TOTITABSP_VENDITE>26574,301</TOTITABSP_VENDITE>
    <TOTITABSP_ACQUISTI>27297,301</TOTITABSP_ACQUISTI>
  </Quantita>
  <Quantita>
    <Data>20180428</Data>
    <Mercato>MGP</Mercato>
    <Ora>16</Ora>
    <TOTALE_ACQUISTI>27065,708</TOTALE_ACQUISTI>
    <NAT_ACQUISTI>27065,708000</NAT_ACQUISTI>
    <CNOR_ACQUISTI>2756,567000</CNOR_ACQUISTI>
    <CSUD_ACQUISTI>4556,469000</CSUD_ACQUISTI>
    <NORD_ACQUISTI>14587,147000</NORD_ACQUISTI>
    <SARD_ACQUISTI>856,870000</SARD_ACQUISTI>
    <SICI_ACQUISTI>1747,777000</SICI_ACQUISTI>
    <SUD_ACQUISTI>2222,878000</SUD_ACQUISTI>
    <AUST_ACQUISTI>0,000000</AUST_ACQUISTI>
    <BRNN_ACQUISTI>0,000000</BRNN_ACQUISTI>
    <COAC_ACQUISTI>20,000000</COAC_ACQUISTI>
    <CORS_ACQUISTI>5,000000</CORS_ACQUISTI>
    <FOGN_ACQUISTI>0,000000</FOGN_ACQUISTI>
    <FRAN_ACQUISTI>0,000000</FRAN_ACQUISTI>
    <GREC_ACQUISTI>223,000000</GREC_ACQUISTI>
    <MFTV_ACQUISTI>0,000000</MFTV_ACQUISTI>
    <PRGP_ACQUISTI>0,000000</PRGP_ACQUISTI>
    <ROSN_ACQUISTI>0,000000</ROSN_ACQUISTI>
    <SLOV_ACQUISTI>0,000000</SLOV_ACQUISTI>
    <SVIZ_ACQUISTI>0,000000</SVIZ_ACQUISTI>
    <BSP_ACQUISTI>0,000000</BSP_ACQUISTI>
    <MALT_ACQUISTI>90,000000</MALT_ACQUISTI>
    <XAUS_ACQUISTI>0,000000</XAUS_ACQUISTI>
    <XFRA_ACQUISTI>0,000000</XFRA_ACQUISTI>
    <TOTALE_VENDITE>26169,708</TOTALE_VENDITE>
    <NAT_VENDITE>27065,708000</NAT_VENDITE>
    <CNOR_VENDITE>2206,015000</CNOR_VENDITE>
    <CSUD_VENDITE>2109,480000</CSUD_VENDITE>
    <NORD_VENDITE>13814,251000</NORD_VENDITE>
    <SARD_VENDITE>1019,706000</SARD_VENDITE>
    <SICI_VENDITE>1308,228000</SICI_VENDITE>
    <SUD_VENDITE>2612,026000</SUD_VENDITE>
    <AUST_VENDITE>0,000000</AUST_VENDITE>
    <BRNN_VENDITE>954,199000</BRNN_VENDITE>
    <COAC_VENDITE>0,000000</COAC_VENDITE>
    <CORS_VENDITE>0,000000</CORS_VENDITE>
    <FOGN_VENDITE>406,284000</FOGN_VENDITE>
    <FRAN_VENDITE>99,000000</FRAN_VENDITE>
    <GREC_VENDITE>234,000000</GREC_VENDITE>
    <MFTV_VENDITE>0,000000</MFTV_VENDITE>
    <PRGP_VENDITE>3,808000</PRGP_VENDITE>
    <ROSN_VENDITE>397,711000</ROSN_VENDITE>
    <SLOV_VENDITE>0,000000</SLOV_VENDITE>
    <SVIZ_VENDITE>1005,000000</SVIZ_VENDITE>
    <BSP_VENDITE>173,000000</BSP_VENDITE>
    <MALT_VENDITE>0,000000</MALT_VENDITE>
    <XAUS_VENDITE>75,000000</XAUS_VENDITE>
    <XFRA_VENDITE>648,000000</XFRA_VENDITE>
    <TOTITABSP_VENDITE>26342,708</TOTITABSP_VENDITE>
    <TOTITABSP_ACQUISTI>27065,708</TOTITABSP_ACQUISTI>
  </Quantita>
  <Quantita>
    <Data>20180428</Data>
    <Mercato>MGP</Mercato>
    <Ora>17</Ora>
    <TOTALE_ACQUISTI>27361,563</TOTALE_ACQUISTI>
    <NAT_ACQUISTI>27361,563000</NAT_ACQUISTI>
    <CNOR_ACQUISTI>2851,294000</CNOR_ACQUISTI>
    <CSUD_ACQUISTI>4603,454000</CSUD_ACQUISTI>
    <NORD_ACQUISTI>14703,846000</NORD_ACQUISTI>
    <SARD_ACQUISTI>883,293000</SARD_ACQUISTI>
    <SICI_ACQUISTI>1803,003000</SICI_ACQUISTI>
    <SUD_ACQUISTI>2285,673000</SUD_ACQUISTI>
    <AUST_ACQUISTI>0,000000</AUST_ACQUISTI>
    <BRNN_ACQUISTI>0,000000</BRNN_ACQUISTI>
    <COAC_ACQUISTI>20,000000</COAC_ACQUISTI>
    <CORS_ACQUISTI>5,000000</CORS_ACQUISTI>
    <FOGN_ACQUISTI>0,000000</FOGN_ACQUISTI>
    <FRAN_ACQUISTI>0,000000</FRAN_ACQUISTI>
    <GREC_ACQUISTI>105,000000</GREC_ACQUISTI>
    <MFTV_ACQUISTI>0,000000</MFTV_ACQUISTI>
    <PRGP_ACQUISTI>0,000000</PRGP_ACQUISTI>
    <ROSN_ACQUISTI>0,000000</ROSN_ACQUISTI>
    <SLOV_ACQUISTI>0,000000</SLOV_ACQUISTI>
    <SVIZ_ACQUISTI>0,000000</SVIZ_ACQUISTI>
    <BSP_ACQUISTI>0,000000</BSP_ACQUISTI>
    <MALT_ACQUISTI>101,000000</MALT_ACQUISTI>
    <XAUS_ACQUISTI>0,000000</XAUS_ACQUISTI>
    <XFRA_ACQUISTI>0,000000</XFRA_ACQUISTI>
    <TOTALE_VENDITE>26465,563</TOTALE_VENDITE>
    <NAT_VENDITE>27361,563000</NAT_VENDITE>
    <CNOR_VENDITE>2098,299000</CNOR_VENDITE>
    <CSUD_VENDITE>1974,783000</CSUD_VENDITE>
    <NORD_VENDITE>14166,421000</NORD_VENDITE>
    <SARD_VENDITE>990,286000</SARD_VENDITE>
    <SICI_VENDITE>1223,364000</SICI_VENDITE>
    <SUD_VENDITE>2315,744000</SUD_VENDITE>
    <AUST_VENDITE>0,000000</AUST_VENDITE>
    <BRNN_VENDITE>949,404000</BRNN_VENDITE>
    <COAC_VENDITE>0,000000</COAC_VENDITE>
    <CORS_VENDITE>0,000000</CORS_VENDITE>
    <FOGN_VENDITE>450,787000</FOGN_VENDITE>
    <FRAN_VENDITE>99,000000</FRAN_VENDITE>
    <GREC_VENDITE>342,000000</GREC_VENDITE>
    <MFTV_VENDITE>0,000000</MFTV_VENDITE>
    <PRGP_VENDITE>2,710000</PRGP_VENDITE>
    <ROSN_VENDITE>847,765000</ROSN_VENDITE>
    <SLOV_VENDITE>0,000000</SLOV_VENDITE>
    <SVIZ_VENDITE>1005,000000</SVIZ_VENDITE>
    <BSP_VENDITE>173,000000</BSP_VENDITE>
    <MALT_VENDITE>0,000000</MALT_VENDITE>
    <XAUS_VENDITE>75,000000</XAUS_VENDITE>
    <XFRA_VENDITE>648,000000</XFRA_VENDITE>
    <TOTITABSP_VENDITE>26638,563</TOTITABSP_VENDITE>
    <TOTITABSP_ACQUISTI>27361,563</TOTITABSP_ACQUISTI>
  </Quantita>
  <Quantita>
    <Data>20180428</Data>
    <Mercato>MGP</Mercato>
    <Ora>18</Ora>
    <TOTALE_ACQUISTI>27987,101</TOTALE_ACQUISTI>
    <NAT_ACQUISTI>27987,101000</NAT_ACQUISTI>
    <CNOR_ACQUISTI>2913,462000</CNOR_ACQUISTI>
    <CSUD_ACQUISTI>4692,410000</CSUD_ACQUISTI>
    <NORD_ACQUISTI>14975,407000</NORD_ACQUISTI>
    <SARD_ACQUISTI>920,119000</SARD_ACQUISTI>
    <SICI_ACQUISTI>1869,685000</SICI_ACQUISTI>
    <SUD_ACQUISTI>2395,018000</SUD_ACQUISTI>
    <AUST_ACQUISTI>0,000000</AUST_ACQUISTI>
    <BRNN_ACQUISTI>0,000000</BRNN_ACQUISTI>
    <COAC_ACQUISTI>20,000000</COAC_ACQUISTI>
    <CORS_ACQUISTI>5,000000</CORS_ACQUISTI>
    <FOGN_ACQUISTI>0,000000</FOGN_ACQUISTI>
    <FRAN_ACQUISTI>0,000000</FRAN_ACQUISTI>
    <GREC_ACQUISTI>80,000000</GREC_ACQUISTI>
    <MFTV_ACQUISTI>0,000000</MFTV_ACQUISTI>
    <PRGP_ACQUISTI>0,000000</PRGP_ACQUISTI>
    <ROSN_ACQUISTI>0,000000</ROSN_ACQUISTI>
    <SLOV_ACQUISTI>0,000000</SLOV_ACQUISTI>
    <SVIZ_ACQUISTI>0,000000</SVIZ_ACQUISTI>
    <BSP_ACQUISTI>0,000000</BSP_ACQUISTI>
    <MALT_ACQUISTI>116,000000</MALT_ACQUISTI>
    <XAUS_ACQUISTI>0,000000</XAUS_ACQUISTI>
    <XFRA_ACQUISTI>0,000000</XFRA_ACQUISTI>
    <TOTALE_VENDITE>26368,101</TOTALE_VENDITE>
    <NAT_VENDITE>27987,101000</NAT_VENDITE>
    <CNOR_VENDITE>1932,228000</CNOR_VENDITE>
    <CSUD_VENDITE>1763,007000</CSUD_VENDITE>
    <NORD_VENDITE>13961,061000</NORD_VENDITE>
    <SARD_VENDITE>909,389000</SARD_VENDITE>
    <SICI_VENDITE>1105,488000</SICI_VENDITE>
    <SUD_VENDITE>1932,721000</SUD_VENDITE>
    <AUST_VENDITE>0,000000</AUST_VENDITE>
    <BRNN_VENDITE>1033,622000</BRNN_VENDITE>
    <COAC_VENDITE>0,000000</COAC_VENDITE>
    <CORS_VENDITE>0,000000</CORS_VENDITE>
    <FOGN_VENDITE>606,116000</FOGN_VENDITE>
    <FRAN_VENDITE>99,000000</FRAN_VENDITE>
    <GREC_VENDITE>321,000000</GREC_VENDITE>
    <MFTV_VENDITE>0,000000</MFTV_VENDITE>
    <PRGP_VENDITE>1,600000</PRGP_VENDITE>
    <ROSN_VENDITE>920,869000</ROSN_VENDITE>
    <SLOV_VENDITE>0,000000</SLOV_VENDITE>
    <SVIZ_VENDITE>1782,000000</SVIZ_VENDITE>
    <BSP_VENDITE>298,000000</BSP_VENDITE>
    <MALT_VENDITE>0,000000</MALT_VENDITE>
    <XAUS_VENDITE>134,000000</XAUS_VENDITE>
    <XFRA_VENDITE>1187,000000</XFRA_VENDITE>
    <TOTITABSP_VENDITE>26666,101</TOTITABSP_VENDITE>
    <TOTITABSP_ACQUISTI>27987,101</TOTITABSP_ACQUISTI>
  </Quantita>
  <Quantita>
    <Data>20180428</Data>
    <Mercato>MGP</Mercato>
    <Ora>19</Ora>
    <TOTALE_ACQUISTI>29268,473</TOTALE_ACQUISTI>
    <NAT_ACQUISTI>29268,473000</NAT_ACQUISTI>
    <CNOR_ACQUISTI>3190,820000</CNOR_ACQUISTI>
    <CSUD_ACQUISTI>4826,464000</CSUD_ACQUISTI>
    <NORD_ACQUISTI>15671,358000</NORD_ACQUISTI>
    <SARD_ACQUISTI>963,625000</SARD_ACQUISTI>
    <SICI_ACQUISTI>1925,253000</SICI_ACQUISTI>
    <SUD_ACQUISTI>2539,953000</SUD_ACQUISTI>
    <AUST_ACQUISTI>0,000000</AUST_ACQUISTI>
    <BRNN_ACQUISTI>0,000000</BRNN_ACQUISTI>
    <COAC_ACQUISTI>20,000000</COAC_ACQUISTI>
    <CORS_ACQUISTI>5,000000</CORS_ACQUISTI>
    <FOGN_ACQUISTI>0,000000</FOGN_ACQUISTI>
    <FRAN_ACQUISTI>0,000000</FRAN_ACQUISTI>
    <GREC_ACQUISTI>0,000000</GREC_ACQUISTI>
    <MFTV_ACQUISTI>0,000000</MFTV_ACQUISTI>
    <PRGP_ACQUISTI>0,000000</PRGP_ACQUISTI>
    <ROSN_ACQUISTI>0,000000</ROSN_ACQUISTI>
    <SLOV_ACQUISTI>0,000000</SLOV_ACQUISTI>
    <SVIZ_ACQUISTI>0,000000</SVIZ_ACQUISTI>
    <BSP_ACQUISTI>0,000000</BSP_ACQUISTI>
    <MALT_ACQUISTI>126,000000</MALT_ACQUISTI>
    <XAUS_ACQUISTI>0,000000</XAUS_ACQUISTI>
    <XFRA_ACQUISTI>0,000000</XFRA_ACQUISTI>
    <TOTALE_VENDITE>26923,473</TOTALE_VENDITE>
    <NAT_VENDITE>29268,473000</NAT_VENDITE>
    <CNOR_VENDITE>1770,149000</CNOR_VENDITE>
    <CSUD_VENDITE>1819,764000</CSUD_VENDITE>
    <NORD_VENDITE>14371,358000</NORD_VENDITE>
    <SARD_VENDITE>823,856000</SARD_VENDITE>
    <SICI_VENDITE>983,659000</SICI_VENDITE>
    <SUD_VENDITE>1388,714000</SUD_VENDITE>
    <AUST_VENDITE>0,000000</AUST_VENDITE>
    <BRNN_VENDITE>1052,144000</BRNN_VENDITE>
    <COAC_VENDITE>0,000000</COAC_VENDITE>
    <CORS_VENDITE>0,000000</CORS_VENDITE>
    <FOGN_VENDITE>652,370000</FOGN_VENDITE>
    <FRAN_VENDITE>99,000000</FRAN_VENDITE>
    <GREC_VENDITE>321,000000</GREC_VENDITE>
    <MFTV_VENDITE>0,000000</MFTV_VENDITE>
    <PRGP_VENDITE>0,715000</PRGP_VENDITE>
    <ROSN_VENDITE>1084,744000</ROSN_VENDITE>
    <SLOV_VENDITE>0,000000</SLOV_VENDITE>
    <SVIZ_VENDITE>2556,000000</SVIZ_VENDITE>
    <BSP_VENDITE>424,000000</BSP_VENDITE>
    <MALT_VENDITE>0,000000</MALT_VENDITE>
    <XAUS_VENDITE>193,000000</XAUS_VENDITE>
    <XFRA_VENDITE>1728,000000</XFRA_VENDITE>
    <TOTITABSP_VENDITE>27347,473</TOTITABSP_VENDITE>
    <TOTITABSP_ACQUISTI>29268,473</TOTITABSP_ACQUISTI>
  </Quantita>
  <Quantita>
    <Data>20180428</Data>
    <Mercato>MGP</Mercato>
    <Ora>20</Ora>
    <TOTALE_ACQUISTI>31459,707</TOTALE_ACQUISTI>
    <NAT_ACQUISTI>31554,804000</NAT_ACQUISTI>
    <CNOR_ACQUISTI>3469,810000</CNOR_ACQUISTI>
    <CSUD_ACQUISTI>5227,130000</CSUD_ACQUISTI>
    <NORD_ACQUISTI>16546,800000</NORD_ACQUISTI>
    <SARD_ACQUISTI>1035,443000</SARD_ACQUISTI>
    <SICI_ACQUISTI>2099,454000</SICI_ACQUISTI>
    <SUD_ACQUISTI>2905,070000</SUD_ACQUISTI>
    <AUST_ACQUISTI>0,000000</AUST_ACQUISTI>
    <BRNN_ACQUISTI>0,000000</BRNN_ACQUISTI>
    <COAC_ACQUISTI>20,000000</COAC_ACQUISTI>
    <CORS_ACQUISTI>14,000000</CORS_ACQUISTI>
    <FOGN_ACQUISTI>0,000000</FOGN_ACQUISTI>
    <FRAN_ACQUISTI>0,000000</FRAN_ACQUISTI>
    <GREC_ACQUISTI>35,000000</GREC_ACQUISTI>
    <MFTV_ACQUISTI>0,000000</MFTV_ACQUISTI>
    <PRGP_ACQUISTI>0,000000</PRGP_ACQUISTI>
    <ROSN_ACQUISTI>0,000000</ROSN_ACQUISTI>
    <SLOV_ACQUISTI>0,000000</SLOV_ACQUISTI>
    <SVIZ_ACQUISTI>0,000000</SVIZ_ACQUISTI>
    <BSP_ACQUISTI>0,000000</BSP_ACQUISTI>
    <MALT_ACQUISTI>107,000000</MALT_ACQUISTI>
    <XAUS_ACQUISTI>0,000000</XAUS_ACQUISTI>
    <XFRA_ACQUISTI>0,000000</XFRA_ACQUISTI>
    <TOTALE_VENDITE>28389,707</TOTALE_VENDITE>
    <NAT_VENDITE>31554,804000</NAT_VENDITE>
    <CNOR_VENDITE>2158,103000</CNOR_VENDITE>
    <CSUD_VENDITE>2627,015000</CSUD_VENDITE>
    <NORD_VENDITE>13745,800000</NORD_VENDITE>
    <SARD_VENDITE>748,258000</SARD_VENDITE>
    <SICI_VENDITE>936,341000</SICI_VENDITE>
    <SUD_VENDITE>1137,076000</SUD_VENDITE>
    <AUST_VENDITE>0,000000</AUST_VENDITE>
    <BRNN_VENDITE>1096,110000</BRNN_VENDITE>
    <COAC_VENDITE>0,000000</COAC_VENDITE>
    <CORS_VENDITE>0,000000</CORS_VENDITE>
    <FOGN_VENDITE>791,611000</FOGN_VENDITE>
    <FRAN_VENDITE>99,000000</FRAN_VENDITE>
    <GREC_VENDITE>456,000000</GREC_VENDITE>
    <MFTV_VENDITE>0,000000</MFTV_VENDITE>
    <PRGP_VENDITE>170,113000</PRGP_VENDITE>
    <ROSN_VENDITE>1092,280000</ROSN_VENDITE>
    <SLOV_VENDITE>0,000000</SLOV_VENDITE>
    <SVIZ_VENDITE>3332,000000</SVIZ_VENDITE>
    <BSP_VENDITE>549,000000</BSP_VENDITE>
    <MALT_VENDITE>0,000000</MALT_VENDITE>
    <XAUS_VENDITE>251,000000</XAUS_VENDITE>
    <XFRA_VENDITE>2270,000000</XFRA_VENDITE>
    <TOTITABSP_VENDITE>28938,707</TOTITABSP_VENDITE>
    <TOTITABSP_ACQUISTI>31459,707</TOTITABSP_ACQUISTI>
  </Quantita>
  <Quantita>
    <Data>20180428</Data>
    <Mercato>MGP</Mercato>
    <Ora>21</Ora>
    <TOTALE_ACQUISTI>32666,798</TOTALE_ACQUISTI>
    <NAT_ACQUISTI>32873,891000</NAT_ACQUISTI>
    <CNOR_ACQUISTI>3601,625000</CNOR_ACQUISTI>
    <CSUD_ACQUISTI>5592,301000</CSUD_ACQUISTI>
    <NORD_ACQUISTI>16849,623000</NORD_ACQUISTI>
    <SARD_ACQUISTI>1109,030000</SARD_ACQUISTI>
    <SICI_ACQUISTI>2259,202000</SICI_ACQUISTI>
    <SUD_ACQUISTI>3166,589000</SUD_ACQUISTI>
    <AUST_ACQUISTI>0,000000</AUST_ACQUISTI>
    <BRNN_ACQUISTI>0,000000</BRNN_ACQUISTI>
    <COAC_ACQUISTI>20,000000</COAC_ACQUISTI>
    <CORS_ACQUISTI>5,000000</CORS_ACQUISTI>
    <FOGN_ACQUISTI>0,000000</FOGN_ACQUISTI>
    <FRAN_ACQUISTI>0,000000</FRAN_ACQUISTI>
    <GREC_ACQUISTI>0,000000</GREC_ACQUISTI>
    <MFTV_ACQUISTI>0,000000</MFTV_ACQUISTI>
    <PRGP_ACQUISTI>0,000000</PRGP_ACQUISTI>
    <ROSN_ACQUISTI>0,000000</ROSN_ACQUISTI>
    <SLOV_ACQUISTI>0,000000</SLOV_ACQUISTI>
    <SVIZ_ACQUISTI>0,000000</SVIZ_ACQUISTI>
    <BSP_ACQUISTI>0,000000</BSP_ACQUISTI>
    <MALT_ACQUISTI>63,428000</MALT_ACQUISTI>
    <XAUS_ACQUISTI>0,000000</XAUS_ACQUISTI>
    <XFRA_ACQUISTI>0,000000</XFRA_ACQUISTI>
    <TOTALE_VENDITE>29159,403</TOTALE_VENDITE>
    <NAT_VENDITE>32873,891000</NAT_VENDITE>
    <CNOR_VENDITE>2231,100000</CNOR_VENDITE>
    <CSUD_VENDITE>3013,385000</CSUD_VENDITE>
    <NORD_VENDITE>12863,228000</NORD_VENDITE>
    <SARD_VENDITE>733,290000</SARD_VENDITE>
    <SICI_VENDITE>1052,630000</SICI_VENDITE>
    <SUD_VENDITE>1115,900000</SUD_VENDITE>
    <AUST_VENDITE>0,000000</AUST_VENDITE>
    <BRNN_VENDITE>1371,956000</BRNN_VENDITE>
    <COAC_VENDITE>0,000000</COAC_VENDITE>
    <CORS_VENDITE>0,000000</CORS_VENDITE>
    <FOGN_VENDITE>854,789000</FOGN_VENDITE>
    <FRAN_VENDITE>99,000000</FRAN_VENDITE>
    <GREC_VENDITE>472,000000</GREC_VENDITE>
    <MFTV_VENDITE>0,000000</MFTV_VENDITE>
    <PRGP_VENDITE>170,000000</PRGP_VENDITE>
    <ROSN_VENDITE>1102,125000</ROSN_VENDITE>
    <SLOV_VENDITE>0,000000</SLOV_VENDITE>
    <SVIZ_VENDITE>4080,000000</SVIZ_VENDITE>
    <BSP_VENDITE>515,000000</BSP_VENDITE>
    <MALT_VENDITE>0,000000</MALT_VENDITE>
    <XAUS_VENDITE>181,395000</XAUS_VENDITE>
    <XFRA_VENDITE>2811,000000</XFRA_VENDITE>
    <TOTITABSP_VENDITE>29674,403</TOTITABSP_VENDITE>
    <TOTITABSP_ACQUISTI>32666,798</TOTITABSP_ACQUISTI>
  </Quantita>
  <Quantita>
    <Data>20180428</Data>
    <Mercato>MGP</Mercato>
    <Ora>22</Ora>
    <TOTALE_ACQUISTI>31592,227</TOTALE_ACQUISTI>
    <NAT_ACQUISTI>31691,789000</NAT_ACQUISTI>
    <CNOR_ACQUISTI>3432,126000</CNOR_ACQUISTI>
    <CSUD_ACQUISTI>5274,929000</CSUD_ACQUISTI>
    <NORD_ACQUISTI>16673,853000</NORD_ACQUISTI>
    <SARD_ACQUISTI>1083,448000</SARD_ACQUISTI>
    <SICI_ACQUISTI>2118,705000</SICI_ACQUISTI>
    <SUD_ACQUISTI>2896,166000</SUD_ACQUISTI>
    <AUST_ACQUISTI>0,000000</AUST_ACQUISTI>
    <BRNN_ACQUISTI>0,000000</BRNN_ACQUISTI>
    <COAC_ACQUISTI>20,000000</COAC_ACQUISTI>
    <CORS_ACQUISTI>5,000000</CORS_ACQUISTI>
    <FOGN_ACQUISTI>0,000000</FOGN_ACQUISTI>
    <FRAN_ACQUISTI>0,000000</FRAN_ACQUISTI>
    <GREC_ACQUISTI>0,000000</GREC_ACQUISTI>
    <MFTV_ACQUISTI>0,000000</MFTV_ACQUISTI>
    <PRGP_ACQUISTI>0,000000</PRGP_ACQUISTI>
    <ROSN_ACQUISTI>0,000000</ROSN_ACQUISTI>
    <SLOV_ACQUISTI>0,000000</SLOV_ACQUISTI>
    <SVIZ_ACQUISTI>0,000000</SVIZ_ACQUISTI>
    <BSP_ACQUISTI>0,000000</BSP_ACQUISTI>
    <MALT_ACQUISTI>88,000000</MALT_ACQUISTI>
    <XAUS_ACQUISTI>0,000000</XAUS_ACQUISTI>
    <XFRA_ACQUISTI>0,000000</XFRA_ACQUISTI>
    <TOTALE_VENDITE>28057,107</TOTALE_VENDITE>
    <NAT_VENDITE>31691,789000</NAT_VENDITE>
    <CNOR_VENDITE>2127,174000</CNOR_VENDITE>
    <CSUD_VENDITE>2545,395000</CSUD_VENDITE>
    <NORD_VENDITE>12482,733000</NORD_VENDITE>
    <SARD_VENDITE>734,992000</SARD_VENDITE>
    <SICI_VENDITE>936,705000</SICI_VENDITE>
    <SUD_VENDITE>1087,548000</SUD_VENDITE>
    <AUST_VENDITE>0,000000</AUST_VENDITE>
    <BRNN_VENDITE>1189,591000</BRNN_VENDITE>
    <COAC_VENDITE>0,000000</COAC_VENDITE>
    <CORS_VENDITE>0,000000</CORS_VENDITE>
    <FOGN_VENDITE>864,063000</FOGN_VENDITE>
    <FRAN_VENDITE>99,000000</FRAN_VENDITE>
    <GREC_VENDITE>453,000000</GREC_VENDITE>
    <MFTV_VENDITE>0,000000</MFTV_VENDITE>
    <PRGP_VENDITE>170,000000</PRGP_VENDITE>
    <ROSN_VENDITE>1109,906000</ROSN_VENDITE>
    <SLOV_VENDITE>0,000000</SLOV_VENDITE>
    <SVIZ_VENDITE>4257,000000</SVIZ_VENDITE>
    <BSP_VENDITE>421,120000</BSP_VENDITE>
    <MALT_VENDITE>0,000000</MALT_VENDITE>
    <XAUS_VENDITE>0,000000</XAUS_VENDITE>
    <XFRA_VENDITE>3114,000000</XFRA_VENDITE>
    <TOTITABSP_VENDITE>28478,227</TOTITABSP_VENDITE>
    <TOTITABSP_ACQUISTI>31592,227</TOTITABSP_ACQUISTI>
  </Quantita>
  <Quantita>
    <Data>20180428</Data>
    <Mercato>MGP</Mercato>
    <Ora>23</Ora>
    <TOTALE_ACQUISTI>29083,195</TOTALE_ACQUISTI>
    <NAT_ACQUISTI>29182,227000</NAT_ACQUISTI>
    <CNOR_ACQUISTI>3090,858000</CNOR_ACQUISTI>
    <CSUD_ACQUISTI>4884,689000</CSUD_ACQUISTI>
    <NORD_ACQUISTI>15438,615000</NORD_ACQUISTI>
    <SARD_ACQUISTI>1007,743000</SARD_ACQUISTI>
    <SICI_ACQUISTI>1946,399000</SICI_ACQUISTI>
    <SUD_ACQUISTI>2618,891000</SUD_ACQUISTI>
    <AUST_ACQUISTI>0,000000</AUST_ACQUISTI>
    <BRNN_ACQUISTI>0,000000</BRNN_ACQUISTI>
    <COAC_ACQUISTI>20,000000</COAC_ACQUISTI>
    <CORS_ACQUISTI>5,000000</CORS_ACQUISTI>
    <FOGN_ACQUISTI>0,000000</FOGN_ACQUISTI>
    <FRAN_ACQUISTI>0,000000</FRAN_ACQUISTI>
    <GREC_ACQUISTI>0,000000</GREC_ACQUISTI>
    <MFTV_ACQUISTI>0,000000</MFTV_ACQUISTI>
    <PRGP_ACQUISTI>0,000000</PRGP_ACQUISTI>
    <ROSN_ACQUISTI>0,000000</ROSN_ACQUISTI>
    <SLOV_ACQUISTI>0,000000</SLOV_ACQUISTI>
    <SVIZ_ACQUISTI>0,000000</SVIZ_ACQUISTI>
    <BSP_ACQUISTI>0,000000</BSP_ACQUISTI>
    <MALT_ACQUISTI>71,000000</MALT_ACQUISTI>
    <XAUS_ACQUISTI>100,000000</XAUS_ACQUISTI>
    <XFRA_ACQUISTI>0,000000</XFRA_ACQUISTI>
    <TOTALE_VENDITE>26888,209</TOTALE_VENDITE>
    <NAT_VENDITE>29182,227000</NAT_VENDITE>
    <CNOR_VENDITE>1728,959000</CNOR_VENDITE>
    <CSUD_VENDITE>2038,534000</CSUD_VENDITE>
    <NORD_VENDITE>12588,629000</NORD_VENDITE>
    <SARD_VENDITE>722,384000</SARD_VENDITE>
    <SICI_VENDITE>915,855000</SICI_VENDITE>
    <SUD_VENDITE>1109,903000</SUD_VENDITE>
    <AUST_VENDITE>0,000000</AUST_VENDITE>
    <BRNN_VENDITE>1240,375000</BRNN_VENDITE>
    <COAC_VENDITE>0,000000</COAC_VENDITE>
    <CORS_VENDITE>0,000000</CORS_VENDITE>
    <FOGN_VENDITE>665,125000</FOGN_VENDITE>
    <FRAN_VENDITE>99,000000</FRAN_VENDITE>
    <GREC_VENDITE>407,000000</GREC_VENDITE>
    <MFTV_VENDITE>0,000000</MFTV_VENDITE>
    <PRGP_VENDITE>1,544000</PRGP_VENDITE>
    <ROSN_VENDITE>1114,901000</ROSN_VENDITE>
    <SLOV_VENDITE>0,000000</SLOV_VENDITE>
    <SVIZ_VENDITE>4256,000000</SVIZ_VENDITE>
    <BSP_VENDITE>159,000000</BSP_VENDITE>
    <MALT_VENDITE>0,000000</MALT_VENDITE>
    <XAUS_VENDITE>0,000000</XAUS_VENDITE>
    <XFRA_VENDITE>2135,986000</XFRA_VENDITE>
    <TOTITABSP_VENDITE>27047,209</TOTITABSP_VENDITE>
    <TOTITABSP_ACQUISTI>29083,195</TOTITABSP_ACQUISTI>
  </Quantita>
  <Quantita>
    <Data>20180428</Data>
    <Mercato>MGP</Mercato>
    <Ora>24</Ora>
    <TOTALE_ACQUISTI>26689,123</TOTALE_ACQUISTI>
    <NAT_ACQUISTI>26698,103000</NAT_ACQUISTI>
    <CNOR_ACQUISTI>2779,229000</CNOR_ACQUISTI>
    <CSUD_ACQUISTI>4465,042000</CSUD_ACQUISTI>
    <NORD_ACQUISTI>14191,783000</NORD_ACQUISTI>
    <SARD_ACQUISTI>938,361000</SARD_ACQUISTI>
    <SICI_ACQUISTI>1786,097000</SICI_ACQUISTI>
    <SUD_ACQUISTI>2342,264000</SUD_ACQUISTI>
    <AUST_ACQUISTI>0,000000</AUST_ACQUISTI>
    <BRNN_ACQUISTI>0,000000</BRNN_ACQUISTI>
    <COAC_ACQUISTI>20,000000</COAC_ACQUISTI>
    <CORS_ACQUISTI>5,000000</CORS_ACQUISTI>
    <FOGN_ACQUISTI>0,000000</FOGN_ACQUISTI>
    <FRAN_ACQUISTI>0,000000</FRAN_ACQUISTI>
    <GREC_ACQUISTI>90,347000</GREC_ACQUISTI>
    <MFTV_ACQUISTI>0,000000</MFTV_ACQUISTI>
    <PRGP_ACQUISTI>0,000000</PRGP_ACQUISTI>
    <ROSN_ACQUISTI>0,000000</ROSN_ACQUISTI>
    <SLOV_ACQUISTI>0,000000</SLOV_ACQUISTI>
    <SVIZ_ACQUISTI>0,000000</SVIZ_ACQUISTI>
    <BSP_ACQUISTI>0,000000</BSP_ACQUISTI>
    <MALT_ACQUISTI>71,000000</MALT_ACQUISTI>
    <XAUS_ACQUISTI>0,000000</XAUS_ACQUISTI>
    <XFRA_ACQUISTI>0,000000</XFRA_ACQUISTI>
    <TOTALE_VENDITE>25552,75</TOTALE_VENDITE>
    <NAT_VENDITE>26698,103000</NAT_VENDITE>
    <CNOR_VENDITE>1578,491000</CNOR_VENDITE>
    <CSUD_VENDITE>1313,489000</CSUD_VENDITE>
    <NORD_VENDITE>12493,437000</NORD_VENDITE>
    <SARD_VENDITE>713,686000</SARD_VENDITE>
    <SICI_VENDITE>825,530000</SICI_VENDITE>
    <SUD_VENDITE>1202,120000</SUD_VENDITE>
    <AUST_VENDITE>0,000000</AUST_VENDITE>
    <BRNN_VENDITE>1281,751000</BRNN_VENDITE>
    <COAC_VENDITE>0,000000</COAC_VENDITE>
    <CORS_VENDITE>0,000000</CORS_VENDITE>
    <FOGN_VENDITE>652,619000</FOGN_VENDITE>
    <FRAN_VENDITE>99,000000</FRAN_VENDITE>
    <GREC_VENDITE>372,000000</GREC_VENDITE>
    <MFTV_VENDITE>0,000000</MFTV_VENDITE>
    <PRGP_VENDITE>0,000000</PRGP_VENDITE>
    <ROSN_VENDITE>956,916000</ROSN_VENDITE>
    <SLOV_VENDITE>0,000000</SLOV_VENDITE>
    <SVIZ_VENDITE>4063,711000</SVIZ_VENDITE>
    <BSP_VENDITE>751,000000</BSP_VENDITE>
    <MALT_VENDITE>0,000000</MALT_VENDITE>
    <XAUS_VENDITE>247,000000</XAUS_VENDITE>
    <XFRA_VENDITE>138,373000</XFRA_VENDITE>
    <TOTITABSP_VENDITE>26303,75</TOTITABSP_VENDITE>
    <TOTITABSP_ACQUISTI>26689,123</TOTITABSP_ACQUISTI>
  </Quantita>
</NewDataSet>