<?xml version="1.0" standalone="yes"?>
<NewDataSet>
  <xs:schema id="NewDataSet" xmlns="" xmlns:xs="http://www.w3.org/2001/XMLSchema" xmlns:msdata="urn:schemas-microsoft-com:xml-msdata">
    <xs:element name="NewDataSet" msdata:IsDataSet="true" msdata:UseCurrentLocale="true">
      <xs:complexType>
        <xs:choice minOccurs="0" maxOccurs="unbounded">
          <xs:element name="Quantita">
            <xs:complexType>
              <xs:sequence>
                <xs:element name="Data" type="xs:string" minOccurs="0" />
                <xs:element name="Mercato" type="xs:string" minOccurs="0" />
                <xs:element name="Ora" type="xs:string" minOccurs="0" />
                <xs:element name="TOTALE_ACQUISTI" type="xs:string" minOccurs="0" />
                <xs:element name="NAT_ACQUISTI" type="xs:string" minOccurs="0" />
                <xs:element name="CNOR_ACQUISTI" type="xs:string" minOccurs="0" />
                <xs:element name="CSUD_ACQUISTI" type="xs:string" minOccurs="0" />
                <xs:element name="NORD_ACQUISTI" type="xs:string" minOccurs="0" />
                <xs:element name="SARD_ACQUISTI" type="xs:string" minOccurs="0" />
                <xs:element name="SICI_ACQUISTI" type="xs:string" minOccurs="0" />
                <xs:element name="SUD_ACQUISTI" type="xs:string" minOccurs="0" />
                <xs:element name="AUST_ACQUISTI" type="xs:string" minOccurs="0" />
                <xs:element name="BRNN_ACQUISTI" type="xs:string" minOccurs="0" />
                <xs:element name="COAC_ACQUISTI" type="xs:string" minOccurs="0" />
                <xs:element name="CORS_ACQUISTI" type="xs:string" minOccurs="0" />
                <xs:element name="FOGN_ACQUISTI" type="xs:string" minOccurs="0" />
                <xs:element name="FRAN_ACQUISTI" type="xs:string" minOccurs="0" />
                <xs:element name="GREC_ACQUISTI" type="xs:string" minOccurs="0" />
                <xs:element name="MFTV_ACQUISTI" type="xs:string" minOccurs="0" />
                <xs:element name="PRGP_ACQUISTI" type="xs:string" minOccurs="0" />
                <xs:element name="ROSN_ACQUISTI" type="xs:string" minOccurs="0" />
                <xs:element name="SLOV_ACQUISTI" type="xs:string" minOccurs="0" />
                <xs:element name="SVIZ_ACQUISTI" type="xs:string" minOccurs="0" />
                <xs:element name="BSP_ACQUISTI" type="xs:string" minOccurs="0" />
                <xs:element name="MALT_ACQUISTI" type="xs:string" minOccurs="0" />
                <xs:element name="XAUS_ACQUISTI" type="xs:string" minOccurs="0" />
                <xs:element name="XFRA_ACQUISTI" type="xs:string" minOccurs="0" />
                <xs:element name="TOTALE_VENDITE" type="xs:string" minOccurs="0" />
                <xs:element name="NAT_VENDITE" type="xs:string" minOccurs="0" />
                <xs:element name="CNOR_VENDITE" type="xs:string" minOccurs="0" />
                <xs:element name="CSUD_VENDITE" type="xs:string" minOccurs="0" />
                <xs:element name="NORD_VENDITE" type="xs:string" minOccurs="0" />
                <xs:element name="SARD_VENDITE" type="xs:string" minOccurs="0" />
                <xs:element name="SICI_VENDITE" type="xs:string" minOccurs="0" />
                <xs:element name="SUD_VENDITE" type="xs:string" minOccurs="0" />
                <xs:element name="AUST_VENDITE" type="xs:string" minOccurs="0" />
                <xs:element name="BRNN_VENDITE" type="xs:string" minOccurs="0" />
                <xs:element name="COAC_VENDITE" type="xs:string" minOccurs="0" />
                <xs:element name="CORS_VENDITE" type="xs:string" minOccurs="0" />
                <xs:element name="FOGN_VENDITE" type="xs:string" minOccurs="0" />
                <xs:element name="FRAN_VENDITE" type="xs:string" minOccurs="0" />
                <xs:element name="GREC_VENDITE" type="xs:string" minOccurs="0" />
                <xs:element name="MFTV_VENDITE" type="xs:string" minOccurs="0" />
                <xs:element name="PRGP_VENDITE" type="xs:string" minOccurs="0" />
                <xs:element name="ROSN_VENDITE" type="xs:string" minOccurs="0" />
                <xs:element name="SLOV_VENDITE" type="xs:string" minOccurs="0" />
                <xs:element name="SVIZ_VENDITE" type="xs:string" minOccurs="0" />
                <xs:element name="BSP_VENDITE" type="xs:string" minOccurs="0" />
                <xs:element name="MALT_VENDITE" type="xs:string" minOccurs="0" />
                <xs:element name="XAUS_VENDITE" type="xs:string" minOccurs="0" />
                <xs:element name="XFRA_VENDITE" type="xs:string" minOccurs="0" />
                <xs:element name="TOTITABSP_VENDITE" msdata:ReadOnly="true" msdata:Expression="Convert(TOTALE_VENDITE, System.Double) + Convert(BSP_VENDITE,System.Double)" type="xs:string" minOccurs="0" />
                <xs:element name="TOTITABSP_ACQUISTI" msdata:ReadOnly="true" msdata:Expression="Convert(TOTALE_ACQUISTI, System.Double) + Convert(BSP_ACQUISTI, System.Double)" type="xs:string" minOccurs="0" />
              </xs:sequence>
            </xs:complexType>
          </xs:element>
        </xs:choice>
      </xs:complexType>
    </xs:element>
  </xs:schema>
  <Quantita>
    <Data>20180419</Data>
    <Mercato>MGP</Mercato>
    <Ora>1</Ora>
    <TOTALE_ACQUISTI>27546,344</TOTALE_ACQUISTI>
    <NAT_ACQUISTI>27745,223000</NAT_ACQUISTI>
    <CNOR_ACQUISTI>2861,420000</CNOR_ACQUISTI>
    <CSUD_ACQUISTI>4219,903000</CSUD_ACQUISTI>
    <NORD_ACQUISTI>15318,349000</NORD_ACQUISTI>
    <SARD_ACQUISTI>838,748000</SARD_ACQUISTI>
    <SICI_ACQUISTI>1613,277000</SICI_ACQUISTI>
    <SUD_ACQUISTI>2256,647000</SUD_ACQUISTI>
    <AUST_ACQUISTI>0,000000</AUST_ACQUISTI>
    <BRNN_ACQUISTI>0,000000</BRNN_ACQUISTI>
    <COAC_ACQUISTI>34,000000</COAC_ACQUISTI>
    <CORS_ACQUISTI>5,000000</CORS_ACQUISTI>
    <FOGN_ACQUISTI>0,000000</FOGN_ACQUISTI>
    <FRAN_ACQUISTI>0,000000</FRAN_ACQUISTI>
    <GREC_ACQUISTI>298,000000</GREC_ACQUISTI>
    <MFTV_ACQUISTI>0,000000</MFTV_ACQUISTI>
    <PRGP_ACQUISTI>0,000000</PRGP_ACQUISTI>
    <ROSN_ACQUISTI>0,000000</ROSN_ACQUISTI>
    <SLOV_ACQUISTI>0,000000</SLOV_ACQUISTI>
    <SVIZ_ACQUISTI>50,000000</SVIZ_ACQUISTI>
    <BSP_ACQUISTI>0,000000</BSP_ACQUISTI>
    <MALT_ACQUISTI>51,000000</MALT_ACQUISTI>
    <XAUS_ACQUISTI>0,000000</XAUS_ACQUISTI>
    <XFRA_ACQUISTI>0,000000</XFRA_ACQUISTI>
    <TOTALE_VENDITE>23656,344</TOTALE_VENDITE>
    <NAT_VENDITE>27745,223000</NAT_VENDITE>
    <CNOR_VENDITE>1676,159000</CNOR_VENDITE>
    <CSUD_VENDITE>1654,824000</CSUD_VENDITE>
    <NORD_VENDITE>11884,610000</NORD_VENDITE>
    <SARD_VENDITE>812,782000</SARD_VENDITE>
    <SICI_VENDITE>702,259000</SICI_VENDITE>
    <SUD_VENDITE>2112,315000</SUD_VENDITE>
    <AUST_VENDITE>20,000000</AUST_VENDITE>
    <BRNN_VENDITE>1160,268000</BRNN_VENDITE>
    <COAC_VENDITE>0,000000</COAC_VENDITE>
    <CORS_VENDITE>0,000000</CORS_VENDITE>
    <FOGN_VENDITE>33,374000</FOGN_VENDITE>
    <FRAN_VENDITE>99,000000</FRAN_VENDITE>
    <GREC_VENDITE>434,000000</GREC_VENDITE>
    <MFTV_VENDITE>0,000000</MFTV_VENDITE>
    <PRGP_VENDITE>0,000000</PRGP_VENDITE>
    <ROSN_VENDITE>6,753000</ROSN_VENDITE>
    <SLOV_VENDITE>0,000000</SLOV_VENDITE>
    <SVIZ_VENDITE>3060,000000</SVIZ_VENDITE>
    <BSP_VENDITE>637,000000</BSP_VENDITE>
    <MALT_VENDITE>0,000000</MALT_VENDITE>
    <XAUS_VENDITE>275,000000</XAUS_VENDITE>
    <XFRA_VENDITE>2978,000000</XFRA_VENDITE>
    <TOTITABSP_VENDITE>24293,344</TOTITABSP_VENDITE>
    <TOTITABSP_ACQUISTI>27546,344</TOTITABSP_ACQUISTI>
  </Quantita>
  <Quantita>
    <Data>20180419</Data>
    <Mercato>MGP</Mercato>
    <Ora>2</Ora>
    <TOTALE_ACQUISTI>26273,622</TOTALE_ACQUISTI>
    <NAT_ACQUISTI>26347,367000</NAT_ACQUISTI>
    <CNOR_ACQUISTI>2716,157000</CNOR_ACQUISTI>
    <CSUD_ACQUISTI>3888,164000</CSUD_ACQUISTI>
    <NORD_ACQUISTI>14724,608000</NORD_ACQUISTI>
    <SARD_ACQUISTI>797,342000</SARD_ACQUISTI>
    <SICI_ACQUISTI>1478,025000</SICI_ACQUISTI>
    <SUD_ACQUISTI>2068,326000</SUD_ACQUISTI>
    <AUST_ACQUISTI>0,000000</AUST_ACQUISTI>
    <BRNN_ACQUISTI>0,000000</BRNN_ACQUISTI>
    <COAC_ACQUISTI>37,000000</COAC_ACQUISTI>
    <CORS_ACQUISTI>5,000000</CORS_ACQUISTI>
    <FOGN_ACQUISTI>0,000000</FOGN_ACQUISTI>
    <FRAN_ACQUISTI>0,000000</FRAN_ACQUISTI>
    <GREC_ACQUISTI>478,000000</GREC_ACQUISTI>
    <MFTV_ACQUISTI>0,000000</MFTV_ACQUISTI>
    <PRGP_ACQUISTI>0,000000</PRGP_ACQUISTI>
    <ROSN_ACQUISTI>0,000000</ROSN_ACQUISTI>
    <SLOV_ACQUISTI>0,000000</SLOV_ACQUISTI>
    <SVIZ_ACQUISTI>50,000000</SVIZ_ACQUISTI>
    <BSP_ACQUISTI>0,000000</BSP_ACQUISTI>
    <MALT_ACQUISTI>31,000000</MALT_ACQUISTI>
    <XAUS_ACQUISTI>0,000000</XAUS_ACQUISTI>
    <XFRA_ACQUISTI>0,000000</XFRA_ACQUISTI>
    <TOTALE_VENDITE>22383,622</TOTALE_VENDITE>
    <NAT_VENDITE>26347,367000</NAT_VENDITE>
    <CNOR_VENDITE>1663,953000</CNOR_VENDITE>
    <CSUD_VENDITE>1300,964000</CSUD_VENDITE>
    <NORD_VENDITE>11132,812000</NORD_VENDITE>
    <SARD_VENDITE>796,906000</SARD_VENDITE>
    <SICI_VENDITE>715,956000</SICI_VENDITE>
    <SUD_VENDITE>2037,861000</SUD_VENDITE>
    <AUST_VENDITE>20,000000</AUST_VENDITE>
    <BRNN_VENDITE>1050,580000</BRNN_VENDITE>
    <COAC_VENDITE>0,000000</COAC_VENDITE>
    <CORS_VENDITE>0,000000</CORS_VENDITE>
    <FOGN_VENDITE>32,031000</FOGN_VENDITE>
    <FRAN_VENDITE>99,000000</FRAN_VENDITE>
    <GREC_VENDITE>442,000000</GREC_VENDITE>
    <MFTV_VENDITE>0,000000</MFTV_VENDITE>
    <PRGP_VENDITE>0,000000</PRGP_VENDITE>
    <ROSN_VENDITE>6,559000</ROSN_VENDITE>
    <SLOV_VENDITE>0,000000</SLOV_VENDITE>
    <SVIZ_VENDITE>3085,000000</SVIZ_VENDITE>
    <BSP_VENDITE>637,000000</BSP_VENDITE>
    <MALT_VENDITE>0,000000</MALT_VENDITE>
    <XAUS_VENDITE>275,000000</XAUS_VENDITE>
    <XFRA_VENDITE>2978,000000</XFRA_VENDITE>
    <TOTITABSP_VENDITE>23020,622</TOTITABSP_VENDITE>
    <TOTITABSP_ACQUISTI>26273,622</TOTITABSP_ACQUISTI>
  </Quantita>
  <Quantita>
    <Data>20180419</Data>
    <Mercato>MGP</Mercato>
    <Ora>3</Ora>
    <TOTALE_ACQUISTI>25536,191</TOTALE_ACQUISTI>
    <NAT_ACQUISTI>25538,117000</NAT_ACQUISTI>
    <CNOR_ACQUISTI>2642,632000</CNOR_ACQUISTI>
    <CSUD_ACQUISTI>3729,909000</CSUD_ACQUISTI>
    <NORD_ACQUISTI>14351,698000</NORD_ACQUISTI>
    <SARD_ACQUISTI>777,002000</SARD_ACQUISTI>
    <SICI_ACQUISTI>1406,873000</SICI_ACQUISTI>
    <SUD_ACQUISTI>1981,077000</SUD_ACQUISTI>
    <AUST_ACQUISTI>0,000000</AUST_ACQUISTI>
    <BRNN_ACQUISTI>0,000000</BRNN_ACQUISTI>
    <COAC_ACQUISTI>20,000000</COAC_ACQUISTI>
    <CORS_ACQUISTI>5,000000</CORS_ACQUISTI>
    <FOGN_ACQUISTI>0,000000</FOGN_ACQUISTI>
    <FRAN_ACQUISTI>0,000000</FRAN_ACQUISTI>
    <GREC_ACQUISTI>543,000000</GREC_ACQUISTI>
    <MFTV_ACQUISTI>0,000000</MFTV_ACQUISTI>
    <PRGP_ACQUISTI>0,000000</PRGP_ACQUISTI>
    <ROSN_ACQUISTI>0,000000</ROSN_ACQUISTI>
    <SLOV_ACQUISTI>0,000000</SLOV_ACQUISTI>
    <SVIZ_ACQUISTI>50,000000</SVIZ_ACQUISTI>
    <BSP_ACQUISTI>0,000000</BSP_ACQUISTI>
    <MALT_ACQUISTI>29,000000</MALT_ACQUISTI>
    <XAUS_ACQUISTI>0,000000</XAUS_ACQUISTI>
    <XFRA_ACQUISTI>0,000000</XFRA_ACQUISTI>
    <TOTALE_VENDITE>21646,191</TOTALE_VENDITE>
    <NAT_VENDITE>25538,117000</NAT_VENDITE>
    <CNOR_VENDITE>1635,745000</CNOR_VENDITE>
    <CSUD_VENDITE>1276,191000</CSUD_VENDITE>
    <NORD_VENDITE>10739,585000</NORD_VENDITE>
    <SARD_VENDITE>784,224000</SARD_VENDITE>
    <SICI_VENDITE>706,680000</SICI_VENDITE>
    <SUD_VENDITE>1959,376000</SUD_VENDITE>
    <AUST_VENDITE>20,000000</AUST_VENDITE>
    <BRNN_VENDITE>995,892000</BRNN_VENDITE>
    <COAC_VENDITE>0,000000</COAC_VENDITE>
    <CORS_VENDITE>0,000000</CORS_VENDITE>
    <FOGN_VENDITE>20,307000</FOGN_VENDITE>
    <FRAN_VENDITE>99,000000</FRAN_VENDITE>
    <GREC_VENDITE>343,000000</GREC_VENDITE>
    <MFTV_VENDITE>0,000000</MFTV_VENDITE>
    <PRGP_VENDITE>0,000000</PRGP_VENDITE>
    <ROSN_VENDITE>6,191000</ROSN_VENDITE>
    <SLOV_VENDITE>0,000000</SLOV_VENDITE>
    <SVIZ_VENDITE>3060,000000</SVIZ_VENDITE>
    <BSP_VENDITE>637,000000</BSP_VENDITE>
    <MALT_VENDITE>0,000000</MALT_VENDITE>
    <XAUS_VENDITE>275,000000</XAUS_VENDITE>
    <XFRA_VENDITE>2978,000000</XFRA_VENDITE>
    <TOTITABSP_VENDITE>22283,191</TOTITABSP_VENDITE>
    <TOTITABSP_ACQUISTI>25536,191</TOTITABSP_ACQUISTI>
  </Quantita>
  <Quantita>
    <Data>20180419</Data>
    <Mercato>MGP</Mercato>
    <Ora>4</Ora>
    <TOTALE_ACQUISTI>25250,256</TOTALE_ACQUISTI>
    <NAT_ACQUISTI>25250,256000</NAT_ACQUISTI>
    <CNOR_ACQUISTI>2607,593000</CNOR_ACQUISTI>
    <CSUD_ACQUISTI>3651,881000</CSUD_ACQUISTI>
    <NORD_ACQUISTI>14234,527000</NORD_ACQUISTI>
    <SARD_ACQUISTI>768,558000</SARD_ACQUISTI>
    <SICI_ACQUISTI>1393,871000</SICI_ACQUISTI>
    <SUD_ACQUISTI>1946,826000</SUD_ACQUISTI>
    <AUST_ACQUISTI>0,000000</AUST_ACQUISTI>
    <BRNN_ACQUISTI>0,000000</BRNN_ACQUISTI>
    <COAC_ACQUISTI>20,000000</COAC_ACQUISTI>
    <CORS_ACQUISTI>5,000000</CORS_ACQUISTI>
    <FOGN_ACQUISTI>0,000000</FOGN_ACQUISTI>
    <FRAN_ACQUISTI>0,000000</FRAN_ACQUISTI>
    <GREC_ACQUISTI>543,000000</GREC_ACQUISTI>
    <MFTV_ACQUISTI>0,000000</MFTV_ACQUISTI>
    <PRGP_ACQUISTI>0,000000</PRGP_ACQUISTI>
    <ROSN_ACQUISTI>0,000000</ROSN_ACQUISTI>
    <SLOV_ACQUISTI>0,000000</SLOV_ACQUISTI>
    <SVIZ_ACQUISTI>50,000000</SVIZ_ACQUISTI>
    <BSP_ACQUISTI>0,000000</BSP_ACQUISTI>
    <MALT_ACQUISTI>29,000000</MALT_ACQUISTI>
    <XAUS_ACQUISTI>0,000000</XAUS_ACQUISTI>
    <XFRA_ACQUISTI>0,000000</XFRA_ACQUISTI>
    <TOTALE_VENDITE>21300,256</TOTALE_VENDITE>
    <NAT_VENDITE>25250,256000</NAT_VENDITE>
    <CNOR_VENDITE>1635,757000</CNOR_VENDITE>
    <CSUD_VENDITE>1260,819000</CSUD_VENDITE>
    <NORD_VENDITE>10564,598000</NORD_VENDITE>
    <SARD_VENDITE>782,956000</SARD_VENDITE>
    <SICI_VENDITE>696,006000</SICI_VENDITE>
    <SUD_VENDITE>1928,613000</SUD_VENDITE>
    <AUST_VENDITE>20,000000</AUST_VENDITE>
    <BRNN_VENDITE>996,015000</BRNN_VENDITE>
    <COAC_VENDITE>0,000000</COAC_VENDITE>
    <CORS_VENDITE>0,000000</CORS_VENDITE>
    <FOGN_VENDITE>20,292000</FOGN_VENDITE>
    <FRAN_VENDITE>99,000000</FRAN_VENDITE>
    <GREC_VENDITE>336,000000</GREC_VENDITE>
    <MFTV_VENDITE>0,000000</MFTV_VENDITE>
    <PRGP_VENDITE>0,000000</PRGP_VENDITE>
    <ROSN_VENDITE>5,700000</ROSN_VENDITE>
    <SLOV_VENDITE>0,000000</SLOV_VENDITE>
    <SVIZ_VENDITE>2954,500000</SVIZ_VENDITE>
    <BSP_VENDITE>647,000000</BSP_VENDITE>
    <MALT_VENDITE>0,000000</MALT_VENDITE>
    <XAUS_VENDITE>275,000000</XAUS_VENDITE>
    <XFRA_VENDITE>3028,000000</XFRA_VENDITE>
    <TOTITABSP_VENDITE>21947,256</TOTITABSP_VENDITE>
    <TOTITABSP_ACQUISTI>25250,256</TOTITABSP_ACQUISTI>
  </Quantita>
  <Quantita>
    <Data>20180419</Data>
    <Mercato>MGP</Mercato>
    <Ora>5</Ora>
    <TOTALE_ACQUISTI>25414,533</TOTALE_ACQUISTI>
    <NAT_ACQUISTI>25414,533000</NAT_ACQUISTI>
    <CNOR_ACQUISTI>2626,853000</CNOR_ACQUISTI>
    <CSUD_ACQUISTI>3666,092000</CSUD_ACQUISTI>
    <NORD_ACQUISTI>14362,268000</NORD_ACQUISTI>
    <SARD_ACQUISTI>771,119000</SARD_ACQUISTI>
    <SICI_ACQUISTI>1382,024000</SICI_ACQUISTI>
    <SUD_ACQUISTI>1976,177000</SUD_ACQUISTI>
    <AUST_ACQUISTI>0,000000</AUST_ACQUISTI>
    <BRNN_ACQUISTI>0,000000</BRNN_ACQUISTI>
    <COAC_ACQUISTI>20,000000</COAC_ACQUISTI>
    <CORS_ACQUISTI>5,000000</CORS_ACQUISTI>
    <FOGN_ACQUISTI>0,000000</FOGN_ACQUISTI>
    <FRAN_ACQUISTI>0,000000</FRAN_ACQUISTI>
    <GREC_ACQUISTI>518,000000</GREC_ACQUISTI>
    <MFTV_ACQUISTI>0,000000</MFTV_ACQUISTI>
    <PRGP_ACQUISTI>0,000000</PRGP_ACQUISTI>
    <ROSN_ACQUISTI>0,000000</ROSN_ACQUISTI>
    <SLOV_ACQUISTI>0,000000</SLOV_ACQUISTI>
    <SVIZ_ACQUISTI>50,000000</SVIZ_ACQUISTI>
    <BSP_ACQUISTI>0,000000</BSP_ACQUISTI>
    <MALT_ACQUISTI>37,000000</MALT_ACQUISTI>
    <XAUS_ACQUISTI>0,000000</XAUS_ACQUISTI>
    <XFRA_ACQUISTI>0,000000</XFRA_ACQUISTI>
    <TOTALE_VENDITE>21464,533</TOTALE_VENDITE>
    <NAT_VENDITE>25414,533000</NAT_VENDITE>
    <CNOR_VENDITE>1632,508000</CNOR_VENDITE>
    <CSUD_VENDITE>1278,681000</CSUD_VENDITE>
    <NORD_VENDITE>10692,425000</NORD_VENDITE>
    <SARD_VENDITE>788,877000</SARD_VENDITE>
    <SICI_VENDITE>694,539000</SICI_VENDITE>
    <SUD_VENDITE>1875,583000</SUD_VENDITE>
    <AUST_VENDITE>20,000000</AUST_VENDITE>
    <BRNN_VENDITE>996,450000</BRNN_VENDITE>
    <COAC_VENDITE>0,000000</COAC_VENDITE>
    <CORS_VENDITE>0,000000</CORS_VENDITE>
    <FOGN_VENDITE>20,452000</FOGN_VENDITE>
    <FRAN_VENDITE>99,000000</FRAN_VENDITE>
    <GREC_VENDITE>316,000000</GREC_VENDITE>
    <MFTV_VENDITE>0,000000</MFTV_VENDITE>
    <PRGP_VENDITE>0,000000</PRGP_VENDITE>
    <ROSN_VENDITE>5,211000</ROSN_VENDITE>
    <SLOV_VENDITE>0,000000</SLOV_VENDITE>
    <SVIZ_VENDITE>3044,807000</SVIZ_VENDITE>
    <BSP_VENDITE>647,000000</BSP_VENDITE>
    <MALT_VENDITE>0,000000</MALT_VENDITE>
    <XAUS_VENDITE>275,000000</XAUS_VENDITE>
    <XFRA_VENDITE>3028,000000</XFRA_VENDITE>
    <TOTITABSP_VENDITE>22111,533</TOTITABSP_VENDITE>
    <TOTITABSP_ACQUISTI>25414,533</TOTITABSP_ACQUISTI>
  </Quantita>
  <Quantita>
    <Data>20180419</Data>
    <Mercato>MGP</Mercato>
    <Ora>6</Ora>
    <TOTALE_ACQUISTI>26686,258</TOTALE_ACQUISTI>
    <NAT_ACQUISTI>26856,630000</NAT_ACQUISTI>
    <CNOR_ACQUISTI>2732,174000</CNOR_ACQUISTI>
    <CSUD_ACQUISTI>3889,405000</CSUD_ACQUISTI>
    <NORD_ACQUISTI>15205,122000</NORD_ACQUISTI>
    <SARD_ACQUISTI>801,889000</SARD_ACQUISTI>
    <SICI_ACQUISTI>1441,346000</SICI_ACQUISTI>
    <SUD_ACQUISTI>2083,322000</SUD_ACQUISTI>
    <AUST_ACQUISTI>0,000000</AUST_ACQUISTI>
    <BRNN_ACQUISTI>0,000000</BRNN_ACQUISTI>
    <COAC_ACQUISTI>20,000000</COAC_ACQUISTI>
    <CORS_ACQUISTI>5,000000</CORS_ACQUISTI>
    <FOGN_ACQUISTI>0,000000</FOGN_ACQUISTI>
    <FRAN_ACQUISTI>0,000000</FRAN_ACQUISTI>
    <GREC_ACQUISTI>398,000000</GREC_ACQUISTI>
    <MFTV_ACQUISTI>0,000000</MFTV_ACQUISTI>
    <PRGP_ACQUISTI>0,000000</PRGP_ACQUISTI>
    <ROSN_ACQUISTI>0,000000</ROSN_ACQUISTI>
    <SLOV_ACQUISTI>0,000000</SLOV_ACQUISTI>
    <SVIZ_ACQUISTI>50,000000</SVIZ_ACQUISTI>
    <BSP_ACQUISTI>0,000000</BSP_ACQUISTI>
    <MALT_ACQUISTI>60,000000</MALT_ACQUISTI>
    <XAUS_ACQUISTI>0,000000</XAUS_ACQUISTI>
    <XFRA_ACQUISTI>0,000000</XFRA_ACQUISTI>
    <TOTALE_VENDITE>22736,258</TOTALE_VENDITE>
    <NAT_VENDITE>26856,630000</NAT_VENDITE>
    <CNOR_VENDITE>1646,645000</CNOR_VENDITE>
    <CSUD_VENDITE>1310,283000</CSUD_VENDITE>
    <NORD_VENDITE>11541,651000</NORD_VENDITE>
    <SARD_VENDITE>781,463000</SARD_VENDITE>
    <SICI_VENDITE>719,552000</SICI_VENDITE>
    <SUD_VENDITE>1979,723000</SUD_VENDITE>
    <AUST_VENDITE>20,000000</AUST_VENDITE>
    <BRNN_VENDITE>1108,976000</BRNN_VENDITE>
    <COAC_VENDITE>0,000000</COAC_VENDITE>
    <CORS_VENDITE>0,000000</CORS_VENDITE>
    <FOGN_VENDITE>31,822000</FOGN_VENDITE>
    <FRAN_VENDITE>99,000000</FRAN_VENDITE>
    <GREC_VENDITE>362,000000</GREC_VENDITE>
    <MFTV_VENDITE>0,000000</MFTV_VENDITE>
    <PRGP_VENDITE>0,000000</PRGP_VENDITE>
    <ROSN_VENDITE>5,143000</ROSN_VENDITE>
    <SLOV_VENDITE>0,000000</SLOV_VENDITE>
    <SVIZ_VENDITE>3130,000000</SVIZ_VENDITE>
    <BSP_VENDITE>647,000000</BSP_VENDITE>
    <MALT_VENDITE>0,000000</MALT_VENDITE>
    <XAUS_VENDITE>275,000000</XAUS_VENDITE>
    <XFRA_VENDITE>3028,000000</XFRA_VENDITE>
    <TOTITABSP_VENDITE>23383,258</TOTITABSP_VENDITE>
    <TOTITABSP_ACQUISTI>26686,258</TOTITABSP_ACQUISTI>
  </Quantita>
  <Quantita>
    <Data>20180419</Data>
    <Mercato>MGP</Mercato>
    <Ora>7</Ora>
    <TOTALE_ACQUISTI>30285,737</TOTALE_ACQUISTI>
    <NAT_ACQUISTI>30290,737000</NAT_ACQUISTI>
    <CNOR_ACQUISTI>3099,249000</CNOR_ACQUISTI>
    <CSUD_ACQUISTI>4258,369000</CSUD_ACQUISTI>
    <NORD_ACQUISTI>17721,569000</NORD_ACQUISTI>
    <SARD_ACQUISTI>884,748000</SARD_ACQUISTI>
    <SICI_ACQUISTI>1580,547000</SICI_ACQUISTI>
    <SUD_ACQUISTI>2143,255000</SUD_ACQUISTI>
    <AUST_ACQUISTI>0,000000</AUST_ACQUISTI>
    <BRNN_ACQUISTI>0,000000</BRNN_ACQUISTI>
    <COAC_ACQUISTI>20,000000</COAC_ACQUISTI>
    <CORS_ACQUISTI>5,000000</CORS_ACQUISTI>
    <FOGN_ACQUISTI>0,000000</FOGN_ACQUISTI>
    <FRAN_ACQUISTI>0,000000</FRAN_ACQUISTI>
    <GREC_ACQUISTI>473,000000</GREC_ACQUISTI>
    <MFTV_ACQUISTI>0,000000</MFTV_ACQUISTI>
    <PRGP_ACQUISTI>0,000000</PRGP_ACQUISTI>
    <ROSN_ACQUISTI>0,000000</ROSN_ACQUISTI>
    <SLOV_ACQUISTI>0,000000</SLOV_ACQUISTI>
    <SVIZ_ACQUISTI>0,000000</SVIZ_ACQUISTI>
    <BSP_ACQUISTI>0,000000</BSP_ACQUISTI>
    <MALT_ACQUISTI>100,000000</MALT_ACQUISTI>
    <XAUS_ACQUISTI>0,000000</XAUS_ACQUISTI>
    <XFRA_ACQUISTI>0,000000</XFRA_ACQUISTI>
    <TOTALE_VENDITE>26276,737</TOTALE_VENDITE>
    <NAT_VENDITE>30290,737000</NAT_VENDITE>
    <CNOR_VENDITE>1799,566000</CNOR_VENDITE>
    <CSUD_VENDITE>2075,200000</CSUD_VENDITE>
    <NORD_VENDITE>14119,252000</NORD_VENDITE>
    <SARD_VENDITE>765,229000</SARD_VENDITE>
    <SICI_VENDITE>728,172000</SICI_VENDITE>
    <SUD_VENDITE>1936,606000</SUD_VENDITE>
    <AUST_VENDITE>20,000000</AUST_VENDITE>
    <BRNN_VENDITE>1161,538000</BRNN_VENDITE>
    <COAC_VENDITE>0,000000</COAC_VENDITE>
    <CORS_VENDITE>0,000000</CORS_VENDITE>
    <FOGN_VENDITE>32,252000</FOGN_VENDITE>
    <FRAN_VENDITE>99,000000</FRAN_VENDITE>
    <GREC_VENDITE>282,000000</GREC_VENDITE>
    <MFTV_VENDITE>0,000000</MFTV_VENDITE>
    <PRGP_VENDITE>0,087000</PRGP_VENDITE>
    <ROSN_VENDITE>83,835000</ROSN_VENDITE>
    <SLOV_VENDITE>0,000000</SLOV_VENDITE>
    <SVIZ_VENDITE>3174,000000</SVIZ_VENDITE>
    <BSP_VENDITE>657,000000</BSP_VENDITE>
    <MALT_VENDITE>0,000000</MALT_VENDITE>
    <XAUS_VENDITE>275,000000</XAUS_VENDITE>
    <XFRA_VENDITE>3077,000000</XFRA_VENDITE>
    <TOTITABSP_VENDITE>26933,737</TOTITABSP_VENDITE>
    <TOTITABSP_ACQUISTI>30285,737</TOTITABSP_ACQUISTI>
  </Quantita>
  <Quantita>
    <Data>20180419</Data>
    <Mercato>MGP</Mercato>
    <Ora>8</Ora>
    <TOTALE_ACQUISTI>34457,368</TOTALE_ACQUISTI>
    <NAT_ACQUISTI>34457,368000</NAT_ACQUISTI>
    <CNOR_ACQUISTI>3660,111000</CNOR_ACQUISTI>
    <CSUD_ACQUISTI>4970,050000</CSUD_ACQUISTI>
    <NORD_ACQUISTI>20281,742000</NORD_ACQUISTI>
    <SARD_ACQUISTI>999,443000</SARD_ACQUISTI>
    <SICI_ACQUISTI>1850,308000</SICI_ACQUISTI>
    <SUD_ACQUISTI>2474,714000</SUD_ACQUISTI>
    <AUST_ACQUISTI>0,000000</AUST_ACQUISTI>
    <BRNN_ACQUISTI>0,000000</BRNN_ACQUISTI>
    <COAC_ACQUISTI>35,000000</COAC_ACQUISTI>
    <CORS_ACQUISTI>5,000000</CORS_ACQUISTI>
    <FOGN_ACQUISTI>0,000000</FOGN_ACQUISTI>
    <FRAN_ACQUISTI>0,000000</FRAN_ACQUISTI>
    <GREC_ACQUISTI>62,000000</GREC_ACQUISTI>
    <MFTV_ACQUISTI>0,000000</MFTV_ACQUISTI>
    <PRGP_ACQUISTI>0,000000</PRGP_ACQUISTI>
    <ROSN_ACQUISTI>0,000000</ROSN_ACQUISTI>
    <SLOV_ACQUISTI>0,000000</SLOV_ACQUISTI>
    <SVIZ_ACQUISTI>0,000000</SVIZ_ACQUISTI>
    <BSP_ACQUISTI>0,000000</BSP_ACQUISTI>
    <MALT_ACQUISTI>119,000000</MALT_ACQUISTI>
    <XAUS_ACQUISTI>0,000000</XAUS_ACQUISTI>
    <XFRA_ACQUISTI>0,000000</XFRA_ACQUISTI>
    <TOTALE_VENDITE>30165,368</TOTALE_VENDITE>
    <NAT_VENDITE>34457,368000</NAT_VENDITE>
    <CNOR_VENDITE>2179,085000</CNOR_VENDITE>
    <CSUD_VENDITE>2878,769000</CSUD_VENDITE>
    <NORD_VENDITE>15858,671000</NORD_VENDITE>
    <SARD_VENDITE>775,054000</SARD_VENDITE>
    <SICI_VENDITE>868,470000</SICI_VENDITE>
    <SUD_VENDITE>2154,163000</SUD_VENDITE>
    <AUST_VENDITE>20,000000</AUST_VENDITE>
    <BRNN_VENDITE>1204,478000</BRNN_VENDITE>
    <COAC_VENDITE>0,000000</COAC_VENDITE>
    <CORS_VENDITE>0,000000</CORS_VENDITE>
    <FOGN_VENDITE>80,915000</FOGN_VENDITE>
    <FRAN_VENDITE>99,000000</FRAN_VENDITE>
    <GREC_VENDITE>364,000000</GREC_VENDITE>
    <MFTV_VENDITE>0,000000</MFTV_VENDITE>
    <PRGP_VENDITE>0,838000</PRGP_VENDITE>
    <ROSN_VENDITE>225,925000</ROSN_VENDITE>
    <SLOV_VENDITE>0,000000</SLOV_VENDITE>
    <SVIZ_VENDITE>3456,000000</SVIZ_VENDITE>
    <BSP_VENDITE>771,000000</BSP_VENDITE>
    <MALT_VENDITE>0,000000</MALT_VENDITE>
    <XAUS_VENDITE>295,000000</XAUS_VENDITE>
    <XFRA_VENDITE>3226,000000</XFRA_VENDITE>
    <TOTITABSP_VENDITE>30936,368</TOTITABSP_VENDITE>
    <TOTITABSP_ACQUISTI>34457,368</TOTITABSP_ACQUISTI>
  </Quantita>
  <Quantita>
    <Data>20180419</Data>
    <Mercato>MGP</Mercato>
    <Ora>9</Ora>
    <TOTALE_ACQUISTI>38614,209</TOTALE_ACQUISTI>
    <NAT_ACQUISTI>38629,209000</NAT_ACQUISTI>
    <CNOR_ACQUISTI>4214,349000</CNOR_ACQUISTI>
    <CSUD_ACQUISTI>5564,383000</CSUD_ACQUISTI>
    <NORD_ACQUISTI>22720,839000</NORD_ACQUISTI>
    <SARD_ACQUISTI>1097,190000</SARD_ACQUISTI>
    <SICI_ACQUISTI>2075,324000</SICI_ACQUISTI>
    <SUD_ACQUISTI>2781,124000</SUD_ACQUISTI>
    <AUST_ACQUISTI>0,000000</AUST_ACQUISTI>
    <BRNN_ACQUISTI>0,000000</BRNN_ACQUISTI>
    <COAC_ACQUISTI>40,000000</COAC_ACQUISTI>
    <CORS_ACQUISTI>5,000000</CORS_ACQUISTI>
    <FOGN_ACQUISTI>0,000000</FOGN_ACQUISTI>
    <FRAN_ACQUISTI>0,000000</FRAN_ACQUISTI>
    <GREC_ACQUISTI>0,000000</GREC_ACQUISTI>
    <MFTV_ACQUISTI>0,000000</MFTV_ACQUISTI>
    <PRGP_ACQUISTI>0,000000</PRGP_ACQUISTI>
    <ROSN_ACQUISTI>0,000000</ROSN_ACQUISTI>
    <SLOV_ACQUISTI>0,000000</SLOV_ACQUISTI>
    <SVIZ_ACQUISTI>0,000000</SVIZ_ACQUISTI>
    <BSP_ACQUISTI>0,000000</BSP_ACQUISTI>
    <MALT_ACQUISTI>116,000000</MALT_ACQUISTI>
    <XAUS_ACQUISTI>0,000000</XAUS_ACQUISTI>
    <XFRA_ACQUISTI>0,000000</XFRA_ACQUISTI>
    <TOTALE_VENDITE>34322,209</TOTALE_VENDITE>
    <NAT_VENDITE>38629,209000</NAT_VENDITE>
    <CNOR_VENDITE>2505,598000</CNOR_VENDITE>
    <CSUD_VENDITE>3308,624000</CSUD_VENDITE>
    <NORD_VENDITE>18091,918000</NORD_VENDITE>
    <SARD_VENDITE>890,584000</SARD_VENDITE>
    <SICI_VENDITE>1089,260000</SICI_VENDITE>
    <SUD_VENDITE>2577,651000</SUD_VENDITE>
    <AUST_VENDITE>20,000000</AUST_VENDITE>
    <BRNN_VENDITE>1262,454000</BRNN_VENDITE>
    <COAC_VENDITE>0,000000</COAC_VENDITE>
    <CORS_VENDITE>0,000000</CORS_VENDITE>
    <FOGN_VENDITE>181,341000</FOGN_VENDITE>
    <FRAN_VENDITE>99,000000</FRAN_VENDITE>
    <GREC_VENDITE>322,000000</GREC_VENDITE>
    <MFTV_VENDITE>0,000000</MFTV_VENDITE>
    <PRGP_VENDITE>2,064000</PRGP_VENDITE>
    <ROSN_VENDITE>515,715000</ROSN_VENDITE>
    <SLOV_VENDITE>0,000000</SLOV_VENDITE>
    <SVIZ_VENDITE>3456,000000</SVIZ_VENDITE>
    <BSP_VENDITE>771,000000</BSP_VENDITE>
    <MALT_VENDITE>0,000000</MALT_VENDITE>
    <XAUS_VENDITE>295,000000</XAUS_VENDITE>
    <XFRA_VENDITE>3226,000000</XFRA_VENDITE>
    <TOTITABSP_VENDITE>35093,209</TOTITABSP_VENDITE>
    <TOTITABSP_ACQUISTI>38614,209</TOTITABSP_ACQUISTI>
  </Quantita>
  <Quantita>
    <Data>20180419</Data>
    <Mercato>MGP</Mercato>
    <Ora>10</Ora>
    <TOTALE_ACQUISTI>39239,759</TOTALE_ACQUISTI>
    <NAT_ACQUISTI>39239,759000</NAT_ACQUISTI>
    <CNOR_ACQUISTI>4289,593000</CNOR_ACQUISTI>
    <CSUD_ACQUISTI>5766,660000</CSUD_ACQUISTI>
    <NORD_ACQUISTI>22973,155000</NORD_ACQUISTI>
    <SARD_ACQUISTI>1085,244000</SARD_ACQUISTI>
    <SICI_ACQUISTI>2102,211000</SICI_ACQUISTI>
    <SUD_ACQUISTI>2770,896000</SUD_ACQUISTI>
    <AUST_ACQUISTI>0,000000</AUST_ACQUISTI>
    <BRNN_ACQUISTI>0,000000</BRNN_ACQUISTI>
    <COAC_ACQUISTI>22,000000</COAC_ACQUISTI>
    <CORS_ACQUISTI>5,000000</CORS_ACQUISTI>
    <FOGN_ACQUISTI>0,000000</FOGN_ACQUISTI>
    <FRAN_ACQUISTI>0,000000</FRAN_ACQUISTI>
    <GREC_ACQUISTI>120,000000</GREC_ACQUISTI>
    <MFTV_ACQUISTI>0,000000</MFTV_ACQUISTI>
    <PRGP_ACQUISTI>0,000000</PRGP_ACQUISTI>
    <ROSN_ACQUISTI>0,000000</ROSN_ACQUISTI>
    <SLOV_ACQUISTI>0,000000</SLOV_ACQUISTI>
    <SVIZ_ACQUISTI>0,000000</SVIZ_ACQUISTI>
    <BSP_ACQUISTI>0,000000</BSP_ACQUISTI>
    <MALT_ACQUISTI>105,000000</MALT_ACQUISTI>
    <XAUS_ACQUISTI>0,000000</XAUS_ACQUISTI>
    <XFRA_ACQUISTI>0,000000</XFRA_ACQUISTI>
    <TOTALE_VENDITE>35137,759</TOTALE_VENDITE>
    <NAT_VENDITE>39239,759000</NAT_VENDITE>
    <CNOR_VENDITE>2718,413000</CNOR_VENDITE>
    <CSUD_VENDITE>4206,892000</CSUD_VENDITE>
    <NORD_VENDITE>16932,084000</NORD_VENDITE>
    <SARD_VENDITE>967,284000</SARD_VENDITE>
    <SICI_VENDITE>1163,193000</SICI_VENDITE>
    <SUD_VENDITE>3182,709000</SUD_VENDITE>
    <AUST_VENDITE>20,000000</AUST_VENDITE>
    <BRNN_VENDITE>1219,603000</BRNN_VENDITE>
    <COAC_VENDITE>0,000000</COAC_VENDITE>
    <CORS_VENDITE>0,000000</CORS_VENDITE>
    <FOGN_VENDITE>284,879000</FOGN_VENDITE>
    <FRAN_VENDITE>99,000000</FRAN_VENDITE>
    <GREC_VENDITE>265,000000</GREC_VENDITE>
    <MFTV_VENDITE>0,000000</MFTV_VENDITE>
    <PRGP_VENDITE>3,584000</PRGP_VENDITE>
    <ROSN_VENDITE>765,118000</ROSN_VENDITE>
    <SLOV_VENDITE>0,000000</SLOV_VENDITE>
    <SVIZ_VENDITE>3310,000000</SVIZ_VENDITE>
    <BSP_VENDITE>735,000000</BSP_VENDITE>
    <MALT_VENDITE>0,000000</MALT_VENDITE>
    <XAUS_VENDITE>295,000000</XAUS_VENDITE>
    <XFRA_VENDITE>3072,000000</XFRA_VENDITE>
    <TOTITABSP_VENDITE>35872,759</TOTITABSP_VENDITE>
    <TOTITABSP_ACQUISTI>39239,759</TOTITABSP_ACQUISTI>
  </Quantita>
  <Quantita>
    <Data>20180419</Data>
    <Mercato>MGP</Mercato>
    <Ora>11</Ora>
    <TOTALE_ACQUISTI>38718,071</TOTALE_ACQUISTI>
    <NAT_ACQUISTI>38718,071000</NAT_ACQUISTI>
    <CNOR_ACQUISTI>4240,377000</CNOR_ACQUISTI>
    <CSUD_ACQUISTI>5676,154000</CSUD_ACQUISTI>
    <NORD_ACQUISTI>22468,461000</NORD_ACQUISTI>
    <SARD_ACQUISTI>1036,836000</SARD_ACQUISTI>
    <SICI_ACQUISTI>2020,311000</SICI_ACQUISTI>
    <SUD_ACQUISTI>2676,932000</SUD_ACQUISTI>
    <AUST_ACQUISTI>0,000000</AUST_ACQUISTI>
    <BRNN_ACQUISTI>0,000000</BRNN_ACQUISTI>
    <COAC_ACQUISTI>20,000000</COAC_ACQUISTI>
    <CORS_ACQUISTI>5,000000</CORS_ACQUISTI>
    <FOGN_ACQUISTI>0,000000</FOGN_ACQUISTI>
    <FRAN_ACQUISTI>0,000000</FRAN_ACQUISTI>
    <GREC_ACQUISTI>468,000000</GREC_ACQUISTI>
    <MFTV_ACQUISTI>0,000000</MFTV_ACQUISTI>
    <PRGP_ACQUISTI>0,000000</PRGP_ACQUISTI>
    <ROSN_ACQUISTI>0,000000</ROSN_ACQUISTI>
    <SLOV_ACQUISTI>0,000000</SLOV_ACQUISTI>
    <SVIZ_ACQUISTI>0,000000</SVIZ_ACQUISTI>
    <BSP_ACQUISTI>0,000000</BSP_ACQUISTI>
    <MALT_ACQUISTI>106,000000</MALT_ACQUISTI>
    <XAUS_ACQUISTI>0,000000</XAUS_ACQUISTI>
    <XFRA_ACQUISTI>0,000000</XFRA_ACQUISTI>
    <TOTALE_VENDITE>34616,071</TOTALE_VENDITE>
    <NAT_VENDITE>38718,071000</NAT_VENDITE>
    <CNOR_VENDITE>2904,701000</CNOR_VENDITE>
    <CSUD_VENDITE>3254,238000</CSUD_VENDITE>
    <NORD_VENDITE>17058,421000</NORD_VENDITE>
    <SARD_VENDITE>1047,821000</SARD_VENDITE>
    <SICI_VENDITE>1295,259000</SICI_VENDITE>
    <SUD_VENDITE>3526,294000</SUD_VENDITE>
    <AUST_VENDITE>20,000000</AUST_VENDITE>
    <BRNN_VENDITE>1017,892000</BRNN_VENDITE>
    <COAC_VENDITE>0,000000</COAC_VENDITE>
    <CORS_VENDITE>0,000000</CORS_VENDITE>
    <FOGN_VENDITE>284,435000</FOGN_VENDITE>
    <FRAN_VENDITE>99,000000</FRAN_VENDITE>
    <GREC_VENDITE>183,000000</GREC_VENDITE>
    <MFTV_VENDITE>0,000000</MFTV_VENDITE>
    <PRGP_VENDITE>5,128000</PRGP_VENDITE>
    <ROSN_VENDITE>609,882000</ROSN_VENDITE>
    <SLOV_VENDITE>0,000000</SLOV_VENDITE>
    <SVIZ_VENDITE>3310,000000</SVIZ_VENDITE>
    <BSP_VENDITE>735,000000</BSP_VENDITE>
    <MALT_VENDITE>0,000000</MALT_VENDITE>
    <XAUS_VENDITE>295,000000</XAUS_VENDITE>
    <XFRA_VENDITE>3072,000000</XFRA_VENDITE>
    <TOTITABSP_VENDITE>35351,071</TOTITABSP_VENDITE>
    <TOTITABSP_ACQUISTI>38718,071</TOTITABSP_ACQUISTI>
  </Quantita>
  <Quantita>
    <Data>20180419</Data>
    <Mercato>MGP</Mercato>
    <Ora>12</Ora>
    <TOTALE_ACQUISTI>38210,636</TOTALE_ACQUISTI>
    <NAT_ACQUISTI>38210,636000</NAT_ACQUISTI>
    <CNOR_ACQUISTI>4189,159000</CNOR_ACQUISTI>
    <CSUD_ACQUISTI>5652,080000</CSUD_ACQUISTI>
    <NORD_ACQUISTI>22118,606000</NORD_ACQUISTI>
    <SARD_ACQUISTI>1006,931000</SARD_ACQUISTI>
    <SICI_ACQUISTI>1960,859000</SICI_ACQUISTI>
    <SUD_ACQUISTI>2637,001000</SUD_ACQUISTI>
    <AUST_ACQUISTI>0,000000</AUST_ACQUISTI>
    <BRNN_ACQUISTI>0,000000</BRNN_ACQUISTI>
    <COAC_ACQUISTI>20,000000</COAC_ACQUISTI>
    <CORS_ACQUISTI>5,000000</CORS_ACQUISTI>
    <FOGN_ACQUISTI>0,000000</FOGN_ACQUISTI>
    <FRAN_ACQUISTI>0,000000</FRAN_ACQUISTI>
    <GREC_ACQUISTI>525,000000</GREC_ACQUISTI>
    <MFTV_ACQUISTI>0,000000</MFTV_ACQUISTI>
    <PRGP_ACQUISTI>0,000000</PRGP_ACQUISTI>
    <ROSN_ACQUISTI>0,000000</ROSN_ACQUISTI>
    <SLOV_ACQUISTI>0,000000</SLOV_ACQUISTI>
    <SVIZ_ACQUISTI>0,000000</SVIZ_ACQUISTI>
    <BSP_ACQUISTI>0,000000</BSP_ACQUISTI>
    <MALT_ACQUISTI>96,000000</MALT_ACQUISTI>
    <XAUS_ACQUISTI>0,000000</XAUS_ACQUISTI>
    <XFRA_ACQUISTI>0,000000</XFRA_ACQUISTI>
    <TOTALE_VENDITE>34108,636</TOTALE_VENDITE>
    <NAT_VENDITE>38210,636000</NAT_VENDITE>
    <CNOR_VENDITE>2951,129000</CNOR_VENDITE>
    <CSUD_VENDITE>3390,306000</CSUD_VENDITE>
    <NORD_VENDITE>16264,896000</NORD_VENDITE>
    <SARD_VENDITE>1097,290000</SARD_VENDITE>
    <SICI_VENDITE>1333,647000</SICI_VENDITE>
    <SUD_VENDITE>3676,245000</SUD_VENDITE>
    <AUST_VENDITE>20,000000</AUST_VENDITE>
    <BRNN_VENDITE>965,981000</BRNN_VENDITE>
    <COAC_VENDITE>0,000000</COAC_VENDITE>
    <CORS_VENDITE>0,000000</CORS_VENDITE>
    <FOGN_VENDITE>289,367000</FOGN_VENDITE>
    <FRAN_VENDITE>99,000000</FRAN_VENDITE>
    <GREC_VENDITE>164,000000</GREC_VENDITE>
    <MFTV_VENDITE>0,000000</MFTV_VENDITE>
    <PRGP_VENDITE>6,328000</PRGP_VENDITE>
    <ROSN_VENDITE>540,447000</ROSN_VENDITE>
    <SLOV_VENDITE>0,000000</SLOV_VENDITE>
    <SVIZ_VENDITE>3310,000000</SVIZ_VENDITE>
    <BSP_VENDITE>735,000000</BSP_VENDITE>
    <MALT_VENDITE>0,000000</MALT_VENDITE>
    <XAUS_VENDITE>295,000000</XAUS_VENDITE>
    <XFRA_VENDITE>3072,000000</XFRA_VENDITE>
    <TOTITABSP_VENDITE>34843,636</TOTITABSP_VENDITE>
    <TOTITABSP_ACQUISTI>38210,636</TOTITABSP_ACQUISTI>
  </Quantita>
  <Quantita>
    <Data>20180419</Data>
    <Mercato>MGP</Mercato>
    <Ora>13</Ora>
    <TOTALE_ACQUISTI>36243,179</TOTALE_ACQUISTI>
    <NAT_ACQUISTI>36243,179000</NAT_ACQUISTI>
    <CNOR_ACQUISTI>3984,770000</CNOR_ACQUISTI>
    <CSUD_ACQUISTI>5599,315000</CSUD_ACQUISTI>
    <NORD_ACQUISTI>20476,580000</NORD_ACQUISTI>
    <SARD_ACQUISTI>995,259000</SARD_ACQUISTI>
    <SICI_ACQUISTI>1931,510000</SICI_ACQUISTI>
    <SUD_ACQUISTI>2627,745000</SUD_ACQUISTI>
    <AUST_ACQUISTI>0,000000</AUST_ACQUISTI>
    <BRNN_ACQUISTI>0,000000</BRNN_ACQUISTI>
    <COAC_ACQUISTI>20,000000</COAC_ACQUISTI>
    <CORS_ACQUISTI>5,000000</CORS_ACQUISTI>
    <FOGN_ACQUISTI>0,000000</FOGN_ACQUISTI>
    <FRAN_ACQUISTI>0,000000</FRAN_ACQUISTI>
    <GREC_ACQUISTI>528,000000</GREC_ACQUISTI>
    <MFTV_ACQUISTI>0,000000</MFTV_ACQUISTI>
    <PRGP_ACQUISTI>0,000000</PRGP_ACQUISTI>
    <ROSN_ACQUISTI>0,000000</ROSN_ACQUISTI>
    <SLOV_ACQUISTI>0,000000</SLOV_ACQUISTI>
    <SVIZ_ACQUISTI>0,000000</SVIZ_ACQUISTI>
    <BSP_ACQUISTI>0,000000</BSP_ACQUISTI>
    <MALT_ACQUISTI>75,000000</MALT_ACQUISTI>
    <XAUS_ACQUISTI>0,000000</XAUS_ACQUISTI>
    <XFRA_ACQUISTI>0,000000</XFRA_ACQUISTI>
    <TOTALE_VENDITE>33343,073</TOTALE_VENDITE>
    <NAT_VENDITE>36243,179000</NAT_VENDITE>
    <CNOR_VENDITE>2982,098000</CNOR_VENDITE>
    <CSUD_VENDITE>3236,310000</CSUD_VENDITE>
    <NORD_VENDITE>15558,170000</NORD_VENDITE>
    <SARD_VENDITE>1128,348000</SARD_VENDITE>
    <SICI_VENDITE>1364,671000</SICI_VENDITE>
    <SUD_VENDITE>3710,864000</SUD_VENDITE>
    <AUST_VENDITE>20,000000</AUST_VENDITE>
    <BRNN_VENDITE>965,913000</BRNN_VENDITE>
    <COAC_VENDITE>0,000000</COAC_VENDITE>
    <CORS_VENDITE>0,000000</CORS_VENDITE>
    <FOGN_VENDITE>290,943000</FOGN_VENDITE>
    <FRAN_VENDITE>99,000000</FRAN_VENDITE>
    <GREC_VENDITE>66,000000</GREC_VENDITE>
    <MFTV_VENDITE>0,000000</MFTV_VENDITE>
    <PRGP_VENDITE>7,041000</PRGP_VENDITE>
    <ROSN_VENDITE>547,215000</ROSN_VENDITE>
    <SLOV_VENDITE>0,000000</SLOV_VENDITE>
    <SVIZ_VENDITE>3366,500000</SVIZ_VENDITE>
    <BSP_VENDITE>632,909000</BSP_VENDITE>
    <MALT_VENDITE>0,000000</MALT_VENDITE>
    <XAUS_VENDITE>295,000000</XAUS_VENDITE>
    <XFRA_VENDITE>1972,197000</XFRA_VENDITE>
    <TOTITABSP_VENDITE>33975,982</TOTITABSP_VENDITE>
    <TOTITABSP_ACQUISTI>36243,179</TOTITABSP_ACQUISTI>
  </Quantita>
  <Quantita>
    <Data>20180419</Data>
    <Mercato>MGP</Mercato>
    <Ora>14</Ora>
    <TOTALE_ACQUISTI>35833,978</TOTALE_ACQUISTI>
    <NAT_ACQUISTI>35833,978000</NAT_ACQUISTI>
    <CNOR_ACQUISTI>3782,862000</CNOR_ACQUISTI>
    <CSUD_ACQUISTI>5396,072000</CSUD_ACQUISTI>
    <NORD_ACQUISTI>20675,323000</NORD_ACQUISTI>
    <SARD_ACQUISTI>971,598000</SARD_ACQUISTI>
    <SICI_ACQUISTI>1857,504000</SICI_ACQUISTI>
    <SUD_ACQUISTI>2501,619000</SUD_ACQUISTI>
    <AUST_ACQUISTI>0,000000</AUST_ACQUISTI>
    <BRNN_ACQUISTI>0,000000</BRNN_ACQUISTI>
    <COAC_ACQUISTI>20,000000</COAC_ACQUISTI>
    <CORS_ACQUISTI>5,000000</CORS_ACQUISTI>
    <FOGN_ACQUISTI>0,000000</FOGN_ACQUISTI>
    <FRAN_ACQUISTI>0,000000</FRAN_ACQUISTI>
    <GREC_ACQUISTI>543,000000</GREC_ACQUISTI>
    <MFTV_ACQUISTI>0,000000</MFTV_ACQUISTI>
    <PRGP_ACQUISTI>0,000000</PRGP_ACQUISTI>
    <ROSN_ACQUISTI>0,000000</ROSN_ACQUISTI>
    <SLOV_ACQUISTI>0,000000</SLOV_ACQUISTI>
    <SVIZ_ACQUISTI>25,000000</SVIZ_ACQUISTI>
    <BSP_ACQUISTI>0,000000</BSP_ACQUISTI>
    <MALT_ACQUISTI>56,000000</MALT_ACQUISTI>
    <XAUS_ACQUISTI>0,000000</XAUS_ACQUISTI>
    <XFRA_ACQUISTI>0,000000</XFRA_ACQUISTI>
    <TOTALE_VENDITE>33067,65</TOTALE_VENDITE>
    <NAT_VENDITE>35833,978000</NAT_VENDITE>
    <CNOR_VENDITE>2991,862000</CNOR_VENDITE>
    <CSUD_VENDITE>3191,019000</CSUD_VENDITE>
    <NORD_VENDITE>15534,219000</NORD_VENDITE>
    <SARD_VENDITE>1138,939000</SARD_VENDITE>
    <SICI_VENDITE>1356,816000</SICI_VENDITE>
    <SUD_VENDITE>3616,833000</SUD_VENDITE>
    <AUST_VENDITE>20,000000</AUST_VENDITE>
    <BRNN_VENDITE>968,650000</BRNN_VENDITE>
    <COAC_VENDITE>0,000000</COAC_VENDITE>
    <CORS_VENDITE>0,000000</CORS_VENDITE>
    <FOGN_VENDITE>292,520000</FOGN_VENDITE>
    <FRAN_VENDITE>99,000000</FRAN_VENDITE>
    <GREC_VENDITE>72,000000</GREC_VENDITE>
    <MFTV_VENDITE>0,000000</MFTV_VENDITE>
    <PRGP_VENDITE>7,140000</PRGP_VENDITE>
    <ROSN_VENDITE>549,652000</ROSN_VENDITE>
    <SLOV_VENDITE>0,000000</SLOV_VENDITE>
    <SVIZ_VENDITE>3229,000000</SVIZ_VENDITE>
    <BSP_VENDITE>758,000000</BSP_VENDITE>
    <MALT_VENDITE>0,000000</MALT_VENDITE>
    <XAUS_VENDITE>295,000000</XAUS_VENDITE>
    <XFRA_VENDITE>1713,328000</XFRA_VENDITE>
    <TOTITABSP_VENDITE>33825,65</TOTITABSP_VENDITE>
    <TOTITABSP_ACQUISTI>35833,978</TOTITABSP_ACQUISTI>
  </Quantita>
  <Quantita>
    <Data>20180419</Data>
    <Mercato>MGP</Mercato>
    <Ora>15</Ora>
    <TOTALE_ACQUISTI>36730,236</TOTALE_ACQUISTI>
    <NAT_ACQUISTI>36730,236000</NAT_ACQUISTI>
    <CNOR_ACQUISTI>3981,439000</CNOR_ACQUISTI>
    <CSUD_ACQUISTI>5433,469000</CSUD_ACQUISTI>
    <NORD_ACQUISTI>21454,818000</NORD_ACQUISTI>
    <SARD_ACQUISTI>953,605000</SARD_ACQUISTI>
    <SICI_ACQUISTI>1830,314000</SICI_ACQUISTI>
    <SUD_ACQUISTI>2444,591000</SUD_ACQUISTI>
    <AUST_ACQUISTI>0,000000</AUST_ACQUISTI>
    <BRNN_ACQUISTI>0,000000</BRNN_ACQUISTI>
    <COAC_ACQUISTI>20,000000</COAC_ACQUISTI>
    <CORS_ACQUISTI>5,000000</CORS_ACQUISTI>
    <FOGN_ACQUISTI>0,000000</FOGN_ACQUISTI>
    <FRAN_ACQUISTI>0,000000</FRAN_ACQUISTI>
    <GREC_ACQUISTI>543,000000</GREC_ACQUISTI>
    <MFTV_ACQUISTI>0,000000</MFTV_ACQUISTI>
    <PRGP_ACQUISTI>0,000000</PRGP_ACQUISTI>
    <ROSN_ACQUISTI>0,000000</ROSN_ACQUISTI>
    <SLOV_ACQUISTI>0,000000</SLOV_ACQUISTI>
    <SVIZ_ACQUISTI>0,000000</SVIZ_ACQUISTI>
    <BSP_ACQUISTI>0,000000</BSP_ACQUISTI>
    <MALT_ACQUISTI>64,000000</MALT_ACQUISTI>
    <XAUS_ACQUISTI>0,000000</XAUS_ACQUISTI>
    <XFRA_ACQUISTI>0,000000</XFRA_ACQUISTI>
    <TOTALE_VENDITE>32756,706</TOTALE_VENDITE>
    <NAT_VENDITE>36730,236000</NAT_VENDITE>
    <CNOR_VENDITE>2985,798000</CNOR_VENDITE>
    <CSUD_VENDITE>3127,898000</CSUD_VENDITE>
    <NORD_VENDITE>15268,934000</NORD_VENDITE>
    <SARD_VENDITE>1152,950000</SARD_VENDITE>
    <SICI_VENDITE>1315,106000</SICI_VENDITE>
    <SUD_VENDITE>3510,121000</SUD_VENDITE>
    <AUST_VENDITE>20,000000</AUST_VENDITE>
    <BRNN_VENDITE>975,250000</BRNN_VENDITE>
    <COAC_VENDITE>0,000000</COAC_VENDITE>
    <CORS_VENDITE>0,000000</CORS_VENDITE>
    <FOGN_VENDITE>291,087000</FOGN_VENDITE>
    <FRAN_VENDITE>99,000000</FRAN_VENDITE>
    <GREC_VENDITE>89,000000</GREC_VENDITE>
    <MFTV_VENDITE>0,000000</MFTV_VENDITE>
    <PRGP_VENDITE>6,673000</PRGP_VENDITE>
    <ROSN_VENDITE>548,389000</ROSN_VENDITE>
    <SLOV_VENDITE>0,000000</SLOV_VENDITE>
    <SVIZ_VENDITE>3366,500000</SVIZ_VENDITE>
    <BSP_VENDITE>758,000000</BSP_VENDITE>
    <MALT_VENDITE>0,000000</MALT_VENDITE>
    <XAUS_VENDITE>295,000000</XAUS_VENDITE>
    <XFRA_VENDITE>2920,530000</XFRA_VENDITE>
    <TOTITABSP_VENDITE>33514,706</TOTITABSP_VENDITE>
    <TOTITABSP_ACQUISTI>36730,236</TOTITABSP_ACQUISTI>
  </Quantita>
  <Quantita>
    <Data>20180419</Data>
    <Mercato>MGP</Mercato>
    <Ora>16</Ora>
    <TOTALE_ACQUISTI>36927,764</TOTALE_ACQUISTI>
    <NAT_ACQUISTI>36927,764000</NAT_ACQUISTI>
    <CNOR_ACQUISTI>4055,519000</CNOR_ACQUISTI>
    <CSUD_ACQUISTI>5527,576000</CSUD_ACQUISTI>
    <NORD_ACQUISTI>21498,288000</NORD_ACQUISTI>
    <SARD_ACQUISTI>949,526000</SARD_ACQUISTI>
    <SICI_ACQUISTI>1834,334000</SICI_ACQUISTI>
    <SUD_ACQUISTI>2490,521000</SUD_ACQUISTI>
    <AUST_ACQUISTI>0,000000</AUST_ACQUISTI>
    <BRNN_ACQUISTI>0,000000</BRNN_ACQUISTI>
    <COAC_ACQUISTI>20,000000</COAC_ACQUISTI>
    <CORS_ACQUISTI>5,000000</CORS_ACQUISTI>
    <FOGN_ACQUISTI>0,000000</FOGN_ACQUISTI>
    <FRAN_ACQUISTI>0,000000</FRAN_ACQUISTI>
    <GREC_ACQUISTI>463,000000</GREC_ACQUISTI>
    <MFTV_ACQUISTI>0,000000</MFTV_ACQUISTI>
    <PRGP_ACQUISTI>0,000000</PRGP_ACQUISTI>
    <ROSN_ACQUISTI>0,000000</ROSN_ACQUISTI>
    <SLOV_ACQUISTI>0,000000</SLOV_ACQUISTI>
    <SVIZ_ACQUISTI>0,000000</SVIZ_ACQUISTI>
    <BSP_ACQUISTI>0,000000</BSP_ACQUISTI>
    <MALT_ACQUISTI>84,000000</MALT_ACQUISTI>
    <XAUS_ACQUISTI>0,000000</XAUS_ACQUISTI>
    <XFRA_ACQUISTI>0,000000</XFRA_ACQUISTI>
    <TOTALE_VENDITE>33027,764</TOTALE_VENDITE>
    <NAT_VENDITE>36927,764000</NAT_VENDITE>
    <CNOR_VENDITE>2950,483000</CNOR_VENDITE>
    <CSUD_VENDITE>3187,586000</CSUD_VENDITE>
    <NORD_VENDITE>15977,709000</NORD_VENDITE>
    <SARD_VENDITE>1109,677000</SARD_VENDITE>
    <SICI_VENDITE>1250,018000</SICI_VENDITE>
    <SUD_VENDITE>3235,288000</SUD_VENDITE>
    <AUST_VENDITE>20,000000</AUST_VENDITE>
    <BRNN_VENDITE>979,075000</BRNN_VENDITE>
    <COAC_VENDITE>0,000000</COAC_VENDITE>
    <CORS_VENDITE>0,000000</CORS_VENDITE>
    <FOGN_VENDITE>287,480000</FOGN_VENDITE>
    <FRAN_VENDITE>99,000000</FRAN_VENDITE>
    <GREC_VENDITE>221,000000</GREC_VENDITE>
    <MFTV_VENDITE>0,000000</MFTV_VENDITE>
    <PRGP_VENDITE>5,618000</PRGP_VENDITE>
    <ROSN_VENDITE>542,830000</ROSN_VENDITE>
    <SLOV_VENDITE>0,000000</SLOV_VENDITE>
    <SVIZ_VENDITE>3162,000000</SVIZ_VENDITE>
    <BSP_VENDITE>699,000000</BSP_VENDITE>
    <MALT_VENDITE>0,000000</MALT_VENDITE>
    <XAUS_VENDITE>285,000000</XAUS_VENDITE>
    <XFRA_VENDITE>2916,000000</XFRA_VENDITE>
    <TOTITABSP_VENDITE>33726,764</TOTITABSP_VENDITE>
    <TOTITABSP_ACQUISTI>36927,764</TOTITABSP_ACQUISTI>
  </Quantita>
  <Quantita>
    <Data>20180419</Data>
    <Mercato>MGP</Mercato>
    <Ora>17</Ora>
    <TOTALE_ACQUISTI>37054,625</TOTALE_ACQUISTI>
    <NAT_ACQUISTI>37054,625000</NAT_ACQUISTI>
    <CNOR_ACQUISTI>4053,922000</CNOR_ACQUISTI>
    <CSUD_ACQUISTI>5550,451000</CSUD_ACQUISTI>
    <NORD_ACQUISTI>21371,241000</NORD_ACQUISTI>
    <SARD_ACQUISTI>964,252000</SARD_ACQUISTI>
    <SICI_ACQUISTI>1910,416000</SICI_ACQUISTI>
    <SUD_ACQUISTI>2578,343000</SUD_ACQUISTI>
    <AUST_ACQUISTI>0,000000</AUST_ACQUISTI>
    <BRNN_ACQUISTI>0,000000</BRNN_ACQUISTI>
    <COAC_ACQUISTI>20,000000</COAC_ACQUISTI>
    <CORS_ACQUISTI>5,000000</CORS_ACQUISTI>
    <FOGN_ACQUISTI>0,000000</FOGN_ACQUISTI>
    <FRAN_ACQUISTI>0,000000</FRAN_ACQUISTI>
    <GREC_ACQUISTI>508,000000</GREC_ACQUISTI>
    <MFTV_ACQUISTI>0,000000</MFTV_ACQUISTI>
    <PRGP_ACQUISTI>0,000000</PRGP_ACQUISTI>
    <ROSN_ACQUISTI>0,000000</ROSN_ACQUISTI>
    <SLOV_ACQUISTI>0,000000</SLOV_ACQUISTI>
    <SVIZ_ACQUISTI>0,000000</SVIZ_ACQUISTI>
    <BSP_ACQUISTI>0,000000</BSP_ACQUISTI>
    <MALT_ACQUISTI>93,000000</MALT_ACQUISTI>
    <XAUS_ACQUISTI>0,000000</XAUS_ACQUISTI>
    <XFRA_ACQUISTI>0,000000</XFRA_ACQUISTI>
    <TOTALE_VENDITE>33154,625</TOTALE_VENDITE>
    <NAT_VENDITE>37054,625000</NAT_VENDITE>
    <CNOR_VENDITE>2912,252000</CNOR_VENDITE>
    <CSUD_VENDITE>2830,683000</CSUD_VENDITE>
    <NORD_VENDITE>16658,894000</NORD_VENDITE>
    <SARD_VENDITE>1070,229000</SARD_VENDITE>
    <SICI_VENDITE>1142,778000</SICI_VENDITE>
    <SUD_VENDITE>3183,758000</SUD_VENDITE>
    <AUST_VENDITE>20,000000</AUST_VENDITE>
    <BRNN_VENDITE>979,284000</BRNN_VENDITE>
    <COAC_VENDITE>0,000000</COAC_VENDITE>
    <CORS_VENDITE>0,000000</CORS_VENDITE>
    <FOGN_VENDITE>279,050000</FOGN_VENDITE>
    <FRAN_VENDITE>99,000000</FRAN_VENDITE>
    <GREC_VENDITE>235,000000</GREC_VENDITE>
    <MFTV_VENDITE>0,000000</MFTV_VENDITE>
    <PRGP_VENDITE>4,069000</PRGP_VENDITE>
    <ROSN_VENDITE>577,628000</ROSN_VENDITE>
    <SLOV_VENDITE>0,000000</SLOV_VENDITE>
    <SVIZ_VENDITE>3162,000000</SVIZ_VENDITE>
    <BSP_VENDITE>699,000000</BSP_VENDITE>
    <MALT_VENDITE>0,000000</MALT_VENDITE>
    <XAUS_VENDITE>285,000000</XAUS_VENDITE>
    <XFRA_VENDITE>2916,000000</XFRA_VENDITE>
    <TOTITABSP_VENDITE>33853,625</TOTITABSP_VENDITE>
    <TOTITABSP_ACQUISTI>37054,625</TOTITABSP_ACQUISTI>
  </Quantita>
  <Quantita>
    <Data>20180419</Data>
    <Mercato>MGP</Mercato>
    <Ora>18</Ora>
    <TOTALE_ACQUISTI>36582,268</TOTALE_ACQUISTI>
    <NAT_ACQUISTI>36582,268000</NAT_ACQUISTI>
    <CNOR_ACQUISTI>4010,753000</CNOR_ACQUISTI>
    <CSUD_ACQUISTI>5566,155000</CSUD_ACQUISTI>
    <NORD_ACQUISTI>20991,883000</NORD_ACQUISTI>
    <SARD_ACQUISTI>1012,514000</SARD_ACQUISTI>
    <SICI_ACQUISTI>1994,322000</SICI_ACQUISTI>
    <SUD_ACQUISTI>2691,641000</SUD_ACQUISTI>
    <AUST_ACQUISTI>0,000000</AUST_ACQUISTI>
    <BRNN_ACQUISTI>0,000000</BRNN_ACQUISTI>
    <COAC_ACQUISTI>20,000000</COAC_ACQUISTI>
    <CORS_ACQUISTI>5,000000</CORS_ACQUISTI>
    <FOGN_ACQUISTI>0,000000</FOGN_ACQUISTI>
    <FRAN_ACQUISTI>0,000000</FRAN_ACQUISTI>
    <GREC_ACQUISTI>170,000000</GREC_ACQUISTI>
    <MFTV_ACQUISTI>0,000000</MFTV_ACQUISTI>
    <PRGP_ACQUISTI>0,000000</PRGP_ACQUISTI>
    <ROSN_ACQUISTI>0,000000</ROSN_ACQUISTI>
    <SLOV_ACQUISTI>0,000000</SLOV_ACQUISTI>
    <SVIZ_ACQUISTI>0,000000</SVIZ_ACQUISTI>
    <BSP_ACQUISTI>0,000000</BSP_ACQUISTI>
    <MALT_ACQUISTI>120,000000</MALT_ACQUISTI>
    <XAUS_ACQUISTI>0,000000</XAUS_ACQUISTI>
    <XFRA_ACQUISTI>0,000000</XFRA_ACQUISTI>
    <TOTALE_VENDITE>32682,268</TOTALE_VENDITE>
    <NAT_VENDITE>36582,268000</NAT_VENDITE>
    <CNOR_VENDITE>2676,938000</CNOR_VENDITE>
    <CSUD_VENDITE>2692,980000</CSUD_VENDITE>
    <NORD_VENDITE>16811,695000</NORD_VENDITE>
    <SARD_VENDITE>1059,677000</SARD_VENDITE>
    <SICI_VENDITE>1072,431000</SICI_VENDITE>
    <SUD_VENDITE>2772,409000</SUD_VENDITE>
    <AUST_VENDITE>20,000000</AUST_VENDITE>
    <BRNN_VENDITE>1136,534000</BRNN_VENDITE>
    <COAC_VENDITE>0,000000</COAC_VENDITE>
    <CORS_VENDITE>0,000000</CORS_VENDITE>
    <FOGN_VENDITE>277,087000</FOGN_VENDITE>
    <FRAN_VENDITE>99,000000</FRAN_VENDITE>
    <GREC_VENDITE>267,000000</GREC_VENDITE>
    <MFTV_VENDITE>0,000000</MFTV_VENDITE>
    <PRGP_VENDITE>2,391000</PRGP_VENDITE>
    <ROSN_VENDITE>632,126000</ROSN_VENDITE>
    <SLOV_VENDITE>0,000000</SLOV_VENDITE>
    <SVIZ_VENDITE>3162,000000</SVIZ_VENDITE>
    <BSP_VENDITE>699,000000</BSP_VENDITE>
    <MALT_VENDITE>0,000000</MALT_VENDITE>
    <XAUS_VENDITE>285,000000</XAUS_VENDITE>
    <XFRA_VENDITE>2916,000000</XFRA_VENDITE>
    <TOTITABSP_VENDITE>33381,268</TOTITABSP_VENDITE>
    <TOTITABSP_ACQUISTI>36582,268</TOTITABSP_ACQUISTI>
  </Quantita>
  <Quantita>
    <Data>20180419</Data>
    <Mercato>MGP</Mercato>
    <Ora>19</Ora>
    <TOTALE_ACQUISTI>36848,897</TOTALE_ACQUISTI>
    <NAT_ACQUISTI>36863,897000</NAT_ACQUISTI>
    <CNOR_ACQUISTI>4027,770000</CNOR_ACQUISTI>
    <CSUD_ACQUISTI>5614,927000</CSUD_ACQUISTI>
    <NORD_ACQUISTI>20982,487000</NORD_ACQUISTI>
    <SARD_ACQUISTI>1033,712000</SARD_ACQUISTI>
    <SICI_ACQUISTI>2038,212000</SICI_ACQUISTI>
    <SUD_ACQUISTI>2895,789000</SUD_ACQUISTI>
    <AUST_ACQUISTI>0,000000</AUST_ACQUISTI>
    <BRNN_ACQUISTI>0,000000</BRNN_ACQUISTI>
    <COAC_ACQUISTI>34,000000</COAC_ACQUISTI>
    <CORS_ACQUISTI>5,000000</CORS_ACQUISTI>
    <FOGN_ACQUISTI>0,000000</FOGN_ACQUISTI>
    <FRAN_ACQUISTI>0,000000</FRAN_ACQUISTI>
    <GREC_ACQUISTI>91,000000</GREC_ACQUISTI>
    <MFTV_ACQUISTI>0,000000</MFTV_ACQUISTI>
    <PRGP_ACQUISTI>0,000000</PRGP_ACQUISTI>
    <ROSN_ACQUISTI>0,000000</ROSN_ACQUISTI>
    <SLOV_ACQUISTI>0,000000</SLOV_ACQUISTI>
    <SVIZ_ACQUISTI>0,000000</SVIZ_ACQUISTI>
    <BSP_ACQUISTI>0,000000</BSP_ACQUISTI>
    <MALT_ACQUISTI>126,000000</MALT_ACQUISTI>
    <XAUS_ACQUISTI>0,000000</XAUS_ACQUISTI>
    <XFRA_ACQUISTI>0,000000</XFRA_ACQUISTI>
    <TOTALE_VENDITE>32695,897</TOTALE_VENDITE>
    <NAT_VENDITE>36863,897000</NAT_VENDITE>
    <CNOR_VENDITE>2424,948000</CNOR_VENDITE>
    <CSUD_VENDITE>3358,041000</CSUD_VENDITE>
    <NORD_VENDITE>16748,025000</NORD_VENDITE>
    <SARD_VENDITE>980,971000</SARD_VENDITE>
    <SICI_VENDITE>1063,265000</SICI_VENDITE>
    <SUD_VENDITE>2002,074000</SUD_VENDITE>
    <AUST_VENDITE>20,000000</AUST_VENDITE>
    <BRNN_VENDITE>1282,183000</BRNN_VENDITE>
    <COAC_VENDITE>0,000000</COAC_VENDITE>
    <CORS_VENDITE>0,000000</CORS_VENDITE>
    <FOGN_VENDITE>349,474000</FOGN_VENDITE>
    <FRAN_VENDITE>99,000000</FRAN_VENDITE>
    <GREC_VENDITE>263,000000</GREC_VENDITE>
    <MFTV_VENDITE>0,000000</MFTV_VENDITE>
    <PRGP_VENDITE>0,947000</PRGP_VENDITE>
    <ROSN_VENDITE>754,969000</ROSN_VENDITE>
    <SLOV_VENDITE>0,000000</SLOV_VENDITE>
    <SVIZ_VENDITE>3349,000000</SVIZ_VENDITE>
    <BSP_VENDITE>744,000000</BSP_VENDITE>
    <MALT_VENDITE>0,000000</MALT_VENDITE>
    <XAUS_VENDITE>295,000000</XAUS_VENDITE>
    <XFRA_VENDITE>3114,000000</XFRA_VENDITE>
    <TOTITABSP_VENDITE>33439,897</TOTITABSP_VENDITE>
    <TOTITABSP_ACQUISTI>36848,897</TOTITABSP_ACQUISTI>
  </Quantita>
  <Quantita>
    <Data>20180419</Data>
    <Mercato>MGP</Mercato>
    <Ora>20</Ora>
    <TOTALE_ACQUISTI>37330,617</TOTALE_ACQUISTI>
    <NAT_ACQUISTI>37415,617000</NAT_ACQUISTI>
    <CNOR_ACQUISTI>4085,103000</CNOR_ACQUISTI>
    <CSUD_ACQUISTI>5926,418000</CSUD_ACQUISTI>
    <NORD_ACQUISTI>20822,175000</NORD_ACQUISTI>
    <SARD_ACQUISTI>1070,755000</SARD_ACQUISTI>
    <SICI_ACQUISTI>2178,994000</SICI_ACQUISTI>
    <SUD_ACQUISTI>3096,172000</SUD_ACQUISTI>
    <AUST_ACQUISTI>0,000000</AUST_ACQUISTI>
    <BRNN_ACQUISTI>0,000000</BRNN_ACQUISTI>
    <COAC_ACQUISTI>50,000000</COAC_ACQUISTI>
    <CORS_ACQUISTI>29,000000</CORS_ACQUISTI>
    <FOGN_ACQUISTI>0,000000</FOGN_ACQUISTI>
    <FRAN_ACQUISTI>0,000000</FRAN_ACQUISTI>
    <GREC_ACQUISTI>0,000000</GREC_ACQUISTI>
    <MFTV_ACQUISTI>0,000000</MFTV_ACQUISTI>
    <PRGP_ACQUISTI>0,000000</PRGP_ACQUISTI>
    <ROSN_ACQUISTI>0,000000</ROSN_ACQUISTI>
    <SLOV_ACQUISTI>0,000000</SLOV_ACQUISTI>
    <SVIZ_ACQUISTI>0,000000</SVIZ_ACQUISTI>
    <BSP_ACQUISTI>0,000000</BSP_ACQUISTI>
    <MALT_ACQUISTI>72,000000</MALT_ACQUISTI>
    <XAUS_ACQUISTI>0,000000</XAUS_ACQUISTI>
    <XFRA_ACQUISTI>0,000000</XFRA_ACQUISTI>
    <TOTALE_VENDITE>33177,617</TOTALE_VENDITE>
    <NAT_VENDITE>37415,617000</NAT_VENDITE>
    <CNOR_VENDITE>2285,103000</CNOR_VENDITE>
    <CSUD_VENDITE>3207,098000</CSUD_VENDITE>
    <NORD_VENDITE>17201,175000</NORD_VENDITE>
    <SARD_VENDITE>876,054000</SARD_VENDITE>
    <SICI_VENDITE>1040,896000</SICI_VENDITE>
    <SUD_VENDITE>1697,774000</SUD_VENDITE>
    <AUST_VENDITE>20,000000</AUST_VENDITE>
    <BRNN_VENDITE>1345,588000</BRNN_VENDITE>
    <COAC_VENDITE>0,000000</COAC_VENDITE>
    <CORS_VENDITE>0,000000</CORS_VENDITE>
    <FOGN_VENDITE>809,762000</FOGN_VENDITE>
    <FRAN_VENDITE>99,000000</FRAN_VENDITE>
    <GREC_VENDITE>385,000000</GREC_VENDITE>
    <MFTV_VENDITE>0,000000</MFTV_VENDITE>
    <PRGP_VENDITE>110,098000</PRGP_VENDITE>
    <ROSN_VENDITE>751,069000</ROSN_VENDITE>
    <SLOV_VENDITE>0,000000</SLOV_VENDITE>
    <SVIZ_VENDITE>3349,000000</SVIZ_VENDITE>
    <BSP_VENDITE>744,000000</BSP_VENDITE>
    <MALT_VENDITE>0,000000</MALT_VENDITE>
    <XAUS_VENDITE>295,000000</XAUS_VENDITE>
    <XFRA_VENDITE>3114,000000</XFRA_VENDITE>
    <TOTITABSP_VENDITE>33921,617</TOTITABSP_VENDITE>
    <TOTITABSP_ACQUISTI>37330,617</TOTITABSP_ACQUISTI>
  </Quantita>
  <Quantita>
    <Data>20180419</Data>
    <Mercato>MGP</Mercato>
    <Ora>21</Ora>
    <TOTALE_ACQUISTI>38572,072</TOTALE_ACQUISTI>
    <NAT_ACQUISTI>38642,072000</NAT_ACQUISTI>
    <CNOR_ACQUISTI>4153,107000</CNOR_ACQUISTI>
    <CSUD_ACQUISTI>6238,702000</CSUD_ACQUISTI>
    <NORD_ACQUISTI>21169,221000</NORD_ACQUISTI>
    <SARD_ACQUISTI>1163,184000</SARD_ACQUISTI>
    <SICI_ACQUISTI>2371,421000</SICI_ACQUISTI>
    <SUD_ACQUISTI>3340,437000</SUD_ACQUISTI>
    <AUST_ACQUISTI>0,000000</AUST_ACQUISTI>
    <BRNN_ACQUISTI>0,000000</BRNN_ACQUISTI>
    <COAC_ACQUISTI>45,000000</COAC_ACQUISTI>
    <CORS_ACQUISTI>9,000000</CORS_ACQUISTI>
    <FOGN_ACQUISTI>0,000000</FOGN_ACQUISTI>
    <FRAN_ACQUISTI>0,000000</FRAN_ACQUISTI>
    <GREC_ACQUISTI>0,000000</GREC_ACQUISTI>
    <MFTV_ACQUISTI>0,000000</MFTV_ACQUISTI>
    <PRGP_ACQUISTI>0,000000</PRGP_ACQUISTI>
    <ROSN_ACQUISTI>0,000000</ROSN_ACQUISTI>
    <SLOV_ACQUISTI>0,000000</SLOV_ACQUISTI>
    <SVIZ_ACQUISTI>0,000000</SVIZ_ACQUISTI>
    <BSP_ACQUISTI>0,000000</BSP_ACQUISTI>
    <MALT_ACQUISTI>82,000000</MALT_ACQUISTI>
    <XAUS_ACQUISTI>0,000000</XAUS_ACQUISTI>
    <XFRA_ACQUISTI>0,000000</XFRA_ACQUISTI>
    <TOTALE_VENDITE>34419,072</TOTALE_VENDITE>
    <NAT_VENDITE>38642,072000</NAT_VENDITE>
    <CNOR_VENDITE>2343,438000</CNOR_VENDITE>
    <CSUD_VENDITE>3190,981000</CSUD_VENDITE>
    <NORD_VENDITE>17457,890000</NORD_VENDITE>
    <SARD_VENDITE>864,733000</SARD_VENDITE>
    <SICI_VENDITE>1029,421000</SICI_VENDITE>
    <SUD_VENDITE>1713,273000</SUD_VENDITE>
    <AUST_VENDITE>20,000000</AUST_VENDITE>
    <BRNN_VENDITE>1896,782000</BRNN_VENDITE>
    <COAC_VENDITE>0,000000</COAC_VENDITE>
    <CORS_VENDITE>0,000000</CORS_VENDITE>
    <FOGN_VENDITE>970,524000</FOGN_VENDITE>
    <FRAN_VENDITE>99,000000</FRAN_VENDITE>
    <GREC_VENDITE>410,000000</GREC_VENDITE>
    <MFTV_VENDITE>0,000000</MFTV_VENDITE>
    <PRGP_VENDITE>324,000000</PRGP_VENDITE>
    <ROSN_VENDITE>750,030000</ROSN_VENDITE>
    <SLOV_VENDITE>0,000000</SLOV_VENDITE>
    <SVIZ_VENDITE>3349,000000</SVIZ_VENDITE>
    <BSP_VENDITE>744,000000</BSP_VENDITE>
    <MALT_VENDITE>0,000000</MALT_VENDITE>
    <XAUS_VENDITE>295,000000</XAUS_VENDITE>
    <XFRA_VENDITE>3114,000000</XFRA_VENDITE>
    <TOTITABSP_VENDITE>35163,072</TOTITABSP_VENDITE>
    <TOTITABSP_ACQUISTI>38572,072</TOTITABSP_ACQUISTI>
  </Quantita>
  <Quantita>
    <Data>20180419</Data>
    <Mercato>MGP</Mercato>
    <Ora>22</Ora>
    <TOTALE_ACQUISTI>36360,824</TOTALE_ACQUISTI>
    <NAT_ACQUISTI>36445,824000</NAT_ACQUISTI>
    <CNOR_ACQUISTI>3917,707000</CNOR_ACQUISTI>
    <CSUD_ACQUISTI>5832,996000</CSUD_ACQUISTI>
    <NORD_ACQUISTI>20040,520000</NORD_ACQUISTI>
    <SARD_ACQUISTI>1104,908000</SARD_ACQUISTI>
    <SICI_ACQUISTI>2242,333000</SICI_ACQUISTI>
    <SUD_ACQUISTI>3105,360000</SUD_ACQUISTI>
    <AUST_ACQUISTI>0,000000</AUST_ACQUISTI>
    <BRNN_ACQUISTI>0,000000</BRNN_ACQUISTI>
    <COAC_ACQUISTI>31,000000</COAC_ACQUISTI>
    <CORS_ACQUISTI>9,000000</CORS_ACQUISTI>
    <FOGN_ACQUISTI>0,000000</FOGN_ACQUISTI>
    <FRAN_ACQUISTI>0,000000</FRAN_ACQUISTI>
    <GREC_ACQUISTI>35,000000</GREC_ACQUISTI>
    <MFTV_ACQUISTI>0,000000</MFTV_ACQUISTI>
    <PRGP_ACQUISTI>0,000000</PRGP_ACQUISTI>
    <ROSN_ACQUISTI>0,000000</ROSN_ACQUISTI>
    <SLOV_ACQUISTI>0,000000</SLOV_ACQUISTI>
    <SVIZ_ACQUISTI>0,000000</SVIZ_ACQUISTI>
    <BSP_ACQUISTI>0,000000</BSP_ACQUISTI>
    <MALT_ACQUISTI>42,000000</MALT_ACQUISTI>
    <XAUS_ACQUISTI>0,000000</XAUS_ACQUISTI>
    <XFRA_ACQUISTI>0,000000</XFRA_ACQUISTI>
    <TOTALE_VENDITE>32166,824</TOTALE_VENDITE>
    <NAT_VENDITE>36445,824000</NAT_VENDITE>
    <CNOR_VENDITE>2154,422000</CNOR_VENDITE>
    <CSUD_VENDITE>3090,203000</CSUD_VENDITE>
    <NORD_VENDITE>16346,520000</NORD_VENDITE>
    <SARD_VENDITE>861,052000</SARD_VENDITE>
    <SICI_VENDITE>1045,195000</SICI_VENDITE>
    <SUD_VENDITE>1819,372000</SUD_VENDITE>
    <AUST_VENDITE>20,000000</AUST_VENDITE>
    <BRNN_VENDITE>1361,956000</BRNN_VENDITE>
    <COAC_VENDITE>0,000000</COAC_VENDITE>
    <CORS_VENDITE>0,000000</CORS_VENDITE>
    <FOGN_VENDITE>724,689000</FOGN_VENDITE>
    <FRAN_VENDITE>99,000000</FRAN_VENDITE>
    <GREC_VENDITE>373,000000</GREC_VENDITE>
    <MFTV_VENDITE>0,000000</MFTV_VENDITE>
    <PRGP_VENDITE>139,138000</PRGP_VENDITE>
    <ROSN_VENDITE>751,277000</ROSN_VENDITE>
    <SLOV_VENDITE>0,000000</SLOV_VENDITE>
    <SVIZ_VENDITE>3381,000000</SVIZ_VENDITE>
    <BSP_VENDITE>752,000000</BSP_VENDITE>
    <MALT_VENDITE>0,000000</MALT_VENDITE>
    <XAUS_VENDITE>295,000000</XAUS_VENDITE>
    <XFRA_VENDITE>3147,000000</XFRA_VENDITE>
    <TOTITABSP_VENDITE>32918,824</TOTITABSP_VENDITE>
    <TOTITABSP_ACQUISTI>36360,824</TOTITABSP_ACQUISTI>
  </Quantita>
  <Quantita>
    <Data>20180419</Data>
    <Mercato>MGP</Mercato>
    <Ora>23</Ora>
    <TOTALE_ACQUISTI>33245,151</TOTALE_ACQUISTI>
    <NAT_ACQUISTI>33287,945000</NAT_ACQUISTI>
    <CNOR_ACQUISTI>3524,515000</CNOR_ACQUISTI>
    <CSUD_ACQUISTI>5271,450000</CSUD_ACQUISTI>
    <NORD_ACQUISTI>18115,740000</NORD_ACQUISTI>
    <SARD_ACQUISTI>1007,098000</SARD_ACQUISTI>
    <SICI_ACQUISTI>2042,970000</SICI_ACQUISTI>
    <SUD_ACQUISTI>2801,172000</SUD_ACQUISTI>
    <AUST_ACQUISTI>0,000000</AUST_ACQUISTI>
    <BRNN_ACQUISTI>0,000000</BRNN_ACQUISTI>
    <COAC_ACQUISTI>34,000000</COAC_ACQUISTI>
    <CORS_ACQUISTI>9,000000</CORS_ACQUISTI>
    <FOGN_ACQUISTI>0,000000</FOGN_ACQUISTI>
    <FRAN_ACQUISTI>0,000000</FRAN_ACQUISTI>
    <GREC_ACQUISTI>369,000000</GREC_ACQUISTI>
    <MFTV_ACQUISTI>0,000000</MFTV_ACQUISTI>
    <PRGP_ACQUISTI>0,000000</PRGP_ACQUISTI>
    <ROSN_ACQUISTI>0,000000</ROSN_ACQUISTI>
    <SLOV_ACQUISTI>0,000000</SLOV_ACQUISTI>
    <SVIZ_ACQUISTI>0,000000</SVIZ_ACQUISTI>
    <BSP_ACQUISTI>0,000000</BSP_ACQUISTI>
    <MALT_ACQUISTI>70,206000</MALT_ACQUISTI>
    <XAUS_ACQUISTI>0,000000</XAUS_ACQUISTI>
    <XFRA_ACQUISTI>0,000000</XFRA_ACQUISTI>
    <TOTALE_VENDITE>29051,151</TOTALE_VENDITE>
    <NAT_VENDITE>33287,945000</NAT_VENDITE>
    <CNOR_VENDITE>2018,544000</CNOR_VENDITE>
    <CSUD_VENDITE>3065,505000</CSUD_VENDITE>
    <NORD_VENDITE>14121,740000</NORD_VENDITE>
    <SARD_VENDITE>815,309000</SARD_VENDITE>
    <SICI_VENDITE>903,176000</SICI_VENDITE>
    <SUD_VENDITE>1897,648000</SUD_VENDITE>
    <AUST_VENDITE>20,000000</AUST_VENDITE>
    <BRNN_VENDITE>1232,372000</BRNN_VENDITE>
    <COAC_VENDITE>0,000000</COAC_VENDITE>
    <CORS_VENDITE>0,000000</CORS_VENDITE>
    <FOGN_VENDITE>349,105000</FOGN_VENDITE>
    <FRAN_VENDITE>99,000000</FRAN_VENDITE>
    <GREC_VENDITE>285,000000</GREC_VENDITE>
    <MFTV_VENDITE>0,000000</MFTV_VENDITE>
    <PRGP_VENDITE>110,000000</PRGP_VENDITE>
    <ROSN_VENDITE>752,752000</ROSN_VENDITE>
    <SLOV_VENDITE>0,000000</SLOV_VENDITE>
    <SVIZ_VENDITE>3381,000000</SVIZ_VENDITE>
    <BSP_VENDITE>752,000000</BSP_VENDITE>
    <MALT_VENDITE>0,000000</MALT_VENDITE>
    <XAUS_VENDITE>295,000000</XAUS_VENDITE>
    <XFRA_VENDITE>3147,000000</XFRA_VENDITE>
    <TOTITABSP_VENDITE>29803,151</TOTITABSP_VENDITE>
    <TOTITABSP_ACQUISTI>33245,151</TOTITABSP_ACQUISTI>
  </Quantita>
  <Quantita>
    <Data>20180419</Data>
    <Mercato>MGP</Mercato>
    <Ora>24</Ora>
    <TOTALE_ACQUISTI>29883,842</TOTALE_ACQUISTI>
    <NAT_ACQUISTI>29903,842000</NAT_ACQUISTI>
    <CNOR_ACQUISTI>3116,863000</CNOR_ACQUISTI>
    <CSUD_ACQUISTI>4672,893000</CSUD_ACQUISTI>
    <NORD_ACQUISTI>16492,017000</NORD_ACQUISTI>
    <SARD_ACQUISTI>927,030000</SARD_ACQUISTI>
    <SICI_ACQUISTI>1844,406000</SICI_ACQUISTI>
    <SUD_ACQUISTI>2490,633000</SUD_ACQUISTI>
    <AUST_ACQUISTI>0,000000</AUST_ACQUISTI>
    <BRNN_ACQUISTI>0,000000</BRNN_ACQUISTI>
    <COAC_ACQUISTI>35,000000</COAC_ACQUISTI>
    <CORS_ACQUISTI>9,000000</CORS_ACQUISTI>
    <FOGN_ACQUISTI>0,000000</FOGN_ACQUISTI>
    <FRAN_ACQUISTI>0,000000</FRAN_ACQUISTI>
    <GREC_ACQUISTI>229,000000</GREC_ACQUISTI>
    <MFTV_ACQUISTI>0,000000</MFTV_ACQUISTI>
    <PRGP_ACQUISTI>0,000000</PRGP_ACQUISTI>
    <ROSN_ACQUISTI>0,000000</ROSN_ACQUISTI>
    <SLOV_ACQUISTI>0,000000</SLOV_ACQUISTI>
    <SVIZ_ACQUISTI>0,000000</SVIZ_ACQUISTI>
    <BSP_ACQUISTI>0,000000</BSP_ACQUISTI>
    <MALT_ACQUISTI>67,000000</MALT_ACQUISTI>
    <XAUS_ACQUISTI>0,000000</XAUS_ACQUISTI>
    <XFRA_ACQUISTI>0,000000</XFRA_ACQUISTI>
    <TOTALE_VENDITE>25972,842</TOTALE_VENDITE>
    <NAT_VENDITE>29903,842000</NAT_VENDITE>
    <CNOR_VENDITE>1837,267000</CNOR_VENDITE>
    <CSUD_VENDITE>1895,779000</CSUD_VENDITE>
    <NORD_VENDITE>13301,613000</NORD_VENDITE>
    <SARD_VENDITE>780,181000</SARD_VENDITE>
    <SICI_VENDITE>811,406000</SICI_VENDITE>
    <SUD_VENDITE>2017,346000</SUD_VENDITE>
    <AUST_VENDITE>20,000000</AUST_VENDITE>
    <BRNN_VENDITE>1123,544000</BRNN_VENDITE>
    <COAC_VENDITE>0,000000</COAC_VENDITE>
    <CORS_VENDITE>0,000000</CORS_VENDITE>
    <FOGN_VENDITE>276,811000</FOGN_VENDITE>
    <FRAN_VENDITE>99,000000</FRAN_VENDITE>
    <GREC_VENDITE>382,000000</GREC_VENDITE>
    <MFTV_VENDITE>0,000000</MFTV_VENDITE>
    <PRGP_VENDITE>0,000000</PRGP_VENDITE>
    <ROSN_VENDITE>587,895000</ROSN_VENDITE>
    <SLOV_VENDITE>0,000000</SLOV_VENDITE>
    <SVIZ_VENDITE>2840,000000</SVIZ_VENDITE>
    <BSP_VENDITE>641,000000</BSP_VENDITE>
    <MALT_VENDITE>0,000000</MALT_VENDITE>
    <XAUS_VENDITE>275,000000</XAUS_VENDITE>
    <XFRA_VENDITE>2995,000000</XFRA_VENDITE>
    <TOTITABSP_VENDITE>26613,842</TOTITABSP_VENDITE>
    <TOTITABSP_ACQUISTI>29883,842</TOTITABSP_ACQUISTI>
  </Quantita>
</NewDataSet>