<?xml version="1.0" standalone="yes"?>
<NewDataSet>
  <xs:schema id="NewDataSet" xmlns="" xmlns:xs="http://www.w3.org/2001/XMLSchema" xmlns:msdata="urn:schemas-microsoft-com:xml-msdata">
    <xs:element name="NewDataSet" msdata:IsDataSet="true" msdata:UseCurrentLocale="true">
      <xs:complexType>
        <xs:choice minOccurs="0" maxOccurs="unbounded">
          <xs:element name="Quantita">
            <xs:complexType>
              <xs:sequence>
                <xs:element name="Data" type="xs:string" minOccurs="0" />
                <xs:element name="Mercato" type="xs:string" minOccurs="0" />
                <xs:element name="Ora" type="xs:string" minOccurs="0" />
                <xs:element name="TOTALE_ACQUISTI" type="xs:string" minOccurs="0" />
                <xs:element name="NAT_ACQUISTI" type="xs:string" minOccurs="0" />
                <xs:element name="CNOR_ACQUISTI" type="xs:string" minOccurs="0" />
                <xs:element name="CSUD_ACQUISTI" type="xs:string" minOccurs="0" />
                <xs:element name="NORD_ACQUISTI" type="xs:string" minOccurs="0" />
                <xs:element name="SARD_ACQUISTI" type="xs:string" minOccurs="0" />
                <xs:element name="SICI_ACQUISTI" type="xs:string" minOccurs="0" />
                <xs:element name="SUD_ACQUISTI" type="xs:string" minOccurs="0" />
                <xs:element name="AUST_ACQUISTI" type="xs:string" minOccurs="0" />
                <xs:element name="BRNN_ACQUISTI" type="xs:string" minOccurs="0" />
                <xs:element name="COAC_ACQUISTI" type="xs:string" minOccurs="0" />
                <xs:element name="CORS_ACQUISTI" type="xs:string" minOccurs="0" />
                <xs:element name="FOGN_ACQUISTI" type="xs:string" minOccurs="0" />
                <xs:element name="FRAN_ACQUISTI" type="xs:string" minOccurs="0" />
                <xs:element name="GREC_ACQUISTI" type="xs:string" minOccurs="0" />
                <xs:element name="MFTV_ACQUISTI" type="xs:string" minOccurs="0" />
                <xs:element name="PRGP_ACQUISTI" type="xs:string" minOccurs="0" />
                <xs:element name="ROSN_ACQUISTI" type="xs:string" minOccurs="0" />
                <xs:element name="SLOV_ACQUISTI" type="xs:string" minOccurs="0" />
                <xs:element name="SVIZ_ACQUISTI" type="xs:string" minOccurs="0" />
                <xs:element name="BSP_ACQUISTI" type="xs:string" minOccurs="0" />
                <xs:element name="MALT_ACQUISTI" type="xs:string" minOccurs="0" />
                <xs:element name="XAUS_ACQUISTI" type="xs:string" minOccurs="0" />
                <xs:element name="XFRA_ACQUISTI" type="xs:string" minOccurs="0" />
                <xs:element name="TOTALE_VENDITE" type="xs:string" minOccurs="0" />
                <xs:element name="NAT_VENDITE" type="xs:string" minOccurs="0" />
                <xs:element name="CNOR_VENDITE" type="xs:string" minOccurs="0" />
                <xs:element name="CSUD_VENDITE" type="xs:string" minOccurs="0" />
                <xs:element name="NORD_VENDITE" type="xs:string" minOccurs="0" />
                <xs:element name="SARD_VENDITE" type="xs:string" minOccurs="0" />
                <xs:element name="SICI_VENDITE" type="xs:string" minOccurs="0" />
                <xs:element name="SUD_VENDITE" type="xs:string" minOccurs="0" />
                <xs:element name="AUST_VENDITE" type="xs:string" minOccurs="0" />
                <xs:element name="BRNN_VENDITE" type="xs:string" minOccurs="0" />
                <xs:element name="COAC_VENDITE" type="xs:string" minOccurs="0" />
                <xs:element name="CORS_VENDITE" type="xs:string" minOccurs="0" />
                <xs:element name="FOGN_VENDITE" type="xs:string" minOccurs="0" />
                <xs:element name="FRAN_VENDITE" type="xs:string" minOccurs="0" />
                <xs:element name="GREC_VENDITE" type="xs:string" minOccurs="0" />
                <xs:element name="MFTV_VENDITE" type="xs:string" minOccurs="0" />
                <xs:element name="PRGP_VENDITE" type="xs:string" minOccurs="0" />
                <xs:element name="ROSN_VENDITE" type="xs:string" minOccurs="0" />
                <xs:element name="SLOV_VENDITE" type="xs:string" minOccurs="0" />
                <xs:element name="SVIZ_VENDITE" type="xs:string" minOccurs="0" />
                <xs:element name="BSP_VENDITE" type="xs:string" minOccurs="0" />
                <xs:element name="MALT_VENDITE" type="xs:string" minOccurs="0" />
                <xs:element name="XAUS_VENDITE" type="xs:string" minOccurs="0" />
                <xs:element name="XFRA_VENDITE" type="xs:string" minOccurs="0" />
                <xs:element name="TOTITABSP_VENDITE" msdata:ReadOnly="true" msdata:Expression="Convert(TOTALE_VENDITE, System.Double) + Convert(BSP_VENDITE,System.Double)" type="xs:string" minOccurs="0" />
                <xs:element name="TOTITABSP_ACQUISTI" msdata:ReadOnly="true" msdata:Expression="Convert(TOTALE_ACQUISTI, System.Double) + Convert(BSP_ACQUISTI, System.Double)" type="xs:string" minOccurs="0" />
              </xs:sequence>
            </xs:complexType>
          </xs:element>
        </xs:choice>
      </xs:complexType>
    </xs:element>
  </xs:schema>
  <Quantita>
    <Data>20180425</Data>
    <Mercato>MGP</Mercato>
    <Ora>1</Ora>
    <TOTALE_ACQUISTI>25383,098</TOTALE_ACQUISTI>
    <NAT_ACQUISTI>25383,098000</NAT_ACQUISTI>
    <CNOR_ACQUISTI>2722,749000</CNOR_ACQUISTI>
    <CSUD_ACQUISTI>3991,967000</CSUD_ACQUISTI>
    <NORD_ACQUISTI>13888,617000</NORD_ACQUISTI>
    <SARD_ACQUISTI>859,243000</SARD_ACQUISTI>
    <SICI_ACQUISTI>1615,351000</SICI_ACQUISTI>
    <SUD_ACQUISTI>2243,171000</SUD_ACQUISTI>
    <AUST_ACQUISTI>0,000000</AUST_ACQUISTI>
    <BRNN_ACQUISTI>0,000000</BRNN_ACQUISTI>
    <COAC_ACQUISTI>0,000000</COAC_ACQUISTI>
    <CORS_ACQUISTI>7,000000</CORS_ACQUISTI>
    <FOGN_ACQUISTI>0,000000</FOGN_ACQUISTI>
    <FRAN_ACQUISTI>0,000000</FRAN_ACQUISTI>
    <GREC_ACQUISTI>0,000000</GREC_ACQUISTI>
    <MFTV_ACQUISTI>0,000000</MFTV_ACQUISTI>
    <PRGP_ACQUISTI>0,000000</PRGP_ACQUISTI>
    <ROSN_ACQUISTI>0,000000</ROSN_ACQUISTI>
    <SLOV_ACQUISTI>0,000000</SLOV_ACQUISTI>
    <SVIZ_ACQUISTI>0,000000</SVIZ_ACQUISTI>
    <BSP_ACQUISTI>0,000000</BSP_ACQUISTI>
    <MALT_ACQUISTI>55,000000</MALT_ACQUISTI>
    <XAUS_ACQUISTI>0,000000</XAUS_ACQUISTI>
    <XFRA_ACQUISTI>0,000000</XFRA_ACQUISTI>
    <TOTALE_VENDITE>22995,098</TOTALE_VENDITE>
    <NAT_VENDITE>25383,098000</NAT_VENDITE>
    <CNOR_VENDITE>1534,150000</CNOR_VENDITE>
    <CSUD_VENDITE>1712,011000</CSUD_VENDITE>
    <NORD_VENDITE>12477,216000</NORD_VENDITE>
    <SARD_VENDITE>816,346000</SARD_VENDITE>
    <SICI_VENDITE>689,456000</SICI_VENDITE>
    <SUD_VENDITE>922,988000</SUD_VENDITE>
    <AUST_VENDITE>0,000000</AUST_VENDITE>
    <BRNN_VENDITE>1406,773000</BRNN_VENDITE>
    <COAC_VENDITE>0,000000</COAC_VENDITE>
    <CORS_VENDITE>0,000000</CORS_VENDITE>
    <FOGN_VENDITE>2,761000</FOGN_VENDITE>
    <FRAN_VENDITE>99,000000</FRAN_VENDITE>
    <GREC_VENDITE>405,000000</GREC_VENDITE>
    <MFTV_VENDITE>0,000000</MFTV_VENDITE>
    <PRGP_VENDITE>0,000000</PRGP_VENDITE>
    <ROSN_VENDITE>416,397000</ROSN_VENDITE>
    <SLOV_VENDITE>0,000000</SLOV_VENDITE>
    <SVIZ_VENDITE>2513,000000</SVIZ_VENDITE>
    <BSP_VENDITE>433,000000</BSP_VENDITE>
    <MALT_VENDITE>0,000000</MALT_VENDITE>
    <XAUS_VENDITE>187,000000</XAUS_VENDITE>
    <XFRA_VENDITE>1768,000000</XFRA_VENDITE>
    <TOTITABSP_VENDITE>23428,098</TOTITABSP_VENDITE>
    <TOTITABSP_ACQUISTI>25383,098</TOTITABSP_ACQUISTI>
  </Quantita>
  <Quantita>
    <Data>20180425</Data>
    <Mercato>MGP</Mercato>
    <Ora>2</Ora>
    <TOTALE_ACQUISTI>23862,245</TOTALE_ACQUISTI>
    <NAT_ACQUISTI>23959,450000</NAT_ACQUISTI>
    <CNOR_ACQUISTI>2494,392000</CNOR_ACQUISTI>
    <CSUD_ACQUISTI>3668,283000</CSUD_ACQUISTI>
    <NORD_ACQUISTI>13089,683000</NORD_ACQUISTI>
    <SARD_ACQUISTI>812,990000</SARD_ACQUISTI>
    <SICI_ACQUISTI>1489,139000</SICI_ACQUISTI>
    <SUD_ACQUISTI>2071,758000</SUD_ACQUISTI>
    <AUST_ACQUISTI>0,000000</AUST_ACQUISTI>
    <BRNN_ACQUISTI>0,000000</BRNN_ACQUISTI>
    <COAC_ACQUISTI>0,000000</COAC_ACQUISTI>
    <CORS_ACQUISTI>5,000000</CORS_ACQUISTI>
    <FOGN_ACQUISTI>0,000000</FOGN_ACQUISTI>
    <FRAN_ACQUISTI>0,000000</FRAN_ACQUISTI>
    <GREC_ACQUISTI>187,000000</GREC_ACQUISTI>
    <MFTV_ACQUISTI>0,000000</MFTV_ACQUISTI>
    <PRGP_ACQUISTI>0,000000</PRGP_ACQUISTI>
    <ROSN_ACQUISTI>0,000000</ROSN_ACQUISTI>
    <SLOV_ACQUISTI>0,000000</SLOV_ACQUISTI>
    <SVIZ_ACQUISTI>0,000000</SVIZ_ACQUISTI>
    <BSP_ACQUISTI>0,000000</BSP_ACQUISTI>
    <MALT_ACQUISTI>44,000000</MALT_ACQUISTI>
    <XAUS_ACQUISTI>0,000000</XAUS_ACQUISTI>
    <XFRA_ACQUISTI>0,000000</XFRA_ACQUISTI>
    <TOTALE_VENDITE>21474,245</TOTALE_VENDITE>
    <NAT_VENDITE>23959,450000</NAT_VENDITE>
    <CNOR_VENDITE>1425,994000</CNOR_VENDITE>
    <CSUD_VENDITE>1132,910000</CSUD_VENDITE>
    <NORD_VENDITE>11558,081000</NORD_VENDITE>
    <SARD_VENDITE>821,718000</SARD_VENDITE>
    <SICI_VENDITE>704,332000</SICI_VENDITE>
    <SUD_VENDITE>916,282000</SUD_VENDITE>
    <AUST_VENDITE>0,000000</AUST_VENDITE>
    <BRNN_VENDITE>1423,188000</BRNN_VENDITE>
    <COAC_VENDITE>0,000000</COAC_VENDITE>
    <CORS_VENDITE>0,000000</CORS_VENDITE>
    <FOGN_VENDITE>3,301000</FOGN_VENDITE>
    <FRAN_VENDITE>99,000000</FRAN_VENDITE>
    <GREC_VENDITE>468,000000</GREC_VENDITE>
    <MFTV_VENDITE>0,000000</MFTV_VENDITE>
    <PRGP_VENDITE>0,000000</PRGP_VENDITE>
    <ROSN_VENDITE>408,439000</ROSN_VENDITE>
    <SLOV_VENDITE>0,000000</SLOV_VENDITE>
    <SVIZ_VENDITE>2513,000000</SVIZ_VENDITE>
    <BSP_VENDITE>433,000000</BSP_VENDITE>
    <MALT_VENDITE>0,000000</MALT_VENDITE>
    <XAUS_VENDITE>187,000000</XAUS_VENDITE>
    <XFRA_VENDITE>1768,000000</XFRA_VENDITE>
    <TOTITABSP_VENDITE>21907,245</TOTITABSP_VENDITE>
    <TOTITABSP_ACQUISTI>23862,245</TOTITABSP_ACQUISTI>
  </Quantita>
  <Quantita>
    <Data>20180425</Data>
    <Mercato>MGP</Mercato>
    <Ora>3</Ora>
    <TOTALE_ACQUISTI>23008,775</TOTALE_ACQUISTI>
    <NAT_ACQUISTI>23141,307000</NAT_ACQUISTI>
    <CNOR_ACQUISTI>2393,675000</CNOR_ACQUISTI>
    <CSUD_ACQUISTI>3504,016000</CSUD_ACQUISTI>
    <NORD_ACQUISTI>12648,546000</NORD_ACQUISTI>
    <SARD_ACQUISTI>797,809000</SARD_ACQUISTI>
    <SICI_ACQUISTI>1409,906000</SICI_ACQUISTI>
    <SUD_ACQUISTI>1991,531000</SUD_ACQUISTI>
    <AUST_ACQUISTI>0,000000</AUST_ACQUISTI>
    <BRNN_ACQUISTI>0,000000</BRNN_ACQUISTI>
    <COAC_ACQUISTI>0,000000</COAC_ACQUISTI>
    <CORS_ACQUISTI>5,000000</CORS_ACQUISTI>
    <FOGN_ACQUISTI>0,000000</FOGN_ACQUISTI>
    <FRAN_ACQUISTI>0,000000</FRAN_ACQUISTI>
    <GREC_ACQUISTI>218,292000</GREC_ACQUISTI>
    <MFTV_ACQUISTI>0,000000</MFTV_ACQUISTI>
    <PRGP_ACQUISTI>0,000000</PRGP_ACQUISTI>
    <ROSN_ACQUISTI>0,000000</ROSN_ACQUISTI>
    <SLOV_ACQUISTI>0,000000</SLOV_ACQUISTI>
    <SVIZ_ACQUISTI>0,000000</SVIZ_ACQUISTI>
    <BSP_ACQUISTI>0,000000</BSP_ACQUISTI>
    <MALT_ACQUISTI>40,000000</MALT_ACQUISTI>
    <XAUS_ACQUISTI>0,000000</XAUS_ACQUISTI>
    <XFRA_ACQUISTI>0,000000</XFRA_ACQUISTI>
    <TOTALE_VENDITE>20620,775</TOTALE_VENDITE>
    <NAT_VENDITE>23141,307000</NAT_VENDITE>
    <CNOR_VENDITE>1403,564000</CNOR_VENDITE>
    <CSUD_VENDITE>1140,275000</CSUD_VENDITE>
    <NORD_VENDITE>11038,657000</NORD_VENDITE>
    <SARD_VENDITE>822,259000</SARD_VENDITE>
    <SICI_VENDITE>702,104000</SICI_VENDITE>
    <SUD_VENDITE>912,587000</SUD_VENDITE>
    <AUST_VENDITE>0,000000</AUST_VENDITE>
    <BRNN_VENDITE>1296,552000</BRNN_VENDITE>
    <COAC_VENDITE>0,000000</COAC_VENDITE>
    <CORS_VENDITE>0,000000</CORS_VENDITE>
    <FOGN_VENDITE>4,212000</FOGN_VENDITE>
    <FRAN_VENDITE>99,000000</FRAN_VENDITE>
    <GREC_VENDITE>444,000000</GREC_VENDITE>
    <MFTV_VENDITE>0,000000</MFTV_VENDITE>
    <PRGP_VENDITE>0,000000</PRGP_VENDITE>
    <ROSN_VENDITE>244,565000</ROSN_VENDITE>
    <SLOV_VENDITE>0,000000</SLOV_VENDITE>
    <SVIZ_VENDITE>2513,000000</SVIZ_VENDITE>
    <BSP_VENDITE>433,000000</BSP_VENDITE>
    <MALT_VENDITE>0,000000</MALT_VENDITE>
    <XAUS_VENDITE>187,000000</XAUS_VENDITE>
    <XFRA_VENDITE>1768,000000</XFRA_VENDITE>
    <TOTITABSP_VENDITE>21053,775</TOTITABSP_VENDITE>
    <TOTITABSP_ACQUISTI>23008,775</TOTITABSP_ACQUISTI>
  </Quantita>
  <Quantita>
    <Data>20180425</Data>
    <Mercato>MGP</Mercato>
    <Ora>4</Ora>
    <TOTALE_ACQUISTI>22612,897</TOTALE_ACQUISTI>
    <NAT_ACQUISTI>22793,685000</NAT_ACQUISTI>
    <CNOR_ACQUISTI>2339,756000</CNOR_ACQUISTI>
    <CSUD_ACQUISTI>3405,455000</CSUD_ACQUISTI>
    <NORD_ACQUISTI>12372,169000</NORD_ACQUISTI>
    <SARD_ACQUISTI>783,382000</SARD_ACQUISTI>
    <SICI_ACQUISTI>1379,858000</SICI_ACQUISTI>
    <SUD_ACQUISTI>1881,277000</SUD_ACQUISTI>
    <AUST_ACQUISTI>0,000000</AUST_ACQUISTI>
    <BRNN_ACQUISTI>0,000000</BRNN_ACQUISTI>
    <COAC_ACQUISTI>0,000000</COAC_ACQUISTI>
    <CORS_ACQUISTI>5,000000</CORS_ACQUISTI>
    <FOGN_ACQUISTI>0,000000</FOGN_ACQUISTI>
    <FRAN_ACQUISTI>0,000000</FRAN_ACQUISTI>
    <GREC_ACQUISTI>408,000000</GREC_ACQUISTI>
    <MFTV_ACQUISTI>0,000000</MFTV_ACQUISTI>
    <PRGP_ACQUISTI>0,000000</PRGP_ACQUISTI>
    <ROSN_ACQUISTI>0,000000</ROSN_ACQUISTI>
    <SLOV_ACQUISTI>0,000000</SLOV_ACQUISTI>
    <SVIZ_ACQUISTI>0,000000</SVIZ_ACQUISTI>
    <BSP_ACQUISTI>0,000000</BSP_ACQUISTI>
    <MALT_ACQUISTI>38,000000</MALT_ACQUISTI>
    <XAUS_ACQUISTI>0,000000</XAUS_ACQUISTI>
    <XFRA_ACQUISTI>0,000000</XFRA_ACQUISTI>
    <TOTALE_VENDITE>20224,897</TOTALE_VENDITE>
    <NAT_VENDITE>22793,685000</NAT_VENDITE>
    <CNOR_VENDITE>1408,145000</CNOR_VENDITE>
    <CSUD_VENDITE>1176,278000</CSUD_VENDITE>
    <NORD_VENDITE>10703,780000</NORD_VENDITE>
    <SARD_VENDITE>826,317000</SARD_VENDITE>
    <SICI_VENDITE>725,465000</SICI_VENDITE>
    <SUD_VENDITE>970,858000</SUD_VENDITE>
    <AUST_VENDITE>0,000000</AUST_VENDITE>
    <BRNN_VENDITE>1195,589000</BRNN_VENDITE>
    <COAC_VENDITE>0,000000</COAC_VENDITE>
    <CORS_VENDITE>0,000000</CORS_VENDITE>
    <FOGN_VENDITE>5,629000</FOGN_VENDITE>
    <FRAN_VENDITE>99,000000</FRAN_VENDITE>
    <GREC_VENDITE>357,000000</GREC_VENDITE>
    <MFTV_VENDITE>0,000000</MFTV_VENDITE>
    <PRGP_VENDITE>0,000000</PRGP_VENDITE>
    <ROSN_VENDITE>243,836000</ROSN_VENDITE>
    <SLOV_VENDITE>0,000000</SLOV_VENDITE>
    <SVIZ_VENDITE>2513,000000</SVIZ_VENDITE>
    <BSP_VENDITE>433,000000</BSP_VENDITE>
    <MALT_VENDITE>0,000000</MALT_VENDITE>
    <XAUS_VENDITE>187,000000</XAUS_VENDITE>
    <XFRA_VENDITE>1768,000000</XFRA_VENDITE>
    <TOTITABSP_VENDITE>20657,897</TOTITABSP_VENDITE>
    <TOTITABSP_ACQUISTI>22612,897</TOTITABSP_ACQUISTI>
  </Quantita>
  <Quantita>
    <Data>20180425</Data>
    <Mercato>MGP</Mercato>
    <Ora>5</Ora>
    <TOTALE_ACQUISTI>22441,771</TOTALE_ACQUISTI>
    <NAT_ACQUISTI>22496,771000</NAT_ACQUISTI>
    <CNOR_ACQUISTI>2348,172000</CNOR_ACQUISTI>
    <CSUD_ACQUISTI>3378,721000</CSUD_ACQUISTI>
    <NORD_ACQUISTI>12230,802000</NORD_ACQUISTI>
    <SARD_ACQUISTI>778,404000</SARD_ACQUISTI>
    <SICI_ACQUISTI>1363,192000</SICI_ACQUISTI>
    <SUD_ACQUISTI>1857,480000</SUD_ACQUISTI>
    <AUST_ACQUISTI>0,000000</AUST_ACQUISTI>
    <BRNN_ACQUISTI>0,000000</BRNN_ACQUISTI>
    <COAC_ACQUISTI>0,000000</COAC_ACQUISTI>
    <CORS_ACQUISTI>5,000000</CORS_ACQUISTI>
    <FOGN_ACQUISTI>0,000000</FOGN_ACQUISTI>
    <FRAN_ACQUISTI>0,000000</FRAN_ACQUISTI>
    <GREC_ACQUISTI>433,000000</GREC_ACQUISTI>
    <MFTV_ACQUISTI>0,000000</MFTV_ACQUISTI>
    <PRGP_ACQUISTI>0,000000</PRGP_ACQUISTI>
    <ROSN_ACQUISTI>0,000000</ROSN_ACQUISTI>
    <SLOV_ACQUISTI>0,000000</SLOV_ACQUISTI>
    <SVIZ_ACQUISTI>0,000000</SVIZ_ACQUISTI>
    <BSP_ACQUISTI>0,000000</BSP_ACQUISTI>
    <MALT_ACQUISTI>47,000000</MALT_ACQUISTI>
    <XAUS_ACQUISTI>0,000000</XAUS_ACQUISTI>
    <XFRA_ACQUISTI>0,000000</XFRA_ACQUISTI>
    <TOTALE_VENDITE>20822,771</TOTALE_VENDITE>
    <NAT_VENDITE>22496,771000</NAT_VENDITE>
    <CNOR_VENDITE>1417,491000</CNOR_VENDITE>
    <CSUD_VENDITE>1191,205000</CSUD_VENDITE>
    <NORD_VENDITE>12062,483000</NORD_VENDITE>
    <SARD_VENDITE>831,111000</SARD_VENDITE>
    <SICI_VENDITE>691,073000</SICI_VENDITE>
    <SUD_VENDITE>1039,862000</SUD_VENDITE>
    <AUST_VENDITE>0,000000</AUST_VENDITE>
    <BRNN_VENDITE>1195,123000</BRNN_VENDITE>
    <COAC_VENDITE>0,000000</COAC_VENDITE>
    <CORS_VENDITE>0,000000</CORS_VENDITE>
    <FOGN_VENDITE>7,271000</FOGN_VENDITE>
    <FRAN_VENDITE>99,000000</FRAN_VENDITE>
    <GREC_VENDITE>335,000000</GREC_VENDITE>
    <MFTV_VENDITE>0,000000</MFTV_VENDITE>
    <PRGP_VENDITE>0,000000</PRGP_VENDITE>
    <ROSN_VENDITE>172,152000</ROSN_VENDITE>
    <SLOV_VENDITE>0,000000</SLOV_VENDITE>
    <SVIZ_VENDITE>1781,000000</SVIZ_VENDITE>
    <BSP_VENDITE>298,000000</BSP_VENDITE>
    <MALT_VENDITE>0,000000</MALT_VENDITE>
    <XAUS_VENDITE>134,000000</XAUS_VENDITE>
    <XFRA_VENDITE>1187,000000</XFRA_VENDITE>
    <TOTITABSP_VENDITE>21120,771</TOTITABSP_VENDITE>
    <TOTITABSP_ACQUISTI>22441,771</TOTITABSP_ACQUISTI>
  </Quantita>
  <Quantita>
    <Data>20180425</Data>
    <Mercato>MGP</Mercato>
    <Ora>6</Ora>
    <TOTALE_ACQUISTI>22447,005</TOTALE_ACQUISTI>
    <NAT_ACQUISTI>22447,005000</NAT_ACQUISTI>
    <CNOR_ACQUISTI>2343,879000</CNOR_ACQUISTI>
    <CSUD_ACQUISTI>3435,744000</CSUD_ACQUISTI>
    <NORD_ACQUISTI>12296,774000</NORD_ACQUISTI>
    <SARD_ACQUISTI>792,512000</SARD_ACQUISTI>
    <SICI_ACQUISTI>1390,931000</SICI_ACQUISTI>
    <SUD_ACQUISTI>1855,165000</SUD_ACQUISTI>
    <AUST_ACQUISTI>0,000000</AUST_ACQUISTI>
    <BRNN_ACQUISTI>0,000000</BRNN_ACQUISTI>
    <COAC_ACQUISTI>0,000000</COAC_ACQUISTI>
    <CORS_ACQUISTI>5,000000</CORS_ACQUISTI>
    <FOGN_ACQUISTI>0,000000</FOGN_ACQUISTI>
    <FRAN_ACQUISTI>0,000000</FRAN_ACQUISTI>
    <GREC_ACQUISTI>255,000000</GREC_ACQUISTI>
    <MFTV_ACQUISTI>0,000000</MFTV_ACQUISTI>
    <PRGP_ACQUISTI>0,000000</PRGP_ACQUISTI>
    <ROSN_ACQUISTI>0,000000</ROSN_ACQUISTI>
    <SLOV_ACQUISTI>0,000000</SLOV_ACQUISTI>
    <SVIZ_ACQUISTI>0,000000</SVIZ_ACQUISTI>
    <BSP_ACQUISTI>0,000000</BSP_ACQUISTI>
    <MALT_ACQUISTI>72,000000</MALT_ACQUISTI>
    <XAUS_ACQUISTI>0,000000</XAUS_ACQUISTI>
    <XFRA_ACQUISTI>0,000000</XFRA_ACQUISTI>
    <TOTALE_VENDITE>21551,005</TOTALE_VENDITE>
    <NAT_VENDITE>22447,005000</NAT_VENDITE>
    <CNOR_VENDITE>1447,772000</CNOR_VENDITE>
    <CSUD_VENDITE>1195,365000</CSUD_VENDITE>
    <NORD_VENDITE>13244,023000</NORD_VENDITE>
    <SARD_VENDITE>833,738000</SARD_VENDITE>
    <SICI_VENDITE>691,548000</SICI_VENDITE>
    <SUD_VENDITE>1134,519000</SUD_VENDITE>
    <AUST_VENDITE>0,000000</AUST_VENDITE>
    <BRNN_VENDITE>1321,679000</BRNN_VENDITE>
    <COAC_VENDITE>0,000000</COAC_VENDITE>
    <CORS_VENDITE>0,000000</CORS_VENDITE>
    <FOGN_VENDITE>8,325000</FOGN_VENDITE>
    <FRAN_VENDITE>99,000000</FRAN_VENDITE>
    <GREC_VENDITE>329,000000</GREC_VENDITE>
    <MFTV_VENDITE>0,000000</MFTV_VENDITE>
    <PRGP_VENDITE>0,000000</PRGP_VENDITE>
    <ROSN_VENDITE>241,036000</ROSN_VENDITE>
    <SLOV_VENDITE>0,000000</SLOV_VENDITE>
    <SVIZ_VENDITE>1005,000000</SVIZ_VENDITE>
    <BSP_VENDITE>173,000000</BSP_VENDITE>
    <MALT_VENDITE>0,000000</MALT_VENDITE>
    <XAUS_VENDITE>75,000000</XAUS_VENDITE>
    <XFRA_VENDITE>648,000000</XFRA_VENDITE>
    <TOTITABSP_VENDITE>21724,005</TOTITABSP_VENDITE>
    <TOTITABSP_ACQUISTI>22447,005</TOTITABSP_ACQUISTI>
  </Quantita>
  <Quantita>
    <Data>20180425</Data>
    <Mercato>MGP</Mercato>
    <Ora>7</Ora>
    <TOTALE_ACQUISTI>22220,014</TOTALE_ACQUISTI>
    <NAT_ACQUISTI>22220,014000</NAT_ACQUISTI>
    <CNOR_ACQUISTI>2302,164000</CNOR_ACQUISTI>
    <CSUD_ACQUISTI>3378,842000</CSUD_ACQUISTI>
    <NORD_ACQUISTI>12068,597000</NORD_ACQUISTI>
    <SARD_ACQUISTI>807,688000</SARD_ACQUISTI>
    <SICI_ACQUISTI>1349,759000</SICI_ACQUISTI>
    <SUD_ACQUISTI>1757,964000</SUD_ACQUISTI>
    <AUST_ACQUISTI>0,000000</AUST_ACQUISTI>
    <BRNN_ACQUISTI>0,000000</BRNN_ACQUISTI>
    <COAC_ACQUISTI>0,000000</COAC_ACQUISTI>
    <CORS_ACQUISTI>5,000000</CORS_ACQUISTI>
    <FOGN_ACQUISTI>0,000000</FOGN_ACQUISTI>
    <FRAN_ACQUISTI>0,000000</FRAN_ACQUISTI>
    <GREC_ACQUISTI>438,000000</GREC_ACQUISTI>
    <MFTV_ACQUISTI>0,000000</MFTV_ACQUISTI>
    <PRGP_ACQUISTI>0,000000</PRGP_ACQUISTI>
    <ROSN_ACQUISTI>0,000000</ROSN_ACQUISTI>
    <SLOV_ACQUISTI>0,000000</SLOV_ACQUISTI>
    <SVIZ_ACQUISTI>0,000000</SVIZ_ACQUISTI>
    <BSP_ACQUISTI>0,000000</BSP_ACQUISTI>
    <MALT_ACQUISTI>112,000000</MALT_ACQUISTI>
    <XAUS_ACQUISTI>0,000000</XAUS_ACQUISTI>
    <XFRA_ACQUISTI>0,000000</XFRA_ACQUISTI>
    <TOTALE_VENDITE>21324,014</TOTALE_VENDITE>
    <NAT_VENDITE>22220,014000</NAT_VENDITE>
    <CNOR_VENDITE>1493,769000</CNOR_VENDITE>
    <CSUD_VENDITE>1206,897000</CSUD_VENDITE>
    <NORD_VENDITE>13072,415000</NORD_VENDITE>
    <SARD_VENDITE>829,668000</SARD_VENDITE>
    <SICI_VENDITE>691,476000</SICI_VENDITE>
    <SUD_VENDITE>1104,358000</SUD_VENDITE>
    <AUST_VENDITE>0,000000</AUST_VENDITE>
    <BRNN_VENDITE>1287,411000</BRNN_VENDITE>
    <COAC_VENDITE>0,000000</COAC_VENDITE>
    <CORS_VENDITE>0,000000</CORS_VENDITE>
    <FOGN_VENDITE>108,345000</FOGN_VENDITE>
    <FRAN_VENDITE>99,000000</FRAN_VENDITE>
    <GREC_VENDITE>185,000000</GREC_VENDITE>
    <MFTV_VENDITE>0,000000</MFTV_VENDITE>
    <PRGP_VENDITE>0,279000</PRGP_VENDITE>
    <ROSN_VENDITE>240,396000</ROSN_VENDITE>
    <SLOV_VENDITE>0,000000</SLOV_VENDITE>
    <SVIZ_VENDITE>1005,000000</SVIZ_VENDITE>
    <BSP_VENDITE>173,000000</BSP_VENDITE>
    <MALT_VENDITE>0,000000</MALT_VENDITE>
    <XAUS_VENDITE>75,000000</XAUS_VENDITE>
    <XFRA_VENDITE>648,000000</XFRA_VENDITE>
    <TOTITABSP_VENDITE>21497,014</TOTITABSP_VENDITE>
    <TOTITABSP_ACQUISTI>22220,014</TOTITABSP_ACQUISTI>
  </Quantita>
  <Quantita>
    <Data>20180425</Data>
    <Mercato>MGP</Mercato>
    <Ora>8</Ora>
    <TOTALE_ACQUISTI>23214,952</TOTALE_ACQUISTI>
    <NAT_ACQUISTI>23214,952000</NAT_ACQUISTI>
    <CNOR_ACQUISTI>2473,324000</CNOR_ACQUISTI>
    <CSUD_ACQUISTI>3603,459000</CSUD_ACQUISTI>
    <NORD_ACQUISTI>12363,750000</NORD_ACQUISTI>
    <SARD_ACQUISTI>851,004000</SARD_ACQUISTI>
    <SICI_ACQUISTI>1487,762000</SICI_ACQUISTI>
    <SUD_ACQUISTI>1854,653000</SUD_ACQUISTI>
    <AUST_ACQUISTI>0,000000</AUST_ACQUISTI>
    <BRNN_ACQUISTI>0,000000</BRNN_ACQUISTI>
    <COAC_ACQUISTI>0,000000</COAC_ACQUISTI>
    <CORS_ACQUISTI>5,000000</CORS_ACQUISTI>
    <FOGN_ACQUISTI>0,000000</FOGN_ACQUISTI>
    <FRAN_ACQUISTI>0,000000</FRAN_ACQUISTI>
    <GREC_ACQUISTI>440,000000</GREC_ACQUISTI>
    <MFTV_ACQUISTI>0,000000</MFTV_ACQUISTI>
    <PRGP_ACQUISTI>0,000000</PRGP_ACQUISTI>
    <ROSN_ACQUISTI>0,000000</ROSN_ACQUISTI>
    <SLOV_ACQUISTI>0,000000</SLOV_ACQUISTI>
    <SVIZ_ACQUISTI>0,000000</SVIZ_ACQUISTI>
    <BSP_ACQUISTI>0,000000</BSP_ACQUISTI>
    <MALT_ACQUISTI>136,000000</MALT_ACQUISTI>
    <XAUS_ACQUISTI>0,000000</XAUS_ACQUISTI>
    <XFRA_ACQUISTI>0,000000</XFRA_ACQUISTI>
    <TOTALE_VENDITE>22318,952</TOTALE_VENDITE>
    <NAT_VENDITE>23214,952000</NAT_VENDITE>
    <CNOR_VENDITE>1699,486000</CNOR_VENDITE>
    <CSUD_VENDITE>1281,619000</CSUD_VENDITE>
    <NORD_VENDITE>13357,559000</NORD_VENDITE>
    <SARD_VENDITE>845,541000</SARD_VENDITE>
    <SICI_VENDITE>773,329000</SICI_VENDITE>
    <SUD_VENDITE>1262,307000</SUD_VENDITE>
    <AUST_VENDITE>0,000000</AUST_VENDITE>
    <BRNN_VENDITE>1358,670000</BRNN_VENDITE>
    <COAC_VENDITE>0,000000</COAC_VENDITE>
    <CORS_VENDITE>0,000000</CORS_VENDITE>
    <FOGN_VENDITE>108,028000</FOGN_VENDITE>
    <FRAN_VENDITE>99,000000</FRAN_VENDITE>
    <GREC_VENDITE>124,000000</GREC_VENDITE>
    <MFTV_VENDITE>0,000000</MFTV_VENDITE>
    <PRGP_VENDITE>1,826000</PRGP_VENDITE>
    <ROSN_VENDITE>402,587000</ROSN_VENDITE>
    <SLOV_VENDITE>0,000000</SLOV_VENDITE>
    <SVIZ_VENDITE>1005,000000</SVIZ_VENDITE>
    <BSP_VENDITE>173,000000</BSP_VENDITE>
    <MALT_VENDITE>0,000000</MALT_VENDITE>
    <XAUS_VENDITE>75,000000</XAUS_VENDITE>
    <XFRA_VENDITE>648,000000</XFRA_VENDITE>
    <TOTITABSP_VENDITE>22491,952</TOTITABSP_VENDITE>
    <TOTITABSP_ACQUISTI>23214,952</TOTITABSP_ACQUISTI>
  </Quantita>
  <Quantita>
    <Data>20180425</Data>
    <Mercato>MGP</Mercato>
    <Ora>9</Ora>
    <TOTALE_ACQUISTI>24771,617</TOTALE_ACQUISTI>
    <NAT_ACQUISTI>24771,617000</NAT_ACQUISTI>
    <CNOR_ACQUISTI>2597,740000</CNOR_ACQUISTI>
    <CSUD_ACQUISTI>3962,957000</CSUD_ACQUISTI>
    <NORD_ACQUISTI>13127,747000</NORD_ACQUISTI>
    <SARD_ACQUISTI>895,987000</SARD_ACQUISTI>
    <SICI_ACQUISTI>1617,793000</SICI_ACQUISTI>
    <SUD_ACQUISTI>2018,393000</SUD_ACQUISTI>
    <AUST_ACQUISTI>0,000000</AUST_ACQUISTI>
    <BRNN_ACQUISTI>0,000000</BRNN_ACQUISTI>
    <COAC_ACQUISTI>0,000000</COAC_ACQUISTI>
    <CORS_ACQUISTI>5,000000</CORS_ACQUISTI>
    <FOGN_ACQUISTI>0,000000</FOGN_ACQUISTI>
    <FRAN_ACQUISTI>0,000000</FRAN_ACQUISTI>
    <GREC_ACQUISTI>405,000000</GREC_ACQUISTI>
    <MFTV_ACQUISTI>0,000000</MFTV_ACQUISTI>
    <PRGP_ACQUISTI>0,000000</PRGP_ACQUISTI>
    <ROSN_ACQUISTI>0,000000</ROSN_ACQUISTI>
    <SLOV_ACQUISTI>0,000000</SLOV_ACQUISTI>
    <SVIZ_ACQUISTI>0,000000</SVIZ_ACQUISTI>
    <BSP_ACQUISTI>0,000000</BSP_ACQUISTI>
    <MALT_ACQUISTI>141,000000</MALT_ACQUISTI>
    <XAUS_ACQUISTI>0,000000</XAUS_ACQUISTI>
    <XFRA_ACQUISTI>0,000000</XFRA_ACQUISTI>
    <TOTALE_VENDITE>23875,617</TOTALE_VENDITE>
    <NAT_VENDITE>24771,617000</NAT_VENDITE>
    <CNOR_VENDITE>1951,642000</CNOR_VENDITE>
    <CSUD_VENDITE>1706,857000</CSUD_VENDITE>
    <NORD_VENDITE>13677,621000</NORD_VENDITE>
    <SARD_VENDITE>915,165000</SARD_VENDITE>
    <SICI_VENDITE>920,786000</SICI_VENDITE>
    <SUD_VENDITE>1818,372000</SUD_VENDITE>
    <AUST_VENDITE>0,000000</AUST_VENDITE>
    <BRNN_VENDITE>1291,530000</BRNN_VENDITE>
    <COAC_VENDITE>0,000000</COAC_VENDITE>
    <CORS_VENDITE>0,000000</CORS_VENDITE>
    <FOGN_VENDITE>108,550000</FOGN_VENDITE>
    <FRAN_VENDITE>99,000000</FRAN_VENDITE>
    <GREC_VENDITE>153,000000</GREC_VENDITE>
    <MFTV_VENDITE>0,000000</MFTV_VENDITE>
    <PRGP_VENDITE>4,076000</PRGP_VENDITE>
    <ROSN_VENDITE>236,018000</ROSN_VENDITE>
    <SLOV_VENDITE>0,000000</SLOV_VENDITE>
    <SVIZ_VENDITE>993,000000</SVIZ_VENDITE>
    <BSP_VENDITE>173,000000</BSP_VENDITE>
    <MALT_VENDITE>0,000000</MALT_VENDITE>
    <XAUS_VENDITE>75,000000</XAUS_VENDITE>
    <XFRA_VENDITE>648,000000</XFRA_VENDITE>
    <TOTITABSP_VENDITE>24048,617</TOTITABSP_VENDITE>
    <TOTITABSP_ACQUISTI>24771,617</TOTITABSP_ACQUISTI>
  </Quantita>
  <Quantita>
    <Data>20180425</Data>
    <Mercato>MGP</Mercato>
    <Ora>10</Ora>
    <TOTALE_ACQUISTI>25870,353</TOTALE_ACQUISTI>
    <NAT_ACQUISTI>25870,353000</NAT_ACQUISTI>
    <CNOR_ACQUISTI>2720,463000</CNOR_ACQUISTI>
    <CSUD_ACQUISTI>4243,214000</CSUD_ACQUISTI>
    <NORD_ACQUISTI>13626,495000</NORD_ACQUISTI>
    <SARD_ACQUISTI>921,671000</SARD_ACQUISTI>
    <SICI_ACQUISTI>1697,375000</SICI_ACQUISTI>
    <SUD_ACQUISTI>2108,135000</SUD_ACQUISTI>
    <AUST_ACQUISTI>0,000000</AUST_ACQUISTI>
    <BRNN_ACQUISTI>0,000000</BRNN_ACQUISTI>
    <COAC_ACQUISTI>0,000000</COAC_ACQUISTI>
    <CORS_ACQUISTI>5,000000</CORS_ACQUISTI>
    <FOGN_ACQUISTI>0,000000</FOGN_ACQUISTI>
    <FRAN_ACQUISTI>0,000000</FRAN_ACQUISTI>
    <GREC_ACQUISTI>420,000000</GREC_ACQUISTI>
    <MFTV_ACQUISTI>0,000000</MFTV_ACQUISTI>
    <PRGP_ACQUISTI>0,000000</PRGP_ACQUISTI>
    <ROSN_ACQUISTI>0,000000</ROSN_ACQUISTI>
    <SLOV_ACQUISTI>0,000000</SLOV_ACQUISTI>
    <SVIZ_ACQUISTI>0,000000</SVIZ_ACQUISTI>
    <BSP_ACQUISTI>0,000000</BSP_ACQUISTI>
    <MALT_ACQUISTI>128,000000</MALT_ACQUISTI>
    <XAUS_ACQUISTI>0,000000</XAUS_ACQUISTI>
    <XFRA_ACQUISTI>0,000000</XFRA_ACQUISTI>
    <TOTALE_VENDITE>24974,353</TOTALE_VENDITE>
    <NAT_VENDITE>25870,353000</NAT_VENDITE>
    <CNOR_VENDITE>2192,412000</CNOR_VENDITE>
    <CSUD_VENDITE>1979,939000</CSUD_VENDITE>
    <NORD_VENDITE>13862,151000</NORD_VENDITE>
    <SARD_VENDITE>988,571000</SARD_VENDITE>
    <SICI_VENDITE>1091,913000</SICI_VENDITE>
    <SUD_VENDITE>2202,461000</SUD_VENDITE>
    <AUST_VENDITE>0,000000</AUST_VENDITE>
    <BRNN_VENDITE>1195,792000</BRNN_VENDITE>
    <COAC_VENDITE>0,000000</COAC_VENDITE>
    <CORS_VENDITE>0,000000</CORS_VENDITE>
    <FOGN_VENDITE>109,815000</FOGN_VENDITE>
    <FRAN_VENDITE>99,000000</FRAN_VENDITE>
    <GREC_VENDITE>107,000000</GREC_VENDITE>
    <MFTV_VENDITE>0,000000</MFTV_VENDITE>
    <PRGP_VENDITE>6,345000</PRGP_VENDITE>
    <ROSN_VENDITE>158,954000</ROSN_VENDITE>
    <SLOV_VENDITE>0,000000</SLOV_VENDITE>
    <SVIZ_VENDITE>980,000000</SVIZ_VENDITE>
    <BSP_VENDITE>173,000000</BSP_VENDITE>
    <MALT_VENDITE>0,000000</MALT_VENDITE>
    <XAUS_VENDITE>75,000000</XAUS_VENDITE>
    <XFRA_VENDITE>648,000000</XFRA_VENDITE>
    <TOTITABSP_VENDITE>25147,353</TOTITABSP_VENDITE>
    <TOTITABSP_ACQUISTI>25870,353</TOTITABSP_ACQUISTI>
  </Quantita>
  <Quantita>
    <Data>20180425</Data>
    <Mercato>MGP</Mercato>
    <Ora>11</Ora>
    <TOTALE_ACQUISTI>26067,773</TOTALE_ACQUISTI>
    <NAT_ACQUISTI>26067,773000</NAT_ACQUISTI>
    <CNOR_ACQUISTI>2795,884000</CNOR_ACQUISTI>
    <CSUD_ACQUISTI>4343,094000</CSUD_ACQUISTI>
    <NORD_ACQUISTI>13602,666000</NORD_ACQUISTI>
    <SARD_ACQUISTI>908,104000</SARD_ACQUISTI>
    <SICI_ACQUISTI>1710,965000</SICI_ACQUISTI>
    <SUD_ACQUISTI>2116,060000</SUD_ACQUISTI>
    <AUST_ACQUISTI>0,000000</AUST_ACQUISTI>
    <BRNN_ACQUISTI>0,000000</BRNN_ACQUISTI>
    <COAC_ACQUISTI>0,000000</COAC_ACQUISTI>
    <CORS_ACQUISTI>5,000000</CORS_ACQUISTI>
    <FOGN_ACQUISTI>0,000000</FOGN_ACQUISTI>
    <FRAN_ACQUISTI>0,000000</FRAN_ACQUISTI>
    <GREC_ACQUISTI>470,000000</GREC_ACQUISTI>
    <MFTV_ACQUISTI>0,000000</MFTV_ACQUISTI>
    <PRGP_ACQUISTI>0,000000</PRGP_ACQUISTI>
    <ROSN_ACQUISTI>0,000000</ROSN_ACQUISTI>
    <SLOV_ACQUISTI>0,000000</SLOV_ACQUISTI>
    <SVIZ_ACQUISTI>0,000000</SVIZ_ACQUISTI>
    <BSP_ACQUISTI>0,000000</BSP_ACQUISTI>
    <MALT_ACQUISTI>116,000000</MALT_ACQUISTI>
    <XAUS_ACQUISTI>0,000000</XAUS_ACQUISTI>
    <XFRA_ACQUISTI>0,000000</XFRA_ACQUISTI>
    <TOTALE_VENDITE>25669,773</TOTALE_VENDITE>
    <NAT_VENDITE>26067,773000</NAT_VENDITE>
    <CNOR_VENDITE>2387,488000</CNOR_VENDITE>
    <CSUD_VENDITE>2234,508000</CSUD_VENDITE>
    <NORD_VENDITE>14200,712000</NORD_VENDITE>
    <SARD_VENDITE>1041,371000</SARD_VENDITE>
    <SICI_VENDITE>1205,979000</SICI_VENDITE>
    <SUD_VENDITE>2593,967000</SUD_VENDITE>
    <AUST_VENDITE>0,000000</AUST_VENDITE>
    <BRNN_VENDITE>1196,304000</BRNN_VENDITE>
    <COAC_VENDITE>0,000000</COAC_VENDITE>
    <CORS_VENDITE>0,000000</CORS_VENDITE>
    <FOGN_VENDITE>111,010000</FOGN_VENDITE>
    <FRAN_VENDITE>99,000000</FRAN_VENDITE>
    <GREC_VENDITE>103,000000</GREC_VENDITE>
    <MFTV_VENDITE>0,000000</MFTV_VENDITE>
    <PRGP_VENDITE>8,059000</PRGP_VENDITE>
    <ROSN_VENDITE>10,375000</ROSN_VENDITE>
    <SLOV_VENDITE>0,000000</SLOV_VENDITE>
    <SVIZ_VENDITE>478,000000</SVIZ_VENDITE>
    <BSP_VENDITE>87,000000</BSP_VENDITE>
    <MALT_VENDITE>0,000000</MALT_VENDITE>
    <XAUS_VENDITE>37,000000</XAUS_VENDITE>
    <XFRA_VENDITE>274,000000</XFRA_VENDITE>
    <TOTITABSP_VENDITE>25756,773</TOTITABSP_VENDITE>
    <TOTITABSP_ACQUISTI>26067,773</TOTITABSP_ACQUISTI>
  </Quantita>
  <Quantita>
    <Data>20180425</Data>
    <Mercato>MGP</Mercato>
    <Ora>12</Ora>
    <TOTALE_ACQUISTI>26246,047</TOTALE_ACQUISTI>
    <NAT_ACQUISTI>26246,047000</NAT_ACQUISTI>
    <CNOR_ACQUISTI>2812,203000</CNOR_ACQUISTI>
    <CSUD_ACQUISTI>4347,660000</CSUD_ACQUISTI>
    <NORD_ACQUISTI>13780,281000</NORD_ACQUISTI>
    <SARD_ACQUISTI>890,147000</SARD_ACQUISTI>
    <SICI_ACQUISTI>1659,655000</SICI_ACQUISTI>
    <SUD_ACQUISTI>2121,101000</SUD_ACQUISTI>
    <AUST_ACQUISTI>0,000000</AUST_ACQUISTI>
    <BRNN_ACQUISTI>0,000000</BRNN_ACQUISTI>
    <COAC_ACQUISTI>0,000000</COAC_ACQUISTI>
    <CORS_ACQUISTI>5,000000</CORS_ACQUISTI>
    <FOGN_ACQUISTI>0,000000</FOGN_ACQUISTI>
    <FRAN_ACQUISTI>0,000000</FRAN_ACQUISTI>
    <GREC_ACQUISTI>513,000000</GREC_ACQUISTI>
    <MFTV_ACQUISTI>0,000000</MFTV_ACQUISTI>
    <PRGP_ACQUISTI>0,000000</PRGP_ACQUISTI>
    <ROSN_ACQUISTI>0,000000</ROSN_ACQUISTI>
    <SLOV_ACQUISTI>0,000000</SLOV_ACQUISTI>
    <SVIZ_ACQUISTI>0,000000</SVIZ_ACQUISTI>
    <BSP_ACQUISTI>0,000000</BSP_ACQUISTI>
    <MALT_ACQUISTI>117,000000</MALT_ACQUISTI>
    <XAUS_ACQUISTI>0,000000</XAUS_ACQUISTI>
    <XFRA_ACQUISTI>0,000000</XFRA_ACQUISTI>
    <TOTALE_VENDITE>25848,047</TOTALE_VENDITE>
    <NAT_VENDITE>26246,047000</NAT_VENDITE>
    <CNOR_VENDITE>2512,011000</CNOR_VENDITE>
    <CSUD_VENDITE>2435,847000</CSUD_VENDITE>
    <NORD_VENDITE>13714,203000</NORD_VENDITE>
    <SARD_VENDITE>1101,137000</SARD_VENDITE>
    <SICI_VENDITE>1316,933000</SICI_VENDITE>
    <SUD_VENDITE>2784,236000</SUD_VENDITE>
    <AUST_VENDITE>0,000000</AUST_VENDITE>
    <BRNN_VENDITE>1199,306000</BRNN_VENDITE>
    <COAC_VENDITE>0,000000</COAC_VENDITE>
    <CORS_VENDITE>0,000000</CORS_VENDITE>
    <FOGN_VENDITE>112,232000</FOGN_VENDITE>
    <FRAN_VENDITE>99,000000</FRAN_VENDITE>
    <GREC_VENDITE>99,000000</GREC_VENDITE>
    <MFTV_VENDITE>0,000000</MFTV_VENDITE>
    <PRGP_VENDITE>9,002000</PRGP_VENDITE>
    <ROSN_VENDITE>12,140000</ROSN_VENDITE>
    <SLOV_VENDITE>0,000000</SLOV_VENDITE>
    <SVIZ_VENDITE>453,000000</SVIZ_VENDITE>
    <BSP_VENDITE>87,000000</BSP_VENDITE>
    <MALT_VENDITE>0,000000</MALT_VENDITE>
    <XAUS_VENDITE>37,000000</XAUS_VENDITE>
    <XFRA_VENDITE>274,000000</XFRA_VENDITE>
    <TOTITABSP_VENDITE>25935,047</TOTITABSP_VENDITE>
    <TOTITABSP_ACQUISTI>26246,047</TOTITABSP_ACQUISTI>
  </Quantita>
  <Quantita>
    <Data>20180425</Data>
    <Mercato>MGP</Mercato>
    <Ora>13</Ora>
    <TOTALE_ACQUISTI>25839,507</TOTALE_ACQUISTI>
    <NAT_ACQUISTI>26171,081000</NAT_ACQUISTI>
    <CNOR_ACQUISTI>2767,679000</CNOR_ACQUISTI>
    <CSUD_ACQUISTI>4358,934000</CSUD_ACQUISTI>
    <NORD_ACQUISTI>13495,497000</NORD_ACQUISTI>
    <SARD_ACQUISTI>873,146000</SARD_ACQUISTI>
    <SICI_ACQUISTI>1630,798000</SICI_ACQUISTI>
    <SUD_ACQUISTI>2118,453000</SUD_ACQUISTI>
    <AUST_ACQUISTI>0,000000</AUST_ACQUISTI>
    <BRNN_ACQUISTI>0,000000</BRNN_ACQUISTI>
    <COAC_ACQUISTI>0,000000</COAC_ACQUISTI>
    <CORS_ACQUISTI>5,000000</CORS_ACQUISTI>
    <FOGN_ACQUISTI>0,000000</FOGN_ACQUISTI>
    <FRAN_ACQUISTI>0,000000</FRAN_ACQUISTI>
    <GREC_ACQUISTI>493,000000</GREC_ACQUISTI>
    <MFTV_ACQUISTI>0,000000</MFTV_ACQUISTI>
    <PRGP_ACQUISTI>0,000000</PRGP_ACQUISTI>
    <ROSN_ACQUISTI>0,000000</ROSN_ACQUISTI>
    <SLOV_ACQUISTI>0,000000</SLOV_ACQUISTI>
    <SVIZ_ACQUISTI>0,000000</SVIZ_ACQUISTI>
    <BSP_ACQUISTI>0,000000</BSP_ACQUISTI>
    <MALT_ACQUISTI>97,000000</MALT_ACQUISTI>
    <XAUS_ACQUISTI>0,000000</XAUS_ACQUISTI>
    <XFRA_ACQUISTI>331,574000</XFRA_ACQUISTI>
    <TOTALE_VENDITE>26047,081</TOTALE_VENDITE>
    <NAT_VENDITE>26171,081000</NAT_VENDITE>
    <CNOR_VENDITE>2443,318000</CNOR_VENDITE>
    <CSUD_VENDITE>2576,189000</CSUD_VENDITE>
    <NORD_VENDITE>13565,432000</NORD_VENDITE>
    <SARD_VENDITE>1135,855000</SARD_VENDITE>
    <SICI_VENDITE>1333,174000</SICI_VENDITE>
    <SUD_VENDITE>2958,258000</SUD_VENDITE>
    <AUST_VENDITE>0,000000</AUST_VENDITE>
    <BRNN_VENDITE>1202,033000</BRNN_VENDITE>
    <COAC_VENDITE>0,000000</COAC_VENDITE>
    <CORS_VENDITE>0,000000</CORS_VENDITE>
    <FOGN_VENDITE>113,906000</FOGN_VENDITE>
    <FRAN_VENDITE>99,000000</FRAN_VENDITE>
    <GREC_VENDITE>94,000000</GREC_VENDITE>
    <MFTV_VENDITE>0,000000</MFTV_VENDITE>
    <PRGP_VENDITE>9,341000</PRGP_VENDITE>
    <ROSN_VENDITE>13,575000</ROSN_VENDITE>
    <SLOV_VENDITE>0,000000</SLOV_VENDITE>
    <SVIZ_VENDITE>503,000000</SVIZ_VENDITE>
    <BSP_VENDITE>87,000000</BSP_VENDITE>
    <MALT_VENDITE>0,000000</MALT_VENDITE>
    <XAUS_VENDITE>37,000000</XAUS_VENDITE>
    <XFRA_VENDITE>0,000000</XFRA_VENDITE>
    <TOTITABSP_VENDITE>26134,081</TOTITABSP_VENDITE>
    <TOTITABSP_ACQUISTI>25839,507</TOTITABSP_ACQUISTI>
  </Quantita>
  <Quantita>
    <Data>20180425</Data>
    <Mercato>MGP</Mercato>
    <Ora>14</Ora>
    <TOTALE_ACQUISTI>24647,818</TOTALE_ACQUISTI>
    <NAT_ACQUISTI>25437,148000</NAT_ACQUISTI>
    <CNOR_ACQUISTI>2627,243000</CNOR_ACQUISTI>
    <CSUD_ACQUISTI>4132,559000</CSUD_ACQUISTI>
    <NORD_ACQUISTI>13046,178000</NORD_ACQUISTI>
    <SARD_ACQUISTI>815,296000</SARD_ACQUISTI>
    <SICI_ACQUISTI>1499,395000</SICI_ACQUISTI>
    <SUD_ACQUISTI>1916,147000</SUD_ACQUISTI>
    <AUST_ACQUISTI>0,000000</AUST_ACQUISTI>
    <BRNN_ACQUISTI>0,000000</BRNN_ACQUISTI>
    <COAC_ACQUISTI>0,000000</COAC_ACQUISTI>
    <CORS_ACQUISTI>5,000000</CORS_ACQUISTI>
    <FOGN_ACQUISTI>0,000000</FOGN_ACQUISTI>
    <FRAN_ACQUISTI>0,000000</FRAN_ACQUISTI>
    <GREC_ACQUISTI>508,000000</GREC_ACQUISTI>
    <MFTV_ACQUISTI>0,000000</MFTV_ACQUISTI>
    <PRGP_ACQUISTI>0,000000</PRGP_ACQUISTI>
    <ROSN_ACQUISTI>0,000000</ROSN_ACQUISTI>
    <SLOV_ACQUISTI>0,000000</SLOV_ACQUISTI>
    <SVIZ_ACQUISTI>1,000000</SVIZ_ACQUISTI>
    <BSP_ACQUISTI>0,000000</BSP_ACQUISTI>
    <MALT_ACQUISTI>97,000000</MALT_ACQUISTI>
    <XAUS_ACQUISTI>0,000000</XAUS_ACQUISTI>
    <XFRA_ACQUISTI>789,330000</XFRA_ACQUISTI>
    <TOTALE_VENDITE>25313,148</TOTALE_VENDITE>
    <NAT_VENDITE>25437,148000</NAT_VENDITE>
    <CNOR_VENDITE>2430,407000</CNOR_VENDITE>
    <CSUD_VENDITE>2516,280000</CSUD_VENDITE>
    <NORD_VENDITE>12916,989000</NORD_VENDITE>
    <SARD_VENDITE>1141,760000</SARD_VENDITE>
    <SICI_VENDITE>1331,050000</SICI_VENDITE>
    <SUD_VENDITE>2880,672000</SUD_VENDITE>
    <AUST_VENDITE>0,000000</AUST_VENDITE>
    <BRNN_VENDITE>1207,386000</BRNN_VENDITE>
    <COAC_VENDITE>0,000000</COAC_VENDITE>
    <CORS_VENDITE>0,000000</CORS_VENDITE>
    <FOGN_VENDITE>165,853000</FOGN_VENDITE>
    <FRAN_VENDITE>99,000000</FRAN_VENDITE>
    <GREC_VENDITE>97,000000</GREC_VENDITE>
    <MFTV_VENDITE>0,000000</MFTV_VENDITE>
    <PRGP_VENDITE>9,190000</PRGP_VENDITE>
    <ROSN_VENDITE>14,561000</ROSN_VENDITE>
    <SLOV_VENDITE>0,000000</SLOV_VENDITE>
    <SVIZ_VENDITE>503,000000</SVIZ_VENDITE>
    <BSP_VENDITE>87,000000</BSP_VENDITE>
    <MALT_VENDITE>0,000000</MALT_VENDITE>
    <XAUS_VENDITE>37,000000</XAUS_VENDITE>
    <XFRA_VENDITE>0,000000</XFRA_VENDITE>
    <TOTITABSP_VENDITE>25400,148</TOTITABSP_VENDITE>
    <TOTITABSP_ACQUISTI>24647,818</TOTITABSP_ACQUISTI>
  </Quantita>
  <Quantita>
    <Data>20180425</Data>
    <Mercato>MGP</Mercato>
    <Ora>15</Ora>
    <TOTALE_ACQUISTI>24238,699</TOTALE_ACQUISTI>
    <NAT_ACQUISTI>24944,386000</NAT_ACQUISTI>
    <CNOR_ACQUISTI>2614,352000</CNOR_ACQUISTI>
    <CSUD_ACQUISTI>3948,626000</CSUD_ACQUISTI>
    <NORD_ACQUISTI>13023,729000</NORD_ACQUISTI>
    <SARD_ACQUISTI>788,495000</SARD_ACQUISTI>
    <SICI_ACQUISTI>1411,850000</SICI_ACQUISTI>
    <SUD_ACQUISTI>1774,632000</SUD_ACQUISTI>
    <AUST_ACQUISTI>0,000000</AUST_ACQUISTI>
    <BRNN_ACQUISTI>0,000000</BRNN_ACQUISTI>
    <COAC_ACQUISTI>0,000000</COAC_ACQUISTI>
    <CORS_ACQUISTI>5,000000</CORS_ACQUISTI>
    <FOGN_ACQUISTI>0,000000</FOGN_ACQUISTI>
    <FRAN_ACQUISTI>0,000000</FRAN_ACQUISTI>
    <GREC_ACQUISTI>508,000000</GREC_ACQUISTI>
    <MFTV_ACQUISTI>0,000000</MFTV_ACQUISTI>
    <PRGP_ACQUISTI>0,000000</PRGP_ACQUISTI>
    <ROSN_ACQUISTI>0,000000</ROSN_ACQUISTI>
    <SLOV_ACQUISTI>0,000000</SLOV_ACQUISTI>
    <SVIZ_ACQUISTI>85,015000</SVIZ_ACQUISTI>
    <BSP_ACQUISTI>560,687000</BSP_ACQUISTI>
    <MALT_ACQUISTI>79,000000</MALT_ACQUISTI>
    <XAUS_ACQUISTI>145,000000</XAUS_ACQUISTI>
    <XFRA_ACQUISTI>0,000000</XFRA_ACQUISTI>
    <TOTALE_VENDITE>24901,984</TOTALE_VENDITE>
    <NAT_VENDITE>24944,386000</NAT_VENDITE>
    <CNOR_VENDITE>2387,359000</CNOR_VENDITE>
    <CSUD_VENDITE>2452,973000</CSUD_VENDITE>
    <NORD_VENDITE>12721,900000</NORD_VENDITE>
    <SARD_VENDITE>1130,543000</SARD_VENDITE>
    <SICI_VENDITE>1313,558000</SICI_VENDITE>
    <SUD_VENDITE>2749,203000</SUD_VENDITE>
    <AUST_VENDITE>0,000000</AUST_VENDITE>
    <BRNN_VENDITE>1210,864000</BRNN_VENDITE>
    <COAC_VENDITE>0,000000</COAC_VENDITE>
    <CORS_VENDITE>0,000000</CORS_VENDITE>
    <FOGN_VENDITE>267,001000</FOGN_VENDITE>
    <FRAN_VENDITE>99,000000</FRAN_VENDITE>
    <GREC_VENDITE>86,000000</GREC_VENDITE>
    <MFTV_VENDITE>0,000000</MFTV_VENDITE>
    <PRGP_VENDITE>8,473000</PRGP_VENDITE>
    <ROSN_VENDITE>15,110000</ROSN_VENDITE>
    <SLOV_VENDITE>0,000000</SLOV_VENDITE>
    <SVIZ_VENDITE>460,000000</SVIZ_VENDITE>
    <BSP_VENDITE>0,000000</BSP_VENDITE>
    <MALT_VENDITE>0,000000</MALT_VENDITE>
    <XAUS_VENDITE>0,000000</XAUS_VENDITE>
    <XFRA_VENDITE>42,402000</XFRA_VENDITE>
    <TOTITABSP_VENDITE>24901,984</TOTITABSP_VENDITE>
    <TOTITABSP_ACQUISTI>24799,386</TOTITABSP_ACQUISTI>
  </Quantita>
  <Quantita>
    <Data>20180425</Data>
    <Mercato>MGP</Mercato>
    <Ora>16</Ora>
    <TOTALE_ACQUISTI>24288,143</TOTALE_ACQUISTI>
    <NAT_ACQUISTI>24520,254000</NAT_ACQUISTI>
    <CNOR_ACQUISTI>2602,780000</CNOR_ACQUISTI>
    <CSUD_ACQUISTI>3921,404000</CSUD_ACQUISTI>
    <NORD_ACQUISTI>13094,166000</NORD_ACQUISTI>
    <SARD_ACQUISTI>785,816000</SARD_ACQUISTI>
    <SICI_ACQUISTI>1395,857000</SICI_ACQUISTI>
    <SUD_ACQUISTI>1779,120000</SUD_ACQUISTI>
    <AUST_ACQUISTI>0,000000</AUST_ACQUISTI>
    <BRNN_ACQUISTI>0,000000</BRNN_ACQUISTI>
    <COAC_ACQUISTI>0,000000</COAC_ACQUISTI>
    <CORS_ACQUISTI>5,000000</CORS_ACQUISTI>
    <FOGN_ACQUISTI>0,000000</FOGN_ACQUISTI>
    <FRAN_ACQUISTI>0,000000</FRAN_ACQUISTI>
    <GREC_ACQUISTI>508,000000</GREC_ACQUISTI>
    <MFTV_ACQUISTI>0,000000</MFTV_ACQUISTI>
    <PRGP_ACQUISTI>0,000000</PRGP_ACQUISTI>
    <ROSN_ACQUISTI>0,000000</ROSN_ACQUISTI>
    <SLOV_ACQUISTI>0,000000</SLOV_ACQUISTI>
    <SVIZ_ACQUISTI>100,000000</SVIZ_ACQUISTI>
    <BSP_ACQUISTI>87,111000</BSP_ACQUISTI>
    <MALT_ACQUISTI>96,000000</MALT_ACQUISTI>
    <XAUS_ACQUISTI>145,000000</XAUS_ACQUISTI>
    <XFRA_ACQUISTI>0,000000</XFRA_ACQUISTI>
    <TOTALE_VENDITE>24301,631</TOTALE_VENDITE>
    <NAT_VENDITE>24520,254000</NAT_VENDITE>
    <CNOR_VENDITE>2367,340000</CNOR_VENDITE>
    <CSUD_VENDITE>2313,606000</CSUD_VENDITE>
    <NORD_VENDITE>12467,669000</NORD_VENDITE>
    <SARD_VENDITE>1093,014000</SARD_VENDITE>
    <SICI_VENDITE>1243,715000</SICI_VENDITE>
    <SUD_VENDITE>2485,805000</SUD_VENDITE>
    <AUST_VENDITE>0,000000</AUST_VENDITE>
    <BRNN_VENDITE>1359,793000</BRNN_VENDITE>
    <COAC_VENDITE>0,000000</COAC_VENDITE>
    <CORS_VENDITE>0,000000</CORS_VENDITE>
    <FOGN_VENDITE>266,663000</FOGN_VENDITE>
    <FRAN_VENDITE>99,000000</FRAN_VENDITE>
    <GREC_VENDITE>112,000000</GREC_VENDITE>
    <MFTV_VENDITE>0,000000</MFTV_VENDITE>
    <PRGP_VENDITE>7,182000</PRGP_VENDITE>
    <ROSN_VENDITE>32,844000</ROSN_VENDITE>
    <SLOV_VENDITE>0,000000</SLOV_VENDITE>
    <SVIZ_VENDITE>453,000000</SVIZ_VENDITE>
    <BSP_VENDITE>0,000000</BSP_VENDITE>
    <MALT_VENDITE>0,000000</MALT_VENDITE>
    <XAUS_VENDITE>0,000000</XAUS_VENDITE>
    <XFRA_VENDITE>218,623000</XFRA_VENDITE>
    <TOTITABSP_VENDITE>24301,631</TOTITABSP_VENDITE>
    <TOTITABSP_ACQUISTI>24375,254</TOTITABSP_ACQUISTI>
  </Quantita>
  <Quantita>
    <Data>20180425</Data>
    <Mercato>MGP</Mercato>
    <Ora>17</Ora>
    <TOTALE_ACQUISTI>24451,476</TOTALE_ACQUISTI>
    <NAT_ACQUISTI>24451,476000</NAT_ACQUISTI>
    <CNOR_ACQUISTI>2646,945000</CNOR_ACQUISTI>
    <CSUD_ACQUISTI>3968,009000</CSUD_ACQUISTI>
    <NORD_ACQUISTI>13091,235000</NORD_ACQUISTI>
    <SARD_ACQUISTI>813,774000</SARD_ACQUISTI>
    <SICI_ACQUISTI>1437,374000</SICI_ACQUISTI>
    <SUD_ACQUISTI>1858,139000</SUD_ACQUISTI>
    <AUST_ACQUISTI>0,000000</AUST_ACQUISTI>
    <BRNN_ACQUISTI>0,000000</BRNN_ACQUISTI>
    <COAC_ACQUISTI>0,000000</COAC_ACQUISTI>
    <CORS_ACQUISTI>5,000000</CORS_ACQUISTI>
    <FOGN_ACQUISTI>0,000000</FOGN_ACQUISTI>
    <FRAN_ACQUISTI>0,000000</FRAN_ACQUISTI>
    <GREC_ACQUISTI>508,000000</GREC_ACQUISTI>
    <MFTV_ACQUISTI>0,000000</MFTV_ACQUISTI>
    <PRGP_ACQUISTI>0,000000</PRGP_ACQUISTI>
    <ROSN_ACQUISTI>0,000000</ROSN_ACQUISTI>
    <SLOV_ACQUISTI>0,000000</SLOV_ACQUISTI>
    <SVIZ_ACQUISTI>0,000000</SVIZ_ACQUISTI>
    <BSP_ACQUISTI>0,000000</BSP_ACQUISTI>
    <MALT_ACQUISTI>123,000000</MALT_ACQUISTI>
    <XAUS_ACQUISTI>0,000000</XAUS_ACQUISTI>
    <XFRA_ACQUISTI>0,000000</XFRA_ACQUISTI>
    <TOTALE_VENDITE>24053,476</TOTALE_VENDITE>
    <NAT_VENDITE>24451,476000</NAT_VENDITE>
    <CNOR_VENDITE>2333,941000</CNOR_VENDITE>
    <CSUD_VENDITE>2228,548000</CSUD_VENDITE>
    <NORD_VENDITE>12562,002000</NORD_VENDITE>
    <SARD_VENDITE>1040,581000</SARD_VENDITE>
    <SICI_VENDITE>1156,271000</SICI_VENDITE>
    <SUD_VENDITE>2160,711000</SUD_VENDITE>
    <AUST_VENDITE>0,000000</AUST_VENDITE>
    <BRNN_VENDITE>1413,159000</BRNN_VENDITE>
    <COAC_VENDITE>0,000000</COAC_VENDITE>
    <CORS_VENDITE>0,000000</CORS_VENDITE>
    <FOGN_VENDITE>344,646000</FOGN_VENDITE>
    <FRAN_VENDITE>99,000000</FRAN_VENDITE>
    <GREC_VENDITE>140,000000</GREC_VENDITE>
    <MFTV_VENDITE>0,000000</MFTV_VENDITE>
    <PRGP_VENDITE>5,315000</PRGP_VENDITE>
    <ROSN_VENDITE>91,302000</ROSN_VENDITE>
    <SLOV_VENDITE>0,000000</SLOV_VENDITE>
    <SVIZ_VENDITE>478,000000</SVIZ_VENDITE>
    <BSP_VENDITE>87,000000</BSP_VENDITE>
    <MALT_VENDITE>0,000000</MALT_VENDITE>
    <XAUS_VENDITE>37,000000</XAUS_VENDITE>
    <XFRA_VENDITE>274,000000</XFRA_VENDITE>
    <TOTITABSP_VENDITE>24140,476</TOTITABSP_VENDITE>
    <TOTITABSP_ACQUISTI>24451,476</TOTITABSP_ACQUISTI>
  </Quantita>
  <Quantita>
    <Data>20180425</Data>
    <Mercato>MGP</Mercato>
    <Ora>18</Ora>
    <TOTALE_ACQUISTI>25010,816</TOTALE_ACQUISTI>
    <NAT_ACQUISTI>25010,816000</NAT_ACQUISTI>
    <CNOR_ACQUISTI>2644,909000</CNOR_ACQUISTI>
    <CSUD_ACQUISTI>3996,029000</CSUD_ACQUISTI>
    <NORD_ACQUISTI>13355,342000</NORD_ACQUISTI>
    <SARD_ACQUISTI>831,753000</SARD_ACQUISTI>
    <SICI_ACQUISTI>1505,218000</SICI_ACQUISTI>
    <SUD_ACQUISTI>1939,565000</SUD_ACQUISTI>
    <AUST_ACQUISTI>0,000000</AUST_ACQUISTI>
    <BRNN_ACQUISTI>0,000000</BRNN_ACQUISTI>
    <COAC_ACQUISTI>0,000000</COAC_ACQUISTI>
    <CORS_ACQUISTI>5,000000</CORS_ACQUISTI>
    <FOGN_ACQUISTI>0,000000</FOGN_ACQUISTI>
    <FRAN_ACQUISTI>0,000000</FRAN_ACQUISTI>
    <GREC_ACQUISTI>485,000000</GREC_ACQUISTI>
    <MFTV_ACQUISTI>0,000000</MFTV_ACQUISTI>
    <PRGP_ACQUISTI>0,000000</PRGP_ACQUISTI>
    <ROSN_ACQUISTI>0,000000</ROSN_ACQUISTI>
    <SLOV_ACQUISTI>0,000000</SLOV_ACQUISTI>
    <SVIZ_ACQUISTI>100,000000</SVIZ_ACQUISTI>
    <BSP_ACQUISTI>0,000000</BSP_ACQUISTI>
    <MALT_ACQUISTI>148,000000</MALT_ACQUISTI>
    <XAUS_ACQUISTI>0,000000</XAUS_ACQUISTI>
    <XFRA_ACQUISTI>0,000000</XFRA_ACQUISTI>
    <TOTALE_VENDITE>23889,816</TOTALE_VENDITE>
    <NAT_VENDITE>25010,816000</NAT_VENDITE>
    <CNOR_VENDITE>2142,105000</CNOR_VENDITE>
    <CSUD_VENDITE>1907,883000</CSUD_VENDITE>
    <NORD_VENDITE>12596,737000</NORD_VENDITE>
    <SARD_VENDITE>950,407000</SARD_VENDITE>
    <SICI_VENDITE>977,790000</SICI_VENDITE>
    <SUD_VENDITE>1744,396000</SUD_VENDITE>
    <AUST_VENDITE>0,000000</AUST_VENDITE>
    <BRNN_VENDITE>1411,913000</BRNN_VENDITE>
    <COAC_VENDITE>0,000000</COAC_VENDITE>
    <CORS_VENDITE>0,000000</CORS_VENDITE>
    <FOGN_VENDITE>338,829000</FOGN_VENDITE>
    <FRAN_VENDITE>99,000000</FRAN_VENDITE>
    <GREC_VENDITE>111,000000</GREC_VENDITE>
    <MFTV_VENDITE>0,000000</MFTV_VENDITE>
    <PRGP_VENDITE>3,119000</PRGP_VENDITE>
    <ROSN_VENDITE>376,637000</ROSN_VENDITE>
    <SLOV_VENDITE>0,000000</SLOV_VENDITE>
    <SVIZ_VENDITE>1230,000000</SVIZ_VENDITE>
    <BSP_VENDITE>212,000000</BSP_VENDITE>
    <MALT_VENDITE>0,000000</MALT_VENDITE>
    <XAUS_VENDITE>97,000000</XAUS_VENDITE>
    <XFRA_VENDITE>812,000000</XFRA_VENDITE>
    <TOTITABSP_VENDITE>24101,816</TOTITABSP_VENDITE>
    <TOTITABSP_ACQUISTI>25010,816</TOTITABSP_ACQUISTI>
  </Quantita>
  <Quantita>
    <Data>20180425</Data>
    <Mercato>MGP</Mercato>
    <Ora>19</Ora>
    <TOTALE_ACQUISTI>25982,515</TOTALE_ACQUISTI>
    <NAT_ACQUISTI>25982,515000</NAT_ACQUISTI>
    <CNOR_ACQUISTI>2772,491000</CNOR_ACQUISTI>
    <CSUD_ACQUISTI>4112,557000</CSUD_ACQUISTI>
    <NORD_ACQUISTI>14069,306000</NORD_ACQUISTI>
    <SARD_ACQUISTI>880,409000</SARD_ACQUISTI>
    <SICI_ACQUISTI>1589,882000</SICI_ACQUISTI>
    <SUD_ACQUISTI>2060,870000</SUD_ACQUISTI>
    <AUST_ACQUISTI>0,000000</AUST_ACQUISTI>
    <BRNN_ACQUISTI>0,000000</BRNN_ACQUISTI>
    <COAC_ACQUISTI>0,000000</COAC_ACQUISTI>
    <CORS_ACQUISTI>6,000000</CORS_ACQUISTI>
    <FOGN_ACQUISTI>0,000000</FOGN_ACQUISTI>
    <FRAN_ACQUISTI>0,000000</FRAN_ACQUISTI>
    <GREC_ACQUISTI>320,000000</GREC_ACQUISTI>
    <MFTV_ACQUISTI>0,000000</MFTV_ACQUISTI>
    <PRGP_ACQUISTI>0,000000</PRGP_ACQUISTI>
    <ROSN_ACQUISTI>0,000000</ROSN_ACQUISTI>
    <SLOV_ACQUISTI>0,000000</SLOV_ACQUISTI>
    <SVIZ_ACQUISTI>0,000000</SVIZ_ACQUISTI>
    <BSP_ACQUISTI>0,000000</BSP_ACQUISTI>
    <MALT_ACQUISTI>171,000000</MALT_ACQUISTI>
    <XAUS_ACQUISTI>0,000000</XAUS_ACQUISTI>
    <XFRA_ACQUISTI>0,000000</XFRA_ACQUISTI>
    <TOTALE_VENDITE>24589,515</TOTALE_VENDITE>
    <NAT_VENDITE>25982,515000</NAT_VENDITE>
    <CNOR_VENDITE>1978,348000</CNOR_VENDITE>
    <CSUD_VENDITE>1755,227000</CSUD_VENDITE>
    <NORD_VENDITE>13213,212000</NORD_VENDITE>
    <SARD_VENDITE>868,241000</SARD_VENDITE>
    <SICI_VENDITE>857,286000</SICI_VENDITE>
    <SUD_VENDITE>1453,863000</SUD_VENDITE>
    <AUST_VENDITE>0,000000</AUST_VENDITE>
    <BRNN_VENDITE>1542,622000</BRNN_VENDITE>
    <COAC_VENDITE>0,000000</COAC_VENDITE>
    <CORS_VENDITE>0,000000</CORS_VENDITE>
    <FOGN_VENDITE>524,401000</FOGN_VENDITE>
    <FRAN_VENDITE>99,000000</FRAN_VENDITE>
    <GREC_VENDITE>181,000000</GREC_VENDITE>
    <MFTV_VENDITE>0,000000</MFTV_VENDITE>
    <PRGP_VENDITE>1,232000</PRGP_VENDITE>
    <ROSN_VENDITE>632,083000</ROSN_VENDITE>
    <SLOV_VENDITE>0,000000</SLOV_VENDITE>
    <SVIZ_VENDITE>1483,000000</SVIZ_VENDITE>
    <BSP_VENDITE>260,000000</BSP_VENDITE>
    <MALT_VENDITE>0,000000</MALT_VENDITE>
    <XAUS_VENDITE>112,000000</XAUS_VENDITE>
    <XFRA_VENDITE>1021,000000</XFRA_VENDITE>
    <TOTITABSP_VENDITE>24849,515</TOTITABSP_VENDITE>
    <TOTITABSP_ACQUISTI>25982,515</TOTITABSP_ACQUISTI>
  </Quantita>
  <Quantita>
    <Data>20180425</Data>
    <Mercato>MGP</Mercato>
    <Ora>20</Ora>
    <TOTALE_ACQUISTI>27861,456</TOTALE_ACQUISTI>
    <NAT_ACQUISTI>27887,456000</NAT_ACQUISTI>
    <CNOR_ACQUISTI>3126,597000</CNOR_ACQUISTI>
    <CSUD_ACQUISTI>4510,972000</CSUD_ACQUISTI>
    <NORD_ACQUISTI>14983,147000</NORD_ACQUISTI>
    <SARD_ACQUISTI>942,426000</SARD_ACQUISTI>
    <SICI_ACQUISTI>1752,198000</SICI_ACQUISTI>
    <SUD_ACQUISTI>2328,116000</SUD_ACQUISTI>
    <AUST_ACQUISTI>0,000000</AUST_ACQUISTI>
    <BRNN_ACQUISTI>0,000000</BRNN_ACQUISTI>
    <COAC_ACQUISTI>0,000000</COAC_ACQUISTI>
    <CORS_ACQUISTI>20,000000</CORS_ACQUISTI>
    <FOGN_ACQUISTI>0,000000</FOGN_ACQUISTI>
    <FRAN_ACQUISTI>0,000000</FRAN_ACQUISTI>
    <GREC_ACQUISTI>50,000000</GREC_ACQUISTI>
    <MFTV_ACQUISTI>0,000000</MFTV_ACQUISTI>
    <PRGP_ACQUISTI>0,000000</PRGP_ACQUISTI>
    <ROSN_ACQUISTI>0,000000</ROSN_ACQUISTI>
    <SLOV_ACQUISTI>0,000000</SLOV_ACQUISTI>
    <SVIZ_ACQUISTI>0,000000</SVIZ_ACQUISTI>
    <BSP_ACQUISTI>0,000000</BSP_ACQUISTI>
    <MALT_ACQUISTI>148,000000</MALT_ACQUISTI>
    <XAUS_ACQUISTI>0,000000</XAUS_ACQUISTI>
    <XFRA_ACQUISTI>0,000000</XFRA_ACQUISTI>
    <TOTALE_VENDITE>26468,456</TOTALE_VENDITE>
    <NAT_VENDITE>27887,456000</NAT_VENDITE>
    <CNOR_VENDITE>2161,350000</CNOR_VENDITE>
    <CSUD_VENDITE>2138,180000</CSUD_VENDITE>
    <NORD_VENDITE>14348,535000</NORD_VENDITE>
    <SARD_VENDITE>803,352000</SARD_VENDITE>
    <SICI_VENDITE>784,879000</SICI_VENDITE>
    <SUD_VENDITE>1229,494000</SUD_VENDITE>
    <AUST_VENDITE>0,000000</AUST_VENDITE>
    <BRNN_VENDITE>1647,420000</BRNN_VENDITE>
    <COAC_VENDITE>0,000000</COAC_VENDITE>
    <CORS_VENDITE>0,000000</CORS_VENDITE>
    <FOGN_VENDITE>694,366000</FOGN_VENDITE>
    <FRAN_VENDITE>99,000000</FRAN_VENDITE>
    <GREC_VENDITE>336,000000</GREC_VENDITE>
    <MFTV_VENDITE>0,000000</MFTV_VENDITE>
    <PRGP_VENDITE>15,319000</PRGP_VENDITE>
    <ROSN_VENDITE>752,561000</ROSN_VENDITE>
    <SLOV_VENDITE>0,000000</SLOV_VENDITE>
    <SVIZ_VENDITE>1458,000000</SVIZ_VENDITE>
    <BSP_VENDITE>260,000000</BSP_VENDITE>
    <MALT_VENDITE>0,000000</MALT_VENDITE>
    <XAUS_VENDITE>112,000000</XAUS_VENDITE>
    <XFRA_VENDITE>1021,000000</XFRA_VENDITE>
    <TOTITABSP_VENDITE>26728,456</TOTITABSP_VENDITE>
    <TOTITABSP_ACQUISTI>27861,456</TOTITABSP_ACQUISTI>
  </Quantita>
  <Quantita>
    <Data>20180425</Data>
    <Mercato>MGP</Mercato>
    <Ora>21</Ora>
    <TOTALE_ACQUISTI>30615,471</TOTALE_ACQUISTI>
    <NAT_ACQUISTI>30689,091000</NAT_ACQUISTI>
    <CNOR_ACQUISTI>3428,614000</CNOR_ACQUISTI>
    <CSUD_ACQUISTI>5144,046000</CSUD_ACQUISTI>
    <NORD_ACQUISTI>15963,115000</NORD_ACQUISTI>
    <SARD_ACQUISTI>1066,608000</SARD_ACQUISTI>
    <SICI_ACQUISTI>2053,010000</SICI_ACQUISTI>
    <SUD_ACQUISTI>2811,078000</SUD_ACQUISTI>
    <AUST_ACQUISTI>0,000000</AUST_ACQUISTI>
    <BRNN_ACQUISTI>0,000000</BRNN_ACQUISTI>
    <COAC_ACQUISTI>0,000000</COAC_ACQUISTI>
    <CORS_ACQUISTI>15,000000</CORS_ACQUISTI>
    <FOGN_ACQUISTI>0,000000</FOGN_ACQUISTI>
    <FRAN_ACQUISTI>0,000000</FRAN_ACQUISTI>
    <GREC_ACQUISTI>50,000000</GREC_ACQUISTI>
    <MFTV_ACQUISTI>0,000000</MFTV_ACQUISTI>
    <PRGP_ACQUISTI>0,000000</PRGP_ACQUISTI>
    <ROSN_ACQUISTI>0,000000</ROSN_ACQUISTI>
    <SLOV_ACQUISTI>0,000000</SLOV_ACQUISTI>
    <SVIZ_ACQUISTI>0,000000</SVIZ_ACQUISTI>
    <BSP_ACQUISTI>0,000000</BSP_ACQUISTI>
    <MALT_ACQUISTI>84,000000</MALT_ACQUISTI>
    <XAUS_ACQUISTI>0,000000</XAUS_ACQUISTI>
    <XFRA_ACQUISTI>0,000000</XFRA_ACQUISTI>
    <TOTALE_VENDITE>29222,471</TOTALE_VENDITE>
    <NAT_VENDITE>30689,091000</NAT_VENDITE>
    <CNOR_VENDITE>2150,637000</CNOR_VENDITE>
    <CSUD_VENDITE>2556,088000</CSUD_VENDITE>
    <NORD_VENDITE>15766,791000</NORD_VENDITE>
    <SARD_VENDITE>790,571000</SARD_VENDITE>
    <SICI_VENDITE>872,010000</SICI_VENDITE>
    <SUD_VENDITE>1273,661000</SUD_VENDITE>
    <AUST_VENDITE>0,000000</AUST_VENDITE>
    <BRNN_VENDITE>1731,151000</BRNN_VENDITE>
    <COAC_VENDITE>0,000000</COAC_VENDITE>
    <CORS_VENDITE>0,000000</CORS_VENDITE>
    <FOGN_VENDITE>806,745000</FOGN_VENDITE>
    <FRAN_VENDITE>99,000000</FRAN_VENDITE>
    <GREC_VENDITE>391,000000</GREC_VENDITE>
    <MFTV_VENDITE>0,000000</MFTV_VENDITE>
    <PRGP_VENDITE>165,000000</PRGP_VENDITE>
    <ROSN_VENDITE>1111,817000</ROSN_VENDITE>
    <SLOV_VENDITE>0,000000</SLOV_VENDITE>
    <SVIZ_VENDITE>1508,000000</SVIZ_VENDITE>
    <BSP_VENDITE>260,000000</BSP_VENDITE>
    <MALT_VENDITE>0,000000</MALT_VENDITE>
    <XAUS_VENDITE>112,000000</XAUS_VENDITE>
    <XFRA_VENDITE>1021,000000</XFRA_VENDITE>
    <TOTITABSP_VENDITE>29482,471</TOTITABSP_VENDITE>
    <TOTITABSP_ACQUISTI>30615,471</TOTITABSP_ACQUISTI>
  </Quantita>
  <Quantita>
    <Data>20180425</Data>
    <Mercato>MGP</Mercato>
    <Ora>22</Ora>
    <TOTALE_ACQUISTI>30129,631</TOTALE_ACQUISTI>
    <NAT_ACQUISTI>30158,134000</NAT_ACQUISTI>
    <CNOR_ACQUISTI>3346,270000</CNOR_ACQUISTI>
    <CSUD_ACQUISTI>5008,315000</CSUD_ACQUISTI>
    <NORD_ACQUISTI>15880,926000</NORD_ACQUISTI>
    <SARD_ACQUISTI>1047,522000</SARD_ACQUISTI>
    <SICI_ACQUISTI>2013,110000</SICI_ACQUISTI>
    <SUD_ACQUISTI>2652,488000</SUD_ACQUISTI>
    <AUST_ACQUISTI>0,000000</AUST_ACQUISTI>
    <BRNN_ACQUISTI>0,000000</BRNN_ACQUISTI>
    <COAC_ACQUISTI>0,000000</COAC_ACQUISTI>
    <CORS_ACQUISTI>18,000000</CORS_ACQUISTI>
    <FOGN_ACQUISTI>0,000000</FOGN_ACQUISTI>
    <FRAN_ACQUISTI>0,000000</FRAN_ACQUISTI>
    <GREC_ACQUISTI>50,000000</GREC_ACQUISTI>
    <MFTV_ACQUISTI>0,000000</MFTV_ACQUISTI>
    <PRGP_ACQUISTI>0,000000</PRGP_ACQUISTI>
    <ROSN_ACQUISTI>0,000000</ROSN_ACQUISTI>
    <SLOV_ACQUISTI>0,000000</SLOV_ACQUISTI>
    <SVIZ_ACQUISTI>0,000000</SVIZ_ACQUISTI>
    <BSP_ACQUISTI>0,000000</BSP_ACQUISTI>
    <MALT_ACQUISTI>113,000000</MALT_ACQUISTI>
    <XAUS_ACQUISTI>0,000000</XAUS_ACQUISTI>
    <XFRA_ACQUISTI>0,000000</XFRA_ACQUISTI>
    <TOTALE_VENDITE>28736,631</TOTALE_VENDITE>
    <NAT_VENDITE>30158,134000</NAT_VENDITE>
    <CNOR_VENDITE>2049,658000</CNOR_VENDITE>
    <CSUD_VENDITE>2067,907000</CSUD_VENDITE>
    <NORD_VENDITE>16068,379000</NORD_VENDITE>
    <SARD_VENDITE>794,694000</SARD_VENDITE>
    <SICI_VENDITE>861,110000</SICI_VENDITE>
    <SUD_VENDITE>1071,145000</SUD_VENDITE>
    <AUST_VENDITE>0,000000</AUST_VENDITE>
    <BRNN_VENDITE>1739,010000</BRNN_VENDITE>
    <COAC_VENDITE>0,000000</COAC_VENDITE>
    <CORS_VENDITE>0,000000</CORS_VENDITE>
    <FOGN_VENDITE>752,287000</FOGN_VENDITE>
    <FRAN_VENDITE>99,000000</FRAN_VENDITE>
    <GREC_VENDITE>442,358000</GREC_VENDITE>
    <MFTV_VENDITE>0,000000</MFTV_VENDITE>
    <PRGP_VENDITE>165,000000</PRGP_VENDITE>
    <ROSN_VENDITE>1118,083000</ROSN_VENDITE>
    <SLOV_VENDITE>0,000000</SLOV_VENDITE>
    <SVIZ_VENDITE>1508,000000</SVIZ_VENDITE>
    <BSP_VENDITE>260,000000</BSP_VENDITE>
    <MALT_VENDITE>0,000000</MALT_VENDITE>
    <XAUS_VENDITE>112,000000</XAUS_VENDITE>
    <XFRA_VENDITE>1021,000000</XFRA_VENDITE>
    <TOTITABSP_VENDITE>28996,631</TOTITABSP_VENDITE>
    <TOTITABSP_ACQUISTI>30129,631</TOTITABSP_ACQUISTI>
  </Quantita>
  <Quantita>
    <Data>20180425</Data>
    <Mercato>MGP</Mercato>
    <Ora>23</Ora>
    <TOTALE_ACQUISTI>28111,512</TOTALE_ACQUISTI>
    <NAT_ACQUISTI>28137,512000</NAT_ACQUISTI>
    <CNOR_ACQUISTI>3056,456000</CNOR_ACQUISTI>
    <CSUD_ACQUISTI>4663,919000</CSUD_ACQUISTI>
    <NORD_ACQUISTI>14903,215000</NORD_ACQUISTI>
    <SARD_ACQUISTI>981,084000</SARD_ACQUISTI>
    <SICI_ACQUISTI>1884,642000</SICI_ACQUISTI>
    <SUD_ACQUISTI>2456,196000</SUD_ACQUISTI>
    <AUST_ACQUISTI>0,000000</AUST_ACQUISTI>
    <BRNN_ACQUISTI>0,000000</BRNN_ACQUISTI>
    <COAC_ACQUISTI>0,000000</COAC_ACQUISTI>
    <CORS_ACQUISTI>15,000000</CORS_ACQUISTI>
    <FOGN_ACQUISTI>0,000000</FOGN_ACQUISTI>
    <FRAN_ACQUISTI>0,000000</FRAN_ACQUISTI>
    <GREC_ACQUISTI>60,000000</GREC_ACQUISTI>
    <MFTV_ACQUISTI>0,000000</MFTV_ACQUISTI>
    <PRGP_ACQUISTI>0,000000</PRGP_ACQUISTI>
    <ROSN_ACQUISTI>0,000000</ROSN_ACQUISTI>
    <SLOV_ACQUISTI>0,000000</SLOV_ACQUISTI>
    <SVIZ_ACQUISTI>0,000000</SVIZ_ACQUISTI>
    <BSP_ACQUISTI>0,000000</BSP_ACQUISTI>
    <MALT_ACQUISTI>91,000000</MALT_ACQUISTI>
    <XAUS_ACQUISTI>0,000000</XAUS_ACQUISTI>
    <XFRA_ACQUISTI>0,000000</XFRA_ACQUISTI>
    <TOTALE_VENDITE>26718,512</TOTALE_VENDITE>
    <NAT_VENDITE>28137,512000</NAT_VENDITE>
    <CNOR_VENDITE>2003,768000</CNOR_VENDITE>
    <CSUD_VENDITE>2121,550000</CSUD_VENDITE>
    <NORD_VENDITE>14714,976000</NORD_VENDITE>
    <SARD_VENDITE>773,390000</SARD_VENDITE>
    <SICI_VENDITE>776,673000</SICI_VENDITE>
    <SUD_VENDITE>1103,289000</SUD_VENDITE>
    <AUST_VENDITE>0,000000</AUST_VENDITE>
    <BRNN_VENDITE>1602,935000</BRNN_VENDITE>
    <COAC_VENDITE>0,000000</COAC_VENDITE>
    <CORS_VENDITE>0,000000</CORS_VENDITE>
    <FOGN_VENDITE>703,387000</FOGN_VENDITE>
    <FRAN_VENDITE>99,000000</FRAN_VENDITE>
    <GREC_VENDITE>459,000000</GREC_VENDITE>
    <MFTV_VENDITE>0,000000</MFTV_VENDITE>
    <PRGP_VENDITE>98,969000</PRGP_VENDITE>
    <ROSN_VENDITE>753,575000</ROSN_VENDITE>
    <SLOV_VENDITE>0,000000</SLOV_VENDITE>
    <SVIZ_VENDITE>1508,000000</SVIZ_VENDITE>
    <BSP_VENDITE>260,000000</BSP_VENDITE>
    <MALT_VENDITE>0,000000</MALT_VENDITE>
    <XAUS_VENDITE>112,000000</XAUS_VENDITE>
    <XFRA_VENDITE>1021,000000</XFRA_VENDITE>
    <TOTITABSP_VENDITE>26978,512</TOTITABSP_VENDITE>
    <TOTITABSP_ACQUISTI>28111,512</TOTITABSP_ACQUISTI>
  </Quantita>
  <Quantita>
    <Data>20180425</Data>
    <Mercato>MGP</Mercato>
    <Ora>24</Ora>
    <TOTALE_ACQUISTI>25800,447</TOTALE_ACQUISTI>
    <NAT_ACQUISTI>25800,447000</NAT_ACQUISTI>
    <CNOR_ACQUISTI>2766,194000</CNOR_ACQUISTI>
    <CSUD_ACQUISTI>4225,434000</CSUD_ACQUISTI>
    <NORD_ACQUISTI>13617,094000</NORD_ACQUISTI>
    <SARD_ACQUISTI>905,501000</SARD_ACQUISTI>
    <SICI_ACQUISTI>1698,345000</SICI_ACQUISTI>
    <SUD_ACQUISTI>2197,879000</SUD_ACQUISTI>
    <AUST_ACQUISTI>0,000000</AUST_ACQUISTI>
    <BRNN_ACQUISTI>0,000000</BRNN_ACQUISTI>
    <COAC_ACQUISTI>0,000000</COAC_ACQUISTI>
    <CORS_ACQUISTI>20,000000</CORS_ACQUISTI>
    <FOGN_ACQUISTI>0,000000</FOGN_ACQUISTI>
    <FRAN_ACQUISTI>0,000000</FRAN_ACQUISTI>
    <GREC_ACQUISTI>284,000000</GREC_ACQUISTI>
    <MFTV_ACQUISTI>0,000000</MFTV_ACQUISTI>
    <PRGP_ACQUISTI>0,000000</PRGP_ACQUISTI>
    <ROSN_ACQUISTI>0,000000</ROSN_ACQUISTI>
    <SLOV_ACQUISTI>0,000000</SLOV_ACQUISTI>
    <SVIZ_ACQUISTI>0,000000</SVIZ_ACQUISTI>
    <BSP_ACQUISTI>0,000000</BSP_ACQUISTI>
    <MALT_ACQUISTI>86,000000</MALT_ACQUISTI>
    <XAUS_ACQUISTI>0,000000</XAUS_ACQUISTI>
    <XFRA_ACQUISTI>0,000000</XFRA_ACQUISTI>
    <TOTALE_VENDITE>24407,447</TOTALE_VENDITE>
    <NAT_VENDITE>25800,447000</NAT_VENDITE>
    <CNOR_VENDITE>1623,458000</CNOR_VENDITE>
    <CSUD_VENDITE>1543,965000</CSUD_VENDITE>
    <NORD_VENDITE>13610,219000</NORD_VENDITE>
    <SARD_VENDITE>772,998000</SARD_VENDITE>
    <SICI_VENDITE>757,081000</SICI_VENDITE>
    <SUD_VENDITE>1235,256000</SUD_VENDITE>
    <AUST_VENDITE>0,000000</AUST_VENDITE>
    <BRNN_VENDITE>1605,377000</BRNN_VENDITE>
    <COAC_VENDITE>0,000000</COAC_VENDITE>
    <CORS_VENDITE>0,000000</CORS_VENDITE>
    <FOGN_VENDITE>533,866000</FOGN_VENDITE>
    <FRAN_VENDITE>99,000000</FRAN_VENDITE>
    <GREC_VENDITE>365,000000</GREC_VENDITE>
    <MFTV_VENDITE>0,000000</MFTV_VENDITE>
    <PRGP_VENDITE>0,000000</PRGP_VENDITE>
    <ROSN_VENDITE>753,227000</ROSN_VENDITE>
    <SLOV_VENDITE>0,000000</SLOV_VENDITE>
    <SVIZ_VENDITE>1508,000000</SVIZ_VENDITE>
    <BSP_VENDITE>260,000000</BSP_VENDITE>
    <MALT_VENDITE>0,000000</MALT_VENDITE>
    <XAUS_VENDITE>112,000000</XAUS_VENDITE>
    <XFRA_VENDITE>1021,000000</XFRA_VENDITE>
    <TOTITABSP_VENDITE>24667,447</TOTITABSP_VENDITE>
    <TOTITABSP_ACQUISTI>25800,447</TOTITABSP_ACQUISTI>
  </Quantita>
</NewDataSet>