<?xml version="1.0" standalone="yes"?>
<NewDataSet>
  <xs:schema id="NewDataSet" xmlns="" xmlns:xs="http://www.w3.org/2001/XMLSchema" xmlns:msdata="urn:schemas-microsoft-com:xml-msdata">
    <xs:element name="NewDataSet" msdata:IsDataSet="true" msdata:UseCurrentLocale="true">
      <xs:complexType>
        <xs:choice minOccurs="0" maxOccurs="unbounded">
          <xs:element name="Quantita">
            <xs:complexType>
              <xs:sequence>
                <xs:element name="Data" type="xs:string" minOccurs="0" />
                <xs:element name="Mercato" type="xs:string" minOccurs="0" />
                <xs:element name="Ora" type="xs:string" minOccurs="0" />
                <xs:element name="TOTALE_ACQUISTI" type="xs:string" minOccurs="0" />
                <xs:element name="NAT_ACQUISTI" type="xs:string" minOccurs="0" />
                <xs:element name="CNOR_ACQUISTI" type="xs:string" minOccurs="0" />
                <xs:element name="CSUD_ACQUISTI" type="xs:string" minOccurs="0" />
                <xs:element name="NORD_ACQUISTI" type="xs:string" minOccurs="0" />
                <xs:element name="SARD_ACQUISTI" type="xs:string" minOccurs="0" />
                <xs:element name="SICI_ACQUISTI" type="xs:string" minOccurs="0" />
                <xs:element name="SUD_ACQUISTI" type="xs:string" minOccurs="0" />
                <xs:element name="AUST_ACQUISTI" type="xs:string" minOccurs="0" />
                <xs:element name="BRNN_ACQUISTI" type="xs:string" minOccurs="0" />
                <xs:element name="COAC_ACQUISTI" type="xs:string" minOccurs="0" />
                <xs:element name="CORS_ACQUISTI" type="xs:string" minOccurs="0" />
                <xs:element name="FOGN_ACQUISTI" type="xs:string" minOccurs="0" />
                <xs:element name="FRAN_ACQUISTI" type="xs:string" minOccurs="0" />
                <xs:element name="GREC_ACQUISTI" type="xs:string" minOccurs="0" />
                <xs:element name="MFTV_ACQUISTI" type="xs:string" minOccurs="0" />
                <xs:element name="PRGP_ACQUISTI" type="xs:string" minOccurs="0" />
                <xs:element name="ROSN_ACQUISTI" type="xs:string" minOccurs="0" />
                <xs:element name="SLOV_ACQUISTI" type="xs:string" minOccurs="0" />
                <xs:element name="SVIZ_ACQUISTI" type="xs:string" minOccurs="0" />
                <xs:element name="BSP_ACQUISTI" type="xs:string" minOccurs="0" />
                <xs:element name="MALT_ACQUISTI" type="xs:string" minOccurs="0" />
                <xs:element name="XAUS_ACQUISTI" type="xs:string" minOccurs="0" />
                <xs:element name="XFRA_ACQUISTI" type="xs:string" minOccurs="0" />
                <xs:element name="TOTALE_VENDITE" type="xs:string" minOccurs="0" />
                <xs:element name="NAT_VENDITE" type="xs:string" minOccurs="0" />
                <xs:element name="CNOR_VENDITE" type="xs:string" minOccurs="0" />
                <xs:element name="CSUD_VENDITE" type="xs:string" minOccurs="0" />
                <xs:element name="NORD_VENDITE" type="xs:string" minOccurs="0" />
                <xs:element name="SARD_VENDITE" type="xs:string" minOccurs="0" />
                <xs:element name="SICI_VENDITE" type="xs:string" minOccurs="0" />
                <xs:element name="SUD_VENDITE" type="xs:string" minOccurs="0" />
                <xs:element name="AUST_VENDITE" type="xs:string" minOccurs="0" />
                <xs:element name="BRNN_VENDITE" type="xs:string" minOccurs="0" />
                <xs:element name="COAC_VENDITE" type="xs:string" minOccurs="0" />
                <xs:element name="CORS_VENDITE" type="xs:string" minOccurs="0" />
                <xs:element name="FOGN_VENDITE" type="xs:string" minOccurs="0" />
                <xs:element name="FRAN_VENDITE" type="xs:string" minOccurs="0" />
                <xs:element name="GREC_VENDITE" type="xs:string" minOccurs="0" />
                <xs:element name="MFTV_VENDITE" type="xs:string" minOccurs="0" />
                <xs:element name="PRGP_VENDITE" type="xs:string" minOccurs="0" />
                <xs:element name="ROSN_VENDITE" type="xs:string" minOccurs="0" />
                <xs:element name="SLOV_VENDITE" type="xs:string" minOccurs="0" />
                <xs:element name="SVIZ_VENDITE" type="xs:string" minOccurs="0" />
                <xs:element name="BSP_VENDITE" type="xs:string" minOccurs="0" />
                <xs:element name="MALT_VENDITE" type="xs:string" minOccurs="0" />
                <xs:element name="XAUS_VENDITE" type="xs:string" minOccurs="0" />
                <xs:element name="XFRA_VENDITE" type="xs:string" minOccurs="0" />
                <xs:element name="TOTITABSP_VENDITE" msdata:ReadOnly="true" msdata:Expression="Convert(TOTALE_VENDITE, System.Double) + Convert(BSP_VENDITE,System.Double)" type="xs:string" minOccurs="0" />
                <xs:element name="TOTITABSP_ACQUISTI" msdata:ReadOnly="true" msdata:Expression="Convert(TOTALE_ACQUISTI, System.Double) + Convert(BSP_ACQUISTI, System.Double)" type="xs:string" minOccurs="0" />
              </xs:sequence>
            </xs:complexType>
          </xs:element>
        </xs:choice>
      </xs:complexType>
    </xs:element>
  </xs:schema>
  <Quantita>
    <Data>20180402</Data>
    <Mercato>MGP</Mercato>
    <Ora>1</Ora>
    <TOTALE_ACQUISTI>22141,001</TOTALE_ACQUISTI>
    <NAT_ACQUISTI>22141,001000</NAT_ACQUISTI>
    <CNOR_ACQUISTI>2381,509000</CNOR_ACQUISTI>
    <CSUD_ACQUISTI>3831,608000</CSUD_ACQUISTI>
    <NORD_ACQUISTI>11219,075000</NORD_ACQUISTI>
    <SARD_ACQUISTI>809,719000</SARD_ACQUISTI>
    <SICI_ACQUISTI>1582,195000</SICI_ACQUISTI>
    <SUD_ACQUISTI>2022,895000</SUD_ACQUISTI>
    <AUST_ACQUISTI>0,000000</AUST_ACQUISTI>
    <BRNN_ACQUISTI>0,000000</BRNN_ACQUISTI>
    <COAC_ACQUISTI>43,000000</COAC_ACQUISTI>
    <CORS_ACQUISTI>29,000000</CORS_ACQUISTI>
    <FOGN_ACQUISTI>0,000000</FOGN_ACQUISTI>
    <FRAN_ACQUISTI>0,000000</FRAN_ACQUISTI>
    <GREC_ACQUISTI>50,000000</GREC_ACQUISTI>
    <MFTV_ACQUISTI>0,000000</MFTV_ACQUISTI>
    <PRGP_ACQUISTI>0,000000</PRGP_ACQUISTI>
    <ROSN_ACQUISTI>0,000000</ROSN_ACQUISTI>
    <SLOV_ACQUISTI>0,000000</SLOV_ACQUISTI>
    <SVIZ_ACQUISTI>0,000000</SVIZ_ACQUISTI>
    <BSP_ACQUISTI>0,000000</BSP_ACQUISTI>
    <MALT_ACQUISTI>172,000000</MALT_ACQUISTI>
    <XAUS_ACQUISTI>0,000000</XAUS_ACQUISTI>
    <XFRA_ACQUISTI>0,000000</XFRA_ACQUISTI>
    <TOTALE_VENDITE>21743,001</TOTALE_VENDITE>
    <NAT_VENDITE>22141,001000</NAT_VENDITE>
    <CNOR_VENDITE>1933,794000</CNOR_VENDITE>
    <CSUD_VENDITE>1842,434000</CSUD_VENDITE>
    <NORD_VENDITE>10433,460000</NORD_VENDITE>
    <SARD_VENDITE>1016,950000</SARD_VENDITE>
    <SICI_VENDITE>959,770000</SICI_VENDITE>
    <SUD_VENDITE>2253,237000</SUD_VENDITE>
    <AUST_VENDITE>0,000000</AUST_VENDITE>
    <BRNN_VENDITE>1041,752000</BRNN_VENDITE>
    <COAC_VENDITE>0,000000</COAC_VENDITE>
    <CORS_VENDITE>0,000000</CORS_VENDITE>
    <FOGN_VENDITE>393,562000</FOGN_VENDITE>
    <FRAN_VENDITE>99,000000</FRAN_VENDITE>
    <GREC_VENDITE>415,000000</GREC_VENDITE>
    <MFTV_VENDITE>0,000000</MFTV_VENDITE>
    <PRGP_VENDITE>0,000000</PRGP_VENDITE>
    <ROSN_VENDITE>851,042000</ROSN_VENDITE>
    <SLOV_VENDITE>0,000000</SLOV_VENDITE>
    <SVIZ_VENDITE>503,000000</SVIZ_VENDITE>
    <BSP_VENDITE>87,000000</BSP_VENDITE>
    <MALT_VENDITE>0,000000</MALT_VENDITE>
    <XAUS_VENDITE>37,000000</XAUS_VENDITE>
    <XFRA_VENDITE>274,000000</XFRA_VENDITE>
    <TOTITABSP_VENDITE>21830,001</TOTITABSP_VENDITE>
    <TOTITABSP_ACQUISTI>22141,001</TOTITABSP_ACQUISTI>
  </Quantita>
  <Quantita>
    <Data>20180402</Data>
    <Mercato>MGP</Mercato>
    <Ora>2</Ora>
    <TOTALE_ACQUISTI>20664,346</TOTALE_ACQUISTI>
    <NAT_ACQUISTI>20664,346000</NAT_ACQUISTI>
    <CNOR_ACQUISTI>2206,607000</CNOR_ACQUISTI>
    <CSUD_ACQUISTI>3526,723000</CSUD_ACQUISTI>
    <NORD_ACQUISTI>10561,096000</NORD_ACQUISTI>
    <SARD_ACQUISTI>760,924000</SARD_ACQUISTI>
    <SICI_ACQUISTI>1464,941000</SICI_ACQUISTI>
    <SUD_ACQUISTI>1876,055000</SUD_ACQUISTI>
    <AUST_ACQUISTI>0,000000</AUST_ACQUISTI>
    <BRNN_ACQUISTI>0,000000</BRNN_ACQUISTI>
    <COAC_ACQUISTI>39,000000</COAC_ACQUISTI>
    <CORS_ACQUISTI>17,000000</CORS_ACQUISTI>
    <FOGN_ACQUISTI>0,000000</FOGN_ACQUISTI>
    <FRAN_ACQUISTI>0,000000</FRAN_ACQUISTI>
    <GREC_ACQUISTI>55,000000</GREC_ACQUISTI>
    <MFTV_ACQUISTI>0,000000</MFTV_ACQUISTI>
    <PRGP_ACQUISTI>0,000000</PRGP_ACQUISTI>
    <ROSN_ACQUISTI>0,000000</ROSN_ACQUISTI>
    <SLOV_ACQUISTI>0,000000</SLOV_ACQUISTI>
    <SVIZ_ACQUISTI>0,000000</SVIZ_ACQUISTI>
    <BSP_ACQUISTI>0,000000</BSP_ACQUISTI>
    <MALT_ACQUISTI>157,000000</MALT_ACQUISTI>
    <XAUS_ACQUISTI>0,000000</XAUS_ACQUISTI>
    <XFRA_ACQUISTI>0,000000</XFRA_ACQUISTI>
    <TOTALE_VENDITE>20266,346</TOTALE_VENDITE>
    <NAT_VENDITE>20664,346000</NAT_VENDITE>
    <CNOR_VENDITE>2098,072000</CNOR_VENDITE>
    <CSUD_VENDITE>1376,190000</CSUD_VENDITE>
    <NORD_VENDITE>9345,686000</NORD_VENDITE>
    <SARD_VENDITE>981,598000</SARD_VENDITE>
    <SICI_VENDITE>919,151000</SICI_VENDITE>
    <SUD_VENDITE>2275,010000</SUD_VENDITE>
    <AUST_VENDITE>0,000000</AUST_VENDITE>
    <BRNN_VENDITE>1076,858000</BRNN_VENDITE>
    <COAC_VENDITE>0,000000</COAC_VENDITE>
    <CORS_VENDITE>0,000000</CORS_VENDITE>
    <FOGN_VENDITE>394,008000</FOGN_VENDITE>
    <FRAN_VENDITE>99,000000</FRAN_VENDITE>
    <GREC_VENDITE>349,000000</GREC_VENDITE>
    <MFTV_VENDITE>0,000000</MFTV_VENDITE>
    <PRGP_VENDITE>0,000000</PRGP_VENDITE>
    <ROSN_VENDITE>848,773000</ROSN_VENDITE>
    <SLOV_VENDITE>0,000000</SLOV_VENDITE>
    <SVIZ_VENDITE>503,000000</SVIZ_VENDITE>
    <BSP_VENDITE>87,000000</BSP_VENDITE>
    <MALT_VENDITE>0,000000</MALT_VENDITE>
    <XAUS_VENDITE>37,000000</XAUS_VENDITE>
    <XFRA_VENDITE>274,000000</XFRA_VENDITE>
    <TOTITABSP_VENDITE>20353,346</TOTITABSP_VENDITE>
    <TOTITABSP_ACQUISTI>20664,346</TOTITABSP_ACQUISTI>
  </Quantita>
  <Quantita>
    <Data>20180402</Data>
    <Mercato>MGP</Mercato>
    <Ora>3</Ora>
    <TOTALE_ACQUISTI>19871,831</TOTALE_ACQUISTI>
    <NAT_ACQUISTI>19871,831000</NAT_ACQUISTI>
    <CNOR_ACQUISTI>2114,852000</CNOR_ACQUISTI>
    <CSUD_ACQUISTI>3340,109000</CSUD_ACQUISTI>
    <NORD_ACQUISTI>10244,082000</NORD_ACQUISTI>
    <SARD_ACQUISTI>730,909000</SARD_ACQUISTI>
    <SICI_ACQUISTI>1380,774000</SICI_ACQUISTI>
    <SUD_ACQUISTI>1786,105000</SUD_ACQUISTI>
    <AUST_ACQUISTI>0,000000</AUST_ACQUISTI>
    <BRNN_ACQUISTI>0,000000</BRNN_ACQUISTI>
    <COAC_ACQUISTI>44,000000</COAC_ACQUISTI>
    <CORS_ACQUISTI>5,000000</CORS_ACQUISTI>
    <FOGN_ACQUISTI>0,000000</FOGN_ACQUISTI>
    <FRAN_ACQUISTI>0,000000</FRAN_ACQUISTI>
    <GREC_ACQUISTI>75,000000</GREC_ACQUISTI>
    <MFTV_ACQUISTI>0,000000</MFTV_ACQUISTI>
    <PRGP_ACQUISTI>0,000000</PRGP_ACQUISTI>
    <ROSN_ACQUISTI>0,000000</ROSN_ACQUISTI>
    <SLOV_ACQUISTI>0,000000</SLOV_ACQUISTI>
    <SVIZ_ACQUISTI>0,000000</SVIZ_ACQUISTI>
    <BSP_ACQUISTI>0,000000</BSP_ACQUISTI>
    <MALT_ACQUISTI>151,000000</MALT_ACQUISTI>
    <XAUS_ACQUISTI>0,000000</XAUS_ACQUISTI>
    <XFRA_ACQUISTI>0,000000</XFRA_ACQUISTI>
    <TOTALE_VENDITE>19473,831</TOTALE_VENDITE>
    <NAT_VENDITE>19871,831000</NAT_VENDITE>
    <CNOR_VENDITE>2240,435000</CNOR_VENDITE>
    <CSUD_VENDITE>1259,896000</CSUD_VENDITE>
    <NORD_VENDITE>9048,303000</NORD_VENDITE>
    <SARD_VENDITE>938,807000</SARD_VENDITE>
    <SICI_VENDITE>881,309000</SICI_VENDITE>
    <SUD_VENDITE>2246,075000</SUD_VENDITE>
    <AUST_VENDITE>0,000000</AUST_VENDITE>
    <BRNN_VENDITE>1032,621000</BRNN_VENDITE>
    <COAC_VENDITE>0,000000</COAC_VENDITE>
    <CORS_VENDITE>0,000000</CORS_VENDITE>
    <FOGN_VENDITE>14,848000</FOGN_VENDITE>
    <FRAN_VENDITE>99,000000</FRAN_VENDITE>
    <GREC_VENDITE>365,000000</GREC_VENDITE>
    <MFTV_VENDITE>0,000000</MFTV_VENDITE>
    <PRGP_VENDITE>0,000000</PRGP_VENDITE>
    <ROSN_VENDITE>844,537000</ROSN_VENDITE>
    <SLOV_VENDITE>0,000000</SLOV_VENDITE>
    <SVIZ_VENDITE>503,000000</SVIZ_VENDITE>
    <BSP_VENDITE>87,000000</BSP_VENDITE>
    <MALT_VENDITE>0,000000</MALT_VENDITE>
    <XAUS_VENDITE>37,000000</XAUS_VENDITE>
    <XFRA_VENDITE>274,000000</XFRA_VENDITE>
    <TOTITABSP_VENDITE>19560,831</TOTITABSP_VENDITE>
    <TOTITABSP_ACQUISTI>19871,831</TOTITABSP_ACQUISTI>
  </Quantita>
  <Quantita>
    <Data>20180402</Data>
    <Mercato>MGP</Mercato>
    <Ora>4</Ora>
    <TOTALE_ACQUISTI>19616,751</TOTALE_ACQUISTI>
    <NAT_ACQUISTI>19616,751000</NAT_ACQUISTI>
    <CNOR_ACQUISTI>2077,543000</CNOR_ACQUISTI>
    <CSUD_ACQUISTI>3242,681000</CSUD_ACQUISTI>
    <NORD_ACQUISTI>10099,674000</NORD_ACQUISTI>
    <SARD_ACQUISTI>717,113000</SARD_ACQUISTI>
    <SICI_ACQUISTI>1336,230000</SICI_ACQUISTI>
    <SUD_ACQUISTI>1740,510000</SUD_ACQUISTI>
    <AUST_ACQUISTI>0,000000</AUST_ACQUISTI>
    <BRNN_ACQUISTI>0,000000</BRNN_ACQUISTI>
    <COAC_ACQUISTI>28,000000</COAC_ACQUISTI>
    <CORS_ACQUISTI>5,000000</CORS_ACQUISTI>
    <FOGN_ACQUISTI>0,000000</FOGN_ACQUISTI>
    <FRAN_ACQUISTI>0,000000</FRAN_ACQUISTI>
    <GREC_ACQUISTI>220,000000</GREC_ACQUISTI>
    <MFTV_ACQUISTI>0,000000</MFTV_ACQUISTI>
    <PRGP_ACQUISTI>0,000000</PRGP_ACQUISTI>
    <ROSN_ACQUISTI>0,000000</ROSN_ACQUISTI>
    <SLOV_ACQUISTI>0,000000</SLOV_ACQUISTI>
    <SVIZ_ACQUISTI>0,000000</SVIZ_ACQUISTI>
    <BSP_ACQUISTI>0,000000</BSP_ACQUISTI>
    <MALT_ACQUISTI>150,000000</MALT_ACQUISTI>
    <XAUS_ACQUISTI>0,000000</XAUS_ACQUISTI>
    <XFRA_ACQUISTI>0,000000</XFRA_ACQUISTI>
    <TOTALE_VENDITE>19218,751</TOTALE_VENDITE>
    <NAT_VENDITE>19616,751000</NAT_VENDITE>
    <CNOR_VENDITE>2185,801000</CNOR_VENDITE>
    <CSUD_VENDITE>1285,371000</CSUD_VENDITE>
    <NORD_VENDITE>8903,498000</NORD_VENDITE>
    <SARD_VENDITE>891,065000</SARD_VENDITE>
    <SICI_VENDITE>846,113000</SICI_VENDITE>
    <SUD_VENDITE>2339,813000</SUD_VENDITE>
    <AUST_VENDITE>0,000000</AUST_VENDITE>
    <BRNN_VENDITE>970,129000</BRNN_VENDITE>
    <COAC_VENDITE>0,000000</COAC_VENDITE>
    <CORS_VENDITE>0,000000</CORS_VENDITE>
    <FOGN_VENDITE>18,676000</FOGN_VENDITE>
    <FRAN_VENDITE>99,000000</FRAN_VENDITE>
    <GREC_VENDITE>338,000000</GREC_VENDITE>
    <MFTV_VENDITE>0,000000</MFTV_VENDITE>
    <PRGP_VENDITE>0,000000</PRGP_VENDITE>
    <ROSN_VENDITE>838,285000</ROSN_VENDITE>
    <SLOV_VENDITE>0,000000</SLOV_VENDITE>
    <SVIZ_VENDITE>503,000000</SVIZ_VENDITE>
    <BSP_VENDITE>87,000000</BSP_VENDITE>
    <MALT_VENDITE>0,000000</MALT_VENDITE>
    <XAUS_VENDITE>37,000000</XAUS_VENDITE>
    <XFRA_VENDITE>274,000000</XFRA_VENDITE>
    <TOTITABSP_VENDITE>19305,751</TOTITABSP_VENDITE>
    <TOTITABSP_ACQUISTI>19616,751</TOTITABSP_ACQUISTI>
  </Quantita>
  <Quantita>
    <Data>20180402</Data>
    <Mercato>MGP</Mercato>
    <Ora>5</Ora>
    <TOTALE_ACQUISTI>19617,554</TOTALE_ACQUISTI>
    <NAT_ACQUISTI>19617,554000</NAT_ACQUISTI>
    <CNOR_ACQUISTI>2063,458000</CNOR_ACQUISTI>
    <CSUD_ACQUISTI>3218,142000</CSUD_ACQUISTI>
    <NORD_ACQUISTI>10176,019000</NORD_ACQUISTI>
    <SARD_ACQUISTI>713,947000</SARD_ACQUISTI>
    <SICI_ACQUISTI>1328,133000</SICI_ACQUISTI>
    <SUD_ACQUISTI>1722,855000</SUD_ACQUISTI>
    <AUST_ACQUISTI>0,000000</AUST_ACQUISTI>
    <BRNN_ACQUISTI>0,000000</BRNN_ACQUISTI>
    <COAC_ACQUISTI>20,000000</COAC_ACQUISTI>
    <CORS_ACQUISTI>5,000000</CORS_ACQUISTI>
    <FOGN_ACQUISTI>0,000000</FOGN_ACQUISTI>
    <FRAN_ACQUISTI>0,000000</FRAN_ACQUISTI>
    <GREC_ACQUISTI>213,000000</GREC_ACQUISTI>
    <MFTV_ACQUISTI>0,000000</MFTV_ACQUISTI>
    <PRGP_ACQUISTI>0,000000</PRGP_ACQUISTI>
    <ROSN_ACQUISTI>0,000000</ROSN_ACQUISTI>
    <SLOV_ACQUISTI>0,000000</SLOV_ACQUISTI>
    <SVIZ_ACQUISTI>0,000000</SVIZ_ACQUISTI>
    <BSP_ACQUISTI>0,000000</BSP_ACQUISTI>
    <MALT_ACQUISTI>157,000000</MALT_ACQUISTI>
    <XAUS_ACQUISTI>0,000000</XAUS_ACQUISTI>
    <XFRA_ACQUISTI>0,000000</XFRA_ACQUISTI>
    <TOTALE_VENDITE>19219,554</TOTALE_VENDITE>
    <NAT_VENDITE>19617,554000</NAT_VENDITE>
    <CNOR_VENDITE>2221,225000</CNOR_VENDITE>
    <CSUD_VENDITE>1299,759000</CSUD_VENDITE>
    <NORD_VENDITE>8897,428000</NORD_VENDITE>
    <SARD_VENDITE>851,225000</SARD_VENDITE>
    <SICI_VENDITE>817,636000</SICI_VENDITE>
    <SUD_VENDITE>2387,528000</SUD_VENDITE>
    <AUST_VENDITE>0,000000</AUST_VENDITE>
    <BRNN_VENDITE>962,576000</BRNN_VENDITE>
    <COAC_VENDITE>0,000000</COAC_VENDITE>
    <CORS_VENDITE>0,000000</CORS_VENDITE>
    <FOGN_VENDITE>23,303000</FOGN_VENDITE>
    <FRAN_VENDITE>99,000000</FRAN_VENDITE>
    <GREC_VENDITE>327,000000</GREC_VENDITE>
    <MFTV_VENDITE>0,000000</MFTV_VENDITE>
    <PRGP_VENDITE>0,000000</PRGP_VENDITE>
    <ROSN_VENDITE>829,874000</ROSN_VENDITE>
    <SLOV_VENDITE>0,000000</SLOV_VENDITE>
    <SVIZ_VENDITE>503,000000</SVIZ_VENDITE>
    <BSP_VENDITE>87,000000</BSP_VENDITE>
    <MALT_VENDITE>0,000000</MALT_VENDITE>
    <XAUS_VENDITE>37,000000</XAUS_VENDITE>
    <XFRA_VENDITE>274,000000</XFRA_VENDITE>
    <TOTITABSP_VENDITE>19306,554</TOTITABSP_VENDITE>
    <TOTITABSP_ACQUISTI>19617,554</TOTITABSP_ACQUISTI>
  </Quantita>
  <Quantita>
    <Data>20180402</Data>
    <Mercato>MGP</Mercato>
    <Ora>6</Ora>
    <TOTALE_ACQUISTI>20084,604</TOTALE_ACQUISTI>
    <NAT_ACQUISTI>20084,604000</NAT_ACQUISTI>
    <CNOR_ACQUISTI>2052,902000</CNOR_ACQUISTI>
    <CSUD_ACQUISTI>3305,119000</CSUD_ACQUISTI>
    <NORD_ACQUISTI>10486,128000</NORD_ACQUISTI>
    <SARD_ACQUISTI>733,087000</SARD_ACQUISTI>
    <SICI_ACQUISTI>1357,984000</SICI_ACQUISTI>
    <SUD_ACQUISTI>1756,384000</SUD_ACQUISTI>
    <AUST_ACQUISTI>0,000000</AUST_ACQUISTI>
    <BRNN_ACQUISTI>0,000000</BRNN_ACQUISTI>
    <COAC_ACQUISTI>20,000000</COAC_ACQUISTI>
    <CORS_ACQUISTI>5,000000</CORS_ACQUISTI>
    <FOGN_ACQUISTI>0,000000</FOGN_ACQUISTI>
    <FRAN_ACQUISTI>0,000000</FRAN_ACQUISTI>
    <GREC_ACQUISTI>185,000000</GREC_ACQUISTI>
    <MFTV_ACQUISTI>0,000000</MFTV_ACQUISTI>
    <PRGP_ACQUISTI>0,000000</PRGP_ACQUISTI>
    <ROSN_ACQUISTI>0,000000</ROSN_ACQUISTI>
    <SLOV_ACQUISTI>0,000000</SLOV_ACQUISTI>
    <SVIZ_ACQUISTI>0,000000</SVIZ_ACQUISTI>
    <BSP_ACQUISTI>0,000000</BSP_ACQUISTI>
    <MALT_ACQUISTI>183,000000</MALT_ACQUISTI>
    <XAUS_ACQUISTI>0,000000</XAUS_ACQUISTI>
    <XFRA_ACQUISTI>0,000000</XFRA_ACQUISTI>
    <TOTALE_VENDITE>20084,604</TOTALE_VENDITE>
    <NAT_VENDITE>20084,604000</NAT_VENDITE>
    <CNOR_VENDITE>2230,043000</CNOR_VENDITE>
    <CSUD_VENDITE>1470,247000</CSUD_VENDITE>
    <NORD_VENDITE>9407,700000</NORD_VENDITE>
    <SARD_VENDITE>811,480000</SARD_VENDITE>
    <SICI_VENDITE>824,741000</SICI_VENDITE>
    <SUD_VENDITE>2356,070000</SUD_VENDITE>
    <AUST_VENDITE>0,000000</AUST_VENDITE>
    <BRNN_VENDITE>1026,599000</BRNN_VENDITE>
    <COAC_VENDITE>0,000000</COAC_VENDITE>
    <CORS_VENDITE>0,000000</CORS_VENDITE>
    <FOGN_VENDITE>409,179000</FOGN_VENDITE>
    <FRAN_VENDITE>0,000000</FRAN_VENDITE>
    <GREC_VENDITE>379,000000</GREC_VENDITE>
    <MFTV_VENDITE>0,000000</MFTV_VENDITE>
    <PRGP_VENDITE>0,000000</PRGP_VENDITE>
    <ROSN_VENDITE>819,545000</ROSN_VENDITE>
    <SLOV_VENDITE>0,000000</SLOV_VENDITE>
    <SVIZ_VENDITE>350,000000</SVIZ_VENDITE>
    <BSP_VENDITE>0,000000</BSP_VENDITE>
    <MALT_VENDITE>0,000000</MALT_VENDITE>
    <XAUS_VENDITE>0,000000</XAUS_VENDITE>
    <XFRA_VENDITE>0,000000</XFRA_VENDITE>
    <TOTITABSP_VENDITE>20084,604</TOTITABSP_VENDITE>
    <TOTITABSP_ACQUISTI>20084,604</TOTITABSP_ACQUISTI>
  </Quantita>
  <Quantita>
    <Data>20180402</Data>
    <Mercato>MGP</Mercato>
    <Ora>7</Ora>
    <TOTALE_ACQUISTI>21001,284</TOTALE_ACQUISTI>
    <NAT_ACQUISTI>21001,284000</NAT_ACQUISTI>
    <CNOR_ACQUISTI>2133,696000</CNOR_ACQUISTI>
    <CSUD_ACQUISTI>3441,333000</CSUD_ACQUISTI>
    <NORD_ACQUISTI>11038,505000</NORD_ACQUISTI>
    <SARD_ACQUISTI>778,054000</SARD_ACQUISTI>
    <SICI_ACQUISTI>1406,350000</SICI_ACQUISTI>
    <SUD_ACQUISTI>1766,346000</SUD_ACQUISTI>
    <AUST_ACQUISTI>0,000000</AUST_ACQUISTI>
    <BRNN_ACQUISTI>0,000000</BRNN_ACQUISTI>
    <COAC_ACQUISTI>30,000000</COAC_ACQUISTI>
    <CORS_ACQUISTI>5,000000</CORS_ACQUISTI>
    <FOGN_ACQUISTI>0,000000</FOGN_ACQUISTI>
    <FRAN_ACQUISTI>0,000000</FRAN_ACQUISTI>
    <GREC_ACQUISTI>180,000000</GREC_ACQUISTI>
    <MFTV_ACQUISTI>0,000000</MFTV_ACQUISTI>
    <PRGP_ACQUISTI>0,000000</PRGP_ACQUISTI>
    <ROSN_ACQUISTI>0,000000</ROSN_ACQUISTI>
    <SLOV_ACQUISTI>0,000000</SLOV_ACQUISTI>
    <SVIZ_ACQUISTI>0,000000</SVIZ_ACQUISTI>
    <BSP_ACQUISTI>0,000000</BSP_ACQUISTI>
    <MALT_ACQUISTI>222,000000</MALT_ACQUISTI>
    <XAUS_ACQUISTI>0,000000</XAUS_ACQUISTI>
    <XFRA_ACQUISTI>0,000000</XFRA_ACQUISTI>
    <TOTALE_VENDITE>21001,284</TOTALE_VENDITE>
    <NAT_VENDITE>21001,284000</NAT_VENDITE>
    <CNOR_VENDITE>2220,619000</CNOR_VENDITE>
    <CSUD_VENDITE>1826,529000</CSUD_VENDITE>
    <NORD_VENDITE>10296,458000</NORD_VENDITE>
    <SARD_VENDITE>794,145000</SARD_VENDITE>
    <SICI_VENDITE>757,733000</SICI_VENDITE>
    <SUD_VENDITE>2205,832000</SUD_VENDITE>
    <AUST_VENDITE>0,000000</AUST_VENDITE>
    <BRNN_VENDITE>1023,479000</BRNN_VENDITE>
    <COAC_VENDITE>0,000000</COAC_VENDITE>
    <CORS_VENDITE>0,000000</CORS_VENDITE>
    <FOGN_VENDITE>406,596000</FOGN_VENDITE>
    <FRAN_VENDITE>0,000000</FRAN_VENDITE>
    <GREC_VENDITE>310,000000</GREC_VENDITE>
    <MFTV_VENDITE>0,000000</MFTV_VENDITE>
    <PRGP_VENDITE>0,030000</PRGP_VENDITE>
    <ROSN_VENDITE>809,863000</ROSN_VENDITE>
    <SLOV_VENDITE>0,000000</SLOV_VENDITE>
    <SVIZ_VENDITE>350,000000</SVIZ_VENDITE>
    <BSP_VENDITE>0,000000</BSP_VENDITE>
    <MALT_VENDITE>0,000000</MALT_VENDITE>
    <XAUS_VENDITE>0,000000</XAUS_VENDITE>
    <XFRA_VENDITE>0,000000</XFRA_VENDITE>
    <TOTITABSP_VENDITE>21001,284</TOTITABSP_VENDITE>
    <TOTITABSP_ACQUISTI>21001,284</TOTITABSP_ACQUISTI>
  </Quantita>
  <Quantita>
    <Data>20180402</Data>
    <Mercato>MGP</Mercato>
    <Ora>8</Ora>
    <TOTALE_ACQUISTI>21453,312</TOTALE_ACQUISTI>
    <NAT_ACQUISTI>21453,312000</NAT_ACQUISTI>
    <CNOR_ACQUISTI>2154,810000</CNOR_ACQUISTI>
    <CSUD_ACQUISTI>3551,127000</CSUD_ACQUISTI>
    <NORD_ACQUISTI>11190,263000</NORD_ACQUISTI>
    <SARD_ACQUISTI>803,603000</SARD_ACQUISTI>
    <SICI_ACQUISTI>1461,291000</SICI_ACQUISTI>
    <SUD_ACQUISTI>1809,218000</SUD_ACQUISTI>
    <AUST_ACQUISTI>0,000000</AUST_ACQUISTI>
    <BRNN_ACQUISTI>0,000000</BRNN_ACQUISTI>
    <COAC_ACQUISTI>24,000000</COAC_ACQUISTI>
    <CORS_ACQUISTI>5,000000</CORS_ACQUISTI>
    <FOGN_ACQUISTI>0,000000</FOGN_ACQUISTI>
    <FRAN_ACQUISTI>0,000000</FRAN_ACQUISTI>
    <GREC_ACQUISTI>230,000000</GREC_ACQUISTI>
    <MFTV_ACQUISTI>0,000000</MFTV_ACQUISTI>
    <PRGP_ACQUISTI>0,000000</PRGP_ACQUISTI>
    <ROSN_ACQUISTI>0,000000</ROSN_ACQUISTI>
    <SLOV_ACQUISTI>0,000000</SLOV_ACQUISTI>
    <SVIZ_ACQUISTI>0,000000</SVIZ_ACQUISTI>
    <BSP_ACQUISTI>0,000000</BSP_ACQUISTI>
    <MALT_ACQUISTI>224,000000</MALT_ACQUISTI>
    <XAUS_ACQUISTI>0,000000</XAUS_ACQUISTI>
    <XFRA_ACQUISTI>0,000000</XFRA_ACQUISTI>
    <TOTALE_VENDITE>21453,312</TOTALE_VENDITE>
    <NAT_VENDITE>21453,312000</NAT_VENDITE>
    <CNOR_VENDITE>2274,026000</CNOR_VENDITE>
    <CSUD_VENDITE>1869,112000</CSUD_VENDITE>
    <NORD_VENDITE>10755,800000</NORD_VENDITE>
    <SARD_VENDITE>789,982000</SARD_VENDITE>
    <SICI_VENDITE>777,861000</SICI_VENDITE>
    <SUD_VENDITE>2177,548000</SUD_VENDITE>
    <AUST_VENDITE>0,000000</AUST_VENDITE>
    <BRNN_VENDITE>1021,718000</BRNN_VENDITE>
    <COAC_VENDITE>0,000000</COAC_VENDITE>
    <CORS_VENDITE>0,000000</CORS_VENDITE>
    <FOGN_VENDITE>401,100000</FOGN_VENDITE>
    <FRAN_VENDITE>0,000000</FRAN_VENDITE>
    <GREC_VENDITE>231,000000</GREC_VENDITE>
    <MFTV_VENDITE>0,000000</MFTV_VENDITE>
    <PRGP_VENDITE>1,074000</PRGP_VENDITE>
    <ROSN_VENDITE>804,091000</ROSN_VENDITE>
    <SLOV_VENDITE>0,000000</SLOV_VENDITE>
    <SVIZ_VENDITE>350,000000</SVIZ_VENDITE>
    <BSP_VENDITE>0,000000</BSP_VENDITE>
    <MALT_VENDITE>0,000000</MALT_VENDITE>
    <XAUS_VENDITE>0,000000</XAUS_VENDITE>
    <XFRA_VENDITE>0,000000</XFRA_VENDITE>
    <TOTITABSP_VENDITE>21453,312</TOTITABSP_VENDITE>
    <TOTITABSP_ACQUISTI>21453,312</TOTITABSP_ACQUISTI>
  </Quantita>
  <Quantita>
    <Data>20180402</Data>
    <Mercato>MGP</Mercato>
    <Ora>9</Ora>
    <TOTALE_ACQUISTI>23179,095</TOTALE_ACQUISTI>
    <NAT_ACQUISTI>23179,095000</NAT_ACQUISTI>
    <CNOR_ACQUISTI>2352,417000</CNOR_ACQUISTI>
    <CSUD_ACQUISTI>3926,195000</CSUD_ACQUISTI>
    <NORD_ACQUISTI>11898,155000</NORD_ACQUISTI>
    <SARD_ACQUISTI>868,260000</SARD_ACQUISTI>
    <SICI_ACQUISTI>1649,774000</SICI_ACQUISTI>
    <SUD_ACQUISTI>1996,294000</SUD_ACQUISTI>
    <AUST_ACQUISTI>0,000000</AUST_ACQUISTI>
    <BRNN_ACQUISTI>0,000000</BRNN_ACQUISTI>
    <COAC_ACQUISTI>25,000000</COAC_ACQUISTI>
    <CORS_ACQUISTI>5,000000</CORS_ACQUISTI>
    <FOGN_ACQUISTI>0,000000</FOGN_ACQUISTI>
    <FRAN_ACQUISTI>0,000000</FRAN_ACQUISTI>
    <GREC_ACQUISTI>235,000000</GREC_ACQUISTI>
    <MFTV_ACQUISTI>0,000000</MFTV_ACQUISTI>
    <PRGP_ACQUISTI>0,000000</PRGP_ACQUISTI>
    <ROSN_ACQUISTI>0,000000</ROSN_ACQUISTI>
    <SLOV_ACQUISTI>0,000000</SLOV_ACQUISTI>
    <SVIZ_ACQUISTI>0,000000</SVIZ_ACQUISTI>
    <BSP_ACQUISTI>0,000000</BSP_ACQUISTI>
    <MALT_ACQUISTI>223,000000</MALT_ACQUISTI>
    <XAUS_ACQUISTI>0,000000</XAUS_ACQUISTI>
    <XFRA_ACQUISTI>0,000000</XFRA_ACQUISTI>
    <TOTALE_VENDITE>23179,095</TOTALE_VENDITE>
    <NAT_VENDITE>23179,095000</NAT_VENDITE>
    <CNOR_VENDITE>2481,768000</CNOR_VENDITE>
    <CSUD_VENDITE>2153,186000</CSUD_VENDITE>
    <NORD_VENDITE>11653,344000</NORD_VENDITE>
    <SARD_VENDITE>834,646000</SARD_VENDITE>
    <SICI_VENDITE>915,580000</SICI_VENDITE>
    <SUD_VENDITE>2365,476000</SUD_VENDITE>
    <AUST_VENDITE>0,000000</AUST_VENDITE>
    <BRNN_VENDITE>1016,607000</BRNN_VENDITE>
    <COAC_VENDITE>0,000000</COAC_VENDITE>
    <CORS_VENDITE>0,000000</CORS_VENDITE>
    <FOGN_VENDITE>395,138000</FOGN_VENDITE>
    <FRAN_VENDITE>0,000000</FRAN_VENDITE>
    <GREC_VENDITE>216,000000</GREC_VENDITE>
    <MFTV_VENDITE>0,000000</MFTV_VENDITE>
    <PRGP_VENDITE>3,029000</PRGP_VENDITE>
    <ROSN_VENDITE>794,321000</ROSN_VENDITE>
    <SLOV_VENDITE>0,000000</SLOV_VENDITE>
    <SVIZ_VENDITE>350,000000</SVIZ_VENDITE>
    <BSP_VENDITE>0,000000</BSP_VENDITE>
    <MALT_VENDITE>0,000000</MALT_VENDITE>
    <XAUS_VENDITE>0,000000</XAUS_VENDITE>
    <XFRA_VENDITE>0,000000</XFRA_VENDITE>
    <TOTITABSP_VENDITE>23179,095</TOTITABSP_VENDITE>
    <TOTITABSP_ACQUISTI>23179,095</TOTITABSP_ACQUISTI>
  </Quantita>
  <Quantita>
    <Data>20180402</Data>
    <Mercato>MGP</Mercato>
    <Ora>10</Ora>
    <TOTALE_ACQUISTI>24191,95</TOTALE_ACQUISTI>
    <NAT_ACQUISTI>24191,950000</NAT_ACQUISTI>
    <CNOR_ACQUISTI>2467,814000</CNOR_ACQUISTI>
    <CSUD_ACQUISTI>4198,546000</CSUD_ACQUISTI>
    <NORD_ACQUISTI>12316,093000</NORD_ACQUISTI>
    <SARD_ACQUISTI>892,018000</SARD_ACQUISTI>
    <SICI_ACQUISTI>1753,285000</SICI_ACQUISTI>
    <SUD_ACQUISTI>2096,194000</SUD_ACQUISTI>
    <AUST_ACQUISTI>0,000000</AUST_ACQUISTI>
    <BRNN_ACQUISTI>0,000000</BRNN_ACQUISTI>
    <COAC_ACQUISTI>20,000000</COAC_ACQUISTI>
    <CORS_ACQUISTI>5,000000</CORS_ACQUISTI>
    <FOGN_ACQUISTI>0,000000</FOGN_ACQUISTI>
    <FRAN_ACQUISTI>0,000000</FRAN_ACQUISTI>
    <GREC_ACQUISTI>220,000000</GREC_ACQUISTI>
    <MFTV_ACQUISTI>0,000000</MFTV_ACQUISTI>
    <PRGP_ACQUISTI>0,000000</PRGP_ACQUISTI>
    <ROSN_ACQUISTI>0,000000</ROSN_ACQUISTI>
    <SLOV_ACQUISTI>0,000000</SLOV_ACQUISTI>
    <SVIZ_ACQUISTI>0,000000</SVIZ_ACQUISTI>
    <BSP_ACQUISTI>0,000000</BSP_ACQUISTI>
    <MALT_ACQUISTI>223,000000</MALT_ACQUISTI>
    <XAUS_ACQUISTI>0,000000</XAUS_ACQUISTI>
    <XFRA_ACQUISTI>0,000000</XFRA_ACQUISTI>
    <TOTALE_VENDITE>24191,95</TOTALE_VENDITE>
    <NAT_VENDITE>24191,950000</NAT_VENDITE>
    <CNOR_VENDITE>2694,542000</CNOR_VENDITE>
    <CSUD_VENDITE>2462,433000</CSUD_VENDITE>
    <NORD_VENDITE>11657,598000</NORD_VENDITE>
    <SARD_VENDITE>900,477000</SARD_VENDITE>
    <SICI_VENDITE>1067,568000</SICI_VENDITE>
    <SUD_VENDITE>2611,629000</SUD_VENDITE>
    <AUST_VENDITE>0,000000</AUST_VENDITE>
    <BRNN_VENDITE>1046,053000</BRNN_VENDITE>
    <COAC_VENDITE>0,000000</COAC_VENDITE>
    <CORS_VENDITE>0,000000</CORS_VENDITE>
    <FOGN_VENDITE>391,977000</FOGN_VENDITE>
    <FRAN_VENDITE>0,000000</FRAN_VENDITE>
    <GREC_VENDITE>224,000000</GREC_VENDITE>
    <MFTV_VENDITE>0,000000</MFTV_VENDITE>
    <PRGP_VENDITE>5,177000</PRGP_VENDITE>
    <ROSN_VENDITE>780,496000</ROSN_VENDITE>
    <SLOV_VENDITE>0,000000</SLOV_VENDITE>
    <SVIZ_VENDITE>350,000000</SVIZ_VENDITE>
    <BSP_VENDITE>0,000000</BSP_VENDITE>
    <MALT_VENDITE>0,000000</MALT_VENDITE>
    <XAUS_VENDITE>0,000000</XAUS_VENDITE>
    <XFRA_VENDITE>0,000000</XFRA_VENDITE>
    <TOTITABSP_VENDITE>24191,95</TOTITABSP_VENDITE>
    <TOTITABSP_ACQUISTI>24191,95</TOTITABSP_ACQUISTI>
  </Quantita>
  <Quantita>
    <Data>20180402</Data>
    <Mercato>MGP</Mercato>
    <Ora>11</Ora>
    <TOTALE_ACQUISTI>24364,616</TOTALE_ACQUISTI>
    <NAT_ACQUISTI>24364,616000</NAT_ACQUISTI>
    <CNOR_ACQUISTI>2516,520000</CNOR_ACQUISTI>
    <CSUD_ACQUISTI>4327,386000</CSUD_ACQUISTI>
    <NORD_ACQUISTI>12353,896000</NORD_ACQUISTI>
    <SARD_ACQUISTI>880,095000</SARD_ACQUISTI>
    <SICI_ACQUISTI>1769,661000</SICI_ACQUISTI>
    <SUD_ACQUISTI>2124,058000</SUD_ACQUISTI>
    <AUST_ACQUISTI>0,000000</AUST_ACQUISTI>
    <BRNN_ACQUISTI>0,000000</BRNN_ACQUISTI>
    <COAC_ACQUISTI>20,000000</COAC_ACQUISTI>
    <CORS_ACQUISTI>5,000000</CORS_ACQUISTI>
    <FOGN_ACQUISTI>0,000000</FOGN_ACQUISTI>
    <FRAN_ACQUISTI>0,000000</FRAN_ACQUISTI>
    <GREC_ACQUISTI>155,000000</GREC_ACQUISTI>
    <MFTV_ACQUISTI>0,000000</MFTV_ACQUISTI>
    <PRGP_ACQUISTI>0,000000</PRGP_ACQUISTI>
    <ROSN_ACQUISTI>0,000000</ROSN_ACQUISTI>
    <SLOV_ACQUISTI>0,000000</SLOV_ACQUISTI>
    <SVIZ_ACQUISTI>0,000000</SVIZ_ACQUISTI>
    <BSP_ACQUISTI>0,000000</BSP_ACQUISTI>
    <MALT_ACQUISTI>213,000000</MALT_ACQUISTI>
    <XAUS_ACQUISTI>0,000000</XAUS_ACQUISTI>
    <XFRA_ACQUISTI>0,000000</XFRA_ACQUISTI>
    <TOTALE_VENDITE>24364,616</TOTALE_VENDITE>
    <NAT_VENDITE>24364,616000</NAT_VENDITE>
    <CNOR_VENDITE>2831,387000</CNOR_VENDITE>
    <CSUD_VENDITE>2160,641000</CSUD_VENDITE>
    <NORD_VENDITE>11700,383000</NORD_VENDITE>
    <SARD_VENDITE>983,987000</SARD_VENDITE>
    <SICI_VENDITE>1195,492000</SICI_VENDITE>
    <SUD_VENDITE>2867,929000</SUD_VENDITE>
    <AUST_VENDITE>0,000000</AUST_VENDITE>
    <BRNN_VENDITE>1044,011000</BRNN_VENDITE>
    <COAC_VENDITE>0,000000</COAC_VENDITE>
    <CORS_VENDITE>0,000000</CORS_VENDITE>
    <FOGN_VENDITE>357,857000</FOGN_VENDITE>
    <FRAN_VENDITE>0,000000</FRAN_VENDITE>
    <GREC_VENDITE>97,000000</GREC_VENDITE>
    <MFTV_VENDITE>0,000000</MFTV_VENDITE>
    <PRGP_VENDITE>6,918000</PRGP_VENDITE>
    <ROSN_VENDITE>769,011000</ROSN_VENDITE>
    <SLOV_VENDITE>0,000000</SLOV_VENDITE>
    <SVIZ_VENDITE>350,000000</SVIZ_VENDITE>
    <BSP_VENDITE>0,000000</BSP_VENDITE>
    <MALT_VENDITE>0,000000</MALT_VENDITE>
    <XAUS_VENDITE>0,000000</XAUS_VENDITE>
    <XFRA_VENDITE>0,000000</XFRA_VENDITE>
    <TOTITABSP_VENDITE>24364,616</TOTITABSP_VENDITE>
    <TOTITABSP_ACQUISTI>24364,616</TOTITABSP_ACQUISTI>
  </Quantita>
  <Quantita>
    <Data>20180402</Data>
    <Mercato>MGP</Mercato>
    <Ora>12</Ora>
    <TOTALE_ACQUISTI>24324,989</TOTALE_ACQUISTI>
    <NAT_ACQUISTI>24324,989000</NAT_ACQUISTI>
    <CNOR_ACQUISTI>2519,645000</CNOR_ACQUISTI>
    <CSUD_ACQUISTI>4328,062000</CSUD_ACQUISTI>
    <NORD_ACQUISTI>12302,221000</NORD_ACQUISTI>
    <SARD_ACQUISTI>852,175000</SARD_ACQUISTI>
    <SICI_ACQUISTI>1719,040000</SICI_ACQUISTI>
    <SUD_ACQUISTI>2120,846000</SUD_ACQUISTI>
    <AUST_ACQUISTI>0,000000</AUST_ACQUISTI>
    <BRNN_ACQUISTI>0,000000</BRNN_ACQUISTI>
    <COAC_ACQUISTI>20,000000</COAC_ACQUISTI>
    <CORS_ACQUISTI>5,000000</CORS_ACQUISTI>
    <FOGN_ACQUISTI>0,000000</FOGN_ACQUISTI>
    <FRAN_ACQUISTI>0,000000</FRAN_ACQUISTI>
    <GREC_ACQUISTI>250,000000</GREC_ACQUISTI>
    <MFTV_ACQUISTI>0,000000</MFTV_ACQUISTI>
    <PRGP_ACQUISTI>0,000000</PRGP_ACQUISTI>
    <ROSN_ACQUISTI>0,000000</ROSN_ACQUISTI>
    <SLOV_ACQUISTI>0,000000</SLOV_ACQUISTI>
    <SVIZ_ACQUISTI>0,000000</SVIZ_ACQUISTI>
    <BSP_ACQUISTI>0,000000</BSP_ACQUISTI>
    <MALT_ACQUISTI>208,000000</MALT_ACQUISTI>
    <XAUS_ACQUISTI>0,000000</XAUS_ACQUISTI>
    <XFRA_ACQUISTI>0,000000</XFRA_ACQUISTI>
    <TOTALE_VENDITE>24324,989</TOTALE_VENDITE>
    <NAT_VENDITE>24324,989000</NAT_VENDITE>
    <CNOR_VENDITE>3017,898000</CNOR_VENDITE>
    <CSUD_VENDITE>2334,857000</CSUD_VENDITE>
    <NORD_VENDITE>11331,332000</NORD_VENDITE>
    <SARD_VENDITE>1067,223000</SARD_VENDITE>
    <SICI_VENDITE>1324,590000</SICI_VENDITE>
    <SUD_VENDITE>3086,086000</SUD_VENDITE>
    <AUST_VENDITE>0,000000</AUST_VENDITE>
    <BRNN_VENDITE>948,383000</BRNN_VENDITE>
    <COAC_VENDITE>0,000000</COAC_VENDITE>
    <CORS_VENDITE>0,000000</CORS_VENDITE>
    <FOGN_VENDITE>14,614000</FOGN_VENDITE>
    <FRAN_VENDITE>0,000000</FRAN_VENDITE>
    <GREC_VENDITE>87,000000</GREC_VENDITE>
    <MFTV_VENDITE>0,000000</MFTV_VENDITE>
    <PRGP_VENDITE>7,973000</PRGP_VENDITE>
    <ROSN_VENDITE>755,033000</ROSN_VENDITE>
    <SLOV_VENDITE>0,000000</SLOV_VENDITE>
    <SVIZ_VENDITE>350,000000</SVIZ_VENDITE>
    <BSP_VENDITE>0,000000</BSP_VENDITE>
    <MALT_VENDITE>0,000000</MALT_VENDITE>
    <XAUS_VENDITE>0,000000</XAUS_VENDITE>
    <XFRA_VENDITE>0,000000</XFRA_VENDITE>
    <TOTITABSP_VENDITE>24324,989</TOTITABSP_VENDITE>
    <TOTITABSP_ACQUISTI>24324,989</TOTITABSP_ACQUISTI>
  </Quantita>
  <Quantita>
    <Data>20180402</Data>
    <Mercato>MGP</Mercato>
    <Ora>13</Ora>
    <TOTALE_ACQUISTI>23948,683</TOTALE_ACQUISTI>
    <NAT_ACQUISTI>23948,683000</NAT_ACQUISTI>
    <CNOR_ACQUISTI>2474,328000</CNOR_ACQUISTI>
    <CSUD_ACQUISTI>4345,430000</CSUD_ACQUISTI>
    <NORD_ACQUISTI>11992,104000</NORD_ACQUISTI>
    <SARD_ACQUISTI>831,422000</SARD_ACQUISTI>
    <SICI_ACQUISTI>1654,424000</SICI_ACQUISTI>
    <SUD_ACQUISTI>2094,975000</SUD_ACQUISTI>
    <AUST_ACQUISTI>0,000000</AUST_ACQUISTI>
    <BRNN_ACQUISTI>0,000000</BRNN_ACQUISTI>
    <COAC_ACQUISTI>20,000000</COAC_ACQUISTI>
    <CORS_ACQUISTI>5,000000</CORS_ACQUISTI>
    <FOGN_ACQUISTI>0,000000</FOGN_ACQUISTI>
    <FRAN_ACQUISTI>0,000000</FRAN_ACQUISTI>
    <GREC_ACQUISTI>325,000000</GREC_ACQUISTI>
    <MFTV_ACQUISTI>0,000000</MFTV_ACQUISTI>
    <PRGP_ACQUISTI>0,000000</PRGP_ACQUISTI>
    <ROSN_ACQUISTI>0,000000</ROSN_ACQUISTI>
    <SLOV_ACQUISTI>0,000000</SLOV_ACQUISTI>
    <SVIZ_ACQUISTI>0,000000</SVIZ_ACQUISTI>
    <BSP_ACQUISTI>0,000000</BSP_ACQUISTI>
    <MALT_ACQUISTI>206,000000</MALT_ACQUISTI>
    <XAUS_ACQUISTI>0,000000</XAUS_ACQUISTI>
    <XFRA_ACQUISTI>0,000000</XFRA_ACQUISTI>
    <TOTALE_VENDITE>23948,683</TOTALE_VENDITE>
    <NAT_VENDITE>23948,683000</NAT_VENDITE>
    <CNOR_VENDITE>2896,747000</CNOR_VENDITE>
    <CSUD_VENDITE>2449,108000</CSUD_VENDITE>
    <NORD_VENDITE>10847,633000</NORD_VENDITE>
    <SARD_VENDITE>1067,342000</SARD_VENDITE>
    <SICI_VENDITE>1361,691000</SICI_VENDITE>
    <SUD_VENDITE>3194,439000</SUD_VENDITE>
    <AUST_VENDITE>0,000000</AUST_VENDITE>
    <BRNN_VENDITE>949,559000</BRNN_VENDITE>
    <COAC_VENDITE>0,000000</COAC_VENDITE>
    <CORS_VENDITE>0,000000</CORS_VENDITE>
    <FOGN_VENDITE>16,691000</FOGN_VENDITE>
    <FRAN_VENDITE>0,000000</FRAN_VENDITE>
    <GREC_VENDITE>63,000000</GREC_VENDITE>
    <MFTV_VENDITE>0,000000</MFTV_VENDITE>
    <PRGP_VENDITE>8,425000</PRGP_VENDITE>
    <ROSN_VENDITE>744,048000</ROSN_VENDITE>
    <SLOV_VENDITE>0,000000</SLOV_VENDITE>
    <SVIZ_VENDITE>350,000000</SVIZ_VENDITE>
    <BSP_VENDITE>0,000000</BSP_VENDITE>
    <MALT_VENDITE>0,000000</MALT_VENDITE>
    <XAUS_VENDITE>0,000000</XAUS_VENDITE>
    <XFRA_VENDITE>0,000000</XFRA_VENDITE>
    <TOTITABSP_VENDITE>23948,683</TOTITABSP_VENDITE>
    <TOTITABSP_ACQUISTI>23948,683</TOTITABSP_ACQUISTI>
  </Quantita>
  <Quantita>
    <Data>20180402</Data>
    <Mercato>MGP</Mercato>
    <Ora>14</Ora>
    <TOTALE_ACQUISTI>22753,246</TOTALE_ACQUISTI>
    <NAT_ACQUISTI>23180,603000</NAT_ACQUISTI>
    <CNOR_ACQUISTI>2322,764000</CNOR_ACQUISTI>
    <CSUD_ACQUISTI>4114,235000</CSUD_ACQUISTI>
    <NORD_ACQUISTI>11494,124000</NORD_ACQUISTI>
    <SARD_ACQUISTI>772,441000</SARD_ACQUISTI>
    <SICI_ACQUISTI>1515,054000</SICI_ACQUISTI>
    <SUD_ACQUISTI>1891,628000</SUD_ACQUISTI>
    <AUST_ACQUISTI>0,000000</AUST_ACQUISTI>
    <BRNN_ACQUISTI>0,000000</BRNN_ACQUISTI>
    <COAC_ACQUISTI>20,000000</COAC_ACQUISTI>
    <CORS_ACQUISTI>5,000000</CORS_ACQUISTI>
    <FOGN_ACQUISTI>0,000000</FOGN_ACQUISTI>
    <FRAN_ACQUISTI>0,000000</FRAN_ACQUISTI>
    <GREC_ACQUISTI>403,000000</GREC_ACQUISTI>
    <MFTV_ACQUISTI>0,000000</MFTV_ACQUISTI>
    <PRGP_ACQUISTI>0,000000</PRGP_ACQUISTI>
    <ROSN_ACQUISTI>0,000000</ROSN_ACQUISTI>
    <SLOV_ACQUISTI>0,000000</SLOV_ACQUISTI>
    <SVIZ_ACQUISTI>0,000000</SVIZ_ACQUISTI>
    <BSP_ACQUISTI>0,000000</BSP_ACQUISTI>
    <MALT_ACQUISTI>215,000000</MALT_ACQUISTI>
    <XAUS_ACQUISTI>0,000000</XAUS_ACQUISTI>
    <XFRA_ACQUISTI>427,357000</XFRA_ACQUISTI>
    <TOTALE_VENDITE>23180,603</TOTALE_VENDITE>
    <NAT_VENDITE>23180,603000</NAT_VENDITE>
    <CNOR_VENDITE>2767,100000</CNOR_VENDITE>
    <CSUD_VENDITE>2488,057000</CSUD_VENDITE>
    <NORD_VENDITE>10534,347000</NORD_VENDITE>
    <SARD_VENDITE>1098,095000</SARD_VENDITE>
    <SICI_VENDITE>1359,550000</SICI_VENDITE>
    <SUD_VENDITE>3171,328000</SUD_VENDITE>
    <AUST_VENDITE>0,000000</AUST_VENDITE>
    <BRNN_VENDITE>950,806000</BRNN_VENDITE>
    <COAC_VENDITE>0,000000</COAC_VENDITE>
    <CORS_VENDITE>0,000000</CORS_VENDITE>
    <FOGN_VENDITE>18,441000</FOGN_VENDITE>
    <FRAN_VENDITE>0,000000</FRAN_VENDITE>
    <GREC_VENDITE>64,000000</GREC_VENDITE>
    <MFTV_VENDITE>0,000000</MFTV_VENDITE>
    <PRGP_VENDITE>8,441000</PRGP_VENDITE>
    <ROSN_VENDITE>370,438000</ROSN_VENDITE>
    <SLOV_VENDITE>0,000000</SLOV_VENDITE>
    <SVIZ_VENDITE>350,000000</SVIZ_VENDITE>
    <BSP_VENDITE>0,000000</BSP_VENDITE>
    <MALT_VENDITE>0,000000</MALT_VENDITE>
    <XAUS_VENDITE>0,000000</XAUS_VENDITE>
    <XFRA_VENDITE>0,000000</XFRA_VENDITE>
    <TOTITABSP_VENDITE>23180,603</TOTITABSP_VENDITE>
    <TOTITABSP_ACQUISTI>22753,246</TOTITABSP_ACQUISTI>
  </Quantita>
  <Quantita>
    <Data>20180402</Data>
    <Mercato>MGP</Mercato>
    <Ora>15</Ora>
    <TOTALE_ACQUISTI>22155,417</TOTALE_ACQUISTI>
    <NAT_ACQUISTI>22545,438000</NAT_ACQUISTI>
    <CNOR_ACQUISTI>2275,020000</CNOR_ACQUISTI>
    <CSUD_ACQUISTI>3941,438000</CSUD_ACQUISTI>
    <NORD_ACQUISTI>11418,846000</NORD_ACQUISTI>
    <SARD_ACQUISTI>734,231000</SARD_ACQUISTI>
    <SICI_ACQUISTI>1413,237000</SICI_ACQUISTI>
    <SUD_ACQUISTI>1736,645000</SUD_ACQUISTI>
    <AUST_ACQUISTI>0,000000</AUST_ACQUISTI>
    <BRNN_ACQUISTI>0,000000</BRNN_ACQUISTI>
    <COAC_ACQUISTI>20,000000</COAC_ACQUISTI>
    <CORS_ACQUISTI>5,000000</CORS_ACQUISTI>
    <FOGN_ACQUISTI>0,000000</FOGN_ACQUISTI>
    <FRAN_ACQUISTI>0,000000</FRAN_ACQUISTI>
    <GREC_ACQUISTI>393,000000</GREC_ACQUISTI>
    <MFTV_ACQUISTI>0,000000</MFTV_ACQUISTI>
    <PRGP_ACQUISTI>0,000000</PRGP_ACQUISTI>
    <ROSN_ACQUISTI>0,000000</ROSN_ACQUISTI>
    <SLOV_ACQUISTI>0,000000</SLOV_ACQUISTI>
    <SVIZ_ACQUISTI>0,000000</SVIZ_ACQUISTI>
    <BSP_ACQUISTI>0,000000</BSP_ACQUISTI>
    <MALT_ACQUISTI>218,000000</MALT_ACQUISTI>
    <XAUS_ACQUISTI>0,000000</XAUS_ACQUISTI>
    <XFRA_ACQUISTI>390,021000</XFRA_ACQUISTI>
    <TOTALE_VENDITE>22545,438</TOTALE_VENDITE>
    <NAT_VENDITE>22545,438000</NAT_VENDITE>
    <CNOR_VENDITE>2692,893000</CNOR_VENDITE>
    <CSUD_VENDITE>2420,223000</CSUD_VENDITE>
    <NORD_VENDITE>10123,930000</NORD_VENDITE>
    <SARD_VENDITE>1094,878000</SARD_VENDITE>
    <SICI_VENDITE>1329,583000</SICI_VENDITE>
    <SUD_VENDITE>3066,555000</SUD_VENDITE>
    <AUST_VENDITE>0,000000</AUST_VENDITE>
    <BRNN_VENDITE>955,773000</BRNN_VENDITE>
    <COAC_VENDITE>0,000000</COAC_VENDITE>
    <CORS_VENDITE>0,000000</CORS_VENDITE>
    <FOGN_VENDITE>68,699000</FOGN_VENDITE>
    <FRAN_VENDITE>0,000000</FRAN_VENDITE>
    <GREC_VENDITE>66,000000</GREC_VENDITE>
    <MFTV_VENDITE>0,000000</MFTV_VENDITE>
    <PRGP_VENDITE>7,869000</PRGP_VENDITE>
    <ROSN_VENDITE>369,035000</ROSN_VENDITE>
    <SLOV_VENDITE>0,000000</SLOV_VENDITE>
    <SVIZ_VENDITE>350,000000</SVIZ_VENDITE>
    <BSP_VENDITE>0,000000</BSP_VENDITE>
    <MALT_VENDITE>0,000000</MALT_VENDITE>
    <XAUS_VENDITE>0,000000</XAUS_VENDITE>
    <XFRA_VENDITE>0,000000</XFRA_VENDITE>
    <TOTITABSP_VENDITE>22545,438</TOTITABSP_VENDITE>
    <TOTITABSP_ACQUISTI>22155,417</TOTITABSP_ACQUISTI>
  </Quantita>
  <Quantita>
    <Data>20180402</Data>
    <Mercato>MGP</Mercato>
    <Ora>16</Ora>
    <TOTALE_ACQUISTI>22049,749</TOTALE_ACQUISTI>
    <NAT_ACQUISTI>22049,749000</NAT_ACQUISTI>
    <CNOR_ACQUISTI>2265,813000</CNOR_ACQUISTI>
    <CSUD_ACQUISTI>3914,833000</CSUD_ACQUISTI>
    <NORD_ACQUISTI>11381,913000</NORD_ACQUISTI>
    <SARD_ACQUISTI>731,377000</SARD_ACQUISTI>
    <SICI_ACQUISTI>1407,162000</SICI_ACQUISTI>
    <SUD_ACQUISTI>1765,651000</SUD_ACQUISTI>
    <AUST_ACQUISTI>0,000000</AUST_ACQUISTI>
    <BRNN_ACQUISTI>0,000000</BRNN_ACQUISTI>
    <COAC_ACQUISTI>20,000000</COAC_ACQUISTI>
    <CORS_ACQUISTI>5,000000</CORS_ACQUISTI>
    <FOGN_ACQUISTI>0,000000</FOGN_ACQUISTI>
    <FRAN_ACQUISTI>0,000000</FRAN_ACQUISTI>
    <GREC_ACQUISTI>338,000000</GREC_ACQUISTI>
    <MFTV_ACQUISTI>0,000000</MFTV_ACQUISTI>
    <PRGP_ACQUISTI>0,000000</PRGP_ACQUISTI>
    <ROSN_ACQUISTI>0,000000</ROSN_ACQUISTI>
    <SLOV_ACQUISTI>0,000000</SLOV_ACQUISTI>
    <SVIZ_ACQUISTI>0,000000</SVIZ_ACQUISTI>
    <BSP_ACQUISTI>0,000000</BSP_ACQUISTI>
    <MALT_ACQUISTI>220,000000</MALT_ACQUISTI>
    <XAUS_ACQUISTI>0,000000</XAUS_ACQUISTI>
    <XFRA_ACQUISTI>0,000000</XFRA_ACQUISTI>
    <TOTALE_VENDITE>22049,749</TOTALE_VENDITE>
    <NAT_VENDITE>22049,749000</NAT_VENDITE>
    <CNOR_VENDITE>2718,107000</CNOR_VENDITE>
    <CSUD_VENDITE>2266,176000</CSUD_VENDITE>
    <NORD_VENDITE>9937,759000</NORD_VENDITE>
    <SARD_VENDITE>1060,434000</SARD_VENDITE>
    <SICI_VENDITE>1252,343000</SICI_VENDITE>
    <SUD_VENDITE>2833,452000</SUD_VENDITE>
    <AUST_VENDITE>0,000000</AUST_VENDITE>
    <BRNN_VENDITE>958,708000</BRNN_VENDITE>
    <COAC_VENDITE>0,000000</COAC_VENDITE>
    <CORS_VENDITE>0,000000</CORS_VENDITE>
    <FOGN_VENDITE>164,825000</FOGN_VENDITE>
    <FRAN_VENDITE>0,000000</FRAN_VENDITE>
    <GREC_VENDITE>71,000000</GREC_VENDITE>
    <MFTV_VENDITE>0,000000</MFTV_VENDITE>
    <PRGP_VENDITE>6,450000</PRGP_VENDITE>
    <ROSN_VENDITE>430,495000</ROSN_VENDITE>
    <SLOV_VENDITE>0,000000</SLOV_VENDITE>
    <SVIZ_VENDITE>350,000000</SVIZ_VENDITE>
    <BSP_VENDITE>0,000000</BSP_VENDITE>
    <MALT_VENDITE>0,000000</MALT_VENDITE>
    <XAUS_VENDITE>0,000000</XAUS_VENDITE>
    <XFRA_VENDITE>0,000000</XFRA_VENDITE>
    <TOTITABSP_VENDITE>22049,749</TOTITABSP_VENDITE>
    <TOTITABSP_ACQUISTI>22049,749</TOTITABSP_ACQUISTI>
  </Quantita>
  <Quantita>
    <Data>20180402</Data>
    <Mercato>MGP</Mercato>
    <Ora>17</Ora>
    <TOTALE_ACQUISTI>22234,126</TOTALE_ACQUISTI>
    <NAT_ACQUISTI>22234,126000</NAT_ACQUISTI>
    <CNOR_ACQUISTI>2296,745000</CNOR_ACQUISTI>
    <CSUD_ACQUISTI>3947,221000</CSUD_ACQUISTI>
    <NORD_ACQUISTI>11498,441000</NORD_ACQUISTI>
    <SARD_ACQUISTI>748,949000</SARD_ACQUISTI>
    <SICI_ACQUISTI>1431,727000</SICI_ACQUISTI>
    <SUD_ACQUISTI>1819,043000</SUD_ACQUISTI>
    <AUST_ACQUISTI>0,000000</AUST_ACQUISTI>
    <BRNN_ACQUISTI>0,000000</BRNN_ACQUISTI>
    <COAC_ACQUISTI>20,000000</COAC_ACQUISTI>
    <CORS_ACQUISTI>5,000000</CORS_ACQUISTI>
    <FOGN_ACQUISTI>0,000000</FOGN_ACQUISTI>
    <FRAN_ACQUISTI>0,000000</FRAN_ACQUISTI>
    <GREC_ACQUISTI>245,000000</GREC_ACQUISTI>
    <MFTV_ACQUISTI>0,000000</MFTV_ACQUISTI>
    <PRGP_ACQUISTI>0,000000</PRGP_ACQUISTI>
    <ROSN_ACQUISTI>0,000000</ROSN_ACQUISTI>
    <SLOV_ACQUISTI>0,000000</SLOV_ACQUISTI>
    <SVIZ_ACQUISTI>0,000000</SVIZ_ACQUISTI>
    <BSP_ACQUISTI>0,000000</BSP_ACQUISTI>
    <MALT_ACQUISTI>222,000000</MALT_ACQUISTI>
    <XAUS_ACQUISTI>0,000000</XAUS_ACQUISTI>
    <XFRA_ACQUISTI>0,000000</XFRA_ACQUISTI>
    <TOTALE_VENDITE>22234,126</TOTALE_VENDITE>
    <NAT_VENDITE>22234,126000</NAT_VENDITE>
    <CNOR_VENDITE>2761,604000</CNOR_VENDITE>
    <CSUD_VENDITE>2081,033000</CSUD_VENDITE>
    <NORD_VENDITE>10225,058000</NORD_VENDITE>
    <SARD_VENDITE>1079,539000</SARD_VENDITE>
    <SICI_VENDITE>1179,105000</SICI_VENDITE>
    <SUD_VENDITE>2522,473000</SUD_VENDITE>
    <AUST_VENDITE>0,000000</AUST_VENDITE>
    <BRNN_VENDITE>960,768000</BRNN_VENDITE>
    <COAC_VENDITE>0,000000</COAC_VENDITE>
    <CORS_VENDITE>0,000000</CORS_VENDITE>
    <FOGN_VENDITE>267,171000</FOGN_VENDITE>
    <FRAN_VENDITE>0,000000</FRAN_VENDITE>
    <GREC_VENDITE>74,000000</GREC_VENDITE>
    <MFTV_VENDITE>0,000000</MFTV_VENDITE>
    <PRGP_VENDITE>4,524000</PRGP_VENDITE>
    <ROSN_VENDITE>728,851000</ROSN_VENDITE>
    <SLOV_VENDITE>0,000000</SLOV_VENDITE>
    <SVIZ_VENDITE>350,000000</SVIZ_VENDITE>
    <BSP_VENDITE>0,000000</BSP_VENDITE>
    <MALT_VENDITE>0,000000</MALT_VENDITE>
    <XAUS_VENDITE>0,000000</XAUS_VENDITE>
    <XFRA_VENDITE>0,000000</XFRA_VENDITE>
    <TOTITABSP_VENDITE>22234,126</TOTITABSP_VENDITE>
    <TOTITABSP_ACQUISTI>22234,126</TOTITABSP_ACQUISTI>
  </Quantita>
  <Quantita>
    <Data>20180402</Data>
    <Mercato>MGP</Mercato>
    <Ora>18</Ora>
    <TOTALE_ACQUISTI>23168,865</TOTALE_ACQUISTI>
    <NAT_ACQUISTI>23168,865000</NAT_ACQUISTI>
    <CNOR_ACQUISTI>2412,086000</CNOR_ACQUISTI>
    <CSUD_ACQUISTI>4085,005000</CSUD_ACQUISTI>
    <NORD_ACQUISTI>12076,480000</NORD_ACQUISTI>
    <SARD_ACQUISTI>793,468000</SARD_ACQUISTI>
    <SICI_ACQUISTI>1500,862000</SICI_ACQUISTI>
    <SUD_ACQUISTI>1937,964000</SUD_ACQUISTI>
    <AUST_ACQUISTI>0,000000</AUST_ACQUISTI>
    <BRNN_ACQUISTI>0,000000</BRNN_ACQUISTI>
    <COAC_ACQUISTI>20,000000</COAC_ACQUISTI>
    <CORS_ACQUISTI>5,000000</CORS_ACQUISTI>
    <FOGN_ACQUISTI>0,000000</FOGN_ACQUISTI>
    <FRAN_ACQUISTI>0,000000</FRAN_ACQUISTI>
    <GREC_ACQUISTI>115,000000</GREC_ACQUISTI>
    <MFTV_ACQUISTI>0,000000</MFTV_ACQUISTI>
    <PRGP_ACQUISTI>0,000000</PRGP_ACQUISTI>
    <ROSN_ACQUISTI>0,000000</ROSN_ACQUISTI>
    <SLOV_ACQUISTI>0,000000</SLOV_ACQUISTI>
    <SVIZ_ACQUISTI>0,000000</SVIZ_ACQUISTI>
    <BSP_ACQUISTI>0,000000</BSP_ACQUISTI>
    <MALT_ACQUISTI>223,000000</MALT_ACQUISTI>
    <XAUS_ACQUISTI>0,000000</XAUS_ACQUISTI>
    <XFRA_ACQUISTI>0,000000</XFRA_ACQUISTI>
    <TOTALE_VENDITE>23168,865</TOTALE_VENDITE>
    <NAT_VENDITE>23168,865000</NAT_VENDITE>
    <CNOR_VENDITE>2561,365000</CNOR_VENDITE>
    <CSUD_VENDITE>2386,643000</CSUD_VENDITE>
    <NORD_VENDITE>10991,148000</NORD_VENDITE>
    <SARD_VENDITE>1010,365000</SARD_VENDITE>
    <SICI_VENDITE>1029,164000</SICI_VENDITE>
    <SUD_VENDITE>2200,301000</SUD_VENDITE>
    <AUST_VENDITE>0,000000</AUST_VENDITE>
    <BRNN_VENDITE>1055,447000</BRNN_VENDITE>
    <COAC_VENDITE>0,000000</COAC_VENDITE>
    <CORS_VENDITE>0,000000</CORS_VENDITE>
    <FOGN_VENDITE>634,033000</FOGN_VENDITE>
    <FRAN_VENDITE>0,000000</FRAN_VENDITE>
    <GREC_VENDITE>219,000000</GREC_VENDITE>
    <MFTV_VENDITE>0,000000</MFTV_VENDITE>
    <PRGP_VENDITE>2,543000</PRGP_VENDITE>
    <ROSN_VENDITE>728,856000</ROSN_VENDITE>
    <SLOV_VENDITE>0,000000</SLOV_VENDITE>
    <SVIZ_VENDITE>350,000000</SVIZ_VENDITE>
    <BSP_VENDITE>0,000000</BSP_VENDITE>
    <MALT_VENDITE>0,000000</MALT_VENDITE>
    <XAUS_VENDITE>0,000000</XAUS_VENDITE>
    <XFRA_VENDITE>0,000000</XFRA_VENDITE>
    <TOTITABSP_VENDITE>23168,865</TOTITABSP_VENDITE>
    <TOTITABSP_ACQUISTI>23168,865</TOTITABSP_ACQUISTI>
  </Quantita>
  <Quantita>
    <Data>20180402</Data>
    <Mercato>MGP</Mercato>
    <Ora>19</Ora>
    <TOTALE_ACQUISTI>24533,561</TOTALE_ACQUISTI>
    <NAT_ACQUISTI>24533,561000</NAT_ACQUISTI>
    <CNOR_ACQUISTI>2581,137000</CNOR_ACQUISTI>
    <CSUD_ACQUISTI>4269,403000</CSUD_ACQUISTI>
    <NORD_ACQUISTI>12942,778000</NORD_ACQUISTI>
    <SARD_ACQUISTI>852,243000</SARD_ACQUISTI>
    <SICI_ACQUISTI>1594,829000</SICI_ACQUISTI>
    <SUD_ACQUISTI>2049,171000</SUD_ACQUISTI>
    <AUST_ACQUISTI>0,000000</AUST_ACQUISTI>
    <BRNN_ACQUISTI>0,000000</BRNN_ACQUISTI>
    <COAC_ACQUISTI>20,000000</COAC_ACQUISTI>
    <CORS_ACQUISTI>5,000000</CORS_ACQUISTI>
    <FOGN_ACQUISTI>0,000000</FOGN_ACQUISTI>
    <FRAN_ACQUISTI>0,000000</FRAN_ACQUISTI>
    <GREC_ACQUISTI>0,000000</GREC_ACQUISTI>
    <MFTV_ACQUISTI>0,000000</MFTV_ACQUISTI>
    <PRGP_ACQUISTI>0,000000</PRGP_ACQUISTI>
    <ROSN_ACQUISTI>0,000000</ROSN_ACQUISTI>
    <SLOV_ACQUISTI>0,000000</SLOV_ACQUISTI>
    <SVIZ_ACQUISTI>0,000000</SVIZ_ACQUISTI>
    <BSP_ACQUISTI>0,000000</BSP_ACQUISTI>
    <MALT_ACQUISTI>219,000000</MALT_ACQUISTI>
    <XAUS_ACQUISTI>0,000000</XAUS_ACQUISTI>
    <XFRA_ACQUISTI>0,000000</XFRA_ACQUISTI>
    <TOTALE_VENDITE>24533,561</TOTALE_VENDITE>
    <NAT_VENDITE>24533,561000</NAT_VENDITE>
    <CNOR_VENDITE>2466,508000</CNOR_VENDITE>
    <CSUD_VENDITE>2552,707000</CSUD_VENDITE>
    <NORD_VENDITE>12650,577000</NORD_VENDITE>
    <SARD_VENDITE>950,658000</SARD_VENDITE>
    <SICI_VENDITE>866,098000</SICI_VENDITE>
    <SUD_VENDITE>1653,341000</SUD_VENDITE>
    <AUST_VENDITE>0,000000</AUST_VENDITE>
    <BRNN_VENDITE>1059,119000</BRNN_VENDITE>
    <COAC_VENDITE>0,000000</COAC_VENDITE>
    <CORS_VENDITE>0,000000</CORS_VENDITE>
    <FOGN_VENDITE>980,097000</FOGN_VENDITE>
    <FRAN_VENDITE>0,000000</FRAN_VENDITE>
    <GREC_VENDITE>270,000000</GREC_VENDITE>
    <MFTV_VENDITE>0,000000</MFTV_VENDITE>
    <PRGP_VENDITE>0,875000</PRGP_VENDITE>
    <ROSN_VENDITE>733,581000</ROSN_VENDITE>
    <SLOV_VENDITE>0,000000</SLOV_VENDITE>
    <SVIZ_VENDITE>350,000000</SVIZ_VENDITE>
    <BSP_VENDITE>0,000000</BSP_VENDITE>
    <MALT_VENDITE>0,000000</MALT_VENDITE>
    <XAUS_VENDITE>0,000000</XAUS_VENDITE>
    <XFRA_VENDITE>0,000000</XFRA_VENDITE>
    <TOTITABSP_VENDITE>24533,561</TOTITABSP_VENDITE>
    <TOTITABSP_ACQUISTI>24533,561</TOTITABSP_ACQUISTI>
  </Quantita>
  <Quantita>
    <Data>20180402</Data>
    <Mercato>MGP</Mercato>
    <Ora>20</Ora>
    <TOTALE_ACQUISTI>26825,624</TOTALE_ACQUISTI>
    <NAT_ACQUISTI>26825,624000</NAT_ACQUISTI>
    <CNOR_ACQUISTI>2870,450000</CNOR_ACQUISTI>
    <CSUD_ACQUISTI>4749,518000</CSUD_ACQUISTI>
    <NORD_ACQUISTI>13817,267000</NORD_ACQUISTI>
    <SARD_ACQUISTI>915,681000</SARD_ACQUISTI>
    <SICI_ACQUISTI>1808,564000</SICI_ACQUISTI>
    <SUD_ACQUISTI>2386,144000</SUD_ACQUISTI>
    <AUST_ACQUISTI>0,000000</AUST_ACQUISTI>
    <BRNN_ACQUISTI>0,000000</BRNN_ACQUISTI>
    <COAC_ACQUISTI>29,000000</COAC_ACQUISTI>
    <CORS_ACQUISTI>29,000000</CORS_ACQUISTI>
    <FOGN_ACQUISTI>0,000000</FOGN_ACQUISTI>
    <FRAN_ACQUISTI>0,000000</FRAN_ACQUISTI>
    <GREC_ACQUISTI>0,000000</GREC_ACQUISTI>
    <MFTV_ACQUISTI>0,000000</MFTV_ACQUISTI>
    <PRGP_ACQUISTI>0,000000</PRGP_ACQUISTI>
    <ROSN_ACQUISTI>0,000000</ROSN_ACQUISTI>
    <SLOV_ACQUISTI>0,000000</SLOV_ACQUISTI>
    <SVIZ_ACQUISTI>0,000000</SVIZ_ACQUISTI>
    <BSP_ACQUISTI>0,000000</BSP_ACQUISTI>
    <MALT_ACQUISTI>220,000000</MALT_ACQUISTI>
    <XAUS_ACQUISTI>0,000000</XAUS_ACQUISTI>
    <XFRA_ACQUISTI>0,000000</XFRA_ACQUISTI>
    <TOTALE_VENDITE>26825,624</TOTALE_VENDITE>
    <NAT_VENDITE>26825,624000</NAT_VENDITE>
    <CNOR_VENDITE>2712,104000</CNOR_VENDITE>
    <CSUD_VENDITE>3116,072000</CSUD_VENDITE>
    <NORD_VENDITE>13367,518000</NORD_VENDITE>
    <SARD_VENDITE>935,017000</SARD_VENDITE>
    <SICI_VENDITE>871,219000</SICI_VENDITE>
    <SUD_VENDITE>1572,717000</SUD_VENDITE>
    <AUST_VENDITE>0,000000</AUST_VENDITE>
    <BRNN_VENDITE>1794,065000</BRNN_VENDITE>
    <COAC_VENDITE>0,000000</COAC_VENDITE>
    <CORS_VENDITE>0,000000</CORS_VENDITE>
    <FOGN_VENDITE>994,038000</FOGN_VENDITE>
    <FRAN_VENDITE>0,000000</FRAN_VENDITE>
    <GREC_VENDITE>315,000000</GREC_VENDITE>
    <MFTV_VENDITE>0,000000</MFTV_VENDITE>
    <PRGP_VENDITE>57,345000</PRGP_VENDITE>
    <ROSN_VENDITE>740,529000</ROSN_VENDITE>
    <SLOV_VENDITE>0,000000</SLOV_VENDITE>
    <SVIZ_VENDITE>350,000000</SVIZ_VENDITE>
    <BSP_VENDITE>0,000000</BSP_VENDITE>
    <MALT_VENDITE>0,000000</MALT_VENDITE>
    <XAUS_VENDITE>0,000000</XAUS_VENDITE>
    <XFRA_VENDITE>0,000000</XFRA_VENDITE>
    <TOTITABSP_VENDITE>26825,624</TOTITABSP_VENDITE>
    <TOTITABSP_ACQUISTI>26825,624</TOTITABSP_ACQUISTI>
  </Quantita>
  <Quantita>
    <Data>20180402</Data>
    <Mercato>MGP</Mercato>
    <Ora>21</Ora>
    <TOTALE_ACQUISTI>29660,503</TOTALE_ACQUISTI>
    <NAT_ACQUISTI>29660,503000</NAT_ACQUISTI>
    <CNOR_ACQUISTI>3185,001000</CNOR_ACQUISTI>
    <CSUD_ACQUISTI>5296,638000</CSUD_ACQUISTI>
    <NORD_ACQUISTI>15041,867000</NORD_ACQUISTI>
    <SARD_ACQUISTI>1040,731000</SARD_ACQUISTI>
    <SICI_ACQUISTI>2094,643000</SICI_ACQUISTI>
    <SUD_ACQUISTI>2683,623000</SUD_ACQUISTI>
    <AUST_ACQUISTI>0,000000</AUST_ACQUISTI>
    <BRNN_ACQUISTI>0,000000</BRNN_ACQUISTI>
    <COAC_ACQUISTI>65,000000</COAC_ACQUISTI>
    <CORS_ACQUISTI>29,000000</CORS_ACQUISTI>
    <FOGN_ACQUISTI>0,000000</FOGN_ACQUISTI>
    <FRAN_ACQUISTI>0,000000</FRAN_ACQUISTI>
    <GREC_ACQUISTI>0,000000</GREC_ACQUISTI>
    <MFTV_ACQUISTI>0,000000</MFTV_ACQUISTI>
    <PRGP_ACQUISTI>0,000000</PRGP_ACQUISTI>
    <ROSN_ACQUISTI>0,000000</ROSN_ACQUISTI>
    <SLOV_ACQUISTI>0,000000</SLOV_ACQUISTI>
    <SVIZ_ACQUISTI>0,000000</SVIZ_ACQUISTI>
    <BSP_ACQUISTI>0,000000</BSP_ACQUISTI>
    <MALT_ACQUISTI>224,000000</MALT_ACQUISTI>
    <XAUS_ACQUISTI>0,000000</XAUS_ACQUISTI>
    <XFRA_ACQUISTI>0,000000</XFRA_ACQUISTI>
    <TOTALE_VENDITE>29660,503</TOTALE_VENDITE>
    <NAT_VENDITE>29660,503000</NAT_VENDITE>
    <CNOR_VENDITE>2744,783000</CNOR_VENDITE>
    <CSUD_VENDITE>3215,660000</CSUD_VENDITE>
    <NORD_VENDITE>14470,634000</NORD_VENDITE>
    <SARD_VENDITE>968,711000</SARD_VENDITE>
    <SICI_VENDITE>1096,590000</SICI_VENDITE>
    <SUD_VENDITE>1531,862000</SUD_VENDITE>
    <AUST_VENDITE>0,000000</AUST_VENDITE>
    <BRNN_VENDITE>2466,437000</BRNN_VENDITE>
    <COAC_VENDITE>0,000000</COAC_VENDITE>
    <CORS_VENDITE>0,000000</CORS_VENDITE>
    <FOGN_VENDITE>995,494000</FOGN_VENDITE>
    <FRAN_VENDITE>0,000000</FRAN_VENDITE>
    <GREC_VENDITE>400,000000</GREC_VENDITE>
    <MFTV_VENDITE>0,000000</MFTV_VENDITE>
    <PRGP_VENDITE>673,000000</PRGP_VENDITE>
    <ROSN_VENDITE>747,332000</ROSN_VENDITE>
    <SLOV_VENDITE>0,000000</SLOV_VENDITE>
    <SVIZ_VENDITE>350,000000</SVIZ_VENDITE>
    <BSP_VENDITE>0,000000</BSP_VENDITE>
    <MALT_VENDITE>0,000000</MALT_VENDITE>
    <XAUS_VENDITE>0,000000</XAUS_VENDITE>
    <XFRA_VENDITE>0,000000</XFRA_VENDITE>
    <TOTITABSP_VENDITE>29660,503</TOTITABSP_VENDITE>
    <TOTITABSP_ACQUISTI>29660,503</TOTITABSP_ACQUISTI>
  </Quantita>
  <Quantita>
    <Data>20180402</Data>
    <Mercato>MGP</Mercato>
    <Ora>22</Ora>
    <TOTALE_ACQUISTI>28708,626</TOTALE_ACQUISTI>
    <NAT_ACQUISTI>28708,626000</NAT_ACQUISTI>
    <CNOR_ACQUISTI>3058,401000</CNOR_ACQUISTI>
    <CSUD_ACQUISTI>5096,083000</CSUD_ACQUISTI>
    <NORD_ACQUISTI>14585,478000</NORD_ACQUISTI>
    <SARD_ACQUISTI>1015,180000</SARD_ACQUISTI>
    <SICI_ACQUISTI>2030,589000</SICI_ACQUISTI>
    <SUD_ACQUISTI>2626,895000</SUD_ACQUISTI>
    <AUST_ACQUISTI>0,000000</AUST_ACQUISTI>
    <BRNN_ACQUISTI>0,000000</BRNN_ACQUISTI>
    <COAC_ACQUISTI>46,000000</COAC_ACQUISTI>
    <CORS_ACQUISTI>29,000000</CORS_ACQUISTI>
    <FOGN_ACQUISTI>0,000000</FOGN_ACQUISTI>
    <FRAN_ACQUISTI>0,000000</FRAN_ACQUISTI>
    <GREC_ACQUISTI>0,000000</GREC_ACQUISTI>
    <MFTV_ACQUISTI>0,000000</MFTV_ACQUISTI>
    <PRGP_ACQUISTI>0,000000</PRGP_ACQUISTI>
    <ROSN_ACQUISTI>0,000000</ROSN_ACQUISTI>
    <SLOV_ACQUISTI>0,000000</SLOV_ACQUISTI>
    <SVIZ_ACQUISTI>0,000000</SVIZ_ACQUISTI>
    <BSP_ACQUISTI>0,000000</BSP_ACQUISTI>
    <MALT_ACQUISTI>221,000000</MALT_ACQUISTI>
    <XAUS_ACQUISTI>0,000000</XAUS_ACQUISTI>
    <XFRA_ACQUISTI>0,000000</XFRA_ACQUISTI>
    <TOTALE_VENDITE>28708,626</TOTALE_VENDITE>
    <NAT_VENDITE>28708,626000</NAT_VENDITE>
    <CNOR_VENDITE>2748,360000</CNOR_VENDITE>
    <CSUD_VENDITE>3154,900000</CSUD_VENDITE>
    <NORD_VENDITE>13695,538000</NORD_VENDITE>
    <SARD_VENDITE>997,906000</SARD_VENDITE>
    <SICI_VENDITE>1040,780000</SICI_VENDITE>
    <SUD_VENDITE>1525,875000</SUD_VENDITE>
    <AUST_VENDITE>0,000000</AUST_VENDITE>
    <BRNN_VENDITE>2360,530000</BRNN_VENDITE>
    <COAC_VENDITE>0,000000</COAC_VENDITE>
    <CORS_VENDITE>0,000000</CORS_VENDITE>
    <FOGN_VENDITE>997,382000</FOGN_VENDITE>
    <FRAN_VENDITE>0,000000</FRAN_VENDITE>
    <GREC_VENDITE>415,000000</GREC_VENDITE>
    <MFTV_VENDITE>0,000000</MFTV_VENDITE>
    <PRGP_VENDITE>673,000000</PRGP_VENDITE>
    <ROSN_VENDITE>749,355000</ROSN_VENDITE>
    <SLOV_VENDITE>0,000000</SLOV_VENDITE>
    <SVIZ_VENDITE>350,000000</SVIZ_VENDITE>
    <BSP_VENDITE>0,000000</BSP_VENDITE>
    <MALT_VENDITE>0,000000</MALT_VENDITE>
    <XAUS_VENDITE>0,000000</XAUS_VENDITE>
    <XFRA_VENDITE>0,000000</XFRA_VENDITE>
    <TOTITABSP_VENDITE>28708,626</TOTITABSP_VENDITE>
    <TOTITABSP_ACQUISTI>28708,626</TOTITABSP_ACQUISTI>
  </Quantita>
  <Quantita>
    <Data>20180402</Data>
    <Mercato>MGP</Mercato>
    <Ora>23</Ora>
    <TOTALE_ACQUISTI>26819,892</TOTALE_ACQUISTI>
    <NAT_ACQUISTI>26819,892000</NAT_ACQUISTI>
    <CNOR_ACQUISTI>2846,854000</CNOR_ACQUISTI>
    <CSUD_ACQUISTI>4741,660000</CSUD_ACQUISTI>
    <NORD_ACQUISTI>13632,160000</NORD_ACQUISTI>
    <SARD_ACQUISTI>948,737000</SARD_ACQUISTI>
    <SICI_ACQUISTI>1909,694000</SICI_ACQUISTI>
    <SUD_ACQUISTI>2438,787000</SUD_ACQUISTI>
    <AUST_ACQUISTI>0,000000</AUST_ACQUISTI>
    <BRNN_ACQUISTI>0,000000</BRNN_ACQUISTI>
    <COAC_ACQUISTI>48,000000</COAC_ACQUISTI>
    <CORS_ACQUISTI>29,000000</CORS_ACQUISTI>
    <FOGN_ACQUISTI>0,000000</FOGN_ACQUISTI>
    <FRAN_ACQUISTI>0,000000</FRAN_ACQUISTI>
    <GREC_ACQUISTI>10,000000</GREC_ACQUISTI>
    <MFTV_ACQUISTI>0,000000</MFTV_ACQUISTI>
    <PRGP_ACQUISTI>0,000000</PRGP_ACQUISTI>
    <ROSN_ACQUISTI>0,000000</ROSN_ACQUISTI>
    <SLOV_ACQUISTI>0,000000</SLOV_ACQUISTI>
    <SVIZ_ACQUISTI>0,000000</SVIZ_ACQUISTI>
    <BSP_ACQUISTI>0,000000</BSP_ACQUISTI>
    <MALT_ACQUISTI>215,000000</MALT_ACQUISTI>
    <XAUS_ACQUISTI>0,000000</XAUS_ACQUISTI>
    <XFRA_ACQUISTI>0,000000</XFRA_ACQUISTI>
    <TOTALE_VENDITE>26819,892</TOTALE_VENDITE>
    <NAT_VENDITE>26819,892000</NAT_VENDITE>
    <CNOR_VENDITE>2740,847000</CNOR_VENDITE>
    <CSUD_VENDITE>3061,195000</CSUD_VENDITE>
    <NORD_VENDITE>12852,535000</NORD_VENDITE>
    <SARD_VENDITE>1025,415000</SARD_VENDITE>
    <SICI_VENDITE>934,752000</SICI_VENDITE>
    <SUD_VENDITE>1515,301000</SUD_VENDITE>
    <AUST_VENDITE>0,000000</AUST_VENDITE>
    <BRNN_VENDITE>2074,136000</BRNN_VENDITE>
    <COAC_VENDITE>0,000000</COAC_VENDITE>
    <CORS_VENDITE>0,000000</CORS_VENDITE>
    <FOGN_VENDITE>996,402000</FOGN_VENDITE>
    <FRAN_VENDITE>0,000000</FRAN_VENDITE>
    <GREC_VENDITE>430,000000</GREC_VENDITE>
    <MFTV_VENDITE>0,000000</MFTV_VENDITE>
    <PRGP_VENDITE>89,942000</PRGP_VENDITE>
    <ROSN_VENDITE>749,367000</ROSN_VENDITE>
    <SLOV_VENDITE>0,000000</SLOV_VENDITE>
    <SVIZ_VENDITE>350,000000</SVIZ_VENDITE>
    <BSP_VENDITE>0,000000</BSP_VENDITE>
    <MALT_VENDITE>0,000000</MALT_VENDITE>
    <XAUS_VENDITE>0,000000</XAUS_VENDITE>
    <XFRA_VENDITE>0,000000</XFRA_VENDITE>
    <TOTITABSP_VENDITE>26819,892</TOTITABSP_VENDITE>
    <TOTITABSP_ACQUISTI>26819,892</TOTITABSP_ACQUISTI>
  </Quantita>
  <Quantita>
    <Data>20180402</Data>
    <Mercato>MGP</Mercato>
    <Ora>24</Ora>
    <TOTALE_ACQUISTI>24483,497</TOTALE_ACQUISTI>
    <NAT_ACQUISTI>24483,497000</NAT_ACQUISTI>
    <CNOR_ACQUISTI>2570,431000</CNOR_ACQUISTI>
    <CSUD_ACQUISTI>4268,278000</CSUD_ACQUISTI>
    <NORD_ACQUISTI>12523,305000</NORD_ACQUISTI>
    <SARD_ACQUISTI>869,714000</SARD_ACQUISTI>
    <SICI_ACQUISTI>1744,615000</SICI_ACQUISTI>
    <SUD_ACQUISTI>2200,154000</SUD_ACQUISTI>
    <AUST_ACQUISTI>0,000000</AUST_ACQUISTI>
    <BRNN_ACQUISTI>0,000000</BRNN_ACQUISTI>
    <COAC_ACQUISTI>47,000000</COAC_ACQUISTI>
    <CORS_ACQUISTI>29,000000</CORS_ACQUISTI>
    <FOGN_ACQUISTI>0,000000</FOGN_ACQUISTI>
    <FRAN_ACQUISTI>0,000000</FRAN_ACQUISTI>
    <GREC_ACQUISTI>25,000000</GREC_ACQUISTI>
    <MFTV_ACQUISTI>0,000000</MFTV_ACQUISTI>
    <PRGP_ACQUISTI>0,000000</PRGP_ACQUISTI>
    <ROSN_ACQUISTI>0,000000</ROSN_ACQUISTI>
    <SLOV_ACQUISTI>0,000000</SLOV_ACQUISTI>
    <SVIZ_ACQUISTI>0,000000</SVIZ_ACQUISTI>
    <BSP_ACQUISTI>0,000000</BSP_ACQUISTI>
    <MALT_ACQUISTI>206,000000</MALT_ACQUISTI>
    <XAUS_ACQUISTI>0,000000</XAUS_ACQUISTI>
    <XFRA_ACQUISTI>0,000000</XFRA_ACQUISTI>
    <TOTALE_VENDITE>24483,497</TOTALE_VENDITE>
    <NAT_VENDITE>24483,497000</NAT_VENDITE>
    <CNOR_VENDITE>2287,637000</CNOR_VENDITE>
    <CSUD_VENDITE>2999,979000</CSUD_VENDITE>
    <NORD_VENDITE>11962,319000</NORD_VENDITE>
    <SARD_VENDITE>1048,681000</SARD_VENDITE>
    <SICI_VENDITE>962,111000</SICI_VENDITE>
    <SUD_VENDITE>1590,639000</SUD_VENDITE>
    <AUST_VENDITE>0,000000</AUST_VENDITE>
    <BRNN_VENDITE>1031,123000</BRNN_VENDITE>
    <COAC_VENDITE>0,000000</COAC_VENDITE>
    <CORS_VENDITE>0,000000</CORS_VENDITE>
    <FOGN_VENDITE>1007,846000</FOGN_VENDITE>
    <FRAN_VENDITE>0,000000</FRAN_VENDITE>
    <GREC_VENDITE>488,000000</GREC_VENDITE>
    <MFTV_VENDITE>0,000000</MFTV_VENDITE>
    <PRGP_VENDITE>0,000000</PRGP_VENDITE>
    <ROSN_VENDITE>755,162000</ROSN_VENDITE>
    <SLOV_VENDITE>0,000000</SLOV_VENDITE>
    <SVIZ_VENDITE>350,000000</SVIZ_VENDITE>
    <BSP_VENDITE>0,000000</BSP_VENDITE>
    <MALT_VENDITE>0,000000</MALT_VENDITE>
    <XAUS_VENDITE>0,000000</XAUS_VENDITE>
    <XFRA_VENDITE>0,000000</XFRA_VENDITE>
    <TOTITABSP_VENDITE>24483,497</TOTITABSP_VENDITE>
    <TOTITABSP_ACQUISTI>24483,497</TOTITABSP_ACQUISTI>
  </Quantita>
</NewDataSet>