<?xml version="1.0" standalone="yes"?>
<NewDataSet>
  <xs:schema id="NewDataSet" xmlns="" xmlns:xs="http://www.w3.org/2001/XMLSchema" xmlns:msdata="urn:schemas-microsoft-com:xml-msdata">
    <xs:element name="NewDataSet" msdata:IsDataSet="true" msdata:UseCurrentLocale="true">
      <xs:complexType>
        <xs:choice minOccurs="0" maxOccurs="unbounded">
          <xs:element name="Quantita">
            <xs:complexType>
              <xs:sequence>
                <xs:element name="Data" type="xs:string" minOccurs="0" />
                <xs:element name="Mercato" type="xs:string" minOccurs="0" />
                <xs:element name="Ora" type="xs:string" minOccurs="0" />
                <xs:element name="TOTALE_ACQUISTI" type="xs:string" minOccurs="0" />
                <xs:element name="NAT_ACQUISTI" type="xs:string" minOccurs="0" />
                <xs:element name="CNOR_ACQUISTI" type="xs:string" minOccurs="0" />
                <xs:element name="CSUD_ACQUISTI" type="xs:string" minOccurs="0" />
                <xs:element name="NORD_ACQUISTI" type="xs:string" minOccurs="0" />
                <xs:element name="SARD_ACQUISTI" type="xs:string" minOccurs="0" />
                <xs:element name="SICI_ACQUISTI" type="xs:string" minOccurs="0" />
                <xs:element name="SUD_ACQUISTI" type="xs:string" minOccurs="0" />
                <xs:element name="AUST_ACQUISTI" type="xs:string" minOccurs="0" />
                <xs:element name="BRNN_ACQUISTI" type="xs:string" minOccurs="0" />
                <xs:element name="COAC_ACQUISTI" type="xs:string" minOccurs="0" />
                <xs:element name="CORS_ACQUISTI" type="xs:string" minOccurs="0" />
                <xs:element name="FOGN_ACQUISTI" type="xs:string" minOccurs="0" />
                <xs:element name="FRAN_ACQUISTI" type="xs:string" minOccurs="0" />
                <xs:element name="GREC_ACQUISTI" type="xs:string" minOccurs="0" />
                <xs:element name="MFTV_ACQUISTI" type="xs:string" minOccurs="0" />
                <xs:element name="PRGP_ACQUISTI" type="xs:string" minOccurs="0" />
                <xs:element name="ROSN_ACQUISTI" type="xs:string" minOccurs="0" />
                <xs:element name="SLOV_ACQUISTI" type="xs:string" minOccurs="0" />
                <xs:element name="SVIZ_ACQUISTI" type="xs:string" minOccurs="0" />
                <xs:element name="BSP_ACQUISTI" type="xs:string" minOccurs="0" />
                <xs:element name="MALT_ACQUISTI" type="xs:string" minOccurs="0" />
                <xs:element name="XAUS_ACQUISTI" type="xs:string" minOccurs="0" />
                <xs:element name="XFRA_ACQUISTI" type="xs:string" minOccurs="0" />
                <xs:element name="TOTALE_VENDITE" type="xs:string" minOccurs="0" />
                <xs:element name="NAT_VENDITE" type="xs:string" minOccurs="0" />
                <xs:element name="CNOR_VENDITE" type="xs:string" minOccurs="0" />
                <xs:element name="CSUD_VENDITE" type="xs:string" minOccurs="0" />
                <xs:element name="NORD_VENDITE" type="xs:string" minOccurs="0" />
                <xs:element name="SARD_VENDITE" type="xs:string" minOccurs="0" />
                <xs:element name="SICI_VENDITE" type="xs:string" minOccurs="0" />
                <xs:element name="SUD_VENDITE" type="xs:string" minOccurs="0" />
                <xs:element name="AUST_VENDITE" type="xs:string" minOccurs="0" />
                <xs:element name="BRNN_VENDITE" type="xs:string" minOccurs="0" />
                <xs:element name="COAC_VENDITE" type="xs:string" minOccurs="0" />
                <xs:element name="CORS_VENDITE" type="xs:string" minOccurs="0" />
                <xs:element name="FOGN_VENDITE" type="xs:string" minOccurs="0" />
                <xs:element name="FRAN_VENDITE" type="xs:string" minOccurs="0" />
                <xs:element name="GREC_VENDITE" type="xs:string" minOccurs="0" />
                <xs:element name="MFTV_VENDITE" type="xs:string" minOccurs="0" />
                <xs:element name="PRGP_VENDITE" type="xs:string" minOccurs="0" />
                <xs:element name="ROSN_VENDITE" type="xs:string" minOccurs="0" />
                <xs:element name="SLOV_VENDITE" type="xs:string" minOccurs="0" />
                <xs:element name="SVIZ_VENDITE" type="xs:string" minOccurs="0" />
                <xs:element name="BSP_VENDITE" type="xs:string" minOccurs="0" />
                <xs:element name="MALT_VENDITE" type="xs:string" minOccurs="0" />
                <xs:element name="XAUS_VENDITE" type="xs:string" minOccurs="0" />
                <xs:element name="XFRA_VENDITE" type="xs:string" minOccurs="0" />
                <xs:element name="TOTITABSP_VENDITE" msdata:ReadOnly="true" msdata:Expression="Convert(TOTALE_VENDITE, System.Double) + Convert(BSP_VENDITE,System.Double)" type="xs:string" minOccurs="0" />
                <xs:element name="TOTITABSP_ACQUISTI" msdata:ReadOnly="true" msdata:Expression="Convert(TOTALE_ACQUISTI, System.Double) + Convert(BSP_ACQUISTI, System.Double)" type="xs:string" minOccurs="0" />
              </xs:sequence>
            </xs:complexType>
          </xs:element>
        </xs:choice>
      </xs:complexType>
    </xs:element>
  </xs:schema>
  <Quantita>
    <Data>20180408</Data>
    <Mercato>MGP</Mercato>
    <Ora>1</Ora>
    <TOTALE_ACQUISTI>24955,45</TOTALE_ACQUISTI>
    <NAT_ACQUISTI>24955,450000</NAT_ACQUISTI>
    <CNOR_ACQUISTI>2671,507000</CNOR_ACQUISTI>
    <CSUD_ACQUISTI>4078,117000</CSUD_ACQUISTI>
    <NORD_ACQUISTI>13294,086000</NORD_ACQUISTI>
    <SARD_ACQUISTI>832,128000</SARD_ACQUISTI>
    <SICI_ACQUISTI>1712,719000</SICI_ACQUISTI>
    <SUD_ACQUISTI>2192,893000</SUD_ACQUISTI>
    <AUST_ACQUISTI>0,000000</AUST_ACQUISTI>
    <BRNN_ACQUISTI>0,000000</BRNN_ACQUISTI>
    <COAC_ACQUISTI>26,000000</COAC_ACQUISTI>
    <CORS_ACQUISTI>5,000000</CORS_ACQUISTI>
    <FOGN_ACQUISTI>0,000000</FOGN_ACQUISTI>
    <FRAN_ACQUISTI>0,000000</FRAN_ACQUISTI>
    <GREC_ACQUISTI>30,000000</GREC_ACQUISTI>
    <MFTV_ACQUISTI>0,000000</MFTV_ACQUISTI>
    <PRGP_ACQUISTI>0,000000</PRGP_ACQUISTI>
    <ROSN_ACQUISTI>0,000000</ROSN_ACQUISTI>
    <SLOV_ACQUISTI>0,000000</SLOV_ACQUISTI>
    <SVIZ_ACQUISTI>0,000000</SVIZ_ACQUISTI>
    <BSP_ACQUISTI>0,000000</BSP_ACQUISTI>
    <MALT_ACQUISTI>113,000000</MALT_ACQUISTI>
    <XAUS_ACQUISTI>0,000000</XAUS_ACQUISTI>
    <XFRA_ACQUISTI>0,000000</XFRA_ACQUISTI>
    <TOTALE_VENDITE>22316,45</TOTALE_VENDITE>
    <NAT_VENDITE>24955,450000</NAT_VENDITE>
    <CNOR_VENDITE>2218,437000</CNOR_VENDITE>
    <CSUD_VENDITE>1859,453000</CSUD_VENDITE>
    <NORD_VENDITE>10624,156000</NORD_VENDITE>
    <SARD_VENDITE>1114,702000</SARD_VENDITE>
    <SICI_VENDITE>1013,519000</SICI_VENDITE>
    <SUD_VENDITE>1013,413000</SUD_VENDITE>
    <AUST_VENDITE>0,000000</AUST_VENDITE>
    <BRNN_VENDITE>1173,193000</BRNN_VENDITE>
    <COAC_VENDITE>0,000000</COAC_VENDITE>
    <CORS_VENDITE>0,000000</CORS_VENDITE>
    <FOGN_VENDITE>0,116000</FOGN_VENDITE>
    <FRAN_VENDITE>99,000000</FRAN_VENDITE>
    <GREC_VENDITE>388,000000</GREC_VENDITE>
    <MFTV_VENDITE>0,000000</MFTV_VENDITE>
    <PRGP_VENDITE>0,000000</PRGP_VENDITE>
    <ROSN_VENDITE>27,461000</ROSN_VENDITE>
    <SLOV_VENDITE>0,000000</SLOV_VENDITE>
    <SVIZ_VENDITE>2785,000000</SVIZ_VENDITE>
    <BSP_VENDITE>475,000000</BSP_VENDITE>
    <MALT_VENDITE>0,000000</MALT_VENDITE>
    <XAUS_VENDITE>212,000000</XAUS_VENDITE>
    <XFRA_VENDITE>1952,000000</XFRA_VENDITE>
    <TOTITABSP_VENDITE>22791,45</TOTITABSP_VENDITE>
    <TOTITABSP_ACQUISTI>24955,45</TOTITABSP_ACQUISTI>
  </Quantita>
  <Quantita>
    <Data>20180408</Data>
    <Mercato>MGP</Mercato>
    <Ora>2</Ora>
    <TOTALE_ACQUISTI>23225,671</TOTALE_ACQUISTI>
    <NAT_ACQUISTI>23225,671000</NAT_ACQUISTI>
    <CNOR_ACQUISTI>2443,232000</CNOR_ACQUISTI>
    <CSUD_ACQUISTI>3686,406000</CSUD_ACQUISTI>
    <NORD_ACQUISTI>12569,232000</NORD_ACQUISTI>
    <SARD_ACQUISTI>772,440000</SARD_ACQUISTI>
    <SICI_ACQUISTI>1587,559000</SICI_ACQUISTI>
    <SUD_ACQUISTI>2006,802000</SUD_ACQUISTI>
    <AUST_ACQUISTI>0,000000</AUST_ACQUISTI>
    <BRNN_ACQUISTI>0,000000</BRNN_ACQUISTI>
    <COAC_ACQUISTI>20,000000</COAC_ACQUISTI>
    <CORS_ACQUISTI>5,000000</CORS_ACQUISTI>
    <FOGN_ACQUISTI>0,000000</FOGN_ACQUISTI>
    <FRAN_ACQUISTI>0,000000</FRAN_ACQUISTI>
    <GREC_ACQUISTI>35,000000</GREC_ACQUISTI>
    <MFTV_ACQUISTI>0,000000</MFTV_ACQUISTI>
    <PRGP_ACQUISTI>0,000000</PRGP_ACQUISTI>
    <ROSN_ACQUISTI>0,000000</ROSN_ACQUISTI>
    <SLOV_ACQUISTI>0,000000</SLOV_ACQUISTI>
    <SVIZ_ACQUISTI>0,000000</SVIZ_ACQUISTI>
    <BSP_ACQUISTI>0,000000</BSP_ACQUISTI>
    <MALT_ACQUISTI>100,000000</MALT_ACQUISTI>
    <XAUS_ACQUISTI>0,000000</XAUS_ACQUISTI>
    <XFRA_ACQUISTI>0,000000</XFRA_ACQUISTI>
    <TOTALE_VENDITE>20586,671</TOTALE_VENDITE>
    <NAT_VENDITE>23225,671000</NAT_VENDITE>
    <CNOR_VENDITE>2203,352000</CNOR_VENDITE>
    <CSUD_VENDITE>1017,736000</CSUD_VENDITE>
    <NORD_VENDITE>9686,112000</NORD_VENDITE>
    <SARD_VENDITE>1099,411000</SARD_VENDITE>
    <SICI_VENDITE>1022,451000</SICI_VENDITE>
    <SUD_VENDITE>957,267000</SUD_VENDITE>
    <AUST_VENDITE>0,000000</AUST_VENDITE>
    <BRNN_VENDITE>1236,320000</BRNN_VENDITE>
    <COAC_VENDITE>0,000000</COAC_VENDITE>
    <CORS_VENDITE>0,000000</CORS_VENDITE>
    <FOGN_VENDITE>0,083000</FOGN_VENDITE>
    <FRAN_VENDITE>99,000000</FRAN_VENDITE>
    <GREC_VENDITE>450,000000</GREC_VENDITE>
    <MFTV_VENDITE>0,000000</MFTV_VENDITE>
    <PRGP_VENDITE>0,000000</PRGP_VENDITE>
    <ROSN_VENDITE>29,939000</ROSN_VENDITE>
    <SLOV_VENDITE>0,000000</SLOV_VENDITE>
    <SVIZ_VENDITE>2785,000000</SVIZ_VENDITE>
    <BSP_VENDITE>475,000000</BSP_VENDITE>
    <MALT_VENDITE>0,000000</MALT_VENDITE>
    <XAUS_VENDITE>212,000000</XAUS_VENDITE>
    <XFRA_VENDITE>1952,000000</XFRA_VENDITE>
    <TOTITABSP_VENDITE>21061,671</TOTITABSP_VENDITE>
    <TOTITABSP_ACQUISTI>23225,671</TOTITABSP_ACQUISTI>
  </Quantita>
  <Quantita>
    <Data>20180408</Data>
    <Mercato>MGP</Mercato>
    <Ora>3</Ora>
    <TOTALE_ACQUISTI>22222,639</TOTALE_ACQUISTI>
    <NAT_ACQUISTI>22222,639000</NAT_ACQUISTI>
    <CNOR_ACQUISTI>2328,186000</CNOR_ACQUISTI>
    <CSUD_ACQUISTI>3458,087000</CSUD_ACQUISTI>
    <NORD_ACQUISTI>12140,075000</NORD_ACQUISTI>
    <SARD_ACQUISTI>743,228000</SARD_ACQUISTI>
    <SICI_ACQUISTI>1494,630000</SICI_ACQUISTI>
    <SUD_ACQUISTI>1897,433000</SUD_ACQUISTI>
    <AUST_ACQUISTI>0,000000</AUST_ACQUISTI>
    <BRNN_ACQUISTI>0,000000</BRNN_ACQUISTI>
    <COAC_ACQUISTI>20,000000</COAC_ACQUISTI>
    <CORS_ACQUISTI>5,000000</CORS_ACQUISTI>
    <FOGN_ACQUISTI>0,000000</FOGN_ACQUISTI>
    <FRAN_ACQUISTI>0,000000</FRAN_ACQUISTI>
    <GREC_ACQUISTI>40,000000</GREC_ACQUISTI>
    <MFTV_ACQUISTI>0,000000</MFTV_ACQUISTI>
    <PRGP_ACQUISTI>0,000000</PRGP_ACQUISTI>
    <ROSN_ACQUISTI>0,000000</ROSN_ACQUISTI>
    <SLOV_ACQUISTI>0,000000</SLOV_ACQUISTI>
    <SVIZ_ACQUISTI>0,000000</SVIZ_ACQUISTI>
    <BSP_ACQUISTI>0,000000</BSP_ACQUISTI>
    <MALT_ACQUISTI>96,000000</MALT_ACQUISTI>
    <XAUS_ACQUISTI>0,000000</XAUS_ACQUISTI>
    <XFRA_ACQUISTI>0,000000</XFRA_ACQUISTI>
    <TOTALE_VENDITE>19583,639</TOTALE_VENDITE>
    <NAT_VENDITE>22222,639000</NAT_VENDITE>
    <CNOR_VENDITE>2012,195000</CNOR_VENDITE>
    <CSUD_VENDITE>922,064000</CSUD_VENDITE>
    <NORD_VENDITE>9299,187000</NORD_VENDITE>
    <SARD_VENDITE>1097,684000</SARD_VENDITE>
    <SICI_VENDITE>1030,559000</SICI_VENDITE>
    <SUD_VENDITE>956,075000</SUD_VENDITE>
    <AUST_VENDITE>0,000000</AUST_VENDITE>
    <BRNN_VENDITE>950,352000</BRNN_VENDITE>
    <COAC_VENDITE>0,000000</COAC_VENDITE>
    <CORS_VENDITE>0,000000</CORS_VENDITE>
    <FOGN_VENDITE>0,099000</FOGN_VENDITE>
    <FRAN_VENDITE>99,000000</FRAN_VENDITE>
    <GREC_VENDITE>402,000000</GREC_VENDITE>
    <MFTV_VENDITE>0,000000</MFTV_VENDITE>
    <PRGP_VENDITE>0,000000</PRGP_VENDITE>
    <ROSN_VENDITE>30,424000</ROSN_VENDITE>
    <SLOV_VENDITE>0,000000</SLOV_VENDITE>
    <SVIZ_VENDITE>2784,000000</SVIZ_VENDITE>
    <BSP_VENDITE>475,000000</BSP_VENDITE>
    <MALT_VENDITE>0,000000</MALT_VENDITE>
    <XAUS_VENDITE>212,000000</XAUS_VENDITE>
    <XFRA_VENDITE>1952,000000</XFRA_VENDITE>
    <TOTITABSP_VENDITE>20058,639</TOTITABSP_VENDITE>
    <TOTITABSP_ACQUISTI>22222,639</TOTITABSP_ACQUISTI>
  </Quantita>
  <Quantita>
    <Data>20180408</Data>
    <Mercato>MGP</Mercato>
    <Ora>4</Ora>
    <TOTALE_ACQUISTI>21894,559</TOTALE_ACQUISTI>
    <NAT_ACQUISTI>21894,559000</NAT_ACQUISTI>
    <CNOR_ACQUISTI>2289,116000</CNOR_ACQUISTI>
    <CSUD_ACQUISTI>3359,630000</CSUD_ACQUISTI>
    <NORD_ACQUISTI>12035,207000</NORD_ACQUISTI>
    <SARD_ACQUISTI>735,184000</SARD_ACQUISTI>
    <SICI_ACQUISTI>1453,823000</SICI_ACQUISTI>
    <SUD_ACQUISTI>1868,599000</SUD_ACQUISTI>
    <AUST_ACQUISTI>0,000000</AUST_ACQUISTI>
    <BRNN_ACQUISTI>0,000000</BRNN_ACQUISTI>
    <COAC_ACQUISTI>20,000000</COAC_ACQUISTI>
    <CORS_ACQUISTI>5,000000</CORS_ACQUISTI>
    <FOGN_ACQUISTI>0,000000</FOGN_ACQUISTI>
    <FRAN_ACQUISTI>0,000000</FRAN_ACQUISTI>
    <GREC_ACQUISTI>35,000000</GREC_ACQUISTI>
    <MFTV_ACQUISTI>0,000000</MFTV_ACQUISTI>
    <PRGP_ACQUISTI>0,000000</PRGP_ACQUISTI>
    <ROSN_ACQUISTI>0,000000</ROSN_ACQUISTI>
    <SLOV_ACQUISTI>0,000000</SLOV_ACQUISTI>
    <SVIZ_ACQUISTI>0,000000</SVIZ_ACQUISTI>
    <BSP_ACQUISTI>0,000000</BSP_ACQUISTI>
    <MALT_ACQUISTI>93,000000</MALT_ACQUISTI>
    <XAUS_ACQUISTI>0,000000</XAUS_ACQUISTI>
    <XFRA_ACQUISTI>0,000000</XFRA_ACQUISTI>
    <TOTALE_VENDITE>19267,559</TOTALE_VENDITE>
    <NAT_VENDITE>21894,559000</NAT_VENDITE>
    <CNOR_VENDITE>1975,054000</CNOR_VENDITE>
    <CSUD_VENDITE>912,945000</CSUD_VENDITE>
    <NORD_VENDITE>9010,066000</NORD_VENDITE>
    <SARD_VENDITE>1095,538000</SARD_VENDITE>
    <SICI_VENDITE>1062,295000</SICI_VENDITE>
    <SUD_VENDITE>956,761000</SUD_VENDITE>
    <AUST_VENDITE>0,000000</AUST_VENDITE>
    <BRNN_VENDITE>949,910000</BRNN_VENDITE>
    <COAC_VENDITE>0,000000</COAC_VENDITE>
    <CORS_VENDITE>0,000000</CORS_VENDITE>
    <FOGN_VENDITE>0,108000</FOGN_VENDITE>
    <FRAN_VENDITE>99,000000</FRAN_VENDITE>
    <GREC_VENDITE>401,000000</GREC_VENDITE>
    <MFTV_VENDITE>0,000000</MFTV_VENDITE>
    <PRGP_VENDITE>0,000000</PRGP_VENDITE>
    <ROSN_VENDITE>30,882000</ROSN_VENDITE>
    <SLOV_VENDITE>0,000000</SLOV_VENDITE>
    <SVIZ_VENDITE>2774,000000</SVIZ_VENDITE>
    <BSP_VENDITE>473,000000</BSP_VENDITE>
    <MALT_VENDITE>0,000000</MALT_VENDITE>
    <XAUS_VENDITE>211,000000</XAUS_VENDITE>
    <XFRA_VENDITE>1943,000000</XFRA_VENDITE>
    <TOTITABSP_VENDITE>19740,559</TOTITABSP_VENDITE>
    <TOTITABSP_ACQUISTI>21894,559</TOTITABSP_ACQUISTI>
  </Quantita>
  <Quantita>
    <Data>20180408</Data>
    <Mercato>MGP</Mercato>
    <Ora>5</Ora>
    <TOTALE_ACQUISTI>21733,496</TOTALE_ACQUISTI>
    <NAT_ACQUISTI>21733,496000</NAT_ACQUISTI>
    <CNOR_ACQUISTI>2248,495000</CNOR_ACQUISTI>
    <CSUD_ACQUISTI>3317,359000</CSUD_ACQUISTI>
    <NORD_ACQUISTI>11976,161000</NORD_ACQUISTI>
    <SARD_ACQUISTI>733,887000</SARD_ACQUISTI>
    <SICI_ACQUISTI>1423,802000</SICI_ACQUISTI>
    <SUD_ACQUISTI>1863,792000</SUD_ACQUISTI>
    <AUST_ACQUISTI>0,000000</AUST_ACQUISTI>
    <BRNN_ACQUISTI>0,000000</BRNN_ACQUISTI>
    <COAC_ACQUISTI>20,000000</COAC_ACQUISTI>
    <CORS_ACQUISTI>5,000000</CORS_ACQUISTI>
    <FOGN_ACQUISTI>0,000000</FOGN_ACQUISTI>
    <FRAN_ACQUISTI>0,000000</FRAN_ACQUISTI>
    <GREC_ACQUISTI>50,000000</GREC_ACQUISTI>
    <MFTV_ACQUISTI>0,000000</MFTV_ACQUISTI>
    <PRGP_ACQUISTI>0,000000</PRGP_ACQUISTI>
    <ROSN_ACQUISTI>0,000000</ROSN_ACQUISTI>
    <SLOV_ACQUISTI>0,000000</SLOV_ACQUISTI>
    <SVIZ_ACQUISTI>0,000000</SVIZ_ACQUISTI>
    <BSP_ACQUISTI>0,000000</BSP_ACQUISTI>
    <MALT_ACQUISTI>95,000000</MALT_ACQUISTI>
    <XAUS_ACQUISTI>0,000000</XAUS_ACQUISTI>
    <XFRA_ACQUISTI>0,000000</XFRA_ACQUISTI>
    <TOTALE_VENDITE>19106,496</TOTALE_VENDITE>
    <NAT_VENDITE>21733,496000</NAT_VENDITE>
    <CNOR_VENDITE>1918,305000</CNOR_VENDITE>
    <CSUD_VENDITE>932,354000</CSUD_VENDITE>
    <NORD_VENDITE>8796,768000</NORD_VENDITE>
    <SARD_VENDITE>1095,452000</SARD_VENDITE>
    <SICI_VENDITE>1121,644000</SICI_VENDITE>
    <SUD_VENDITE>988,092000</SUD_VENDITE>
    <AUST_VENDITE>0,000000</AUST_VENDITE>
    <BRNN_VENDITE>949,809000</BRNN_VENDITE>
    <COAC_VENDITE>0,000000</COAC_VENDITE>
    <CORS_VENDITE>0,000000</CORS_VENDITE>
    <FOGN_VENDITE>0,143000</FOGN_VENDITE>
    <FRAN_VENDITE>99,000000</FRAN_VENDITE>
    <GREC_VENDITE>401,000000</GREC_VENDITE>
    <MFTV_VENDITE>0,000000</MFTV_VENDITE>
    <PRGP_VENDITE>0,000000</PRGP_VENDITE>
    <ROSN_VENDITE>30,929000</ROSN_VENDITE>
    <SLOV_VENDITE>0,000000</SLOV_VENDITE>
    <SVIZ_VENDITE>2773,000000</SVIZ_VENDITE>
    <BSP_VENDITE>473,000000</BSP_VENDITE>
    <MALT_VENDITE>0,000000</MALT_VENDITE>
    <XAUS_VENDITE>211,000000</XAUS_VENDITE>
    <XFRA_VENDITE>1943,000000</XFRA_VENDITE>
    <TOTITABSP_VENDITE>19579,496</TOTITABSP_VENDITE>
    <TOTITABSP_ACQUISTI>21733,496</TOTITABSP_ACQUISTI>
  </Quantita>
  <Quantita>
    <Data>20180408</Data>
    <Mercato>MGP</Mercato>
    <Ora>6</Ora>
    <TOTALE_ACQUISTI>22007,249</TOTALE_ACQUISTI>
    <NAT_ACQUISTI>22007,249000</NAT_ACQUISTI>
    <CNOR_ACQUISTI>2261,433000</CNOR_ACQUISTI>
    <CSUD_ACQUISTI>3370,565000</CSUD_ACQUISTI>
    <NORD_ACQUISTI>12164,080000</NORD_ACQUISTI>
    <SARD_ACQUISTI>741,758000</SARD_ACQUISTI>
    <SICI_ACQUISTI>1422,675000</SICI_ACQUISTI>
    <SUD_ACQUISTI>1874,738000</SUD_ACQUISTI>
    <AUST_ACQUISTI>0,000000</AUST_ACQUISTI>
    <BRNN_ACQUISTI>0,000000</BRNN_ACQUISTI>
    <COAC_ACQUISTI>20,000000</COAC_ACQUISTI>
    <CORS_ACQUISTI>5,000000</CORS_ACQUISTI>
    <FOGN_ACQUISTI>0,000000</FOGN_ACQUISTI>
    <FRAN_ACQUISTI>0,000000</FRAN_ACQUISTI>
    <GREC_ACQUISTI>45,000000</GREC_ACQUISTI>
    <MFTV_ACQUISTI>0,000000</MFTV_ACQUISTI>
    <PRGP_ACQUISTI>0,000000</PRGP_ACQUISTI>
    <ROSN_ACQUISTI>0,000000</ROSN_ACQUISTI>
    <SLOV_ACQUISTI>0,000000</SLOV_ACQUISTI>
    <SVIZ_ACQUISTI>0,000000</SVIZ_ACQUISTI>
    <BSP_ACQUISTI>0,000000</BSP_ACQUISTI>
    <MALT_ACQUISTI>102,000000</MALT_ACQUISTI>
    <XAUS_ACQUISTI>0,000000</XAUS_ACQUISTI>
    <XFRA_ACQUISTI>0,000000</XFRA_ACQUISTI>
    <TOTALE_VENDITE>19880,249</TOTALE_VENDITE>
    <NAT_VENDITE>22007,249000</NAT_VENDITE>
    <CNOR_VENDITE>2021,491000</CNOR_VENDITE>
    <CSUD_VENDITE>968,260000</CSUD_VENDITE>
    <NORD_VENDITE>9739,524000</NORD_VENDITE>
    <SARD_VENDITE>1106,309000</SARD_VENDITE>
    <SICI_VENDITE>1139,119000</SICI_VENDITE>
    <SUD_VENDITE>998,207000</SUD_VENDITE>
    <AUST_VENDITE>0,000000</AUST_VENDITE>
    <BRNN_VENDITE>1058,534000</BRNN_VENDITE>
    <COAC_VENDITE>0,000000</COAC_VENDITE>
    <CORS_VENDITE>0,000000</CORS_VENDITE>
    <FOGN_VENDITE>0,220000</FOGN_VENDITE>
    <FRAN_VENDITE>99,000000</FRAN_VENDITE>
    <GREC_VENDITE>446,000000</GREC_VENDITE>
    <MFTV_VENDITE>0,000000</MFTV_VENDITE>
    <PRGP_VENDITE>0,000000</PRGP_VENDITE>
    <ROSN_VENDITE>30,585000</ROSN_VENDITE>
    <SLOV_VENDITE>0,000000</SLOV_VENDITE>
    <SVIZ_VENDITE>2273,000000</SVIZ_VENDITE>
    <BSP_VENDITE>386,000000</BSP_VENDITE>
    <MALT_VENDITE>0,000000</MALT_VENDITE>
    <XAUS_VENDITE>175,000000</XAUS_VENDITE>
    <XFRA_VENDITE>1566,000000</XFRA_VENDITE>
    <TOTITABSP_VENDITE>20266,249</TOTITABSP_VENDITE>
    <TOTITABSP_ACQUISTI>22007,249</TOTITABSP_ACQUISTI>
  </Quantita>
  <Quantita>
    <Data>20180408</Data>
    <Mercato>MGP</Mercato>
    <Ora>7</Ora>
    <TOTALE_ACQUISTI>22686,933</TOTALE_ACQUISTI>
    <NAT_ACQUISTI>22686,933000</NAT_ACQUISTI>
    <CNOR_ACQUISTI>2299,402000</CNOR_ACQUISTI>
    <CSUD_ACQUISTI>3473,188000</CSUD_ACQUISTI>
    <NORD_ACQUISTI>12554,693000</NORD_ACQUISTI>
    <SARD_ACQUISTI>780,796000</SARD_ACQUISTI>
    <SICI_ACQUISTI>1473,992000</SICI_ACQUISTI>
    <SUD_ACQUISTI>1888,862000</SUD_ACQUISTI>
    <AUST_ACQUISTI>0,000000</AUST_ACQUISTI>
    <BRNN_ACQUISTI>0,000000</BRNN_ACQUISTI>
    <COAC_ACQUISTI>20,000000</COAC_ACQUISTI>
    <CORS_ACQUISTI>5,000000</CORS_ACQUISTI>
    <FOGN_ACQUISTI>0,000000</FOGN_ACQUISTI>
    <FRAN_ACQUISTI>0,000000</FRAN_ACQUISTI>
    <GREC_ACQUISTI>80,000000</GREC_ACQUISTI>
    <MFTV_ACQUISTI>0,000000</MFTV_ACQUISTI>
    <PRGP_ACQUISTI>0,000000</PRGP_ACQUISTI>
    <ROSN_ACQUISTI>0,000000</ROSN_ACQUISTI>
    <SLOV_ACQUISTI>0,000000</SLOV_ACQUISTI>
    <SVIZ_ACQUISTI>0,000000</SVIZ_ACQUISTI>
    <BSP_ACQUISTI>0,000000</BSP_ACQUISTI>
    <MALT_ACQUISTI>111,000000</MALT_ACQUISTI>
    <XAUS_ACQUISTI>0,000000</XAUS_ACQUISTI>
    <XFRA_ACQUISTI>0,000000</XFRA_ACQUISTI>
    <TOTALE_VENDITE>20298,933</TOTALE_VENDITE>
    <NAT_VENDITE>22686,933000</NAT_VENDITE>
    <CNOR_VENDITE>1824,007000</CNOR_VENDITE>
    <CSUD_VENDITE>926,314000</CSUD_VENDITE>
    <NORD_VENDITE>10090,754000</NORD_VENDITE>
    <SARD_VENDITE>1122,081000</SARD_VENDITE>
    <SICI_VENDITE>1185,158000</SICI_VENDITE>
    <SUD_VENDITE>995,454000</SUD_VENDITE>
    <AUST_VENDITE>0,000000</AUST_VENDITE>
    <BRNN_VENDITE>1065,584000</BRNN_VENDITE>
    <COAC_VENDITE>0,000000</COAC_VENDITE>
    <CORS_VENDITE>0,000000</CORS_VENDITE>
    <FOGN_VENDITE>0,300000</FOGN_VENDITE>
    <FRAN_VENDITE>99,000000</FRAN_VENDITE>
    <GREC_VENDITE>446,000000</GREC_VENDITE>
    <MFTV_VENDITE>0,000000</MFTV_VENDITE>
    <PRGP_VENDITE>0,066000</PRGP_VENDITE>
    <ROSN_VENDITE>31,215000</ROSN_VENDITE>
    <SLOV_VENDITE>0,000000</SLOV_VENDITE>
    <SVIZ_VENDITE>2513,000000</SVIZ_VENDITE>
    <BSP_VENDITE>433,000000</BSP_VENDITE>
    <MALT_VENDITE>0,000000</MALT_VENDITE>
    <XAUS_VENDITE>187,000000</XAUS_VENDITE>
    <XFRA_VENDITE>1768,000000</XFRA_VENDITE>
    <TOTITABSP_VENDITE>20731,933</TOTITABSP_VENDITE>
    <TOTITABSP_ACQUISTI>22686,933</TOTITABSP_ACQUISTI>
  </Quantita>
  <Quantita>
    <Data>20180408</Data>
    <Mercato>MGP</Mercato>
    <Ora>8</Ora>
    <TOTALE_ACQUISTI>23135,334</TOTALE_ACQUISTI>
    <NAT_ACQUISTI>23135,334000</NAT_ACQUISTI>
    <CNOR_ACQUISTI>2329,756000</CNOR_ACQUISTI>
    <CSUD_ACQUISTI>3617,718000</CSUD_ACQUISTI>
    <NORD_ACQUISTI>12688,676000</NORD_ACQUISTI>
    <SARD_ACQUISTI>801,824000</SARD_ACQUISTI>
    <SICI_ACQUISTI>1523,313000</SICI_ACQUISTI>
    <SUD_ACQUISTI>1941,047000</SUD_ACQUISTI>
    <AUST_ACQUISTI>0,000000</AUST_ACQUISTI>
    <BRNN_ACQUISTI>0,000000</BRNN_ACQUISTI>
    <COAC_ACQUISTI>20,000000</COAC_ACQUISTI>
    <CORS_ACQUISTI>5,000000</CORS_ACQUISTI>
    <FOGN_ACQUISTI>0,000000</FOGN_ACQUISTI>
    <FRAN_ACQUISTI>0,000000</FRAN_ACQUISTI>
    <GREC_ACQUISTI>80,000000</GREC_ACQUISTI>
    <MFTV_ACQUISTI>0,000000</MFTV_ACQUISTI>
    <PRGP_ACQUISTI>0,000000</PRGP_ACQUISTI>
    <ROSN_ACQUISTI>0,000000</ROSN_ACQUISTI>
    <SLOV_ACQUISTI>0,000000</SLOV_ACQUISTI>
    <SVIZ_ACQUISTI>0,000000</SVIZ_ACQUISTI>
    <BSP_ACQUISTI>0,000000</BSP_ACQUISTI>
    <MALT_ACQUISTI>128,000000</MALT_ACQUISTI>
    <XAUS_ACQUISTI>0,000000</XAUS_ACQUISTI>
    <XFRA_ACQUISTI>0,000000</XFRA_ACQUISTI>
    <TOTALE_VENDITE>20747,334</TOTALE_VENDITE>
    <NAT_VENDITE>23135,334000</NAT_VENDITE>
    <CNOR_VENDITE>1907,767000</CNOR_VENDITE>
    <CSUD_VENDITE>1090,465000</CSUD_VENDITE>
    <NORD_VENDITE>9925,344000</NORD_VENDITE>
    <SARD_VENDITE>1148,826000</SARD_VENDITE>
    <SICI_VENDITE>1254,976000</SICI_VENDITE>
    <SUD_VENDITE>1209,188000</SUD_VENDITE>
    <AUST_VENDITE>0,000000</AUST_VENDITE>
    <BRNN_VENDITE>1166,628000</BRNN_VENDITE>
    <COAC_VENDITE>0,000000</COAC_VENDITE>
    <CORS_VENDITE>0,000000</CORS_VENDITE>
    <FOGN_VENDITE>1,301000</FOGN_VENDITE>
    <FRAN_VENDITE>99,000000</FRAN_VENDITE>
    <GREC_VENDITE>394,000000</GREC_VENDITE>
    <MFTV_VENDITE>0,000000</MFTV_VENDITE>
    <PRGP_VENDITE>1,172000</PRGP_VENDITE>
    <ROSN_VENDITE>35,667000</ROSN_VENDITE>
    <SLOV_VENDITE>0,000000</SLOV_VENDITE>
    <SVIZ_VENDITE>2513,000000</SVIZ_VENDITE>
    <BSP_VENDITE>433,000000</BSP_VENDITE>
    <MALT_VENDITE>0,000000</MALT_VENDITE>
    <XAUS_VENDITE>187,000000</XAUS_VENDITE>
    <XFRA_VENDITE>1768,000000</XFRA_VENDITE>
    <TOTITABSP_VENDITE>21180,334</TOTITABSP_VENDITE>
    <TOTITABSP_ACQUISTI>23135,334</TOTITABSP_ACQUISTI>
  </Quantita>
  <Quantita>
    <Data>20180408</Data>
    <Mercato>MGP</Mercato>
    <Ora>9</Ora>
    <TOTALE_ACQUISTI>25005,544</TOTALE_ACQUISTI>
    <NAT_ACQUISTI>25005,544000</NAT_ACQUISTI>
    <CNOR_ACQUISTI>2552,556000</CNOR_ACQUISTI>
    <CSUD_ACQUISTI>4030,263000</CSUD_ACQUISTI>
    <NORD_ACQUISTI>13492,553000</NORD_ACQUISTI>
    <SARD_ACQUISTI>873,983000</SARD_ACQUISTI>
    <SICI_ACQUISTI>1694,252000</SICI_ACQUISTI>
    <SUD_ACQUISTI>2138,937000</SUD_ACQUISTI>
    <AUST_ACQUISTI>0,000000</AUST_ACQUISTI>
    <BRNN_ACQUISTI>0,000000</BRNN_ACQUISTI>
    <COAC_ACQUISTI>20,000000</COAC_ACQUISTI>
    <CORS_ACQUISTI>5,000000</CORS_ACQUISTI>
    <FOGN_ACQUISTI>0,000000</FOGN_ACQUISTI>
    <FRAN_ACQUISTI>0,000000</FRAN_ACQUISTI>
    <GREC_ACQUISTI>60,000000</GREC_ACQUISTI>
    <MFTV_ACQUISTI>0,000000</MFTV_ACQUISTI>
    <PRGP_ACQUISTI>0,000000</PRGP_ACQUISTI>
    <ROSN_ACQUISTI>0,000000</ROSN_ACQUISTI>
    <SLOV_ACQUISTI>0,000000</SLOV_ACQUISTI>
    <SVIZ_ACQUISTI>0,000000</SVIZ_ACQUISTI>
    <BSP_ACQUISTI>0,000000</BSP_ACQUISTI>
    <MALT_ACQUISTI>138,000000</MALT_ACQUISTI>
    <XAUS_ACQUISTI>0,000000</XAUS_ACQUISTI>
    <XFRA_ACQUISTI>0,000000</XFRA_ACQUISTI>
    <TOTALE_VENDITE>22617,544</TOTALE_VENDITE>
    <NAT_VENDITE>25005,544000</NAT_VENDITE>
    <CNOR_VENDITE>2131,958000</CNOR_VENDITE>
    <CSUD_VENDITE>1418,200000</CSUD_VENDITE>
    <NORD_VENDITE>10602,965000</NORD_VENDITE>
    <SARD_VENDITE>1233,232000</SARD_VENDITE>
    <SICI_VENDITE>1459,965000</SICI_VENDITE>
    <SUD_VENDITE>1654,260000</SUD_VENDITE>
    <AUST_VENDITE>0,000000</AUST_VENDITE>
    <BRNN_VENDITE>1055,776000</BRNN_VENDITE>
    <COAC_VENDITE>0,000000</COAC_VENDITE>
    <CORS_VENDITE>0,000000</CORS_VENDITE>
    <FOGN_VENDITE>4,399000</FOGN_VENDITE>
    <FRAN_VENDITE>99,000000</FRAN_VENDITE>
    <GREC_VENDITE>397,000000</GREC_VENDITE>
    <MFTV_VENDITE>0,000000</MFTV_VENDITE>
    <PRGP_VENDITE>3,017000</PRGP_VENDITE>
    <ROSN_VENDITE>44,772000</ROSN_VENDITE>
    <SLOV_VENDITE>0,000000</SLOV_VENDITE>
    <SVIZ_VENDITE>2513,000000</SVIZ_VENDITE>
    <BSP_VENDITE>433,000000</BSP_VENDITE>
    <MALT_VENDITE>0,000000</MALT_VENDITE>
    <XAUS_VENDITE>187,000000</XAUS_VENDITE>
    <XFRA_VENDITE>1768,000000</XFRA_VENDITE>
    <TOTITABSP_VENDITE>23050,544</TOTITABSP_VENDITE>
    <TOTITABSP_ACQUISTI>25005,544</TOTITABSP_ACQUISTI>
  </Quantita>
  <Quantita>
    <Data>20180408</Data>
    <Mercato>MGP</Mercato>
    <Ora>10</Ora>
    <TOTALE_ACQUISTI>26013,755</TOTALE_ACQUISTI>
    <NAT_ACQUISTI>26013,755000</NAT_ACQUISTI>
    <CNOR_ACQUISTI>2666,522000</CNOR_ACQUISTI>
    <CSUD_ACQUISTI>4273,329000</CSUD_ACQUISTI>
    <NORD_ACQUISTI>13938,174000</NORD_ACQUISTI>
    <SARD_ACQUISTI>903,898000</SARD_ACQUISTI>
    <SICI_ACQUISTI>1803,886000</SICI_ACQUISTI>
    <SUD_ACQUISTI>2222,946000</SUD_ACQUISTI>
    <AUST_ACQUISTI>0,000000</AUST_ACQUISTI>
    <BRNN_ACQUISTI>0,000000</BRNN_ACQUISTI>
    <COAC_ACQUISTI>20,000000</COAC_ACQUISTI>
    <CORS_ACQUISTI>5,000000</CORS_ACQUISTI>
    <FOGN_ACQUISTI>0,000000</FOGN_ACQUISTI>
    <FRAN_ACQUISTI>0,000000</FRAN_ACQUISTI>
    <GREC_ACQUISTI>50,000000</GREC_ACQUISTI>
    <MFTV_ACQUISTI>0,000000</MFTV_ACQUISTI>
    <PRGP_ACQUISTI>0,000000</PRGP_ACQUISTI>
    <ROSN_ACQUISTI>0,000000</ROSN_ACQUISTI>
    <SLOV_ACQUISTI>0,000000</SLOV_ACQUISTI>
    <SVIZ_ACQUISTI>0,000000</SVIZ_ACQUISTI>
    <BSP_ACQUISTI>0,000000</BSP_ACQUISTI>
    <MALT_ACQUISTI>130,000000</MALT_ACQUISTI>
    <XAUS_ACQUISTI>0,000000</XAUS_ACQUISTI>
    <XFRA_ACQUISTI>0,000000</XFRA_ACQUISTI>
    <TOTALE_VENDITE>23625,755</TOTALE_VENDITE>
    <NAT_VENDITE>26013,755000</NAT_VENDITE>
    <CNOR_VENDITE>2362,186000</CNOR_VENDITE>
    <CSUD_VENDITE>1773,342000</CSUD_VENDITE>
    <NORD_VENDITE>10331,463000</NORD_VENDITE>
    <SARD_VENDITE>1300,870000</SARD_VENDITE>
    <SICI_VENDITE>1688,727000</SICI_VENDITE>
    <SUD_VENDITE>2189,351000</SUD_VENDITE>
    <AUST_VENDITE>0,000000</AUST_VENDITE>
    <BRNN_VENDITE>949,724000</BRNN_VENDITE>
    <COAC_VENDITE>0,000000</COAC_VENDITE>
    <CORS_VENDITE>0,000000</CORS_VENDITE>
    <FOGN_VENDITE>7,604000</FOGN_VENDITE>
    <FRAN_VENDITE>99,000000</FRAN_VENDITE>
    <GREC_VENDITE>399,000000</GREC_VENDITE>
    <MFTV_VENDITE>0,000000</MFTV_VENDITE>
    <PRGP_VENDITE>5,003000</PRGP_VENDITE>
    <ROSN_VENDITE>56,485000</ROSN_VENDITE>
    <SLOV_VENDITE>0,000000</SLOV_VENDITE>
    <SVIZ_VENDITE>2463,000000</SVIZ_VENDITE>
    <BSP_VENDITE>433,000000</BSP_VENDITE>
    <MALT_VENDITE>0,000000</MALT_VENDITE>
    <XAUS_VENDITE>187,000000</XAUS_VENDITE>
    <XFRA_VENDITE>1768,000000</XFRA_VENDITE>
    <TOTITABSP_VENDITE>24058,755</TOTITABSP_VENDITE>
    <TOTITABSP_ACQUISTI>26013,755</TOTITABSP_ACQUISTI>
  </Quantita>
  <Quantita>
    <Data>20180408</Data>
    <Mercato>MGP</Mercato>
    <Ora>11</Ora>
    <TOTALE_ACQUISTI>26328,773</TOTALE_ACQUISTI>
    <NAT_ACQUISTI>26328,773000</NAT_ACQUISTI>
    <CNOR_ACQUISTI>2724,956000</CNOR_ACQUISTI>
    <CSUD_ACQUISTI>4362,764000</CSUD_ACQUISTI>
    <NORD_ACQUISTI>14087,412000</NORD_ACQUISTI>
    <SARD_ACQUISTI>899,638000</SARD_ACQUISTI>
    <SICI_ACQUISTI>1830,197000</SICI_ACQUISTI>
    <SUD_ACQUISTI>2235,806000</SUD_ACQUISTI>
    <AUST_ACQUISTI>0,000000</AUST_ACQUISTI>
    <BRNN_ACQUISTI>0,000000</BRNN_ACQUISTI>
    <COAC_ACQUISTI>20,000000</COAC_ACQUISTI>
    <CORS_ACQUISTI>5,000000</CORS_ACQUISTI>
    <FOGN_ACQUISTI>0,000000</FOGN_ACQUISTI>
    <FRAN_ACQUISTI>0,000000</FRAN_ACQUISTI>
    <GREC_ACQUISTI>50,000000</GREC_ACQUISTI>
    <MFTV_ACQUISTI>0,000000</MFTV_ACQUISTI>
    <PRGP_ACQUISTI>0,000000</PRGP_ACQUISTI>
    <ROSN_ACQUISTI>0,000000</ROSN_ACQUISTI>
    <SLOV_ACQUISTI>0,000000</SLOV_ACQUISTI>
    <SVIZ_ACQUISTI>0,000000</SVIZ_ACQUISTI>
    <BSP_ACQUISTI>0,000000</BSP_ACQUISTI>
    <MALT_ACQUISTI>113,000000</MALT_ACQUISTI>
    <XAUS_ACQUISTI>0,000000</XAUS_ACQUISTI>
    <XFRA_ACQUISTI>0,000000</XFRA_ACQUISTI>
    <TOTALE_VENDITE>24438,773</TOTALE_VENDITE>
    <NAT_VENDITE>26328,773000</NAT_VENDITE>
    <CNOR_VENDITE>2532,697000</CNOR_VENDITE>
    <CSUD_VENDITE>1991,314000</CSUD_VENDITE>
    <NORD_VENDITE>10623,224000</NORD_VENDITE>
    <SARD_VENDITE>1362,992000</SARD_VENDITE>
    <SICI_VENDITE>1802,972000</SICI_VENDITE>
    <SUD_VENDITE>2618,424000</SUD_VENDITE>
    <AUST_VENDITE>0,000000</AUST_VENDITE>
    <BRNN_VENDITE>951,450000</BRNN_VENDITE>
    <COAC_VENDITE>0,000000</COAC_VENDITE>
    <CORS_VENDITE>0,000000</CORS_VENDITE>
    <FOGN_VENDITE>9,965000</FOGN_VENDITE>
    <FRAN_VENDITE>99,000000</FRAN_VENDITE>
    <GREC_VENDITE>411,000000</GREC_VENDITE>
    <MFTV_VENDITE>0,000000</MFTV_VENDITE>
    <PRGP_VENDITE>6,655000</PRGP_VENDITE>
    <ROSN_VENDITE>68,080000</ROSN_VENDITE>
    <SLOV_VENDITE>0,000000</SLOV_VENDITE>
    <SVIZ_VENDITE>1961,000000</SVIZ_VENDITE>
    <BSP_VENDITE>346,000000</BSP_VENDITE>
    <MALT_VENDITE>0,000000</MALT_VENDITE>
    <XAUS_VENDITE>149,000000</XAUS_VENDITE>
    <XFRA_VENDITE>1395,000000</XFRA_VENDITE>
    <TOTITABSP_VENDITE>24784,773</TOTITABSP_VENDITE>
    <TOTITABSP_ACQUISTI>26328,773</TOTITABSP_ACQUISTI>
  </Quantita>
  <Quantita>
    <Data>20180408</Data>
    <Mercato>MGP</Mercato>
    <Ora>12</Ora>
    <TOTALE_ACQUISTI>26234,056</TOTALE_ACQUISTI>
    <NAT_ACQUISTI>26234,056000</NAT_ACQUISTI>
    <CNOR_ACQUISTI>2727,692000</CNOR_ACQUISTI>
    <CSUD_ACQUISTI>4344,884000</CSUD_ACQUISTI>
    <NORD_ACQUISTI>14055,314000</NORD_ACQUISTI>
    <SARD_ACQUISTI>885,271000</SARD_ACQUISTI>
    <SICI_ACQUISTI>1799,915000</SICI_ACQUISTI>
    <SUD_ACQUISTI>2227,980000</SUD_ACQUISTI>
    <AUST_ACQUISTI>0,000000</AUST_ACQUISTI>
    <BRNN_ACQUISTI>0,000000</BRNN_ACQUISTI>
    <COAC_ACQUISTI>20,000000</COAC_ACQUISTI>
    <CORS_ACQUISTI>5,000000</CORS_ACQUISTI>
    <FOGN_ACQUISTI>0,000000</FOGN_ACQUISTI>
    <FRAN_ACQUISTI>0,000000</FRAN_ACQUISTI>
    <GREC_ACQUISTI>50,000000</GREC_ACQUISTI>
    <MFTV_ACQUISTI>0,000000</MFTV_ACQUISTI>
    <PRGP_ACQUISTI>0,000000</PRGP_ACQUISTI>
    <ROSN_ACQUISTI>0,000000</ROSN_ACQUISTI>
    <SLOV_ACQUISTI>0,000000</SLOV_ACQUISTI>
    <SVIZ_ACQUISTI>0,000000</SVIZ_ACQUISTI>
    <BSP_ACQUISTI>0,000000</BSP_ACQUISTI>
    <MALT_ACQUISTI>118,000000</MALT_ACQUISTI>
    <XAUS_ACQUISTI>0,000000</XAUS_ACQUISTI>
    <XFRA_ACQUISTI>0,000000</XFRA_ACQUISTI>
    <TOTALE_VENDITE>24344,056</TOTALE_VENDITE>
    <NAT_VENDITE>26234,056000</NAT_VENDITE>
    <CNOR_VENDITE>2619,078000</CNOR_VENDITE>
    <CSUD_VENDITE>2213,126000</CSUD_VENDITE>
    <NORD_VENDITE>9685,438000</NORD_VENDITE>
    <SARD_VENDITE>1408,236000</SARD_VENDITE>
    <SICI_VENDITE>1949,173000</SICI_VENDITE>
    <SUD_VENDITE>2858,551000</SUD_VENDITE>
    <AUST_VENDITE>0,000000</AUST_VENDITE>
    <BRNN_VENDITE>953,510000</BRNN_VENDITE>
    <COAC_VENDITE>0,000000</COAC_VENDITE>
    <CORS_VENDITE>0,000000</CORS_VENDITE>
    <FOGN_VENDITE>11,449000</FOGN_VENDITE>
    <FRAN_VENDITE>99,000000</FRAN_VENDITE>
    <GREC_VENDITE>500,000000</GREC_VENDITE>
    <MFTV_VENDITE>0,000000</MFTV_VENDITE>
    <PRGP_VENDITE>7,621000</PRGP_VENDITE>
    <ROSN_VENDITE>77,874000</ROSN_VENDITE>
    <SLOV_VENDITE>0,000000</SLOV_VENDITE>
    <SVIZ_VENDITE>1961,000000</SVIZ_VENDITE>
    <BSP_VENDITE>346,000000</BSP_VENDITE>
    <MALT_VENDITE>0,000000</MALT_VENDITE>
    <XAUS_VENDITE>149,000000</XAUS_VENDITE>
    <XFRA_VENDITE>1395,000000</XFRA_VENDITE>
    <TOTITABSP_VENDITE>24690,056</TOTITABSP_VENDITE>
    <TOTITABSP_ACQUISTI>26234,056</TOTITABSP_ACQUISTI>
  </Quantita>
  <Quantita>
    <Data>20180408</Data>
    <Mercato>MGP</Mercato>
    <Ora>13</Ora>
    <TOTALE_ACQUISTI>26022,644</TOTALE_ACQUISTI>
    <NAT_ACQUISTI>26022,644000</NAT_ACQUISTI>
    <CNOR_ACQUISTI>2726,785000</CNOR_ACQUISTI>
    <CSUD_ACQUISTI>4414,265000</CSUD_ACQUISTI>
    <NORD_ACQUISTI>13759,081000</NORD_ACQUISTI>
    <SARD_ACQUISTI>883,040000</SARD_ACQUISTI>
    <SICI_ACQUISTI>1807,367000</SICI_ACQUISTI>
    <SUD_ACQUISTI>2273,106000</SUD_ACQUISTI>
    <AUST_ACQUISTI>0,000000</AUST_ACQUISTI>
    <BRNN_ACQUISTI>0,000000</BRNN_ACQUISTI>
    <COAC_ACQUISTI>20,000000</COAC_ACQUISTI>
    <CORS_ACQUISTI>5,000000</CORS_ACQUISTI>
    <FOGN_ACQUISTI>0,000000</FOGN_ACQUISTI>
    <FRAN_ACQUISTI>0,000000</FRAN_ACQUISTI>
    <GREC_ACQUISTI>50,000000</GREC_ACQUISTI>
    <MFTV_ACQUISTI>0,000000</MFTV_ACQUISTI>
    <PRGP_ACQUISTI>0,000000</PRGP_ACQUISTI>
    <ROSN_ACQUISTI>0,000000</ROSN_ACQUISTI>
    <SLOV_ACQUISTI>0,000000</SLOV_ACQUISTI>
    <SVIZ_ACQUISTI>0,000000</SVIZ_ACQUISTI>
    <BSP_ACQUISTI>0,000000</BSP_ACQUISTI>
    <MALT_ACQUISTI>84,000000</MALT_ACQUISTI>
    <XAUS_ACQUISTI>0,000000</XAUS_ACQUISTI>
    <XFRA_ACQUISTI>0,000000</XFRA_ACQUISTI>
    <TOTALE_VENDITE>24132,644</TOTALE_VENDITE>
    <NAT_VENDITE>26022,644000</NAT_VENDITE>
    <CNOR_VENDITE>2606,931000</CNOR_VENDITE>
    <CSUD_VENDITE>2221,353000</CSUD_VENDITE>
    <NORD_VENDITE>9546,647000</NORD_VENDITE>
    <SARD_VENDITE>1413,883000</SARD_VENDITE>
    <SICI_VENDITE>1938,723000</SICI_VENDITE>
    <SUD_VENDITE>2899,420000</SUD_VENDITE>
    <AUST_VENDITE>0,000000</AUST_VENDITE>
    <BRNN_VENDITE>958,338000</BRNN_VENDITE>
    <COAC_VENDITE>0,000000</COAC_VENDITE>
    <CORS_VENDITE>0,000000</CORS_VENDITE>
    <FOGN_VENDITE>12,071000</FOGN_VENDITE>
    <FRAN_VENDITE>99,000000</FRAN_VENDITE>
    <GREC_VENDITE>500,000000</GREC_VENDITE>
    <MFTV_VENDITE>0,000000</MFTV_VENDITE>
    <PRGP_VENDITE>7,923000</PRGP_VENDITE>
    <ROSN_VENDITE>112,355000</ROSN_VENDITE>
    <SLOV_VENDITE>0,000000</SLOV_VENDITE>
    <SVIZ_VENDITE>1816,000000</SVIZ_VENDITE>
    <BSP_VENDITE>346,000000</BSP_VENDITE>
    <MALT_VENDITE>0,000000</MALT_VENDITE>
    <XAUS_VENDITE>149,000000</XAUS_VENDITE>
    <XFRA_VENDITE>1395,000000</XFRA_VENDITE>
    <TOTITABSP_VENDITE>24478,644</TOTITABSP_VENDITE>
    <TOTITABSP_ACQUISTI>26022,644</TOTITABSP_ACQUISTI>
  </Quantita>
  <Quantita>
    <Data>20180408</Data>
    <Mercato>MGP</Mercato>
    <Ora>14</Ora>
    <TOTALE_ACQUISTI>24601,24</TOTALE_ACQUISTI>
    <NAT_ACQUISTI>24726,200000</NAT_ACQUISTI>
    <CNOR_ACQUISTI>2517,020000</CNOR_ACQUISTI>
    <CSUD_ACQUISTI>4206,319000</CSUD_ACQUISTI>
    <NORD_ACQUISTI>13125,530000</NORD_ACQUISTI>
    <SARD_ACQUISTI>831,265000</SARD_ACQUISTI>
    <SICI_ACQUISTI>1679,381000</SICI_ACQUISTI>
    <SUD_ACQUISTI>2097,725000</SUD_ACQUISTI>
    <AUST_ACQUISTI>0,000000</AUST_ACQUISTI>
    <BRNN_ACQUISTI>0,000000</BRNN_ACQUISTI>
    <COAC_ACQUISTI>20,000000</COAC_ACQUISTI>
    <CORS_ACQUISTI>5,000000</CORS_ACQUISTI>
    <FOGN_ACQUISTI>0,000000</FOGN_ACQUISTI>
    <FRAN_ACQUISTI>0,000000</FRAN_ACQUISTI>
    <GREC_ACQUISTI>44,000000</GREC_ACQUISTI>
    <MFTV_ACQUISTI>0,000000</MFTV_ACQUISTI>
    <PRGP_ACQUISTI>0,000000</PRGP_ACQUISTI>
    <ROSN_ACQUISTI>0,000000</ROSN_ACQUISTI>
    <SLOV_ACQUISTI>0,000000</SLOV_ACQUISTI>
    <SVIZ_ACQUISTI>0,000000</SVIZ_ACQUISTI>
    <BSP_ACQUISTI>0,000000</BSP_ACQUISTI>
    <MALT_ACQUISTI>75,000000</MALT_ACQUISTI>
    <XAUS_ACQUISTI>0,000000</XAUS_ACQUISTI>
    <XFRA_ACQUISTI>124,960000</XFRA_ACQUISTI>
    <TOTALE_VENDITE>24231,2</TOTALE_VENDITE>
    <NAT_VENDITE>24726,200000</NAT_VENDITE>
    <CNOR_VENDITE>2563,209000</CNOR_VENDITE>
    <CSUD_VENDITE>2250,117000</CSUD_VENDITE>
    <NORD_VENDITE>9624,986000</NORD_VENDITE>
    <SARD_VENDITE>1386,594000</SARD_VENDITE>
    <SICI_VENDITE>1954,215000</SICI_VENDITE>
    <SUD_VENDITE>2955,878000</SUD_VENDITE>
    <AUST_VENDITE>0,000000</AUST_VENDITE>
    <BRNN_VENDITE>962,463000</BRNN_VENDITE>
    <COAC_VENDITE>0,000000</COAC_VENDITE>
    <CORS_VENDITE>0,000000</CORS_VENDITE>
    <FOGN_VENDITE>12,237000</FOGN_VENDITE>
    <FRAN_VENDITE>99,000000</FRAN_VENDITE>
    <GREC_VENDITE>388,000000</GREC_VENDITE>
    <MFTV_VENDITE>0,000000</MFTV_VENDITE>
    <PRGP_VENDITE>7,733000</PRGP_VENDITE>
    <ROSN_VENDITE>111,768000</ROSN_VENDITE>
    <SLOV_VENDITE>0,000000</SLOV_VENDITE>
    <SVIZ_VENDITE>1915,000000</SVIZ_VENDITE>
    <BSP_VENDITE>346,000000</BSP_VENDITE>
    <MALT_VENDITE>0,000000</MALT_VENDITE>
    <XAUS_VENDITE>149,000000</XAUS_VENDITE>
    <XFRA_VENDITE>0,000000</XFRA_VENDITE>
    <TOTITABSP_VENDITE>24577,2</TOTITABSP_VENDITE>
    <TOTITABSP_ACQUISTI>24601,24</TOTITABSP_ACQUISTI>
  </Quantita>
  <Quantita>
    <Data>20180408</Data>
    <Mercato>MGP</Mercato>
    <Ora>15</Ora>
    <TOTALE_ACQUISTI>23967,22</TOTALE_ACQUISTI>
    <NAT_ACQUISTI>23967,220000</NAT_ACQUISTI>
    <CNOR_ACQUISTI>2511,778000</CNOR_ACQUISTI>
    <CSUD_ACQUISTI>4016,604000</CSUD_ACQUISTI>
    <NORD_ACQUISTI>12968,901000</NORD_ACQUISTI>
    <SARD_ACQUISTI>793,512000</SARD_ACQUISTI>
    <SICI_ACQUISTI>1593,642000</SICI_ACQUISTI>
    <SUD_ACQUISTI>1937,783000</SUD_ACQUISTI>
    <AUST_ACQUISTI>0,000000</AUST_ACQUISTI>
    <BRNN_ACQUISTI>0,000000</BRNN_ACQUISTI>
    <COAC_ACQUISTI>20,000000</COAC_ACQUISTI>
    <CORS_ACQUISTI>5,000000</CORS_ACQUISTI>
    <FOGN_ACQUISTI>0,000000</FOGN_ACQUISTI>
    <FRAN_ACQUISTI>0,000000</FRAN_ACQUISTI>
    <GREC_ACQUISTI>54,000000</GREC_ACQUISTI>
    <MFTV_ACQUISTI>0,000000</MFTV_ACQUISTI>
    <PRGP_ACQUISTI>0,000000</PRGP_ACQUISTI>
    <ROSN_ACQUISTI>0,000000</ROSN_ACQUISTI>
    <SLOV_ACQUISTI>0,000000</SLOV_ACQUISTI>
    <SVIZ_ACQUISTI>0,000000</SVIZ_ACQUISTI>
    <BSP_ACQUISTI>0,000000</BSP_ACQUISTI>
    <MALT_ACQUISTI>66,000000</MALT_ACQUISTI>
    <XAUS_ACQUISTI>0,000000</XAUS_ACQUISTI>
    <XFRA_ACQUISTI>0,000000</XFRA_ACQUISTI>
    <TOTALE_VENDITE>22527,64</TOTALE_VENDITE>
    <NAT_VENDITE>23967,220000</NAT_VENDITE>
    <CNOR_VENDITE>2427,724000</CNOR_VENDITE>
    <CSUD_VENDITE>2106,477000</CSUD_VENDITE>
    <NORD_VENDITE>8913,299000</NORD_VENDITE>
    <SARD_VENDITE>1307,778000</SARD_VENDITE>
    <SICI_VENDITE>1763,282000</SICI_VENDITE>
    <SUD_VENDITE>2587,882000</SUD_VENDITE>
    <AUST_VENDITE>0,000000</AUST_VENDITE>
    <BRNN_VENDITE>964,327000</BRNN_VENDITE>
    <COAC_VENDITE>0,000000</COAC_VENDITE>
    <CORS_VENDITE>0,000000</CORS_VENDITE>
    <FOGN_VENDITE>11,595000</FOGN_VENDITE>
    <FRAN_VENDITE>99,000000</FRAN_VENDITE>
    <GREC_VENDITE>383,000000</GREC_VENDITE>
    <MFTV_VENDITE>0,000000</MFTV_VENDITE>
    <PRGP_VENDITE>7,031000</PRGP_VENDITE>
    <ROSN_VENDITE>165,245000</ROSN_VENDITE>
    <SLOV_VENDITE>0,000000</SLOV_VENDITE>
    <SVIZ_VENDITE>1791,000000</SVIZ_VENDITE>
    <BSP_VENDITE>346,000000</BSP_VENDITE>
    <MALT_VENDITE>0,000000</MALT_VENDITE>
    <XAUS_VENDITE>149,000000</XAUS_VENDITE>
    <XFRA_VENDITE>944,580000</XFRA_VENDITE>
    <TOTITABSP_VENDITE>22873,64</TOTITABSP_VENDITE>
    <TOTITABSP_ACQUISTI>23967,22</TOTITABSP_ACQUISTI>
  </Quantita>
  <Quantita>
    <Data>20180408</Data>
    <Mercato>MGP</Mercato>
    <Ora>16</Ora>
    <TOTALE_ACQUISTI>23941,281</TOTALE_ACQUISTI>
    <NAT_ACQUISTI>23941,281000</NAT_ACQUISTI>
    <CNOR_ACQUISTI>2513,298000</CNOR_ACQUISTI>
    <CSUD_ACQUISTI>4006,388000</CSUD_ACQUISTI>
    <NORD_ACQUISTI>12948,757000</NORD_ACQUISTI>
    <SARD_ACQUISTI>783,849000</SARD_ACQUISTI>
    <SICI_ACQUISTI>1591,156000</SICI_ACQUISTI>
    <SUD_ACQUISTI>1967,833000</SUD_ACQUISTI>
    <AUST_ACQUISTI>0,000000</AUST_ACQUISTI>
    <BRNN_ACQUISTI>0,000000</BRNN_ACQUISTI>
    <COAC_ACQUISTI>20,000000</COAC_ACQUISTI>
    <CORS_ACQUISTI>5,000000</CORS_ACQUISTI>
    <FOGN_ACQUISTI>0,000000</FOGN_ACQUISTI>
    <FRAN_ACQUISTI>0,000000</FRAN_ACQUISTI>
    <GREC_ACQUISTI>40,000000</GREC_ACQUISTI>
    <MFTV_ACQUISTI>0,000000</MFTV_ACQUISTI>
    <PRGP_ACQUISTI>0,000000</PRGP_ACQUISTI>
    <ROSN_ACQUISTI>0,000000</ROSN_ACQUISTI>
    <SLOV_ACQUISTI>0,000000</SLOV_ACQUISTI>
    <SVIZ_ACQUISTI>0,000000</SVIZ_ACQUISTI>
    <BSP_ACQUISTI>0,000000</BSP_ACQUISTI>
    <MALT_ACQUISTI>65,000000</MALT_ACQUISTI>
    <XAUS_ACQUISTI>0,000000</XAUS_ACQUISTI>
    <XFRA_ACQUISTI>0,000000</XFRA_ACQUISTI>
    <TOTALE_VENDITE>22529,416</TOTALE_VENDITE>
    <NAT_VENDITE>23941,281000</NAT_VENDITE>
    <CNOR_VENDITE>2349,161000</CNOR_VENDITE>
    <CSUD_VENDITE>2016,710000</CSUD_VENDITE>
    <NORD_VENDITE>8883,033000</NORD_VENDITE>
    <SARD_VENDITE>1253,334000</SARD_VENDITE>
    <SICI_VENDITE>1704,329000</SICI_VENDITE>
    <SUD_VENDITE>2540,965000</SUD_VENDITE>
    <AUST_VENDITE>0,000000</AUST_VENDITE>
    <BRNN_VENDITE>966,685000</BRNN_VENDITE>
    <COAC_VENDITE>0,000000</COAC_VENDITE>
    <CORS_VENDITE>0,000000</CORS_VENDITE>
    <FOGN_VENDITE>60,068000</FOGN_VENDITE>
    <FRAN_VENDITE>99,000000</FRAN_VENDITE>
    <GREC_VENDITE>425,000000</GREC_VENDITE>
    <MFTV_VENDITE>0,000000</MFTV_VENDITE>
    <PRGP_VENDITE>5,868000</PRGP_VENDITE>
    <ROSN_VENDITE>289,263000</ROSN_VENDITE>
    <SLOV_VENDITE>0,000000</SLOV_VENDITE>
    <SVIZ_VENDITE>1936,000000</SVIZ_VENDITE>
    <BSP_VENDITE>321,000000</BSP_VENDITE>
    <MALT_VENDITE>0,000000</MALT_VENDITE>
    <XAUS_VENDITE>149,000000</XAUS_VENDITE>
    <XFRA_VENDITE>941,865000</XFRA_VENDITE>
    <TOTITABSP_VENDITE>22850,416</TOTITABSP_VENDITE>
    <TOTITABSP_ACQUISTI>23941,281</TOTITABSP_ACQUISTI>
  </Quantita>
  <Quantita>
    <Data>20180408</Data>
    <Mercato>MGP</Mercato>
    <Ora>17</Ora>
    <TOTALE_ACQUISTI>24092,417</TOTALE_ACQUISTI>
    <NAT_ACQUISTI>24092,417000</NAT_ACQUISTI>
    <CNOR_ACQUISTI>2520,802000</CNOR_ACQUISTI>
    <CSUD_ACQUISTI>4001,384000</CSUD_ACQUISTI>
    <NORD_ACQUISTI>13014,792000</NORD_ACQUISTI>
    <SARD_ACQUISTI>797,814000</SARD_ACQUISTI>
    <SICI_ACQUISTI>1593,672000</SICI_ACQUISTI>
    <SUD_ACQUISTI>2011,953000</SUD_ACQUISTI>
    <AUST_ACQUISTI>0,000000</AUST_ACQUISTI>
    <BRNN_ACQUISTI>0,000000</BRNN_ACQUISTI>
    <COAC_ACQUISTI>20,000000</COAC_ACQUISTI>
    <CORS_ACQUISTI>5,000000</CORS_ACQUISTI>
    <FOGN_ACQUISTI>0,000000</FOGN_ACQUISTI>
    <FRAN_ACQUISTI>0,000000</FRAN_ACQUISTI>
    <GREC_ACQUISTI>40,000000</GREC_ACQUISTI>
    <MFTV_ACQUISTI>0,000000</MFTV_ACQUISTI>
    <PRGP_ACQUISTI>0,000000</PRGP_ACQUISTI>
    <ROSN_ACQUISTI>0,000000</ROSN_ACQUISTI>
    <SLOV_ACQUISTI>0,000000</SLOV_ACQUISTI>
    <SVIZ_ACQUISTI>0,000000</SVIZ_ACQUISTI>
    <BSP_ACQUISTI>0,000000</BSP_ACQUISTI>
    <MALT_ACQUISTI>87,000000</MALT_ACQUISTI>
    <XAUS_ACQUISTI>0,000000</XAUS_ACQUISTI>
    <XFRA_ACQUISTI>0,000000</XFRA_ACQUISTI>
    <TOTALE_VENDITE>22202,417</TOTALE_VENDITE>
    <NAT_VENDITE>24092,417000</NAT_VENDITE>
    <CNOR_VENDITE>2203,477000</CNOR_VENDITE>
    <CSUD_VENDITE>1805,375000</CSUD_VENDITE>
    <NORD_VENDITE>9098,926000</NORD_VENDITE>
    <SARD_VENDITE>1151,661000</SARD_VENDITE>
    <SICI_VENDITE>1720,226000</SICI_VENDITE>
    <SUD_VENDITE>2140,336000</SUD_VENDITE>
    <AUST_VENDITE>0,000000</AUST_VENDITE>
    <BRNN_VENDITE>966,962000</BRNN_VENDITE>
    <COAC_VENDITE>0,000000</COAC_VENDITE>
    <CORS_VENDITE>0,000000</CORS_VENDITE>
    <FOGN_VENDITE>317,752000</FOGN_VENDITE>
    <FRAN_VENDITE>99,000000</FRAN_VENDITE>
    <GREC_VENDITE>500,000000</GREC_VENDITE>
    <MFTV_VENDITE>0,000000</MFTV_VENDITE>
    <PRGP_VENDITE>4,222000</PRGP_VENDITE>
    <ROSN_VENDITE>258,480000</ROSN_VENDITE>
    <SLOV_VENDITE>0,000000</SLOV_VENDITE>
    <SVIZ_VENDITE>1936,000000</SVIZ_VENDITE>
    <BSP_VENDITE>346,000000</BSP_VENDITE>
    <MALT_VENDITE>0,000000</MALT_VENDITE>
    <XAUS_VENDITE>149,000000</XAUS_VENDITE>
    <XFRA_VENDITE>1395,000000</XFRA_VENDITE>
    <TOTITABSP_VENDITE>22548,417</TOTITABSP_VENDITE>
    <TOTITABSP_ACQUISTI>24092,417</TOTITABSP_ACQUISTI>
  </Quantita>
  <Quantita>
    <Data>20180408</Data>
    <Mercato>MGP</Mercato>
    <Ora>18</Ora>
    <TOTALE_ACQUISTI>25065,777</TOTALE_ACQUISTI>
    <NAT_ACQUISTI>25065,777000</NAT_ACQUISTI>
    <CNOR_ACQUISTI>2655,758000</CNOR_ACQUISTI>
    <CSUD_ACQUISTI>4174,142000</CSUD_ACQUISTI>
    <NORD_ACQUISTI>13444,087000</NORD_ACQUISTI>
    <SARD_ACQUISTI>846,178000</SARD_ACQUISTI>
    <SICI_ACQUISTI>1643,056000</SICI_ACQUISTI>
    <SUD_ACQUISTI>2141,556000</SUD_ACQUISTI>
    <AUST_ACQUISTI>0,000000</AUST_ACQUISTI>
    <BRNN_ACQUISTI>0,000000</BRNN_ACQUISTI>
    <COAC_ACQUISTI>20,000000</COAC_ACQUISTI>
    <CORS_ACQUISTI>5,000000</CORS_ACQUISTI>
    <FOGN_ACQUISTI>0,000000</FOGN_ACQUISTI>
    <FRAN_ACQUISTI>0,000000</FRAN_ACQUISTI>
    <GREC_ACQUISTI>0,000000</GREC_ACQUISTI>
    <MFTV_ACQUISTI>0,000000</MFTV_ACQUISTI>
    <PRGP_ACQUISTI>0,000000</PRGP_ACQUISTI>
    <ROSN_ACQUISTI>0,000000</ROSN_ACQUISTI>
    <SLOV_ACQUISTI>0,000000</SLOV_ACQUISTI>
    <SVIZ_ACQUISTI>0,000000</SVIZ_ACQUISTI>
    <BSP_ACQUISTI>0,000000</BSP_ACQUISTI>
    <MALT_ACQUISTI>136,000000</MALT_ACQUISTI>
    <XAUS_ACQUISTI>0,000000</XAUS_ACQUISTI>
    <XFRA_ACQUISTI>0,000000</XFRA_ACQUISTI>
    <TOTALE_VENDITE>22677,777</TOTALE_VENDITE>
    <NAT_VENDITE>25065,777000</NAT_VENDITE>
    <CNOR_VENDITE>2268,338000</CNOR_VENDITE>
    <CSUD_VENDITE>1676,120000</CSUD_VENDITE>
    <NORD_VENDITE>9516,799000</NORD_VENDITE>
    <SARD_VENDITE>1048,128000</SARD_VENDITE>
    <SICI_VENDITE>1816,957000</SICI_VENDITE>
    <SUD_VENDITE>2217,693000</SUD_VENDITE>
    <AUST_VENDITE>0,000000</AUST_VENDITE>
    <BRNN_VENDITE>968,250000</BRNN_VENDITE>
    <COAC_VENDITE>0,000000</COAC_VENDITE>
    <CORS_VENDITE>0,000000</CORS_VENDITE>
    <FOGN_VENDITE>314,529000</FOGN_VENDITE>
    <FRAN_VENDITE>99,000000</FRAN_VENDITE>
    <GREC_VENDITE>407,000000</GREC_VENDITE>
    <MFTV_VENDITE>0,000000</MFTV_VENDITE>
    <PRGP_VENDITE>2,362000</PRGP_VENDITE>
    <ROSN_VENDITE>252,601000</ROSN_VENDITE>
    <SLOV_VENDITE>0,000000</SLOV_VENDITE>
    <SVIZ_VENDITE>2090,000000</SVIZ_VENDITE>
    <BSP_VENDITE>433,000000</BSP_VENDITE>
    <MALT_VENDITE>0,000000</MALT_VENDITE>
    <XAUS_VENDITE>187,000000</XAUS_VENDITE>
    <XFRA_VENDITE>1768,000000</XFRA_VENDITE>
    <TOTITABSP_VENDITE>23110,777</TOTITABSP_VENDITE>
    <TOTITABSP_ACQUISTI>25065,777</TOTITABSP_ACQUISTI>
  </Quantita>
  <Quantita>
    <Data>20180408</Data>
    <Mercato>MGP</Mercato>
    <Ora>19</Ora>
    <TOTALE_ACQUISTI>26677,317</TOTALE_ACQUISTI>
    <NAT_ACQUISTI>26677,317000</NAT_ACQUISTI>
    <CNOR_ACQUISTI>2833,053000</CNOR_ACQUISTI>
    <CSUD_ACQUISTI>4335,953000</CSUD_ACQUISTI>
    <NORD_ACQUISTI>14467,345000</NORD_ACQUISTI>
    <SARD_ACQUISTI>890,058000</SARD_ACQUISTI>
    <SICI_ACQUISTI>1692,689000</SICI_ACQUISTI>
    <SUD_ACQUISTI>2258,219000</SUD_ACQUISTI>
    <AUST_ACQUISTI>0,000000</AUST_ACQUISTI>
    <BRNN_ACQUISTI>0,000000</BRNN_ACQUISTI>
    <COAC_ACQUISTI>24,000000</COAC_ACQUISTI>
    <CORS_ACQUISTI>5,000000</CORS_ACQUISTI>
    <FOGN_ACQUISTI>0,000000</FOGN_ACQUISTI>
    <FRAN_ACQUISTI>0,000000</FRAN_ACQUISTI>
    <GREC_ACQUISTI>0,000000</GREC_ACQUISTI>
    <MFTV_ACQUISTI>0,000000</MFTV_ACQUISTI>
    <PRGP_ACQUISTI>0,000000</PRGP_ACQUISTI>
    <ROSN_ACQUISTI>0,000000</ROSN_ACQUISTI>
    <SLOV_ACQUISTI>0,000000</SLOV_ACQUISTI>
    <SVIZ_ACQUISTI>0,000000</SVIZ_ACQUISTI>
    <BSP_ACQUISTI>0,000000</BSP_ACQUISTI>
    <MALT_ACQUISTI>171,000000</MALT_ACQUISTI>
    <XAUS_ACQUISTI>0,000000</XAUS_ACQUISTI>
    <XFRA_ACQUISTI>0,000000</XFRA_ACQUISTI>
    <TOTALE_VENDITE>24289,317</TOTALE_VENDITE>
    <NAT_VENDITE>26677,317000</NAT_VENDITE>
    <CNOR_VENDITE>2069,295000</CNOR_VENDITE>
    <CSUD_VENDITE>2520,926000</CSUD_VENDITE>
    <NORD_VENDITE>10953,877000</NORD_VENDITE>
    <SARD_VENDITE>939,817000</SARD_VENDITE>
    <SICI_VENDITE>1683,447000</SICI_VENDITE>
    <SUD_VENDITE>1712,106000</SUD_VENDITE>
    <AUST_VENDITE>0,000000</AUST_VENDITE>
    <BRNN_VENDITE>1232,952000</BRNN_VENDITE>
    <COAC_VENDITE>0,000000</COAC_VENDITE>
    <CORS_VENDITE>0,000000</CORS_VENDITE>
    <FOGN_VENDITE>311,482000</FOGN_VENDITE>
    <FRAN_VENDITE>99,000000</FRAN_VENDITE>
    <GREC_VENDITE>426,000000</GREC_VENDITE>
    <MFTV_VENDITE>0,000000</MFTV_VENDITE>
    <PRGP_VENDITE>0,854000</PRGP_VENDITE>
    <ROSN_VENDITE>249,561000</ROSN_VENDITE>
    <SLOV_VENDITE>0,000000</SLOV_VENDITE>
    <SVIZ_VENDITE>2090,000000</SVIZ_VENDITE>
    <BSP_VENDITE>433,000000</BSP_VENDITE>
    <MALT_VENDITE>0,000000</MALT_VENDITE>
    <XAUS_VENDITE>187,000000</XAUS_VENDITE>
    <XFRA_VENDITE>1768,000000</XFRA_VENDITE>
    <TOTITABSP_VENDITE>24722,317</TOTITABSP_VENDITE>
    <TOTITABSP_ACQUISTI>26677,317</TOTITABSP_ACQUISTI>
  </Quantita>
  <Quantita>
    <Data>20180408</Data>
    <Mercato>MGP</Mercato>
    <Ora>20</Ora>
    <TOTALE_ACQUISTI>29099,101</TOTALE_ACQUISTI>
    <NAT_ACQUISTI>29099,101000</NAT_ACQUISTI>
    <CNOR_ACQUISTI>3150,117000</CNOR_ACQUISTI>
    <CSUD_ACQUISTI>4828,376000</CSUD_ACQUISTI>
    <NORD_ACQUISTI>15502,515000</NORD_ACQUISTI>
    <SARD_ACQUISTI>948,321000</SARD_ACQUISTI>
    <SICI_ACQUISTI>1875,831000</SICI_ACQUISTI>
    <SUD_ACQUISTI>2559,941000</SUD_ACQUISTI>
    <AUST_ACQUISTI>0,000000</AUST_ACQUISTI>
    <BRNN_ACQUISTI>0,000000</BRNN_ACQUISTI>
    <COAC_ACQUISTI>36,000000</COAC_ACQUISTI>
    <CORS_ACQUISTI>5,000000</CORS_ACQUISTI>
    <FOGN_ACQUISTI>0,000000</FOGN_ACQUISTI>
    <FRAN_ACQUISTI>0,000000</FRAN_ACQUISTI>
    <GREC_ACQUISTI>0,000000</GREC_ACQUISTI>
    <MFTV_ACQUISTI>0,000000</MFTV_ACQUISTI>
    <PRGP_ACQUISTI>0,000000</PRGP_ACQUISTI>
    <ROSN_ACQUISTI>0,000000</ROSN_ACQUISTI>
    <SLOV_ACQUISTI>0,000000</SLOV_ACQUISTI>
    <SVIZ_ACQUISTI>0,000000</SVIZ_ACQUISTI>
    <BSP_ACQUISTI>0,000000</BSP_ACQUISTI>
    <MALT_ACQUISTI>193,000000</MALT_ACQUISTI>
    <XAUS_ACQUISTI>0,000000</XAUS_ACQUISTI>
    <XFRA_ACQUISTI>0,000000</XFRA_ACQUISTI>
    <TOTALE_VENDITE>26711,101</TOTALE_VENDITE>
    <NAT_VENDITE>29099,101000</NAT_VENDITE>
    <CNOR_VENDITE>1927,514000</CNOR_VENDITE>
    <CSUD_VENDITE>2977,021000</CSUD_VENDITE>
    <NORD_VENDITE>12404,117000</NORD_VENDITE>
    <SARD_VENDITE>859,207000</SARD_VENDITE>
    <SICI_VENDITE>1609,471000</SICI_VENDITE>
    <SUD_VENDITE>1561,433000</SUD_VENDITE>
    <AUST_VENDITE>0,000000</AUST_VENDITE>
    <BRNN_VENDITE>1242,498000</BRNN_VENDITE>
    <COAC_VENDITE>0,000000</COAC_VENDITE>
    <CORS_VENDITE>0,000000</CORS_VENDITE>
    <FOGN_VENDITE>742,072000</FOGN_VENDITE>
    <FRAN_VENDITE>99,000000</FRAN_VENDITE>
    <GREC_VENDITE>366,000000</GREC_VENDITE>
    <MFTV_VENDITE>0,000000</MFTV_VENDITE>
    <PRGP_VENDITE>0,042000</PRGP_VENDITE>
    <ROSN_VENDITE>409,726000</ROSN_VENDITE>
    <SLOV_VENDITE>0,000000</SLOV_VENDITE>
    <SVIZ_VENDITE>2513,000000</SVIZ_VENDITE>
    <BSP_VENDITE>433,000000</BSP_VENDITE>
    <MALT_VENDITE>0,000000</MALT_VENDITE>
    <XAUS_VENDITE>187,000000</XAUS_VENDITE>
    <XFRA_VENDITE>1768,000000</XFRA_VENDITE>
    <TOTITABSP_VENDITE>27144,101</TOTITABSP_VENDITE>
    <TOTITABSP_ACQUISTI>29099,101</TOTITABSP_ACQUISTI>
  </Quantita>
  <Quantita>
    <Data>20180408</Data>
    <Mercato>MGP</Mercato>
    <Ora>21</Ora>
    <TOTALE_ACQUISTI>31429,069</TOTALE_ACQUISTI>
    <NAT_ACQUISTI>31429,069000</NAT_ACQUISTI>
    <CNOR_ACQUISTI>3386,107000</CNOR_ACQUISTI>
    <CSUD_ACQUISTI>5355,917000</CSUD_ACQUISTI>
    <NORD_ACQUISTI>16418,594000</NORD_ACQUISTI>
    <SARD_ACQUISTI>1049,678000</SARD_ACQUISTI>
    <SICI_ACQUISTI>2132,647000</SICI_ACQUISTI>
    <SUD_ACQUISTI>2834,126000</SUD_ACQUISTI>
    <AUST_ACQUISTI>0,000000</AUST_ACQUISTI>
    <BRNN_ACQUISTI>0,000000</BRNN_ACQUISTI>
    <COAC_ACQUISTI>56,000000</COAC_ACQUISTI>
    <CORS_ACQUISTI>5,000000</CORS_ACQUISTI>
    <FOGN_ACQUISTI>0,000000</FOGN_ACQUISTI>
    <FRAN_ACQUISTI>0,000000</FRAN_ACQUISTI>
    <GREC_ACQUISTI>0,000000</GREC_ACQUISTI>
    <MFTV_ACQUISTI>0,000000</MFTV_ACQUISTI>
    <PRGP_ACQUISTI>0,000000</PRGP_ACQUISTI>
    <ROSN_ACQUISTI>0,000000</ROSN_ACQUISTI>
    <SLOV_ACQUISTI>0,000000</SLOV_ACQUISTI>
    <SVIZ_ACQUISTI>0,000000</SVIZ_ACQUISTI>
    <BSP_ACQUISTI>0,000000</BSP_ACQUISTI>
    <MALT_ACQUISTI>191,000000</MALT_ACQUISTI>
    <XAUS_ACQUISTI>0,000000</XAUS_ACQUISTI>
    <XFRA_ACQUISTI>0,000000</XFRA_ACQUISTI>
    <TOTALE_VENDITE>29041,069</TOTALE_VENDITE>
    <NAT_VENDITE>31429,069000</NAT_VENDITE>
    <CNOR_VENDITE>2319,898000</CNOR_VENDITE>
    <CSUD_VENDITE>2971,540000</CSUD_VENDITE>
    <NORD_VENDITE>13788,359000</NORD_VENDITE>
    <SARD_VENDITE>827,896000</SARD_VENDITE>
    <SICI_VENDITE>1706,594000</SICI_VENDITE>
    <SUD_VENDITE>1698,529000</SUD_VENDITE>
    <AUST_VENDITE>0,000000</AUST_VENDITE>
    <BRNN_VENDITE>1254,090000</BRNN_VENDITE>
    <COAC_VENDITE>0,000000</COAC_VENDITE>
    <CORS_VENDITE>0,000000</CORS_VENDITE>
    <FOGN_VENDITE>944,983000</FOGN_VENDITE>
    <FRAN_VENDITE>99,000000</FRAN_VENDITE>
    <GREC_VENDITE>500,000000</GREC_VENDITE>
    <MFTV_VENDITE>0,000000</MFTV_VENDITE>
    <PRGP_VENDITE>0,000000</PRGP_VENDITE>
    <ROSN_VENDITE>417,180000</ROSN_VENDITE>
    <SLOV_VENDITE>0,000000</SLOV_VENDITE>
    <SVIZ_VENDITE>2513,000000</SVIZ_VENDITE>
    <BSP_VENDITE>433,000000</BSP_VENDITE>
    <MALT_VENDITE>0,000000</MALT_VENDITE>
    <XAUS_VENDITE>187,000000</XAUS_VENDITE>
    <XFRA_VENDITE>1768,000000</XFRA_VENDITE>
    <TOTITABSP_VENDITE>29474,069</TOTITABSP_VENDITE>
    <TOTITABSP_ACQUISTI>31429,069</TOTITABSP_ACQUISTI>
  </Quantita>
  <Quantita>
    <Data>20180408</Data>
    <Mercato>MGP</Mercato>
    <Ora>22</Ora>
    <TOTALE_ACQUISTI>30082,547</TOTALE_ACQUISTI>
    <NAT_ACQUISTI>30082,547000</NAT_ACQUISTI>
    <CNOR_ACQUISTI>3231,151000</CNOR_ACQUISTI>
    <CSUD_ACQUISTI>5132,263000</CSUD_ACQUISTI>
    <NORD_ACQUISTI>15733,461000</NORD_ACQUISTI>
    <SARD_ACQUISTI>1006,036000</SARD_ACQUISTI>
    <SICI_ACQUISTI>2039,832000</SICI_ACQUISTI>
    <SUD_ACQUISTI>2719,804000</SUD_ACQUISTI>
    <AUST_ACQUISTI>0,000000</AUST_ACQUISTI>
    <BRNN_ACQUISTI>0,000000</BRNN_ACQUISTI>
    <COAC_ACQUISTI>45,000000</COAC_ACQUISTI>
    <CORS_ACQUISTI>5,000000</CORS_ACQUISTI>
    <FOGN_ACQUISTI>0,000000</FOGN_ACQUISTI>
    <FRAN_ACQUISTI>0,000000</FRAN_ACQUISTI>
    <GREC_ACQUISTI>0,000000</GREC_ACQUISTI>
    <MFTV_ACQUISTI>0,000000</MFTV_ACQUISTI>
    <PRGP_ACQUISTI>0,000000</PRGP_ACQUISTI>
    <ROSN_ACQUISTI>0,000000</ROSN_ACQUISTI>
    <SLOV_ACQUISTI>0,000000</SLOV_ACQUISTI>
    <SVIZ_ACQUISTI>0,000000</SVIZ_ACQUISTI>
    <BSP_ACQUISTI>0,000000</BSP_ACQUISTI>
    <MALT_ACQUISTI>170,000000</MALT_ACQUISTI>
    <XAUS_ACQUISTI>0,000000</XAUS_ACQUISTI>
    <XFRA_ACQUISTI>0,000000</XFRA_ACQUISTI>
    <TOTALE_VENDITE>27694,547</TOTALE_VENDITE>
    <NAT_VENDITE>30082,547000</NAT_VENDITE>
    <CNOR_VENDITE>2209,797000</CNOR_VENDITE>
    <CSUD_VENDITE>2958,563000</CSUD_VENDITE>
    <NORD_VENDITE>12524,868000</NORD_VENDITE>
    <SARD_VENDITE>828,183000</SARD_VENDITE>
    <SICI_VENDITE>1720,995000</SICI_VENDITE>
    <SUD_VENDITE>1778,776000</SUD_VENDITE>
    <AUST_VENDITE>0,000000</AUST_VENDITE>
    <BRNN_VENDITE>1264,793000</BRNN_VENDITE>
    <COAC_VENDITE>0,000000</COAC_VENDITE>
    <CORS_VENDITE>0,000000</CORS_VENDITE>
    <FOGN_VENDITE>947,738000</FOGN_VENDITE>
    <FRAN_VENDITE>99,000000</FRAN_VENDITE>
    <GREC_VENDITE>425,000000</GREC_VENDITE>
    <MFTV_VENDITE>0,000000</MFTV_VENDITE>
    <PRGP_VENDITE>0,000000</PRGP_VENDITE>
    <ROSN_VENDITE>423,834000</ROSN_VENDITE>
    <SLOV_VENDITE>0,000000</SLOV_VENDITE>
    <SVIZ_VENDITE>2513,000000</SVIZ_VENDITE>
    <BSP_VENDITE>433,000000</BSP_VENDITE>
    <MALT_VENDITE>0,000000</MALT_VENDITE>
    <XAUS_VENDITE>187,000000</XAUS_VENDITE>
    <XFRA_VENDITE>1768,000000</XFRA_VENDITE>
    <TOTITABSP_VENDITE>28127,547</TOTITABSP_VENDITE>
    <TOTITABSP_ACQUISTI>30082,547</TOTITABSP_ACQUISTI>
  </Quantita>
  <Quantita>
    <Data>20180408</Data>
    <Mercato>MGP</Mercato>
    <Ora>23</Ora>
    <TOTALE_ACQUISTI>28143,023</TOTALE_ACQUISTI>
    <NAT_ACQUISTI>28143,023000</NAT_ACQUISTI>
    <CNOR_ACQUISTI>3050,717000</CNOR_ACQUISTI>
    <CSUD_ACQUISTI>4783,978000</CSUD_ACQUISTI>
    <NORD_ACQUISTI>14735,929000</NORD_ACQUISTI>
    <SARD_ACQUISTI>941,518000</SARD_ACQUISTI>
    <SICI_ACQUISTI>1898,360000</SICI_ACQUISTI>
    <SUD_ACQUISTI>2532,521000</SUD_ACQUISTI>
    <AUST_ACQUISTI>0,000000</AUST_ACQUISTI>
    <BRNN_ACQUISTI>0,000000</BRNN_ACQUISTI>
    <COAC_ACQUISTI>47,000000</COAC_ACQUISTI>
    <CORS_ACQUISTI>5,000000</CORS_ACQUISTI>
    <FOGN_ACQUISTI>0,000000</FOGN_ACQUISTI>
    <FRAN_ACQUISTI>0,000000</FRAN_ACQUISTI>
    <GREC_ACQUISTI>0,000000</GREC_ACQUISTI>
    <MFTV_ACQUISTI>0,000000</MFTV_ACQUISTI>
    <PRGP_ACQUISTI>0,000000</PRGP_ACQUISTI>
    <ROSN_ACQUISTI>0,000000</ROSN_ACQUISTI>
    <SLOV_ACQUISTI>0,000000</SLOV_ACQUISTI>
    <SVIZ_ACQUISTI>0,000000</SVIZ_ACQUISTI>
    <BSP_ACQUISTI>0,000000</BSP_ACQUISTI>
    <MALT_ACQUISTI>148,000000</MALT_ACQUISTI>
    <XAUS_ACQUISTI>0,000000</XAUS_ACQUISTI>
    <XFRA_ACQUISTI>0,000000</XFRA_ACQUISTI>
    <TOTALE_VENDITE>25755,023</TOTALE_VENDITE>
    <NAT_VENDITE>28143,023000</NAT_VENDITE>
    <CNOR_VENDITE>1922,396000</CNOR_VENDITE>
    <CSUD_VENDITE>2944,827000</CSUD_VENDITE>
    <NORD_VENDITE>11360,614000</NORD_VENDITE>
    <SARD_VENDITE>850,646000</SARD_VENDITE>
    <SICI_VENDITE>1648,489000</SICI_VENDITE>
    <SUD_VENDITE>1907,759000</SUD_VENDITE>
    <AUST_VENDITE>0,000000</AUST_VENDITE>
    <BRNN_VENDITE>1212,191000</BRNN_VENDITE>
    <COAC_VENDITE>0,000000</COAC_VENDITE>
    <CORS_VENDITE>0,000000</CORS_VENDITE>
    <FOGN_VENDITE>687,480000</FOGN_VENDITE>
    <FRAN_VENDITE>99,000000</FRAN_VENDITE>
    <GREC_VENDITE>338,000000</GREC_VENDITE>
    <MFTV_VENDITE>0,000000</MFTV_VENDITE>
    <PRGP_VENDITE>0,000000</PRGP_VENDITE>
    <ROSN_VENDITE>270,621000</ROSN_VENDITE>
    <SLOV_VENDITE>0,000000</SLOV_VENDITE>
    <SVIZ_VENDITE>2513,000000</SVIZ_VENDITE>
    <BSP_VENDITE>433,000000</BSP_VENDITE>
    <MALT_VENDITE>0,000000</MALT_VENDITE>
    <XAUS_VENDITE>187,000000</XAUS_VENDITE>
    <XFRA_VENDITE>1768,000000</XFRA_VENDITE>
    <TOTITABSP_VENDITE>26188,023</TOTITABSP_VENDITE>
    <TOTITABSP_ACQUISTI>28143,023</TOTITABSP_ACQUISTI>
  </Quantita>
  <Quantita>
    <Data>20180408</Data>
    <Mercato>MGP</Mercato>
    <Ora>24</Ora>
    <TOTALE_ACQUISTI>25708,466</TOTALE_ACQUISTI>
    <NAT_ACQUISTI>25708,466000</NAT_ACQUISTI>
    <CNOR_ACQUISTI>2761,421000</CNOR_ACQUISTI>
    <CSUD_ACQUISTI>4330,367000</CSUD_ACQUISTI>
    <NORD_ACQUISTI>13549,778000</NORD_ACQUISTI>
    <SARD_ACQUISTI>877,495000</SARD_ACQUISTI>
    <SICI_ACQUISTI>1729,310000</SICI_ACQUISTI>
    <SUD_ACQUISTI>2289,095000</SUD_ACQUISTI>
    <AUST_ACQUISTI>0,000000</AUST_ACQUISTI>
    <BRNN_ACQUISTI>0,000000</BRNN_ACQUISTI>
    <COAC_ACQUISTI>38,000000</COAC_ACQUISTI>
    <CORS_ACQUISTI>5,000000</CORS_ACQUISTI>
    <FOGN_ACQUISTI>0,000000</FOGN_ACQUISTI>
    <FRAN_ACQUISTI>0,000000</FRAN_ACQUISTI>
    <GREC_ACQUISTI>0,000000</GREC_ACQUISTI>
    <MFTV_ACQUISTI>0,000000</MFTV_ACQUISTI>
    <PRGP_ACQUISTI>0,000000</PRGP_ACQUISTI>
    <ROSN_ACQUISTI>0,000000</ROSN_ACQUISTI>
    <SLOV_ACQUISTI>0,000000</SLOV_ACQUISTI>
    <SVIZ_ACQUISTI>0,000000</SVIZ_ACQUISTI>
    <BSP_ACQUISTI>0,000000</BSP_ACQUISTI>
    <MALT_ACQUISTI>128,000000</MALT_ACQUISTI>
    <XAUS_ACQUISTI>0,000000</XAUS_ACQUISTI>
    <XFRA_ACQUISTI>0,000000</XFRA_ACQUISTI>
    <TOTALE_VENDITE>23320,466</TOTALE_VENDITE>
    <NAT_VENDITE>25708,466000</NAT_VENDITE>
    <CNOR_VENDITE>1904,994000</CNOR_VENDITE>
    <CSUD_VENDITE>2088,746000</CSUD_VENDITE>
    <NORD_VENDITE>10087,192000</NORD_VENDITE>
    <SARD_VENDITE>837,551000</SARD_VENDITE>
    <SICI_VENDITE>1666,411000</SICI_VENDITE>
    <SUD_VENDITE>1978,818000</SUD_VENDITE>
    <AUST_VENDITE>0,000000</AUST_VENDITE>
    <BRNN_VENDITE>1221,846000</BRNN_VENDITE>
    <COAC_VENDITE>0,000000</COAC_VENDITE>
    <CORS_VENDITE>0,000000</CORS_VENDITE>
    <FOGN_VENDITE>310,434000</FOGN_VENDITE>
    <FRAN_VENDITE>99,000000</FRAN_VENDITE>
    <GREC_VENDITE>336,000000</GREC_VENDITE>
    <MFTV_VENDITE>0,000000</MFTV_VENDITE>
    <PRGP_VENDITE>0,000000</PRGP_VENDITE>
    <ROSN_VENDITE>276,474000</ROSN_VENDITE>
    <SLOV_VENDITE>0,000000</SLOV_VENDITE>
    <SVIZ_VENDITE>2513,000000</SVIZ_VENDITE>
    <BSP_VENDITE>433,000000</BSP_VENDITE>
    <MALT_VENDITE>0,000000</MALT_VENDITE>
    <XAUS_VENDITE>187,000000</XAUS_VENDITE>
    <XFRA_VENDITE>1768,000000</XFRA_VENDITE>
    <TOTITABSP_VENDITE>23753,466</TOTITABSP_VENDITE>
    <TOTITABSP_ACQUISTI>25708,466</TOTITABSP_ACQUISTI>
  </Quantita>
</NewDataSet>