<?xml version="1.0" standalone="yes"?>
<NewDataSet>
  <xs:schema id="NewDataSet" xmlns="" xmlns:xs="http://www.w3.org/2001/XMLSchema" xmlns:msdata="urn:schemas-microsoft-com:xml-msdata">
    <xs:element name="NewDataSet" msdata:IsDataSet="true" msdata:UseCurrentLocale="true">
      <xs:complexType>
        <xs:choice minOccurs="0" maxOccurs="unbounded">
          <xs:element name="Quantita">
            <xs:complexType>
              <xs:sequence>
                <xs:element name="Data" type="xs:string" minOccurs="0" />
                <xs:element name="Mercato" type="xs:string" minOccurs="0" />
                <xs:element name="Ora" type="xs:string" minOccurs="0" />
                <xs:element name="TOTALE_ACQUISTI" type="xs:string" minOccurs="0" />
                <xs:element name="NAT_ACQUISTI" type="xs:string" minOccurs="0" />
                <xs:element name="CNOR_ACQUISTI" type="xs:string" minOccurs="0" />
                <xs:element name="CSUD_ACQUISTI" type="xs:string" minOccurs="0" />
                <xs:element name="NORD_ACQUISTI" type="xs:string" minOccurs="0" />
                <xs:element name="SARD_ACQUISTI" type="xs:string" minOccurs="0" />
                <xs:element name="SICI_ACQUISTI" type="xs:string" minOccurs="0" />
                <xs:element name="SUD_ACQUISTI" type="xs:string" minOccurs="0" />
                <xs:element name="AUST_ACQUISTI" type="xs:string" minOccurs="0" />
                <xs:element name="BRNN_ACQUISTI" type="xs:string" minOccurs="0" />
                <xs:element name="COAC_ACQUISTI" type="xs:string" minOccurs="0" />
                <xs:element name="CORS_ACQUISTI" type="xs:string" minOccurs="0" />
                <xs:element name="FOGN_ACQUISTI" type="xs:string" minOccurs="0" />
                <xs:element name="FRAN_ACQUISTI" type="xs:string" minOccurs="0" />
                <xs:element name="GREC_ACQUISTI" type="xs:string" minOccurs="0" />
                <xs:element name="MFTV_ACQUISTI" type="xs:string" minOccurs="0" />
                <xs:element name="PRGP_ACQUISTI" type="xs:string" minOccurs="0" />
                <xs:element name="ROSN_ACQUISTI" type="xs:string" minOccurs="0" />
                <xs:element name="SLOV_ACQUISTI" type="xs:string" minOccurs="0" />
                <xs:element name="SVIZ_ACQUISTI" type="xs:string" minOccurs="0" />
                <xs:element name="BSP_ACQUISTI" type="xs:string" minOccurs="0" />
                <xs:element name="MALT_ACQUISTI" type="xs:string" minOccurs="0" />
                <xs:element name="XAUS_ACQUISTI" type="xs:string" minOccurs="0" />
                <xs:element name="XFRA_ACQUISTI" type="xs:string" minOccurs="0" />
                <xs:element name="TOTALE_VENDITE" type="xs:string" minOccurs="0" />
                <xs:element name="NAT_VENDITE" type="xs:string" minOccurs="0" />
                <xs:element name="CNOR_VENDITE" type="xs:string" minOccurs="0" />
                <xs:element name="CSUD_VENDITE" type="xs:string" minOccurs="0" />
                <xs:element name="NORD_VENDITE" type="xs:string" minOccurs="0" />
                <xs:element name="SARD_VENDITE" type="xs:string" minOccurs="0" />
                <xs:element name="SICI_VENDITE" type="xs:string" minOccurs="0" />
                <xs:element name="SUD_VENDITE" type="xs:string" minOccurs="0" />
                <xs:element name="AUST_VENDITE" type="xs:string" minOccurs="0" />
                <xs:element name="BRNN_VENDITE" type="xs:string" minOccurs="0" />
                <xs:element name="COAC_VENDITE" type="xs:string" minOccurs="0" />
                <xs:element name="CORS_VENDITE" type="xs:string" minOccurs="0" />
                <xs:element name="FOGN_VENDITE" type="xs:string" minOccurs="0" />
                <xs:element name="FRAN_VENDITE" type="xs:string" minOccurs="0" />
                <xs:element name="GREC_VENDITE" type="xs:string" minOccurs="0" />
                <xs:element name="MFTV_VENDITE" type="xs:string" minOccurs="0" />
                <xs:element name="PRGP_VENDITE" type="xs:string" minOccurs="0" />
                <xs:element name="ROSN_VENDITE" type="xs:string" minOccurs="0" />
                <xs:element name="SLOV_VENDITE" type="xs:string" minOccurs="0" />
                <xs:element name="SVIZ_VENDITE" type="xs:string" minOccurs="0" />
                <xs:element name="BSP_VENDITE" type="xs:string" minOccurs="0" />
                <xs:element name="MALT_VENDITE" type="xs:string" minOccurs="0" />
                <xs:element name="XAUS_VENDITE" type="xs:string" minOccurs="0" />
                <xs:element name="XFRA_VENDITE" type="xs:string" minOccurs="0" />
                <xs:element name="TOTITABSP_VENDITE" msdata:ReadOnly="true" msdata:Expression="Convert(TOTALE_VENDITE, System.Double) + Convert(BSP_VENDITE,System.Double)" type="xs:string" minOccurs="0" />
                <xs:element name="TOTITABSP_ACQUISTI" msdata:ReadOnly="true" msdata:Expression="Convert(TOTALE_ACQUISTI, System.Double) + Convert(BSP_ACQUISTI, System.Double)" type="xs:string" minOccurs="0" />
              </xs:sequence>
            </xs:complexType>
          </xs:element>
        </xs:choice>
      </xs:complexType>
    </xs:element>
  </xs:schema>
  <Quantita>
    <Data>20180406</Data>
    <Mercato>MGP</Mercato>
    <Ora>1</Ora>
    <TOTALE_ACQUISTI>28338,501</TOTALE_ACQUISTI>
    <NAT_ACQUISTI>28338,501000</NAT_ACQUISTI>
    <CNOR_ACQUISTI>2950,035000</CNOR_ACQUISTI>
    <CSUD_ACQUISTI>4292,126000</CSUD_ACQUISTI>
    <NORD_ACQUISTI>16040,992000</NORD_ACQUISTI>
    <SARD_ACQUISTI>813,603000</SARD_ACQUISTI>
    <SICI_ACQUISTI>1688,809000</SICI_ACQUISTI>
    <SUD_ACQUISTI>2189,936000</SUD_ACQUISTI>
    <AUST_ACQUISTI>0,000000</AUST_ACQUISTI>
    <BRNN_ACQUISTI>0,000000</BRNN_ACQUISTI>
    <COAC_ACQUISTI>35,000000</COAC_ACQUISTI>
    <CORS_ACQUISTI>39,000000</CORS_ACQUISTI>
    <FOGN_ACQUISTI>0,000000</FOGN_ACQUISTI>
    <FRAN_ACQUISTI>0,000000</FRAN_ACQUISTI>
    <GREC_ACQUISTI>140,000000</GREC_ACQUISTI>
    <MFTV_ACQUISTI>0,000000</MFTV_ACQUISTI>
    <PRGP_ACQUISTI>0,000000</PRGP_ACQUISTI>
    <ROSN_ACQUISTI>0,000000</ROSN_ACQUISTI>
    <SLOV_ACQUISTI>0,000000</SLOV_ACQUISTI>
    <SVIZ_ACQUISTI>38,000000</SVIZ_ACQUISTI>
    <BSP_ACQUISTI>0,000000</BSP_ACQUISTI>
    <MALT_ACQUISTI>111,000000</MALT_ACQUISTI>
    <XAUS_ACQUISTI>0,000000</XAUS_ACQUISTI>
    <XFRA_ACQUISTI>0,000000</XFRA_ACQUISTI>
    <TOTALE_VENDITE>25215,501</TOTALE_VENDITE>
    <NAT_VENDITE>28338,501000</NAT_VENDITE>
    <CNOR_VENDITE>2234,958000</CNOR_VENDITE>
    <CSUD_VENDITE>2761,410000</CSUD_VENDITE>
    <NORD_VENDITE>10926,243000</NORD_VENDITE>
    <SARD_VENDITE>627,053000</SARD_VENDITE>
    <SICI_VENDITE>1213,995000</SICI_VENDITE>
    <SUD_VENDITE>1958,388000</SUD_VENDITE>
    <AUST_VENDITE>20,000000</AUST_VENDITE>
    <BRNN_VENDITE>1225,951000</BRNN_VENDITE>
    <COAC_VENDITE>0,000000</COAC_VENDITE>
    <CORS_VENDITE>0,000000</CORS_VENDITE>
    <FOGN_VENDITE>11,318000</FOGN_VENDITE>
    <FRAN_VENDITE>98,000000</FRAN_VENDITE>
    <GREC_VENDITE>356,000000</GREC_VENDITE>
    <MFTV_VENDITE>0,000000</MFTV_VENDITE>
    <PRGP_VENDITE>0,000000</PRGP_VENDITE>
    <ROSN_VENDITE>1223,185000</ROSN_VENDITE>
    <SLOV_VENDITE>0,000000</SLOV_VENDITE>
    <SVIZ_VENDITE>2559,000000</SVIZ_VENDITE>
    <BSP_VENDITE>512,000000</BSP_VENDITE>
    <MALT_VENDITE>0,000000</MALT_VENDITE>
    <XAUS_VENDITE>237,000000</XAUS_VENDITE>
    <XFRA_VENDITE>2374,000000</XFRA_VENDITE>
    <TOTITABSP_VENDITE>25727,501</TOTITABSP_VENDITE>
    <TOTITABSP_ACQUISTI>28338,501</TOTITABSP_ACQUISTI>
  </Quantita>
  <Quantita>
    <Data>20180406</Data>
    <Mercato>MGP</Mercato>
    <Ora>2</Ora>
    <TOTALE_ACQUISTI>26913,593</TOTALE_ACQUISTI>
    <NAT_ACQUISTI>26913,593000</NAT_ACQUISTI>
    <CNOR_ACQUISTI>2811,430000</CNOR_ACQUISTI>
    <CSUD_ACQUISTI>3957,852000</CSUD_ACQUISTI>
    <NORD_ACQUISTI>15287,220000</NORD_ACQUISTI>
    <SARD_ACQUISTI>759,751000</SARD_ACQUISTI>
    <SICI_ACQUISTI>1549,196000</SICI_ACQUISTI>
    <SUD_ACQUISTI>2036,144000</SUD_ACQUISTI>
    <AUST_ACQUISTI>0,000000</AUST_ACQUISTI>
    <BRNN_ACQUISTI>0,000000</BRNN_ACQUISTI>
    <COAC_ACQUISTI>49,000000</COAC_ACQUISTI>
    <CORS_ACQUISTI>22,000000</CORS_ACQUISTI>
    <FOGN_ACQUISTI>0,000000</FOGN_ACQUISTI>
    <FRAN_ACQUISTI>0,000000</FRAN_ACQUISTI>
    <GREC_ACQUISTI>303,000000</GREC_ACQUISTI>
    <MFTV_ACQUISTI>0,000000</MFTV_ACQUISTI>
    <PRGP_ACQUISTI>0,000000</PRGP_ACQUISTI>
    <ROSN_ACQUISTI>0,000000</ROSN_ACQUISTI>
    <SLOV_ACQUISTI>0,000000</SLOV_ACQUISTI>
    <SVIZ_ACQUISTI>38,000000</SVIZ_ACQUISTI>
    <BSP_ACQUISTI>0,000000</BSP_ACQUISTI>
    <MALT_ACQUISTI>100,000000</MALT_ACQUISTI>
    <XAUS_ACQUISTI>0,000000</XAUS_ACQUISTI>
    <XFRA_ACQUISTI>0,000000</XFRA_ACQUISTI>
    <TOTALE_VENDITE>23790,593</TOTALE_VENDITE>
    <NAT_VENDITE>26913,593000</NAT_VENDITE>
    <CNOR_VENDITE>2230,035000</CNOR_VENDITE>
    <CSUD_VENDITE>1816,683000</CSUD_VENDITE>
    <NORD_VENDITE>10614,506000</NORD_VENDITE>
    <SARD_VENDITE>601,012000</SARD_VENDITE>
    <SICI_VENDITE>1220,802000</SICI_VENDITE>
    <SUD_VENDITE>2012,049000</SUD_VENDITE>
    <AUST_VENDITE>20,000000</AUST_VENDITE>
    <BRNN_VENDITE>1007,101000</BRNN_VENDITE>
    <COAC_VENDITE>0,000000</COAC_VENDITE>
    <CORS_VENDITE>0,000000</CORS_VENDITE>
    <FOGN_VENDITE>13,283000</FOGN_VENDITE>
    <FRAN_VENDITE>98,000000</FRAN_VENDITE>
    <GREC_VENDITE>377,000000</GREC_VENDITE>
    <MFTV_VENDITE>0,000000</MFTV_VENDITE>
    <PRGP_VENDITE>0,000000</PRGP_VENDITE>
    <ROSN_VENDITE>1221,122000</ROSN_VENDITE>
    <SLOV_VENDITE>0,000000</SLOV_VENDITE>
    <SVIZ_VENDITE>2559,000000</SVIZ_VENDITE>
    <BSP_VENDITE>512,000000</BSP_VENDITE>
    <MALT_VENDITE>0,000000</MALT_VENDITE>
    <XAUS_VENDITE>237,000000</XAUS_VENDITE>
    <XFRA_VENDITE>2374,000000</XFRA_VENDITE>
    <TOTITABSP_VENDITE>24302,593</TOTITABSP_VENDITE>
    <TOTITABSP_ACQUISTI>26913,593</TOTITABSP_ACQUISTI>
  </Quantita>
  <Quantita>
    <Data>20180406</Data>
    <Mercato>MGP</Mercato>
    <Ora>3</Ora>
    <TOTALE_ACQUISTI>26089,776</TOTALE_ACQUISTI>
    <NAT_ACQUISTI>26089,776000</NAT_ACQUISTI>
    <CNOR_ACQUISTI>2731,401000</CNOR_ACQUISTI>
    <CSUD_ACQUISTI>3787,125000</CSUD_ACQUISTI>
    <NORD_ACQUISTI>14930,379000</NORD_ACQUISTI>
    <SARD_ACQUISTI>734,670000</SARD_ACQUISTI>
    <SICI_ACQUISTI>1480,012000</SICI_ACQUISTI>
    <SUD_ACQUISTI>1966,189000</SUD_ACQUISTI>
    <AUST_ACQUISTI>0,000000</AUST_ACQUISTI>
    <BRNN_ACQUISTI>0,000000</BRNN_ACQUISTI>
    <COAC_ACQUISTI>49,000000</COAC_ACQUISTI>
    <CORS_ACQUISTI>5,000000</CORS_ACQUISTI>
    <FOGN_ACQUISTI>0,000000</FOGN_ACQUISTI>
    <FRAN_ACQUISTI>0,000000</FRAN_ACQUISTI>
    <GREC_ACQUISTI>273,000000</GREC_ACQUISTI>
    <MFTV_ACQUISTI>0,000000</MFTV_ACQUISTI>
    <PRGP_ACQUISTI>0,000000</PRGP_ACQUISTI>
    <ROSN_ACQUISTI>0,000000</ROSN_ACQUISTI>
    <SLOV_ACQUISTI>0,000000</SLOV_ACQUISTI>
    <SVIZ_ACQUISTI>38,000000</SVIZ_ACQUISTI>
    <BSP_ACQUISTI>0,000000</BSP_ACQUISTI>
    <MALT_ACQUISTI>95,000000</MALT_ACQUISTI>
    <XAUS_ACQUISTI>0,000000</XAUS_ACQUISTI>
    <XFRA_ACQUISTI>0,000000</XFRA_ACQUISTI>
    <TOTALE_VENDITE>22966,776</TOTALE_VENDITE>
    <NAT_VENDITE>26089,776000</NAT_VENDITE>
    <CNOR_VENDITE>2229,902000</CNOR_VENDITE>
    <CSUD_VENDITE>1085,737000</CSUD_VENDITE>
    <NORD_VENDITE>10388,458000</NORD_VENDITE>
    <SARD_VENDITE>582,966000</SARD_VENDITE>
    <SICI_VENDITE>1197,131000</SICI_VENDITE>
    <SUD_VENDITE>2161,612000</SUD_VENDITE>
    <AUST_VENDITE>20,000000</AUST_VENDITE>
    <BRNN_VENDITE>1016,178000</BRNN_VENDITE>
    <COAC_VENDITE>0,000000</COAC_VENDITE>
    <CORS_VENDITE>0,000000</CORS_VENDITE>
    <FOGN_VENDITE>15,525000</FOGN_VENDITE>
    <FRAN_VENDITE>98,000000</FRAN_VENDITE>
    <GREC_VENDITE>395,000000</GREC_VENDITE>
    <MFTV_VENDITE>0,000000</MFTV_VENDITE>
    <PRGP_VENDITE>0,000000</PRGP_VENDITE>
    <ROSN_VENDITE>1217,267000</ROSN_VENDITE>
    <SLOV_VENDITE>0,000000</SLOV_VENDITE>
    <SVIZ_VENDITE>2559,000000</SVIZ_VENDITE>
    <BSP_VENDITE>512,000000</BSP_VENDITE>
    <MALT_VENDITE>0,000000</MALT_VENDITE>
    <XAUS_VENDITE>237,000000</XAUS_VENDITE>
    <XFRA_VENDITE>2374,000000</XFRA_VENDITE>
    <TOTITABSP_VENDITE>23478,776</TOTITABSP_VENDITE>
    <TOTITABSP_ACQUISTI>26089,776</TOTITABSP_ACQUISTI>
  </Quantita>
  <Quantita>
    <Data>20180406</Data>
    <Mercato>MGP</Mercato>
    <Ora>4</Ora>
    <TOTALE_ACQUISTI>25711,501</TOTALE_ACQUISTI>
    <NAT_ACQUISTI>25711,501000</NAT_ACQUISTI>
    <CNOR_ACQUISTI>2658,151000</CNOR_ACQUISTI>
    <CSUD_ACQUISTI>3723,549000</CSUD_ACQUISTI>
    <NORD_ACQUISTI>14749,629000</NORD_ACQUISTI>
    <SARD_ACQUISTI>736,054000</SARD_ACQUISTI>
    <SICI_ACQUISTI>1450,635000</SICI_ACQUISTI>
    <SUD_ACQUISTI>1942,483000</SUD_ACQUISTI>
    <AUST_ACQUISTI>0,000000</AUST_ACQUISTI>
    <BRNN_ACQUISTI>0,000000</BRNN_ACQUISTI>
    <COAC_ACQUISTI>40,000000</COAC_ACQUISTI>
    <CORS_ACQUISTI>5,000000</CORS_ACQUISTI>
    <FOGN_ACQUISTI>0,000000</FOGN_ACQUISTI>
    <FRAN_ACQUISTI>0,000000</FRAN_ACQUISTI>
    <GREC_ACQUISTI>274,000000</GREC_ACQUISTI>
    <MFTV_ACQUISTI>0,000000</MFTV_ACQUISTI>
    <PRGP_ACQUISTI>0,000000</PRGP_ACQUISTI>
    <ROSN_ACQUISTI>0,000000</ROSN_ACQUISTI>
    <SLOV_ACQUISTI>0,000000</SLOV_ACQUISTI>
    <SVIZ_ACQUISTI>38,000000</SVIZ_ACQUISTI>
    <BSP_ACQUISTI>0,000000</BSP_ACQUISTI>
    <MALT_ACQUISTI>94,000000</MALT_ACQUISTI>
    <XAUS_ACQUISTI>0,000000</XAUS_ACQUISTI>
    <XFRA_ACQUISTI>0,000000</XFRA_ACQUISTI>
    <TOTALE_VENDITE>22588,501</TOTALE_VENDITE>
    <NAT_VENDITE>25711,501000</NAT_VENDITE>
    <CNOR_VENDITE>2234,013000</CNOR_VENDITE>
    <CSUD_VENDITE>1115,239000</CSUD_VENDITE>
    <NORD_VENDITE>9970,416000</NORD_VENDITE>
    <SARD_VENDITE>557,970000</SARD_VENDITE>
    <SICI_VENDITE>1167,051000</SICI_VENDITE>
    <SUD_VENDITE>2250,511000</SUD_VENDITE>
    <AUST_VENDITE>20,000000</AUST_VENDITE>
    <BRNN_VENDITE>1023,342000</BRNN_VENDITE>
    <COAC_VENDITE>0,000000</COAC_VENDITE>
    <CORS_VENDITE>0,000000</CORS_VENDITE>
    <FOGN_VENDITE>20,585000</FOGN_VENDITE>
    <FRAN_VENDITE>98,000000</FRAN_VENDITE>
    <GREC_VENDITE>359,000000</GREC_VENDITE>
    <MFTV_VENDITE>0,000000</MFTV_VENDITE>
    <PRGP_VENDITE>0,000000</PRGP_VENDITE>
    <ROSN_VENDITE>1213,374000</ROSN_VENDITE>
    <SLOV_VENDITE>0,000000</SLOV_VENDITE>
    <SVIZ_VENDITE>2559,000000</SVIZ_VENDITE>
    <BSP_VENDITE>512,000000</BSP_VENDITE>
    <MALT_VENDITE>0,000000</MALT_VENDITE>
    <XAUS_VENDITE>237,000000</XAUS_VENDITE>
    <XFRA_VENDITE>2374,000000</XFRA_VENDITE>
    <TOTITABSP_VENDITE>23100,501</TOTITABSP_VENDITE>
    <TOTITABSP_ACQUISTI>25711,501</TOTITABSP_ACQUISTI>
  </Quantita>
  <Quantita>
    <Data>20180406</Data>
    <Mercato>MGP</Mercato>
    <Ora>5</Ora>
    <TOTALE_ACQUISTI>26018,727</TOTALE_ACQUISTI>
    <NAT_ACQUISTI>26018,727000</NAT_ACQUISTI>
    <CNOR_ACQUISTI>2667,353000</CNOR_ACQUISTI>
    <CSUD_ACQUISTI>3737,345000</CSUD_ACQUISTI>
    <NORD_ACQUISTI>14963,732000</NORD_ACQUISTI>
    <SARD_ACQUISTI>735,415000</SARD_ACQUISTI>
    <SICI_ACQUISTI>1463,540000</SICI_ACQUISTI>
    <SUD_ACQUISTI>1964,887000</SUD_ACQUISTI>
    <AUST_ACQUISTI>0,000000</AUST_ACQUISTI>
    <BRNN_ACQUISTI>0,000000</BRNN_ACQUISTI>
    <COAC_ACQUISTI>33,000000</COAC_ACQUISTI>
    <CORS_ACQUISTI>5,000000</CORS_ACQUISTI>
    <FOGN_ACQUISTI>0,000000</FOGN_ACQUISTI>
    <FRAN_ACQUISTI>0,000000</FRAN_ACQUISTI>
    <GREC_ACQUISTI>304,000000</GREC_ACQUISTI>
    <MFTV_ACQUISTI>0,000000</MFTV_ACQUISTI>
    <PRGP_ACQUISTI>0,000000</PRGP_ACQUISTI>
    <ROSN_ACQUISTI>0,000000</ROSN_ACQUISTI>
    <SLOV_ACQUISTI>0,000000</SLOV_ACQUISTI>
    <SVIZ_ACQUISTI>43,455000</SVIZ_ACQUISTI>
    <BSP_ACQUISTI>0,000000</BSP_ACQUISTI>
    <MALT_ACQUISTI>101,000000</MALT_ACQUISTI>
    <XAUS_ACQUISTI>0,000000</XAUS_ACQUISTI>
    <XFRA_ACQUISTI>0,000000</XFRA_ACQUISTI>
    <TOTALE_VENDITE>22895,727</TOTALE_VENDITE>
    <NAT_VENDITE>26018,727000</NAT_VENDITE>
    <CNOR_VENDITE>2237,962000</CNOR_VENDITE>
    <CSUD_VENDITE>1207,507000</CSUD_VENDITE>
    <NORD_VENDITE>10019,744000</NORD_VENDITE>
    <SARD_VENDITE>541,452000</SARD_VENDITE>
    <SICI_VENDITE>1130,048000</SICI_VENDITE>
    <SUD_VENDITE>2466,008000</SUD_VENDITE>
    <AUST_VENDITE>20,000000</AUST_VENDITE>
    <BRNN_VENDITE>1026,260000</BRNN_VENDITE>
    <COAC_VENDITE>0,000000</COAC_VENDITE>
    <CORS_VENDITE>0,000000</CORS_VENDITE>
    <FOGN_VENDITE>27,595000</FOGN_VENDITE>
    <FRAN_VENDITE>98,000000</FRAN_VENDITE>
    <GREC_VENDITE>355,000000</GREC_VENDITE>
    <MFTV_VENDITE>0,000000</MFTV_VENDITE>
    <PRGP_VENDITE>0,000000</PRGP_VENDITE>
    <ROSN_VENDITE>1207,151000</ROSN_VENDITE>
    <SLOV_VENDITE>0,000000</SLOV_VENDITE>
    <SVIZ_VENDITE>2559,000000</SVIZ_VENDITE>
    <BSP_VENDITE>512,000000</BSP_VENDITE>
    <MALT_VENDITE>0,000000</MALT_VENDITE>
    <XAUS_VENDITE>237,000000</XAUS_VENDITE>
    <XFRA_VENDITE>2374,000000</XFRA_VENDITE>
    <TOTITABSP_VENDITE>23407,727</TOTITABSP_VENDITE>
    <TOTITABSP_ACQUISTI>26018,727</TOTITABSP_ACQUISTI>
  </Quantita>
  <Quantita>
    <Data>20180406</Data>
    <Mercato>MGP</Mercato>
    <Ora>6</Ora>
    <TOTALE_ACQUISTI>27391,569</TOTALE_ACQUISTI>
    <NAT_ACQUISTI>27391,569000</NAT_ACQUISTI>
    <CNOR_ACQUISTI>2826,797000</CNOR_ACQUISTI>
    <CSUD_ACQUISTI>3939,197000</CSUD_ACQUISTI>
    <NORD_ACQUISTI>15820,404000</NORD_ACQUISTI>
    <SARD_ACQUISTI>764,074000</SARD_ACQUISTI>
    <SICI_ACQUISTI>1528,527000</SICI_ACQUISTI>
    <SUD_ACQUISTI>2055,570000</SUD_ACQUISTI>
    <AUST_ACQUISTI>0,000000</AUST_ACQUISTI>
    <BRNN_ACQUISTI>0,000000</BRNN_ACQUISTI>
    <COAC_ACQUISTI>34,000000</COAC_ACQUISTI>
    <CORS_ACQUISTI>5,000000</CORS_ACQUISTI>
    <FOGN_ACQUISTI>0,000000</FOGN_ACQUISTI>
    <FRAN_ACQUISTI>0,000000</FRAN_ACQUISTI>
    <GREC_ACQUISTI>263,000000</GREC_ACQUISTI>
    <MFTV_ACQUISTI>0,000000</MFTV_ACQUISTI>
    <PRGP_ACQUISTI>0,000000</PRGP_ACQUISTI>
    <ROSN_ACQUISTI>0,000000</ROSN_ACQUISTI>
    <SLOV_ACQUISTI>0,000000</SLOV_ACQUISTI>
    <SVIZ_ACQUISTI>31,000000</SVIZ_ACQUISTI>
    <BSP_ACQUISTI>0,000000</BSP_ACQUISTI>
    <MALT_ACQUISTI>124,000000</MALT_ACQUISTI>
    <XAUS_ACQUISTI>0,000000</XAUS_ACQUISTI>
    <XFRA_ACQUISTI>0,000000</XFRA_ACQUISTI>
    <TOTALE_VENDITE>24268,569</TOTALE_VENDITE>
    <NAT_VENDITE>27391,569000</NAT_VENDITE>
    <CNOR_VENDITE>2244,453000</CNOR_VENDITE>
    <CSUD_VENDITE>1331,978000</CSUD_VENDITE>
    <NORD_VENDITE>11133,932000</NORD_VENDITE>
    <SARD_VENDITE>523,759000</SARD_VENDITE>
    <SICI_VENDITE>1104,769000</SICI_VENDITE>
    <SUD_VENDITE>2623,508000</SUD_VENDITE>
    <AUST_VENDITE>20,000000</AUST_VENDITE>
    <BRNN_VENDITE>1029,634000</BRNN_VENDITE>
    <COAC_VENDITE>0,000000</COAC_VENDITE>
    <CORS_VENDITE>0,000000</CORS_VENDITE>
    <FOGN_VENDITE>32,773000</FOGN_VENDITE>
    <FRAN_VENDITE>98,000000</FRAN_VENDITE>
    <GREC_VENDITE>358,000000</GREC_VENDITE>
    <MFTV_VENDITE>0,000000</MFTV_VENDITE>
    <PRGP_VENDITE>0,000000</PRGP_VENDITE>
    <ROSN_VENDITE>1208,763000</ROSN_VENDITE>
    <SLOV_VENDITE>0,000000</SLOV_VENDITE>
    <SVIZ_VENDITE>2559,000000</SVIZ_VENDITE>
    <BSP_VENDITE>512,000000</BSP_VENDITE>
    <MALT_VENDITE>0,000000</MALT_VENDITE>
    <XAUS_VENDITE>237,000000</XAUS_VENDITE>
    <XFRA_VENDITE>2374,000000</XFRA_VENDITE>
    <TOTITABSP_VENDITE>24780,569</TOTITABSP_VENDITE>
    <TOTITABSP_ACQUISTI>27391,569</TOTITABSP_ACQUISTI>
  </Quantita>
  <Quantita>
    <Data>20180406</Data>
    <Mercato>MGP</Mercato>
    <Ora>7</Ora>
    <TOTALE_ACQUISTI>31287,238</TOTALE_ACQUISTI>
    <NAT_ACQUISTI>31287,238000</NAT_ACQUISTI>
    <CNOR_ACQUISTI>3266,050000</CNOR_ACQUISTI>
    <CSUD_ACQUISTI>4464,019000</CSUD_ACQUISTI>
    <NORD_ACQUISTI>18491,515000</NORD_ACQUISTI>
    <SARD_ACQUISTI>875,807000</SARD_ACQUISTI>
    <SICI_ACQUISTI>1703,142000</SICI_ACQUISTI>
    <SUD_ACQUISTI>2253,705000</SUD_ACQUISTI>
    <AUST_ACQUISTI>0,000000</AUST_ACQUISTI>
    <BRNN_ACQUISTI>0,000000</BRNN_ACQUISTI>
    <COAC_ACQUISTI>31,000000</COAC_ACQUISTI>
    <CORS_ACQUISTI>5,000000</CORS_ACQUISTI>
    <FOGN_ACQUISTI>0,000000</FOGN_ACQUISTI>
    <FRAN_ACQUISTI>0,000000</FRAN_ACQUISTI>
    <GREC_ACQUISTI>0,000000</GREC_ACQUISTI>
    <MFTV_ACQUISTI>0,000000</MFTV_ACQUISTI>
    <PRGP_ACQUISTI>0,000000</PRGP_ACQUISTI>
    <ROSN_ACQUISTI>0,000000</ROSN_ACQUISTI>
    <SLOV_ACQUISTI>0,000000</SLOV_ACQUISTI>
    <SVIZ_ACQUISTI>38,000000</SVIZ_ACQUISTI>
    <BSP_ACQUISTI>0,000000</BSP_ACQUISTI>
    <MALT_ACQUISTI>159,000000</MALT_ACQUISTI>
    <XAUS_ACQUISTI>0,000000</XAUS_ACQUISTI>
    <XFRA_ACQUISTI>0,000000</XFRA_ACQUISTI>
    <TOTALE_VENDITE>28164,238</TOTALE_VENDITE>
    <NAT_VENDITE>31287,238000</NAT_VENDITE>
    <CNOR_VENDITE>2255,377000</CNOR_VENDITE>
    <CSUD_VENDITE>3035,503000</CSUD_VENDITE>
    <NORD_VENDITE>12950,423000</NORD_VENDITE>
    <SARD_VENDITE>501,124000</SARD_VENDITE>
    <SICI_VENDITE>1045,333000</SICI_VENDITE>
    <SUD_VENDITE>2588,602000</SUD_VENDITE>
    <AUST_VENDITE>20,000000</AUST_VENDITE>
    <BRNN_VENDITE>1259,246000</BRNN_VENDITE>
    <COAC_VENDITE>0,000000</COAC_VENDITE>
    <CORS_VENDITE>0,000000</CORS_VENDITE>
    <FOGN_VENDITE>176,129000</FOGN_VENDITE>
    <FRAN_VENDITE>98,000000</FRAN_VENDITE>
    <GREC_VENDITE>500,000000</GREC_VENDITE>
    <MFTV_VENDITE>0,000000</MFTV_VENDITE>
    <PRGP_VENDITE>0,064000</PRGP_VENDITE>
    <ROSN_VENDITE>1200,437000</ROSN_VENDITE>
    <SLOV_VENDITE>0,000000</SLOV_VENDITE>
    <SVIZ_VENDITE>2534,000000</SVIZ_VENDITE>
    <BSP_VENDITE>512,000000</BSP_VENDITE>
    <MALT_VENDITE>0,000000</MALT_VENDITE>
    <XAUS_VENDITE>237,000000</XAUS_VENDITE>
    <XFRA_VENDITE>2374,000000</XFRA_VENDITE>
    <TOTITABSP_VENDITE>28676,238</TOTITABSP_VENDITE>
    <TOTITABSP_ACQUISTI>31287,238</TOTITABSP_ACQUISTI>
  </Quantita>
  <Quantita>
    <Data>20180406</Data>
    <Mercato>MGP</Mercato>
    <Ora>8</Ora>
    <TOTALE_ACQUISTI>36022,707</TOTALE_ACQUISTI>
    <NAT_ACQUISTI>36022,707000</NAT_ACQUISTI>
    <CNOR_ACQUISTI>3808,721000</CNOR_ACQUISTI>
    <CSUD_ACQUISTI>5095,686000</CSUD_ACQUISTI>
    <NORD_ACQUISTI>21369,285000</NORD_ACQUISTI>
    <SARD_ACQUISTI>992,465000</SARD_ACQUISTI>
    <SICI_ACQUISTI>1949,988000</SICI_ACQUISTI>
    <SUD_ACQUISTI>2572,562000</SUD_ACQUISTI>
    <AUST_ACQUISTI>0,000000</AUST_ACQUISTI>
    <BRNN_ACQUISTI>0,000000</BRNN_ACQUISTI>
    <COAC_ACQUISTI>43,000000</COAC_ACQUISTI>
    <CORS_ACQUISTI>5,000000</CORS_ACQUISTI>
    <FOGN_ACQUISTI>0,000000</FOGN_ACQUISTI>
    <FRAN_ACQUISTI>0,000000</FRAN_ACQUISTI>
    <GREC_ACQUISTI>0,000000</GREC_ACQUISTI>
    <MFTV_ACQUISTI>0,000000</MFTV_ACQUISTI>
    <PRGP_ACQUISTI>0,000000</PRGP_ACQUISTI>
    <ROSN_ACQUISTI>0,000000</ROSN_ACQUISTI>
    <SLOV_ACQUISTI>0,000000</SLOV_ACQUISTI>
    <SVIZ_ACQUISTI>0,000000</SVIZ_ACQUISTI>
    <BSP_ACQUISTI>0,000000</BSP_ACQUISTI>
    <MALT_ACQUISTI>186,000000</MALT_ACQUISTI>
    <XAUS_ACQUISTI>0,000000</XAUS_ACQUISTI>
    <XFRA_ACQUISTI>0,000000</XFRA_ACQUISTI>
    <TOTALE_VENDITE>32952,707</TOTALE_VENDITE>
    <NAT_VENDITE>36022,707000</NAT_VENDITE>
    <CNOR_VENDITE>2726,098000</CNOR_VENDITE>
    <CSUD_VENDITE>3497,624000</CSUD_VENDITE>
    <NORD_VENDITE>16112,972000</NORD_VENDITE>
    <SARD_VENDITE>515,654000</SARD_VENDITE>
    <SICI_VENDITE>1238,889000</SICI_VENDITE>
    <SUD_VENDITE>2807,180000</SUD_VENDITE>
    <AUST_VENDITE>20,000000</AUST_VENDITE>
    <BRNN_VENDITE>1259,621000</BRNN_VENDITE>
    <COAC_VENDITE>0,000000</COAC_VENDITE>
    <CORS_VENDITE>0,000000</CORS_VENDITE>
    <FOGN_VENDITE>461,911000</FOGN_VENDITE>
    <FRAN_VENDITE>97,000000</FRAN_VENDITE>
    <GREC_VENDITE>480,000000</GREC_VENDITE>
    <MFTV_VENDITE>0,000000</MFTV_VENDITE>
    <PRGP_VENDITE>1,361000</PRGP_VENDITE>
    <ROSN_VENDITE>1195,397000</ROSN_VENDITE>
    <SLOV_VENDITE>0,000000</SLOV_VENDITE>
    <SVIZ_VENDITE>2539,000000</SVIZ_VENDITE>
    <BSP_VENDITE>551,000000</BSP_VENDITE>
    <MALT_VENDITE>0,000000</MALT_VENDITE>
    <XAUS_VENDITE>239,000000</XAUS_VENDITE>
    <XFRA_VENDITE>2280,000000</XFRA_VENDITE>
    <TOTITABSP_VENDITE>33503,707</TOTITABSP_VENDITE>
    <TOTITABSP_ACQUISTI>36022,707</TOTITABSP_ACQUISTI>
  </Quantita>
  <Quantita>
    <Data>20180406</Data>
    <Mercato>MGP</Mercato>
    <Ora>9</Ora>
    <TOTALE_ACQUISTI>40179,572</TOTALE_ACQUISTI>
    <NAT_ACQUISTI>40348,682000</NAT_ACQUISTI>
    <CNOR_ACQUISTI>4379,465000</CNOR_ACQUISTI>
    <CSUD_ACQUISTI>5737,019000</CSUD_ACQUISTI>
    <NORD_ACQUISTI>23705,136000</NORD_ACQUISTI>
    <SARD_ACQUISTI>1091,411000</SARD_ACQUISTI>
    <SICI_ACQUISTI>2157,476000</SICI_ACQUISTI>
    <SUD_ACQUISTI>2869,065000</SUD_ACQUISTI>
    <AUST_ACQUISTI>0,000000</AUST_ACQUISTI>
    <BRNN_ACQUISTI>0,000000</BRNN_ACQUISTI>
    <COAC_ACQUISTI>51,000000</COAC_ACQUISTI>
    <CORS_ACQUISTI>5,000000</CORS_ACQUISTI>
    <FOGN_ACQUISTI>0,000000</FOGN_ACQUISTI>
    <FRAN_ACQUISTI>0,000000</FRAN_ACQUISTI>
    <GREC_ACQUISTI>0,000000</GREC_ACQUISTI>
    <MFTV_ACQUISTI>0,000000</MFTV_ACQUISTI>
    <PRGP_ACQUISTI>0,000000</PRGP_ACQUISTI>
    <ROSN_ACQUISTI>0,000000</ROSN_ACQUISTI>
    <SLOV_ACQUISTI>0,000000</SLOV_ACQUISTI>
    <SVIZ_ACQUISTI>0,000000</SVIZ_ACQUISTI>
    <BSP_ACQUISTI>0,000000</BSP_ACQUISTI>
    <MALT_ACQUISTI>184,000000</MALT_ACQUISTI>
    <XAUS_ACQUISTI>0,000000</XAUS_ACQUISTI>
    <XFRA_ACQUISTI>0,000000</XFRA_ACQUISTI>
    <TOTALE_VENDITE>37109,572</TOTALE_VENDITE>
    <NAT_VENDITE>40348,682000</NAT_VENDITE>
    <CNOR_VENDITE>3027,377000</CNOR_VENDITE>
    <CSUD_VENDITE>4018,609000</CSUD_VENDITE>
    <NORD_VENDITE>18071,106000</NORD_VENDITE>
    <SARD_VENDITE>650,939000</SARD_VENDITE>
    <SICI_VENDITE>1362,663000</SICI_VENDITE>
    <SUD_VENDITE>3623,369000</SUD_VENDITE>
    <AUST_VENDITE>20,000000</AUST_VENDITE>
    <BRNN_VENDITE>1317,609000</BRNN_VENDITE>
    <COAC_VENDITE>0,000000</COAC_VENDITE>
    <CORS_VENDITE>0,000000</CORS_VENDITE>
    <FOGN_VENDITE>568,811000</FOGN_VENDITE>
    <FRAN_VENDITE>97,000000</FRAN_VENDITE>
    <GREC_VENDITE>500,000000</GREC_VENDITE>
    <MFTV_VENDITE>0,000000</MFTV_VENDITE>
    <PRGP_VENDITE>43,624000</PRGP_VENDITE>
    <ROSN_VENDITE>1194,465000</ROSN_VENDITE>
    <SLOV_VENDITE>0,000000</SLOV_VENDITE>
    <SVIZ_VENDITE>2614,000000</SVIZ_VENDITE>
    <BSP_VENDITE>551,000000</BSP_VENDITE>
    <MALT_VENDITE>0,000000</MALT_VENDITE>
    <XAUS_VENDITE>239,000000</XAUS_VENDITE>
    <XFRA_VENDITE>2280,000000</XFRA_VENDITE>
    <TOTITABSP_VENDITE>37660,572</TOTITABSP_VENDITE>
    <TOTITABSP_ACQUISTI>40179,572</TOTITABSP_ACQUISTI>
  </Quantita>
  <Quantita>
    <Data>20180406</Data>
    <Mercato>MGP</Mercato>
    <Ora>10</Ora>
    <TOTALE_ACQUISTI>40731,567</TOTALE_ACQUISTI>
    <NAT_ACQUISTI>40829,207000</NAT_ACQUISTI>
    <CNOR_ACQUISTI>4434,650000</CNOR_ACQUISTI>
    <CSUD_ACQUISTI>5936,316000</CSUD_ACQUISTI>
    <NORD_ACQUISTI>24012,141000</NORD_ACQUISTI>
    <SARD_ACQUISTI>1064,889000</SARD_ACQUISTI>
    <SICI_ACQUISTI>2178,116000</SICI_ACQUISTI>
    <SUD_ACQUISTI>2900,455000</SUD_ACQUISTI>
    <AUST_ACQUISTI>0,000000</AUST_ACQUISTI>
    <BRNN_ACQUISTI>0,000000</BRNN_ACQUISTI>
    <COAC_ACQUISTI>33,000000</COAC_ACQUISTI>
    <CORS_ACQUISTI>5,000000</CORS_ACQUISTI>
    <FOGN_ACQUISTI>0,000000</FOGN_ACQUISTI>
    <FRAN_ACQUISTI>0,000000</FRAN_ACQUISTI>
    <GREC_ACQUISTI>0,000000</GREC_ACQUISTI>
    <MFTV_ACQUISTI>0,000000</MFTV_ACQUISTI>
    <PRGP_ACQUISTI>0,000000</PRGP_ACQUISTI>
    <ROSN_ACQUISTI>0,000000</ROSN_ACQUISTI>
    <SLOV_ACQUISTI>0,000000</SLOV_ACQUISTI>
    <SVIZ_ACQUISTI>0,000000</SVIZ_ACQUISTI>
    <BSP_ACQUISTI>0,000000</BSP_ACQUISTI>
    <MALT_ACQUISTI>167,000000</MALT_ACQUISTI>
    <XAUS_ACQUISTI>0,000000</XAUS_ACQUISTI>
    <XFRA_ACQUISTI>0,000000</XFRA_ACQUISTI>
    <TOTALE_VENDITE>37661,567</TOTALE_VENDITE>
    <NAT_VENDITE>40829,207000</NAT_VENDITE>
    <CNOR_VENDITE>3253,895000</CNOR_VENDITE>
    <CSUD_VENDITE>4426,760000</CSUD_VENDITE>
    <NORD_VENDITE>17837,167000</NORD_VENDITE>
    <SARD_VENDITE>767,174000</SARD_VENDITE>
    <SICI_VENDITE>1379,036000</SICI_VENDITE>
    <SUD_VENDITE>4055,985000</SUD_VENDITE>
    <AUST_VENDITE>20,000000</AUST_VENDITE>
    <BRNN_VENDITE>1357,849000</BRNN_VENDITE>
    <COAC_VENDITE>0,000000</COAC_VENDITE>
    <CORS_VENDITE>0,000000</CORS_VENDITE>
    <FOGN_VENDITE>215,126000</FOGN_VENDITE>
    <FRAN_VENDITE>97,000000</FRAN_VENDITE>
    <GREC_VENDITE>430,000000</GREC_VENDITE>
    <MFTV_VENDITE>0,000000</MFTV_VENDITE>
    <PRGP_VENDITE>6,075000</PRGP_VENDITE>
    <ROSN_VENDITE>1201,500000</ROSN_VENDITE>
    <SLOV_VENDITE>0,000000</SLOV_VENDITE>
    <SVIZ_VENDITE>2614,000000</SVIZ_VENDITE>
    <BSP_VENDITE>551,000000</BSP_VENDITE>
    <MALT_VENDITE>0,000000</MALT_VENDITE>
    <XAUS_VENDITE>239,000000</XAUS_VENDITE>
    <XFRA_VENDITE>2280,000000</XFRA_VENDITE>
    <TOTITABSP_VENDITE>38212,567</TOTITABSP_VENDITE>
    <TOTITABSP_ACQUISTI>40731,567</TOTITABSP_ACQUISTI>
  </Quantita>
  <Quantita>
    <Data>20180406</Data>
    <Mercato>MGP</Mercato>
    <Ora>11</Ora>
    <TOTALE_ACQUISTI>39951,681</TOTALE_ACQUISTI>
    <NAT_ACQUISTI>39885,681000</NAT_ACQUISTI>
    <CNOR_ACQUISTI>4379,422000</CNOR_ACQUISTI>
    <CSUD_ACQUISTI>5843,031000</CSUD_ACQUISTI>
    <NORD_ACQUISTI>23404,114000</NORD_ACQUISTI>
    <SARD_ACQUISTI>1003,912000</SARD_ACQUISTI>
    <SICI_ACQUISTI>2099,650000</SICI_ACQUISTI>
    <SUD_ACQUISTI>2829,552000</SUD_ACQUISTI>
    <AUST_ACQUISTI>0,000000</AUST_ACQUISTI>
    <BRNN_ACQUISTI>0,000000</BRNN_ACQUISTI>
    <COAC_ACQUISTI>24,000000</COAC_ACQUISTI>
    <CORS_ACQUISTI>5,000000</CORS_ACQUISTI>
    <FOGN_ACQUISTI>0,000000</FOGN_ACQUISTI>
    <FRAN_ACQUISTI>0,000000</FRAN_ACQUISTI>
    <GREC_ACQUISTI>195,000000</GREC_ACQUISTI>
    <MFTV_ACQUISTI>0,000000</MFTV_ACQUISTI>
    <PRGP_ACQUISTI>0,000000</PRGP_ACQUISTI>
    <ROSN_ACQUISTI>0,000000</ROSN_ACQUISTI>
    <SLOV_ACQUISTI>0,000000</SLOV_ACQUISTI>
    <SVIZ_ACQUISTI>37,000000</SVIZ_ACQUISTI>
    <BSP_ACQUISTI>0,000000</BSP_ACQUISTI>
    <MALT_ACQUISTI>131,000000</MALT_ACQUISTI>
    <XAUS_ACQUISTI>0,000000</XAUS_ACQUISTI>
    <XFRA_ACQUISTI>0,000000</XFRA_ACQUISTI>
    <TOTALE_VENDITE>36881,681</TOTALE_VENDITE>
    <NAT_VENDITE>39885,681000</NAT_VENDITE>
    <CNOR_VENDITE>3077,727000</CNOR_VENDITE>
    <CSUD_VENDITE>4755,533000</CSUD_VENDITE>
    <NORD_VENDITE>16764,138000</NORD_VENDITE>
    <SARD_VENDITE>923,081000</SARD_VENDITE>
    <SICI_VENDITE>1429,048000</SICI_VENDITE>
    <SUD_VENDITE>4744,263000</SUD_VENDITE>
    <AUST_VENDITE>20,000000</AUST_VENDITE>
    <BRNN_VENDITE>1131,325000</BRNN_VENDITE>
    <COAC_VENDITE>0,000000</COAC_VENDITE>
    <CORS_VENDITE>0,000000</CORS_VENDITE>
    <FOGN_VENDITE>214,850000</FOGN_VENDITE>
    <FRAN_VENDITE>97,000000</FRAN_VENDITE>
    <GREC_VENDITE>271,000000</GREC_VENDITE>
    <MFTV_VENDITE>0,000000</MFTV_VENDITE>
    <PRGP_VENDITE>8,059000</PRGP_VENDITE>
    <ROSN_VENDITE>856,657000</ROSN_VENDITE>
    <SLOV_VENDITE>0,000000</SLOV_VENDITE>
    <SVIZ_VENDITE>2589,000000</SVIZ_VENDITE>
    <BSP_VENDITE>551,000000</BSP_VENDITE>
    <MALT_VENDITE>0,000000</MALT_VENDITE>
    <XAUS_VENDITE>239,000000</XAUS_VENDITE>
    <XFRA_VENDITE>2280,000000</XFRA_VENDITE>
    <TOTITABSP_VENDITE>37432,681</TOTITABSP_VENDITE>
    <TOTITABSP_ACQUISTI>39951,681</TOTITABSP_ACQUISTI>
  </Quantita>
  <Quantita>
    <Data>20180406</Data>
    <Mercato>MGP</Mercato>
    <Ora>12</Ora>
    <TOTALE_ACQUISTI>39454,505</TOTALE_ACQUISTI>
    <NAT_ACQUISTI>39312,934000</NAT_ACQUISTI>
    <CNOR_ACQUISTI>4291,827000</CNOR_ACQUISTI>
    <CSUD_ACQUISTI>5769,781000</CSUD_ACQUISTI>
    <NORD_ACQUISTI>23085,822000</NORD_ACQUISTI>
    <SARD_ACQUISTI>960,994000</SARD_ACQUISTI>
    <SICI_ACQUISTI>2037,663000</SICI_ACQUISTI>
    <SUD_ACQUISTI>2772,418000</SUD_ACQUISTI>
    <AUST_ACQUISTI>0,000000</AUST_ACQUISTI>
    <BRNN_ACQUISTI>0,000000</BRNN_ACQUISTI>
    <COAC_ACQUISTI>40,000000</COAC_ACQUISTI>
    <CORS_ACQUISTI>5,000000</CORS_ACQUISTI>
    <FOGN_ACQUISTI>0,000000</FOGN_ACQUISTI>
    <FRAN_ACQUISTI>0,000000</FRAN_ACQUISTI>
    <GREC_ACQUISTI>325,000000</GREC_ACQUISTI>
    <MFTV_ACQUISTI>0,000000</MFTV_ACQUISTI>
    <PRGP_ACQUISTI>0,000000</PRGP_ACQUISTI>
    <ROSN_ACQUISTI>0,000000</ROSN_ACQUISTI>
    <SLOV_ACQUISTI>0,000000</SLOV_ACQUISTI>
    <SVIZ_ACQUISTI>38,000000</SVIZ_ACQUISTI>
    <BSP_ACQUISTI>0,000000</BSP_ACQUISTI>
    <MALT_ACQUISTI>128,000000</MALT_ACQUISTI>
    <XAUS_ACQUISTI>0,000000</XAUS_ACQUISTI>
    <XFRA_ACQUISTI>0,000000</XFRA_ACQUISTI>
    <TOTALE_VENDITE>36384,505</TOTALE_VENDITE>
    <NAT_VENDITE>39312,934000</NAT_VENDITE>
    <CNOR_VENDITE>3202,463000</CNOR_VENDITE>
    <CSUD_VENDITE>4726,097000</CSUD_VENDITE>
    <NORD_VENDITE>15917,186000</NORD_VENDITE>
    <SARD_VENDITE>1144,678000</SARD_VENDITE>
    <SICI_VENDITE>1478,527000</SICI_VENDITE>
    <SUD_VENDITE>5039,551000</SUD_VENDITE>
    <AUST_VENDITE>20,000000</AUST_VENDITE>
    <BRNN_VENDITE>1164,892000</BRNN_VENDITE>
    <COAC_VENDITE>0,000000</COAC_VENDITE>
    <CORS_VENDITE>0,000000</CORS_VENDITE>
    <FOGN_VENDITE>217,625000</FOGN_VENDITE>
    <FRAN_VENDITE>97,000000</FRAN_VENDITE>
    <GREC_VENDITE>145,000000</GREC_VENDITE>
    <MFTV_VENDITE>0,000000</MFTV_VENDITE>
    <PRGP_VENDITE>9,277000</PRGP_VENDITE>
    <ROSN_VENDITE>608,209000</ROSN_VENDITE>
    <SLOV_VENDITE>0,000000</SLOV_VENDITE>
    <SVIZ_VENDITE>2614,000000</SVIZ_VENDITE>
    <BSP_VENDITE>551,000000</BSP_VENDITE>
    <MALT_VENDITE>0,000000</MALT_VENDITE>
    <XAUS_VENDITE>239,000000</XAUS_VENDITE>
    <XFRA_VENDITE>2280,000000</XFRA_VENDITE>
    <TOTITABSP_VENDITE>36935,505</TOTITABSP_VENDITE>
    <TOTITABSP_ACQUISTI>39454,505</TOTITABSP_ACQUISTI>
  </Quantita>
  <Quantita>
    <Data>20180406</Data>
    <Mercato>MGP</Mercato>
    <Ora>13</Ora>
    <TOTALE_ACQUISTI>37259,892</TOTALE_ACQUISTI>
    <NAT_ACQUISTI>37169,249000</NAT_ACQUISTI>
    <CNOR_ACQUISTI>3990,544000</CNOR_ACQUISTI>
    <CSUD_ACQUISTI>5676,176000</CSUD_ACQUISTI>
    <NORD_ACQUISTI>21332,943000</NORD_ACQUISTI>
    <SARD_ACQUISTI>950,433000</SARD_ACQUISTI>
    <SICI_ACQUISTI>2011,040000</SICI_ACQUISTI>
    <SUD_ACQUISTI>2784,756000</SUD_ACQUISTI>
    <AUST_ACQUISTI>0,000000</AUST_ACQUISTI>
    <BRNN_ACQUISTI>0,000000</BRNN_ACQUISTI>
    <COAC_ACQUISTI>29,000000</COAC_ACQUISTI>
    <CORS_ACQUISTI>5,000000</CORS_ACQUISTI>
    <FOGN_ACQUISTI>0,000000</FOGN_ACQUISTI>
    <FRAN_ACQUISTI>0,000000</FRAN_ACQUISTI>
    <GREC_ACQUISTI>328,000000</GREC_ACQUISTI>
    <MFTV_ACQUISTI>0,000000</MFTV_ACQUISTI>
    <PRGP_ACQUISTI>0,000000</PRGP_ACQUISTI>
    <ROSN_ACQUISTI>0,000000</ROSN_ACQUISTI>
    <SLOV_ACQUISTI>0,000000</SLOV_ACQUISTI>
    <SVIZ_ACQUISTI>38,000000</SVIZ_ACQUISTI>
    <BSP_ACQUISTI>0,000000</BSP_ACQUISTI>
    <MALT_ACQUISTI>114,000000</MALT_ACQUISTI>
    <XAUS_ACQUISTI>0,000000</XAUS_ACQUISTI>
    <XFRA_ACQUISTI>0,000000</XFRA_ACQUISTI>
    <TOTALE_VENDITE>34189,892</TOTALE_VENDITE>
    <NAT_VENDITE>37169,249000</NAT_VENDITE>
    <CNOR_VENDITE>3156,305000</CNOR_VENDITE>
    <CSUD_VENDITE>3897,429000</CSUD_VENDITE>
    <NORD_VENDITE>14565,253000</NORD_VENDITE>
    <SARD_VENDITE>1202,109000</SARD_VENDITE>
    <SICI_VENDITE>1469,948000</SICI_VENDITE>
    <SUD_VENDITE>5037,110000</SUD_VENDITE>
    <AUST_VENDITE>20,000000</AUST_VENDITE>
    <BRNN_VENDITE>1166,293000</BRNN_VENDITE>
    <COAC_VENDITE>0,000000</COAC_VENDITE>
    <CORS_VENDITE>0,000000</CORS_VENDITE>
    <FOGN_VENDITE>200,915000</FOGN_VENDITE>
    <FRAN_VENDITE>97,000000</FRAN_VENDITE>
    <GREC_VENDITE>142,000000</GREC_VENDITE>
    <MFTV_VENDITE>0,000000</MFTV_VENDITE>
    <PRGP_VENDITE>9,779000</PRGP_VENDITE>
    <ROSN_VENDITE>611,751000</ROSN_VENDITE>
    <SLOV_VENDITE>0,000000</SLOV_VENDITE>
    <SVIZ_VENDITE>2614,000000</SVIZ_VENDITE>
    <BSP_VENDITE>551,000000</BSP_VENDITE>
    <MALT_VENDITE>0,000000</MALT_VENDITE>
    <XAUS_VENDITE>239,000000</XAUS_VENDITE>
    <XFRA_VENDITE>2280,000000</XFRA_VENDITE>
    <TOTITABSP_VENDITE>34740,892</TOTITABSP_VENDITE>
    <TOTITABSP_ACQUISTI>37259,892</TOTITABSP_ACQUISTI>
  </Quantita>
  <Quantita>
    <Data>20180406</Data>
    <Mercato>MGP</Mercato>
    <Ora>14</Ora>
    <TOTALE_ACQUISTI>36823,234</TOTALE_ACQUISTI>
    <NAT_ACQUISTI>36753,249000</NAT_ACQUISTI>
    <CNOR_ACQUISTI>3833,265000</CNOR_ACQUISTI>
    <CSUD_ACQUISTI>5464,152000</CSUD_ACQUISTI>
    <NORD_ACQUISTI>21471,883000</NORD_ACQUISTI>
    <SARD_ACQUISTI>913,427000</SARD_ACQUISTI>
    <SICI_ACQUISTI>1937,123000</SICI_ACQUISTI>
    <SUD_ACQUISTI>2639,384000</SUD_ACQUISTI>
    <AUST_ACQUISTI>0,000000</AUST_ACQUISTI>
    <BRNN_ACQUISTI>0,000000</BRNN_ACQUISTI>
    <COAC_ACQUISTI>20,000000</COAC_ACQUISTI>
    <CORS_ACQUISTI>5,000000</CORS_ACQUISTI>
    <FOGN_ACQUISTI>0,000000</FOGN_ACQUISTI>
    <FRAN_ACQUISTI>0,000000</FRAN_ACQUISTI>
    <GREC_ACQUISTI>359,000000</GREC_ACQUISTI>
    <MFTV_ACQUISTI>0,000000</MFTV_ACQUISTI>
    <PRGP_ACQUISTI>0,000000</PRGP_ACQUISTI>
    <ROSN_ACQUISTI>0,000000</ROSN_ACQUISTI>
    <SLOV_ACQUISTI>0,000000</SLOV_ACQUISTI>
    <SVIZ_ACQUISTI>76,000000</SVIZ_ACQUISTI>
    <BSP_ACQUISTI>0,000000</BSP_ACQUISTI>
    <MALT_ACQUISTI>104,000000</MALT_ACQUISTI>
    <XAUS_ACQUISTI>0,000000</XAUS_ACQUISTI>
    <XFRA_ACQUISTI>0,000000</XFRA_ACQUISTI>
    <TOTALE_VENDITE>33753,234</TOTALE_VENDITE>
    <NAT_VENDITE>36753,249000</NAT_VENDITE>
    <CNOR_VENDITE>3187,115000</CNOR_VENDITE>
    <CSUD_VENDITE>3974,510000</CSUD_VENDITE>
    <NORD_VENDITE>14151,554000</NORD_VENDITE>
    <SARD_VENDITE>1269,548000</SARD_VENDITE>
    <SICI_VENDITE>1465,549000</SICI_VENDITE>
    <SUD_VENDITE>4929,047000</SUD_VENDITE>
    <AUST_VENDITE>20,000000</AUST_VENDITE>
    <BRNN_VENDITE>1094,364000</BRNN_VENDITE>
    <COAC_VENDITE>0,000000</COAC_VENDITE>
    <CORS_VENDITE>0,000000</CORS_VENDITE>
    <FOGN_VENDITE>177,415000</FOGN_VENDITE>
    <FRAN_VENDITE>97,000000</FRAN_VENDITE>
    <GREC_VENDITE>150,000000</GREC_VENDITE>
    <MFTV_VENDITE>0,000000</MFTV_VENDITE>
    <PRGP_VENDITE>9,632000</PRGP_VENDITE>
    <ROSN_VENDITE>613,500000</ROSN_VENDITE>
    <SLOV_VENDITE>0,000000</SLOV_VENDITE>
    <SVIZ_VENDITE>2614,000000</SVIZ_VENDITE>
    <BSP_VENDITE>551,000000</BSP_VENDITE>
    <MALT_VENDITE>0,000000</MALT_VENDITE>
    <XAUS_VENDITE>239,000000</XAUS_VENDITE>
    <XFRA_VENDITE>2280,000000</XFRA_VENDITE>
    <TOTITABSP_VENDITE>34304,234</TOTITABSP_VENDITE>
    <TOTITABSP_ACQUISTI>36823,234</TOTITABSP_ACQUISTI>
  </Quantita>
  <Quantita>
    <Data>20180406</Data>
    <Mercato>MGP</Mercato>
    <Ora>15</Ora>
    <TOTALE_ACQUISTI>37431,521</TOTALE_ACQUISTI>
    <NAT_ACQUISTI>37364,521000</NAT_ACQUISTI>
    <CNOR_ACQUISTI>3988,157000</CNOR_ACQUISTI>
    <CSUD_ACQUISTI>5472,520000</CSUD_ACQUISTI>
    <NORD_ACQUISTI>22061,770000</NORD_ACQUISTI>
    <SARD_ACQUISTI>899,870000</SARD_ACQUISTI>
    <SICI_ACQUISTI>1917,531000</SICI_ACQUISTI>
    <SUD_ACQUISTI>2563,673000</SUD_ACQUISTI>
    <AUST_ACQUISTI>0,000000</AUST_ACQUISTI>
    <BRNN_ACQUISTI>0,000000</BRNN_ACQUISTI>
    <COAC_ACQUISTI>20,000000</COAC_ACQUISTI>
    <CORS_ACQUISTI>5,000000</CORS_ACQUISTI>
    <FOGN_ACQUISTI>0,000000</FOGN_ACQUISTI>
    <FRAN_ACQUISTI>0,000000</FRAN_ACQUISTI>
    <GREC_ACQUISTI>358,000000</GREC_ACQUISTI>
    <MFTV_ACQUISTI>0,000000</MFTV_ACQUISTI>
    <PRGP_ACQUISTI>0,000000</PRGP_ACQUISTI>
    <ROSN_ACQUISTI>0,000000</ROSN_ACQUISTI>
    <SLOV_ACQUISTI>0,000000</SLOV_ACQUISTI>
    <SVIZ_ACQUISTI>38,000000</SVIZ_ACQUISTI>
    <BSP_ACQUISTI>0,000000</BSP_ACQUISTI>
    <MALT_ACQUISTI>107,000000</MALT_ACQUISTI>
    <XAUS_ACQUISTI>0,000000</XAUS_ACQUISTI>
    <XFRA_ACQUISTI>0,000000</XFRA_ACQUISTI>
    <TOTALE_VENDITE>34361,521</TOTALE_VENDITE>
    <NAT_VENDITE>37364,521000</NAT_VENDITE>
    <CNOR_VENDITE>3117,596000</CNOR_VENDITE>
    <CSUD_VENDITE>4014,605000</CSUD_VENDITE>
    <NORD_VENDITE>14899,771000</NORD_VENDITE>
    <SARD_VENDITE>1252,345000</SARD_VENDITE>
    <SICI_VENDITE>1494,063000</SICI_VENDITE>
    <SUD_VENDITE>4826,334000</SUD_VENDITE>
    <AUST_VENDITE>20,000000</AUST_VENDITE>
    <BRNN_VENDITE>1064,152000</BRNN_VENDITE>
    <COAC_VENDITE>0,000000</COAC_VENDITE>
    <CORS_VENDITE>0,000000</CORS_VENDITE>
    <FOGN_VENDITE>175,925000</FOGN_VENDITE>
    <FRAN_VENDITE>97,000000</FRAN_VENDITE>
    <GREC_VENDITE>164,000000</GREC_VENDITE>
    <MFTV_VENDITE>0,000000</MFTV_VENDITE>
    <PRGP_VENDITE>8,805000</PRGP_VENDITE>
    <ROSN_VENDITE>612,925000</ROSN_VENDITE>
    <SLOV_VENDITE>0,000000</SLOV_VENDITE>
    <SVIZ_VENDITE>2614,000000</SVIZ_VENDITE>
    <BSP_VENDITE>551,000000</BSP_VENDITE>
    <MALT_VENDITE>0,000000</MALT_VENDITE>
    <XAUS_VENDITE>239,000000</XAUS_VENDITE>
    <XFRA_VENDITE>2280,000000</XFRA_VENDITE>
    <TOTITABSP_VENDITE>34912,521</TOTITABSP_VENDITE>
    <TOTITABSP_ACQUISTI>37431,521</TOTITABSP_ACQUISTI>
  </Quantita>
  <Quantita>
    <Data>20180406</Data>
    <Mercato>MGP</Mercato>
    <Ora>16</Ora>
    <TOTALE_ACQUISTI>37566,8</TOTALE_ACQUISTI>
    <NAT_ACQUISTI>37515,048000</NAT_ACQUISTI>
    <CNOR_ACQUISTI>4057,437000</CNOR_ACQUISTI>
    <CSUD_ACQUISTI>5545,070000</CSUD_ACQUISTI>
    <NORD_ACQUISTI>22002,255000</NORD_ACQUISTI>
    <SARD_ACQUISTI>905,622000</SARD_ACQUISTI>
    <SICI_ACQUISTI>1935,311000</SICI_ACQUISTI>
    <SUD_ACQUISTI>2608,533000</SUD_ACQUISTI>
    <AUST_ACQUISTI>0,000000</AUST_ACQUISTI>
    <BRNN_ACQUISTI>0,000000</BRNN_ACQUISTI>
    <COAC_ACQUISTI>20,000000</COAC_ACQUISTI>
    <CORS_ACQUISTI>5,000000</CORS_ACQUISTI>
    <FOGN_ACQUISTI>0,000000</FOGN_ACQUISTI>
    <FRAN_ACQUISTI>0,000000</FRAN_ACQUISTI>
    <GREC_ACQUISTI>328,000000</GREC_ACQUISTI>
    <MFTV_ACQUISTI>0,000000</MFTV_ACQUISTI>
    <PRGP_ACQUISTI>0,000000</PRGP_ACQUISTI>
    <ROSN_ACQUISTI>0,000000</ROSN_ACQUISTI>
    <SLOV_ACQUISTI>0,000000</SLOV_ACQUISTI>
    <SVIZ_ACQUISTI>51,572000</SVIZ_ACQUISTI>
    <BSP_ACQUISTI>0,000000</BSP_ACQUISTI>
    <MALT_ACQUISTI>108,000000</MALT_ACQUISTI>
    <XAUS_ACQUISTI>0,000000</XAUS_ACQUISTI>
    <XFRA_ACQUISTI>0,000000</XFRA_ACQUISTI>
    <TOTALE_VENDITE>34496,8</TOTALE_VENDITE>
    <NAT_VENDITE>37515,048000</NAT_VENDITE>
    <CNOR_VENDITE>3165,064000</CNOR_VENDITE>
    <CSUD_VENDITE>4173,087000</CSUD_VENDITE>
    <NORD_VENDITE>14828,759000</NORD_VENDITE>
    <SARD_VENDITE>1219,046000</SARD_VENDITE>
    <SICI_VENDITE>1493,817000</SICI_VENDITE>
    <SUD_VENDITE>4799,256000</SUD_VENDITE>
    <AUST_VENDITE>20,000000</AUST_VENDITE>
    <BRNN_VENDITE>1044,822000</BRNN_VENDITE>
    <COAC_VENDITE>0,000000</COAC_VENDITE>
    <CORS_VENDITE>0,000000</CORS_VENDITE>
    <FOGN_VENDITE>195,850000</FOGN_VENDITE>
    <FRAN_VENDITE>97,000000</FRAN_VENDITE>
    <GREC_VENDITE>224,613000</GREC_VENDITE>
    <MFTV_VENDITE>0,000000</MFTV_VENDITE>
    <PRGP_VENDITE>7,303000</PRGP_VENDITE>
    <ROSN_VENDITE>614,183000</ROSN_VENDITE>
    <SLOV_VENDITE>0,000000</SLOV_VENDITE>
    <SVIZ_VENDITE>2614,000000</SVIZ_VENDITE>
    <BSP_VENDITE>551,000000</BSP_VENDITE>
    <MALT_VENDITE>0,000000</MALT_VENDITE>
    <XAUS_VENDITE>239,000000</XAUS_VENDITE>
    <XFRA_VENDITE>2280,000000</XFRA_VENDITE>
    <TOTITABSP_VENDITE>35047,8</TOTITABSP_VENDITE>
    <TOTITABSP_ACQUISTI>37566,8</TOTITABSP_ACQUISTI>
  </Quantita>
  <Quantita>
    <Data>20180406</Data>
    <Mercato>MGP</Mercato>
    <Ora>17</Ora>
    <TOTALE_ACQUISTI>37464,998</TOTALE_ACQUISTI>
    <NAT_ACQUISTI>37418,311000</NAT_ACQUISTI>
    <CNOR_ACQUISTI>4111,631000</CNOR_ACQUISTI>
    <CSUD_ACQUISTI>5598,493000</CSUD_ACQUISTI>
    <NORD_ACQUISTI>21708,171000</NORD_ACQUISTI>
    <SARD_ACQUISTI>926,871000</SARD_ACQUISTI>
    <SICI_ACQUISTI>1998,731000</SICI_ACQUISTI>
    <SUD_ACQUISTI>2678,414000</SUD_ACQUISTI>
    <AUST_ACQUISTI>0,000000</AUST_ACQUISTI>
    <BRNN_ACQUISTI>0,000000</BRNN_ACQUISTI>
    <COAC_ACQUISTI>20,000000</COAC_ACQUISTI>
    <CORS_ACQUISTI>5,000000</CORS_ACQUISTI>
    <FOGN_ACQUISTI>0,000000</FOGN_ACQUISTI>
    <FRAN_ACQUISTI>0,000000</FRAN_ACQUISTI>
    <GREC_ACQUISTI>175,000000</GREC_ACQUISTI>
    <MFTV_ACQUISTI>0,000000</MFTV_ACQUISTI>
    <PRGP_ACQUISTI>0,000000</PRGP_ACQUISTI>
    <ROSN_ACQUISTI>0,000000</ROSN_ACQUISTI>
    <SLOV_ACQUISTI>0,000000</SLOV_ACQUISTI>
    <SVIZ_ACQUISTI>110,687000</SVIZ_ACQUISTI>
    <BSP_ACQUISTI>0,000000</BSP_ACQUISTI>
    <MALT_ACQUISTI>132,000000</MALT_ACQUISTI>
    <XAUS_ACQUISTI>0,000000</XAUS_ACQUISTI>
    <XFRA_ACQUISTI>0,000000</XFRA_ACQUISTI>
    <TOTALE_VENDITE>34394,998</TOTALE_VENDITE>
    <NAT_VENDITE>37418,311000</NAT_VENDITE>
    <CNOR_VENDITE>2980,606000</CNOR_VENDITE>
    <CSUD_VENDITE>4477,723000</CSUD_VENDITE>
    <NORD_VENDITE>14653,883000</NORD_VENDITE>
    <SARD_VENDITE>1167,641000</SARD_VENDITE>
    <SICI_VENDITE>1356,319000</SICI_VENDITE>
    <SUD_VENDITE>4396,657000</SUD_VENDITE>
    <AUST_VENDITE>20,000000</AUST_VENDITE>
    <BRNN_VENDITE>1089,232000</BRNN_VENDITE>
    <COAC_VENDITE>0,000000</COAC_VENDITE>
    <CORS_VENDITE>0,000000</CORS_VENDITE>
    <FOGN_VENDITE>351,070000</FOGN_VENDITE>
    <FRAN_VENDITE>97,000000</FRAN_VENDITE>
    <GREC_VENDITE>334,043000</GREC_VENDITE>
    <MFTV_VENDITE>0,000000</MFTV_VENDITE>
    <PRGP_VENDITE>5,239000</PRGP_VENDITE>
    <ROSN_VENDITE>851,585000</ROSN_VENDITE>
    <SLOV_VENDITE>0,000000</SLOV_VENDITE>
    <SVIZ_VENDITE>2614,000000</SVIZ_VENDITE>
    <BSP_VENDITE>551,000000</BSP_VENDITE>
    <MALT_VENDITE>0,000000</MALT_VENDITE>
    <XAUS_VENDITE>239,000000</XAUS_VENDITE>
    <XFRA_VENDITE>2280,000000</XFRA_VENDITE>
    <TOTITABSP_VENDITE>34945,998</TOTITABSP_VENDITE>
    <TOTITABSP_ACQUISTI>37464,998</TOTITABSP_ACQUISTI>
  </Quantita>
  <Quantita>
    <Data>20180406</Data>
    <Mercato>MGP</Mercato>
    <Ora>18</Ora>
    <TOTALE_ACQUISTI>37208,761</TOTALE_ACQUISTI>
    <NAT_ACQUISTI>37208,761000</NAT_ACQUISTI>
    <CNOR_ACQUISTI>4101,804000</CNOR_ACQUISTI>
    <CSUD_ACQUISTI>5645,148000</CSUD_ACQUISTI>
    <NORD_ACQUISTI>21343,541000</NORD_ACQUISTI>
    <SARD_ACQUISTI>972,289000</SARD_ACQUISTI>
    <SICI_ACQUISTI>2091,004000</SICI_ACQUISTI>
    <SUD_ACQUISTI>2817,975000</SUD_ACQUISTI>
    <AUST_ACQUISTI>0,000000</AUST_ACQUISTI>
    <BRNN_ACQUISTI>0,000000</BRNN_ACQUISTI>
    <COAC_ACQUISTI>36,000000</COAC_ACQUISTI>
    <CORS_ACQUISTI>5,000000</CORS_ACQUISTI>
    <FOGN_ACQUISTI>0,000000</FOGN_ACQUISTI>
    <FRAN_ACQUISTI>0,000000</FRAN_ACQUISTI>
    <GREC_ACQUISTI>15,000000</GREC_ACQUISTI>
    <MFTV_ACQUISTI>0,000000</MFTV_ACQUISTI>
    <PRGP_ACQUISTI>0,000000</PRGP_ACQUISTI>
    <ROSN_ACQUISTI>0,000000</ROSN_ACQUISTI>
    <SLOV_ACQUISTI>0,000000</SLOV_ACQUISTI>
    <SVIZ_ACQUISTI>9,000000</SVIZ_ACQUISTI>
    <BSP_ACQUISTI>0,000000</BSP_ACQUISTI>
    <MALT_ACQUISTI>172,000000</MALT_ACQUISTI>
    <XAUS_ACQUISTI>0,000000</XAUS_ACQUISTI>
    <XFRA_ACQUISTI>0,000000</XFRA_ACQUISTI>
    <TOTALE_VENDITE>34138,761</TOTALE_VENDITE>
    <NAT_VENDITE>37208,761000</NAT_VENDITE>
    <CNOR_VENDITE>2741,865000</CNOR_VENDITE>
    <CSUD_VENDITE>4215,035000</CSUD_VENDITE>
    <NORD_VENDITE>14544,674000</NORD_VENDITE>
    <SARD_VENDITE>1103,470000</SARD_VENDITE>
    <SICI_VENDITE>1284,133000</SICI_VENDITE>
    <SUD_VENDITE>4032,133000</SUD_VENDITE>
    <AUST_VENDITE>20,000000</AUST_VENDITE>
    <BRNN_VENDITE>1372,715000</BRNN_VENDITE>
    <COAC_VENDITE>0,000000</COAC_VENDITE>
    <CORS_VENDITE>0,000000</CORS_VENDITE>
    <FOGN_VENDITE>467,516000</FOGN_VENDITE>
    <FRAN_VENDITE>97,000000</FRAN_VENDITE>
    <GREC_VENDITE>440,000000</GREC_VENDITE>
    <MFTV_VENDITE>0,000000</MFTV_VENDITE>
    <PRGP_VENDITE>2,973000</PRGP_VENDITE>
    <ROSN_VENDITE>1203,247000</ROSN_VENDITE>
    <SLOV_VENDITE>0,000000</SLOV_VENDITE>
    <SVIZ_VENDITE>2614,000000</SVIZ_VENDITE>
    <BSP_VENDITE>551,000000</BSP_VENDITE>
    <MALT_VENDITE>0,000000</MALT_VENDITE>
    <XAUS_VENDITE>239,000000</XAUS_VENDITE>
    <XFRA_VENDITE>2280,000000</XFRA_VENDITE>
    <TOTITABSP_VENDITE>34689,761</TOTITABSP_VENDITE>
    <TOTITABSP_ACQUISTI>37208,761</TOTITABSP_ACQUISTI>
  </Quantita>
  <Quantita>
    <Data>20180406</Data>
    <Mercato>MGP</Mercato>
    <Ora>19</Ora>
    <TOTALE_ACQUISTI>37392,62</TOTALE_ACQUISTI>
    <NAT_ACQUISTI>37392,620000</NAT_ACQUISTI>
    <CNOR_ACQUISTI>4095,104000</CNOR_ACQUISTI>
    <CSUD_ACQUISTI>5731,924000</CSUD_ACQUISTI>
    <NORD_ACQUISTI>21198,356000</NORD_ACQUISTI>
    <SARD_ACQUISTI>1022,214000</SARD_ACQUISTI>
    <SICI_ACQUISTI>2152,295000</SICI_ACQUISTI>
    <SUD_ACQUISTI>2895,727000</SUD_ACQUISTI>
    <AUST_ACQUISTI>0,000000</AUST_ACQUISTI>
    <BRNN_ACQUISTI>0,000000</BRNN_ACQUISTI>
    <COAC_ACQUISTI>44,000000</COAC_ACQUISTI>
    <CORS_ACQUISTI>22,000000</CORS_ACQUISTI>
    <FOGN_ACQUISTI>0,000000</FOGN_ACQUISTI>
    <FRAN_ACQUISTI>0,000000</FRAN_ACQUISTI>
    <GREC_ACQUISTI>0,000000</GREC_ACQUISTI>
    <MFTV_ACQUISTI>0,000000</MFTV_ACQUISTI>
    <PRGP_ACQUISTI>0,000000</PRGP_ACQUISTI>
    <ROSN_ACQUISTI>0,000000</ROSN_ACQUISTI>
    <SLOV_ACQUISTI>0,000000</SLOV_ACQUISTI>
    <SVIZ_ACQUISTI>25,000000</SVIZ_ACQUISTI>
    <BSP_ACQUISTI>0,000000</BSP_ACQUISTI>
    <MALT_ACQUISTI>206,000000</MALT_ACQUISTI>
    <XAUS_ACQUISTI>0,000000</XAUS_ACQUISTI>
    <XFRA_ACQUISTI>0,000000</XFRA_ACQUISTI>
    <TOTALE_VENDITE>34322,62</TOTALE_VENDITE>
    <NAT_VENDITE>37392,620000</NAT_VENDITE>
    <CNOR_VENDITE>2556,250000</CNOR_VENDITE>
    <CSUD_VENDITE>3945,160000</CSUD_VENDITE>
    <NORD_VENDITE>15377,538000</NORD_VENDITE>
    <SARD_VENDITE>1034,150000</SARD_VENDITE>
    <SICI_VENDITE>1205,402000</SICI_VENDITE>
    <SUD_VENDITE>3446,660000</SUD_VENDITE>
    <AUST_VENDITE>20,000000</AUST_VENDITE>
    <BRNN_VENDITE>1401,291000</BRNN_VENDITE>
    <COAC_VENDITE>0,000000</COAC_VENDITE>
    <CORS_VENDITE>0,000000</CORS_VENDITE>
    <FOGN_VENDITE>915,476000</FOGN_VENDITE>
    <FRAN_VENDITE>97,000000</FRAN_VENDITE>
    <GREC_VENDITE>460,000000</GREC_VENDITE>
    <MFTV_VENDITE>0,000000</MFTV_VENDITE>
    <PRGP_VENDITE>52,893000</PRGP_VENDITE>
    <ROSN_VENDITE>1196,800000</ROSN_VENDITE>
    <SLOV_VENDITE>0,000000</SLOV_VENDITE>
    <SVIZ_VENDITE>2614,000000</SVIZ_VENDITE>
    <BSP_VENDITE>551,000000</BSP_VENDITE>
    <MALT_VENDITE>0,000000</MALT_VENDITE>
    <XAUS_VENDITE>239,000000</XAUS_VENDITE>
    <XFRA_VENDITE>2280,000000</XFRA_VENDITE>
    <TOTITABSP_VENDITE>34873,62</TOTITABSP_VENDITE>
    <TOTITABSP_ACQUISTI>37392,62</TOTITABSP_ACQUISTI>
  </Quantita>
  <Quantita>
    <Data>20180406</Data>
    <Mercato>MGP</Mercato>
    <Ora>20</Ora>
    <TOTALE_ACQUISTI>38206,508</TOTALE_ACQUISTI>
    <NAT_ACQUISTI>38266,502000</NAT_ACQUISTI>
    <CNOR_ACQUISTI>4159,290000</CNOR_ACQUISTI>
    <CSUD_ACQUISTI>6082,874000</CSUD_ACQUISTI>
    <NORD_ACQUISTI>21235,644000</NORD_ACQUISTI>
    <SARD_ACQUISTI>1050,457000</SARD_ACQUISTI>
    <SICI_ACQUISTI>2282,992000</SICI_ACQUISTI>
    <SUD_ACQUISTI>3114,251000</SUD_ACQUISTI>
    <AUST_ACQUISTI>0,000000</AUST_ACQUISTI>
    <BRNN_ACQUISTI>0,000000</BRNN_ACQUISTI>
    <COAC_ACQUISTI>68,000000</COAC_ACQUISTI>
    <CORS_ACQUISTI>39,000000</CORS_ACQUISTI>
    <FOGN_ACQUISTI>0,000000</FOGN_ACQUISTI>
    <FRAN_ACQUISTI>0,000000</FRAN_ACQUISTI>
    <GREC_ACQUISTI>0,000000</GREC_ACQUISTI>
    <MFTV_ACQUISTI>0,000000</MFTV_ACQUISTI>
    <PRGP_ACQUISTI>0,000000</PRGP_ACQUISTI>
    <ROSN_ACQUISTI>0,000000</ROSN_ACQUISTI>
    <SLOV_ACQUISTI>0,000000</SLOV_ACQUISTI>
    <SVIZ_ACQUISTI>0,000000</SVIZ_ACQUISTI>
    <BSP_ACQUISTI>0,000000</BSP_ACQUISTI>
    <MALT_ACQUISTI>174,000000</MALT_ACQUISTI>
    <XAUS_ACQUISTI>0,000000</XAUS_ACQUISTI>
    <XFRA_ACQUISTI>0,000000</XFRA_ACQUISTI>
    <TOTALE_VENDITE>35136,508</TOTALE_VENDITE>
    <NAT_VENDITE>38266,502000</NAT_VENDITE>
    <CNOR_VENDITE>2717,418000</CNOR_VENDITE>
    <CSUD_VENDITE>3617,961000</CSUD_VENDITE>
    <NORD_VENDITE>16542,623000</NORD_VENDITE>
    <SARD_VENDITE>967,791000</SARD_VENDITE>
    <SICI_VENDITE>1225,433000</SICI_VENDITE>
    <SUD_VENDITE>2994,777000</SUD_VENDITE>
    <AUST_VENDITE>20,000000</AUST_VENDITE>
    <BRNN_VENDITE>1403,205000</BRNN_VENDITE>
    <COAC_VENDITE>0,000000</COAC_VENDITE>
    <CORS_VENDITE>0,000000</CORS_VENDITE>
    <FOGN_VENDITE>1116,154000</FOGN_VENDITE>
    <FRAN_VENDITE>97,000000</FRAN_VENDITE>
    <GREC_VENDITE>500,000000</GREC_VENDITE>
    <MFTV_VENDITE>0,000000</MFTV_VENDITE>
    <PRGP_VENDITE>131,559000</PRGP_VENDITE>
    <ROSN_VENDITE>1188,587000</ROSN_VENDITE>
    <SLOV_VENDITE>0,000000</SLOV_VENDITE>
    <SVIZ_VENDITE>2614,000000</SVIZ_VENDITE>
    <BSP_VENDITE>551,000000</BSP_VENDITE>
    <MALT_VENDITE>0,000000</MALT_VENDITE>
    <XAUS_VENDITE>239,000000</XAUS_VENDITE>
    <XFRA_VENDITE>2280,000000</XFRA_VENDITE>
    <TOTITABSP_VENDITE>35687,508</TOTITABSP_VENDITE>
    <TOTITABSP_ACQUISTI>38206,508</TOTITABSP_ACQUISTI>
  </Quantita>
  <Quantita>
    <Data>20180406</Data>
    <Mercato>MGP</Mercato>
    <Ora>21</Ora>
    <TOTALE_ACQUISTI>39376,464</TOTALE_ACQUISTI>
    <NAT_ACQUISTI>39438,464000</NAT_ACQUISTI>
    <CNOR_ACQUISTI>4231,321000</CNOR_ACQUISTI>
    <CSUD_ACQUISTI>6377,764000</CSUD_ACQUISTI>
    <NORD_ACQUISTI>21489,547000</NORD_ACQUISTI>
    <SARD_ACQUISTI>1140,449000</SARD_ACQUISTI>
    <SICI_ACQUISTI>2461,190000</SICI_ACQUISTI>
    <SUD_ACQUISTI>3314,193000</SUD_ACQUISTI>
    <AUST_ACQUISTI>0,000000</AUST_ACQUISTI>
    <BRNN_ACQUISTI>0,000000</BRNN_ACQUISTI>
    <COAC_ACQUISTI>53,000000</COAC_ACQUISTI>
    <CORS_ACQUISTI>39,000000</CORS_ACQUISTI>
    <FOGN_ACQUISTI>0,000000</FOGN_ACQUISTI>
    <FRAN_ACQUISTI>0,000000</FRAN_ACQUISTI>
    <GREC_ACQUISTI>0,000000</GREC_ACQUISTI>
    <MFTV_ACQUISTI>0,000000</MFTV_ACQUISTI>
    <PRGP_ACQUISTI>0,000000</PRGP_ACQUISTI>
    <ROSN_ACQUISTI>0,000000</ROSN_ACQUISTI>
    <SLOV_ACQUISTI>0,000000</SLOV_ACQUISTI>
    <SVIZ_ACQUISTI>114,000000</SVIZ_ACQUISTI>
    <BSP_ACQUISTI>0,000000</BSP_ACQUISTI>
    <MALT_ACQUISTI>156,000000</MALT_ACQUISTI>
    <XAUS_ACQUISTI>0,000000</XAUS_ACQUISTI>
    <XFRA_ACQUISTI>0,000000</XFRA_ACQUISTI>
    <TOTALE_VENDITE>36306,464</TOTALE_VENDITE>
    <NAT_VENDITE>39438,464000</NAT_VENDITE>
    <CNOR_VENDITE>2716,743000</CNOR_VENDITE>
    <CSUD_VENDITE>3595,833000</CSUD_VENDITE>
    <NORD_VENDITE>17151,298000</NORD_VENDITE>
    <SARD_VENDITE>952,552000</SARD_VENDITE>
    <SICI_VENDITE>1125,090000</SICI_VENDITE>
    <SUD_VENDITE>3004,391000</SUD_VENDITE>
    <AUST_VENDITE>20,000000</AUST_VENDITE>
    <BRNN_VENDITE>1839,757000</BRNN_VENDITE>
    <COAC_VENDITE>0,000000</COAC_VENDITE>
    <CORS_VENDITE>0,000000</CORS_VENDITE>
    <FOGN_VENDITE>1117,300000</FOGN_VENDITE>
    <FRAN_VENDITE>97,000000</FRAN_VENDITE>
    <GREC_VENDITE>500,000000</GREC_VENDITE>
    <MFTV_VENDITE>0,000000</MFTV_VENDITE>
    <PRGP_VENDITE>392,100000</PRGP_VENDITE>
    <ROSN_VENDITE>1180,400000</ROSN_VENDITE>
    <SLOV_VENDITE>0,000000</SLOV_VENDITE>
    <SVIZ_VENDITE>2614,000000</SVIZ_VENDITE>
    <BSP_VENDITE>551,000000</BSP_VENDITE>
    <MALT_VENDITE>0,000000</MALT_VENDITE>
    <XAUS_VENDITE>239,000000</XAUS_VENDITE>
    <XFRA_VENDITE>2280,000000</XFRA_VENDITE>
    <TOTITABSP_VENDITE>36857,464</TOTITABSP_VENDITE>
    <TOTITABSP_ACQUISTI>39376,464</TOTITABSP_ACQUISTI>
  </Quantita>
  <Quantita>
    <Data>20180406</Data>
    <Mercato>MGP</Mercato>
    <Ora>22</Ora>
    <TOTALE_ACQUISTI>36917,788</TOTALE_ACQUISTI>
    <NAT_ACQUISTI>36948,332000</NAT_ACQUISTI>
    <CNOR_ACQUISTI>3986,818000</CNOR_ACQUISTI>
    <CSUD_ACQUISTI>5906,017000</CSUD_ACQUISTI>
    <NORD_ACQUISTI>20268,246000</NORD_ACQUISTI>
    <SARD_ACQUISTI>1079,167000</SARD_ACQUISTI>
    <SICI_ACQUISTI>2292,168000</SICI_ACQUISTI>
    <SUD_ACQUISTI>3071,372000</SUD_ACQUISTI>
    <AUST_ACQUISTI>0,000000</AUST_ACQUISTI>
    <BRNN_ACQUISTI>0,000000</BRNN_ACQUISTI>
    <COAC_ACQUISTI>31,000000</COAC_ACQUISTI>
    <CORS_ACQUISTI>39,000000</CORS_ACQUISTI>
    <FOGN_ACQUISTI>0,000000</FOGN_ACQUISTI>
    <FRAN_ACQUISTI>0,000000</FRAN_ACQUISTI>
    <GREC_ACQUISTI>0,000000</GREC_ACQUISTI>
    <MFTV_ACQUISTI>0,000000</MFTV_ACQUISTI>
    <PRGP_ACQUISTI>0,000000</PRGP_ACQUISTI>
    <ROSN_ACQUISTI>0,000000</ROSN_ACQUISTI>
    <SLOV_ACQUISTI>0,000000</SLOV_ACQUISTI>
    <SVIZ_ACQUISTI>114,000000</SVIZ_ACQUISTI>
    <BSP_ACQUISTI>0,000000</BSP_ACQUISTI>
    <MALT_ACQUISTI>130,000000</MALT_ACQUISTI>
    <XAUS_ACQUISTI>0,000000</XAUS_ACQUISTI>
    <XFRA_ACQUISTI>0,000000</XFRA_ACQUISTI>
    <TOTALE_VENDITE>33847,788</TOTALE_VENDITE>
    <NAT_VENDITE>36948,332000</NAT_VENDITE>
    <CNOR_VENDITE>2328,961000</CNOR_VENDITE>
    <CSUD_VENDITE>3593,633000</CSUD_VENDITE>
    <NORD_VENDITE>15855,598000</NORD_VENDITE>
    <SARD_VENDITE>969,698000</SARD_VENDITE>
    <SICI_VENDITE>1092,288000</SICI_VENDITE>
    <SUD_VENDITE>2999,526000</SUD_VENDITE>
    <AUST_VENDITE>20,000000</AUST_VENDITE>
    <BRNN_VENDITE>1403,000000</BRNN_VENDITE>
    <COAC_VENDITE>0,000000</COAC_VENDITE>
    <CORS_VENDITE>0,000000</CORS_VENDITE>
    <FOGN_VENDITE>967,672000</FOGN_VENDITE>
    <FRAN_VENDITE>97,000000</FRAN_VENDITE>
    <GREC_VENDITE>500,000000</GREC_VENDITE>
    <MFTV_VENDITE>0,000000</MFTV_VENDITE>
    <PRGP_VENDITE>229,880000</PRGP_VENDITE>
    <ROSN_VENDITE>1176,532000</ROSN_VENDITE>
    <SLOV_VENDITE>0,000000</SLOV_VENDITE>
    <SVIZ_VENDITE>2614,000000</SVIZ_VENDITE>
    <BSP_VENDITE>551,000000</BSP_VENDITE>
    <MALT_VENDITE>0,000000</MALT_VENDITE>
    <XAUS_VENDITE>239,000000</XAUS_VENDITE>
    <XFRA_VENDITE>2280,000000</XFRA_VENDITE>
    <TOTITABSP_VENDITE>34398,788</TOTITABSP_VENDITE>
    <TOTITABSP_ACQUISTI>36917,788</TOTITABSP_ACQUISTI>
  </Quantita>
  <Quantita>
    <Data>20180406</Data>
    <Mercato>MGP</Mercato>
    <Ora>23</Ora>
    <TOTALE_ACQUISTI>33571,781</TOTALE_ACQUISTI>
    <NAT_ACQUISTI>33600,781000</NAT_ACQUISTI>
    <CNOR_ACQUISTI>3631,917000</CNOR_ACQUISTI>
    <CSUD_ACQUISTI>5380,758000</CSUD_ACQUISTI>
    <NORD_ACQUISTI>18405,358000</NORD_ACQUISTI>
    <SARD_ACQUISTI>1000,921000</SARD_ACQUISTI>
    <SICI_ACQUISTI>2106,313000</SICI_ACQUISTI>
    <SUD_ACQUISTI>2794,514000</SUD_ACQUISTI>
    <AUST_ACQUISTI>0,000000</AUST_ACQUISTI>
    <BRNN_ACQUISTI>0,000000</BRNN_ACQUISTI>
    <COAC_ACQUISTI>32,000000</COAC_ACQUISTI>
    <CORS_ACQUISTI>39,000000</CORS_ACQUISTI>
    <FOGN_ACQUISTI>0,000000</FOGN_ACQUISTI>
    <FRAN_ACQUISTI>0,000000</FRAN_ACQUISTI>
    <GREC_ACQUISTI>0,000000</GREC_ACQUISTI>
    <MFTV_ACQUISTI>0,000000</MFTV_ACQUISTI>
    <PRGP_ACQUISTI>0,000000</PRGP_ACQUISTI>
    <ROSN_ACQUISTI>0,000000</ROSN_ACQUISTI>
    <SLOV_ACQUISTI>0,000000</SLOV_ACQUISTI>
    <SVIZ_ACQUISTI>76,000000</SVIZ_ACQUISTI>
    <BSP_ACQUISTI>0,000000</BSP_ACQUISTI>
    <MALT_ACQUISTI>105,000000</MALT_ACQUISTI>
    <XAUS_ACQUISTI>0,000000</XAUS_ACQUISTI>
    <XFRA_ACQUISTI>0,000000</XFRA_ACQUISTI>
    <TOTALE_VENDITE>30501,781</TOTALE_VENDITE>
    <NAT_VENDITE>33600,781000</NAT_VENDITE>
    <CNOR_VENDITE>2297,752000</CNOR_VENDITE>
    <CSUD_VENDITE>3550,455000</CSUD_VENDITE>
    <NORD_VENDITE>12981,938000</NORD_VENDITE>
    <SARD_VENDITE>989,434000</SARD_VENDITE>
    <SICI_VENDITE>1011,313000</SICI_VENDITE>
    <SUD_VENDITE>3076,150000</SUD_VENDITE>
    <AUST_VENDITE>20,000000</AUST_VENDITE>
    <BRNN_VENDITE>1273,237000</BRNN_VENDITE>
    <COAC_VENDITE>0,000000</COAC_VENDITE>
    <CORS_VENDITE>0,000000</CORS_VENDITE>
    <FOGN_VENDITE>813,959000</FOGN_VENDITE>
    <FRAN_VENDITE>97,000000</FRAN_VENDITE>
    <GREC_VENDITE>500,000000</GREC_VENDITE>
    <MFTV_VENDITE>0,000000</MFTV_VENDITE>
    <PRGP_VENDITE>100,000000</PRGP_VENDITE>
    <ROSN_VENDITE>1176,543000</ROSN_VENDITE>
    <SLOV_VENDITE>0,000000</SLOV_VENDITE>
    <SVIZ_VENDITE>2614,000000</SVIZ_VENDITE>
    <BSP_VENDITE>551,000000</BSP_VENDITE>
    <MALT_VENDITE>0,000000</MALT_VENDITE>
    <XAUS_VENDITE>239,000000</XAUS_VENDITE>
    <XFRA_VENDITE>2280,000000</XFRA_VENDITE>
    <TOTITABSP_VENDITE>31052,781</TOTITABSP_VENDITE>
    <TOTITABSP_ACQUISTI>33571,781</TOTITABSP_ACQUISTI>
  </Quantita>
  <Quantita>
    <Data>20180406</Data>
    <Mercato>MGP</Mercato>
    <Ora>24</Ora>
    <TOTALE_ACQUISTI>30319,93</TOTALE_ACQUISTI>
    <NAT_ACQUISTI>30319,930000</NAT_ACQUISTI>
    <CNOR_ACQUISTI>3209,271000</CNOR_ACQUISTI>
    <CSUD_ACQUISTI>4780,257000</CSUD_ACQUISTI>
    <NORD_ACQUISTI>16757,138000</NORD_ACQUISTI>
    <SARD_ACQUISTI>908,258000</SARD_ACQUISTI>
    <SICI_ACQUISTI>1895,978000</SICI_ACQUISTI>
    <SUD_ACQUISTI>2472,028000</SUD_ACQUISTI>
    <AUST_ACQUISTI>0,000000</AUST_ACQUISTI>
    <BRNN_ACQUISTI>0,000000</BRNN_ACQUISTI>
    <COAC_ACQUISTI>28,000000</COAC_ACQUISTI>
    <CORS_ACQUISTI>39,000000</CORS_ACQUISTI>
    <FOGN_ACQUISTI>0,000000</FOGN_ACQUISTI>
    <FRAN_ACQUISTI>0,000000</FRAN_ACQUISTI>
    <GREC_ACQUISTI>20,000000</GREC_ACQUISTI>
    <MFTV_ACQUISTI>0,000000</MFTV_ACQUISTI>
    <PRGP_ACQUISTI>0,000000</PRGP_ACQUISTI>
    <ROSN_ACQUISTI>0,000000</ROSN_ACQUISTI>
    <SLOV_ACQUISTI>0,000000</SLOV_ACQUISTI>
    <SVIZ_ACQUISTI>76,000000</SVIZ_ACQUISTI>
    <BSP_ACQUISTI>0,000000</BSP_ACQUISTI>
    <MALT_ACQUISTI>134,000000</MALT_ACQUISTI>
    <XAUS_ACQUISTI>0,000000</XAUS_ACQUISTI>
    <XFRA_ACQUISTI>0,000000</XFRA_ACQUISTI>
    <TOTALE_VENDITE>27196,93</TOTALE_VENDITE>
    <NAT_VENDITE>30319,930000</NAT_VENDITE>
    <CNOR_VENDITE>2244,376000</CNOR_VENDITE>
    <CSUD_VENDITE>2289,442000</CSUD_VENDITE>
    <NORD_VENDITE>11606,078000</NORD_VENDITE>
    <SARD_VENDITE>1002,750000</SARD_VENDITE>
    <SICI_VENDITE>833,099000</SICI_VENDITE>
    <SUD_VENDITE>3059,342000</SUD_VENDITE>
    <AUST_VENDITE>20,000000</AUST_VENDITE>
    <BRNN_VENDITE>1273,735000</BRNN_VENDITE>
    <COAC_VENDITE>0,000000</COAC_VENDITE>
    <CORS_VENDITE>0,000000</CORS_VENDITE>
    <FOGN_VENDITE>438,131000</FOGN_VENDITE>
    <FRAN_VENDITE>98,000000</FRAN_VENDITE>
    <GREC_VENDITE>500,000000</GREC_VENDITE>
    <MFTV_VENDITE>0,000000</MFTV_VENDITE>
    <PRGP_VENDITE>96,879000</PRGP_VENDITE>
    <ROSN_VENDITE>1176,098000</ROSN_VENDITE>
    <SLOV_VENDITE>0,000000</SLOV_VENDITE>
    <SVIZ_VENDITE>2559,000000</SVIZ_VENDITE>
    <BSP_VENDITE>512,000000</BSP_VENDITE>
    <MALT_VENDITE>0,000000</MALT_VENDITE>
    <XAUS_VENDITE>237,000000</XAUS_VENDITE>
    <XFRA_VENDITE>2374,000000</XFRA_VENDITE>
    <TOTITABSP_VENDITE>27708,93</TOTITABSP_VENDITE>
    <TOTITABSP_ACQUISTI>30319,93</TOTITABSP_ACQUISTI>
  </Quantita>
</NewDataSet>