<?xml version="1.0" standalone="yes"?>
<NewDataSet>
  <xs:schema id="NewDataSet" xmlns="" xmlns:xs="http://www.w3.org/2001/XMLSchema" xmlns:msdata="urn:schemas-microsoft-com:xml-msdata">
    <xs:element name="NewDataSet" msdata:IsDataSet="true" msdata:UseCurrentLocale="true">
      <xs:complexType>
        <xs:choice minOccurs="0" maxOccurs="unbounded">
          <xs:element name="Prezzi">
            <xs:complexType>
              <xs:sequence>
                <xs:element name="Data" type="xs:string" minOccurs="0" />
                <xs:element name="Mercato" type="xs:string" minOccurs="0" />
                <xs:element name="Ora" type="xs:string" minOccurs="0" />
                <xs:element name="PUN" type="xs:string" minOccurs="0" />
                <xs:element name="NAT" type="xs:string" minOccurs="0" />
                <xs:element name="CNOR" type="xs:string" minOccurs="0" />
                <xs:element name="CSUD" type="xs:string" minOccurs="0" />
                <xs:element name="NORD" type="xs:string" minOccurs="0" />
                <xs:element name="SARD" type="xs:string" minOccurs="0" />
                <xs:element name="SICI" type="xs:string" minOccurs="0" />
                <xs:element name="SUD" type="xs:string" minOccurs="0" />
                <xs:element name="AUST" type="xs:string" minOccurs="0" />
                <xs:element name="BRNN" type="xs:string" minOccurs="0" />
                <xs:element name="COAC" type="xs:string" minOccurs="0" />
                <xs:element name="CORS" type="xs:string" minOccurs="0" />
                <xs:element name="FOGN" type="xs:string" minOccurs="0" />
                <xs:element name="FRAN" type="xs:string" minOccurs="0" />
                <xs:element name="GREC" type="xs:string" minOccurs="0" />
                <xs:element name="MFTV" type="xs:string" minOccurs="0" />
                <xs:element name="PRGP" type="xs:string" minOccurs="0" />
                <xs:element name="ROSN" type="xs:string" minOccurs="0" />
                <xs:element name="SLOV" type="xs:string" minOccurs="0" />
                <xs:element name="SVIZ" type="xs:string" minOccurs="0" />
                <xs:element name="BSP" type="xs:string" minOccurs="0" />
                <xs:element name="MALT" type="xs:string" minOccurs="0" />
                <xs:element name="XAUS" type="xs:string" minOccurs="0" />
                <xs:element name="XFRA" type="xs:string" minOccurs="0" />
              </xs:sequence>
            </xs:complexType>
          </xs:element>
        </xs:choice>
      </xs:complexType>
    </xs:element>
  </xs:schema>
  <Prezzi>
    <Data>20170201</Data>
    <Mercato>MGP</Mercato>
    <Ora>1</Ora>
    <PUN>55,000000</PUN>
    <NAT>55,000000</NAT>
    <CNOR>55,000000</CNOR>
    <CSUD>55,000000</CSUD>
    <NORD>55,000000</NORD>
    <SARD>55,000000</SARD>
    <SICI>55,000000</SICI>
    <SUD>55,000000</SUD>
    <AUST>55,000000</AUST>
    <BRNN>55,000000</BRNN>
    <COAC>55,000000</COAC>
    <CORS>55,000000</CORS>
    <FOGN>55,000000</FOGN>
    <FRAN>55,000000</FRAN>
    <GREC>55,000000</GREC>
    <MFTV>55,000000</MFTV>
    <PRGP>55,000000</PRGP>
    <ROSN>55,000000</ROSN>
    <SLOV>55,000000</SLOV>
    <SVIZ>55,000000</SVIZ>
    <BSP>55,000000</BSP>
    <MALT>55,000000</MALT>
    <XAUS>55,000000</XAUS>
    <XFRA>55,000000</XFRA>
  </Prezzi>
  <Prezzi>
    <Data>20170201</Data>
    <Mercato>MGP</Mercato>
    <Ora>2</Ora>
    <PUN>54,990000</PUN>
    <NAT>54,990000</NAT>
    <CNOR>54,990000</CNOR>
    <CSUD>54,990000</CSUD>
    <NORD>54,990000</NORD>
    <SARD>54,990000</SARD>
    <SICI>54,990000</SICI>
    <SUD>54,990000</SUD>
    <AUST>54,990000</AUST>
    <BRNN>54,990000</BRNN>
    <COAC>54,990000</COAC>
    <CORS>54,990000</CORS>
    <FOGN>54,990000</FOGN>
    <FRAN>54,990000</FRAN>
    <GREC>54,990000</GREC>
    <MFTV>54,990000</MFTV>
    <PRGP>54,990000</PRGP>
    <ROSN>54,990000</ROSN>
    <SLOV>54,990000</SLOV>
    <SVIZ>54,990000</SVIZ>
    <BSP>54,990000</BSP>
    <MALT>54,990000</MALT>
    <XAUS>54,990000</XAUS>
    <XFRA>54,990000</XFRA>
  </Prezzi>
  <Prezzi>
    <Data>20170201</Data>
    <Mercato>MGP</Mercato>
    <Ora>3</Ora>
    <PUN>51,807770</PUN>
    <NAT>51,510000</NAT>
    <CNOR>51,807770</CNOR>
    <CSUD>51,807770</CSUD>
    <NORD>51,807770</NORD>
    <SARD>51,807770</SARD>
    <SICI>51,807770</SICI>
    <SUD>51,807770</SUD>
    <AUST>51,807770</AUST>
    <BRNN>51,807770</BRNN>
    <COAC>51,807770</COAC>
    <CORS>51,807770</CORS>
    <FOGN>51,807770</FOGN>
    <FRAN>51,807770</FRAN>
    <GREC>51,807770</GREC>
    <MFTV>51,807770</MFTV>
    <PRGP>51,807770</PRGP>
    <ROSN>51,807770</ROSN>
    <SLOV>51,807770</SLOV>
    <SVIZ>51,807770</SVIZ>
    <BSP>51,807770</BSP>
    <MALT>51,807770</MALT>
    <XAUS>51,807770</XAUS>
    <XFRA>51,807770</XFRA>
  </Prezzi>
  <Prezzi>
    <Data>20170201</Data>
    <Mercato>MGP</Mercato>
    <Ora>4</Ora>
    <PUN>51,100000</PUN>
    <NAT>51,100000</NAT>
    <CNOR>51,100000</CNOR>
    <CSUD>51,100000</CSUD>
    <NORD>51,100000</NORD>
    <SARD>51,100000</SARD>
    <SICI>51,100000</SICI>
    <SUD>51,100000</SUD>
    <AUST>51,100000</AUST>
    <BRNN>51,100000</BRNN>
    <COAC>51,100000</COAC>
    <CORS>51,100000</CORS>
    <FOGN>51,100000</FOGN>
    <FRAN>51,100000</FRAN>
    <GREC>51,100000</GREC>
    <MFTV>51,100000</MFTV>
    <PRGP>51,100000</PRGP>
    <ROSN>51,100000</ROSN>
    <SLOV>51,100000</SLOV>
    <SVIZ>51,100000</SVIZ>
    <BSP>51,100000</BSP>
    <MALT>51,100000</MALT>
    <XAUS>51,100000</XAUS>
    <XFRA>51,100000</XFRA>
  </Prezzi>
  <Prezzi>
    <Data>20170201</Data>
    <Mercato>MGP</Mercato>
    <Ora>5</Ora>
    <PUN>50,000000</PUN>
    <NAT>50,000000</NAT>
    <CNOR>50,000000</CNOR>
    <CSUD>50,000000</CSUD>
    <NORD>50,000000</NORD>
    <SARD>50,000000</SARD>
    <SICI>50,000000</SICI>
    <SUD>50,000000</SUD>
    <AUST>50,000000</AUST>
    <BRNN>50,000000</BRNN>
    <COAC>50,000000</COAC>
    <CORS>50,000000</CORS>
    <FOGN>50,000000</FOGN>
    <FRAN>50,000000</FRAN>
    <GREC>50,000000</GREC>
    <MFTV>50,000000</MFTV>
    <PRGP>50,000000</PRGP>
    <ROSN>50,000000</ROSN>
    <SLOV>50,000000</SLOV>
    <SVIZ>50,000000</SVIZ>
    <BSP>50,000000</BSP>
    <MALT>50,000000</MALT>
    <XAUS>50,000000</XAUS>
    <XFRA>50,000000</XFRA>
  </Prezzi>
  <Prezzi>
    <Data>20170201</Data>
    <Mercato>MGP</Mercato>
    <Ora>6</Ora>
    <PUN>53,000000</PUN>
    <NAT>53,000000</NAT>
    <CNOR>53,000000</CNOR>
    <CSUD>53,000000</CSUD>
    <NORD>53,000000</NORD>
    <SARD>53,000000</SARD>
    <SICI>53,000000</SICI>
    <SUD>53,000000</SUD>
    <AUST>53,000000</AUST>
    <BRNN>53,000000</BRNN>
    <COAC>53,000000</COAC>
    <CORS>53,000000</CORS>
    <FOGN>53,000000</FOGN>
    <FRAN>53,000000</FRAN>
    <GREC>53,000000</GREC>
    <MFTV>53,000000</MFTV>
    <PRGP>53,000000</PRGP>
    <ROSN>53,000000</ROSN>
    <SLOV>53,000000</SLOV>
    <SVIZ>53,000000</SVIZ>
    <BSP>53,000000</BSP>
    <MALT>53,000000</MALT>
    <XAUS>53,000000</XAUS>
    <XFRA>53,000000</XFRA>
  </Prezzi>
  <Prezzi>
    <Data>20170201</Data>
    <Mercato>MGP</Mercato>
    <Ora>7</Ora>
    <PUN>61,100000</PUN>
    <NAT>61,100000</NAT>
    <CNOR>61,100000</CNOR>
    <CSUD>61,100000</CSUD>
    <NORD>61,100000</NORD>
    <SARD>61,100000</SARD>
    <SICI>61,100000</SICI>
    <SUD>61,100000</SUD>
    <AUST>61,100000</AUST>
    <BRNN>61,100000</BRNN>
    <COAC>61,100000</COAC>
    <CORS>61,100000</CORS>
    <FOGN>61,100000</FOGN>
    <FRAN>61,100000</FRAN>
    <GREC>61,100000</GREC>
    <MFTV>61,100000</MFTV>
    <PRGP>61,100000</PRGP>
    <ROSN>61,100000</ROSN>
    <SLOV>61,100000</SLOV>
    <SVIZ>61,100000</SVIZ>
    <BSP>61,100000</BSP>
    <MALT>61,100000</MALT>
    <XAUS>61,100000</XAUS>
    <XFRA>61,100000</XFRA>
  </Prezzi>
  <Prezzi>
    <Data>20170201</Data>
    <Mercato>MGP</Mercato>
    <Ora>8</Ora>
    <PUN>77,700000</PUN>
    <NAT>77,700000</NAT>
    <CNOR>77,700000</CNOR>
    <CSUD>77,700000</CSUD>
    <NORD>77,700000</NORD>
    <SARD>77,700000</SARD>
    <SICI>77,700000</SICI>
    <SUD>77,700000</SUD>
    <AUST>77,700000</AUST>
    <BRNN>77,700000</BRNN>
    <COAC>77,700000</COAC>
    <CORS>77,700000</CORS>
    <FOGN>77,700000</FOGN>
    <FRAN>77,700000</FRAN>
    <GREC>77,700000</GREC>
    <MFTV>77,700000</MFTV>
    <PRGP>77,700000</PRGP>
    <ROSN>77,700000</ROSN>
    <SLOV>77,700000</SLOV>
    <SVIZ>77,700000</SVIZ>
    <BSP>77,700000</BSP>
    <MALT>77,700000</MALT>
    <XAUS>77,700000</XAUS>
    <XFRA>77,700000</XFRA>
  </Prezzi>
  <Prezzi>
    <Data>20170201</Data>
    <Mercato>MGP</Mercato>
    <Ora>9</Ora>
    <PUN>94,030510</PUN>
    <NAT>93,650000</NAT>
    <CNOR>95,130000</CNOR>
    <CSUD>95,130000</CSUD>
    <NORD>95,130000</NORD>
    <SARD>95,130000</SARD>
    <SICI>86,000000</SICI>
    <SUD>86,000000</SUD>
    <AUST>95,130000</AUST>
    <BRNN>86,000000</BRNN>
    <COAC>95,130000</COAC>
    <CORS>95,130000</CORS>
    <FOGN>86,000000</FOGN>
    <FRAN>95,130000</FRAN>
    <GREC>86,000000</GREC>
    <MFTV>95,130000</MFTV>
    <PRGP>86,000000</PRGP>
    <ROSN>86,000000</ROSN>
    <SLOV>95,130000</SLOV>
    <SVIZ>95,130000</SVIZ>
    <BSP>95,130000</BSP>
    <MALT>86,000000</MALT>
    <XAUS>95,130000</XAUS>
    <XFRA>95,130000</XFRA>
  </Prezzi>
  <Prezzi>
    <Data>20170201</Data>
    <Mercato>MGP</Mercato>
    <Ora>10</Ora>
    <PUN>100,110240</PUN>
    <NAT>92,990000</NAT>
    <CNOR>105,000000</CNOR>
    <CSUD>105,000000</CSUD>
    <NORD>105,000000</NORD>
    <SARD>105,000000</SARD>
    <SICI>63,630000</SICI>
    <SUD>63,630000</SUD>
    <AUST>105,000000</AUST>
    <BRNN>63,630000</BRNN>
    <COAC>105,000000</COAC>
    <CORS>105,000000</CORS>
    <FOGN>63,630000</FOGN>
    <FRAN>105,000000</FRAN>
    <GREC>63,630000</GREC>
    <MFTV>105,000000</MFTV>
    <PRGP>63,630000</PRGP>
    <ROSN>63,630000</ROSN>
    <SLOV>105,000000</SLOV>
    <SVIZ>105,000000</SVIZ>
    <BSP>105,000000</BSP>
    <MALT>63,630000</MALT>
    <XAUS>105,000000</XAUS>
    <XFRA>105,000000</XFRA>
  </Prezzi>
  <Prezzi>
    <Data>20170201</Data>
    <Mercato>MGP</Mercato>
    <Ora>11</Ora>
    <PUN>99,226450</PUN>
    <NAT>83,080000</NAT>
    <CNOR>105,000000</CNOR>
    <CSUD>105,000000</CSUD>
    <NORD>105,000000</NORD>
    <SARD>105,000000</SARD>
    <SICI>55,000000</SICI>
    <SUD>55,000000</SUD>
    <AUST>105,000000</AUST>
    <BRNN>55,000000</BRNN>
    <COAC>105,000000</COAC>
    <CORS>105,000000</CORS>
    <FOGN>55,000000</FOGN>
    <FRAN>105,000000</FRAN>
    <GREC>55,000000</GREC>
    <MFTV>105,000000</MFTV>
    <PRGP>55,000000</PRGP>
    <ROSN>55,000000</ROSN>
    <SLOV>105,000000</SLOV>
    <SVIZ>105,000000</SVIZ>
    <BSP>105,000000</BSP>
    <MALT>55,000000</MALT>
    <XAUS>105,000000</XAUS>
    <XFRA>105,000000</XFRA>
  </Prezzi>
  <Prezzi>
    <Data>20170201</Data>
    <Mercato>MGP</Mercato>
    <Ora>12</Ora>
    <PUN>94,487160</PUN>
    <NAT>72,070000</NAT>
    <CNOR>99,950000</CNOR>
    <CSUD>99,950000</CSUD>
    <NORD>99,950000</NORD>
    <SARD>99,950000</SARD>
    <SICI>52,000000</SICI>
    <SUD>52,000000</SUD>
    <AUST>99,950000</AUST>
    <BRNN>52,000000</BRNN>
    <COAC>99,950000</COAC>
    <CORS>99,950000</CORS>
    <FOGN>52,000000</FOGN>
    <FRAN>99,950000</FRAN>
    <GREC>52,000000</GREC>
    <MFTV>99,950000</MFTV>
    <PRGP>52,000000</PRGP>
    <ROSN>52,000000</ROSN>
    <SLOV>99,950000</SLOV>
    <SVIZ>99,950000</SVIZ>
    <BSP>99,950000</BSP>
    <MALT>52,000000</MALT>
    <XAUS>99,950000</XAUS>
    <XFRA>99,950000</XFRA>
  </Prezzi>
  <Prezzi>
    <Data>20170201</Data>
    <Mercato>MGP</Mercato>
    <Ora>13</Ora>
    <PUN>73,658360</PUN>
    <NAT>63,760000</NAT>
    <CNOR>76,640000</CNOR>
    <CSUD>76,640000</CSUD>
    <NORD>76,640000</NORD>
    <SARD>76,640000</SARD>
    <SICI>52,000000</SICI>
    <SUD>52,000000</SUD>
    <AUST>76,640000</AUST>
    <BRNN>52,000000</BRNN>
    <COAC>76,640000</COAC>
    <CORS>76,640000</CORS>
    <FOGN>52,000000</FOGN>
    <FRAN>76,640000</FRAN>
    <GREC>52,000000</GREC>
    <MFTV>76,640000</MFTV>
    <PRGP>52,000000</PRGP>
    <ROSN>52,000000</ROSN>
    <SLOV>76,640000</SLOV>
    <SVIZ>76,640000</SVIZ>
    <BSP>76,640000</BSP>
    <MALT>52,000000</MALT>
    <XAUS>76,640000</XAUS>
    <XFRA>76,640000</XFRA>
  </Prezzi>
  <Prezzi>
    <Data>20170201</Data>
    <Mercato>MGP</Mercato>
    <Ora>14</Ora>
    <PUN>72,671400</PUN>
    <NAT>63,300000</NAT>
    <CNOR>75,470000</CNOR>
    <CSUD>75,470000</CSUD>
    <NORD>75,470000</NORD>
    <SARD>75,470000</SARD>
    <SICI>52,000000</SICI>
    <SUD>52,000000</SUD>
    <AUST>75,470000</AUST>
    <BRNN>52,000000</BRNN>
    <COAC>75,470000</COAC>
    <CORS>75,470000</CORS>
    <FOGN>52,000000</FOGN>
    <FRAN>75,470000</FRAN>
    <GREC>52,000000</GREC>
    <MFTV>75,470000</MFTV>
    <PRGP>52,000000</PRGP>
    <ROSN>52,000000</ROSN>
    <SLOV>75,470000</SLOV>
    <SVIZ>75,470000</SVIZ>
    <BSP>75,470000</BSP>
    <MALT>52,000000</MALT>
    <XAUS>75,470000</XAUS>
    <XFRA>75,470000</XFRA>
  </Prezzi>
  <Prezzi>
    <Data>20170201</Data>
    <Mercato>MGP</Mercato>
    <Ora>15</Ora>
    <PUN>79,340450</PUN>
    <NAT>67,340000</NAT>
    <CNOR>82,900000</CNOR>
    <CSUD>82,900000</CSUD>
    <NORD>82,900000</NORD>
    <SARD>82,900000</SARD>
    <SICI>52,000000</SICI>
    <SUD>52,000000</SUD>
    <AUST>82,900000</AUST>
    <BRNN>52,000000</BRNN>
    <COAC>82,900000</COAC>
    <CORS>82,900000</CORS>
    <FOGN>52,000000</FOGN>
    <FRAN>82,900000</FRAN>
    <GREC>52,000000</GREC>
    <MFTV>82,900000</MFTV>
    <PRGP>52,000000</PRGP>
    <ROSN>52,000000</ROSN>
    <SLOV>82,900000</SLOV>
    <SVIZ>82,900000</SVIZ>
    <BSP>82,900000</BSP>
    <MALT>52,000000</MALT>
    <XAUS>82,900000</XAUS>
    <XFRA>82,900000</XFRA>
  </Prezzi>
  <Prezzi>
    <Data>20170201</Data>
    <Mercato>MGP</Mercato>
    <Ora>16</Ora>
    <PUN>84,288230</PUN>
    <NAT>68,910000</NAT>
    <CNOR>88,470000</CNOR>
    <CSUD>88,470000</CSUD>
    <NORD>88,470000</NORD>
    <SARD>88,470000</SARD>
    <SICI>53,000000</SICI>
    <SUD>53,000000</SUD>
    <AUST>88,470000</AUST>
    <BRNN>53,000000</BRNN>
    <COAC>88,470000</COAC>
    <CORS>88,470000</CORS>
    <FOGN>53,000000</FOGN>
    <FRAN>88,470000</FRAN>
    <GREC>53,000000</GREC>
    <MFTV>88,470000</MFTV>
    <PRGP>53,000000</PRGP>
    <ROSN>53,000000</ROSN>
    <SLOV>88,470000</SLOV>
    <SVIZ>88,470000</SVIZ>
    <BSP>88,470000</BSP>
    <MALT>53,000000</MALT>
    <XAUS>88,470000</XAUS>
    <XFRA>88,470000</XFRA>
  </Prezzi>
  <Prezzi>
    <Data>20170201</Data>
    <Mercato>MGP</Mercato>
    <Ora>17</Ora>
    <PUN>95,205910</PUN>
    <NAT>71,580000</NAT>
    <CNOR>100,740000</CNOR>
    <CSUD>100,740000</CSUD>
    <NORD>100,740000</NORD>
    <SARD>100,740000</SARD>
    <SICI>56,090000</SICI>
    <SUD>55,780000</SUD>
    <AUST>100,740000</AUST>
    <BRNN>55,780000</BRNN>
    <COAC>100,740000</COAC>
    <CORS>100,740000</CORS>
    <FOGN>55,780000</FOGN>
    <FRAN>100,740000</FRAN>
    <GREC>55,780000</GREC>
    <MFTV>100,740000</MFTV>
    <PRGP>56,090000</PRGP>
    <ROSN>55,780000</ROSN>
    <SLOV>100,740000</SLOV>
    <SVIZ>100,740000</SVIZ>
    <BSP>100,740000</BSP>
    <MALT>56,090000</MALT>
    <XAUS>100,740000</XAUS>
    <XFRA>100,740000</XFRA>
  </Prezzi>
  <Prezzi>
    <Data>20170201</Data>
    <Mercato>MGP</Mercato>
    <Ora>18</Ora>
    <PUN>83,646320</PUN>
    <NAT>75,030000</NAT>
    <CNOR>86,800000</CNOR>
    <CSUD>86,800000</CSUD>
    <NORD>86,800000</NORD>
    <SARD>86,800000</SARD>
    <SICI>71,580000</SICI>
    <SUD>57,570000</SUD>
    <AUST>86,800000</AUST>
    <BRNN>57,570000</BRNN>
    <COAC>86,800000</COAC>
    <CORS>86,800000</CORS>
    <FOGN>57,570000</FOGN>
    <FRAN>86,800000</FRAN>
    <GREC>57,570000</GREC>
    <MFTV>86,800000</MFTV>
    <PRGP>71,580000</PRGP>
    <ROSN>57,570000</ROSN>
    <SLOV>86,800000</SLOV>
    <SVIZ>86,800000</SVIZ>
    <BSP>86,800000</BSP>
    <MALT>71,580000</MALT>
    <XAUS>86,800000</XAUS>
    <XFRA>86,800000</XFRA>
  </Prezzi>
  <Prezzi>
    <Data>20170201</Data>
    <Mercato>MGP</Mercato>
    <Ora>19</Ora>
    <PUN>96,159110</PUN>
    <NAT>86,400000</NAT>
    <CNOR>100,740000</CNOR>
    <CSUD>100,740000</CSUD>
    <NORD>100,740000</NORD>
    <SARD>100,740000</SARD>
    <SICI>81,760000</SICI>
    <SUD>57,780000</SUD>
    <AUST>100,740000</AUST>
    <BRNN>57,780000</BRNN>
    <COAC>100,740000</COAC>
    <CORS>100,740000</CORS>
    <FOGN>57,780000</FOGN>
    <FRAN>100,740000</FRAN>
    <GREC>57,780000</GREC>
    <MFTV>100,740000</MFTV>
    <PRGP>81,760000</PRGP>
    <ROSN>57,780000</ROSN>
    <SLOV>100,740000</SLOV>
    <SVIZ>100,740000</SVIZ>
    <BSP>100,740000</BSP>
    <MALT>81,760000</MALT>
    <XAUS>100,740000</XAUS>
    <XFRA>100,740000</XFRA>
  </Prezzi>
  <Prezzi>
    <Data>20170201</Data>
    <Mercato>MGP</Mercato>
    <Ora>20</Ora>
    <PUN>86,507450</PUN>
    <NAT>80,800000</NAT>
    <CNOR>89,600000</CNOR>
    <CSUD>89,600000</CSUD>
    <NORD>89,600000</NORD>
    <SARD>89,600000</SARD>
    <SICI>81,760000</SICI>
    <SUD>57,780000</SUD>
    <AUST>89,600000</AUST>
    <BRNN>57,780000</BRNN>
    <COAC>89,600000</COAC>
    <CORS>89,600000</CORS>
    <FOGN>57,780000</FOGN>
    <FRAN>89,600000</FRAN>
    <GREC>57,780000</GREC>
    <MFTV>89,600000</MFTV>
    <PRGP>81,760000</PRGP>
    <ROSN>57,780000</ROSN>
    <SLOV>89,600000</SLOV>
    <SVIZ>89,600000</SVIZ>
    <BSP>89,600000</BSP>
    <MALT>81,760000</MALT>
    <XAUS>89,600000</XAUS>
    <XFRA>89,600000</XFRA>
  </Prezzi>
  <Prezzi>
    <Data>20170201</Data>
    <Mercato>MGP</Mercato>
    <Ora>21</Ora>
    <PUN>74,990600</PUN>
    <NAT>71,280000</NAT>
    <CNOR>76,300000</CNOR>
    <CSUD>76,300000</CSUD>
    <NORD>76,300000</NORD>
    <SARD>76,300000</SARD>
    <SICI>80,250000</SICI>
    <SUD>57,620000</SUD>
    <AUST>76,300000</AUST>
    <BRNN>57,620000</BRNN>
    <COAC>76,300000</COAC>
    <CORS>76,300000</CORS>
    <FOGN>57,620000</FOGN>
    <FRAN>76,300000</FRAN>
    <GREC>57,620000</GREC>
    <MFTV>76,300000</MFTV>
    <PRGP>80,250000</PRGP>
    <ROSN>57,620000</ROSN>
    <SLOV>76,300000</SLOV>
    <SVIZ>76,300000</SVIZ>
    <BSP>76,300000</BSP>
    <MALT>80,250000</MALT>
    <XAUS>76,300000</XAUS>
    <XFRA>76,300000</XFRA>
  </Prezzi>
  <Prezzi>
    <Data>20170201</Data>
    <Mercato>MGP</Mercato>
    <Ora>22</Ora>
    <PUN>67,430370</PUN>
    <NAT>61,780000</NAT>
    <CNOR>68,090000</CNOR>
    <CSUD>68,090000</CSUD>
    <NORD>68,090000</NORD>
    <SARD>68,090000</SARD>
    <SICI>72,010000</SICI>
    <SUD>57,010000</SUD>
    <AUST>68,090000</AUST>
    <BRNN>57,010000</BRNN>
    <COAC>68,090000</COAC>
    <CORS>68,090000</CORS>
    <FOGN>57,010000</FOGN>
    <FRAN>68,090000</FRAN>
    <GREC>57,010000</GREC>
    <MFTV>68,090000</MFTV>
    <PRGP>72,010000</PRGP>
    <ROSN>57,010000</ROSN>
    <SLOV>68,090000</SLOV>
    <SVIZ>68,090000</SVIZ>
    <BSP>68,090000</BSP>
    <MALT>72,010000</MALT>
    <XAUS>68,090000</XAUS>
    <XFRA>68,090000</XFRA>
  </Prezzi>
  <Prezzi>
    <Data>20170201</Data>
    <Mercato>MGP</Mercato>
    <Ora>23</Ora>
    <PUN>61,870580</PUN>
    <NAT>57,870000</NAT>
    <CNOR>62,850000</CNOR>
    <CSUD>62,850000</CSUD>
    <NORD>62,850000</NORD>
    <SARD>62,850000</SARD>
    <SICI>56,130000</SICI>
    <SUD>56,130000</SUD>
    <AUST>62,850000</AUST>
    <BRNN>56,130000</BRNN>
    <COAC>62,850000</COAC>
    <CORS>62,850000</CORS>
    <FOGN>56,130000</FOGN>
    <FRAN>62,850000</FRAN>
    <GREC>56,130000</GREC>
    <MFTV>62,850000</MFTV>
    <PRGP>56,130000</PRGP>
    <ROSN>56,130000</ROSN>
    <SLOV>62,850000</SLOV>
    <SVIZ>62,850000</SVIZ>
    <BSP>62,850000</BSP>
    <MALT>56,130000</MALT>
    <XAUS>62,850000</XAUS>
    <XFRA>62,850000</XFRA>
  </Prezzi>
  <Prezzi>
    <Data>20170201</Data>
    <Mercato>MGP</Mercato>
    <Ora>24</Ora>
    <PUN>55,954790</PUN>
    <NAT>55,000000</NAT>
    <CNOR>56,910000</CNOR>
    <CSUD>54,040000</CSUD>
    <NORD>56,910000</NORD>
    <SARD>54,040000</SARD>
    <SICI>54,040000</SICI>
    <SUD>54,040000</SUD>
    <AUST>56,910000</AUST>
    <BRNN>54,040000</BRNN>
    <COAC>54,040000</COAC>
    <CORS>56,910000</CORS>
    <FOGN>54,040000</FOGN>
    <FRAN>56,910000</FRAN>
    <GREC>54,040000</GREC>
    <MFTV>56,910000</MFTV>
    <PRGP>54,040000</PRGP>
    <ROSN>54,040000</ROSN>
    <SLOV>56,910000</SLOV>
    <SVIZ>56,910000</SVIZ>
    <BSP>56,910000</BSP>
    <MALT>54,040000</MALT>
    <XAUS>56,910000</XAUS>
    <XFRA>56,910000</XFRA>
  </Prezzi>
</NewDataSet>