<?xml version="1.0" standalone="yes"?>
<NewDataSet>
  <xs:schema id="NewDataSet" xmlns="" xmlns:xs="http://www.w3.org/2001/XMLSchema" xmlns:msdata="urn:schemas-microsoft-com:xml-msdata">
    <xs:element name="NewDataSet" msdata:IsDataSet="true" msdata:UseCurrentLocale="true">
      <xs:complexType>
        <xs:choice minOccurs="0" maxOccurs="unbounded">
          <xs:element name="Prezzi">
            <xs:complexType>
              <xs:sequence>
                <xs:element name="Data" type="xs:string" minOccurs="0" />
                <xs:element name="Mercato" type="xs:string" minOccurs="0" />
                <xs:element name="Ora" type="xs:string" minOccurs="0" />
                <xs:element name="PUN" type="xs:string" minOccurs="0" />
                <xs:element name="NAT" type="xs:string" minOccurs="0" />
                <xs:element name="CNOR" type="xs:string" minOccurs="0" />
                <xs:element name="CSUD" type="xs:string" minOccurs="0" />
                <xs:element name="NORD" type="xs:string" minOccurs="0" />
                <xs:element name="SARD" type="xs:string" minOccurs="0" />
                <xs:element name="SICI" type="xs:string" minOccurs="0" />
                <xs:element name="SUD" type="xs:string" minOccurs="0" />
                <xs:element name="AUST" type="xs:string" minOccurs="0" />
                <xs:element name="BRNN" type="xs:string" minOccurs="0" />
                <xs:element name="COAC" type="xs:string" minOccurs="0" />
                <xs:element name="CORS" type="xs:string" minOccurs="0" />
                <xs:element name="FOGN" type="xs:string" minOccurs="0" />
                <xs:element name="FRAN" type="xs:string" minOccurs="0" />
                <xs:element name="GREC" type="xs:string" minOccurs="0" />
                <xs:element name="MFTV" type="xs:string" minOccurs="0" />
                <xs:element name="PRGP" type="xs:string" minOccurs="0" />
                <xs:element name="ROSN" type="xs:string" minOccurs="0" />
                <xs:element name="SLOV" type="xs:string" minOccurs="0" />
                <xs:element name="SVIZ" type="xs:string" minOccurs="0" />
                <xs:element name="BSP" type="xs:string" minOccurs="0" />
                <xs:element name="MALT" type="xs:string" minOccurs="0" />
                <xs:element name="XAUS" type="xs:string" minOccurs="0" />
                <xs:element name="XFRA" type="xs:string" minOccurs="0" />
              </xs:sequence>
            </xs:complexType>
          </xs:element>
        </xs:choice>
      </xs:complexType>
    </xs:element>
  </xs:schema>
  <Prezzi>
    <Data>20170203</Data>
    <Mercato>MGP</Mercato>
    <Ora>1</Ora>
    <PUN>50,000000</PUN>
    <NAT>50,000000</NAT>
    <CNOR>50,000000</CNOR>
    <CSUD>50,000000</CSUD>
    <NORD>50,000000</NORD>
    <SARD>50,000000</SARD>
    <SICI>50,000000</SICI>
    <SUD>50,000000</SUD>
    <AUST>50,000000</AUST>
    <BRNN>50,000000</BRNN>
    <COAC>50,000000</COAC>
    <CORS>50,000000</CORS>
    <FOGN>50,000000</FOGN>
    <FRAN>50,000000</FRAN>
    <GREC>50,000000</GREC>
    <MFTV>50,000000</MFTV>
    <PRGP>50,000000</PRGP>
    <ROSN>50,000000</ROSN>
    <SLOV>50,000000</SLOV>
    <SVIZ>50,000000</SVIZ>
    <BSP>50,000000</BSP>
    <MALT>50,000000</MALT>
    <XAUS>50,000000</XAUS>
    <XFRA>50,000000</XFRA>
  </Prezzi>
  <Prezzi>
    <Data>20170203</Data>
    <Mercato>MGP</Mercato>
    <Ora>2</Ora>
    <PUN>48,310000</PUN>
    <NAT>48,310000</NAT>
    <CNOR>48,310000</CNOR>
    <CSUD>48,310000</CSUD>
    <NORD>48,310000</NORD>
    <SARD>48,310000</SARD>
    <SICI>48,310000</SICI>
    <SUD>48,310000</SUD>
    <AUST>48,310000</AUST>
    <BRNN>48,310000</BRNN>
    <COAC>48,310000</COAC>
    <CORS>48,310000</CORS>
    <FOGN>48,310000</FOGN>
    <FRAN>48,310000</FRAN>
    <GREC>48,310000</GREC>
    <MFTV>48,310000</MFTV>
    <PRGP>48,310000</PRGP>
    <ROSN>48,310000</ROSN>
    <SLOV>48,310000</SLOV>
    <SVIZ>48,310000</SVIZ>
    <BSP>48,310000</BSP>
    <MALT>48,310000</MALT>
    <XAUS>48,310000</XAUS>
    <XFRA>48,310000</XFRA>
  </Prezzi>
  <Prezzi>
    <Data>20170203</Data>
    <Mercato>MGP</Mercato>
    <Ora>3</Ora>
    <PUN>47,000000</PUN>
    <NAT>47,000000</NAT>
    <CNOR>47,000000</CNOR>
    <CSUD>47,000000</CSUD>
    <NORD>47,000000</NORD>
    <SARD>47,000000</SARD>
    <SICI>47,000000</SICI>
    <SUD>47,000000</SUD>
    <AUST>47,000000</AUST>
    <BRNN>47,000000</BRNN>
    <COAC>47,000000</COAC>
    <CORS>47,000000</CORS>
    <FOGN>47,000000</FOGN>
    <FRAN>47,000000</FRAN>
    <GREC>47,000000</GREC>
    <MFTV>47,000000</MFTV>
    <PRGP>47,000000</PRGP>
    <ROSN>47,000000</ROSN>
    <SLOV>47,000000</SLOV>
    <SVIZ>47,000000</SVIZ>
    <BSP>47,000000</BSP>
    <MALT>47,000000</MALT>
    <XAUS>47,000000</XAUS>
    <XFRA>47,000000</XFRA>
  </Prezzi>
  <Prezzi>
    <Data>20170203</Data>
    <Mercato>MGP</Mercato>
    <Ora>4</Ora>
    <PUN>47,230000</PUN>
    <NAT>47,230000</NAT>
    <CNOR>47,230000</CNOR>
    <CSUD>47,230000</CSUD>
    <NORD>47,230000</NORD>
    <SARD>47,230000</SARD>
    <SICI>47,230000</SICI>
    <SUD>47,230000</SUD>
    <AUST>47,230000</AUST>
    <BRNN>47,230000</BRNN>
    <COAC>47,230000</COAC>
    <CORS>47,230000</CORS>
    <FOGN>47,230000</FOGN>
    <FRAN>47,230000</FRAN>
    <GREC>47,230000</GREC>
    <MFTV>47,230000</MFTV>
    <PRGP>47,230000</PRGP>
    <ROSN>47,230000</ROSN>
    <SLOV>47,230000</SLOV>
    <SVIZ>47,230000</SVIZ>
    <BSP>47,230000</BSP>
    <MALT>47,230000</MALT>
    <XAUS>47,230000</XAUS>
    <XFRA>47,230000</XFRA>
  </Prezzi>
  <Prezzi>
    <Data>20170203</Data>
    <Mercato>MGP</Mercato>
    <Ora>5</Ora>
    <PUN>47,990000</PUN>
    <NAT>47,990000</NAT>
    <CNOR>47,990000</CNOR>
    <CSUD>47,990000</CSUD>
    <NORD>47,990000</NORD>
    <SARD>47,990000</SARD>
    <SICI>47,990000</SICI>
    <SUD>47,990000</SUD>
    <AUST>47,990000</AUST>
    <BRNN>47,990000</BRNN>
    <COAC>47,990000</COAC>
    <CORS>47,990000</CORS>
    <FOGN>47,990000</FOGN>
    <FRAN>47,990000</FRAN>
    <GREC>47,990000</GREC>
    <MFTV>47,990000</MFTV>
    <PRGP>47,990000</PRGP>
    <ROSN>47,990000</ROSN>
    <SLOV>47,990000</SLOV>
    <SVIZ>47,990000</SVIZ>
    <BSP>47,990000</BSP>
    <MALT>47,990000</MALT>
    <XAUS>47,990000</XAUS>
    <XFRA>47,990000</XFRA>
  </Prezzi>
  <Prezzi>
    <Data>20170203</Data>
    <Mercato>MGP</Mercato>
    <Ora>6</Ora>
    <PUN>49,520000</PUN>
    <NAT>49,520000</NAT>
    <CNOR>49,520000</CNOR>
    <CSUD>49,520000</CSUD>
    <NORD>49,520000</NORD>
    <SARD>49,520000</SARD>
    <SICI>49,520000</SICI>
    <SUD>49,520000</SUD>
    <AUST>49,520000</AUST>
    <BRNN>49,520000</BRNN>
    <COAC>49,520000</COAC>
    <CORS>49,520000</CORS>
    <FOGN>49,520000</FOGN>
    <FRAN>49,520000</FRAN>
    <GREC>49,520000</GREC>
    <MFTV>49,520000</MFTV>
    <PRGP>49,520000</PRGP>
    <ROSN>49,520000</ROSN>
    <SLOV>49,520000</SLOV>
    <SVIZ>49,520000</SVIZ>
    <BSP>49,520000</BSP>
    <MALT>49,520000</MALT>
    <XAUS>49,520000</XAUS>
    <XFRA>49,520000</XFRA>
  </Prezzi>
  <Prezzi>
    <Data>20170203</Data>
    <Mercato>MGP</Mercato>
    <Ora>7</Ora>
    <PUN>60,741520</PUN>
    <NAT>54,500000</NAT>
    <CNOR>52,000000</CNOR>
    <CSUD>52,000000</CSUD>
    <NORD>66,290000</NORD>
    <SARD>52,000000</SARD>
    <SICI>52,000000</SICI>
    <SUD>52,000000</SUD>
    <AUST>66,290000</AUST>
    <BRNN>52,000000</BRNN>
    <COAC>52,000000</COAC>
    <CORS>52,000000</CORS>
    <FOGN>52,000000</FOGN>
    <FRAN>66,290000</FRAN>
    <GREC>52,000000</GREC>
    <MFTV>66,290000</MFTV>
    <PRGP>52,000000</PRGP>
    <ROSN>52,000000</ROSN>
    <SLOV>66,290000</SLOV>
    <SVIZ>66,290000</SVIZ>
    <BSP>66,290000</BSP>
    <MALT>52,000000</MALT>
    <XAUS>66,290000</XAUS>
    <XFRA>66,290000</XFRA>
  </Prezzi>
  <Prezzi>
    <Data>20170203</Data>
    <Mercato>MGP</Mercato>
    <Ora>8</Ora>
    <PUN>76,216390</PUN>
    <NAT>72,310000</NAT>
    <CNOR>61,480000</CNOR>
    <CSUD>55,600000</CSUD>
    <NORD>87,580000</NORD>
    <SARD>55,600000</SARD>
    <SICI>70,940000</SICI>
    <SUD>55,600000</SUD>
    <AUST>87,580000</AUST>
    <BRNN>55,600000</BRNN>
    <COAC>55,600000</COAC>
    <CORS>61,480000</CORS>
    <FOGN>55,600000</FOGN>
    <FRAN>87,580000</FRAN>
    <GREC>55,600000</GREC>
    <MFTV>87,580000</MFTV>
    <PRGP>70,940000</PRGP>
    <ROSN>55,600000</ROSN>
    <SLOV>87,580000</SLOV>
    <SVIZ>87,580000</SVIZ>
    <BSP>87,580000</BSP>
    <MALT>70,940000</MALT>
    <XAUS>87,580000</XAUS>
    <XFRA>87,580000</XFRA>
  </Prezzi>
  <Prezzi>
    <Data>20170203</Data>
    <Mercato>MGP</Mercato>
    <Ora>9</Ora>
    <PUN>95,883260</PUN>
    <NAT>83,580000</NAT>
    <CNOR>100,000000</CNOR>
    <CSUD>100,000000</CSUD>
    <NORD>100,000000</NORD>
    <SARD>100,000000</SARD>
    <SICI>85,580000</SICI>
    <SUD>51,000000</SUD>
    <AUST>100,000000</AUST>
    <BRNN>51,000000</BRNN>
    <COAC>100,000000</COAC>
    <CORS>100,000000</CORS>
    <FOGN>51,000000</FOGN>
    <FRAN>100,000000</FRAN>
    <GREC>51,000000</GREC>
    <MFTV>100,000000</MFTV>
    <PRGP>85,580000</PRGP>
    <ROSN>51,000000</ROSN>
    <SLOV>100,000000</SLOV>
    <SVIZ>100,000000</SVIZ>
    <BSP>100,000000</BSP>
    <MALT>85,580000</MALT>
    <XAUS>100,000000</XAUS>
    <XFRA>100,000000</XFRA>
  </Prezzi>
  <Prezzi>
    <Data>20170203</Data>
    <Mercato>MGP</Mercato>
    <Ora>10</Ora>
    <PUN>81,824820</PUN>
    <NAT>66,810000</NAT>
    <CNOR>85,100000</CNOR>
    <CSUD>85,100000</CSUD>
    <NORD>85,100000</NORD>
    <SARD>85,100000</SARD>
    <SICI>66,810000</SICI>
    <SUD>51,000000</SUD>
    <AUST>85,100000</AUST>
    <BRNN>51,000000</BRNN>
    <COAC>85,100000</COAC>
    <CORS>85,100000</CORS>
    <FOGN>51,000000</FOGN>
    <FRAN>85,100000</FRAN>
    <GREC>51,000000</GREC>
    <MFTV>85,100000</MFTV>
    <PRGP>66,810000</PRGP>
    <ROSN>51,000000</ROSN>
    <SLOV>85,100000</SLOV>
    <SVIZ>85,100000</SVIZ>
    <BSP>85,100000</BSP>
    <MALT>66,810000</MALT>
    <XAUS>85,100000</XAUS>
    <XFRA>85,100000</XFRA>
  </Prezzi>
  <Prezzi>
    <Data>20170203</Data>
    <Mercato>MGP</Mercato>
    <Ora>11</Ora>
    <PUN>78,938880</PUN>
    <NAT>63,860000</NAT>
    <CNOR>82,940000</CNOR>
    <CSUD>82,940000</CSUD>
    <NORD>82,940000</NORD>
    <SARD>82,940000</SARD>
    <SICI>49,120000</SICI>
    <SUD>49,120000</SUD>
    <AUST>82,940000</AUST>
    <BRNN>49,120000</BRNN>
    <COAC>82,940000</COAC>
    <CORS>82,940000</CORS>
    <FOGN>49,120000</FOGN>
    <FRAN>82,940000</FRAN>
    <GREC>49,120000</GREC>
    <MFTV>82,940000</MFTV>
    <PRGP>49,120000</PRGP>
    <ROSN>49,120000</ROSN>
    <SLOV>82,940000</SLOV>
    <SVIZ>82,940000</SVIZ>
    <BSP>82,940000</BSP>
    <MALT>49,120000</MALT>
    <XAUS>82,940000</XAUS>
    <XFRA>82,940000</XFRA>
  </Prezzi>
  <Prezzi>
    <Data>20170203</Data>
    <Mercato>MGP</Mercato>
    <Ora>12</Ora>
    <PUN>74,131940</PUN>
    <NAT>62,850000</NAT>
    <CNOR>72,000000</CNOR>
    <CSUD>72,000000</CSUD>
    <NORD>80,000000</NORD>
    <SARD>72,000000</SARD>
    <SICI>48,220000</SICI>
    <SUD>48,220000</SUD>
    <AUST>80,000000</AUST>
    <BRNN>48,220000</BRNN>
    <COAC>72,000000</COAC>
    <CORS>72,000000</CORS>
    <FOGN>48,220000</FOGN>
    <FRAN>80,000000</FRAN>
    <GREC>48,220000</GREC>
    <MFTV>80,000000</MFTV>
    <PRGP>48,220000</PRGP>
    <ROSN>48,220000</ROSN>
    <SLOV>80,000000</SLOV>
    <SVIZ>80,000000</SVIZ>
    <BSP>80,000000</BSP>
    <MALT>48,220000</MALT>
    <XAUS>80,000000</XAUS>
    <XFRA>80,000000</XFRA>
  </Prezzi>
  <Prezzi>
    <Data>20170203</Data>
    <Mercato>MGP</Mercato>
    <Ora>13</Ora>
    <PUN>62,187040</PUN>
    <NAT>57,310000</NAT>
    <CNOR>59,480000</CNOR>
    <CSUD>59,480000</CSUD>
    <NORD>66,290000</NORD>
    <SARD>59,480000</SARD>
    <SICI>48,230000</SICI>
    <SUD>48,230000</SUD>
    <AUST>66,290000</AUST>
    <BRNN>48,230000</BRNN>
    <COAC>59,480000</COAC>
    <CORS>59,480000</CORS>
    <FOGN>48,230000</FOGN>
    <FRAN>66,290000</FRAN>
    <GREC>48,230000</GREC>
    <MFTV>66,290000</MFTV>
    <PRGP>48,230000</PRGP>
    <ROSN>48,230000</ROSN>
    <SLOV>66,290000</SLOV>
    <SVIZ>66,290000</SVIZ>
    <BSP>66,290000</BSP>
    <MALT>48,230000</MALT>
    <XAUS>66,290000</XAUS>
    <XFRA>66,290000</XFRA>
  </Prezzi>
  <Prezzi>
    <Data>20170203</Data>
    <Mercato>MGP</Mercato>
    <Ora>14</Ora>
    <PUN>61,403520</PUN>
    <NAT>56,000000</NAT>
    <CNOR>59,480000</CNOR>
    <CSUD>59,480000</CSUD>
    <NORD>64,910000</NORD>
    <SARD>59,480000</SARD>
    <SICI>48,230000</SICI>
    <SUD>48,230000</SUD>
    <AUST>64,910000</AUST>
    <BRNN>48,230000</BRNN>
    <COAC>59,480000</COAC>
    <CORS>59,480000</CORS>
    <FOGN>48,230000</FOGN>
    <FRAN>64,910000</FRAN>
    <GREC>48,230000</GREC>
    <MFTV>64,910000</MFTV>
    <PRGP>48,230000</PRGP>
    <ROSN>48,230000</ROSN>
    <SLOV>64,910000</SLOV>
    <SVIZ>64,910000</SVIZ>
    <BSP>64,910000</BSP>
    <MALT>48,230000</MALT>
    <XAUS>64,910000</XAUS>
    <XFRA>64,910000</XFRA>
  </Prezzi>
  <Prezzi>
    <Data>20170203</Data>
    <Mercato>MGP</Mercato>
    <Ora>15</Ora>
    <PUN>63,019850</PUN>
    <NAT>58,170000</NAT>
    <CNOR>60,990000</CNOR>
    <CSUD>60,990000</CSUD>
    <NORD>66,570000</NORD>
    <SARD>60,990000</SARD>
    <SICI>49,000000</SICI>
    <SUD>49,000000</SUD>
    <AUST>66,570000</AUST>
    <BRNN>49,000000</BRNN>
    <COAC>60,990000</COAC>
    <CORS>60,990000</CORS>
    <FOGN>49,000000</FOGN>
    <FRAN>66,570000</FRAN>
    <GREC>49,000000</GREC>
    <MFTV>66,570000</MFTV>
    <PRGP>49,000000</PRGP>
    <ROSN>49,000000</ROSN>
    <SLOV>66,570000</SLOV>
    <SVIZ>66,570000</SVIZ>
    <BSP>66,570000</BSP>
    <MALT>49,000000</MALT>
    <XAUS>66,570000</XAUS>
    <XFRA>66,570000</XFRA>
  </Prezzi>
  <Prezzi>
    <Data>20170203</Data>
    <Mercato>MGP</Mercato>
    <Ora>16</Ora>
    <PUN>63,990210</PUN>
    <NAT>59,480000</NAT>
    <CNOR>63,250000</CNOR>
    <CSUD>63,250000</CSUD>
    <NORD>66,290000</NORD>
    <SARD>63,250000</SARD>
    <SICI>60,000000</SICI>
    <SUD>49,120000</SUD>
    <AUST>66,290000</AUST>
    <BRNN>49,120000</BRNN>
    <COAC>63,250000</COAC>
    <CORS>63,250000</CORS>
    <FOGN>49,120000</FOGN>
    <FRAN>66,290000</FRAN>
    <GREC>49,120000</GREC>
    <MFTV>66,290000</MFTV>
    <PRGP>60,000000</PRGP>
    <ROSN>49,120000</ROSN>
    <SLOV>66,290000</SLOV>
    <SVIZ>66,290000</SVIZ>
    <BSP>66,290000</BSP>
    <MALT>60,000000</MALT>
    <XAUS>66,290000</XAUS>
    <XFRA>66,290000</XFRA>
  </Prezzi>
  <Prezzi>
    <Data>20170203</Data>
    <Mercato>MGP</Mercato>
    <Ora>17</Ora>
    <PUN>63,508550</PUN>
    <NAT>62,000000</NAT>
    <CNOR>60,990000</CNOR>
    <CSUD>53,000000</CSUD>
    <NORD>68,000000</NORD>
    <SARD>53,000000</SARD>
    <SICI>64,970000</SICI>
    <SUD>53,000000</SUD>
    <AUST>68,000000</AUST>
    <BRNN>53,000000</BRNN>
    <COAC>53,000000</COAC>
    <CORS>60,990000</CORS>
    <FOGN>53,000000</FOGN>
    <FRAN>68,000000</FRAN>
    <GREC>53,000000</GREC>
    <MFTV>68,000000</MFTV>
    <PRGP>64,970000</PRGP>
    <ROSN>53,000000</ROSN>
    <SLOV>68,000000</SLOV>
    <SVIZ>68,000000</SVIZ>
    <BSP>68,000000</BSP>
    <MALT>64,970000</MALT>
    <XAUS>68,000000</XAUS>
    <XFRA>68,000000</XFRA>
  </Prezzi>
  <Prezzi>
    <Data>20170203</Data>
    <Mercato>MGP</Mercato>
    <Ora>18</Ora>
    <PUN>68,226730</PUN>
    <NAT>66,330000</NAT>
    <CNOR>71,850000</CNOR>
    <CSUD>57,670000</CSUD>
    <NORD>71,850000</NORD>
    <SARD>57,670000</SARD>
    <SICI>71,580000</SICI>
    <SUD>57,670000</SUD>
    <AUST>71,850000</AUST>
    <BRNN>57,670000</BRNN>
    <COAC>57,670000</COAC>
    <CORS>71,850000</CORS>
    <FOGN>57,670000</FOGN>
    <FRAN>71,850000</FRAN>
    <GREC>57,670000</GREC>
    <MFTV>71,850000</MFTV>
    <PRGP>71,580000</PRGP>
    <ROSN>57,670000</ROSN>
    <SLOV>71,850000</SLOV>
    <SVIZ>71,850000</SVIZ>
    <BSP>71,850000</BSP>
    <MALT>71,580000</MALT>
    <XAUS>71,850000</XAUS>
    <XFRA>71,850000</XFRA>
  </Prezzi>
  <Prezzi>
    <Data>20170203</Data>
    <Mercato>MGP</Mercato>
    <Ora>19</Ora>
    <PUN>74,088830</PUN>
    <NAT>75,400000</NAT>
    <CNOR>75,400000</CNOR>
    <CSUD>70,000000</CSUD>
    <NORD>75,400000</NORD>
    <SARD>70,000000</SARD>
    <SICI>92,660000</SICI>
    <SUD>58,650000</SUD>
    <AUST>75,400000</AUST>
    <BRNN>58,650000</BRNN>
    <COAC>70,000000</COAC>
    <CORS>75,400000</CORS>
    <FOGN>58,650000</FOGN>
    <FRAN>75,400000</FRAN>
    <GREC>58,650000</GREC>
    <MFTV>75,400000</MFTV>
    <PRGP>92,660000</PRGP>
    <ROSN>58,650000</ROSN>
    <SLOV>75,400000</SLOV>
    <SVIZ>75,400000</SVIZ>
    <BSP>75,400000</BSP>
    <MALT>92,660000</MALT>
    <XAUS>75,400000</XAUS>
    <XFRA>75,400000</XFRA>
  </Prezzi>
  <Prezzi>
    <Data>20170203</Data>
    <Mercato>MGP</Mercato>
    <Ora>20</Ora>
    <PUN>69,626500</PUN>
    <NAT>70,000000</NAT>
    <CNOR>69,000000</CNOR>
    <CSUD>69,000000</CSUD>
    <NORD>69,000000</NORD>
    <SARD>69,000000</SARD>
    <SICI>92,660000</SICI>
    <SUD>58,650000</SUD>
    <AUST>69,000000</AUST>
    <BRNN>58,650000</BRNN>
    <COAC>69,000000</COAC>
    <CORS>69,000000</CORS>
    <FOGN>58,650000</FOGN>
    <FRAN>69,000000</FRAN>
    <GREC>58,650000</GREC>
    <MFTV>69,000000</MFTV>
    <PRGP>92,660000</PRGP>
    <ROSN>58,650000</ROSN>
    <SLOV>69,000000</SLOV>
    <SVIZ>69,000000</SVIZ>
    <BSP>69,000000</BSP>
    <MALT>92,660000</MALT>
    <XAUS>69,000000</XAUS>
    <XFRA>69,000000</XFRA>
  </Prezzi>
  <Prezzi>
    <Data>20170203</Data>
    <Mercato>MGP</Mercato>
    <Ora>21</Ora>
    <PUN>62,905700</PUN>
    <NAT>61,580000</NAT>
    <CNOR>61,480000</CNOR>
    <CSUD>58,030000</CSUD>
    <NORD>62,160000</NORD>
    <SARD>58,030000</SARD>
    <SICI>92,660000</SICI>
    <SUD>58,030000</SUD>
    <AUST>62,160000</AUST>
    <BRNN>58,030000</BRNN>
    <COAC>58,030000</COAC>
    <CORS>61,480000</CORS>
    <FOGN>58,030000</FOGN>
    <FRAN>62,160000</FRAN>
    <GREC>58,030000</GREC>
    <MFTV>62,160000</MFTV>
    <PRGP>92,660000</PRGP>
    <ROSN>58,030000</ROSN>
    <SLOV>62,160000</SLOV>
    <SVIZ>62,160000</SVIZ>
    <BSP>62,160000</BSP>
    <MALT>92,660000</MALT>
    <XAUS>62,160000</XAUS>
    <XFRA>62,160000</XFRA>
  </Prezzi>
  <Prezzi>
    <Data>20170203</Data>
    <Mercato>MGP</Mercato>
    <Ora>22</Ora>
    <PUN>58,688520</PUN>
    <NAT>57,100000</NAT>
    <CNOR>56,800000</CNOR>
    <CSUD>55,520000</CSUD>
    <NORD>56,800000</NORD>
    <SARD>55,520000</SARD>
    <SICI>91,580000</SICI>
    <SUD>55,520000</SUD>
    <AUST>56,800000</AUST>
    <BRNN>55,520000</BRNN>
    <COAC>55,520000</COAC>
    <CORS>56,800000</CORS>
    <FOGN>55,520000</FOGN>
    <FRAN>56,800000</FRAN>
    <GREC>55,520000</GREC>
    <MFTV>56,800000</MFTV>
    <PRGP>91,580000</PRGP>
    <ROSN>55,520000</ROSN>
    <SLOV>56,800000</SLOV>
    <SVIZ>56,800000</SVIZ>
    <BSP>56,800000</BSP>
    <MALT>91,580000</MALT>
    <XAUS>56,800000</XAUS>
    <XFRA>56,800000</XFRA>
  </Prezzi>
  <Prezzi>
    <Data>20170203</Data>
    <Mercato>MGP</Mercato>
    <Ora>23</Ora>
    <PUN>54,604700</PUN>
    <NAT>53,000000</NAT>
    <CNOR>52,990000</CNOR>
    <CSUD>52,990000</CSUD>
    <NORD>52,990000</NORD>
    <SARD>52,990000</SARD>
    <SICI>77,690000</SICI>
    <SUD>52,990000</SUD>
    <AUST>52,990000</AUST>
    <BRNN>52,990000</BRNN>
    <COAC>52,990000</COAC>
    <CORS>52,990000</CORS>
    <FOGN>52,990000</FOGN>
    <FRAN>52,990000</FRAN>
    <GREC>52,990000</GREC>
    <MFTV>52,990000</MFTV>
    <PRGP>77,690000</PRGP>
    <ROSN>52,990000</ROSN>
    <SLOV>52,990000</SLOV>
    <SVIZ>52,990000</SVIZ>
    <BSP>52,990000</BSP>
    <MALT>77,690000</MALT>
    <XAUS>52,990000</XAUS>
    <XFRA>52,990000</XFRA>
  </Prezzi>
  <Prezzi>
    <Data>20170203</Data>
    <Mercato>MGP</Mercato>
    <Ora>24</Ora>
    <PUN>51,377770</PUN>
    <NAT>51,000000</NAT>
    <CNOR>50,700000</CNOR>
    <CSUD>50,700000</CSUD>
    <NORD>50,700000</NORD>
    <SARD>50,700000</SARD>
    <SICI>61,580000</SICI>
    <SUD>50,700000</SUD>
    <AUST>50,700000</AUST>
    <BRNN>50,700000</BRNN>
    <COAC>50,700000</COAC>
    <CORS>50,700000</CORS>
    <FOGN>50,700000</FOGN>
    <FRAN>50,700000</FRAN>
    <GREC>50,700000</GREC>
    <MFTV>50,700000</MFTV>
    <PRGP>61,580000</PRGP>
    <ROSN>50,700000</ROSN>
    <SLOV>50,700000</SLOV>
    <SVIZ>50,700000</SVIZ>
    <BSP>50,700000</BSP>
    <MALT>61,580000</MALT>
    <XAUS>50,700000</XAUS>
    <XFRA>50,700000</XFRA>
  </Prezzi>
</NewDataSet>