<?xml version="1.0" standalone="yes"?>
<NewDataSet>
  <xs:schema id="NewDataSet" xmlns="" xmlns:xs="http://www.w3.org/2001/XMLSchema" xmlns:msdata="urn:schemas-microsoft-com:xml-msdata">
    <xs:element name="NewDataSet" msdata:IsDataSet="true" msdata:UseCurrentLocale="true">
      <xs:complexType>
        <xs:choice minOccurs="0" maxOccurs="unbounded">
          <xs:element name="Prezzi">
            <xs:complexType>
              <xs:sequence>
                <xs:element name="Data" type="xs:string" minOccurs="0" />
                <xs:element name="Mercato" type="xs:string" minOccurs="0" />
                <xs:element name="Ora" type="xs:string" minOccurs="0" />
                <xs:element name="PUN" type="xs:string" minOccurs="0" />
                <xs:element name="NAT" type="xs:string" minOccurs="0" />
                <xs:element name="CNOR" type="xs:string" minOccurs="0" />
                <xs:element name="CSUD" type="xs:string" minOccurs="0" />
                <xs:element name="NORD" type="xs:string" minOccurs="0" />
                <xs:element name="SARD" type="xs:string" minOccurs="0" />
                <xs:element name="SICI" type="xs:string" minOccurs="0" />
                <xs:element name="SUD" type="xs:string" minOccurs="0" />
                <xs:element name="AUST" type="xs:string" minOccurs="0" />
                <xs:element name="BRNN" type="xs:string" minOccurs="0" />
                <xs:element name="COAC" type="xs:string" minOccurs="0" />
                <xs:element name="CORS" type="xs:string" minOccurs="0" />
                <xs:element name="FOGN" type="xs:string" minOccurs="0" />
                <xs:element name="FRAN" type="xs:string" minOccurs="0" />
                <xs:element name="GREC" type="xs:string" minOccurs="0" />
                <xs:element name="MFTV" type="xs:string" minOccurs="0" />
                <xs:element name="PRGP" type="xs:string" minOccurs="0" />
                <xs:element name="ROSN" type="xs:string" minOccurs="0" />
                <xs:element name="SLOV" type="xs:string" minOccurs="0" />
                <xs:element name="SVIZ" type="xs:string" minOccurs="0" />
                <xs:element name="BSP" type="xs:string" minOccurs="0" />
                <xs:element name="MALT" type="xs:string" minOccurs="0" />
                <xs:element name="XAUS" type="xs:string" minOccurs="0" />
                <xs:element name="XFRA" type="xs:string" minOccurs="0" />
              </xs:sequence>
            </xs:complexType>
          </xs:element>
        </xs:choice>
      </xs:complexType>
    </xs:element>
  </xs:schema>
  <Prezzi>
    <Data>20170214</Data>
    <Mercato>MGP</Mercato>
    <Ora>1</Ora>
    <PUN>47,630000</PUN>
    <NAT>44,600000</NAT>
    <CNOR>47,630000</CNOR>
    <CSUD>47,630000</CSUD>
    <NORD>47,630000</NORD>
    <SARD>47,630000</SARD>
    <SICI>47,630000</SICI>
    <SUD>47,630000</SUD>
    <AUST>47,630000</AUST>
    <BRNN>47,630000</BRNN>
    <COAC>47,630000</COAC>
    <CORS>47,630000</CORS>
    <FOGN>47,630000</FOGN>
    <FRAN>47,630000</FRAN>
    <GREC>47,630000</GREC>
    <MFTV>47,630000</MFTV>
    <PRGP>47,630000</PRGP>
    <ROSN>47,630000</ROSN>
    <SLOV>47,630000</SLOV>
    <SVIZ>47,630000</SVIZ>
    <BSP>47,630000</BSP>
    <MALT>47,630000</MALT>
    <XAUS>47,630000</XAUS>
    <XFRA>47,630000</XFRA>
  </Prezzi>
  <Prezzi>
    <Data>20170214</Data>
    <Mercato>MGP</Mercato>
    <Ora>2</Ora>
    <PUN>42,110000</PUN>
    <NAT>42,100000</NAT>
    <CNOR>42,110000</CNOR>
    <CSUD>42,110000</CSUD>
    <NORD>42,110000</NORD>
    <SARD>42,110000</SARD>
    <SICI>42,110000</SICI>
    <SUD>42,110000</SUD>
    <AUST>42,110000</AUST>
    <BRNN>42,110000</BRNN>
    <COAC>42,110000</COAC>
    <CORS>42,110000</CORS>
    <FOGN>42,110000</FOGN>
    <FRAN>42,110000</FRAN>
    <GREC>42,110000</GREC>
    <MFTV>42,110000</MFTV>
    <PRGP>42,110000</PRGP>
    <ROSN>42,110000</ROSN>
    <SLOV>42,110000</SLOV>
    <SVIZ>42,110000</SVIZ>
    <BSP>42,110000</BSP>
    <MALT>42,110000</MALT>
    <XAUS>42,110000</XAUS>
    <XFRA>42,110000</XFRA>
  </Prezzi>
  <Prezzi>
    <Data>20170214</Data>
    <Mercato>MGP</Mercato>
    <Ora>3</Ora>
    <PUN>40,520000</PUN>
    <NAT>39,270000</NAT>
    <CNOR>40,520000</CNOR>
    <CSUD>40,520000</CSUD>
    <NORD>40,520000</NORD>
    <SARD>40,520000</SARD>
    <SICI>40,520000</SICI>
    <SUD>40,520000</SUD>
    <AUST>40,520000</AUST>
    <BRNN>40,520000</BRNN>
    <COAC>40,520000</COAC>
    <CORS>40,520000</CORS>
    <FOGN>40,520000</FOGN>
    <FRAN>40,520000</FRAN>
    <GREC>40,520000</GREC>
    <MFTV>40,520000</MFTV>
    <PRGP>40,520000</PRGP>
    <ROSN>40,520000</ROSN>
    <SLOV>40,520000</SLOV>
    <SVIZ>40,520000</SVIZ>
    <BSP>40,520000</BSP>
    <MALT>40,520000</MALT>
    <XAUS>40,520000</XAUS>
    <XFRA>40,520000</XFRA>
  </Prezzi>
  <Prezzi>
    <Data>20170214</Data>
    <Mercato>MGP</Mercato>
    <Ora>4</Ora>
    <PUN>39,250000</PUN>
    <NAT>39,250000</NAT>
    <CNOR>39,250000</CNOR>
    <CSUD>39,250000</CSUD>
    <NORD>39,250000</NORD>
    <SARD>39,250000</SARD>
    <SICI>39,250000</SICI>
    <SUD>39,250000</SUD>
    <AUST>39,250000</AUST>
    <BRNN>39,250000</BRNN>
    <COAC>39,250000</COAC>
    <CORS>39,250000</CORS>
    <FOGN>39,250000</FOGN>
    <FRAN>39,250000</FRAN>
    <GREC>39,250000</GREC>
    <MFTV>39,250000</MFTV>
    <PRGP>39,250000</PRGP>
    <ROSN>39,250000</ROSN>
    <SLOV>39,250000</SLOV>
    <SVIZ>39,250000</SVIZ>
    <BSP>39,250000</BSP>
    <MALT>39,250000</MALT>
    <XAUS>39,250000</XAUS>
    <XFRA>39,250000</XFRA>
  </Prezzi>
  <Prezzi>
    <Data>20170214</Data>
    <Mercato>MGP</Mercato>
    <Ora>5</Ora>
    <PUN>39,310000</PUN>
    <NAT>39,310000</NAT>
    <CNOR>39,310000</CNOR>
    <CSUD>39,310000</CSUD>
    <NORD>39,310000</NORD>
    <SARD>39,310000</SARD>
    <SICI>39,310000</SICI>
    <SUD>39,310000</SUD>
    <AUST>39,310000</AUST>
    <BRNN>39,310000</BRNN>
    <COAC>39,310000</COAC>
    <CORS>39,310000</CORS>
    <FOGN>39,310000</FOGN>
    <FRAN>39,310000</FRAN>
    <GREC>39,310000</GREC>
    <MFTV>39,310000</MFTV>
    <PRGP>39,310000</PRGP>
    <ROSN>39,310000</ROSN>
    <SLOV>39,310000</SLOV>
    <SVIZ>39,310000</SVIZ>
    <BSP>39,310000</BSP>
    <MALT>39,310000</MALT>
    <XAUS>39,310000</XAUS>
    <XFRA>39,310000</XFRA>
  </Prezzi>
  <Prezzi>
    <Data>20170214</Data>
    <Mercato>MGP</Mercato>
    <Ora>6</Ora>
    <PUN>41,630000</PUN>
    <NAT>41,010000</NAT>
    <CNOR>41,630000</CNOR>
    <CSUD>41,630000</CSUD>
    <NORD>41,630000</NORD>
    <SARD>41,630000</SARD>
    <SICI>41,630000</SICI>
    <SUD>41,630000</SUD>
    <AUST>41,630000</AUST>
    <BRNN>41,630000</BRNN>
    <COAC>41,630000</COAC>
    <CORS>41,630000</CORS>
    <FOGN>41,630000</FOGN>
    <FRAN>41,630000</FRAN>
    <GREC>41,630000</GREC>
    <MFTV>41,630000</MFTV>
    <PRGP>41,630000</PRGP>
    <ROSN>41,630000</ROSN>
    <SLOV>41,630000</SLOV>
    <SVIZ>41,630000</SVIZ>
    <BSP>41,630000</BSP>
    <MALT>41,630000</MALT>
    <XAUS>41,630000</XAUS>
    <XFRA>41,630000</XFRA>
  </Prezzi>
  <Prezzi>
    <Data>20170214</Data>
    <Mercato>MGP</Mercato>
    <Ora>7</Ora>
    <PUN>50,970070</PUN>
    <NAT>51,000000</NAT>
    <CNOR>49,920000</CNOR>
    <CSUD>49,920000</CSUD>
    <NORD>51,670000</NORD>
    <SARD>49,920000</SARD>
    <SICI>49,920000</SICI>
    <SUD>49,920000</SUD>
    <AUST>51,670000</AUST>
    <BRNN>49,920000</BRNN>
    <COAC>49,920000</COAC>
    <CORS>49,920000</CORS>
    <FOGN>49,920000</FOGN>
    <FRAN>51,670000</FRAN>
    <GREC>49,920000</GREC>
    <MFTV>51,670000</MFTV>
    <PRGP>49,920000</PRGP>
    <ROSN>49,920000</ROSN>
    <SLOV>51,670000</SLOV>
    <SVIZ>51,670000</SVIZ>
    <BSP>51,670000</BSP>
    <MALT>49,920000</MALT>
    <XAUS>51,670000</XAUS>
    <XFRA>51,670000</XFRA>
  </Prezzi>
  <Prezzi>
    <Data>20170214</Data>
    <Mercato>MGP</Mercato>
    <Ora>8</Ora>
    <PUN>59,182170</PUN>
    <NAT>59,830000</NAT>
    <CNOR>52,000000</CNOR>
    <CSUD>52,000000</CSUD>
    <NORD>63,912550</NORD>
    <SARD>52,000000</SARD>
    <SICI>52,000000</SICI>
    <SUD>52,000000</SUD>
    <AUST>63,912550</AUST>
    <BRNN>52,000000</BRNN>
    <COAC>52,000000</COAC>
    <CORS>52,000000</CORS>
    <FOGN>52,000000</FOGN>
    <FRAN>63,912550</FRAN>
    <GREC>52,000000</GREC>
    <MFTV>63,912550</MFTV>
    <PRGP>52,000000</PRGP>
    <ROSN>52,000000</ROSN>
    <SLOV>63,912550</SLOV>
    <SVIZ>63,912550</SVIZ>
    <BSP>63,912550</BSP>
    <MALT>52,000000</MALT>
    <XAUS>63,912550</XAUS>
    <XFRA>63,912550</XFRA>
  </Prezzi>
  <Prezzi>
    <Data>20170214</Data>
    <Mercato>MGP</Mercato>
    <Ora>9</Ora>
    <PUN>62,190500</PUN>
    <NAT>62,500000</NAT>
    <CNOR>52,000000</CNOR>
    <CSUD>52,000000</CSUD>
    <NORD>68,000000</NORD>
    <SARD>52,000000</SARD>
    <SICI>61,870000</SICI>
    <SUD>52,000000</SUD>
    <AUST>68,000000</AUST>
    <BRNN>52,000000</BRNN>
    <COAC>52,000000</COAC>
    <CORS>52,000000</CORS>
    <FOGN>52,000000</FOGN>
    <FRAN>68,000000</FRAN>
    <GREC>52,000000</GREC>
    <MFTV>68,000000</MFTV>
    <PRGP>61,870000</PRGP>
    <ROSN>52,000000</ROSN>
    <SLOV>68,000000</SLOV>
    <SVIZ>68,000000</SVIZ>
    <BSP>68,000000</BSP>
    <MALT>61,870000</MALT>
    <XAUS>68,000000</XAUS>
    <XFRA>68,000000</XFRA>
  </Prezzi>
  <Prezzi>
    <Data>20170214</Data>
    <Mercato>MGP</Mercato>
    <Ora>10</Ora>
    <PUN>60,447320</PUN>
    <NAT>60,250000</NAT>
    <CNOR>51,910000</CNOR>
    <CSUD>51,000000</CSUD>
    <NORD>65,426300</NORD>
    <SARD>51,000000</SARD>
    <SICI>61,690000</SICI>
    <SUD>51,000000</SUD>
    <AUST>65,426300</AUST>
    <BRNN>51,000000</BRNN>
    <COAC>51,000000</COAC>
    <CORS>51,910000</CORS>
    <FOGN>51,000000</FOGN>
    <FRAN>65,426300</FRAN>
    <GREC>51,000000</GREC>
    <MFTV>65,426300</MFTV>
    <PRGP>61,690000</PRGP>
    <ROSN>51,000000</ROSN>
    <SLOV>65,426300</SLOV>
    <SVIZ>65,426300</SVIZ>
    <BSP>65,426300</BSP>
    <MALT>61,690000</MALT>
    <XAUS>65,426300</XAUS>
    <XFRA>65,426300</XFRA>
  </Prezzi>
  <Prezzi>
    <Data>20170214</Data>
    <Mercato>MGP</Mercato>
    <Ora>11</Ora>
    <PUN>58,241530</PUN>
    <NAT>53,640000</NAT>
    <CNOR>48,990000</CNOR>
    <CSUD>47,930000</CSUD>
    <NORD>64,672570</NORD>
    <SARD>47,930000</SARD>
    <SICI>47,930000</SICI>
    <SUD>47,930000</SUD>
    <AUST>64,672570</AUST>
    <BRNN>47,930000</BRNN>
    <COAC>47,930000</COAC>
    <CORS>48,990000</CORS>
    <FOGN>47,930000</FOGN>
    <FRAN>64,672570</FRAN>
    <GREC>47,930000</GREC>
    <MFTV>64,672570</MFTV>
    <PRGP>47,930000</PRGP>
    <ROSN>47,930000</ROSN>
    <SLOV>64,672570</SLOV>
    <SVIZ>64,672570</SVIZ>
    <BSP>64,672570</BSP>
    <MALT>47,930000</MALT>
    <XAUS>64,672570</XAUS>
    <XFRA>64,672570</XFRA>
  </Prezzi>
  <Prezzi>
    <Data>20170214</Data>
    <Mercato>MGP</Mercato>
    <Ora>12</Ora>
    <PUN>56,081150</PUN>
    <NAT>53,000000</NAT>
    <CNOR>48,990000</CNOR>
    <CSUD>45,000000</CSUD>
    <NORD>62,500000</NORD>
    <SARD>45,000000</SARD>
    <SICI>45,000000</SICI>
    <SUD>45,000000</SUD>
    <AUST>62,500000</AUST>
    <BRNN>45,000000</BRNN>
    <COAC>45,000000</COAC>
    <CORS>48,990000</CORS>
    <FOGN>45,000000</FOGN>
    <FRAN>62,500000</FRAN>
    <GREC>45,000000</GREC>
    <MFTV>62,500000</MFTV>
    <PRGP>45,000000</PRGP>
    <ROSN>45,000000</ROSN>
    <SLOV>62,500000</SLOV>
    <SVIZ>62,500000</SVIZ>
    <BSP>62,500000</BSP>
    <MALT>45,000000</MALT>
    <XAUS>62,500000</XAUS>
    <XFRA>62,500000</XFRA>
  </Prezzi>
  <Prezzi>
    <Data>20170214</Data>
    <Mercato>MGP</Mercato>
    <Ora>13</Ora>
    <PUN>53,919680</PUN>
    <NAT>52,000000</NAT>
    <CNOR>44,040000</CNOR>
    <CSUD>44,040000</CSUD>
    <NORD>60,510000</NORD>
    <SARD>44,040000</SARD>
    <SICI>44,090000</SICI>
    <SUD>44,040000</SUD>
    <AUST>60,510000</AUST>
    <BRNN>44,040000</BRNN>
    <COAC>44,040000</COAC>
    <CORS>44,040000</CORS>
    <FOGN>44,040000</FOGN>
    <FRAN>60,510000</FRAN>
    <GREC>44,040000</GREC>
    <MFTV>60,510000</MFTV>
    <PRGP>44,090000</PRGP>
    <ROSN>44,040000</ROSN>
    <SLOV>60,510000</SLOV>
    <SVIZ>60,510000</SVIZ>
    <BSP>60,510000</BSP>
    <MALT>44,090000</MALT>
    <XAUS>60,510000</XAUS>
    <XFRA>60,510000</XFRA>
  </Prezzi>
  <Prezzi>
    <Data>20170214</Data>
    <Mercato>MGP</Mercato>
    <Ora>14</Ora>
    <PUN>51,803890</PUN>
    <NAT>50,450000</NAT>
    <CNOR>43,110000</CNOR>
    <CSUD>43,110000</CSUD>
    <NORD>57,280000</NORD>
    <SARD>43,110000</SARD>
    <SICI>44,010000</SICI>
    <SUD>43,110000</SUD>
    <AUST>57,280000</AUST>
    <BRNN>43,110000</BRNN>
    <COAC>43,110000</COAC>
    <CORS>43,110000</CORS>
    <FOGN>43,110000</FOGN>
    <FRAN>57,280000</FRAN>
    <GREC>43,110000</GREC>
    <MFTV>57,280000</MFTV>
    <PRGP>44,010000</PRGP>
    <ROSN>43,110000</ROSN>
    <SLOV>57,280000</SLOV>
    <SVIZ>57,280000</SVIZ>
    <BSP>57,280000</BSP>
    <MALT>44,010000</MALT>
    <XAUS>57,280000</XAUS>
    <XFRA>57,280000</XFRA>
  </Prezzi>
  <Prezzi>
    <Data>20170214</Data>
    <Mercato>MGP</Mercato>
    <Ora>15</Ora>
    <PUN>55,755060</PUN>
    <NAT>52,410000</NAT>
    <CNOR>48,990000</CNOR>
    <CSUD>46,500000</CSUD>
    <NORD>61,100000</NORD>
    <SARD>46,500000</SARD>
    <SICI>46,500000</SICI>
    <SUD>46,500000</SUD>
    <AUST>61,100000</AUST>
    <BRNN>46,500000</BRNN>
    <COAC>46,500000</COAC>
    <CORS>48,990000</CORS>
    <FOGN>46,500000</FOGN>
    <FRAN>61,100000</FRAN>
    <GREC>46,500000</GREC>
    <MFTV>61,100000</MFTV>
    <PRGP>46,500000</PRGP>
    <ROSN>46,500000</ROSN>
    <SLOV>61,100000</SLOV>
    <SVIZ>61,100000</SVIZ>
    <BSP>61,100000</BSP>
    <MALT>46,500000</MALT>
    <XAUS>61,100000</XAUS>
    <XFRA>61,100000</XFRA>
  </Prezzi>
  <Prezzi>
    <Data>20170214</Data>
    <Mercato>MGP</Mercato>
    <Ora>16</Ora>
    <PUN>56,426300</PUN>
    <NAT>53,230000</NAT>
    <CNOR>49,910000</CNOR>
    <CSUD>47,710000</CSUD>
    <NORD>60,550000</NORD>
    <SARD>47,710000</SARD>
    <SICI>60,390000</SICI>
    <SUD>47,710000</SUD>
    <AUST>60,550000</AUST>
    <BRNN>47,710000</BRNN>
    <COAC>47,710000</COAC>
    <CORS>49,910000</CORS>
    <FOGN>47,710000</FOGN>
    <FRAN>60,550000</FRAN>
    <GREC>47,710000</GREC>
    <MFTV>60,550000</MFTV>
    <PRGP>60,390000</PRGP>
    <ROSN>47,710000</ROSN>
    <SLOV>60,550000</SLOV>
    <SVIZ>60,550000</SVIZ>
    <BSP>60,550000</BSP>
    <MALT>60,390000</MALT>
    <XAUS>60,550000</XAUS>
    <XFRA>60,550000</XFRA>
  </Prezzi>
  <Prezzi>
    <Data>20170214</Data>
    <Mercato>MGP</Mercato>
    <Ora>17</Ora>
    <PUN>60,041940</PUN>
    <NAT>58,910000</NAT>
    <CNOR>63,700000</CNOR>
    <CSUD>51,000000</CSUD>
    <NORD>63,700000</NORD>
    <SARD>51,000000</SARD>
    <SICI>51,000000</SICI>
    <SUD>51,000000</SUD>
    <AUST>63,700000</AUST>
    <BRNN>51,000000</BRNN>
    <COAC>51,000000</COAC>
    <CORS>63,700000</CORS>
    <FOGN>51,000000</FOGN>
    <FRAN>63,700000</FRAN>
    <GREC>51,000000</GREC>
    <MFTV>63,700000</MFTV>
    <PRGP>51,000000</PRGP>
    <ROSN>51,000000</ROSN>
    <SLOV>63,700000</SLOV>
    <SVIZ>63,700000</SVIZ>
    <BSP>63,700000</BSP>
    <MALT>51,000000</MALT>
    <XAUS>63,700000</XAUS>
    <XFRA>63,700000</XFRA>
  </Prezzi>
  <Prezzi>
    <Data>20170214</Data>
    <Mercato>MGP</Mercato>
    <Ora>18</Ora>
    <PUN>62,694230</PUN>
    <NAT>63,200000</NAT>
    <CNOR>63,530000</CNOR>
    <CSUD>60,000000</CSUD>
    <NORD>63,530000</NORD>
    <SARD>60,000000</SARD>
    <SICI>64,380000</SICI>
    <SUD>60,000000</SUD>
    <AUST>63,530000</AUST>
    <BRNN>60,000000</BRNN>
    <COAC>60,000000</COAC>
    <CORS>63,530000</CORS>
    <FOGN>60,000000</FOGN>
    <FRAN>63,530000</FRAN>
    <GREC>60,000000</GREC>
    <MFTV>63,530000</MFTV>
    <PRGP>64,380000</PRGP>
    <ROSN>60,000000</ROSN>
    <SLOV>63,530000</SLOV>
    <SVIZ>63,530000</SVIZ>
    <BSP>63,530000</BSP>
    <MALT>64,380000</MALT>
    <XAUS>63,530000</XAUS>
    <XFRA>63,530000</XFRA>
  </Prezzi>
  <Prezzi>
    <Data>20170214</Data>
    <Mercato>MGP</Mercato>
    <Ora>19</Ora>
    <PUN>67,984660</PUN>
    <NAT>66,470000</NAT>
    <CNOR>66,470000</CNOR>
    <CSUD>66,470000</CSUD>
    <NORD>66,470000</NORD>
    <SARD>66,470000</SARD>
    <SICI>91,540000</SICI>
    <SUD>66,470000</SUD>
    <AUST>66,470000</AUST>
    <BRNN>66,470000</BRNN>
    <COAC>66,470000</COAC>
    <CORS>66,470000</CORS>
    <FOGN>66,470000</FOGN>
    <FRAN>66,470000</FRAN>
    <GREC>66,470000</GREC>
    <MFTV>66,470000</MFTV>
    <PRGP>91,540000</PRGP>
    <ROSN>66,470000</ROSN>
    <SLOV>66,470000</SLOV>
    <SVIZ>66,470000</SVIZ>
    <BSP>66,470000</BSP>
    <MALT>91,540000</MALT>
    <XAUS>66,470000</XAUS>
    <XFRA>66,470000</XFRA>
  </Prezzi>
  <Prezzi>
    <Data>20170214</Data>
    <Mercato>MGP</Mercato>
    <Ora>20</Ora>
    <PUN>69,377640</PUN>
    <NAT>69,960000</NAT>
    <CNOR>67,890000</CNOR>
    <CSUD>67,890000</CSUD>
    <NORD>67,890000</NORD>
    <SARD>67,890000</SARD>
    <SICI>91,540000</SICI>
    <SUD>67,890000</SUD>
    <AUST>67,890000</AUST>
    <BRNN>67,890000</BRNN>
    <COAC>67,890000</COAC>
    <CORS>67,890000</CORS>
    <FOGN>67,890000</FOGN>
    <FRAN>67,890000</FRAN>
    <GREC>67,890000</GREC>
    <MFTV>67,890000</MFTV>
    <PRGP>91,540000</PRGP>
    <ROSN>67,890000</ROSN>
    <SLOV>67,890000</SLOV>
    <SVIZ>67,890000</SVIZ>
    <BSP>67,890000</BSP>
    <MALT>91,540000</MALT>
    <XAUS>67,890000</XAUS>
    <XFRA>67,890000</XFRA>
  </Prezzi>
  <Prezzi>
    <Data>20170214</Data>
    <Mercato>MGP</Mercato>
    <Ora>21</Ora>
    <PUN>62,968540</PUN>
    <NAT>61,870000</NAT>
    <CNOR>61,000000</CNOR>
    <CSUD>61,000000</CSUD>
    <NORD>61,000000</NORD>
    <SARD>61,000000</SARD>
    <SICI>91,540000</SICI>
    <SUD>61,000000</SUD>
    <AUST>61,000000</AUST>
    <BRNN>61,000000</BRNN>
    <COAC>61,000000</COAC>
    <CORS>61,000000</CORS>
    <FOGN>61,000000</FOGN>
    <FRAN>61,000000</FRAN>
    <GREC>61,000000</GREC>
    <MFTV>61,000000</MFTV>
    <PRGP>91,540000</PRGP>
    <ROSN>61,000000</ROSN>
    <SLOV>61,000000</SLOV>
    <SVIZ>61,000000</SVIZ>
    <BSP>61,000000</BSP>
    <MALT>91,540000</MALT>
    <XAUS>61,000000</XAUS>
    <XFRA>61,000000</XFRA>
  </Prezzi>
  <Prezzi>
    <Data>20170214</Data>
    <Mercato>MGP</Mercato>
    <Ora>22</Ora>
    <PUN>54,356220</PUN>
    <NAT>53,990000</NAT>
    <CNOR>53,000000</CNOR>
    <CSUD>53,000000</CSUD>
    <NORD>54,130000</NORD>
    <SARD>53,000000</SARD>
    <SICI>64,290000</SICI>
    <SUD>53,000000</SUD>
    <AUST>54,130000</AUST>
    <BRNN>53,000000</BRNN>
    <COAC>53,000000</COAC>
    <CORS>53,000000</CORS>
    <FOGN>53,000000</FOGN>
    <FRAN>54,130000</FRAN>
    <GREC>53,000000</GREC>
    <MFTV>54,130000</MFTV>
    <PRGP>64,290000</PRGP>
    <ROSN>53,000000</ROSN>
    <SLOV>54,130000</SLOV>
    <SVIZ>54,130000</SVIZ>
    <BSP>54,130000</BSP>
    <MALT>64,290000</MALT>
    <XAUS>54,130000</XAUS>
    <XFRA>54,130000</XFRA>
  </Prezzi>
  <Prezzi>
    <Data>20170214</Data>
    <Mercato>MGP</Mercato>
    <Ora>23</Ora>
    <PUN>52,407270</PUN>
    <NAT>51,760000</NAT>
    <CNOR>51,760000</CNOR>
    <CSUD>51,760000</CSUD>
    <NORD>51,760000</NORD>
    <SARD>51,760000</SARD>
    <SICI>61,690000</SICI>
    <SUD>51,760000</SUD>
    <AUST>51,760000</AUST>
    <BRNN>51,760000</BRNN>
    <COAC>51,760000</COAC>
    <CORS>51,760000</CORS>
    <FOGN>51,760000</FOGN>
    <FRAN>51,760000</FRAN>
    <GREC>51,760000</GREC>
    <MFTV>51,760000</MFTV>
    <PRGP>61,690000</PRGP>
    <ROSN>51,760000</ROSN>
    <SLOV>51,760000</SLOV>
    <SVIZ>51,760000</SVIZ>
    <BSP>51,760000</BSP>
    <MALT>61,690000</MALT>
    <XAUS>51,760000</XAUS>
    <XFRA>51,760000</XFRA>
  </Prezzi>
  <Prezzi>
    <Data>20170214</Data>
    <Mercato>MGP</Mercato>
    <Ora>24</Ora>
    <PUN>49,575870</PUN>
    <NAT>49,600000</NAT>
    <CNOR>49,575870</CNOR>
    <CSUD>49,575870</CSUD>
    <NORD>49,575870</NORD>
    <SARD>49,575870</SARD>
    <SICI>49,575870</SICI>
    <SUD>49,575870</SUD>
    <AUST>49,575870</AUST>
    <BRNN>49,575870</BRNN>
    <COAC>49,575870</COAC>
    <CORS>49,575870</CORS>
    <FOGN>49,575870</FOGN>
    <FRAN>49,575870</FRAN>
    <GREC>49,575870</GREC>
    <MFTV>49,575870</MFTV>
    <PRGP>49,575870</PRGP>
    <ROSN>49,575870</ROSN>
    <SLOV>49,575870</SLOV>
    <SVIZ>49,575870</SVIZ>
    <BSP>49,575870</BSP>
    <MALT>49,575870</MALT>
    <XAUS>49,575870</XAUS>
    <XFRA>49,575870</XFRA>
  </Prezzi>
</NewDataSet>