<?xml version="1.0" standalone="yes"?>
<NewDataSet>
  <xs:schema id="NewDataSet" xmlns="" xmlns:xs="http://www.w3.org/2001/XMLSchema" xmlns:msdata="urn:schemas-microsoft-com:xml-msdata">
    <xs:element name="NewDataSet" msdata:IsDataSet="true" msdata:UseCurrentLocale="true">
      <xs:complexType>
        <xs:choice minOccurs="0" maxOccurs="unbounded">
          <xs:element name="Prezzi">
            <xs:complexType>
              <xs:sequence>
                <xs:element name="Data" type="xs:string" minOccurs="0" />
                <xs:element name="Mercato" type="xs:string" minOccurs="0" />
                <xs:element name="Ora" type="xs:string" minOccurs="0" />
                <xs:element name="PUN" type="xs:string" minOccurs="0" />
                <xs:element name="NAT" type="xs:string" minOccurs="0" />
                <xs:element name="CNOR" type="xs:string" minOccurs="0" />
                <xs:element name="CSUD" type="xs:string" minOccurs="0" />
                <xs:element name="NORD" type="xs:string" minOccurs="0" />
                <xs:element name="SARD" type="xs:string" minOccurs="0" />
                <xs:element name="SICI" type="xs:string" minOccurs="0" />
                <xs:element name="SUD" type="xs:string" minOccurs="0" />
                <xs:element name="AUST" type="xs:string" minOccurs="0" />
                <xs:element name="BRNN" type="xs:string" minOccurs="0" />
                <xs:element name="COAC" type="xs:string" minOccurs="0" />
                <xs:element name="CORS" type="xs:string" minOccurs="0" />
                <xs:element name="FOGN" type="xs:string" minOccurs="0" />
                <xs:element name="FRAN" type="xs:string" minOccurs="0" />
                <xs:element name="GREC" type="xs:string" minOccurs="0" />
                <xs:element name="MFTV" type="xs:string" minOccurs="0" />
                <xs:element name="PRGP" type="xs:string" minOccurs="0" />
                <xs:element name="ROSN" type="xs:string" minOccurs="0" />
                <xs:element name="SLOV" type="xs:string" minOccurs="0" />
                <xs:element name="SVIZ" type="xs:string" minOccurs="0" />
                <xs:element name="BSP" type="xs:string" minOccurs="0" />
                <xs:element name="MALT" type="xs:string" minOccurs="0" />
                <xs:element name="XAUS" type="xs:string" minOccurs="0" />
                <xs:element name="XFRA" type="xs:string" minOccurs="0" />
              </xs:sequence>
            </xs:complexType>
          </xs:element>
        </xs:choice>
      </xs:complexType>
    </xs:element>
  </xs:schema>
  <Prezzi>
    <Data>20170205</Data>
    <Mercato>MGP</Mercato>
    <Ora>1</Ora>
    <PUN>49,140000</PUN>
    <NAT>49,140000</NAT>
    <CNOR>49,140000</CNOR>
    <CSUD>49,140000</CSUD>
    <NORD>49,140000</NORD>
    <SARD>49,140000</SARD>
    <SICI>49,140000</SICI>
    <SUD>49,140000</SUD>
    <AUST>49,140000</AUST>
    <BRNN>49,140000</BRNN>
    <COAC>49,140000</COAC>
    <CORS>49,140000</CORS>
    <FOGN>49,140000</FOGN>
    <FRAN>49,140000</FRAN>
    <GREC>49,140000</GREC>
    <MFTV>49,140000</MFTV>
    <PRGP>49,140000</PRGP>
    <ROSN>49,140000</ROSN>
    <SLOV>49,140000</SLOV>
    <SVIZ>49,140000</SVIZ>
    <BSP>49,140000</BSP>
    <MALT>49,140000</MALT>
    <XAUS>49,140000</XAUS>
    <XFRA>49,140000</XFRA>
  </Prezzi>
  <Prezzi>
    <Data>20170205</Data>
    <Mercato>MGP</Mercato>
    <Ora>2</Ora>
    <PUN>44,860000</PUN>
    <NAT>44,860000</NAT>
    <CNOR>44,860000</CNOR>
    <CSUD>44,860000</CSUD>
    <NORD>44,860000</NORD>
    <SARD>44,860000</SARD>
    <SICI>44,860000</SICI>
    <SUD>44,860000</SUD>
    <AUST>44,860000</AUST>
    <BRNN>44,860000</BRNN>
    <COAC>44,860000</COAC>
    <CORS>44,860000</CORS>
    <FOGN>44,860000</FOGN>
    <FRAN>44,860000</FRAN>
    <GREC>44,860000</GREC>
    <MFTV>44,860000</MFTV>
    <PRGP>44,860000</PRGP>
    <ROSN>44,860000</ROSN>
    <SLOV>44,860000</SLOV>
    <SVIZ>44,860000</SVIZ>
    <BSP>44,860000</BSP>
    <MALT>44,860000</MALT>
    <XAUS>44,860000</XAUS>
    <XFRA>44,860000</XFRA>
  </Prezzi>
  <Prezzi>
    <Data>20170205</Data>
    <Mercato>MGP</Mercato>
    <Ora>3</Ora>
    <PUN>37,920000</PUN>
    <NAT>37,920000</NAT>
    <CNOR>37,920000</CNOR>
    <CSUD>37,920000</CSUD>
    <NORD>37,920000</NORD>
    <SARD>37,920000</SARD>
    <SICI>37,920000</SICI>
    <SUD>37,920000</SUD>
    <AUST>37,920000</AUST>
    <BRNN>37,920000</BRNN>
    <COAC>37,920000</COAC>
    <CORS>37,920000</CORS>
    <FOGN>37,920000</FOGN>
    <FRAN>37,920000</FRAN>
    <GREC>37,920000</GREC>
    <MFTV>37,920000</MFTV>
    <PRGP>37,920000</PRGP>
    <ROSN>37,920000</ROSN>
    <SLOV>37,920000</SLOV>
    <SVIZ>37,920000</SVIZ>
    <BSP>37,920000</BSP>
    <MALT>37,920000</MALT>
    <XAUS>37,920000</XAUS>
    <XFRA>37,920000</XFRA>
  </Prezzi>
  <Prezzi>
    <Data>20170205</Data>
    <Mercato>MGP</Mercato>
    <Ora>4</Ora>
    <PUN>36,654040</PUN>
    <NAT>31,300000</NAT>
    <CNOR>36,654040</CNOR>
    <CSUD>36,654040</CSUD>
    <NORD>36,654040</NORD>
    <SARD>36,654040</SARD>
    <SICI>36,654040</SICI>
    <SUD>36,654040</SUD>
    <AUST>36,654040</AUST>
    <BRNN>36,654040</BRNN>
    <COAC>36,654040</COAC>
    <CORS>36,654040</CORS>
    <FOGN>36,654040</FOGN>
    <FRAN>36,654040</FRAN>
    <GREC>36,654040</GREC>
    <MFTV>36,654040</MFTV>
    <PRGP>36,654040</PRGP>
    <ROSN>36,654040</ROSN>
    <SLOV>36,654040</SLOV>
    <SVIZ>36,654040</SVIZ>
    <BSP>36,654040</BSP>
    <MALT>36,654040</MALT>
    <XAUS>36,654040</XAUS>
    <XFRA>36,654040</XFRA>
  </Prezzi>
  <Prezzi>
    <Data>20170205</Data>
    <Mercato>MGP</Mercato>
    <Ora>5</Ora>
    <PUN>36,360000</PUN>
    <NAT>36,360000</NAT>
    <CNOR>36,360000</CNOR>
    <CSUD>36,360000</CSUD>
    <NORD>36,360000</NORD>
    <SARD>36,360000</SARD>
    <SICI>36,360000</SICI>
    <SUD>36,360000</SUD>
    <AUST>36,360000</AUST>
    <BRNN>36,360000</BRNN>
    <COAC>36,360000</COAC>
    <CORS>36,360000</CORS>
    <FOGN>36,360000</FOGN>
    <FRAN>36,360000</FRAN>
    <GREC>36,360000</GREC>
    <MFTV>36,360000</MFTV>
    <PRGP>36,360000</PRGP>
    <ROSN>36,360000</ROSN>
    <SLOV>36,360000</SLOV>
    <SVIZ>36,360000</SVIZ>
    <BSP>36,360000</BSP>
    <MALT>36,360000</MALT>
    <XAUS>36,360000</XAUS>
    <XFRA>36,360000</XFRA>
  </Prezzi>
  <Prezzi>
    <Data>20170205</Data>
    <Mercato>MGP</Mercato>
    <Ora>6</Ora>
    <PUN>37,500000</PUN>
    <NAT>37,500000</NAT>
    <CNOR>37,500000</CNOR>
    <CSUD>37,500000</CSUD>
    <NORD>37,500000</NORD>
    <SARD>37,500000</SARD>
    <SICI>37,500000</SICI>
    <SUD>37,500000</SUD>
    <AUST>37,500000</AUST>
    <BRNN>37,500000</BRNN>
    <COAC>37,500000</COAC>
    <CORS>37,500000</CORS>
    <FOGN>37,500000</FOGN>
    <FRAN>37,500000</FRAN>
    <GREC>37,500000</GREC>
    <MFTV>37,500000</MFTV>
    <PRGP>37,500000</PRGP>
    <ROSN>37,500000</ROSN>
    <SLOV>37,500000</SLOV>
    <SVIZ>37,500000</SVIZ>
    <BSP>37,500000</BSP>
    <MALT>37,500000</MALT>
    <XAUS>37,500000</XAUS>
    <XFRA>37,500000</XFRA>
  </Prezzi>
  <Prezzi>
    <Data>20170205</Data>
    <Mercato>MGP</Mercato>
    <Ora>7</Ora>
    <PUN>43,000000</PUN>
    <NAT>43,000000</NAT>
    <CNOR>43,000000</CNOR>
    <CSUD>43,000000</CSUD>
    <NORD>43,000000</NORD>
    <SARD>43,000000</SARD>
    <SICI>43,000000</SICI>
    <SUD>43,000000</SUD>
    <AUST>43,000000</AUST>
    <BRNN>43,000000</BRNN>
    <COAC>43,000000</COAC>
    <CORS>43,000000</CORS>
    <FOGN>43,000000</FOGN>
    <FRAN>43,000000</FRAN>
    <GREC>43,000000</GREC>
    <MFTV>43,000000</MFTV>
    <PRGP>43,000000</PRGP>
    <ROSN>43,000000</ROSN>
    <SLOV>43,000000</SLOV>
    <SVIZ>43,000000</SVIZ>
    <BSP>43,000000</BSP>
    <MALT>43,000000</MALT>
    <XAUS>43,000000</XAUS>
    <XFRA>43,000000</XFRA>
  </Prezzi>
  <Prezzi>
    <Data>20170205</Data>
    <Mercato>MGP</Mercato>
    <Ora>8</Ora>
    <PUN>47,830000</PUN>
    <NAT>47,830000</NAT>
    <CNOR>47,830000</CNOR>
    <CSUD>47,830000</CSUD>
    <NORD>47,830000</NORD>
    <SARD>47,830000</SARD>
    <SICI>47,830000</SICI>
    <SUD>47,830000</SUD>
    <AUST>47,830000</AUST>
    <BRNN>47,830000</BRNN>
    <COAC>47,830000</COAC>
    <CORS>47,830000</CORS>
    <FOGN>47,830000</FOGN>
    <FRAN>47,830000</FRAN>
    <GREC>47,830000</GREC>
    <MFTV>47,830000</MFTV>
    <PRGP>47,830000</PRGP>
    <ROSN>47,830000</ROSN>
    <SLOV>47,830000</SLOV>
    <SVIZ>47,830000</SVIZ>
    <BSP>47,830000</BSP>
    <MALT>47,830000</MALT>
    <XAUS>47,830000</XAUS>
    <XFRA>47,830000</XFRA>
  </Prezzi>
  <Prezzi>
    <Data>20170205</Data>
    <Mercato>MGP</Mercato>
    <Ora>9</Ora>
    <PUN>47,122310</PUN>
    <NAT>47,320000</NAT>
    <CNOR>48,650000</CNOR>
    <CSUD>48,650000</CSUD>
    <NORD>48,650000</NORD>
    <SARD>48,650000</SARD>
    <SICI>25,170000</SICI>
    <SUD>48,650000</SUD>
    <AUST>48,650000</AUST>
    <BRNN>48,650000</BRNN>
    <COAC>48,650000</COAC>
    <CORS>48,650000</CORS>
    <FOGN>48,650000</FOGN>
    <FRAN>48,650000</FRAN>
    <GREC>48,650000</GREC>
    <MFTV>48,650000</MFTV>
    <PRGP>25,170000</PRGP>
    <ROSN>25,170000</ROSN>
    <SLOV>48,650000</SLOV>
    <SVIZ>48,650000</SVIZ>
    <BSP>48,650000</BSP>
    <MALT>25,170000</MALT>
    <XAUS>48,650000</XAUS>
    <XFRA>48,650000</XFRA>
  </Prezzi>
  <Prezzi>
    <Data>20170205</Data>
    <Mercato>MGP</Mercato>
    <Ora>10</Ora>
    <PUN>49,270410</PUN>
    <NAT>50,000000</NAT>
    <CNOR>51,000000</CNOR>
    <CSUD>51,000000</CSUD>
    <NORD>51,000000</NORD>
    <SARD>51,000000</SARD>
    <SICI>25,170000</SICI>
    <SUD>51,000000</SUD>
    <AUST>51,000000</AUST>
    <BRNN>51,000000</BRNN>
    <COAC>51,000000</COAC>
    <CORS>51,000000</CORS>
    <FOGN>51,000000</FOGN>
    <FRAN>51,000000</FRAN>
    <GREC>51,000000</GREC>
    <MFTV>51,000000</MFTV>
    <PRGP>25,170000</PRGP>
    <ROSN>25,170000</ROSN>
    <SLOV>51,000000</SLOV>
    <SVIZ>51,000000</SVIZ>
    <BSP>51,000000</BSP>
    <MALT>25,170000</MALT>
    <XAUS>51,000000</XAUS>
    <XFRA>51,000000</XFRA>
  </Prezzi>
  <Prezzi>
    <Data>20170205</Data>
    <Mercato>MGP</Mercato>
    <Ora>11</Ora>
    <PUN>52,650820</PUN>
    <NAT>52,000000</NAT>
    <CNOR>54,950000</CNOR>
    <CSUD>54,950000</CSUD>
    <NORD>54,950000</NORD>
    <SARD>54,950000</SARD>
    <SICI>25,170000</SICI>
    <SUD>51,000000</SUD>
    <AUST>54,950000</AUST>
    <BRNN>51,000000</BRNN>
    <COAC>54,950000</COAC>
    <CORS>54,950000</CORS>
    <FOGN>51,000000</FOGN>
    <FRAN>54,950000</FRAN>
    <GREC>51,000000</GREC>
    <MFTV>54,950000</MFTV>
    <PRGP>25,170000</PRGP>
    <ROSN>25,170000</ROSN>
    <SLOV>54,950000</SLOV>
    <SVIZ>54,950000</SVIZ>
    <BSP>54,950000</BSP>
    <MALT>25,170000</MALT>
    <XAUS>54,950000</XAUS>
    <XFRA>54,950000</XFRA>
  </Prezzi>
  <Prezzi>
    <Data>20170205</Data>
    <Mercato>MGP</Mercato>
    <Ora>12</Ora>
    <PUN>53,894960</PUN>
    <NAT>52,000000</NAT>
    <CNOR>56,306620</CNOR>
    <CSUD>56,306620</CSUD>
    <NORD>56,306620</NORD>
    <SARD>56,306620</SARD>
    <SICI>25,150000</SICI>
    <SUD>51,000000</SUD>
    <AUST>56,306620</AUST>
    <BRNN>51,000000</BRNN>
    <COAC>56,306620</COAC>
    <CORS>56,306620</CORS>
    <FOGN>51,000000</FOGN>
    <FRAN>56,306620</FRAN>
    <GREC>51,000000</GREC>
    <MFTV>56,306620</MFTV>
    <PRGP>25,150000</PRGP>
    <ROSN>25,150000</ROSN>
    <SLOV>56,306620</SLOV>
    <SVIZ>56,306620</SVIZ>
    <BSP>56,306620</BSP>
    <MALT>25,150000</MALT>
    <XAUS>56,306620</XAUS>
    <XFRA>56,306620</XFRA>
  </Prezzi>
  <Prezzi>
    <Data>20170205</Data>
    <Mercato>MGP</Mercato>
    <Ora>13</Ora>
    <PUN>53,177300</PUN>
    <NAT>52,000000</NAT>
    <CNOR>55,540000</CNOR>
    <CSUD>55,540000</CSUD>
    <NORD>55,540000</NORD>
    <SARD>55,540000</SARD>
    <SICI>25,150000</SICI>
    <SUD>51,000000</SUD>
    <AUST>55,540000</AUST>
    <BRNN>51,000000</BRNN>
    <COAC>55,540000</COAC>
    <CORS>55,540000</CORS>
    <FOGN>51,000000</FOGN>
    <FRAN>55,540000</FRAN>
    <GREC>51,000000</GREC>
    <MFTV>55,540000</MFTV>
    <PRGP>25,150000</PRGP>
    <ROSN>25,150000</ROSN>
    <SLOV>55,540000</SLOV>
    <SVIZ>55,540000</SVIZ>
    <BSP>55,540000</BSP>
    <MALT>25,150000</MALT>
    <XAUS>55,540000</XAUS>
    <XFRA>55,540000</XFRA>
  </Prezzi>
  <Prezzi>
    <Data>20170205</Data>
    <Mercato>MGP</Mercato>
    <Ora>14</Ora>
    <PUN>47,490000</PUN>
    <NAT>48,790000</NAT>
    <CNOR>50,818950</CNOR>
    <CSUD>50,818950</CSUD>
    <NORD>50,818950</NORD>
    <SARD>50,818950</SARD>
    <SICI>1,000000</SICI>
    <SUD>50,000000</SUD>
    <AUST>50,818950</AUST>
    <BRNN>50,000000</BRNN>
    <COAC>50,818950</COAC>
    <CORS>50,818950</CORS>
    <FOGN>50,000000</FOGN>
    <FRAN>50,818950</FRAN>
    <GREC>50,000000</GREC>
    <MFTV>50,818950</MFTV>
    <PRGP>1,000000</PRGP>
    <ROSN>1,000000</ROSN>
    <SLOV>50,818950</SLOV>
    <SVIZ>50,818950</SVIZ>
    <BSP>50,818950</BSP>
    <MALT>1,000000</MALT>
    <XAUS>50,818950</XAUS>
    <XFRA>50,818950</XFRA>
  </Prezzi>
  <Prezzi>
    <Data>20170205</Data>
    <Mercato>MGP</Mercato>
    <Ora>15</Ora>
    <PUN>44,772760</PUN>
    <NAT>45,770000</NAT>
    <CNOR>47,770000</CNOR>
    <CSUD>47,770000</CSUD>
    <NORD>47,770000</NORD>
    <SARD>47,770000</SARD>
    <SICI>1,000000</SICI>
    <SUD>47,770000</SUD>
    <AUST>47,770000</AUST>
    <BRNN>47,770000</BRNN>
    <COAC>47,770000</COAC>
    <CORS>47,770000</CORS>
    <FOGN>47,770000</FOGN>
    <FRAN>47,770000</FRAN>
    <GREC>47,770000</GREC>
    <MFTV>47,770000</MFTV>
    <PRGP>1,000000</PRGP>
    <ROSN>1,000000</ROSN>
    <SLOV>47,770000</SLOV>
    <SVIZ>47,770000</SVIZ>
    <BSP>47,770000</BSP>
    <MALT>1,000000</MALT>
    <XAUS>47,770000</XAUS>
    <XFRA>47,770000</XFRA>
  </Prezzi>
  <Prezzi>
    <Data>20170205</Data>
    <Mercato>MGP</Mercato>
    <Ora>16</Ora>
    <PUN>49,380000</PUN>
    <NAT>49,380000</NAT>
    <CNOR>49,380000</CNOR>
    <CSUD>49,380000</CSUD>
    <NORD>49,380000</NORD>
    <SARD>49,380000</SARD>
    <SICI>49,380000</SICI>
    <SUD>49,380000</SUD>
    <AUST>49,380000</AUST>
    <BRNN>49,380000</BRNN>
    <COAC>49,380000</COAC>
    <CORS>49,380000</CORS>
    <FOGN>49,380000</FOGN>
    <FRAN>49,380000</FRAN>
    <GREC>49,380000</GREC>
    <MFTV>49,380000</MFTV>
    <PRGP>49,380000</PRGP>
    <ROSN>49,380000</ROSN>
    <SLOV>49,380000</SLOV>
    <SVIZ>49,380000</SVIZ>
    <BSP>49,380000</BSP>
    <MALT>49,380000</MALT>
    <XAUS>49,380000</XAUS>
    <XFRA>49,380000</XFRA>
  </Prezzi>
  <Prezzi>
    <Data>20170205</Data>
    <Mercato>MGP</Mercato>
    <Ora>17</Ora>
    <PUN>51,000000</PUN>
    <NAT>51,000000</NAT>
    <CNOR>51,000000</CNOR>
    <CSUD>51,000000</CSUD>
    <NORD>51,000000</NORD>
    <SARD>51,000000</SARD>
    <SICI>51,000000</SICI>
    <SUD>51,000000</SUD>
    <AUST>51,000000</AUST>
    <BRNN>51,000000</BRNN>
    <COAC>51,000000</COAC>
    <CORS>51,000000</CORS>
    <FOGN>51,000000</FOGN>
    <FRAN>51,000000</FRAN>
    <GREC>51,000000</GREC>
    <MFTV>51,000000</MFTV>
    <PRGP>51,000000</PRGP>
    <ROSN>51,000000</ROSN>
    <SLOV>51,000000</SLOV>
    <SVIZ>51,000000</SVIZ>
    <BSP>51,000000</BSP>
    <MALT>51,000000</MALT>
    <XAUS>51,000000</XAUS>
    <XFRA>51,000000</XFRA>
  </Prezzi>
  <Prezzi>
    <Data>20170205</Data>
    <Mercato>MGP</Mercato>
    <Ora>18</Ora>
    <PUN>54,950000</PUN>
    <NAT>54,950000</NAT>
    <CNOR>54,950000</CNOR>
    <CSUD>54,950000</CSUD>
    <NORD>54,950000</NORD>
    <SARD>54,950000</SARD>
    <SICI>54,950000</SICI>
    <SUD>54,950000</SUD>
    <AUST>54,950000</AUST>
    <BRNN>54,950000</BRNN>
    <COAC>54,950000</COAC>
    <CORS>54,950000</CORS>
    <FOGN>54,950000</FOGN>
    <FRAN>54,950000</FRAN>
    <GREC>54,950000</GREC>
    <MFTV>54,950000</MFTV>
    <PRGP>54,950000</PRGP>
    <ROSN>54,950000</ROSN>
    <SLOV>54,950000</SLOV>
    <SVIZ>54,950000</SVIZ>
    <BSP>54,950000</BSP>
    <MALT>54,950000</MALT>
    <XAUS>54,950000</XAUS>
    <XFRA>54,950000</XFRA>
  </Prezzi>
  <Prezzi>
    <Data>20170205</Data>
    <Mercato>MGP</Mercato>
    <Ora>19</Ora>
    <PUN>65,069850</PUN>
    <NAT>65,090000</NAT>
    <CNOR>65,069850</CNOR>
    <CSUD>65,069850</CSUD>
    <NORD>65,069850</NORD>
    <SARD>65,069850</SARD>
    <SICI>65,069850</SICI>
    <SUD>65,069850</SUD>
    <AUST>65,069850</AUST>
    <BRNN>65,069850</BRNN>
    <COAC>65,069850</COAC>
    <CORS>65,069850</CORS>
    <FOGN>65,069850</FOGN>
    <FRAN>65,069850</FRAN>
    <GREC>65,069850</GREC>
    <MFTV>65,069850</MFTV>
    <PRGP>65,069850</PRGP>
    <ROSN>65,069850</ROSN>
    <SLOV>65,069850</SLOV>
    <SVIZ>65,069850</SVIZ>
    <BSP>65,069850</BSP>
    <MALT>65,069850</MALT>
    <XAUS>65,069850</XAUS>
    <XFRA>65,069850</XFRA>
  </Prezzi>
  <Prezzi>
    <Data>20170205</Data>
    <Mercato>MGP</Mercato>
    <Ora>20</Ora>
    <PUN>62,780000</PUN>
    <NAT>62,780000</NAT>
    <CNOR>62,780000</CNOR>
    <CSUD>62,780000</CSUD>
    <NORD>62,780000</NORD>
    <SARD>62,780000</SARD>
    <SICI>62,780000</SICI>
    <SUD>62,780000</SUD>
    <AUST>62,780000</AUST>
    <BRNN>62,780000</BRNN>
    <COAC>62,780000</COAC>
    <CORS>62,780000</CORS>
    <FOGN>62,780000</FOGN>
    <FRAN>62,780000</FRAN>
    <GREC>62,780000</GREC>
    <MFTV>62,780000</MFTV>
    <PRGP>62,780000</PRGP>
    <ROSN>62,780000</ROSN>
    <SLOV>62,780000</SLOV>
    <SVIZ>62,780000</SVIZ>
    <BSP>62,780000</BSP>
    <MALT>62,780000</MALT>
    <XAUS>62,780000</XAUS>
    <XFRA>62,780000</XFRA>
  </Prezzi>
  <Prezzi>
    <Data>20170205</Data>
    <Mercato>MGP</Mercato>
    <Ora>21</Ora>
    <PUN>58,000000</PUN>
    <NAT>58,000000</NAT>
    <CNOR>58,000000</CNOR>
    <CSUD>58,000000</CSUD>
    <NORD>58,000000</NORD>
    <SARD>58,000000</SARD>
    <SICI>58,000000</SICI>
    <SUD>58,000000</SUD>
    <AUST>58,000000</AUST>
    <BRNN>58,000000</BRNN>
    <COAC>58,000000</COAC>
    <CORS>58,000000</CORS>
    <FOGN>58,000000</FOGN>
    <FRAN>58,000000</FRAN>
    <GREC>58,000000</GREC>
    <MFTV>58,000000</MFTV>
    <PRGP>58,000000</PRGP>
    <ROSN>58,000000</ROSN>
    <SLOV>58,000000</SLOV>
    <SVIZ>58,000000</SVIZ>
    <BSP>58,000000</BSP>
    <MALT>58,000000</MALT>
    <XAUS>58,000000</XAUS>
    <XFRA>58,000000</XFRA>
  </Prezzi>
  <Prezzi>
    <Data>20170205</Data>
    <Mercato>MGP</Mercato>
    <Ora>22</Ora>
    <PUN>54,950000</PUN>
    <NAT>54,950000</NAT>
    <CNOR>54,950000</CNOR>
    <CSUD>54,950000</CSUD>
    <NORD>54,950000</NORD>
    <SARD>54,950000</SARD>
    <SICI>54,950000</SICI>
    <SUD>54,950000</SUD>
    <AUST>54,950000</AUST>
    <BRNN>54,950000</BRNN>
    <COAC>54,950000</COAC>
    <CORS>54,950000</CORS>
    <FOGN>54,950000</FOGN>
    <FRAN>54,950000</FRAN>
    <GREC>54,950000</GREC>
    <MFTV>54,950000</MFTV>
    <PRGP>54,950000</PRGP>
    <ROSN>54,950000</ROSN>
    <SLOV>54,950000</SLOV>
    <SVIZ>54,950000</SVIZ>
    <BSP>54,950000</BSP>
    <MALT>54,950000</MALT>
    <XAUS>54,950000</XAUS>
    <XFRA>54,950000</XFRA>
  </Prezzi>
  <Prezzi>
    <Data>20170205</Data>
    <Mercato>MGP</Mercato>
    <Ora>23</Ora>
    <PUN>51,000000</PUN>
    <NAT>51,000000</NAT>
    <CNOR>51,000000</CNOR>
    <CSUD>51,000000</CSUD>
    <NORD>51,000000</NORD>
    <SARD>51,000000</SARD>
    <SICI>51,000000</SICI>
    <SUD>51,000000</SUD>
    <AUST>51,000000</AUST>
    <BRNN>51,000000</BRNN>
    <COAC>51,000000</COAC>
    <CORS>51,000000</CORS>
    <FOGN>51,000000</FOGN>
    <FRAN>51,000000</FRAN>
    <GREC>51,000000</GREC>
    <MFTV>51,000000</MFTV>
    <PRGP>51,000000</PRGP>
    <ROSN>51,000000</ROSN>
    <SLOV>51,000000</SLOV>
    <SVIZ>51,000000</SVIZ>
    <BSP>51,000000</BSP>
    <MALT>51,000000</MALT>
    <XAUS>51,000000</XAUS>
    <XFRA>51,000000</XFRA>
  </Prezzi>
  <Prezzi>
    <Data>20170205</Data>
    <Mercato>MGP</Mercato>
    <Ora>24</Ora>
    <PUN>48,890000</PUN>
    <NAT>47,700000</NAT>
    <CNOR>48,890000</CNOR>
    <CSUD>48,890000</CSUD>
    <NORD>48,890000</NORD>
    <SARD>48,890000</SARD>
    <SICI>48,890000</SICI>
    <SUD>48,890000</SUD>
    <AUST>48,890000</AUST>
    <BRNN>48,890000</BRNN>
    <COAC>48,890000</COAC>
    <CORS>48,890000</CORS>
    <FOGN>48,890000</FOGN>
    <FRAN>48,890000</FRAN>
    <GREC>48,890000</GREC>
    <MFTV>48,890000</MFTV>
    <PRGP>48,890000</PRGP>
    <ROSN>48,890000</ROSN>
    <SLOV>48,890000</SLOV>
    <SVIZ>48,890000</SVIZ>
    <BSP>48,890000</BSP>
    <MALT>48,890000</MALT>
    <XAUS>48,890000</XAUS>
    <XFRA>48,890000</XFRA>
  </Prezzi>
</NewDataSet>