<?xml version="1.0" standalone="yes"?>
<NewDataSet>
  <xs:schema id="NewDataSet" xmlns="" xmlns:xs="http://www.w3.org/2001/XMLSchema" xmlns:msdata="urn:schemas-microsoft-com:xml-msdata">
    <xs:element name="NewDataSet" msdata:IsDataSet="true" msdata:UseCurrentLocale="true">
      <xs:complexType>
        <xs:choice minOccurs="0" maxOccurs="unbounded">
          <xs:element name="Prezzi">
            <xs:complexType>
              <xs:sequence>
                <xs:element name="Data" type="xs:string" minOccurs="0" />
                <xs:element name="Mercato" type="xs:string" minOccurs="0" />
                <xs:element name="Ora" type="xs:string" minOccurs="0" />
                <xs:element name="PUN" type="xs:string" minOccurs="0" />
                <xs:element name="NAT" type="xs:string" minOccurs="0" />
                <xs:element name="CNOR" type="xs:string" minOccurs="0" />
                <xs:element name="CSUD" type="xs:string" minOccurs="0" />
                <xs:element name="NORD" type="xs:string" minOccurs="0" />
                <xs:element name="SARD" type="xs:string" minOccurs="0" />
                <xs:element name="SICI" type="xs:string" minOccurs="0" />
                <xs:element name="SUD" type="xs:string" minOccurs="0" />
                <xs:element name="AUST" type="xs:string" minOccurs="0" />
                <xs:element name="BRNN" type="xs:string" minOccurs="0" />
                <xs:element name="COAC" type="xs:string" minOccurs="0" />
                <xs:element name="CORS" type="xs:string" minOccurs="0" />
                <xs:element name="FOGN" type="xs:string" minOccurs="0" />
                <xs:element name="FRAN" type="xs:string" minOccurs="0" />
                <xs:element name="GREC" type="xs:string" minOccurs="0" />
                <xs:element name="MFTV" type="xs:string" minOccurs="0" />
                <xs:element name="PRGP" type="xs:string" minOccurs="0" />
                <xs:element name="ROSN" type="xs:string" minOccurs="0" />
                <xs:element name="SLOV" type="xs:string" minOccurs="0" />
                <xs:element name="SVIZ" type="xs:string" minOccurs="0" />
                <xs:element name="BSP" type="xs:string" minOccurs="0" />
                <xs:element name="MALT" type="xs:string" minOccurs="0" />
                <xs:element name="XAUS" type="xs:string" minOccurs="0" />
                <xs:element name="XFRA" type="xs:string" minOccurs="0" />
              </xs:sequence>
            </xs:complexType>
          </xs:element>
        </xs:choice>
      </xs:complexType>
    </xs:element>
  </xs:schema>
  <Prezzi>
    <Data>20180411</Data>
    <Mercato>MGP</Mercato>
    <Ora>1</Ora>
    <PUN>54,570000</PUN>
    <NAT>54,570000</NAT>
    <CNOR>54,570000</CNOR>
    <CSUD>54,570000</CSUD>
    <NORD>54,570000</NORD>
    <SARD>54,570000</SARD>
    <SICI>54,570000</SICI>
    <SUD>54,570000</SUD>
    <AUST>54,570000</AUST>
    <BRNN>54,570000</BRNN>
    <COAC>54,570000</COAC>
    <CORS>54,570000</CORS>
    <FOGN>54,570000</FOGN>
    <FRAN>54,570000</FRAN>
    <GREC>54,570000</GREC>
    <MFTV>54,570000</MFTV>
    <PRGP>54,570000</PRGP>
    <ROSN>54,570000</ROSN>
    <SLOV>54,570000</SLOV>
    <SVIZ>54,570000</SVIZ>
    <BSP>54,570000</BSP>
    <MALT>54,570000</MALT>
    <XAUS>54,570000</XAUS>
    <XFRA>54,570000</XFRA>
  </Prezzi>
  <Prezzi>
    <Data>20180411</Data>
    <Mercato>MGP</Mercato>
    <Ora>2</Ora>
    <PUN>50,520000</PUN>
    <NAT>50,520000</NAT>
    <CNOR>50,520000</CNOR>
    <CSUD>50,520000</CSUD>
    <NORD>50,520000</NORD>
    <SARD>50,520000</SARD>
    <SICI>50,520000</SICI>
    <SUD>50,520000</SUD>
    <AUST>50,520000</AUST>
    <BRNN>50,520000</BRNN>
    <COAC>50,520000</COAC>
    <CORS>50,520000</CORS>
    <FOGN>50,520000</FOGN>
    <FRAN>50,520000</FRAN>
    <GREC>50,520000</GREC>
    <MFTV>50,520000</MFTV>
    <PRGP>50,520000</PRGP>
    <ROSN>50,520000</ROSN>
    <SLOV>50,520000</SLOV>
    <SVIZ>50,520000</SVIZ>
    <BSP>50,520000</BSP>
    <MALT>50,520000</MALT>
    <XAUS>50,520000</XAUS>
    <XFRA>50,520000</XFRA>
  </Prezzi>
  <Prezzi>
    <Data>20180411</Data>
    <Mercato>MGP</Mercato>
    <Ora>3</Ora>
    <PUN>49,070000</PUN>
    <NAT>49,070000</NAT>
    <CNOR>49,070000</CNOR>
    <CSUD>49,070000</CSUD>
    <NORD>49,070000</NORD>
    <SARD>49,070000</SARD>
    <SICI>49,070000</SICI>
    <SUD>49,070000</SUD>
    <AUST>49,070000</AUST>
    <BRNN>49,070000</BRNN>
    <COAC>49,070000</COAC>
    <CORS>49,070000</CORS>
    <FOGN>49,070000</FOGN>
    <FRAN>49,070000</FRAN>
    <GREC>49,070000</GREC>
    <MFTV>49,070000</MFTV>
    <PRGP>49,070000</PRGP>
    <ROSN>49,070000</ROSN>
    <SLOV>49,070000</SLOV>
    <SVIZ>49,070000</SVIZ>
    <BSP>49,070000</BSP>
    <MALT>49,070000</MALT>
    <XAUS>49,070000</XAUS>
    <XFRA>49,070000</XFRA>
  </Prezzi>
  <Prezzi>
    <Data>20180411</Data>
    <Mercato>MGP</Mercato>
    <Ora>4</Ora>
    <PUN>46,050000</PUN>
    <NAT>46,050000</NAT>
    <CNOR>46,050000</CNOR>
    <CSUD>46,050000</CSUD>
    <NORD>46,050000</NORD>
    <SARD>46,050000</SARD>
    <SICI>46,050000</SICI>
    <SUD>46,050000</SUD>
    <AUST>46,050000</AUST>
    <BRNN>46,050000</BRNN>
    <COAC>46,050000</COAC>
    <CORS>46,050000</CORS>
    <FOGN>46,050000</FOGN>
    <FRAN>46,050000</FRAN>
    <GREC>46,050000</GREC>
    <MFTV>46,050000</MFTV>
    <PRGP>46,050000</PRGP>
    <ROSN>46,050000</ROSN>
    <SLOV>46,050000</SLOV>
    <SVIZ>46,050000</SVIZ>
    <BSP>46,050000</BSP>
    <MALT>46,050000</MALT>
    <XAUS>46,050000</XAUS>
    <XFRA>46,050000</XFRA>
  </Prezzi>
  <Prezzi>
    <Data>20180411</Data>
    <Mercato>MGP</Mercato>
    <Ora>5</Ora>
    <PUN>46,050000</PUN>
    <NAT>46,050000</NAT>
    <CNOR>46,050000</CNOR>
    <CSUD>46,050000</CSUD>
    <NORD>46,050000</NORD>
    <SARD>46,050000</SARD>
    <SICI>46,050000</SICI>
    <SUD>46,050000</SUD>
    <AUST>46,050000</AUST>
    <BRNN>46,050000</BRNN>
    <COAC>46,050000</COAC>
    <CORS>46,050000</CORS>
    <FOGN>46,050000</FOGN>
    <FRAN>46,050000</FRAN>
    <GREC>46,050000</GREC>
    <MFTV>46,050000</MFTV>
    <PRGP>46,050000</PRGP>
    <ROSN>46,050000</ROSN>
    <SLOV>46,050000</SLOV>
    <SVIZ>46,050000</SVIZ>
    <BSP>46,050000</BSP>
    <MALT>46,050000</MALT>
    <XAUS>46,050000</XAUS>
    <XFRA>46,050000</XFRA>
  </Prezzi>
  <Prezzi>
    <Data>20180411</Data>
    <Mercato>MGP</Mercato>
    <Ora>6</Ora>
    <PUN>49,070000</PUN>
    <NAT>49,070000</NAT>
    <CNOR>49,070000</CNOR>
    <CSUD>49,070000</CSUD>
    <NORD>49,070000</NORD>
    <SARD>49,070000</SARD>
    <SICI>49,070000</SICI>
    <SUD>49,070000</SUD>
    <AUST>49,070000</AUST>
    <BRNN>49,070000</BRNN>
    <COAC>49,070000</COAC>
    <CORS>49,070000</CORS>
    <FOGN>49,070000</FOGN>
    <FRAN>49,070000</FRAN>
    <GREC>49,070000</GREC>
    <MFTV>49,070000</MFTV>
    <PRGP>49,070000</PRGP>
    <ROSN>49,070000</ROSN>
    <SLOV>49,070000</SLOV>
    <SVIZ>49,070000</SVIZ>
    <BSP>49,070000</BSP>
    <MALT>49,070000</MALT>
    <XAUS>49,070000</XAUS>
    <XFRA>49,070000</XFRA>
  </Prezzi>
  <Prezzi>
    <Data>20180411</Data>
    <Mercato>MGP</Mercato>
    <Ora>7</Ora>
    <PUN>55,030000</PUN>
    <NAT>55,030000</NAT>
    <CNOR>55,030000</CNOR>
    <CSUD>55,030000</CSUD>
    <NORD>55,030000</NORD>
    <SARD>55,030000</SARD>
    <SICI>55,030000</SICI>
    <SUD>55,030000</SUD>
    <AUST>55,030000</AUST>
    <BRNN>55,030000</BRNN>
    <COAC>55,030000</COAC>
    <CORS>55,030000</CORS>
    <FOGN>55,030000</FOGN>
    <FRAN>55,030000</FRAN>
    <GREC>55,030000</GREC>
    <MFTV>55,030000</MFTV>
    <PRGP>55,030000</PRGP>
    <ROSN>55,030000</ROSN>
    <SLOV>55,030000</SLOV>
    <SVIZ>55,030000</SVIZ>
    <BSP>55,030000</BSP>
    <MALT>55,030000</MALT>
    <XAUS>55,030000</XAUS>
    <XFRA>55,030000</XFRA>
  </Prezzi>
  <Prezzi>
    <Data>20180411</Data>
    <Mercato>MGP</Mercato>
    <Ora>8</Ora>
    <PUN>75,530000</PUN>
    <NAT>75,530000</NAT>
    <CNOR>75,530000</CNOR>
    <CSUD>75,530000</CSUD>
    <NORD>75,530000</NORD>
    <SARD>75,530000</SARD>
    <SICI>75,530000</SICI>
    <SUD>75,530000</SUD>
    <AUST>75,530000</AUST>
    <BRNN>75,530000</BRNN>
    <COAC>75,530000</COAC>
    <CORS>75,530000</CORS>
    <FOGN>75,530000</FOGN>
    <FRAN>75,530000</FRAN>
    <GREC>75,530000</GREC>
    <MFTV>75,530000</MFTV>
    <PRGP>75,530000</PRGP>
    <ROSN>75,530000</ROSN>
    <SLOV>75,530000</SLOV>
    <SVIZ>75,530000</SVIZ>
    <BSP>75,530000</BSP>
    <MALT>75,530000</MALT>
    <XAUS>75,530000</XAUS>
    <XFRA>75,530000</XFRA>
  </Prezzi>
  <Prezzi>
    <Data>20180411</Data>
    <Mercato>MGP</Mercato>
    <Ora>9</Ora>
    <PUN>90,490000</PUN>
    <NAT>90,490000</NAT>
    <CNOR>90,490000</CNOR>
    <CSUD>90,490000</CSUD>
    <NORD>90,490000</NORD>
    <SARD>90,490000</SARD>
    <SICI>90,490000</SICI>
    <SUD>90,490000</SUD>
    <AUST>90,490000</AUST>
    <BRNN>90,490000</BRNN>
    <COAC>90,490000</COAC>
    <CORS>90,490000</CORS>
    <FOGN>90,490000</FOGN>
    <FRAN>90,490000</FRAN>
    <GREC>90,490000</GREC>
    <MFTV>90,490000</MFTV>
    <PRGP>90,490000</PRGP>
    <ROSN>90,490000</ROSN>
    <SLOV>90,490000</SLOV>
    <SVIZ>90,490000</SVIZ>
    <BSP>90,490000</BSP>
    <MALT>90,490000</MALT>
    <XAUS>90,490000</XAUS>
    <XFRA>90,490000</XFRA>
  </Prezzi>
  <Prezzi>
    <Data>20180411</Data>
    <Mercato>MGP</Mercato>
    <Ora>10</Ora>
    <PUN>77,070000</PUN>
    <NAT>77,070000</NAT>
    <CNOR>77,070000</CNOR>
    <CSUD>77,070000</CSUD>
    <NORD>77,070000</NORD>
    <SARD>77,070000</SARD>
    <SICI>77,070000</SICI>
    <SUD>77,070000</SUD>
    <AUST>77,070000</AUST>
    <BRNN>77,070000</BRNN>
    <COAC>77,070000</COAC>
    <CORS>77,070000</CORS>
    <FOGN>77,070000</FOGN>
    <FRAN>77,070000</FRAN>
    <GREC>77,070000</GREC>
    <MFTV>77,070000</MFTV>
    <PRGP>77,070000</PRGP>
    <ROSN>77,070000</ROSN>
    <SLOV>77,070000</SLOV>
    <SVIZ>77,070000</SVIZ>
    <BSP>77,070000</BSP>
    <MALT>77,070000</MALT>
    <XAUS>77,070000</XAUS>
    <XFRA>77,070000</XFRA>
  </Prezzi>
  <Prezzi>
    <Data>20180411</Data>
    <Mercato>MGP</Mercato>
    <Ora>11</Ora>
    <PUN>60,820000</PUN>
    <NAT>60,820000</NAT>
    <CNOR>60,820000</CNOR>
    <CSUD>60,820000</CSUD>
    <NORD>60,820000</NORD>
    <SARD>60,820000</SARD>
    <SICI>60,820000</SICI>
    <SUD>60,820000</SUD>
    <AUST>60,820000</AUST>
    <BRNN>60,820000</BRNN>
    <COAC>60,820000</COAC>
    <CORS>60,820000</CORS>
    <FOGN>60,820000</FOGN>
    <FRAN>60,820000</FRAN>
    <GREC>60,820000</GREC>
    <MFTV>60,820000</MFTV>
    <PRGP>60,820000</PRGP>
    <ROSN>60,820000</ROSN>
    <SLOV>60,820000</SLOV>
    <SVIZ>60,820000</SVIZ>
    <BSP>60,820000</BSP>
    <MALT>60,820000</MALT>
    <XAUS>60,820000</XAUS>
    <XFRA>60,820000</XFRA>
  </Prezzi>
  <Prezzi>
    <Data>20180411</Data>
    <Mercato>MGP</Mercato>
    <Ora>12</Ora>
    <PUN>55,780000</PUN>
    <NAT>55,780000</NAT>
    <CNOR>55,780000</CNOR>
    <CSUD>55,780000</CSUD>
    <NORD>55,780000</NORD>
    <SARD>55,780000</SARD>
    <SICI>55,780000</SICI>
    <SUD>55,780000</SUD>
    <AUST>55,780000</AUST>
    <BRNN>55,780000</BRNN>
    <COAC>55,780000</COAC>
    <CORS>55,780000</CORS>
    <FOGN>55,780000</FOGN>
    <FRAN>55,780000</FRAN>
    <GREC>55,780000</GREC>
    <MFTV>55,780000</MFTV>
    <PRGP>55,780000</PRGP>
    <ROSN>55,780000</ROSN>
    <SLOV>55,780000</SLOV>
    <SVIZ>55,780000</SVIZ>
    <BSP>55,780000</BSP>
    <MALT>55,780000</MALT>
    <XAUS>55,780000</XAUS>
    <XFRA>55,780000</XFRA>
  </Prezzi>
  <Prezzi>
    <Data>20180411</Data>
    <Mercato>MGP</Mercato>
    <Ora>13</Ora>
    <PUN>52,466420</PUN>
    <NAT>52,000000</NAT>
    <CNOR>51,510000</CNOR>
    <CSUD>51,510000</CSUD>
    <NORD>53,140000</NORD>
    <SARD>51,510000</SARD>
    <SICI>51,510000</SICI>
    <SUD>51,510000</SUD>
    <AUST>53,140000</AUST>
    <BRNN>51,510000</BRNN>
    <COAC>51,510000</COAC>
    <CORS>51,510000</CORS>
    <FOGN>51,510000</FOGN>
    <FRAN>53,140000</FRAN>
    <GREC>51,510000</GREC>
    <MFTV>53,140000</MFTV>
    <PRGP>51,510000</PRGP>
    <ROSN>51,510000</ROSN>
    <SLOV>53,140000</SLOV>
    <SVIZ>53,140000</SVIZ>
    <BSP>53,140000</BSP>
    <MALT>51,510000</MALT>
    <XAUS>53,140000</XAUS>
    <XFRA>53,140000</XFRA>
  </Prezzi>
  <Prezzi>
    <Data>20180411</Data>
    <Mercato>MGP</Mercato>
    <Ora>14</Ora>
    <PUN>52,495520</PUN>
    <NAT>51,510000</NAT>
    <CNOR>51,410000</CNOR>
    <CSUD>51,410000</CSUD>
    <NORD>53,230000</NORD>
    <SARD>51,410000</SARD>
    <SICI>51,410000</SICI>
    <SUD>51,410000</SUD>
    <AUST>53,230000</AUST>
    <BRNN>51,410000</BRNN>
    <COAC>51,410000</COAC>
    <CORS>51,410000</CORS>
    <FOGN>51,410000</FOGN>
    <FRAN>53,230000</FRAN>
    <GREC>51,410000</GREC>
    <MFTV>53,230000</MFTV>
    <PRGP>51,410000</PRGP>
    <ROSN>51,410000</ROSN>
    <SLOV>53,230000</SLOV>
    <SVIZ>53,230000</SVIZ>
    <BSP>53,230000</BSP>
    <MALT>51,410000</MALT>
    <XAUS>53,230000</XAUS>
    <XFRA>53,230000</XFRA>
  </Prezzi>
  <Prezzi>
    <Data>20180411</Data>
    <Mercato>MGP</Mercato>
    <Ora>15</Ora>
    <PUN>53,350110</PUN>
    <NAT>53,140000</NAT>
    <CNOR>51,500000</CNOR>
    <CSUD>51,500000</CSUD>
    <NORD>54,570000</NORD>
    <SARD>51,500000</SARD>
    <SICI>51,500000</SICI>
    <SUD>51,500000</SUD>
    <AUST>54,570000</AUST>
    <BRNN>51,500000</BRNN>
    <COAC>51,500000</COAC>
    <CORS>51,500000</CORS>
    <FOGN>51,500000</FOGN>
    <FRAN>54,570000</FRAN>
    <GREC>51,500000</GREC>
    <MFTV>54,570000</MFTV>
    <PRGP>51,500000</PRGP>
    <ROSN>51,500000</ROSN>
    <SLOV>54,570000</SLOV>
    <SVIZ>54,570000</SVIZ>
    <BSP>54,570000</BSP>
    <MALT>51,500000</MALT>
    <XAUS>54,570000</XAUS>
    <XFRA>54,570000</XFRA>
  </Prezzi>
  <Prezzi>
    <Data>20180411</Data>
    <Mercato>MGP</Mercato>
    <Ora>16</Ora>
    <PUN>53,887610</PUN>
    <NAT>54,570000</NAT>
    <CNOR>52,000000</CNOR>
    <CSUD>52,000000</CSUD>
    <NORD>55,140000</NORD>
    <SARD>52,000000</SARD>
    <SICI>52,000000</SICI>
    <SUD>52,000000</SUD>
    <AUST>55,140000</AUST>
    <BRNN>52,000000</BRNN>
    <COAC>52,000000</COAC>
    <CORS>52,000000</CORS>
    <FOGN>52,000000</FOGN>
    <FRAN>55,140000</FRAN>
    <GREC>52,000000</GREC>
    <MFTV>55,140000</MFTV>
    <PRGP>52,000000</PRGP>
    <ROSN>52,000000</ROSN>
    <SLOV>55,140000</SLOV>
    <SVIZ>55,140000</SVIZ>
    <BSP>55,140000</BSP>
    <MALT>52,000000</MALT>
    <XAUS>55,140000</XAUS>
    <XFRA>55,140000</XFRA>
  </Prezzi>
  <Prezzi>
    <Data>20180411</Data>
    <Mercato>MGP</Mercato>
    <Ora>17</Ora>
    <PUN>54,570000</PUN>
    <NAT>54,570000</NAT>
    <CNOR>54,570000</CNOR>
    <CSUD>54,570000</CSUD>
    <NORD>54,570000</NORD>
    <SARD>54,570000</SARD>
    <SICI>54,570000</SICI>
    <SUD>54,570000</SUD>
    <AUST>54,570000</AUST>
    <BRNN>54,570000</BRNN>
    <COAC>54,570000</COAC>
    <CORS>54,570000</CORS>
    <FOGN>54,570000</FOGN>
    <FRAN>54,570000</FRAN>
    <GREC>54,570000</GREC>
    <MFTV>54,570000</MFTV>
    <PRGP>54,570000</PRGP>
    <ROSN>54,570000</ROSN>
    <SLOV>54,570000</SLOV>
    <SVIZ>54,570000</SVIZ>
    <BSP>54,570000</BSP>
    <MALT>54,570000</MALT>
    <XAUS>54,570000</XAUS>
    <XFRA>54,570000</XFRA>
  </Prezzi>
  <Prezzi>
    <Data>20180411</Data>
    <Mercato>MGP</Mercato>
    <Ora>18</Ora>
    <PUN>55,000000</PUN>
    <NAT>55,000000</NAT>
    <CNOR>55,000000</CNOR>
    <CSUD>55,000000</CSUD>
    <NORD>55,000000</NORD>
    <SARD>55,000000</SARD>
    <SICI>55,000000</SICI>
    <SUD>55,000000</SUD>
    <AUST>55,000000</AUST>
    <BRNN>55,000000</BRNN>
    <COAC>55,000000</COAC>
    <CORS>55,000000</CORS>
    <FOGN>55,000000</FOGN>
    <FRAN>55,000000</FRAN>
    <GREC>55,000000</GREC>
    <MFTV>55,000000</MFTV>
    <PRGP>55,000000</PRGP>
    <ROSN>55,000000</ROSN>
    <SLOV>55,000000</SLOV>
    <SVIZ>55,000000</SVIZ>
    <BSP>55,000000</BSP>
    <MALT>55,000000</MALT>
    <XAUS>55,000000</XAUS>
    <XFRA>55,000000</XFRA>
  </Prezzi>
  <Prezzi>
    <Data>20180411</Data>
    <Mercato>MGP</Mercato>
    <Ora>19</Ora>
    <PUN>54,990000</PUN>
    <NAT>54,990000</NAT>
    <CNOR>54,990000</CNOR>
    <CSUD>54,990000</CSUD>
    <NORD>54,990000</NORD>
    <SARD>54,990000</SARD>
    <SICI>54,990000</SICI>
    <SUD>54,990000</SUD>
    <AUST>54,990000</AUST>
    <BRNN>54,990000</BRNN>
    <COAC>54,990000</COAC>
    <CORS>54,990000</CORS>
    <FOGN>54,990000</FOGN>
    <FRAN>54,990000</FRAN>
    <GREC>54,990000</GREC>
    <MFTV>54,990000</MFTV>
    <PRGP>54,990000</PRGP>
    <ROSN>54,990000</ROSN>
    <SLOV>54,990000</SLOV>
    <SVIZ>54,990000</SVIZ>
    <BSP>54,990000</BSP>
    <MALT>54,990000</MALT>
    <XAUS>54,990000</XAUS>
    <XFRA>54,990000</XFRA>
  </Prezzi>
  <Prezzi>
    <Data>20180411</Data>
    <Mercato>MGP</Mercato>
    <Ora>20</Ora>
    <PUN>61,499290</PUN>
    <NAT>62,930000</NAT>
    <CNOR>60,820000</CNOR>
    <CSUD>60,820000</CSUD>
    <NORD>60,820000</NORD>
    <SARD>60,820000</SARD>
    <SICI>72,260000</SICI>
    <SUD>60,820000</SUD>
    <AUST>60,820000</AUST>
    <BRNN>60,820000</BRNN>
    <COAC>60,820000</COAC>
    <CORS>60,820000</CORS>
    <FOGN>60,820000</FOGN>
    <FRAN>60,820000</FRAN>
    <GREC>60,820000</GREC>
    <MFTV>60,820000</MFTV>
    <PRGP>72,260000</PRGP>
    <ROSN>60,820000</ROSN>
    <SLOV>60,820000</SLOV>
    <SVIZ>60,820000</SVIZ>
    <BSP>60,820000</BSP>
    <MALT>72,260000</MALT>
    <XAUS>60,820000</XAUS>
    <XFRA>60,820000</XFRA>
  </Prezzi>
  <Prezzi>
    <Data>20180411</Data>
    <Mercato>MGP</Mercato>
    <Ora>21</Ora>
    <PUN>69,894900</PUN>
    <NAT>70,000000</NAT>
    <CNOR>68,560000</CNOR>
    <CSUD>68,560000</CSUD>
    <NORD>68,560000</NORD>
    <SARD>68,560000</SARD>
    <SICI>90,000000</SICI>
    <SUD>68,560000</SUD>
    <AUST>68,560000</AUST>
    <BRNN>68,560000</BRNN>
    <COAC>68,560000</COAC>
    <CORS>68,560000</CORS>
    <FOGN>68,560000</FOGN>
    <FRAN>68,560000</FRAN>
    <GREC>68,560000</GREC>
    <MFTV>68,560000</MFTV>
    <PRGP>90,000000</PRGP>
    <ROSN>68,560000</ROSN>
    <SLOV>68,560000</SLOV>
    <SVIZ>68,560000</SVIZ>
    <BSP>68,560000</BSP>
    <MALT>90,000000</MALT>
    <XAUS>68,560000</XAUS>
    <XFRA>68,560000</XFRA>
  </Prezzi>
  <Prezzi>
    <Data>20180411</Data>
    <Mercato>MGP</Mercato>
    <Ora>22</Ora>
    <PUN>62,179000</PUN>
    <NAT>60,820000</NAT>
    <CNOR>60,590000</CNOR>
    <CSUD>60,590000</CSUD>
    <NORD>60,590000</NORD>
    <SARD>60,590000</SARD>
    <SICI>85,990000</SICI>
    <SUD>60,590000</SUD>
    <AUST>60,590000</AUST>
    <BRNN>60,590000</BRNN>
    <COAC>60,590000</COAC>
    <CORS>60,590000</CORS>
    <FOGN>60,590000</FOGN>
    <FRAN>60,590000</FRAN>
    <GREC>60,590000</GREC>
    <MFTV>60,590000</MFTV>
    <PRGP>85,990000</PRGP>
    <ROSN>60,590000</ROSN>
    <SLOV>60,590000</SLOV>
    <SVIZ>60,590000</SVIZ>
    <BSP>60,590000</BSP>
    <MALT>85,990000</MALT>
    <XAUS>60,590000</XAUS>
    <XFRA>60,590000</XFRA>
  </Prezzi>
  <Prezzi>
    <Data>20180411</Data>
    <Mercato>MGP</Mercato>
    <Ora>23</Ora>
    <PUN>56,096850</PUN>
    <NAT>55,650000</NAT>
    <CNOR>55,640000</CNOR>
    <CSUD>55,640000</CSUD>
    <NORD>55,640000</NORD>
    <SARD>55,640000</SARD>
    <SICI>62,930000</SICI>
    <SUD>55,640000</SUD>
    <AUST>55,640000</AUST>
    <BRNN>55,640000</BRNN>
    <COAC>55,640000</COAC>
    <CORS>55,640000</CORS>
    <FOGN>55,640000</FOGN>
    <FRAN>55,640000</FRAN>
    <GREC>55,640000</GREC>
    <MFTV>55,640000</MFTV>
    <PRGP>62,930000</PRGP>
    <ROSN>55,640000</ROSN>
    <SLOV>55,640000</SLOV>
    <SVIZ>55,640000</SVIZ>
    <BSP>55,640000</BSP>
    <MALT>62,930000</MALT>
    <XAUS>55,640000</XAUS>
    <XFRA>55,640000</XFRA>
  </Prezzi>
  <Prezzi>
    <Data>20180411</Data>
    <Mercato>MGP</Mercato>
    <Ora>24</Ora>
    <PUN>51,632610</PUN>
    <NAT>51,410000</NAT>
    <CNOR>51,410000</CNOR>
    <CSUD>51,410000</CSUD>
    <NORD>51,410000</NORD>
    <SARD>51,410000</SARD>
    <SICI>54,990000</SICI>
    <SUD>51,410000</SUD>
    <AUST>51,410000</AUST>
    <BRNN>51,410000</BRNN>
    <COAC>51,410000</COAC>
    <CORS>51,410000</CORS>
    <FOGN>51,410000</FOGN>
    <FRAN>51,410000</FRAN>
    <GREC>51,410000</GREC>
    <MFTV>51,410000</MFTV>
    <PRGP>54,990000</PRGP>
    <ROSN>51,410000</ROSN>
    <SLOV>51,410000</SLOV>
    <SVIZ>51,410000</SVIZ>
    <BSP>51,410000</BSP>
    <MALT>54,990000</MALT>
    <XAUS>51,410000</XAUS>
    <XFRA>51,410000</XFRA>
  </Prezzi>
</NewDataSet>