<?xml version="1.0" standalone="yes"?>
<NewDataSet>
  <xs:schema id="NewDataSet" xmlns="" xmlns:xs="http://www.w3.org/2001/XMLSchema" xmlns:msdata="urn:schemas-microsoft-com:xml-msdata">
    <xs:element name="NewDataSet" msdata:IsDataSet="true" msdata:UseCurrentLocale="true">
      <xs:complexType>
        <xs:choice minOccurs="0" maxOccurs="unbounded">
          <xs:element name="Prezzi">
            <xs:complexType>
              <xs:sequence>
                <xs:element name="Data" type="xs:string" minOccurs="0" />
                <xs:element name="Mercato" type="xs:string" minOccurs="0" />
                <xs:element name="Ora" type="xs:string" minOccurs="0" />
                <xs:element name="PUN" type="xs:string" minOccurs="0" />
                <xs:element name="NAT" type="xs:string" minOccurs="0" />
                <xs:element name="CNOR" type="xs:string" minOccurs="0" />
                <xs:element name="CSUD" type="xs:string" minOccurs="0" />
                <xs:element name="NORD" type="xs:string" minOccurs="0" />
                <xs:element name="SARD" type="xs:string" minOccurs="0" />
                <xs:element name="SICI" type="xs:string" minOccurs="0" />
                <xs:element name="SUD" type="xs:string" minOccurs="0" />
                <xs:element name="AUST" type="xs:string" minOccurs="0" />
                <xs:element name="BRNN" type="xs:string" minOccurs="0" />
                <xs:element name="COAC" type="xs:string" minOccurs="0" />
                <xs:element name="CORS" type="xs:string" minOccurs="0" />
                <xs:element name="FOGN" type="xs:string" minOccurs="0" />
                <xs:element name="FRAN" type="xs:string" minOccurs="0" />
                <xs:element name="GREC" type="xs:string" minOccurs="0" />
                <xs:element name="MFTV" type="xs:string" minOccurs="0" />
                <xs:element name="PRGP" type="xs:string" minOccurs="0" />
                <xs:element name="ROSN" type="xs:string" minOccurs="0" />
                <xs:element name="SLOV" type="xs:string" minOccurs="0" />
                <xs:element name="SVIZ" type="xs:string" minOccurs="0" />
                <xs:element name="BSP" type="xs:string" minOccurs="0" />
                <xs:element name="MALT" type="xs:string" minOccurs="0" />
                <xs:element name="XAUS" type="xs:string" minOccurs="0" />
                <xs:element name="XFRA" type="xs:string" minOccurs="0" />
              </xs:sequence>
            </xs:complexType>
          </xs:element>
        </xs:choice>
      </xs:complexType>
    </xs:element>
  </xs:schema>
  <Prezzi>
    <Data>20180428</Data>
    <Mercato>MGP</Mercato>
    <Ora>1</Ora>
    <PUN>41,689020</PUN>
    <NAT>46,320000</NAT>
    <CNOR>46,320000</CNOR>
    <CSUD>61,010000</CSUD>
    <NORD>29,510000</NORD>
    <SARD>61,010000</SARD>
    <SICI>61,010000</SICI>
    <SUD>61,010000</SUD>
    <AUST>29,510000</AUST>
    <BRNN>61,010000</BRNN>
    <COAC>61,010000</COAC>
    <CORS>61,010000</CORS>
    <FOGN>61,010000</FOGN>
    <FRAN>29,510000</FRAN>
    <GREC>61,010000</GREC>
    <MFTV>29,510000</MFTV>
    <PRGP>61,010000</PRGP>
    <ROSN>61,010000</ROSN>
    <SLOV>29,510000</SLOV>
    <SVIZ>29,510000</SVIZ>
    <BSP>29,510000</BSP>
    <MALT>61,010000</MALT>
    <XAUS>29,510000</XAUS>
    <XFRA>29,510000</XFRA>
  </Prezzi>
  <Prezzi>
    <Data>20180428</Data>
    <Mercato>MGP</Mercato>
    <Ora>2</Ora>
    <PUN>36,213560</PUN>
    <NAT>32,160000</NAT>
    <CNOR>28,200000</CNOR>
    <CSUD>53,060000</CSUD>
    <NORD>28,200000</NORD>
    <SARD>53,060000</SARD>
    <SICI>53,060000</SICI>
    <SUD>53,060000</SUD>
    <AUST>28,200000</AUST>
    <BRNN>53,060000</BRNN>
    <COAC>53,060000</COAC>
    <CORS>53,060000</CORS>
    <FOGN>53,060000</FOGN>
    <FRAN>28,200000</FRAN>
    <GREC>53,060000</GREC>
    <MFTV>28,200000</MFTV>
    <PRGP>53,060000</PRGP>
    <ROSN>53,060000</ROSN>
    <SLOV>28,200000</SLOV>
    <SVIZ>28,200000</SVIZ>
    <BSP>28,200000</BSP>
    <MALT>53,060000</MALT>
    <XAUS>28,200000</XAUS>
    <XFRA>28,200000</XFRA>
  </Prezzi>
  <Prezzi>
    <Data>20180428</Data>
    <Mercato>MGP</Mercato>
    <Ora>3</Ora>
    <PUN>34,128230</PUN>
    <NAT>30,100000</NAT>
    <CNOR>25,261710</CNOR>
    <CSUD>53,060000</CSUD>
    <NORD>25,261710</NORD>
    <SARD>53,060000</SARD>
    <SICI>53,060000</SICI>
    <SUD>53,060000</SUD>
    <AUST>25,261710</AUST>
    <BRNN>53,060000</BRNN>
    <COAC>53,060000</COAC>
    <CORS>53,060000</CORS>
    <FOGN>53,060000</FOGN>
    <FRAN>25,261710</FRAN>
    <GREC>53,060000</GREC>
    <MFTV>25,261710</MFTV>
    <PRGP>53,060000</PRGP>
    <ROSN>53,060000</ROSN>
    <SLOV>25,261710</SLOV>
    <SVIZ>25,261710</SVIZ>
    <BSP>25,261710</BSP>
    <MALT>53,060000</MALT>
    <XAUS>25,261710</XAUS>
    <XFRA>25,261710</XFRA>
  </Prezzi>
  <Prezzi>
    <Data>20180428</Data>
    <Mercato>MGP</Mercato>
    <Ora>4</Ora>
    <PUN>33,646700</PUN>
    <NAT>30,080000</NAT>
    <CNOR>24,734500</CNOR>
    <CSUD>52,680000</CSUD>
    <NORD>24,734500</NORD>
    <SARD>52,680000</SARD>
    <SICI>52,680000</SICI>
    <SUD>52,680000</SUD>
    <AUST>24,734500</AUST>
    <BRNN>52,680000</BRNN>
    <COAC>52,680000</COAC>
    <CORS>52,680000</CORS>
    <FOGN>52,680000</FOGN>
    <FRAN>24,734500</FRAN>
    <GREC>52,680000</GREC>
    <MFTV>24,734500</MFTV>
    <PRGP>52,680000</PRGP>
    <ROSN>52,680000</ROSN>
    <SLOV>24,734500</SLOV>
    <SVIZ>24,734500</SVIZ>
    <BSP>24,734500</BSP>
    <MALT>52,680000</MALT>
    <XAUS>24,734500</XAUS>
    <XFRA>24,734500</XFRA>
  </Prezzi>
  <Prezzi>
    <Data>20180428</Data>
    <Mercato>MGP</Mercato>
    <Ora>5</Ora>
    <PUN>31,207520</PUN>
    <NAT>29,510000</NAT>
    <CNOR>22,778260</CNOR>
    <CSUD>49,100000</CSUD>
    <NORD>22,778260</NORD>
    <SARD>49,100000</SARD>
    <SICI>49,100000</SICI>
    <SUD>49,100000</SUD>
    <AUST>22,778260</AUST>
    <BRNN>49,100000</BRNN>
    <COAC>49,100000</COAC>
    <CORS>49,100000</CORS>
    <FOGN>49,100000</FOGN>
    <FRAN>22,778260</FRAN>
    <GREC>49,100000</GREC>
    <MFTV>22,778260</MFTV>
    <PRGP>49,100000</PRGP>
    <ROSN>49,100000</ROSN>
    <SLOV>22,778260</SLOV>
    <SVIZ>22,778260</SVIZ>
    <BSP>22,778260</BSP>
    <MALT>49,100000</MALT>
    <XAUS>22,778260</XAUS>
    <XFRA>22,778260</XFRA>
  </Prezzi>
  <Prezzi>
    <Data>20180428</Data>
    <Mercato>MGP</Mercato>
    <Ora>6</Ora>
    <PUN>32,158860</PUN>
    <NAT>29,510000</NAT>
    <CNOR>24,110000</CNOR>
    <CSUD>49,100000</CSUD>
    <NORD>24,110000</NORD>
    <SARD>49,100000</SARD>
    <SICI>49,100000</SICI>
    <SUD>49,100000</SUD>
    <AUST>24,110000</AUST>
    <BRNN>49,100000</BRNN>
    <COAC>49,100000</COAC>
    <CORS>49,100000</CORS>
    <FOGN>49,100000</FOGN>
    <FRAN>24,110000</FRAN>
    <GREC>49,100000</GREC>
    <MFTV>24,110000</MFTV>
    <PRGP>49,100000</PRGP>
    <ROSN>49,100000</ROSN>
    <SLOV>24,110000</SLOV>
    <SVIZ>24,110000</SVIZ>
    <BSP>24,110000</BSP>
    <MALT>49,100000</MALT>
    <XAUS>24,110000</XAUS>
    <XFRA>24,110000</XFRA>
  </Prezzi>
  <Prezzi>
    <Data>20180428</Data>
    <Mercato>MGP</Mercato>
    <Ora>7</Ora>
    <PUN>36,717810</PUN>
    <NAT>31,730000</NAT>
    <CNOR>29,400000</CNOR>
    <CSUD>52,520000</CSUD>
    <NORD>29,400000</NORD>
    <SARD>52,520000</SARD>
    <SICI>52,520000</SICI>
    <SUD>52,520000</SUD>
    <AUST>29,400000</AUST>
    <BRNN>52,520000</BRNN>
    <COAC>52,520000</COAC>
    <CORS>52,520000</CORS>
    <FOGN>52,520000</FOGN>
    <FRAN>29,400000</FRAN>
    <GREC>52,520000</GREC>
    <MFTV>29,400000</MFTV>
    <PRGP>52,520000</PRGP>
    <ROSN>52,520000</ROSN>
    <SLOV>29,400000</SLOV>
    <SVIZ>29,400000</SVIZ>
    <BSP>29,400000</BSP>
    <MALT>52,520000</MALT>
    <XAUS>29,400000</XAUS>
    <XFRA>29,400000</XFRA>
  </Prezzi>
  <Prezzi>
    <Data>20180428</Data>
    <Mercato>MGP</Mercato>
    <Ora>8</Ora>
    <PUN>48,141150</PUN>
    <NAT>48,720000</NAT>
    <CNOR>49,990000</CNOR>
    <CSUD>53,060000</CSUD>
    <NORD>45,000000</NORD>
    <SARD>53,060000</SARD>
    <SICI>53,060000</SICI>
    <SUD>53,060000</SUD>
    <AUST>45,000000</AUST>
    <BRNN>53,060000</BRNN>
    <COAC>53,060000</COAC>
    <CORS>53,060000</CORS>
    <FOGN>53,060000</FOGN>
    <FRAN>45,000000</FRAN>
    <GREC>53,060000</GREC>
    <MFTV>45,000000</MFTV>
    <PRGP>53,060000</PRGP>
    <ROSN>53,060000</ROSN>
    <SLOV>45,000000</SLOV>
    <SVIZ>45,000000</SVIZ>
    <BSP>45,000000</BSP>
    <MALT>53,060000</MALT>
    <XAUS>45,000000</XAUS>
    <XFRA>45,000000</XFRA>
  </Prezzi>
  <Prezzi>
    <Data>20180428</Data>
    <Mercato>MGP</Mercato>
    <Ora>9</Ora>
    <PUN>54,570000</PUN>
    <NAT>54,570000</NAT>
    <CNOR>54,570000</CNOR>
    <CSUD>54,570000</CSUD>
    <NORD>54,570000</NORD>
    <SARD>54,570000</SARD>
    <SICI>54,570000</SICI>
    <SUD>54,570000</SUD>
    <AUST>54,570000</AUST>
    <BRNN>54,570000</BRNN>
    <COAC>54,570000</COAC>
    <CORS>54,570000</CORS>
    <FOGN>54,570000</FOGN>
    <FRAN>54,570000</FRAN>
    <GREC>54,570000</GREC>
    <MFTV>54,570000</MFTV>
    <PRGP>54,570000</PRGP>
    <ROSN>54,570000</ROSN>
    <SLOV>54,570000</SLOV>
    <SVIZ>54,570000</SVIZ>
    <BSP>54,570000</BSP>
    <MALT>54,570000</MALT>
    <XAUS>54,570000</XAUS>
    <XFRA>54,570000</XFRA>
  </Prezzi>
  <Prezzi>
    <Data>20180428</Data>
    <Mercato>MGP</Mercato>
    <Ora>10</Ora>
    <PUN>55,970000</PUN>
    <NAT>55,970000</NAT>
    <CNOR>55,970000</CNOR>
    <CSUD>55,970000</CSUD>
    <NORD>55,970000</NORD>
    <SARD>55,970000</SARD>
    <SICI>55,970000</SICI>
    <SUD>55,970000</SUD>
    <AUST>55,970000</AUST>
    <BRNN>55,970000</BRNN>
    <COAC>55,970000</COAC>
    <CORS>55,970000</CORS>
    <FOGN>55,970000</FOGN>
    <FRAN>55,970000</FRAN>
    <GREC>55,970000</GREC>
    <MFTV>55,970000</MFTV>
    <PRGP>55,970000</PRGP>
    <ROSN>55,970000</ROSN>
    <SLOV>55,970000</SLOV>
    <SVIZ>55,970000</SVIZ>
    <BSP>55,970000</BSP>
    <MALT>55,970000</MALT>
    <XAUS>55,970000</XAUS>
    <XFRA>55,970000</XFRA>
  </Prezzi>
  <Prezzi>
    <Data>20180428</Data>
    <Mercato>MGP</Mercato>
    <Ora>11</Ora>
    <PUN>53,060000</PUN>
    <NAT>53,060000</NAT>
    <CNOR>53,060000</CNOR>
    <CSUD>53,060000</CSUD>
    <NORD>53,060000</NORD>
    <SARD>53,060000</SARD>
    <SICI>53,060000</SICI>
    <SUD>53,060000</SUD>
    <AUST>53,060000</AUST>
    <BRNN>53,060000</BRNN>
    <COAC>53,060000</COAC>
    <CORS>53,060000</CORS>
    <FOGN>53,060000</FOGN>
    <FRAN>53,060000</FRAN>
    <GREC>53,060000</GREC>
    <MFTV>53,060000</MFTV>
    <PRGP>53,060000</PRGP>
    <ROSN>53,060000</ROSN>
    <SLOV>53,060000</SLOV>
    <SVIZ>53,060000</SVIZ>
    <BSP>53,060000</BSP>
    <MALT>53,060000</MALT>
    <XAUS>53,060000</XAUS>
    <XFRA>53,060000</XFRA>
  </Prezzi>
  <Prezzi>
    <Data>20180428</Data>
    <Mercato>MGP</Mercato>
    <Ora>12</Ora>
    <PUN>49,000000</PUN>
    <NAT>49,000000</NAT>
    <CNOR>49,000000</CNOR>
    <CSUD>49,000000</CSUD>
    <NORD>49,000000</NORD>
    <SARD>49,000000</SARD>
    <SICI>49,000000</SICI>
    <SUD>49,000000</SUD>
    <AUST>49,000000</AUST>
    <BRNN>49,000000</BRNN>
    <COAC>49,000000</COAC>
    <CORS>49,000000</CORS>
    <FOGN>49,000000</FOGN>
    <FRAN>49,000000</FRAN>
    <GREC>49,000000</GREC>
    <MFTV>49,000000</MFTV>
    <PRGP>49,000000</PRGP>
    <ROSN>49,000000</ROSN>
    <SLOV>49,000000</SLOV>
    <SVIZ>49,000000</SVIZ>
    <BSP>49,000000</BSP>
    <MALT>49,000000</MALT>
    <XAUS>49,000000</XAUS>
    <XFRA>49,000000</XFRA>
  </Prezzi>
  <Prezzi>
    <Data>20180428</Data>
    <Mercato>MGP</Mercato>
    <Ora>13</Ora>
    <PUN>44,000000</PUN>
    <NAT>44,000000</NAT>
    <CNOR>44,000000</CNOR>
    <CSUD>44,000000</CSUD>
    <NORD>44,000000</NORD>
    <SARD>44,000000</SARD>
    <SICI>44,000000</SICI>
    <SUD>44,000000</SUD>
    <AUST>44,000000</AUST>
    <BRNN>44,000000</BRNN>
    <COAC>44,000000</COAC>
    <CORS>44,000000</CORS>
    <FOGN>44,000000</FOGN>
    <FRAN>44,000000</FRAN>
    <GREC>44,000000</GREC>
    <MFTV>44,000000</MFTV>
    <PRGP>44,000000</PRGP>
    <ROSN>44,000000</ROSN>
    <SLOV>44,000000</SLOV>
    <SVIZ>44,000000</SVIZ>
    <BSP>44,000000</BSP>
    <MALT>44,000000</MALT>
    <XAUS>44,000000</XAUS>
    <XFRA>44,000000</XFRA>
  </Prezzi>
  <Prezzi>
    <Data>20180428</Data>
    <Mercato>MGP</Mercato>
    <Ora>14</Ora>
    <PUN>32,010000</PUN>
    <NAT>32,010000</NAT>
    <CNOR>32,010000</CNOR>
    <CSUD>32,010000</CSUD>
    <NORD>32,010000</NORD>
    <SARD>32,010000</SARD>
    <SICI>32,010000</SICI>
    <SUD>32,010000</SUD>
    <AUST>32,010000</AUST>
    <BRNN>32,010000</BRNN>
    <COAC>32,010000</COAC>
    <CORS>32,010000</CORS>
    <FOGN>32,010000</FOGN>
    <FRAN>32,010000</FRAN>
    <GREC>32,010000</GREC>
    <MFTV>32,010000</MFTV>
    <PRGP>32,010000</PRGP>
    <ROSN>32,010000</ROSN>
    <SLOV>32,010000</SLOV>
    <SVIZ>32,010000</SVIZ>
    <BSP>32,010000</BSP>
    <MALT>32,010000</MALT>
    <XAUS>32,010000</XAUS>
    <XFRA>32,010000</XFRA>
  </Prezzi>
  <Prezzi>
    <Data>20180428</Data>
    <Mercato>MGP</Mercato>
    <Ora>15</Ora>
    <PUN>32,000000</PUN>
    <NAT>32,000000</NAT>
    <CNOR>32,000000</CNOR>
    <CSUD>32,000000</CSUD>
    <NORD>32,000000</NORD>
    <SARD>32,000000</SARD>
    <SICI>32,000000</SICI>
    <SUD>32,000000</SUD>
    <AUST>32,000000</AUST>
    <BRNN>32,000000</BRNN>
    <COAC>32,000000</COAC>
    <CORS>32,000000</CORS>
    <FOGN>32,000000</FOGN>
    <FRAN>32,000000</FRAN>
    <GREC>32,000000</GREC>
    <MFTV>32,000000</MFTV>
    <PRGP>32,000000</PRGP>
    <ROSN>32,000000</ROSN>
    <SLOV>32,000000</SLOV>
    <SVIZ>32,000000</SVIZ>
    <BSP>32,000000</BSP>
    <MALT>32,000000</MALT>
    <XAUS>32,000000</XAUS>
    <XFRA>32,000000</XFRA>
  </Prezzi>
  <Prezzi>
    <Data>20180428</Data>
    <Mercato>MGP</Mercato>
    <Ora>16</Ora>
    <PUN>40,010000</PUN>
    <NAT>40,010000</NAT>
    <CNOR>40,010000</CNOR>
    <CSUD>40,010000</CSUD>
    <NORD>40,010000</NORD>
    <SARD>40,010000</SARD>
    <SICI>40,010000</SICI>
    <SUD>40,010000</SUD>
    <AUST>40,010000</AUST>
    <BRNN>40,010000</BRNN>
    <COAC>40,010000</COAC>
    <CORS>40,010000</CORS>
    <FOGN>40,010000</FOGN>
    <FRAN>40,010000</FRAN>
    <GREC>40,010000</GREC>
    <MFTV>40,010000</MFTV>
    <PRGP>40,010000</PRGP>
    <ROSN>40,010000</ROSN>
    <SLOV>40,010000</SLOV>
    <SVIZ>40,010000</SVIZ>
    <BSP>40,010000</BSP>
    <MALT>40,010000</MALT>
    <XAUS>40,010000</XAUS>
    <XFRA>40,010000</XFRA>
  </Prezzi>
  <Prezzi>
    <Data>20180428</Data>
    <Mercato>MGP</Mercato>
    <Ora>17</Ora>
    <PUN>46,230000</PUN>
    <NAT>46,230000</NAT>
    <CNOR>46,230000</CNOR>
    <CSUD>46,230000</CSUD>
    <NORD>46,230000</NORD>
    <SARD>46,230000</SARD>
    <SICI>46,230000</SICI>
    <SUD>46,230000</SUD>
    <AUST>46,230000</AUST>
    <BRNN>46,230000</BRNN>
    <COAC>46,230000</COAC>
    <CORS>46,230000</CORS>
    <FOGN>46,230000</FOGN>
    <FRAN>46,230000</FRAN>
    <GREC>46,230000</GREC>
    <MFTV>46,230000</MFTV>
    <PRGP>46,230000</PRGP>
    <ROSN>46,230000</ROSN>
    <SLOV>46,230000</SLOV>
    <SVIZ>46,230000</SVIZ>
    <BSP>46,230000</BSP>
    <MALT>46,230000</MALT>
    <XAUS>46,230000</XAUS>
    <XFRA>46,230000</XFRA>
  </Prezzi>
  <Prezzi>
    <Data>20180428</Data>
    <Mercato>MGP</Mercato>
    <Ora>18</Ora>
    <PUN>48,150000</PUN>
    <NAT>48,150000</NAT>
    <CNOR>48,150000</CNOR>
    <CSUD>48,150000</CSUD>
    <NORD>48,150000</NORD>
    <SARD>48,150000</SARD>
    <SICI>48,150000</SICI>
    <SUD>48,150000</SUD>
    <AUST>48,150000</AUST>
    <BRNN>48,150000</BRNN>
    <COAC>48,150000</COAC>
    <CORS>48,150000</CORS>
    <FOGN>48,150000</FOGN>
    <FRAN>48,150000</FRAN>
    <GREC>48,150000</GREC>
    <MFTV>48,150000</MFTV>
    <PRGP>48,150000</PRGP>
    <ROSN>48,150000</ROSN>
    <SLOV>48,150000</SLOV>
    <SVIZ>48,150000</SVIZ>
    <BSP>48,150000</BSP>
    <MALT>48,150000</MALT>
    <XAUS>48,150000</XAUS>
    <XFRA>48,150000</XFRA>
  </Prezzi>
  <Prezzi>
    <Data>20180428</Data>
    <Mercato>MGP</Mercato>
    <Ora>19</Ora>
    <PUN>49,046180</PUN>
    <NAT>49,100000</NAT>
    <CNOR>49,100000</CNOR>
    <CSUD>49,100000</CSUD>
    <NORD>49,000000</NORD>
    <SARD>49,100000</SARD>
    <SICI>49,100000</SICI>
    <SUD>49,100000</SUD>
    <AUST>49,000000</AUST>
    <BRNN>49,100000</BRNN>
    <COAC>49,100000</COAC>
    <CORS>49,100000</CORS>
    <FOGN>49,100000</FOGN>
    <FRAN>49,000000</FRAN>
    <GREC>49,100000</GREC>
    <MFTV>49,000000</MFTV>
    <PRGP>49,100000</PRGP>
    <ROSN>49,100000</ROSN>
    <SLOV>49,000000</SLOV>
    <SVIZ>49,000000</SVIZ>
    <BSP>49,000000</BSP>
    <MALT>49,100000</MALT>
    <XAUS>49,000000</XAUS>
    <XFRA>49,000000</XFRA>
  </Prezzi>
  <Prezzi>
    <Data>20180428</Data>
    <Mercato>MGP</Mercato>
    <Ora>20</Ora>
    <PUN>54,837860</PUN>
    <NAT>53,060000</NAT>
    <CNOR>61,290000</CNOR>
    <CSUD>61,290000</CSUD>
    <NORD>48,740000</NORD>
    <SARD>61,290000</SARD>
    <SICI>64,060000</SICI>
    <SUD>61,290000</SUD>
    <AUST>48,740000</AUST>
    <BRNN>61,290000</BRNN>
    <COAC>61,290000</COAC>
    <CORS>61,290000</CORS>
    <FOGN>61,290000</FOGN>
    <FRAN>48,740000</FRAN>
    <GREC>61,290000</GREC>
    <MFTV>48,740000</MFTV>
    <PRGP>64,060000</PRGP>
    <ROSN>61,290000</ROSN>
    <SLOV>48,740000</SLOV>
    <SVIZ>48,740000</SVIZ>
    <BSP>48,740000</BSP>
    <MALT>64,060000</MALT>
    <XAUS>48,740000</XAUS>
    <XFRA>48,740000</XFRA>
  </Prezzi>
  <Prezzi>
    <Data>20180428</Data>
    <Mercato>MGP</Mercato>
    <Ora>21</Ora>
    <PUN>60,491860</PUN>
    <NAT>54,570000</NAT>
    <CNOR>74,910000</CNOR>
    <CSUD>74,910000</CSUD>
    <NORD>45,948140</NORD>
    <SARD>74,910000</SARD>
    <SICI>83,000000</SICI>
    <SUD>74,910000</SUD>
    <AUST>45,948140</AUST>
    <BRNN>74,910000</BRNN>
    <COAC>74,910000</COAC>
    <CORS>74,910000</CORS>
    <FOGN>74,910000</FOGN>
    <FRAN>45,948140</FRAN>
    <GREC>74,910000</GREC>
    <MFTV>45,948140</MFTV>
    <PRGP>83,000000</PRGP>
    <ROSN>74,910000</ROSN>
    <SLOV>45,948140</SLOV>
    <SVIZ>45,948140</SVIZ>
    <BSP>45,948140</BSP>
    <MALT>83,000000</MALT>
    <XAUS>45,948140</XAUS>
    <XFRA>45,948140</XFRA>
  </Prezzi>
  <Prezzi>
    <Data>20180428</Data>
    <Mercato>MGP</Mercato>
    <Ora>22</Ora>
    <PUN>52,142960</PUN>
    <NAT>49,100000</NAT>
    <CNOR>61,300000</CNOR>
    <CSUD>61,300000</CSUD>
    <NORD>42,272510</NORD>
    <SARD>61,300000</SARD>
    <SICI>74,990000</SICI>
    <SUD>61,300000</SUD>
    <AUST>42,272510</AUST>
    <BRNN>61,300000</BRNN>
    <COAC>61,300000</COAC>
    <CORS>61,300000</CORS>
    <FOGN>61,300000</FOGN>
    <FRAN>42,272510</FRAN>
    <GREC>61,300000</GREC>
    <MFTV>42,272510</MFTV>
    <PRGP>74,990000</PRGP>
    <ROSN>61,300000</ROSN>
    <SLOV>42,272510</SLOV>
    <SVIZ>42,272510</SVIZ>
    <BSP>42,272510</BSP>
    <MALT>74,990000</MALT>
    <XAUS>42,272510</XAUS>
    <XFRA>42,272510</XFRA>
  </Prezzi>
  <Prezzi>
    <Data>20180428</Data>
    <Mercato>MGP</Mercato>
    <Ora>23</Ora>
    <PUN>46,223370</PUN>
    <NAT>47,150000</NAT>
    <CNOR>53,060000</CNOR>
    <CSUD>53,060000</CSUD>
    <NORD>38,979350</NORD>
    <SARD>53,060000</SARD>
    <SICI>62,930000</SICI>
    <SUD>53,060000</SUD>
    <AUST>38,979350</AUST>
    <BRNN>53,060000</BRNN>
    <COAC>53,060000</COAC>
    <CORS>53,060000</CORS>
    <FOGN>53,060000</FOGN>
    <FRAN>38,979350</FRAN>
    <GREC>53,060000</GREC>
    <MFTV>38,979350</MFTV>
    <PRGP>62,930000</PRGP>
    <ROSN>53,060000</ROSN>
    <SLOV>38,979350</SLOV>
    <SVIZ>38,979350</SVIZ>
    <BSP>38,979350</BSP>
    <MALT>62,930000</MALT>
    <XAUS>38,979350</XAUS>
    <XFRA>38,979350</XFRA>
  </Prezzi>
  <Prezzi>
    <Data>20180428</Data>
    <Mercato>MGP</Mercato>
    <Ora>24</Ora>
    <PUN>40,290200</PUN>
    <NAT>44,170000</NAT>
    <CNOR>35,960000</CNOR>
    <CSUD>48,000000</CSUD>
    <NORD>35,960000</NORD>
    <SARD>48,000000</SARD>
    <SICI>48,000000</SICI>
    <SUD>48,000000</SUD>
    <AUST>35,960000</AUST>
    <BRNN>48,000000</BRNN>
    <COAC>48,000000</COAC>
    <CORS>48,000000</CORS>
    <FOGN>48,000000</FOGN>
    <FRAN>35,960000</FRAN>
    <GREC>48,000000</GREC>
    <MFTV>35,960000</MFTV>
    <PRGP>48,000000</PRGP>
    <ROSN>48,000000</ROSN>
    <SLOV>35,960000</SLOV>
    <SVIZ>35,960000</SVIZ>
    <BSP>35,960000</BSP>
    <MALT>48,000000</MALT>
    <XAUS>35,960000</XAUS>
    <XFRA>35,960000</XFRA>
  </Prezzi>
</NewDataSet>