<?xml version="1.0" standalone="yes"?>
<NewDataSet>
  <xs:schema id="NewDataSet" xmlns="" xmlns:xs="http://www.w3.org/2001/XMLSchema" xmlns:msdata="urn:schemas-microsoft-com:xml-msdata">
    <xs:element name="NewDataSet" msdata:IsDataSet="true" msdata:UseCurrentLocale="true">
      <xs:complexType>
        <xs:choice minOccurs="0" maxOccurs="unbounded">
          <xs:element name="Prezzi">
            <xs:complexType>
              <xs:sequence>
                <xs:element name="Data" type="xs:string" minOccurs="0" />
                <xs:element name="Mercato" type="xs:string" minOccurs="0" />
                <xs:element name="Ora" type="xs:string" minOccurs="0" />
                <xs:element name="PUN" type="xs:string" minOccurs="0" />
                <xs:element name="NAT" type="xs:string" minOccurs="0" />
                <xs:element name="CNOR" type="xs:string" minOccurs="0" />
                <xs:element name="CSUD" type="xs:string" minOccurs="0" />
                <xs:element name="NORD" type="xs:string" minOccurs="0" />
                <xs:element name="SARD" type="xs:string" minOccurs="0" />
                <xs:element name="SICI" type="xs:string" minOccurs="0" />
                <xs:element name="SUD" type="xs:string" minOccurs="0" />
                <xs:element name="AUST" type="xs:string" minOccurs="0" />
                <xs:element name="BRNN" type="xs:string" minOccurs="0" />
                <xs:element name="COAC" type="xs:string" minOccurs="0" />
                <xs:element name="CORS" type="xs:string" minOccurs="0" />
                <xs:element name="FOGN" type="xs:string" minOccurs="0" />
                <xs:element name="FRAN" type="xs:string" minOccurs="0" />
                <xs:element name="GREC" type="xs:string" minOccurs="0" />
                <xs:element name="MFTV" type="xs:string" minOccurs="0" />
                <xs:element name="PRGP" type="xs:string" minOccurs="0" />
                <xs:element name="ROSN" type="xs:string" minOccurs="0" />
                <xs:element name="SLOV" type="xs:string" minOccurs="0" />
                <xs:element name="SVIZ" type="xs:string" minOccurs="0" />
                <xs:element name="BSP" type="xs:string" minOccurs="0" />
                <xs:element name="MALT" type="xs:string" minOccurs="0" />
                <xs:element name="XAUS" type="xs:string" minOccurs="0" />
                <xs:element name="XFRA" type="xs:string" minOccurs="0" />
              </xs:sequence>
            </xs:complexType>
          </xs:element>
        </xs:choice>
      </xs:complexType>
    </xs:element>
  </xs:schema>
  <Prezzi>
    <Data>20180417</Data>
    <Mercato>MGP</Mercato>
    <Ora>1</Ora>
    <PUN>47,177940</PUN>
    <NAT>48,850000</NAT>
    <CNOR>40,990000</CNOR>
    <CSUD>59,990000</CSUD>
    <NORD>40,990000</NORD>
    <SARD>59,990000</SARD>
    <SICI>59,990000</SICI>
    <SUD>59,990000</SUD>
    <AUST>40,990000</AUST>
    <BRNN>59,990000</BRNN>
    <COAC>59,990000</COAC>
    <CORS>59,990000</CORS>
    <FOGN>59,990000</FOGN>
    <FRAN>40,990000</FRAN>
    <GREC>59,990000</GREC>
    <MFTV>40,990000</MFTV>
    <PRGP>59,990000</PRGP>
    <ROSN>59,990000</ROSN>
    <SLOV>40,990000</SLOV>
    <SVIZ>40,990000</SVIZ>
    <BSP>40,990000</BSP>
    <MALT>59,990000</MALT>
    <XAUS>40,990000</XAUS>
    <XFRA>40,990000</XFRA>
  </Prezzi>
  <Prezzi>
    <Data>20180417</Data>
    <Mercato>MGP</Mercato>
    <Ora>2</Ora>
    <PUN>40,832140</PUN>
    <NAT>45,290000</NAT>
    <CNOR>36,710850</CNOR>
    <CSUD>49,630000</CSUD>
    <NORD>36,710850</NORD>
    <SARD>49,630000</SARD>
    <SICI>49,630000</SICI>
    <SUD>49,630000</SUD>
    <AUST>36,710850</AUST>
    <BRNN>49,630000</BRNN>
    <COAC>49,630000</COAC>
    <CORS>49,630000</CORS>
    <FOGN>49,630000</FOGN>
    <FRAN>36,710850</FRAN>
    <GREC>49,630000</GREC>
    <MFTV>36,710850</MFTV>
    <PRGP>49,630000</PRGP>
    <ROSN>49,630000</ROSN>
    <SLOV>36,710850</SLOV>
    <SVIZ>36,710850</SVIZ>
    <BSP>36,710850</BSP>
    <MALT>49,630000</MALT>
    <XAUS>36,710850</XAUS>
    <XFRA>36,710850</XFRA>
  </Prezzi>
  <Prezzi>
    <Data>20180417</Data>
    <Mercato>MGP</Mercato>
    <Ora>3</Ora>
    <PUN>40,401610</PUN>
    <NAT>41,870000</NAT>
    <CNOR>36,500000</CNOR>
    <CSUD>48,850000</CSUD>
    <NORD>36,500000</NORD>
    <SARD>48,850000</SARD>
    <SICI>48,850000</SICI>
    <SUD>48,850000</SUD>
    <AUST>36,500000</AUST>
    <BRNN>48,850000</BRNN>
    <COAC>48,850000</COAC>
    <CORS>48,850000</CORS>
    <FOGN>48,850000</FOGN>
    <FRAN>36,500000</FRAN>
    <GREC>48,850000</GREC>
    <MFTV>36,500000</MFTV>
    <PRGP>48,850000</PRGP>
    <ROSN>48,850000</ROSN>
    <SLOV>36,500000</SLOV>
    <SVIZ>36,500000</SVIZ>
    <BSP>36,500000</BSP>
    <MALT>48,850000</MALT>
    <XAUS>36,500000</XAUS>
    <XFRA>36,500000</XFRA>
  </Prezzi>
  <Prezzi>
    <Data>20180417</Data>
    <Mercato>MGP</Mercato>
    <Ora>4</Ora>
    <PUN>39,697440</PUN>
    <NAT>41,760000</NAT>
    <CNOR>35,500000</CNOR>
    <CSUD>48,850000</CSUD>
    <NORD>35,500000</NORD>
    <SARD>48,850000</SARD>
    <SICI>48,850000</SICI>
    <SUD>48,850000</SUD>
    <AUST>35,500000</AUST>
    <BRNN>48,850000</BRNN>
    <COAC>48,850000</COAC>
    <CORS>48,850000</CORS>
    <FOGN>48,850000</FOGN>
    <FRAN>35,500000</FRAN>
    <GREC>48,850000</GREC>
    <MFTV>35,500000</MFTV>
    <PRGP>48,850000</PRGP>
    <ROSN>48,850000</ROSN>
    <SLOV>35,500000</SLOV>
    <SVIZ>35,500000</SVIZ>
    <BSP>35,500000</BSP>
    <MALT>48,850000</MALT>
    <XAUS>35,500000</XAUS>
    <XFRA>35,500000</XFRA>
  </Prezzi>
  <Prezzi>
    <Data>20180417</Data>
    <Mercato>MGP</Mercato>
    <Ora>5</Ora>
    <PUN>39,962310</PUN>
    <NAT>41,870000</NAT>
    <CNOR>35,908970</CNOR>
    <CSUD>48,850000</CSUD>
    <NORD>35,908970</NORD>
    <SARD>48,850000</SARD>
    <SICI>48,850000</SICI>
    <SUD>48,850000</SUD>
    <AUST>35,908970</AUST>
    <BRNN>48,850000</BRNN>
    <COAC>48,850000</COAC>
    <CORS>48,850000</CORS>
    <FOGN>48,850000</FOGN>
    <FRAN>35,908970</FRAN>
    <GREC>48,850000</GREC>
    <MFTV>35,908970</MFTV>
    <PRGP>48,850000</PRGP>
    <ROSN>48,850000</ROSN>
    <SLOV>35,908970</SLOV>
    <SVIZ>35,908970</SVIZ>
    <BSP>35,908970</BSP>
    <MALT>48,850000</MALT>
    <XAUS>35,908970</XAUS>
    <XFRA>35,908970</XFRA>
  </Prezzi>
  <Prezzi>
    <Data>20180417</Data>
    <Mercato>MGP</Mercato>
    <Ora>6</Ora>
    <PUN>39,944250</PUN>
    <NAT>45,000000</NAT>
    <CNOR>35,238710</CNOR>
    <CSUD>50,360000</CSUD>
    <NORD>35,238710</NORD>
    <SARD>50,360000</SARD>
    <SICI>50,360000</SICI>
    <SUD>50,360000</SUD>
    <AUST>35,238710</AUST>
    <BRNN>50,360000</BRNN>
    <COAC>50,360000</COAC>
    <CORS>50,360000</CORS>
    <FOGN>50,360000</FOGN>
    <FRAN>35,238710</FRAN>
    <GREC>50,360000</GREC>
    <MFTV>35,238710</MFTV>
    <PRGP>50,360000</PRGP>
    <ROSN>50,360000</ROSN>
    <SLOV>35,238710</SLOV>
    <SVIZ>35,238710</SVIZ>
    <BSP>35,238710</BSP>
    <MALT>50,360000</MALT>
    <XAUS>35,238710</XAUS>
    <XFRA>35,238710</XFRA>
  </Prezzi>
  <Prezzi>
    <Data>20180417</Data>
    <Mercato>MGP</Mercato>
    <Ora>7</Ora>
    <PUN>54,000000</PUN>
    <NAT>54,000000</NAT>
    <CNOR>54,000000</CNOR>
    <CSUD>54,000000</CSUD>
    <NORD>54,000000</NORD>
    <SARD>54,000000</SARD>
    <SICI>54,000000</SICI>
    <SUD>54,000000</SUD>
    <AUST>54,000000</AUST>
    <BRNN>54,000000</BRNN>
    <COAC>54,000000</COAC>
    <CORS>54,000000</CORS>
    <FOGN>54,000000</FOGN>
    <FRAN>54,000000</FRAN>
    <GREC>54,000000</GREC>
    <MFTV>54,000000</MFTV>
    <PRGP>54,000000</PRGP>
    <ROSN>54,000000</ROSN>
    <SLOV>54,000000</SLOV>
    <SVIZ>54,000000</SVIZ>
    <BSP>54,000000</BSP>
    <MALT>54,000000</MALT>
    <XAUS>54,000000</XAUS>
    <XFRA>54,000000</XFRA>
  </Prezzi>
  <Prezzi>
    <Data>20180417</Data>
    <Mercato>MGP</Mercato>
    <Ora>8</Ora>
    <PUN>56,930000</PUN>
    <NAT>56,930000</NAT>
    <CNOR>56,930000</CNOR>
    <CSUD>56,930000</CSUD>
    <NORD>56,930000</NORD>
    <SARD>56,930000</SARD>
    <SICI>56,930000</SICI>
    <SUD>56,930000</SUD>
    <AUST>56,930000</AUST>
    <BRNN>56,930000</BRNN>
    <COAC>56,930000</COAC>
    <CORS>56,930000</CORS>
    <FOGN>56,930000</FOGN>
    <FRAN>56,930000</FRAN>
    <GREC>56,930000</GREC>
    <MFTV>56,930000</MFTV>
    <PRGP>56,930000</PRGP>
    <ROSN>56,930000</ROSN>
    <SLOV>56,930000</SLOV>
    <SVIZ>56,930000</SVIZ>
    <BSP>56,930000</BSP>
    <MALT>56,930000</MALT>
    <XAUS>56,930000</XAUS>
    <XFRA>56,930000</XFRA>
  </Prezzi>
  <Prezzi>
    <Data>20180417</Data>
    <Mercato>MGP</Mercato>
    <Ora>9</Ora>
    <PUN>61,982080</PUN>
    <NAT>63,660000</NAT>
    <CNOR>60,260000</CNOR>
    <CSUD>60,260000</CSUD>
    <NORD>60,260000</NORD>
    <SARD>60,260000</SARD>
    <SICI>92,980000</SICI>
    <SUD>60,260000</SUD>
    <AUST>60,260000</AUST>
    <BRNN>60,260000</BRNN>
    <COAC>60,260000</COAC>
    <CORS>60,260000</CORS>
    <FOGN>60,260000</FOGN>
    <FRAN>60,260000</FRAN>
    <GREC>60,260000</GREC>
    <MFTV>60,260000</MFTV>
    <PRGP>92,980000</PRGP>
    <ROSN>60,260000</ROSN>
    <SLOV>60,260000</SLOV>
    <SVIZ>60,260000</SVIZ>
    <BSP>60,260000</BSP>
    <MALT>92,980000</MALT>
    <XAUS>60,260000</XAUS>
    <XFRA>60,260000</XFRA>
  </Prezzi>
  <Prezzi>
    <Data>20180417</Data>
    <Mercato>MGP</Mercato>
    <Ora>10</Ora>
    <PUN>56,946240</PUN>
    <NAT>55,970000</NAT>
    <CNOR>54,970000</CNOR>
    <CSUD>54,970000</CSUD>
    <NORD>54,970000</NORD>
    <SARD>54,970000</SARD>
    <SICI>92,500000</SICI>
    <SUD>54,970000</SUD>
    <AUST>54,970000</AUST>
    <BRNN>54,970000</BRNN>
    <COAC>54,970000</COAC>
    <CORS>54,970000</CORS>
    <FOGN>54,970000</FOGN>
    <FRAN>54,970000</FRAN>
    <GREC>54,970000</GREC>
    <MFTV>54,970000</MFTV>
    <PRGP>92,500000</PRGP>
    <ROSN>54,970000</ROSN>
    <SLOV>54,970000</SLOV>
    <SVIZ>54,970000</SVIZ>
    <BSP>54,970000</BSP>
    <MALT>92,500000</MALT>
    <XAUS>54,970000</XAUS>
    <XFRA>54,970000</XFRA>
  </Prezzi>
  <Prezzi>
    <Data>20180417</Data>
    <Mercato>MGP</Mercato>
    <Ora>11</Ora>
    <PUN>54,107550</PUN>
    <NAT>53,600000</NAT>
    <CNOR>52,000000</CNOR>
    <CSUD>52,000000</CSUD>
    <NORD>52,000000</NORD>
    <SARD>52,000000</SARD>
    <SICI>92,500000</SICI>
    <SUD>52,000000</SUD>
    <AUST>52,000000</AUST>
    <BRNN>52,000000</BRNN>
    <COAC>52,000000</COAC>
    <CORS>52,000000</CORS>
    <FOGN>52,000000</FOGN>
    <FRAN>52,000000</FRAN>
    <GREC>52,000000</GREC>
    <MFTV>52,000000</MFTV>
    <PRGP>92,500000</PRGP>
    <ROSN>52,000000</ROSN>
    <SLOV>52,000000</SLOV>
    <SVIZ>52,000000</SVIZ>
    <BSP>52,000000</BSP>
    <MALT>92,500000</MALT>
    <XAUS>52,000000</XAUS>
    <XFRA>52,000000</XFRA>
  </Prezzi>
  <Prezzi>
    <Data>20180417</Data>
    <Mercato>MGP</Mercato>
    <Ora>12</Ora>
    <PUN>52,199090</PUN>
    <NAT>50,130000</NAT>
    <CNOR>49,990000</CNOR>
    <CSUD>49,990000</CSUD>
    <NORD>49,990000</NORD>
    <SARD>49,990000</SARD>
    <SICI>92,500000</SICI>
    <SUD>49,990000</SUD>
    <AUST>49,990000</AUST>
    <BRNN>49,990000</BRNN>
    <COAC>49,990000</COAC>
    <CORS>49,990000</CORS>
    <FOGN>49,990000</FOGN>
    <FRAN>49,990000</FRAN>
    <GREC>49,990000</GREC>
    <MFTV>49,990000</MFTV>
    <PRGP>92,500000</PRGP>
    <ROSN>49,990000</ROSN>
    <SLOV>49,990000</SLOV>
    <SVIZ>49,990000</SVIZ>
    <BSP>49,990000</BSP>
    <MALT>92,500000</MALT>
    <XAUS>49,990000</XAUS>
    <XFRA>49,990000</XFRA>
  </Prezzi>
  <Prezzi>
    <Data>20180417</Data>
    <Mercato>MGP</Mercato>
    <Ora>13</Ora>
    <PUN>50,377000</PUN>
    <NAT>48,410000</NAT>
    <CNOR>47,960000</CNOR>
    <CSUD>47,960000</CSUD>
    <NORD>47,960000</NORD>
    <SARD>47,960000</SARD>
    <SICI>92,500000</SICI>
    <SUD>47,960000</SUD>
    <AUST>47,960000</AUST>
    <BRNN>47,960000</BRNN>
    <COAC>47,960000</COAC>
    <CORS>47,960000</CORS>
    <FOGN>47,960000</FOGN>
    <FRAN>47,960000</FRAN>
    <GREC>47,960000</GREC>
    <MFTV>47,960000</MFTV>
    <PRGP>92,500000</PRGP>
    <ROSN>47,960000</ROSN>
    <SLOV>47,960000</SLOV>
    <SVIZ>47,960000</SVIZ>
    <BSP>47,960000</BSP>
    <MALT>92,500000</MALT>
    <XAUS>47,960000</XAUS>
    <XFRA>47,960000</XFRA>
  </Prezzi>
  <Prezzi>
    <Data>20180417</Data>
    <Mercato>MGP</Mercato>
    <Ora>14</Ora>
    <PUN>50,486840</PUN>
    <NAT>48,410000</NAT>
    <CNOR>48,390000</CNOR>
    <CSUD>48,390000</CSUD>
    <NORD>48,390000</NORD>
    <SARD>48,390000</SARD>
    <SICI>88,440000</SICI>
    <SUD>48,390000</SUD>
    <AUST>48,390000</AUST>
    <BRNN>48,390000</BRNN>
    <COAC>48,390000</COAC>
    <CORS>48,390000</CORS>
    <FOGN>48,390000</FOGN>
    <FRAN>48,390000</FRAN>
    <GREC>48,390000</GREC>
    <MFTV>48,390000</MFTV>
    <PRGP>88,440000</PRGP>
    <ROSN>48,390000</ROSN>
    <SLOV>48,390000</SLOV>
    <SVIZ>48,390000</SVIZ>
    <BSP>48,390000</BSP>
    <MALT>88,440000</MALT>
    <XAUS>48,390000</XAUS>
    <XFRA>48,390000</XFRA>
  </Prezzi>
  <Prezzi>
    <Data>20180417</Data>
    <Mercato>MGP</Mercato>
    <Ora>15</Ora>
    <PUN>51,462920</PUN>
    <NAT>49,910000</NAT>
    <CNOR>49,490000</CNOR>
    <CSUD>49,490000</CSUD>
    <NORD>49,490000</NORD>
    <SARD>49,490000</SARD>
    <SICI>88,440000</SICI>
    <SUD>49,490000</SUD>
    <AUST>49,490000</AUST>
    <BRNN>49,490000</BRNN>
    <COAC>49,490000</COAC>
    <CORS>49,490000</CORS>
    <FOGN>49,490000</FOGN>
    <FRAN>49,490000</FRAN>
    <GREC>49,490000</GREC>
    <MFTV>49,490000</MFTV>
    <PRGP>88,440000</PRGP>
    <ROSN>49,490000</ROSN>
    <SLOV>49,490000</SLOV>
    <SVIZ>49,490000</SVIZ>
    <BSP>49,490000</BSP>
    <MALT>88,440000</MALT>
    <XAUS>49,490000</XAUS>
    <XFRA>49,490000</XFRA>
  </Prezzi>
  <Prezzi>
    <Data>20180417</Data>
    <Mercato>MGP</Mercato>
    <Ora>16</Ora>
    <PUN>51,470000</PUN>
    <NAT>51,470000</NAT>
    <CNOR>51,470000</CNOR>
    <CSUD>51,470000</CSUD>
    <NORD>51,470000</NORD>
    <SARD>51,470000</SARD>
    <SICI>51,470000</SICI>
    <SUD>51,470000</SUD>
    <AUST>51,470000</AUST>
    <BRNN>51,470000</BRNN>
    <COAC>51,470000</COAC>
    <CORS>51,470000</CORS>
    <FOGN>51,470000</FOGN>
    <FRAN>51,470000</FRAN>
    <GREC>51,470000</GREC>
    <MFTV>51,470000</MFTV>
    <PRGP>51,470000</PRGP>
    <ROSN>51,470000</ROSN>
    <SLOV>51,470000</SLOV>
    <SVIZ>51,470000</SVIZ>
    <BSP>51,470000</BSP>
    <MALT>51,470000</MALT>
    <XAUS>51,470000</XAUS>
    <XFRA>51,470000</XFRA>
  </Prezzi>
  <Prezzi>
    <Data>20180417</Data>
    <Mercato>MGP</Mercato>
    <Ora>17</Ora>
    <PUN>53,070000</PUN>
    <NAT>53,070000</NAT>
    <CNOR>53,070000</CNOR>
    <CSUD>53,070000</CSUD>
    <NORD>53,070000</NORD>
    <SARD>53,070000</SARD>
    <SICI>53,070000</SICI>
    <SUD>53,070000</SUD>
    <AUST>53,070000</AUST>
    <BRNN>53,070000</BRNN>
    <COAC>53,070000</COAC>
    <CORS>53,070000</CORS>
    <FOGN>53,070000</FOGN>
    <FRAN>53,070000</FRAN>
    <GREC>53,070000</GREC>
    <MFTV>53,070000</MFTV>
    <PRGP>53,070000</PRGP>
    <ROSN>53,070000</ROSN>
    <SLOV>53,070000</SLOV>
    <SVIZ>53,070000</SVIZ>
    <BSP>53,070000</BSP>
    <MALT>53,070000</MALT>
    <XAUS>53,070000</XAUS>
    <XFRA>53,070000</XFRA>
  </Prezzi>
  <Prezzi>
    <Data>20180417</Data>
    <Mercato>MGP</Mercato>
    <Ora>18</Ora>
    <PUN>53,600000</PUN>
    <NAT>53,600000</NAT>
    <CNOR>53,600000</CNOR>
    <CSUD>53,600000</CSUD>
    <NORD>53,600000</NORD>
    <SARD>53,600000</SARD>
    <SICI>53,600000</SICI>
    <SUD>53,600000</SUD>
    <AUST>53,600000</AUST>
    <BRNN>53,600000</BRNN>
    <COAC>53,600000</COAC>
    <CORS>53,600000</CORS>
    <FOGN>53,600000</FOGN>
    <FRAN>53,600000</FRAN>
    <GREC>53,600000</GREC>
    <MFTV>53,600000</MFTV>
    <PRGP>53,600000</PRGP>
    <ROSN>53,600000</ROSN>
    <SLOV>53,600000</SLOV>
    <SVIZ>53,600000</SVIZ>
    <BSP>53,600000</BSP>
    <MALT>53,600000</MALT>
    <XAUS>53,600000</XAUS>
    <XFRA>53,600000</XFRA>
  </Prezzi>
  <Prezzi>
    <Data>20180417</Data>
    <Mercato>MGP</Mercato>
    <Ora>19</Ora>
    <PUN>55,673360</PUN>
    <NAT>55,240000</NAT>
    <CNOR>55,240000</CNOR>
    <CSUD>55,240000</CSUD>
    <NORD>55,240000</NORD>
    <SARD>55,240000</SARD>
    <SICI>62,930000</SICI>
    <SUD>55,240000</SUD>
    <AUST>55,240000</AUST>
    <BRNN>55,240000</BRNN>
    <COAC>55,240000</COAC>
    <CORS>55,240000</CORS>
    <FOGN>55,240000</FOGN>
    <FRAN>55,240000</FRAN>
    <GREC>55,240000</GREC>
    <MFTV>55,240000</MFTV>
    <PRGP>62,930000</PRGP>
    <ROSN>55,240000</ROSN>
    <SLOV>55,240000</SLOV>
    <SVIZ>55,240000</SVIZ>
    <BSP>55,240000</BSP>
    <MALT>62,930000</MALT>
    <XAUS>55,240000</XAUS>
    <XFRA>55,240000</XFRA>
  </Prezzi>
  <Prezzi>
    <Data>20180417</Data>
    <Mercato>MGP</Mercato>
    <Ora>20</Ora>
    <PUN>61,671260</PUN>
    <NAT>60,190000</NAT>
    <CNOR>60,000000</CNOR>
    <CSUD>60,000000</CSUD>
    <NORD>60,000000</NORD>
    <SARD>60,000000</SARD>
    <SICI>88,440000</SICI>
    <SUD>60,000000</SUD>
    <AUST>60,000000</AUST>
    <BRNN>60,000000</BRNN>
    <COAC>60,000000</COAC>
    <CORS>60,000000</CORS>
    <FOGN>60,000000</FOGN>
    <FRAN>60,000000</FRAN>
    <GREC>60,000000</GREC>
    <MFTV>60,000000</MFTV>
    <PRGP>88,440000</PRGP>
    <ROSN>60,000000</ROSN>
    <SLOV>60,000000</SLOV>
    <SVIZ>60,000000</SVIZ>
    <BSP>60,000000</BSP>
    <MALT>88,440000</MALT>
    <XAUS>60,000000</XAUS>
    <XFRA>60,000000</XFRA>
  </Prezzi>
  <Prezzi>
    <Data>20180417</Data>
    <Mercato>MGP</Mercato>
    <Ora>21</Ora>
    <PUN>64,953120</PUN>
    <NAT>64,190000</NAT>
    <CNOR>63,150000</CNOR>
    <CSUD>63,150000</CSUD>
    <NORD>63,150000</NORD>
    <SARD>63,150000</SARD>
    <SICI>92,500000</SICI>
    <SUD>63,150000</SUD>
    <AUST>63,150000</AUST>
    <BRNN>63,150000</BRNN>
    <COAC>63,150000</COAC>
    <CORS>63,150000</CORS>
    <FOGN>63,150000</FOGN>
    <FRAN>63,150000</FRAN>
    <GREC>63,150000</GREC>
    <MFTV>63,150000</MFTV>
    <PRGP>92,500000</PRGP>
    <ROSN>63,150000</ROSN>
    <SLOV>63,150000</SLOV>
    <SVIZ>63,150000</SVIZ>
    <BSP>63,150000</BSP>
    <MALT>92,500000</MALT>
    <XAUS>63,150000</XAUS>
    <XFRA>63,150000</XFRA>
  </Prezzi>
  <Prezzi>
    <Data>20180417</Data>
    <Mercato>MGP</Mercato>
    <Ora>22</Ora>
    <PUN>59,929630</PUN>
    <NAT>58,990000</NAT>
    <CNOR>57,780000</CNOR>
    <CSUD>57,780000</CSUD>
    <NORD>57,780000</NORD>
    <SARD>57,780000</SARD>
    <SICI>92,500000</SICI>
    <SUD>57,780000</SUD>
    <AUST>57,780000</AUST>
    <BRNN>57,780000</BRNN>
    <COAC>57,780000</COAC>
    <CORS>57,780000</CORS>
    <FOGN>57,780000</FOGN>
    <FRAN>57,780000</FRAN>
    <GREC>57,780000</GREC>
    <MFTV>57,780000</MFTV>
    <PRGP>92,500000</PRGP>
    <ROSN>57,780000</ROSN>
    <SLOV>57,780000</SLOV>
    <SVIZ>57,780000</SVIZ>
    <BSP>57,780000</BSP>
    <MALT>92,500000</MALT>
    <XAUS>57,780000</XAUS>
    <XFRA>57,780000</XFRA>
  </Prezzi>
  <Prezzi>
    <Data>20180417</Data>
    <Mercato>MGP</Mercato>
    <Ora>23</Ora>
    <PUN>55,261960</PUN>
    <NAT>54,900000</NAT>
    <CNOR>54,150000</CNOR>
    <CSUD>54,150000</CSUD>
    <NORD>54,150000</NORD>
    <SARD>54,150000</SARD>
    <SICI>72,000000</SICI>
    <SUD>54,150000</SUD>
    <AUST>54,150000</AUST>
    <BRNN>54,150000</BRNN>
    <COAC>54,150000</COAC>
    <CORS>54,150000</CORS>
    <FOGN>54,150000</FOGN>
    <FRAN>54,150000</FRAN>
    <GREC>54,150000</GREC>
    <MFTV>54,150000</MFTV>
    <PRGP>72,000000</PRGP>
    <ROSN>54,150000</ROSN>
    <SLOV>54,150000</SLOV>
    <SVIZ>54,150000</SVIZ>
    <BSP>54,150000</BSP>
    <MALT>72,000000</MALT>
    <XAUS>54,150000</XAUS>
    <XFRA>54,150000</XFRA>
  </Prezzi>
  <Prezzi>
    <Data>20180417</Data>
    <Mercato>MGP</Mercato>
    <Ora>24</Ora>
    <PUN>49,090090</PUN>
    <NAT>49,000000</NAT>
    <CNOR>48,210000</CNOR>
    <CSUD>49,850000</CSUD>
    <NORD>48,210000</NORD>
    <SARD>49,850000</SARD>
    <SICI>55,330000</SICI>
    <SUD>49,850000</SUD>
    <AUST>48,210000</AUST>
    <BRNN>49,850000</BRNN>
    <COAC>49,850000</COAC>
    <CORS>49,850000</CORS>
    <FOGN>49,850000</FOGN>
    <FRAN>48,210000</FRAN>
    <GREC>49,850000</GREC>
    <MFTV>48,210000</MFTV>
    <PRGP>55,330000</PRGP>
    <ROSN>49,850000</ROSN>
    <SLOV>48,210000</SLOV>
    <SVIZ>48,210000</SVIZ>
    <BSP>48,210000</BSP>
    <MALT>55,330000</MALT>
    <XAUS>48,210000</XAUS>
    <XFRA>48,210000</XFRA>
  </Prezzi>
</NewDataSet>