<?xml version="1.0" standalone="yes"?>
<NewDataSet>
  <xs:schema id="NewDataSet" xmlns="" xmlns:xs="http://www.w3.org/2001/XMLSchema" xmlns:msdata="urn:schemas-microsoft-com:xml-msdata">
    <xs:element name="NewDataSet" msdata:IsDataSet="true" msdata:UseCurrentLocale="true">
      <xs:complexType>
        <xs:choice minOccurs="0" maxOccurs="unbounded">
          <xs:element name="Prezzi">
            <xs:complexType>
              <xs:sequence>
                <xs:element name="Data" type="xs:string" minOccurs="0" />
                <xs:element name="Mercato" type="xs:string" minOccurs="0" />
                <xs:element name="Ora" type="xs:string" minOccurs="0" />
                <xs:element name="PUN" type="xs:string" minOccurs="0" />
                <xs:element name="NAT" type="xs:string" minOccurs="0" />
                <xs:element name="CNOR" type="xs:string" minOccurs="0" />
                <xs:element name="CSUD" type="xs:string" minOccurs="0" />
                <xs:element name="NORD" type="xs:string" minOccurs="0" />
                <xs:element name="SARD" type="xs:string" minOccurs="0" />
                <xs:element name="SICI" type="xs:string" minOccurs="0" />
                <xs:element name="SUD" type="xs:string" minOccurs="0" />
                <xs:element name="AUST" type="xs:string" minOccurs="0" />
                <xs:element name="BRNN" type="xs:string" minOccurs="0" />
                <xs:element name="COAC" type="xs:string" minOccurs="0" />
                <xs:element name="CORS" type="xs:string" minOccurs="0" />
                <xs:element name="FOGN" type="xs:string" minOccurs="0" />
                <xs:element name="FRAN" type="xs:string" minOccurs="0" />
                <xs:element name="GREC" type="xs:string" minOccurs="0" />
                <xs:element name="MFTV" type="xs:string" minOccurs="0" />
                <xs:element name="PRGP" type="xs:string" minOccurs="0" />
                <xs:element name="ROSN" type="xs:string" minOccurs="0" />
                <xs:element name="SLOV" type="xs:string" minOccurs="0" />
                <xs:element name="SVIZ" type="xs:string" minOccurs="0" />
                <xs:element name="BSP" type="xs:string" minOccurs="0" />
                <xs:element name="MALT" type="xs:string" minOccurs="0" />
                <xs:element name="XAUS" type="xs:string" minOccurs="0" />
                <xs:element name="XFRA" type="xs:string" minOccurs="0" />
              </xs:sequence>
            </xs:complexType>
          </xs:element>
        </xs:choice>
      </xs:complexType>
    </xs:element>
  </xs:schema>
  <Prezzi>
    <Data>20180414</Data>
    <Mercato>MGP</Mercato>
    <Ora>1</Ora>
    <PUN>58,813780</PUN>
    <NAT>52,910000</NAT>
    <CNOR>52,420000</CNOR>
    <CSUD>72,000000</CSUD>
    <NORD>52,420000</NORD>
    <SARD>72,000000</SARD>
    <SICI>72,000000</SICI>
    <SUD>72,000000</SUD>
    <AUST>52,420000</AUST>
    <BRNN>72,000000</BRNN>
    <COAC>72,000000</COAC>
    <CORS>72,000000</CORS>
    <FOGN>72,000000</FOGN>
    <FRAN>52,420000</FRAN>
    <GREC>72,000000</GREC>
    <MFTV>52,420000</MFTV>
    <PRGP>72,000000</PRGP>
    <ROSN>72,000000</ROSN>
    <SLOV>52,420000</SLOV>
    <SVIZ>52,420000</SVIZ>
    <BSP>52,420000</BSP>
    <MALT>72,000000</MALT>
    <XAUS>52,420000</XAUS>
    <XFRA>52,420000</XFRA>
  </Prezzi>
  <Prezzi>
    <Data>20180414</Data>
    <Mercato>MGP</Mercato>
    <Ora>2</Ora>
    <PUN>47,227770</PUN>
    <NAT>47,660000</NAT>
    <CNOR>45,660000</CNOR>
    <CSUD>50,520000</CSUD>
    <NORD>45,660000</NORD>
    <SARD>50,520000</SARD>
    <SICI>50,520000</SICI>
    <SUD>50,520000</SUD>
    <AUST>45,660000</AUST>
    <BRNN>50,520000</BRNN>
    <COAC>50,520000</COAC>
    <CORS>50,520000</CORS>
    <FOGN>50,520000</FOGN>
    <FRAN>45,660000</FRAN>
    <GREC>50,520000</GREC>
    <MFTV>45,660000</MFTV>
    <PRGP>50,520000</PRGP>
    <ROSN>50,520000</ROSN>
    <SLOV>45,660000</SLOV>
    <SVIZ>45,660000</SVIZ>
    <BSP>45,660000</BSP>
    <MALT>50,520000</MALT>
    <XAUS>45,660000</XAUS>
    <XFRA>45,660000</XFRA>
  </Prezzi>
  <Prezzi>
    <Data>20180414</Data>
    <Mercato>MGP</Mercato>
    <Ora>3</Ora>
    <PUN>44,992080</PUN>
    <NAT>43,990000</NAT>
    <CNOR>43,070000</CNOR>
    <CSUD>49,070000</CSUD>
    <NORD>43,070000</NORD>
    <SARD>49,070000</SARD>
    <SICI>49,070000</SICI>
    <SUD>49,070000</SUD>
    <AUST>43,070000</AUST>
    <BRNN>49,070000</BRNN>
    <COAC>49,070000</COAC>
    <CORS>49,070000</CORS>
    <FOGN>49,070000</FOGN>
    <FRAN>43,070000</FRAN>
    <GREC>49,070000</GREC>
    <MFTV>43,070000</MFTV>
    <PRGP>49,070000</PRGP>
    <ROSN>49,070000</ROSN>
    <SLOV>43,070000</SLOV>
    <SVIZ>43,070000</SVIZ>
    <BSP>43,070000</BSP>
    <MALT>49,070000</MALT>
    <XAUS>43,070000</XAUS>
    <XFRA>43,070000</XFRA>
  </Prezzi>
  <Prezzi>
    <Data>20180414</Data>
    <Mercato>MGP</Mercato>
    <Ora>4</Ora>
    <PUN>43,088970</PUN>
    <NAT>42,840000</NAT>
    <CNOR>41,910000</CNOR>
    <CSUD>45,590000</CSUD>
    <NORD>41,910000</NORD>
    <SARD>45,590000</SARD>
    <SICI>45,590000</SICI>
    <SUD>45,590000</SUD>
    <AUST>41,910000</AUST>
    <BRNN>45,590000</BRNN>
    <COAC>45,590000</COAC>
    <CORS>45,590000</CORS>
    <FOGN>45,590000</FOGN>
    <FRAN>41,910000</FRAN>
    <GREC>45,590000</GREC>
    <MFTV>41,910000</MFTV>
    <PRGP>45,590000</PRGP>
    <ROSN>45,590000</ROSN>
    <SLOV>41,910000</SLOV>
    <SVIZ>41,910000</SVIZ>
    <BSP>41,910000</BSP>
    <MALT>45,590000</MALT>
    <XAUS>41,910000</XAUS>
    <XFRA>41,910000</XFRA>
  </Prezzi>
  <Prezzi>
    <Data>20180414</Data>
    <Mercato>MGP</Mercato>
    <Ora>5</Ora>
    <PUN>41,780560</PUN>
    <NAT>41,600000</NAT>
    <CNOR>41,160000</CNOR>
    <CSUD>43,100000</CSUD>
    <NORD>41,160000</NORD>
    <SARD>43,100000</SARD>
    <SICI>43,100000</SICI>
    <SUD>43,100000</SUD>
    <AUST>41,160000</AUST>
    <BRNN>43,100000</BRNN>
    <COAC>43,100000</COAC>
    <CORS>43,100000</CORS>
    <FOGN>43,100000</FOGN>
    <FRAN>41,160000</FRAN>
    <GREC>43,100000</GREC>
    <MFTV>41,160000</MFTV>
    <PRGP>43,100000</PRGP>
    <ROSN>43,100000</ROSN>
    <SLOV>41,160000</SLOV>
    <SVIZ>41,160000</SVIZ>
    <BSP>41,160000</BSP>
    <MALT>43,100000</MALT>
    <XAUS>41,160000</XAUS>
    <XFRA>41,160000</XFRA>
  </Prezzi>
  <Prezzi>
    <Data>20180414</Data>
    <Mercato>MGP</Mercato>
    <Ora>6</Ora>
    <PUN>43,996520</PUN>
    <NAT>43,840000</NAT>
    <CNOR>43,240000</CNOR>
    <CSUD>45,590000</CSUD>
    <NORD>43,240000</NORD>
    <SARD>45,590000</SARD>
    <SICI>45,590000</SICI>
    <SUD>45,590000</SUD>
    <AUST>43,240000</AUST>
    <BRNN>45,590000</BRNN>
    <COAC>45,590000</COAC>
    <CORS>45,590000</CORS>
    <FOGN>45,590000</FOGN>
    <FRAN>43,240000</FRAN>
    <GREC>45,590000</GREC>
    <MFTV>43,240000</MFTV>
    <PRGP>45,590000</PRGP>
    <ROSN>45,590000</ROSN>
    <SLOV>43,240000</SLOV>
    <SVIZ>43,240000</SVIZ>
    <BSP>43,240000</BSP>
    <MALT>45,590000</MALT>
    <XAUS>43,240000</XAUS>
    <XFRA>43,240000</XFRA>
  </Prezzi>
  <Prezzi>
    <Data>20180414</Data>
    <Mercato>MGP</Mercato>
    <Ora>7</Ora>
    <PUN>45,612690</PUN>
    <NAT>45,020000</NAT>
    <CNOR>44,000000</CNOR>
    <CSUD>49,070000</CSUD>
    <NORD>44,000000</NORD>
    <SARD>49,070000</SARD>
    <SICI>49,070000</SICI>
    <SUD>49,070000</SUD>
    <AUST>44,000000</AUST>
    <BRNN>49,070000</BRNN>
    <COAC>49,070000</COAC>
    <CORS>49,070000</CORS>
    <FOGN>49,070000</FOGN>
    <FRAN>44,000000</FRAN>
    <GREC>49,070000</GREC>
    <MFTV>44,000000</MFTV>
    <PRGP>49,070000</PRGP>
    <ROSN>49,070000</ROSN>
    <SLOV>44,000000</SLOV>
    <SVIZ>44,000000</SVIZ>
    <BSP>44,000000</BSP>
    <MALT>49,070000</MALT>
    <XAUS>44,000000</XAUS>
    <XFRA>44,000000</XFRA>
  </Prezzi>
  <Prezzi>
    <Data>20180414</Data>
    <Mercato>MGP</Mercato>
    <Ora>8</Ora>
    <PUN>48,489260</PUN>
    <NAT>48,760000</NAT>
    <CNOR>48,210000</CNOR>
    <CSUD>49,070000</CSUD>
    <NORD>48,210000</NORD>
    <SARD>49,070000</SARD>
    <SICI>49,070000</SICI>
    <SUD>49,070000</SUD>
    <AUST>48,210000</AUST>
    <BRNN>49,070000</BRNN>
    <COAC>49,070000</COAC>
    <CORS>49,070000</CORS>
    <FOGN>49,070000</FOGN>
    <FRAN>48,210000</FRAN>
    <GREC>49,070000</GREC>
    <MFTV>48,210000</MFTV>
    <PRGP>49,070000</PRGP>
    <ROSN>49,070000</ROSN>
    <SLOV>48,210000</SLOV>
    <SVIZ>48,210000</SVIZ>
    <BSP>48,210000</BSP>
    <MALT>49,070000</MALT>
    <XAUS>48,210000</XAUS>
    <XFRA>48,210000</XFRA>
  </Prezzi>
  <Prezzi>
    <Data>20180414</Data>
    <Mercato>MGP</Mercato>
    <Ora>9</Ora>
    <PUN>51,000000</PUN>
    <NAT>51,000000</NAT>
    <CNOR>51,000000</CNOR>
    <CSUD>51,000000</CSUD>
    <NORD>51,000000</NORD>
    <SARD>51,000000</SARD>
    <SICI>51,000000</SICI>
    <SUD>51,000000</SUD>
    <AUST>51,000000</AUST>
    <BRNN>51,000000</BRNN>
    <COAC>51,000000</COAC>
    <CORS>51,000000</CORS>
    <FOGN>51,000000</FOGN>
    <FRAN>51,000000</FRAN>
    <GREC>51,000000</GREC>
    <MFTV>51,000000</MFTV>
    <PRGP>51,000000</PRGP>
    <ROSN>51,000000</ROSN>
    <SLOV>51,000000</SLOV>
    <SVIZ>51,000000</SVIZ>
    <BSP>51,000000</BSP>
    <MALT>51,000000</MALT>
    <XAUS>51,000000</XAUS>
    <XFRA>51,000000</XFRA>
  </Prezzi>
  <Prezzi>
    <Data>20180414</Data>
    <Mercato>MGP</Mercato>
    <Ora>10</Ora>
    <PUN>51,350000</PUN>
    <NAT>51,350000</NAT>
    <CNOR>51,350000</CNOR>
    <CSUD>51,350000</CSUD>
    <NORD>51,350000</NORD>
    <SARD>51,350000</SARD>
    <SICI>51,350000</SICI>
    <SUD>51,350000</SUD>
    <AUST>51,350000</AUST>
    <BRNN>51,350000</BRNN>
    <COAC>51,350000</COAC>
    <CORS>51,350000</CORS>
    <FOGN>51,350000</FOGN>
    <FRAN>51,350000</FRAN>
    <GREC>51,350000</GREC>
    <MFTV>51,350000</MFTV>
    <PRGP>51,350000</PRGP>
    <ROSN>51,350000</ROSN>
    <SLOV>51,350000</SLOV>
    <SVIZ>51,350000</SVIZ>
    <BSP>51,350000</BSP>
    <MALT>51,350000</MALT>
    <XAUS>51,350000</XAUS>
    <XFRA>51,350000</XFRA>
  </Prezzi>
  <Prezzi>
    <Data>20180414</Data>
    <Mercato>MGP</Mercato>
    <Ora>11</Ora>
    <PUN>49,520000</PUN>
    <NAT>49,520000</NAT>
    <CNOR>49,520000</CNOR>
    <CSUD>49,520000</CSUD>
    <NORD>49,520000</NORD>
    <SARD>49,520000</SARD>
    <SICI>49,520000</SICI>
    <SUD>49,520000</SUD>
    <AUST>49,520000</AUST>
    <BRNN>49,520000</BRNN>
    <COAC>49,520000</COAC>
    <CORS>49,520000</CORS>
    <FOGN>49,520000</FOGN>
    <FRAN>49,520000</FRAN>
    <GREC>49,520000</GREC>
    <MFTV>49,520000</MFTV>
    <PRGP>49,520000</PRGP>
    <ROSN>49,520000</ROSN>
    <SLOV>49,520000</SLOV>
    <SVIZ>49,520000</SVIZ>
    <BSP>49,520000</BSP>
    <MALT>49,520000</MALT>
    <XAUS>49,520000</XAUS>
    <XFRA>49,520000</XFRA>
  </Prezzi>
  <Prezzi>
    <Data>20180414</Data>
    <Mercato>MGP</Mercato>
    <Ora>12</Ora>
    <PUN>47,100000</PUN>
    <NAT>47,100000</NAT>
    <CNOR>47,100000</CNOR>
    <CSUD>47,100000</CSUD>
    <NORD>47,100000</NORD>
    <SARD>47,100000</SARD>
    <SICI>47,100000</SICI>
    <SUD>47,100000</SUD>
    <AUST>47,100000</AUST>
    <BRNN>47,100000</BRNN>
    <COAC>47,100000</COAC>
    <CORS>47,100000</CORS>
    <FOGN>47,100000</FOGN>
    <FRAN>47,100000</FRAN>
    <GREC>47,100000</GREC>
    <MFTV>47,100000</MFTV>
    <PRGP>47,100000</PRGP>
    <ROSN>47,100000</ROSN>
    <SLOV>47,100000</SLOV>
    <SVIZ>47,100000</SVIZ>
    <BSP>47,100000</BSP>
    <MALT>47,100000</MALT>
    <XAUS>47,100000</XAUS>
    <XFRA>47,100000</XFRA>
  </Prezzi>
  <Prezzi>
    <Data>20180414</Data>
    <Mercato>MGP</Mercato>
    <Ora>13</Ora>
    <PUN>40,520000</PUN>
    <NAT>40,520000</NAT>
    <CNOR>40,520000</CNOR>
    <CSUD>40,520000</CSUD>
    <NORD>40,520000</NORD>
    <SARD>40,520000</SARD>
    <SICI>40,520000</SICI>
    <SUD>40,520000</SUD>
    <AUST>40,520000</AUST>
    <BRNN>40,520000</BRNN>
    <COAC>40,520000</COAC>
    <CORS>40,520000</CORS>
    <FOGN>40,520000</FOGN>
    <FRAN>40,520000</FRAN>
    <GREC>40,520000</GREC>
    <MFTV>40,520000</MFTV>
    <PRGP>40,520000</PRGP>
    <ROSN>40,520000</ROSN>
    <SLOV>40,520000</SLOV>
    <SVIZ>40,520000</SVIZ>
    <BSP>40,520000</BSP>
    <MALT>40,520000</MALT>
    <XAUS>40,520000</XAUS>
    <XFRA>40,520000</XFRA>
  </Prezzi>
  <Prezzi>
    <Data>20180414</Data>
    <Mercato>MGP</Mercato>
    <Ora>14</Ora>
    <PUN>30,816760</PUN>
    <NAT>30,840000</NAT>
    <CNOR>30,816760</CNOR>
    <CSUD>30,816760</CSUD>
    <NORD>30,816760</NORD>
    <SARD>30,816760</SARD>
    <SICI>30,816760</SICI>
    <SUD>30,816760</SUD>
    <AUST>30,816760</AUST>
    <BRNN>30,816760</BRNN>
    <COAC>30,816760</COAC>
    <CORS>30,816760</CORS>
    <FOGN>30,816760</FOGN>
    <FRAN>30,816760</FRAN>
    <GREC>30,816760</GREC>
    <MFTV>30,816760</MFTV>
    <PRGP>30,816760</PRGP>
    <ROSN>30,816760</ROSN>
    <SLOV>30,816760</SLOV>
    <SVIZ>30,816760</SVIZ>
    <BSP>30,816760</BSP>
    <MALT>30,816760</MALT>
    <XAUS>30,816760</XAUS>
    <XFRA>30,816760</XFRA>
  </Prezzi>
  <Prezzi>
    <Data>20180414</Data>
    <Mercato>MGP</Mercato>
    <Ora>15</Ora>
    <PUN>28,606560</PUN>
    <NAT>27,840000</NAT>
    <CNOR>28,606560</CNOR>
    <CSUD>28,606560</CSUD>
    <NORD>28,606560</NORD>
    <SARD>28,606560</SARD>
    <SICI>28,606560</SICI>
    <SUD>28,606560</SUD>
    <AUST>28,606560</AUST>
    <BRNN>28,606560</BRNN>
    <COAC>28,606560</COAC>
    <CORS>28,606560</CORS>
    <FOGN>28,606560</FOGN>
    <FRAN>28,606560</FRAN>
    <GREC>28,606560</GREC>
    <MFTV>28,606560</MFTV>
    <PRGP>28,606560</PRGP>
    <ROSN>28,606560</ROSN>
    <SLOV>28,606560</SLOV>
    <SVIZ>28,606560</SVIZ>
    <BSP>28,606560</BSP>
    <MALT>28,606560</MALT>
    <XAUS>28,606560</XAUS>
    <XFRA>28,606560</XFRA>
  </Prezzi>
  <Prezzi>
    <Data>20180414</Data>
    <Mercato>MGP</Mercato>
    <Ora>16</Ora>
    <PUN>33,000000</PUN>
    <NAT>33,000000</NAT>
    <CNOR>33,000000</CNOR>
    <CSUD>33,000000</CSUD>
    <NORD>33,000000</NORD>
    <SARD>33,000000</SARD>
    <SICI>33,000000</SICI>
    <SUD>33,000000</SUD>
    <AUST>33,000000</AUST>
    <BRNN>33,000000</BRNN>
    <COAC>33,000000</COAC>
    <CORS>33,000000</CORS>
    <FOGN>33,000000</FOGN>
    <FRAN>33,000000</FRAN>
    <GREC>33,000000</GREC>
    <MFTV>33,000000</MFTV>
    <PRGP>33,000000</PRGP>
    <ROSN>33,000000</ROSN>
    <SLOV>33,000000</SLOV>
    <SVIZ>33,000000</SVIZ>
    <BSP>33,000000</BSP>
    <MALT>33,000000</MALT>
    <XAUS>33,000000</XAUS>
    <XFRA>33,000000</XFRA>
  </Prezzi>
  <Prezzi>
    <Data>20180414</Data>
    <Mercato>MGP</Mercato>
    <Ora>17</Ora>
    <PUN>42,690000</PUN>
    <NAT>42,690000</NAT>
    <CNOR>42,690000</CNOR>
    <CSUD>42,690000</CSUD>
    <NORD>42,690000</NORD>
    <SARD>42,690000</SARD>
    <SICI>42,690000</SICI>
    <SUD>42,690000</SUD>
    <AUST>42,690000</AUST>
    <BRNN>42,690000</BRNN>
    <COAC>42,690000</COAC>
    <CORS>42,690000</CORS>
    <FOGN>42,690000</FOGN>
    <FRAN>42,690000</FRAN>
    <GREC>42,690000</GREC>
    <MFTV>42,690000</MFTV>
    <PRGP>42,690000</PRGP>
    <ROSN>42,690000</ROSN>
    <SLOV>42,690000</SLOV>
    <SVIZ>42,690000</SVIZ>
    <BSP>42,690000</BSP>
    <MALT>42,690000</MALT>
    <XAUS>42,690000</XAUS>
    <XFRA>42,690000</XFRA>
  </Prezzi>
  <Prezzi>
    <Data>20180414</Data>
    <Mercato>MGP</Mercato>
    <Ora>18</Ora>
    <PUN>44,000000</PUN>
    <NAT>44,000000</NAT>
    <CNOR>44,000000</CNOR>
    <CSUD>44,000000</CSUD>
    <NORD>44,000000</NORD>
    <SARD>44,000000</SARD>
    <SICI>44,000000</SICI>
    <SUD>44,000000</SUD>
    <AUST>44,000000</AUST>
    <BRNN>44,000000</BRNN>
    <COAC>44,000000</COAC>
    <CORS>44,000000</CORS>
    <FOGN>44,000000</FOGN>
    <FRAN>44,000000</FRAN>
    <GREC>44,000000</GREC>
    <MFTV>44,000000</MFTV>
    <PRGP>44,000000</PRGP>
    <ROSN>44,000000</ROSN>
    <SLOV>44,000000</SLOV>
    <SVIZ>44,000000</SVIZ>
    <BSP>44,000000</BSP>
    <MALT>44,000000</MALT>
    <XAUS>44,000000</XAUS>
    <XFRA>44,000000</XFRA>
  </Prezzi>
  <Prezzi>
    <Data>20180414</Data>
    <Mercato>MGP</Mercato>
    <Ora>19</Ora>
    <PUN>47,710000</PUN>
    <NAT>47,710000</NAT>
    <CNOR>47,710000</CNOR>
    <CSUD>47,710000</CSUD>
    <NORD>47,710000</NORD>
    <SARD>47,710000</SARD>
    <SICI>47,710000</SICI>
    <SUD>47,710000</SUD>
    <AUST>47,710000</AUST>
    <BRNN>47,710000</BRNN>
    <COAC>47,710000</COAC>
    <CORS>47,710000</CORS>
    <FOGN>47,710000</FOGN>
    <FRAN>47,710000</FRAN>
    <GREC>47,710000</GREC>
    <MFTV>47,710000</MFTV>
    <PRGP>47,710000</PRGP>
    <ROSN>47,710000</ROSN>
    <SLOV>47,710000</SLOV>
    <SVIZ>47,710000</SVIZ>
    <BSP>47,710000</BSP>
    <MALT>47,710000</MALT>
    <XAUS>47,710000</XAUS>
    <XFRA>47,710000</XFRA>
  </Prezzi>
  <Prezzi>
    <Data>20180414</Data>
    <Mercato>MGP</Mercato>
    <Ora>20</Ora>
    <PUN>50,710000</PUN>
    <NAT>50,710000</NAT>
    <CNOR>50,710000</CNOR>
    <CSUD>50,710000</CSUD>
    <NORD>50,710000</NORD>
    <SARD>50,710000</SARD>
    <SICI>50,710000</SICI>
    <SUD>50,710000</SUD>
    <AUST>50,710000</AUST>
    <BRNN>50,710000</BRNN>
    <COAC>50,710000</COAC>
    <CORS>50,710000</CORS>
    <FOGN>50,710000</FOGN>
    <FRAN>50,710000</FRAN>
    <GREC>50,710000</GREC>
    <MFTV>50,710000</MFTV>
    <PRGP>50,710000</PRGP>
    <ROSN>50,710000</ROSN>
    <SLOV>50,710000</SLOV>
    <SVIZ>50,710000</SVIZ>
    <BSP>50,710000</BSP>
    <MALT>50,710000</MALT>
    <XAUS>50,710000</XAUS>
    <XFRA>50,710000</XFRA>
  </Prezzi>
  <Prezzi>
    <Data>20180414</Data>
    <Mercato>MGP</Mercato>
    <Ora>21</Ora>
    <PUN>53,623230</PUN>
    <NAT>53,150000</NAT>
    <CNOR>52,000000</CNOR>
    <CSUD>56,380000</CSUD>
    <NORD>52,000000</NORD>
    <SARD>56,380000</SARD>
    <SICI>56,380000</SICI>
    <SUD>56,380000</SUD>
    <AUST>52,000000</AUST>
    <BRNN>56,380000</BRNN>
    <COAC>56,380000</COAC>
    <CORS>56,380000</CORS>
    <FOGN>56,380000</FOGN>
    <FRAN>52,000000</FRAN>
    <GREC>56,380000</GREC>
    <MFTV>52,000000</MFTV>
    <PRGP>56,380000</PRGP>
    <ROSN>56,380000</ROSN>
    <SLOV>52,000000</SLOV>
    <SVIZ>52,000000</SVIZ>
    <BSP>52,000000</BSP>
    <MALT>56,380000</MALT>
    <XAUS>52,000000</XAUS>
    <XFRA>52,000000</XFRA>
  </Prezzi>
  <Prezzi>
    <Data>20180414</Data>
    <Mercato>MGP</Mercato>
    <Ora>22</Ora>
    <PUN>48,952130</PUN>
    <NAT>49,520000</NAT>
    <CNOR>50,060000</CNOR>
    <CSUD>50,060000</CSUD>
    <NORD>47,960000</NORD>
    <SARD>50,060000</SARD>
    <SICI>50,060000</SICI>
    <SUD>50,060000</SUD>
    <AUST>47,960000</AUST>
    <BRNN>50,060000</BRNN>
    <COAC>50,060000</COAC>
    <CORS>50,060000</CORS>
    <FOGN>50,060000</FOGN>
    <FRAN>47,960000</FRAN>
    <GREC>50,060000</GREC>
    <MFTV>47,960000</MFTV>
    <PRGP>50,060000</PRGP>
    <ROSN>50,060000</ROSN>
    <SLOV>47,960000</SLOV>
    <SVIZ>47,960000</SVIZ>
    <BSP>47,960000</BSP>
    <MALT>50,060000</MALT>
    <XAUS>47,960000</XAUS>
    <XFRA>47,960000</XFRA>
  </Prezzi>
  <Prezzi>
    <Data>20180414</Data>
    <Mercato>MGP</Mercato>
    <Ora>23</Ora>
    <PUN>47,586590</PUN>
    <NAT>47,130000</NAT>
    <CNOR>46,740000</CNOR>
    <CSUD>49,070000</CSUD>
    <NORD>46,740000</NORD>
    <SARD>49,070000</SARD>
    <SICI>49,070000</SICI>
    <SUD>49,070000</SUD>
    <AUST>46,740000</AUST>
    <BRNN>49,070000</BRNN>
    <COAC>49,070000</COAC>
    <CORS>49,070000</CORS>
    <FOGN>49,070000</FOGN>
    <FRAN>46,740000</FRAN>
    <GREC>49,070000</GREC>
    <MFTV>46,740000</MFTV>
    <PRGP>49,070000</PRGP>
    <ROSN>49,070000</ROSN>
    <SLOV>46,740000</SLOV>
    <SVIZ>46,740000</SVIZ>
    <BSP>46,740000</BSP>
    <MALT>49,070000</MALT>
    <XAUS>46,740000</XAUS>
    <XFRA>46,740000</XFRA>
  </Prezzi>
  <Prezzi>
    <Data>20180414</Data>
    <Mercato>MGP</Mercato>
    <Ora>24</Ora>
    <PUN>42,703980</PUN>
    <NAT>42,400000</NAT>
    <CNOR>42,703980</CNOR>
    <CSUD>42,703980</CSUD>
    <NORD>42,703980</NORD>
    <SARD>42,703980</SARD>
    <SICI>42,703980</SICI>
    <SUD>42,703980</SUD>
    <AUST>42,703980</AUST>
    <BRNN>42,703980</BRNN>
    <COAC>42,703980</COAC>
    <CORS>42,703980</CORS>
    <FOGN>42,703980</FOGN>
    <FRAN>42,703980</FRAN>
    <GREC>42,703980</GREC>
    <MFTV>42,703980</MFTV>
    <PRGP>42,703980</PRGP>
    <ROSN>42,703980</ROSN>
    <SLOV>42,703980</SLOV>
    <SVIZ>42,703980</SVIZ>
    <BSP>42,703980</BSP>
    <MALT>42,703980</MALT>
    <XAUS>42,703980</XAUS>
    <XFRA>42,703980</XFRA>
  </Prezzi>
</NewDataSet>