<?xml version="1.0" standalone="yes"?>
<NewDataSet>
  <xs:schema id="NewDataSet" xmlns="" xmlns:xs="http://www.w3.org/2001/XMLSchema" xmlns:msdata="urn:schemas-microsoft-com:xml-msdata">
    <xs:element name="NewDataSet" msdata:IsDataSet="true" msdata:UseCurrentLocale="true">
      <xs:complexType>
        <xs:choice minOccurs="0" maxOccurs="unbounded">
          <xs:element name="Prezzi">
            <xs:complexType>
              <xs:sequence>
                <xs:element name="Data" type="xs:string" minOccurs="0" />
                <xs:element name="Mercato" type="xs:string" minOccurs="0" />
                <xs:element name="Ora" type="xs:string" minOccurs="0" />
                <xs:element name="PUN" type="xs:string" minOccurs="0" />
                <xs:element name="NAT" type="xs:string" minOccurs="0" />
                <xs:element name="CNOR" type="xs:string" minOccurs="0" />
                <xs:element name="CSUD" type="xs:string" minOccurs="0" />
                <xs:element name="NORD" type="xs:string" minOccurs="0" />
                <xs:element name="SARD" type="xs:string" minOccurs="0" />
                <xs:element name="SICI" type="xs:string" minOccurs="0" />
                <xs:element name="SUD" type="xs:string" minOccurs="0" />
                <xs:element name="AUST" type="xs:string" minOccurs="0" />
                <xs:element name="BRNN" type="xs:string" minOccurs="0" />
                <xs:element name="COAC" type="xs:string" minOccurs="0" />
                <xs:element name="CORS" type="xs:string" minOccurs="0" />
                <xs:element name="FOGN" type="xs:string" minOccurs="0" />
                <xs:element name="FRAN" type="xs:string" minOccurs="0" />
                <xs:element name="GREC" type="xs:string" minOccurs="0" />
                <xs:element name="MFTV" type="xs:string" minOccurs="0" />
                <xs:element name="PRGP" type="xs:string" minOccurs="0" />
                <xs:element name="ROSN" type="xs:string" minOccurs="0" />
                <xs:element name="SLOV" type="xs:string" minOccurs="0" />
                <xs:element name="SVIZ" type="xs:string" minOccurs="0" />
                <xs:element name="BSP" type="xs:string" minOccurs="0" />
                <xs:element name="MALT" type="xs:string" minOccurs="0" />
                <xs:element name="XAUS" type="xs:string" minOccurs="0" />
                <xs:element name="XFRA" type="xs:string" minOccurs="0" />
              </xs:sequence>
            </xs:complexType>
          </xs:element>
        </xs:choice>
      </xs:complexType>
    </xs:element>
  </xs:schema>
  <Prezzi>
    <Data>20180409</Data>
    <Mercato>MGP</Mercato>
    <Ora>1</Ora>
    <PUN>46,290000</PUN>
    <NAT>46,290000</NAT>
    <CNOR>46,290000</CNOR>
    <CSUD>46,290000</CSUD>
    <NORD>46,290000</NORD>
    <SARD>46,290000</SARD>
    <SICI>46,290000</SICI>
    <SUD>46,290000</SUD>
    <AUST>46,290000</AUST>
    <BRNN>46,290000</BRNN>
    <COAC>46,290000</COAC>
    <CORS>46,290000</CORS>
    <FOGN>46,290000</FOGN>
    <FRAN>46,290000</FRAN>
    <GREC>46,290000</GREC>
    <MFTV>46,290000</MFTV>
    <PRGP>46,290000</PRGP>
    <ROSN>46,290000</ROSN>
    <SLOV>46,290000</SLOV>
    <SVIZ>46,290000</SVIZ>
    <BSP>46,290000</BSP>
    <MALT>46,290000</MALT>
    <XAUS>46,290000</XAUS>
    <XFRA>46,290000</XFRA>
  </Prezzi>
  <Prezzi>
    <Data>20180409</Data>
    <Mercato>MGP</Mercato>
    <Ora>2</Ora>
    <PUN>35,000000</PUN>
    <NAT>35,000000</NAT>
    <CNOR>35,000000</CNOR>
    <CSUD>35,000000</CSUD>
    <NORD>35,000000</NORD>
    <SARD>35,000000</SARD>
    <SICI>35,000000</SICI>
    <SUD>35,000000</SUD>
    <AUST>35,000000</AUST>
    <BRNN>35,000000</BRNN>
    <COAC>35,000000</COAC>
    <CORS>35,000000</CORS>
    <FOGN>35,000000</FOGN>
    <FRAN>35,000000</FRAN>
    <GREC>35,000000</GREC>
    <MFTV>35,000000</MFTV>
    <PRGP>35,000000</PRGP>
    <ROSN>35,000000</ROSN>
    <SLOV>35,000000</SLOV>
    <SVIZ>35,000000</SVIZ>
    <BSP>35,000000</BSP>
    <MALT>35,000000</MALT>
    <XAUS>35,000000</XAUS>
    <XFRA>35,000000</XFRA>
  </Prezzi>
  <Prezzi>
    <Data>20180409</Data>
    <Mercato>MGP</Mercato>
    <Ora>3</Ora>
    <PUN>32,284680</PUN>
    <NAT>29,350000</NAT>
    <CNOR>32,284680</CNOR>
    <CSUD>32,284680</CSUD>
    <NORD>32,284680</NORD>
    <SARD>32,284680</SARD>
    <SICI>32,284680</SICI>
    <SUD>32,284680</SUD>
    <AUST>32,284680</AUST>
    <BRNN>32,284680</BRNN>
    <COAC>32,284680</COAC>
    <CORS>32,284680</CORS>
    <FOGN>32,284680</FOGN>
    <FRAN>32,284680</FRAN>
    <GREC>32,284680</GREC>
    <MFTV>32,284680</MFTV>
    <PRGP>32,284680</PRGP>
    <ROSN>32,284680</ROSN>
    <SLOV>32,284680</SLOV>
    <SVIZ>32,284680</SVIZ>
    <BSP>32,284680</BSP>
    <MALT>32,284680</MALT>
    <XAUS>32,284680</XAUS>
    <XFRA>32,284680</XFRA>
  </Prezzi>
  <Prezzi>
    <Data>20180409</Data>
    <Mercato>MGP</Mercato>
    <Ora>4</Ora>
    <PUN>33,680000</PUN>
    <NAT>33,680000</NAT>
    <CNOR>33,680000</CNOR>
    <CSUD>33,680000</CSUD>
    <NORD>33,680000</NORD>
    <SARD>33,680000</SARD>
    <SICI>33,680000</SICI>
    <SUD>33,680000</SUD>
    <AUST>33,680000</AUST>
    <BRNN>33,680000</BRNN>
    <COAC>33,680000</COAC>
    <CORS>33,680000</CORS>
    <FOGN>33,680000</FOGN>
    <FRAN>33,680000</FRAN>
    <GREC>33,680000</GREC>
    <MFTV>33,680000</MFTV>
    <PRGP>33,680000</PRGP>
    <ROSN>33,680000</ROSN>
    <SLOV>33,680000</SLOV>
    <SVIZ>33,680000</SVIZ>
    <BSP>33,680000</BSP>
    <MALT>33,680000</MALT>
    <XAUS>33,680000</XAUS>
    <XFRA>33,680000</XFRA>
  </Prezzi>
  <Prezzi>
    <Data>20180409</Data>
    <Mercato>MGP</Mercato>
    <Ora>5</Ora>
    <PUN>35,990000</PUN>
    <NAT>35,990000</NAT>
    <CNOR>35,990000</CNOR>
    <CSUD>35,990000</CSUD>
    <NORD>35,990000</NORD>
    <SARD>35,990000</SARD>
    <SICI>35,990000</SICI>
    <SUD>35,990000</SUD>
    <AUST>35,990000</AUST>
    <BRNN>35,990000</BRNN>
    <COAC>35,990000</COAC>
    <CORS>35,990000</CORS>
    <FOGN>35,990000</FOGN>
    <FRAN>35,990000</FRAN>
    <GREC>35,990000</GREC>
    <MFTV>35,990000</MFTV>
    <PRGP>35,990000</PRGP>
    <ROSN>35,990000</ROSN>
    <SLOV>35,990000</SLOV>
    <SVIZ>35,990000</SVIZ>
    <BSP>35,990000</BSP>
    <MALT>35,990000</MALT>
    <XAUS>35,990000</XAUS>
    <XFRA>35,990000</XFRA>
  </Prezzi>
  <Prezzi>
    <Data>20180409</Data>
    <Mercato>MGP</Mercato>
    <Ora>6</Ora>
    <PUN>40,000000</PUN>
    <NAT>40,000000</NAT>
    <CNOR>40,000000</CNOR>
    <CSUD>40,000000</CSUD>
    <NORD>40,000000</NORD>
    <SARD>40,000000</SARD>
    <SICI>40,000000</SICI>
    <SUD>40,000000</SUD>
    <AUST>40,000000</AUST>
    <BRNN>40,000000</BRNN>
    <COAC>40,000000</COAC>
    <CORS>40,000000</CORS>
    <FOGN>40,000000</FOGN>
    <FRAN>40,000000</FRAN>
    <GREC>40,000000</GREC>
    <MFTV>40,000000</MFTV>
    <PRGP>40,000000</PRGP>
    <ROSN>40,000000</ROSN>
    <SLOV>40,000000</SLOV>
    <SVIZ>40,000000</SVIZ>
    <BSP>40,000000</BSP>
    <MALT>40,000000</MALT>
    <XAUS>40,000000</XAUS>
    <XFRA>40,000000</XFRA>
  </Prezzi>
  <Prezzi>
    <Data>20180409</Data>
    <Mercato>MGP</Mercato>
    <Ora>7</Ora>
    <PUN>50,520000</PUN>
    <NAT>50,520000</NAT>
    <CNOR>50,520000</CNOR>
    <CSUD>50,520000</CSUD>
    <NORD>50,520000</NORD>
    <SARD>50,520000</SARD>
    <SICI>50,520000</SICI>
    <SUD>50,520000</SUD>
    <AUST>50,520000</AUST>
    <BRNN>50,520000</BRNN>
    <COAC>50,520000</COAC>
    <CORS>50,520000</CORS>
    <FOGN>50,520000</FOGN>
    <FRAN>50,520000</FRAN>
    <GREC>50,520000</GREC>
    <MFTV>50,520000</MFTV>
    <PRGP>50,520000</PRGP>
    <ROSN>50,520000</ROSN>
    <SLOV>50,520000</SLOV>
    <SVIZ>50,520000</SVIZ>
    <BSP>50,520000</BSP>
    <MALT>50,520000</MALT>
    <XAUS>50,520000</XAUS>
    <XFRA>50,520000</XFRA>
  </Prezzi>
  <Prezzi>
    <Data>20180409</Data>
    <Mercato>MGP</Mercato>
    <Ora>8</Ora>
    <PUN>61,900000</PUN>
    <NAT>61,900000</NAT>
    <CNOR>61,900000</CNOR>
    <CSUD>61,900000</CSUD>
    <NORD>61,900000</NORD>
    <SARD>61,900000</SARD>
    <SICI>61,900000</SICI>
    <SUD>61,900000</SUD>
    <AUST>61,900000</AUST>
    <BRNN>61,900000</BRNN>
    <COAC>61,900000</COAC>
    <CORS>61,900000</CORS>
    <FOGN>61,900000</FOGN>
    <FRAN>61,900000</FRAN>
    <GREC>61,900000</GREC>
    <MFTV>61,900000</MFTV>
    <PRGP>61,900000</PRGP>
    <ROSN>61,900000</ROSN>
    <SLOV>61,900000</SLOV>
    <SVIZ>61,900000</SVIZ>
    <BSP>61,900000</BSP>
    <MALT>61,900000</MALT>
    <XAUS>61,900000</XAUS>
    <XFRA>61,900000</XFRA>
  </Prezzi>
  <Prezzi>
    <Data>20180409</Data>
    <Mercato>MGP</Mercato>
    <Ora>9</Ora>
    <PUN>80,579570</PUN>
    <NAT>80,400000</NAT>
    <CNOR>80,000000</CNOR>
    <CSUD>80,000000</CSUD>
    <NORD>80,000000</NORD>
    <SARD>80,000000</SARD>
    <SICI>91,000000</SICI>
    <SUD>80,000000</SUD>
    <AUST>80,000000</AUST>
    <BRNN>80,000000</BRNN>
    <COAC>80,000000</COAC>
    <CORS>80,000000</CORS>
    <FOGN>80,000000</FOGN>
    <FRAN>80,000000</FRAN>
    <GREC>80,000000</GREC>
    <MFTV>80,000000</MFTV>
    <PRGP>91,000000</PRGP>
    <ROSN>80,000000</ROSN>
    <SLOV>80,000000</SLOV>
    <SVIZ>80,000000</SVIZ>
    <BSP>80,000000</BSP>
    <MALT>91,000000</MALT>
    <XAUS>80,000000</XAUS>
    <XFRA>80,000000</XFRA>
  </Prezzi>
  <Prezzi>
    <Data>20180409</Data>
    <Mercato>MGP</Mercato>
    <Ora>10</Ora>
    <PUN>77,422870</PUN>
    <NAT>77,070000</NAT>
    <CNOR>76,670000</CNOR>
    <CSUD>76,670000</CSUD>
    <NORD>76,670000</NORD>
    <SARD>76,670000</SARD>
    <SICI>91,000000</SICI>
    <SUD>76,670000</SUD>
    <AUST>76,670000</AUST>
    <BRNN>76,670000</BRNN>
    <COAC>76,670000</COAC>
    <CORS>76,670000</CORS>
    <FOGN>76,670000</FOGN>
    <FRAN>76,670000</FRAN>
    <GREC>76,670000</GREC>
    <MFTV>76,670000</MFTV>
    <PRGP>91,000000</PRGP>
    <ROSN>76,670000</ROSN>
    <SLOV>76,670000</SLOV>
    <SVIZ>76,670000</SVIZ>
    <BSP>76,670000</BSP>
    <MALT>91,000000</MALT>
    <XAUS>76,670000</XAUS>
    <XFRA>76,670000</XFRA>
  </Prezzi>
  <Prezzi>
    <Data>20180409</Data>
    <Mercato>MGP</Mercato>
    <Ora>11</Ora>
    <PUN>70,569670</PUN>
    <NAT>73,000000</NAT>
    <CNOR>70,000000</CNOR>
    <CSUD>70,000000</CSUD>
    <NORD>70,000000</NORD>
    <SARD>70,000000</SARD>
    <SICI>81,000000</SICI>
    <SUD>70,000000</SUD>
    <AUST>70,000000</AUST>
    <BRNN>70,000000</BRNN>
    <COAC>70,000000</COAC>
    <CORS>70,000000</CORS>
    <FOGN>70,000000</FOGN>
    <FRAN>70,000000</FRAN>
    <GREC>70,000000</GREC>
    <MFTV>70,000000</MFTV>
    <PRGP>81,000000</PRGP>
    <ROSN>70,000000</ROSN>
    <SLOV>70,000000</SLOV>
    <SVIZ>70,000000</SVIZ>
    <BSP>70,000000</BSP>
    <MALT>81,000000</MALT>
    <XAUS>70,000000</XAUS>
    <XFRA>70,000000</XFRA>
  </Prezzi>
  <Prezzi>
    <Data>20180409</Data>
    <Mercato>MGP</Mercato>
    <Ora>12</Ora>
    <PUN>60,000000</PUN>
    <NAT>60,000000</NAT>
    <CNOR>60,000000</CNOR>
    <CSUD>60,000000</CSUD>
    <NORD>60,000000</NORD>
    <SARD>60,000000</SARD>
    <SICI>60,000000</SICI>
    <SUD>60,000000</SUD>
    <AUST>60,000000</AUST>
    <BRNN>60,000000</BRNN>
    <COAC>60,000000</COAC>
    <CORS>60,000000</CORS>
    <FOGN>60,000000</FOGN>
    <FRAN>60,000000</FRAN>
    <GREC>60,000000</GREC>
    <MFTV>60,000000</MFTV>
    <PRGP>60,000000</PRGP>
    <ROSN>60,000000</ROSN>
    <SLOV>60,000000</SLOV>
    <SVIZ>60,000000</SVIZ>
    <BSP>60,000000</BSP>
    <MALT>60,000000</MALT>
    <XAUS>60,000000</XAUS>
    <XFRA>60,000000</XFRA>
  </Prezzi>
  <Prezzi>
    <Data>20180409</Data>
    <Mercato>MGP</Mercato>
    <Ora>13</Ora>
    <PUN>56,220000</PUN>
    <NAT>56,220000</NAT>
    <CNOR>56,220000</CNOR>
    <CSUD>56,220000</CSUD>
    <NORD>56,220000</NORD>
    <SARD>56,220000</SARD>
    <SICI>56,220000</SICI>
    <SUD>56,220000</SUD>
    <AUST>56,220000</AUST>
    <BRNN>56,220000</BRNN>
    <COAC>56,220000</COAC>
    <CORS>56,220000</CORS>
    <FOGN>56,220000</FOGN>
    <FRAN>56,220000</FRAN>
    <GREC>56,220000</GREC>
    <MFTV>56,220000</MFTV>
    <PRGP>56,220000</PRGP>
    <ROSN>56,220000</ROSN>
    <SLOV>56,220000</SLOV>
    <SVIZ>56,220000</SVIZ>
    <BSP>56,220000</BSP>
    <MALT>56,220000</MALT>
    <XAUS>56,220000</XAUS>
    <XFRA>56,220000</XFRA>
  </Prezzi>
  <Prezzi>
    <Data>20180409</Data>
    <Mercato>MGP</Mercato>
    <Ora>14</Ora>
    <PUN>52,742770</PUN>
    <NAT>52,250000</NAT>
    <CNOR>53,690000</CNOR>
    <CSUD>50,520000</CSUD>
    <NORD>53,690000</NORD>
    <SARD>50,520000</SARD>
    <SICI>50,520000</SICI>
    <SUD>50,520000</SUD>
    <AUST>53,690000</AUST>
    <BRNN>50,520000</BRNN>
    <COAC>50,520000</COAC>
    <CORS>53,690000</CORS>
    <FOGN>50,520000</FOGN>
    <FRAN>53,690000</FRAN>
    <GREC>50,520000</GREC>
    <MFTV>53,690000</MFTV>
    <PRGP>50,520000</PRGP>
    <ROSN>50,520000</ROSN>
    <SLOV>53,690000</SLOV>
    <SVIZ>53,690000</SVIZ>
    <BSP>53,690000</BSP>
    <MALT>50,520000</MALT>
    <XAUS>53,690000</XAUS>
    <XFRA>53,690000</XFRA>
  </Prezzi>
  <Prezzi>
    <Data>20180409</Data>
    <Mercato>MGP</Mercato>
    <Ora>15</Ora>
    <PUN>55,330590</PUN>
    <NAT>56,220000</NAT>
    <CNOR>57,310000</CNOR>
    <CSUD>50,520000</CSUD>
    <NORD>57,310000</NORD>
    <SARD>50,520000</SARD>
    <SICI>50,520000</SICI>
    <SUD>50,520000</SUD>
    <AUST>57,310000</AUST>
    <BRNN>50,520000</BRNN>
    <COAC>50,520000</COAC>
    <CORS>57,310000</CORS>
    <FOGN>50,520000</FOGN>
    <FRAN>57,310000</FRAN>
    <GREC>50,520000</GREC>
    <MFTV>57,310000</MFTV>
    <PRGP>50,520000</PRGP>
    <ROSN>50,520000</ROSN>
    <SLOV>57,310000</SLOV>
    <SVIZ>57,310000</SVIZ>
    <BSP>57,310000</BSP>
    <MALT>50,520000</MALT>
    <XAUS>57,310000</XAUS>
    <XFRA>57,310000</XFRA>
  </Prezzi>
  <Prezzi>
    <Data>20180409</Data>
    <Mercato>MGP</Mercato>
    <Ora>16</Ora>
    <PUN>57,938370</PUN>
    <NAT>58,990000</NAT>
    <CNOR>60,980000</CNOR>
    <CSUD>50,520000</CSUD>
    <NORD>60,980000</NORD>
    <SARD>50,520000</SARD>
    <SICI>50,520000</SICI>
    <SUD>50,520000</SUD>
    <AUST>60,980000</AUST>
    <BRNN>50,520000</BRNN>
    <COAC>50,520000</COAC>
    <CORS>60,980000</CORS>
    <FOGN>50,520000</FOGN>
    <FRAN>60,980000</FRAN>
    <GREC>50,520000</GREC>
    <MFTV>60,980000</MFTV>
    <PRGP>50,520000</PRGP>
    <ROSN>50,520000</ROSN>
    <SLOV>60,980000</SLOV>
    <SVIZ>60,980000</SVIZ>
    <BSP>60,980000</BSP>
    <MALT>50,520000</MALT>
    <XAUS>60,980000</XAUS>
    <XFRA>60,980000</XFRA>
  </Prezzi>
  <Prezzi>
    <Data>20180409</Data>
    <Mercato>MGP</Mercato>
    <Ora>17</Ora>
    <PUN>59,150000</PUN>
    <NAT>59,150000</NAT>
    <CNOR>59,150000</CNOR>
    <CSUD>59,150000</CSUD>
    <NORD>59,150000</NORD>
    <SARD>59,150000</SARD>
    <SICI>59,150000</SICI>
    <SUD>59,150000</SUD>
    <AUST>59,150000</AUST>
    <BRNN>59,150000</BRNN>
    <COAC>59,150000</COAC>
    <CORS>59,150000</CORS>
    <FOGN>59,150000</FOGN>
    <FRAN>59,150000</FRAN>
    <GREC>59,150000</GREC>
    <MFTV>59,150000</MFTV>
    <PRGP>59,150000</PRGP>
    <ROSN>59,150000</ROSN>
    <SLOV>59,150000</SLOV>
    <SVIZ>59,150000</SVIZ>
    <BSP>59,150000</BSP>
    <MALT>59,150000</MALT>
    <XAUS>59,150000</XAUS>
    <XFRA>59,150000</XFRA>
  </Prezzi>
  <Prezzi>
    <Data>20180409</Data>
    <Mercato>MGP</Mercato>
    <Ora>18</Ora>
    <PUN>57,470000</PUN>
    <NAT>57,470000</NAT>
    <CNOR>57,470000</CNOR>
    <CSUD>57,470000</CSUD>
    <NORD>57,470000</NORD>
    <SARD>57,470000</SARD>
    <SICI>57,470000</SICI>
    <SUD>57,470000</SUD>
    <AUST>57,470000</AUST>
    <BRNN>57,470000</BRNN>
    <COAC>57,470000</COAC>
    <CORS>57,470000</CORS>
    <FOGN>57,470000</FOGN>
    <FRAN>57,470000</FRAN>
    <GREC>57,470000</GREC>
    <MFTV>57,470000</MFTV>
    <PRGP>57,470000</PRGP>
    <ROSN>57,470000</ROSN>
    <SLOV>57,470000</SLOV>
    <SVIZ>57,470000</SVIZ>
    <BSP>57,470000</BSP>
    <MALT>57,470000</MALT>
    <XAUS>57,470000</XAUS>
    <XFRA>57,470000</XFRA>
  </Prezzi>
  <Prezzi>
    <Data>20180409</Data>
    <Mercato>MGP</Mercato>
    <Ora>19</Ora>
    <PUN>58,801350</PUN>
    <NAT>57,570000</NAT>
    <CNOR>57,470000</CNOR>
    <CSUD>57,470000</CSUD>
    <NORD>57,470000</NORD>
    <SARD>57,470000</SARD>
    <SICI>81,000000</SICI>
    <SUD>57,470000</SUD>
    <AUST>57,470000</AUST>
    <BRNN>57,470000</BRNN>
    <COAC>57,470000</COAC>
    <CORS>57,470000</CORS>
    <FOGN>57,470000</FOGN>
    <FRAN>57,470000</FRAN>
    <GREC>57,470000</GREC>
    <MFTV>57,470000</MFTV>
    <PRGP>81,000000</PRGP>
    <ROSN>57,470000</ROSN>
    <SLOV>57,470000</SLOV>
    <SVIZ>57,470000</SVIZ>
    <BSP>57,470000</BSP>
    <MALT>81,000000</MALT>
    <XAUS>57,470000</XAUS>
    <XFRA>57,470000</XFRA>
  </Prezzi>
  <Prezzi>
    <Data>20180409</Data>
    <Mercato>MGP</Mercato>
    <Ora>20</Ora>
    <PUN>68,865350</PUN>
    <NAT>73,000000</NAT>
    <CNOR>67,480000</CNOR>
    <CSUD>67,480000</CSUD>
    <NORD>67,480000</NORD>
    <SARD>67,480000</SARD>
    <SICI>91,000000</SICI>
    <SUD>67,480000</SUD>
    <AUST>67,480000</AUST>
    <BRNN>67,480000</BRNN>
    <COAC>67,480000</COAC>
    <CORS>67,480000</CORS>
    <FOGN>67,480000</FOGN>
    <FRAN>67,480000</FRAN>
    <GREC>67,480000</GREC>
    <MFTV>67,480000</MFTV>
    <PRGP>91,000000</PRGP>
    <ROSN>67,480000</ROSN>
    <SLOV>67,480000</SLOV>
    <SVIZ>67,480000</SVIZ>
    <BSP>67,480000</BSP>
    <MALT>91,000000</MALT>
    <XAUS>67,480000</XAUS>
    <XFRA>67,480000</XFRA>
  </Prezzi>
  <Prezzi>
    <Data>20180409</Data>
    <Mercato>MGP</Mercato>
    <Ora>21</Ora>
    <PUN>76,966990</PUN>
    <NAT>77,040000</NAT>
    <CNOR>75,530000</CNOR>
    <CSUD>75,530000</CSUD>
    <NORD>75,530000</NORD>
    <SARD>75,530000</SARD>
    <SICI>98,800000</SICI>
    <SUD>75,530000</SUD>
    <AUST>75,530000</AUST>
    <BRNN>75,530000</BRNN>
    <COAC>75,530000</COAC>
    <CORS>75,530000</CORS>
    <FOGN>75,530000</FOGN>
    <FRAN>75,530000</FRAN>
    <GREC>75,530000</GREC>
    <MFTV>75,530000</MFTV>
    <PRGP>98,800000</PRGP>
    <ROSN>75,530000</ROSN>
    <SLOV>75,530000</SLOV>
    <SVIZ>75,530000</SVIZ>
    <BSP>75,530000</BSP>
    <MALT>98,800000</MALT>
    <XAUS>75,530000</XAUS>
    <XFRA>75,530000</XFRA>
  </Prezzi>
  <Prezzi>
    <Data>20180409</Data>
    <Mercato>MGP</Mercato>
    <Ora>22</Ora>
    <PUN>60,971600</PUN>
    <NAT>60,400000</NAT>
    <CNOR>59,000000</CNOR>
    <CSUD>59,000000</CSUD>
    <NORD>59,000000</NORD>
    <SARD>59,000000</SARD>
    <SICI>91,000000</SICI>
    <SUD>59,000000</SUD>
    <AUST>59,000000</AUST>
    <BRNN>59,000000</BRNN>
    <COAC>59,000000</COAC>
    <CORS>59,000000</CORS>
    <FOGN>59,000000</FOGN>
    <FRAN>59,000000</FRAN>
    <GREC>59,000000</GREC>
    <MFTV>59,000000</MFTV>
    <PRGP>91,000000</PRGP>
    <ROSN>59,000000</ROSN>
    <SLOV>59,000000</SLOV>
    <SVIZ>59,000000</SVIZ>
    <BSP>59,000000</BSP>
    <MALT>91,000000</MALT>
    <XAUS>59,000000</XAUS>
    <XFRA>59,000000</XFRA>
  </Prezzi>
  <Prezzi>
    <Data>20180409</Data>
    <Mercato>MGP</Mercato>
    <Ora>23</Ora>
    <PUN>56,779180</PUN>
    <NAT>54,870000</NAT>
    <CNOR>54,520000</CNOR>
    <CSUD>54,520000</CSUD>
    <NORD>54,520000</NORD>
    <SARD>54,520000</SARD>
    <SICI>91,000000</SICI>
    <SUD>54,520000</SUD>
    <AUST>54,520000</AUST>
    <BRNN>54,520000</BRNN>
    <COAC>54,520000</COAC>
    <CORS>54,520000</CORS>
    <FOGN>54,520000</FOGN>
    <FRAN>54,520000</FRAN>
    <GREC>54,520000</GREC>
    <MFTV>54,520000</MFTV>
    <PRGP>91,000000</PRGP>
    <ROSN>54,520000</ROSN>
    <SLOV>54,520000</SLOV>
    <SVIZ>54,520000</SVIZ>
    <BSP>54,520000</BSP>
    <MALT>91,000000</MALT>
    <XAUS>54,520000</XAUS>
    <XFRA>54,520000</XFRA>
  </Prezzi>
  <Prezzi>
    <Data>20180409</Data>
    <Mercato>MGP</Mercato>
    <Ora>24</Ora>
    <PUN>50,959790</PUN>
    <NAT>49,070000</NAT>
    <CNOR>49,070000</CNOR>
    <CSUD>49,070000</CSUD>
    <NORD>49,070000</NORD>
    <SARD>49,070000</SARD>
    <SICI>79,990000</SICI>
    <SUD>49,070000</SUD>
    <AUST>49,070000</AUST>
    <BRNN>49,070000</BRNN>
    <COAC>49,070000</COAC>
    <CORS>49,070000</CORS>
    <FOGN>49,070000</FOGN>
    <FRAN>49,070000</FRAN>
    <GREC>49,070000</GREC>
    <MFTV>49,070000</MFTV>
    <PRGP>79,990000</PRGP>
    <ROSN>49,070000</ROSN>
    <SLOV>49,070000</SLOV>
    <SVIZ>49,070000</SVIZ>
    <BSP>49,070000</BSP>
    <MALT>79,990000</MALT>
    <XAUS>49,070000</XAUS>
    <XFRA>49,070000</XFRA>
  </Prezzi>
</NewDataSet>