<?xml version="1.0" standalone="yes"?>
<NewDataSet>
  <xs:schema id="NewDataSet" xmlns="" xmlns:xs="http://www.w3.org/2001/XMLSchema" xmlns:msdata="urn:schemas-microsoft-com:xml-msdata">
    <xs:element name="NewDataSet" msdata:IsDataSet="true" msdata:UseCurrentLocale="true">
      <xs:complexType>
        <xs:choice minOccurs="0" maxOccurs="unbounded">
          <xs:element name="Prezzi">
            <xs:complexType>
              <xs:sequence>
                <xs:element name="Data" type="xs:string" minOccurs="0" />
                <xs:element name="Mercato" type="xs:string" minOccurs="0" />
                <xs:element name="Ora" type="xs:string" minOccurs="0" />
                <xs:element name="PUN" type="xs:string" minOccurs="0" />
                <xs:element name="NAT" type="xs:string" minOccurs="0" />
                <xs:element name="CNOR" type="xs:string" minOccurs="0" />
                <xs:element name="CSUD" type="xs:string" minOccurs="0" />
                <xs:element name="NORD" type="xs:string" minOccurs="0" />
                <xs:element name="SARD" type="xs:string" minOccurs="0" />
                <xs:element name="SICI" type="xs:string" minOccurs="0" />
                <xs:element name="SUD" type="xs:string" minOccurs="0" />
                <xs:element name="AUST" type="xs:string" minOccurs="0" />
                <xs:element name="BRNN" type="xs:string" minOccurs="0" />
                <xs:element name="COAC" type="xs:string" minOccurs="0" />
                <xs:element name="CORS" type="xs:string" minOccurs="0" />
                <xs:element name="FOGN" type="xs:string" minOccurs="0" />
                <xs:element name="FRAN" type="xs:string" minOccurs="0" />
                <xs:element name="GREC" type="xs:string" minOccurs="0" />
                <xs:element name="MFTV" type="xs:string" minOccurs="0" />
                <xs:element name="PRGP" type="xs:string" minOccurs="0" />
                <xs:element name="ROSN" type="xs:string" minOccurs="0" />
                <xs:element name="SLOV" type="xs:string" minOccurs="0" />
                <xs:element name="SVIZ" type="xs:string" minOccurs="0" />
                <xs:element name="BSP" type="xs:string" minOccurs="0" />
                <xs:element name="MALT" type="xs:string" minOccurs="0" />
                <xs:element name="XAUS" type="xs:string" minOccurs="0" />
                <xs:element name="XFRA" type="xs:string" minOccurs="0" />
              </xs:sequence>
            </xs:complexType>
          </xs:element>
        </xs:choice>
      </xs:complexType>
    </xs:element>
  </xs:schema>
  <Prezzi>
    <Data>20180416</Data>
    <Mercato>MGP</Mercato>
    <Ora>1</Ora>
    <PUN>48,185960</PUN>
    <NAT>48,850000</NAT>
    <CNOR>47,830000</CNOR>
    <CSUD>48,850000</CSUD>
    <NORD>47,830000</NORD>
    <SARD>48,850000</SARD>
    <SICI>48,850000</SICI>
    <SUD>48,850000</SUD>
    <AUST>47,830000</AUST>
    <BRNN>48,850000</BRNN>
    <COAC>48,850000</COAC>
    <CORS>48,850000</CORS>
    <FOGN>48,850000</FOGN>
    <FRAN>47,830000</FRAN>
    <GREC>48,850000</GREC>
    <MFTV>47,830000</MFTV>
    <PRGP>48,850000</PRGP>
    <ROSN>48,850000</ROSN>
    <SLOV>47,830000</SLOV>
    <SVIZ>47,830000</SVIZ>
    <BSP>47,830000</BSP>
    <MALT>48,850000</MALT>
    <XAUS>47,830000</XAUS>
    <XFRA>47,830000</XFRA>
  </Prezzi>
  <Prezzi>
    <Data>20180416</Data>
    <Mercato>MGP</Mercato>
    <Ora>2</Ora>
    <PUN>42,250000</PUN>
    <NAT>42,700000</NAT>
    <CNOR>39,046710</CNOR>
    <CSUD>48,410000</CSUD>
    <NORD>39,046710</NORD>
    <SARD>48,410000</SARD>
    <SICI>48,410000</SICI>
    <SUD>48,410000</SUD>
    <AUST>39,046710</AUST>
    <BRNN>48,410000</BRNN>
    <COAC>48,410000</COAC>
    <CORS>48,410000</CORS>
    <FOGN>48,410000</FOGN>
    <FRAN>39,046710</FRAN>
    <GREC>48,410000</GREC>
    <MFTV>39,046710</MFTV>
    <PRGP>48,410000</PRGP>
    <ROSN>48,410000</ROSN>
    <SLOV>39,046710</SLOV>
    <SVIZ>39,046710</SVIZ>
    <BSP>39,046710</BSP>
    <MALT>48,410000</MALT>
    <XAUS>39,046710</XAUS>
    <XFRA>39,046710</XFRA>
  </Prezzi>
  <Prezzi>
    <Data>20180416</Data>
    <Mercato>MGP</Mercato>
    <Ora>3</Ora>
    <PUN>42,052430</PUN>
    <NAT>41,100000</NAT>
    <CNOR>38,800000</CNOR>
    <CSUD>48,410000</CSUD>
    <NORD>38,800000</NORD>
    <SARD>48,410000</SARD>
    <SICI>48,410000</SICI>
    <SUD>48,410000</SUD>
    <AUST>38,800000</AUST>
    <BRNN>48,410000</BRNN>
    <COAC>48,410000</COAC>
    <CORS>48,410000</CORS>
    <FOGN>48,410000</FOGN>
    <FRAN>38,800000</FRAN>
    <GREC>48,410000</GREC>
    <MFTV>38,800000</MFTV>
    <PRGP>48,410000</PRGP>
    <ROSN>48,410000</ROSN>
    <SLOV>38,800000</SLOV>
    <SVIZ>38,800000</SVIZ>
    <BSP>38,800000</BSP>
    <MALT>48,410000</MALT>
    <XAUS>38,800000</XAUS>
    <XFRA>38,800000</XFRA>
  </Prezzi>
  <Prezzi>
    <Data>20180416</Data>
    <Mercato>MGP</Mercato>
    <Ora>4</Ora>
    <PUN>41,026180</PUN>
    <NAT>41,100000</NAT>
    <CNOR>37,300000</CNOR>
    <CSUD>48,410000</CSUD>
    <NORD>37,300000</NORD>
    <SARD>48,410000</SARD>
    <SICI>48,410000</SICI>
    <SUD>48,410000</SUD>
    <AUST>37,300000</AUST>
    <BRNN>48,410000</BRNN>
    <COAC>48,410000</COAC>
    <CORS>48,410000</CORS>
    <FOGN>48,410000</FOGN>
    <FRAN>37,300000</FRAN>
    <GREC>48,410000</GREC>
    <MFTV>37,300000</MFTV>
    <PRGP>48,410000</PRGP>
    <ROSN>48,410000</ROSN>
    <SLOV>37,300000</SLOV>
    <SVIZ>37,300000</SVIZ>
    <BSP>37,300000</BSP>
    <MALT>48,410000</MALT>
    <XAUS>37,300000</XAUS>
    <XFRA>37,300000</XFRA>
  </Prezzi>
  <Prezzi>
    <Data>20180416</Data>
    <Mercato>MGP</Mercato>
    <Ora>5</Ora>
    <PUN>41,860120</PUN>
    <NAT>41,560000</NAT>
    <CNOR>38,600000</CNOR>
    <CSUD>48,410000</CSUD>
    <NORD>38,600000</NORD>
    <SARD>48,410000</SARD>
    <SICI>48,410000</SICI>
    <SUD>48,410000</SUD>
    <AUST>38,600000</AUST>
    <BRNN>48,410000</BRNN>
    <COAC>48,410000</COAC>
    <CORS>48,410000</CORS>
    <FOGN>48,410000</FOGN>
    <FRAN>38,600000</FRAN>
    <GREC>48,410000</GREC>
    <MFTV>38,600000</MFTV>
    <PRGP>48,410000</PRGP>
    <ROSN>48,410000</ROSN>
    <SLOV>38,600000</SLOV>
    <SVIZ>38,600000</SVIZ>
    <BSP>38,600000</BSP>
    <MALT>48,410000</MALT>
    <XAUS>38,600000</XAUS>
    <XFRA>38,600000</XFRA>
  </Prezzi>
  <Prezzi>
    <Data>20180416</Data>
    <Mercato>MGP</Mercato>
    <Ora>6</Ora>
    <PUN>42,718250</PUN>
    <NAT>43,000000</NAT>
    <CNOR>40,000000</CNOR>
    <CSUD>48,410000</CSUD>
    <NORD>40,000000</NORD>
    <SARD>48,410000</SARD>
    <SICI>48,410000</SICI>
    <SUD>48,410000</SUD>
    <AUST>40,000000</AUST>
    <BRNN>48,410000</BRNN>
    <COAC>48,410000</COAC>
    <CORS>48,410000</CORS>
    <FOGN>48,410000</FOGN>
    <FRAN>40,000000</FRAN>
    <GREC>48,410000</GREC>
    <MFTV>40,000000</MFTV>
    <PRGP>48,410000</PRGP>
    <ROSN>48,410000</ROSN>
    <SLOV>40,000000</SLOV>
    <SVIZ>40,000000</SVIZ>
    <BSP>40,000000</BSP>
    <MALT>48,410000</MALT>
    <XAUS>40,000000</XAUS>
    <XFRA>40,000000</XFRA>
  </Prezzi>
  <Prezzi>
    <Data>20180416</Data>
    <Mercato>MGP</Mercato>
    <Ora>7</Ora>
    <PUN>50,660000</PUN>
    <NAT>50,660000</NAT>
    <CNOR>50,660000</CNOR>
    <CSUD>50,660000</CSUD>
    <NORD>50,660000</NORD>
    <SARD>50,660000</SARD>
    <SICI>50,660000</SICI>
    <SUD>50,660000</SUD>
    <AUST>50,660000</AUST>
    <BRNN>50,660000</BRNN>
    <COAC>50,660000</COAC>
    <CORS>50,660000</CORS>
    <FOGN>50,660000</FOGN>
    <FRAN>50,660000</FRAN>
    <GREC>50,660000</GREC>
    <MFTV>50,660000</MFTV>
    <PRGP>50,660000</PRGP>
    <ROSN>50,660000</ROSN>
    <SLOV>50,660000</SLOV>
    <SVIZ>50,660000</SVIZ>
    <BSP>50,660000</BSP>
    <MALT>50,660000</MALT>
    <XAUS>50,660000</XAUS>
    <XFRA>50,660000</XFRA>
  </Prezzi>
  <Prezzi>
    <Data>20180416</Data>
    <Mercato>MGP</Mercato>
    <Ora>8</Ora>
    <PUN>58,334860</PUN>
    <NAT>58,340000</NAT>
    <CNOR>57,560000</CNOR>
    <CSUD>57,560000</CSUD>
    <NORD>57,560000</NORD>
    <SARD>57,560000</SARD>
    <SICI>72,000000</SICI>
    <SUD>57,560000</SUD>
    <AUST>57,560000</AUST>
    <BRNN>57,560000</BRNN>
    <COAC>57,560000</COAC>
    <CORS>57,560000</CORS>
    <FOGN>57,560000</FOGN>
    <FRAN>57,560000</FRAN>
    <GREC>57,560000</GREC>
    <MFTV>57,560000</MFTV>
    <PRGP>72,000000</PRGP>
    <ROSN>57,560000</ROSN>
    <SLOV>57,560000</SLOV>
    <SVIZ>57,560000</SVIZ>
    <BSP>57,560000</BSP>
    <MALT>72,000000</MALT>
    <XAUS>57,560000</XAUS>
    <XFRA>57,560000</XFRA>
  </Prezzi>
  <Prezzi>
    <Data>20180416</Data>
    <Mercato>MGP</Mercato>
    <Ora>9</Ora>
    <PUN>76,982110</PUN>
    <NAT>76,460000</NAT>
    <CNOR>76,460000</CNOR>
    <CSUD>76,460000</CSUD>
    <NORD>76,460000</NORD>
    <SARD>76,460000</SARD>
    <SICI>86,380000</SICI>
    <SUD>76,460000</SUD>
    <AUST>76,460000</AUST>
    <BRNN>76,460000</BRNN>
    <COAC>76,460000</COAC>
    <CORS>76,460000</CORS>
    <FOGN>76,460000</FOGN>
    <FRAN>76,460000</FRAN>
    <GREC>76,460000</GREC>
    <MFTV>76,460000</MFTV>
    <PRGP>86,380000</PRGP>
    <ROSN>76,460000</ROSN>
    <SLOV>76,460000</SLOV>
    <SVIZ>76,460000</SVIZ>
    <BSP>76,460000</BSP>
    <MALT>86,380000</MALT>
    <XAUS>76,460000</XAUS>
    <XFRA>76,460000</XFRA>
  </Prezzi>
  <Prezzi>
    <Data>20180416</Data>
    <Mercato>MGP</Mercato>
    <Ora>10</Ora>
    <PUN>75,000000</PUN>
    <NAT>75,000000</NAT>
    <CNOR>75,000000</CNOR>
    <CSUD>75,000000</CSUD>
    <NORD>75,000000</NORD>
    <SARD>75,000000</SARD>
    <SICI>75,000000</SICI>
    <SUD>75,000000</SUD>
    <AUST>75,000000</AUST>
    <BRNN>75,000000</BRNN>
    <COAC>75,000000</COAC>
    <CORS>75,000000</CORS>
    <FOGN>75,000000</FOGN>
    <FRAN>75,000000</FRAN>
    <GREC>75,000000</GREC>
    <MFTV>75,000000</MFTV>
    <PRGP>75,000000</PRGP>
    <ROSN>75,000000</ROSN>
    <SLOV>75,000000</SLOV>
    <SVIZ>75,000000</SVIZ>
    <BSP>75,000000</BSP>
    <MALT>75,000000</MALT>
    <XAUS>75,000000</XAUS>
    <XFRA>75,000000</XFRA>
  </Prezzi>
  <Prezzi>
    <Data>20180416</Data>
    <Mercato>MGP</Mercato>
    <Ora>11</Ora>
    <PUN>61,260000</PUN>
    <NAT>61,260000</NAT>
    <CNOR>61,260000</CNOR>
    <CSUD>61,260000</CSUD>
    <NORD>61,260000</NORD>
    <SARD>61,260000</SARD>
    <SICI>61,260000</SICI>
    <SUD>61,260000</SUD>
    <AUST>61,260000</AUST>
    <BRNN>61,260000</BRNN>
    <COAC>61,260000</COAC>
    <CORS>61,260000</CORS>
    <FOGN>61,260000</FOGN>
    <FRAN>61,260000</FRAN>
    <GREC>61,260000</GREC>
    <MFTV>61,260000</MFTV>
    <PRGP>61,260000</PRGP>
    <ROSN>61,260000</ROSN>
    <SLOV>61,260000</SLOV>
    <SVIZ>61,260000</SVIZ>
    <BSP>61,260000</BSP>
    <MALT>61,260000</MALT>
    <XAUS>61,260000</XAUS>
    <XFRA>61,260000</XFRA>
  </Prezzi>
  <Prezzi>
    <Data>20180416</Data>
    <Mercato>MGP</Mercato>
    <Ora>12</Ora>
    <PUN>59,990000</PUN>
    <NAT>59,990000</NAT>
    <CNOR>59,990000</CNOR>
    <CSUD>59,990000</CSUD>
    <NORD>59,990000</NORD>
    <SARD>59,990000</SARD>
    <SICI>59,990000</SICI>
    <SUD>59,990000</SUD>
    <AUST>59,990000</AUST>
    <BRNN>59,990000</BRNN>
    <COAC>59,990000</COAC>
    <CORS>59,990000</CORS>
    <FOGN>59,990000</FOGN>
    <FRAN>59,990000</FRAN>
    <GREC>59,990000</GREC>
    <MFTV>59,990000</MFTV>
    <PRGP>59,990000</PRGP>
    <ROSN>59,990000</ROSN>
    <SLOV>59,990000</SLOV>
    <SVIZ>59,990000</SVIZ>
    <BSP>59,990000</BSP>
    <MALT>59,990000</MALT>
    <XAUS>59,990000</XAUS>
    <XFRA>59,990000</XFRA>
  </Prezzi>
  <Prezzi>
    <Data>20180416</Data>
    <Mercato>MGP</Mercato>
    <Ora>13</Ora>
    <PUN>52,990000</PUN>
    <NAT>52,990000</NAT>
    <CNOR>52,990000</CNOR>
    <CSUD>52,990000</CSUD>
    <NORD>52,990000</NORD>
    <SARD>52,990000</SARD>
    <SICI>52,990000</SICI>
    <SUD>52,990000</SUD>
    <AUST>52,990000</AUST>
    <BRNN>52,990000</BRNN>
    <COAC>52,990000</COAC>
    <CORS>52,990000</CORS>
    <FOGN>52,990000</FOGN>
    <FRAN>52,990000</FRAN>
    <GREC>52,990000</GREC>
    <MFTV>52,990000</MFTV>
    <PRGP>52,990000</PRGP>
    <ROSN>52,990000</ROSN>
    <SLOV>52,990000</SLOV>
    <SVIZ>52,990000</SVIZ>
    <BSP>52,990000</BSP>
    <MALT>52,990000</MALT>
    <XAUS>52,990000</XAUS>
    <XFRA>52,990000</XFRA>
  </Prezzi>
  <Prezzi>
    <Data>20180416</Data>
    <Mercato>MGP</Mercato>
    <Ora>14</Ora>
    <PUN>52,020000</PUN>
    <NAT>52,020000</NAT>
    <CNOR>52,020000</CNOR>
    <CSUD>52,020000</CSUD>
    <NORD>52,020000</NORD>
    <SARD>52,020000</SARD>
    <SICI>52,020000</SICI>
    <SUD>52,020000</SUD>
    <AUST>52,020000</AUST>
    <BRNN>52,020000</BRNN>
    <COAC>52,020000</COAC>
    <CORS>52,020000</CORS>
    <FOGN>52,020000</FOGN>
    <FRAN>52,020000</FRAN>
    <GREC>52,020000</GREC>
    <MFTV>52,020000</MFTV>
    <PRGP>52,020000</PRGP>
    <ROSN>52,020000</ROSN>
    <SLOV>52,020000</SLOV>
    <SVIZ>52,020000</SVIZ>
    <BSP>52,020000</BSP>
    <MALT>52,020000</MALT>
    <XAUS>52,020000</XAUS>
    <XFRA>52,020000</XFRA>
  </Prezzi>
  <Prezzi>
    <Data>20180416</Data>
    <Mercato>MGP</Mercato>
    <Ora>15</Ora>
    <PUN>54,700000</PUN>
    <NAT>54,700000</NAT>
    <CNOR>54,700000</CNOR>
    <CSUD>54,700000</CSUD>
    <NORD>54,700000</NORD>
    <SARD>54,700000</SARD>
    <SICI>54,700000</SICI>
    <SUD>54,700000</SUD>
    <AUST>54,700000</AUST>
    <BRNN>54,700000</BRNN>
    <COAC>54,700000</COAC>
    <CORS>54,700000</CORS>
    <FOGN>54,700000</FOGN>
    <FRAN>54,700000</FRAN>
    <GREC>54,700000</GREC>
    <MFTV>54,700000</MFTV>
    <PRGP>54,700000</PRGP>
    <ROSN>54,700000</ROSN>
    <SLOV>54,700000</SLOV>
    <SVIZ>54,700000</SVIZ>
    <BSP>54,700000</BSP>
    <MALT>54,700000</MALT>
    <XAUS>54,700000</XAUS>
    <XFRA>54,700000</XFRA>
  </Prezzi>
  <Prezzi>
    <Data>20180416</Data>
    <Mercato>MGP</Mercato>
    <Ora>16</Ora>
    <PUN>52,990000</PUN>
    <NAT>52,990000</NAT>
    <CNOR>52,990000</CNOR>
    <CSUD>52,990000</CSUD>
    <NORD>52,990000</NORD>
    <SARD>52,990000</SARD>
    <SICI>52,990000</SICI>
    <SUD>52,990000</SUD>
    <AUST>52,990000</AUST>
    <BRNN>52,990000</BRNN>
    <COAC>52,990000</COAC>
    <CORS>52,990000</CORS>
    <FOGN>52,990000</FOGN>
    <FRAN>52,990000</FRAN>
    <GREC>52,990000</GREC>
    <MFTV>52,990000</MFTV>
    <PRGP>52,990000</PRGP>
    <ROSN>52,990000</ROSN>
    <SLOV>52,990000</SLOV>
    <SVIZ>52,990000</SVIZ>
    <BSP>52,990000</BSP>
    <MALT>52,990000</MALT>
    <XAUS>52,990000</XAUS>
    <XFRA>52,990000</XFRA>
  </Prezzi>
  <Prezzi>
    <Data>20180416</Data>
    <Mercato>MGP</Mercato>
    <Ora>17</Ora>
    <PUN>54,440000</PUN>
    <NAT>54,440000</NAT>
    <CNOR>54,440000</CNOR>
    <CSUD>54,440000</CSUD>
    <NORD>54,440000</NORD>
    <SARD>54,440000</SARD>
    <SICI>54,440000</SICI>
    <SUD>54,440000</SUD>
    <AUST>54,440000</AUST>
    <BRNN>54,440000</BRNN>
    <COAC>54,440000</COAC>
    <CORS>54,440000</CORS>
    <FOGN>54,440000</FOGN>
    <FRAN>54,440000</FRAN>
    <GREC>54,440000</GREC>
    <MFTV>54,440000</MFTV>
    <PRGP>54,440000</PRGP>
    <ROSN>54,440000</ROSN>
    <SLOV>54,440000</SLOV>
    <SVIZ>54,440000</SVIZ>
    <BSP>54,440000</BSP>
    <MALT>54,440000</MALT>
    <XAUS>54,440000</XAUS>
    <XFRA>54,440000</XFRA>
  </Prezzi>
  <Prezzi>
    <Data>20180416</Data>
    <Mercato>MGP</Mercato>
    <Ora>18</Ora>
    <PUN>56,710000</PUN>
    <NAT>56,710000</NAT>
    <CNOR>56,710000</CNOR>
    <CSUD>56,710000</CSUD>
    <NORD>56,710000</NORD>
    <SARD>56,710000</SARD>
    <SICI>56,710000</SICI>
    <SUD>56,710000</SUD>
    <AUST>56,710000</AUST>
    <BRNN>56,710000</BRNN>
    <COAC>56,710000</COAC>
    <CORS>56,710000</CORS>
    <FOGN>56,710000</FOGN>
    <FRAN>56,710000</FRAN>
    <GREC>56,710000</GREC>
    <MFTV>56,710000</MFTV>
    <PRGP>56,710000</PRGP>
    <ROSN>56,710000</ROSN>
    <SLOV>56,710000</SLOV>
    <SVIZ>56,710000</SVIZ>
    <BSP>56,710000</BSP>
    <MALT>56,710000</MALT>
    <XAUS>56,710000</XAUS>
    <XFRA>56,710000</XFRA>
  </Prezzi>
  <Prezzi>
    <Data>20180416</Data>
    <Mercato>MGP</Mercato>
    <Ora>19</Ora>
    <PUN>57,938040</PUN>
    <NAT>57,650000</NAT>
    <CNOR>57,640000</CNOR>
    <CSUD>57,640000</CSUD>
    <NORD>57,640000</NORD>
    <SARD>57,640000</SARD>
    <SICI>62,930000</SICI>
    <SUD>57,640000</SUD>
    <AUST>57,640000</AUST>
    <BRNN>57,640000</BRNN>
    <COAC>57,640000</COAC>
    <CORS>57,640000</CORS>
    <FOGN>57,640000</FOGN>
    <FRAN>57,640000</FRAN>
    <GREC>57,640000</GREC>
    <MFTV>57,640000</MFTV>
    <PRGP>62,930000</PRGP>
    <ROSN>57,640000</ROSN>
    <SLOV>57,640000</SLOV>
    <SVIZ>57,640000</SVIZ>
    <BSP>57,640000</BSP>
    <MALT>62,930000</MALT>
    <XAUS>57,640000</XAUS>
    <XFRA>57,640000</XFRA>
  </Prezzi>
  <Prezzi>
    <Data>20180416</Data>
    <Mercato>MGP</Mercato>
    <Ora>20</Ora>
    <PUN>64,669350</PUN>
    <NAT>67,820000</NAT>
    <CNOR>63,150000</CNOR>
    <CSUD>63,150000</CSUD>
    <NORD>63,150000</NORD>
    <SARD>63,150000</SARD>
    <SICI>88,890000</SICI>
    <SUD>63,150000</SUD>
    <AUST>63,150000</AUST>
    <BRNN>63,150000</BRNN>
    <COAC>63,150000</COAC>
    <CORS>63,150000</CORS>
    <FOGN>63,150000</FOGN>
    <FRAN>63,150000</FRAN>
    <GREC>63,150000</GREC>
    <MFTV>63,150000</MFTV>
    <PRGP>88,890000</PRGP>
    <ROSN>63,150000</ROSN>
    <SLOV>63,150000</SLOV>
    <SVIZ>63,150000</SVIZ>
    <BSP>63,150000</BSP>
    <MALT>88,890000</MALT>
    <XAUS>63,150000</XAUS>
    <XFRA>63,150000</XFRA>
  </Prezzi>
  <Prezzi>
    <Data>20180416</Data>
    <Mercato>MGP</Mercato>
    <Ora>21</Ora>
    <PUN>74,206330</PUN>
    <NAT>75,320000</NAT>
    <CNOR>73,000000</CNOR>
    <CSUD>73,000000</CSUD>
    <NORD>73,000000</NORD>
    <SARD>73,000000</SARD>
    <SICI>92,500000</SICI>
    <SUD>73,000000</SUD>
    <AUST>73,000000</AUST>
    <BRNN>73,000000</BRNN>
    <COAC>73,000000</COAC>
    <CORS>73,000000</CORS>
    <FOGN>73,000000</FOGN>
    <FRAN>73,000000</FRAN>
    <GREC>73,000000</GREC>
    <MFTV>73,000000</MFTV>
    <PRGP>92,500000</PRGP>
    <ROSN>73,000000</ROSN>
    <SLOV>73,000000</SLOV>
    <SVIZ>73,000000</SVIZ>
    <BSP>73,000000</BSP>
    <MALT>92,500000</MALT>
    <XAUS>73,000000</XAUS>
    <XFRA>73,000000</XFRA>
  </Prezzi>
  <Prezzi>
    <Data>20180416</Data>
    <Mercato>MGP</Mercato>
    <Ora>22</Ora>
    <PUN>62,200370</PUN>
    <NAT>61,320000</NAT>
    <CNOR>60,210000</CNOR>
    <CSUD>60,210000</CSUD>
    <NORD>60,210000</NORD>
    <SARD>60,210000</SARD>
    <SICI>92,500000</SICI>
    <SUD>60,210000</SUD>
    <AUST>60,210000</AUST>
    <BRNN>60,210000</BRNN>
    <COAC>60,210000</COAC>
    <CORS>60,210000</CORS>
    <FOGN>60,210000</FOGN>
    <FRAN>60,210000</FRAN>
    <GREC>60,210000</GREC>
    <MFTV>60,210000</MFTV>
    <PRGP>92,500000</PRGP>
    <ROSN>60,210000</ROSN>
    <SLOV>60,210000</SLOV>
    <SVIZ>60,210000</SVIZ>
    <BSP>60,210000</BSP>
    <MALT>92,500000</MALT>
    <XAUS>60,210000</XAUS>
    <XFRA>60,210000</XFRA>
  </Prezzi>
  <Prezzi>
    <Data>20180416</Data>
    <Mercato>MGP</Mercato>
    <Ora>23</Ora>
    <PUN>58,416960</PUN>
    <NAT>57,500000</NAT>
    <CNOR>57,320000</CNOR>
    <CSUD>57,320000</CSUD>
    <NORD>57,320000</NORD>
    <SARD>57,320000</SARD>
    <SICI>75,130000</SICI>
    <SUD>57,320000</SUD>
    <AUST>57,320000</AUST>
    <BRNN>57,320000</BRNN>
    <COAC>57,320000</COAC>
    <CORS>57,320000</CORS>
    <FOGN>57,320000</FOGN>
    <FRAN>57,320000</FRAN>
    <GREC>57,320000</GREC>
    <MFTV>57,320000</MFTV>
    <PRGP>75,130000</PRGP>
    <ROSN>57,320000</ROSN>
    <SLOV>57,320000</SLOV>
    <SVIZ>57,320000</SVIZ>
    <BSP>57,320000</BSP>
    <MALT>75,130000</MALT>
    <XAUS>57,320000</XAUS>
    <XFRA>57,320000</XFRA>
  </Prezzi>
  <Prezzi>
    <Data>20180416</Data>
    <Mercato>MGP</Mercato>
    <Ora>24</Ora>
    <PUN>50,815250</PUN>
    <NAT>50,340000</NAT>
    <CNOR>50,030000</CNOR>
    <CSUD>50,030000</CSUD>
    <NORD>50,030000</NORD>
    <SARD>50,030000</SARD>
    <SICI>62,930000</SICI>
    <SUD>50,030000</SUD>
    <AUST>50,030000</AUST>
    <BRNN>50,030000</BRNN>
    <COAC>50,030000</COAC>
    <CORS>50,030000</CORS>
    <FOGN>50,030000</FOGN>
    <FRAN>50,030000</FRAN>
    <GREC>50,030000</GREC>
    <MFTV>50,030000</MFTV>
    <PRGP>62,930000</PRGP>
    <ROSN>50,030000</ROSN>
    <SLOV>50,030000</SLOV>
    <SVIZ>50,030000</SVIZ>
    <BSP>50,030000</BSP>
    <MALT>62,930000</MALT>
    <XAUS>50,030000</XAUS>
    <XFRA>50,030000</XFRA>
  </Prezzi>
</NewDataSet>