<?xml version="1.0" standalone="yes"?>
<NewDataSet>
  <xs:schema id="NewDataSet" xmlns="" xmlns:xs="http://www.w3.org/2001/XMLSchema" xmlns:msdata="urn:schemas-microsoft-com:xml-msdata">
    <xs:element name="NewDataSet" msdata:IsDataSet="true" msdata:UseCurrentLocale="true">
      <xs:complexType>
        <xs:choice minOccurs="0" maxOccurs="unbounded">
          <xs:element name="Prezzi">
            <xs:complexType>
              <xs:sequence>
                <xs:element name="Data" type="xs:string" minOccurs="0" />
                <xs:element name="Mercato" type="xs:string" minOccurs="0" />
                <xs:element name="Ora" type="xs:string" minOccurs="0" />
                <xs:element name="PUN" type="xs:string" minOccurs="0" />
                <xs:element name="NAT" type="xs:string" minOccurs="0" />
                <xs:element name="CNOR" type="xs:string" minOccurs="0" />
                <xs:element name="CSUD" type="xs:string" minOccurs="0" />
                <xs:element name="NORD" type="xs:string" minOccurs="0" />
                <xs:element name="SARD" type="xs:string" minOccurs="0" />
                <xs:element name="SICI" type="xs:string" minOccurs="0" />
                <xs:element name="SUD" type="xs:string" minOccurs="0" />
                <xs:element name="AUST" type="xs:string" minOccurs="0" />
                <xs:element name="BRNN" type="xs:string" minOccurs="0" />
                <xs:element name="COAC" type="xs:string" minOccurs="0" />
                <xs:element name="CORS" type="xs:string" minOccurs="0" />
                <xs:element name="FOGN" type="xs:string" minOccurs="0" />
                <xs:element name="FRAN" type="xs:string" minOccurs="0" />
                <xs:element name="GREC" type="xs:string" minOccurs="0" />
                <xs:element name="MFTV" type="xs:string" minOccurs="0" />
                <xs:element name="PRGP" type="xs:string" minOccurs="0" />
                <xs:element name="ROSN" type="xs:string" minOccurs="0" />
                <xs:element name="SLOV" type="xs:string" minOccurs="0" />
                <xs:element name="SVIZ" type="xs:string" minOccurs="0" />
                <xs:element name="BSP" type="xs:string" minOccurs="0" />
                <xs:element name="MALT" type="xs:string" minOccurs="0" />
                <xs:element name="XAUS" type="xs:string" minOccurs="0" />
                <xs:element name="XFRA" type="xs:string" minOccurs="0" />
              </xs:sequence>
            </xs:complexType>
          </xs:element>
        </xs:choice>
      </xs:complexType>
    </xs:element>
  </xs:schema>
  <Prezzi>
    <Data>20180408</Data>
    <Mercato>MGP</Mercato>
    <Ora>1</Ora>
    <PUN>50,885610</PUN>
    <NAT>50,950000</NAT>
    <CNOR>50,850000</CNOR>
    <CSUD>50,950000</CSUD>
    <NORD>50,850000</NORD>
    <SARD>50,950000</SARD>
    <SICI>50,950000</SICI>
    <SUD>50,950000</SUD>
    <AUST>50,850000</AUST>
    <BRNN>50,950000</BRNN>
    <COAC>50,950000</COAC>
    <CORS>50,950000</CORS>
    <FOGN>50,950000</FOGN>
    <FRAN>50,850000</FRAN>
    <GREC>50,950000</GREC>
    <MFTV>50,850000</MFTV>
    <PRGP>50,950000</PRGP>
    <ROSN>50,950000</ROSN>
    <SLOV>50,850000</SLOV>
    <SVIZ>50,850000</SVIZ>
    <BSP>50,850000</BSP>
    <MALT>50,950000</MALT>
    <XAUS>50,850000</XAUS>
    <XFRA>50,850000</XFRA>
  </Prezzi>
  <Prezzi>
    <Data>20180408</Data>
    <Mercato>MGP</Mercato>
    <Ora>2</Ora>
    <PUN>47,185570</PUN>
    <NAT>46,730000</NAT>
    <CNOR>46,490000</CNOR>
    <CSUD>48,480000</CSUD>
    <NORD>46,490000</NORD>
    <SARD>48,480000</SARD>
    <SICI>48,480000</SICI>
    <SUD>48,480000</SUD>
    <AUST>46,490000</AUST>
    <BRNN>48,480000</BRNN>
    <COAC>48,480000</COAC>
    <CORS>48,480000</CORS>
    <FOGN>48,480000</FOGN>
    <FRAN>46,490000</FRAN>
    <GREC>48,480000</GREC>
    <MFTV>46,490000</MFTV>
    <PRGP>48,480000</PRGP>
    <ROSN>48,480000</ROSN>
    <SLOV>46,490000</SLOV>
    <SVIZ>46,490000</SVIZ>
    <BSP>46,490000</BSP>
    <MALT>48,480000</MALT>
    <XAUS>46,490000</XAUS>
    <XFRA>46,490000</XFRA>
  </Prezzi>
  <Prezzi>
    <Data>20180408</Data>
    <Mercato>MGP</Mercato>
    <Ora>3</Ora>
    <PUN>43,860000</PUN>
    <NAT>43,860000</NAT>
    <CNOR>43,860000</CNOR>
    <CSUD>43,860000</CSUD>
    <NORD>43,860000</NORD>
    <SARD>43,860000</SARD>
    <SICI>43,860000</SICI>
    <SUD>43,860000</SUD>
    <AUST>43,860000</AUST>
    <BRNN>43,860000</BRNN>
    <COAC>43,860000</COAC>
    <CORS>43,860000</CORS>
    <FOGN>43,860000</FOGN>
    <FRAN>43,860000</FRAN>
    <GREC>43,860000</GREC>
    <MFTV>43,860000</MFTV>
    <PRGP>43,860000</PRGP>
    <ROSN>43,860000</ROSN>
    <SLOV>43,860000</SLOV>
    <SVIZ>43,860000</SVIZ>
    <BSP>43,860000</BSP>
    <MALT>43,860000</MALT>
    <XAUS>43,860000</XAUS>
    <XFRA>43,860000</XFRA>
  </Prezzi>
  <Prezzi>
    <Data>20180408</Data>
    <Mercato>MGP</Mercato>
    <Ora>4</Ora>
    <PUN>43,010000</PUN>
    <NAT>43,010000</NAT>
    <CNOR>43,010000</CNOR>
    <CSUD>43,010000</CSUD>
    <NORD>43,010000</NORD>
    <SARD>43,010000</SARD>
    <SICI>43,010000</SICI>
    <SUD>43,010000</SUD>
    <AUST>43,010000</AUST>
    <BRNN>43,010000</BRNN>
    <COAC>43,010000</COAC>
    <CORS>43,010000</CORS>
    <FOGN>43,010000</FOGN>
    <FRAN>43,010000</FRAN>
    <GREC>43,010000</GREC>
    <MFTV>43,010000</MFTV>
    <PRGP>43,010000</PRGP>
    <ROSN>43,010000</ROSN>
    <SLOV>43,010000</SLOV>
    <SVIZ>43,010000</SVIZ>
    <BSP>43,010000</BSP>
    <MALT>43,010000</MALT>
    <XAUS>43,010000</XAUS>
    <XFRA>43,010000</XFRA>
  </Prezzi>
  <Prezzi>
    <Data>20180408</Data>
    <Mercato>MGP</Mercato>
    <Ora>5</Ora>
    <PUN>41,710000</PUN>
    <NAT>41,710000</NAT>
    <CNOR>41,710000</CNOR>
    <CSUD>41,710000</CSUD>
    <NORD>41,710000</NORD>
    <SARD>41,710000</SARD>
    <SICI>41,710000</SICI>
    <SUD>41,710000</SUD>
    <AUST>41,710000</AUST>
    <BRNN>41,710000</BRNN>
    <COAC>41,710000</COAC>
    <CORS>41,710000</CORS>
    <FOGN>41,710000</FOGN>
    <FRAN>41,710000</FRAN>
    <GREC>41,710000</GREC>
    <MFTV>41,710000</MFTV>
    <PRGP>41,710000</PRGP>
    <ROSN>41,710000</ROSN>
    <SLOV>41,710000</SLOV>
    <SVIZ>41,710000</SVIZ>
    <BSP>41,710000</BSP>
    <MALT>41,710000</MALT>
    <XAUS>41,710000</XAUS>
    <XFRA>41,710000</XFRA>
  </Prezzi>
  <Prezzi>
    <Data>20180408</Data>
    <Mercato>MGP</Mercato>
    <Ora>6</Ora>
    <PUN>45,700000</PUN>
    <NAT>45,700000</NAT>
    <CNOR>45,700000</CNOR>
    <CSUD>45,700000</CSUD>
    <NORD>45,700000</NORD>
    <SARD>45,700000</SARD>
    <SICI>45,700000</SICI>
    <SUD>45,700000</SUD>
    <AUST>45,700000</AUST>
    <BRNN>45,700000</BRNN>
    <COAC>45,700000</COAC>
    <CORS>45,700000</CORS>
    <FOGN>45,700000</FOGN>
    <FRAN>45,700000</FRAN>
    <GREC>45,700000</GREC>
    <MFTV>45,700000</MFTV>
    <PRGP>45,700000</PRGP>
    <ROSN>45,700000</ROSN>
    <SLOV>45,700000</SLOV>
    <SVIZ>45,700000</SVIZ>
    <BSP>45,700000</BSP>
    <MALT>45,700000</MALT>
    <XAUS>45,700000</XAUS>
    <XFRA>45,700000</XFRA>
  </Prezzi>
  <Prezzi>
    <Data>20180408</Data>
    <Mercato>MGP</Mercato>
    <Ora>7</Ora>
    <PUN>45,760000</PUN>
    <NAT>45,760000</NAT>
    <CNOR>45,760000</CNOR>
    <CSUD>45,760000</CSUD>
    <NORD>45,760000</NORD>
    <SARD>45,760000</SARD>
    <SICI>45,760000</SICI>
    <SUD>45,760000</SUD>
    <AUST>45,760000</AUST>
    <BRNN>45,760000</BRNN>
    <COAC>45,760000</COAC>
    <CORS>45,760000</CORS>
    <FOGN>45,760000</FOGN>
    <FRAN>45,760000</FRAN>
    <GREC>45,760000</GREC>
    <MFTV>45,760000</MFTV>
    <PRGP>45,760000</PRGP>
    <ROSN>45,760000</ROSN>
    <SLOV>45,760000</SLOV>
    <SVIZ>45,760000</SVIZ>
    <BSP>45,760000</BSP>
    <MALT>45,760000</MALT>
    <XAUS>45,760000</XAUS>
    <XFRA>45,760000</XFRA>
  </Prezzi>
  <Prezzi>
    <Data>20180408</Data>
    <Mercato>MGP</Mercato>
    <Ora>8</Ora>
    <PUN>45,850000</PUN>
    <NAT>45,850000</NAT>
    <CNOR>45,850000</CNOR>
    <CSUD>45,850000</CSUD>
    <NORD>45,850000</NORD>
    <SARD>45,850000</SARD>
    <SICI>45,850000</SICI>
    <SUD>45,850000</SUD>
    <AUST>45,850000</AUST>
    <BRNN>45,850000</BRNN>
    <COAC>45,850000</COAC>
    <CORS>45,850000</CORS>
    <FOGN>45,850000</FOGN>
    <FRAN>45,850000</FRAN>
    <GREC>45,850000</GREC>
    <MFTV>45,850000</MFTV>
    <PRGP>45,850000</PRGP>
    <ROSN>45,850000</ROSN>
    <SLOV>45,850000</SLOV>
    <SVIZ>45,850000</SVIZ>
    <BSP>45,850000</BSP>
    <MALT>45,850000</MALT>
    <XAUS>45,850000</XAUS>
    <XFRA>45,850000</XFRA>
  </Prezzi>
  <Prezzi>
    <Data>20180408</Data>
    <Mercato>MGP</Mercato>
    <Ora>9</Ora>
    <PUN>45,310000</PUN>
    <NAT>45,310000</NAT>
    <CNOR>45,310000</CNOR>
    <CSUD>45,310000</CSUD>
    <NORD>45,310000</NORD>
    <SARD>45,310000</SARD>
    <SICI>45,310000</SICI>
    <SUD>45,310000</SUD>
    <AUST>45,310000</AUST>
    <BRNN>45,310000</BRNN>
    <COAC>45,310000</COAC>
    <CORS>45,310000</CORS>
    <FOGN>45,310000</FOGN>
    <FRAN>45,310000</FRAN>
    <GREC>45,310000</GREC>
    <MFTV>45,310000</MFTV>
    <PRGP>45,310000</PRGP>
    <ROSN>45,310000</ROSN>
    <SLOV>45,310000</SLOV>
    <SVIZ>45,310000</SVIZ>
    <BSP>45,310000</BSP>
    <MALT>45,310000</MALT>
    <XAUS>45,310000</XAUS>
    <XFRA>45,310000</XFRA>
  </Prezzi>
  <Prezzi>
    <Data>20180408</Data>
    <Mercato>MGP</Mercato>
    <Ora>10</Ora>
    <PUN>38,610000</PUN>
    <NAT>38,610000</NAT>
    <CNOR>38,610000</CNOR>
    <CSUD>38,610000</CSUD>
    <NORD>38,610000</NORD>
    <SARD>38,610000</SARD>
    <SICI>38,610000</SICI>
    <SUD>38,610000</SUD>
    <AUST>38,610000</AUST>
    <BRNN>38,610000</BRNN>
    <COAC>38,610000</COAC>
    <CORS>38,610000</CORS>
    <FOGN>38,610000</FOGN>
    <FRAN>38,610000</FRAN>
    <GREC>38,610000</GREC>
    <MFTV>38,610000</MFTV>
    <PRGP>38,610000</PRGP>
    <ROSN>38,610000</ROSN>
    <SLOV>38,610000</SLOV>
    <SVIZ>38,610000</SVIZ>
    <BSP>38,610000</BSP>
    <MALT>38,610000</MALT>
    <XAUS>38,610000</XAUS>
    <XFRA>38,610000</XFRA>
  </Prezzi>
  <Prezzi>
    <Data>20180408</Data>
    <Mercato>MGP</Mercato>
    <Ora>11</Ora>
    <PUN>34,980000</PUN>
    <NAT>34,980000</NAT>
    <CNOR>34,980000</CNOR>
    <CSUD>34,980000</CSUD>
    <NORD>34,980000</NORD>
    <SARD>34,980000</SARD>
    <SICI>34,980000</SICI>
    <SUD>34,980000</SUD>
    <AUST>34,980000</AUST>
    <BRNN>34,980000</BRNN>
    <COAC>34,980000</COAC>
    <CORS>34,980000</CORS>
    <FOGN>34,980000</FOGN>
    <FRAN>34,980000</FRAN>
    <GREC>34,980000</GREC>
    <MFTV>34,980000</MFTV>
    <PRGP>34,980000</PRGP>
    <ROSN>34,980000</ROSN>
    <SLOV>34,980000</SLOV>
    <SVIZ>34,980000</SVIZ>
    <BSP>34,980000</BSP>
    <MALT>34,980000</MALT>
    <XAUS>34,980000</XAUS>
    <XFRA>34,980000</XFRA>
  </Prezzi>
  <Prezzi>
    <Data>20180408</Data>
    <Mercato>MGP</Mercato>
    <Ora>12</Ora>
    <PUN>30,000000</PUN>
    <NAT>30,000000</NAT>
    <CNOR>30,000000</CNOR>
    <CSUD>30,000000</CSUD>
    <NORD>30,000000</NORD>
    <SARD>30,000000</SARD>
    <SICI>30,000000</SICI>
    <SUD>30,000000</SUD>
    <AUST>30,000000</AUST>
    <BRNN>30,000000</BRNN>
    <COAC>30,000000</COAC>
    <CORS>30,000000</CORS>
    <FOGN>30,000000</FOGN>
    <FRAN>30,000000</FRAN>
    <GREC>30,000000</GREC>
    <MFTV>30,000000</MFTV>
    <PRGP>30,000000</PRGP>
    <ROSN>30,000000</ROSN>
    <SLOV>30,000000</SLOV>
    <SVIZ>30,000000</SVIZ>
    <BSP>30,000000</BSP>
    <MALT>30,000000</MALT>
    <XAUS>30,000000</XAUS>
    <XFRA>30,000000</XFRA>
  </Prezzi>
  <Prezzi>
    <Data>20180408</Data>
    <Mercato>MGP</Mercato>
    <Ora>13</Ora>
    <PUN>19,860000</PUN>
    <NAT>19,860000</NAT>
    <CNOR>19,860000</CNOR>
    <CSUD>19,860000</CSUD>
    <NORD>19,860000</NORD>
    <SARD>19,860000</SARD>
    <SICI>19,860000</SICI>
    <SUD>19,860000</SUD>
    <AUST>19,860000</AUST>
    <BRNN>19,860000</BRNN>
    <COAC>19,860000</COAC>
    <CORS>19,860000</CORS>
    <FOGN>19,860000</FOGN>
    <FRAN>19,860000</FRAN>
    <GREC>19,860000</GREC>
    <MFTV>19,860000</MFTV>
    <PRGP>19,860000</PRGP>
    <ROSN>19,860000</ROSN>
    <SLOV>19,860000</SLOV>
    <SVIZ>19,860000</SVIZ>
    <BSP>19,860000</BSP>
    <MALT>19,860000</MALT>
    <XAUS>19,860000</XAUS>
    <XFRA>19,860000</XFRA>
  </Prezzi>
  <Prezzi>
    <Data>20180408</Data>
    <Mercato>MGP</Mercato>
    <Ora>14</Ora>
    <PUN>19,230000</PUN>
    <NAT>19,230000</NAT>
    <CNOR>19,230000</CNOR>
    <CSUD>19,230000</CSUD>
    <NORD>19,230000</NORD>
    <SARD>19,230000</SARD>
    <SICI>19,230000</SICI>
    <SUD>19,230000</SUD>
    <AUST>19,230000</AUST>
    <BRNN>19,230000</BRNN>
    <COAC>19,230000</COAC>
    <CORS>19,230000</CORS>
    <FOGN>19,230000</FOGN>
    <FRAN>19,230000</FRAN>
    <GREC>19,230000</GREC>
    <MFTV>19,230000</MFTV>
    <PRGP>19,230000</PRGP>
    <ROSN>19,230000</ROSN>
    <SLOV>19,230000</SLOV>
    <SVIZ>19,230000</SVIZ>
    <BSP>19,230000</BSP>
    <MALT>19,230000</MALT>
    <XAUS>19,230000</XAUS>
    <XFRA>19,230000</XFRA>
  </Prezzi>
  <Prezzi>
    <Data>20180408</Data>
    <Mercato>MGP</Mercato>
    <Ora>15</Ora>
    <PUN>9,390860</PUN>
    <NAT>9,000000</NAT>
    <CNOR>9,390860</CNOR>
    <CSUD>9,390860</CSUD>
    <NORD>9,390860</NORD>
    <SARD>9,390860</SARD>
    <SICI>9,390860</SICI>
    <SUD>9,390860</SUD>
    <AUST>9,390860</AUST>
    <BRNN>9,390860</BRNN>
    <COAC>9,390860</COAC>
    <CORS>9,390860</CORS>
    <FOGN>9,390860</FOGN>
    <FRAN>9,390860</FRAN>
    <GREC>9,390860</GREC>
    <MFTV>9,390860</MFTV>
    <PRGP>9,390860</PRGP>
    <ROSN>9,390860</ROSN>
    <SLOV>9,390860</SLOV>
    <SVIZ>9,390860</SVIZ>
    <BSP>9,390860</BSP>
    <MALT>9,390860</MALT>
    <XAUS>9,390860</XAUS>
    <XFRA>9,390860</XFRA>
  </Prezzi>
  <Prezzi>
    <Data>20180408</Data>
    <Mercato>MGP</Mercato>
    <Ora>16</Ora>
    <PUN>12,362720</PUN>
    <NAT>11,000000</NAT>
    <CNOR>12,362720</CNOR>
    <CSUD>12,362720</CSUD>
    <NORD>12,362720</NORD>
    <SARD>12,362720</SARD>
    <SICI>12,362720</SICI>
    <SUD>12,362720</SUD>
    <AUST>12,362720</AUST>
    <BRNN>12,362720</BRNN>
    <COAC>12,362720</COAC>
    <CORS>12,362720</CORS>
    <FOGN>12,362720</FOGN>
    <FRAN>12,362720</FRAN>
    <GREC>12,362720</GREC>
    <MFTV>12,362720</MFTV>
    <PRGP>12,362720</PRGP>
    <ROSN>12,362720</ROSN>
    <SLOV>12,362720</SLOV>
    <SVIZ>12,362720</SVIZ>
    <BSP>12,362720</BSP>
    <MALT>12,362720</MALT>
    <XAUS>12,362720</XAUS>
    <XFRA>12,362720</XFRA>
  </Prezzi>
  <Prezzi>
    <Data>20180408</Data>
    <Mercato>MGP</Mercato>
    <Ora>17</Ora>
    <PUN>20,000000</PUN>
    <NAT>20,000000</NAT>
    <CNOR>20,000000</CNOR>
    <CSUD>20,000000</CSUD>
    <NORD>20,000000</NORD>
    <SARD>20,000000</SARD>
    <SICI>20,000000</SICI>
    <SUD>20,000000</SUD>
    <AUST>20,000000</AUST>
    <BRNN>20,000000</BRNN>
    <COAC>20,000000</COAC>
    <CORS>20,000000</CORS>
    <FOGN>20,000000</FOGN>
    <FRAN>20,000000</FRAN>
    <GREC>20,000000</GREC>
    <MFTV>20,000000</MFTV>
    <PRGP>20,000000</PRGP>
    <ROSN>20,000000</ROSN>
    <SLOV>20,000000</SLOV>
    <SVIZ>20,000000</SVIZ>
    <BSP>20,000000</BSP>
    <MALT>20,000000</MALT>
    <XAUS>20,000000</XAUS>
    <XFRA>20,000000</XFRA>
  </Prezzi>
  <Prezzi>
    <Data>20180408</Data>
    <Mercato>MGP</Mercato>
    <Ora>18</Ora>
    <PUN>41,000000</PUN>
    <NAT>41,000000</NAT>
    <CNOR>41,000000</CNOR>
    <CSUD>41,000000</CSUD>
    <NORD>41,000000</NORD>
    <SARD>41,000000</SARD>
    <SICI>41,000000</SICI>
    <SUD>41,000000</SUD>
    <AUST>41,000000</AUST>
    <BRNN>41,000000</BRNN>
    <COAC>41,000000</COAC>
    <CORS>41,000000</CORS>
    <FOGN>41,000000</FOGN>
    <FRAN>41,000000</FRAN>
    <GREC>41,000000</GREC>
    <MFTV>41,000000</MFTV>
    <PRGP>41,000000</PRGP>
    <ROSN>41,000000</ROSN>
    <SLOV>41,000000</SLOV>
    <SVIZ>41,000000</SVIZ>
    <BSP>41,000000</BSP>
    <MALT>41,000000</MALT>
    <XAUS>41,000000</XAUS>
    <XFRA>41,000000</XFRA>
  </Prezzi>
  <Prezzi>
    <Data>20180408</Data>
    <Mercato>MGP</Mercato>
    <Ora>19</Ora>
    <PUN>49,300000</PUN>
    <NAT>49,300000</NAT>
    <CNOR>49,300000</CNOR>
    <CSUD>49,300000</CSUD>
    <NORD>49,300000</NORD>
    <SARD>49,300000</SARD>
    <SICI>49,300000</SICI>
    <SUD>49,300000</SUD>
    <AUST>49,300000</AUST>
    <BRNN>49,300000</BRNN>
    <COAC>49,300000</COAC>
    <CORS>49,300000</CORS>
    <FOGN>49,300000</FOGN>
    <FRAN>49,300000</FRAN>
    <GREC>49,300000</GREC>
    <MFTV>49,300000</MFTV>
    <PRGP>49,300000</PRGP>
    <ROSN>49,300000</ROSN>
    <SLOV>49,300000</SLOV>
    <SVIZ>49,300000</SVIZ>
    <BSP>49,300000</BSP>
    <MALT>49,300000</MALT>
    <XAUS>49,300000</XAUS>
    <XFRA>49,300000</XFRA>
  </Prezzi>
  <Prezzi>
    <Data>20180408</Data>
    <Mercato>MGP</Mercato>
    <Ora>20</Ora>
    <PUN>58,510000</PUN>
    <NAT>58,510000</NAT>
    <CNOR>58,510000</CNOR>
    <CSUD>58,510000</CSUD>
    <NORD>58,510000</NORD>
    <SARD>58,510000</SARD>
    <SICI>58,510000</SICI>
    <SUD>58,510000</SUD>
    <AUST>58,510000</AUST>
    <BRNN>58,510000</BRNN>
    <COAC>58,510000</COAC>
    <CORS>58,510000</CORS>
    <FOGN>58,510000</FOGN>
    <FRAN>58,510000</FRAN>
    <GREC>58,510000</GREC>
    <MFTV>58,510000</MFTV>
    <PRGP>58,510000</PRGP>
    <ROSN>58,510000</ROSN>
    <SLOV>58,510000</SLOV>
    <SVIZ>58,510000</SVIZ>
    <BSP>58,510000</BSP>
    <MALT>58,510000</MALT>
    <XAUS>58,510000</XAUS>
    <XFRA>58,510000</XFRA>
  </Prezzi>
  <Prezzi>
    <Data>20180408</Data>
    <Mercato>MGP</Mercato>
    <Ora>21</Ora>
    <PUN>76,280000</PUN>
    <NAT>76,280000</NAT>
    <CNOR>76,280000</CNOR>
    <CSUD>76,280000</CSUD>
    <NORD>76,280000</NORD>
    <SARD>76,280000</SARD>
    <SICI>76,280000</SICI>
    <SUD>76,280000</SUD>
    <AUST>76,280000</AUST>
    <BRNN>76,280000</BRNN>
    <COAC>76,280000</COAC>
    <CORS>76,280000</CORS>
    <FOGN>76,280000</FOGN>
    <FRAN>76,280000</FRAN>
    <GREC>76,280000</GREC>
    <MFTV>76,280000</MFTV>
    <PRGP>76,280000</PRGP>
    <ROSN>76,280000</ROSN>
    <SLOV>76,280000</SLOV>
    <SVIZ>76,280000</SVIZ>
    <BSP>76,280000</BSP>
    <MALT>76,280000</MALT>
    <XAUS>76,280000</XAUS>
    <XFRA>76,280000</XFRA>
  </Prezzi>
  <Prezzi>
    <Data>20180408</Data>
    <Mercato>MGP</Mercato>
    <Ora>22</Ora>
    <PUN>60,400000</PUN>
    <NAT>60,400000</NAT>
    <CNOR>60,400000</CNOR>
    <CSUD>60,400000</CSUD>
    <NORD>60,400000</NORD>
    <SARD>60,400000</SARD>
    <SICI>60,400000</SICI>
    <SUD>60,400000</SUD>
    <AUST>60,400000</AUST>
    <BRNN>60,400000</BRNN>
    <COAC>60,400000</COAC>
    <CORS>60,400000</CORS>
    <FOGN>60,400000</FOGN>
    <FRAN>60,400000</FRAN>
    <GREC>60,400000</GREC>
    <MFTV>60,400000</MFTV>
    <PRGP>60,400000</PRGP>
    <ROSN>60,400000</ROSN>
    <SLOV>60,400000</SLOV>
    <SVIZ>60,400000</SVIZ>
    <BSP>60,400000</BSP>
    <MALT>60,400000</MALT>
    <XAUS>60,400000</XAUS>
    <XFRA>60,400000</XFRA>
  </Prezzi>
  <Prezzi>
    <Data>20180408</Data>
    <Mercato>MGP</Mercato>
    <Ora>23</Ora>
    <PUN>53,880000</PUN>
    <NAT>53,880000</NAT>
    <CNOR>53,880000</CNOR>
    <CSUD>53,880000</CSUD>
    <NORD>53,880000</NORD>
    <SARD>53,880000</SARD>
    <SICI>53,880000</SICI>
    <SUD>53,880000</SUD>
    <AUST>53,880000</AUST>
    <BRNN>53,880000</BRNN>
    <COAC>53,880000</COAC>
    <CORS>53,880000</CORS>
    <FOGN>53,880000</FOGN>
    <FRAN>53,880000</FRAN>
    <GREC>53,880000</GREC>
    <MFTV>53,880000</MFTV>
    <PRGP>53,880000</PRGP>
    <ROSN>53,880000</ROSN>
    <SLOV>53,880000</SLOV>
    <SVIZ>53,880000</SVIZ>
    <BSP>53,880000</BSP>
    <MALT>53,880000</MALT>
    <XAUS>53,880000</XAUS>
    <XFRA>53,880000</XFRA>
  </Prezzi>
  <Prezzi>
    <Data>20180408</Data>
    <Mercato>MGP</Mercato>
    <Ora>24</Ora>
    <PUN>48,950000</PUN>
    <NAT>48,950000</NAT>
    <CNOR>48,950000</CNOR>
    <CSUD>48,950000</CSUD>
    <NORD>48,950000</NORD>
    <SARD>48,950000</SARD>
    <SICI>48,950000</SICI>
    <SUD>48,950000</SUD>
    <AUST>48,950000</AUST>
    <BRNN>48,950000</BRNN>
    <COAC>48,950000</COAC>
    <CORS>48,950000</CORS>
    <FOGN>48,950000</FOGN>
    <FRAN>48,950000</FRAN>
    <GREC>48,950000</GREC>
    <MFTV>48,950000</MFTV>
    <PRGP>48,950000</PRGP>
    <ROSN>48,950000</ROSN>
    <SLOV>48,950000</SLOV>
    <SVIZ>48,950000</SVIZ>
    <BSP>48,950000</BSP>
    <MALT>48,950000</MALT>
    <XAUS>48,950000</XAUS>
    <XFRA>48,950000</XFRA>
  </Prezzi>
</NewDataSet>