<?xml version="1.0" standalone="yes"?>
<NewDataSet>
  <xs:schema id="NewDataSet" xmlns="" xmlns:xs="http://www.w3.org/2001/XMLSchema" xmlns:msdata="urn:schemas-microsoft-com:xml-msdata">
    <xs:element name="NewDataSet" msdata:IsDataSet="true" msdata:UseCurrentLocale="true">
      <xs:complexType>
        <xs:choice minOccurs="0" maxOccurs="unbounded">
          <xs:element name="Prezzi">
            <xs:complexType>
              <xs:sequence>
                <xs:element name="Data" type="xs:string" minOccurs="0" />
                <xs:element name="Mercato" type="xs:string" minOccurs="0" />
                <xs:element name="Ora" type="xs:string" minOccurs="0" />
                <xs:element name="PUN" type="xs:string" minOccurs="0" />
                <xs:element name="NAT" type="xs:string" minOccurs="0" />
                <xs:element name="CNOR" type="xs:string" minOccurs="0" />
                <xs:element name="CSUD" type="xs:string" minOccurs="0" />
                <xs:element name="NORD" type="xs:string" minOccurs="0" />
                <xs:element name="SARD" type="xs:string" minOccurs="0" />
                <xs:element name="SICI" type="xs:string" minOccurs="0" />
                <xs:element name="SUD" type="xs:string" minOccurs="0" />
                <xs:element name="AUST" type="xs:string" minOccurs="0" />
                <xs:element name="BRNN" type="xs:string" minOccurs="0" />
                <xs:element name="COAC" type="xs:string" minOccurs="0" />
                <xs:element name="CORS" type="xs:string" minOccurs="0" />
                <xs:element name="FOGN" type="xs:string" minOccurs="0" />
                <xs:element name="FRAN" type="xs:string" minOccurs="0" />
                <xs:element name="GREC" type="xs:string" minOccurs="0" />
                <xs:element name="MFTV" type="xs:string" minOccurs="0" />
                <xs:element name="PRGP" type="xs:string" minOccurs="0" />
                <xs:element name="ROSN" type="xs:string" minOccurs="0" />
                <xs:element name="SLOV" type="xs:string" minOccurs="0" />
                <xs:element name="SVIZ" type="xs:string" minOccurs="0" />
                <xs:element name="BSP" type="xs:string" minOccurs="0" />
                <xs:element name="MALT" type="xs:string" minOccurs="0" />
                <xs:element name="XAUS" type="xs:string" minOccurs="0" />
                <xs:element name="XFRA" type="xs:string" minOccurs="0" />
              </xs:sequence>
            </xs:complexType>
          </xs:element>
        </xs:choice>
      </xs:complexType>
    </xs:element>
  </xs:schema>
  <Prezzi>
    <Data>20180405</Data>
    <Mercato>MGP</Mercato>
    <Ora>1</Ora>
    <PUN>49,500000</PUN>
    <NAT>49,500000</NAT>
    <CNOR>49,500000</CNOR>
    <CSUD>49,500000</CSUD>
    <NORD>49,500000</NORD>
    <SARD>49,500000</SARD>
    <SICI>49,500000</SICI>
    <SUD>49,500000</SUD>
    <AUST>49,500000</AUST>
    <BRNN>49,500000</BRNN>
    <COAC>49,500000</COAC>
    <CORS>49,500000</CORS>
    <FOGN>49,500000</FOGN>
    <FRAN>49,500000</FRAN>
    <GREC>49,500000</GREC>
    <MFTV>49,500000</MFTV>
    <PRGP>49,500000</PRGP>
    <ROSN>49,500000</ROSN>
    <SLOV>49,500000</SLOV>
    <SVIZ>49,500000</SVIZ>
    <BSP>49,500000</BSP>
    <MALT>49,500000</MALT>
    <XAUS>49,500000</XAUS>
    <XFRA>49,500000</XFRA>
  </Prezzi>
  <Prezzi>
    <Data>20180405</Data>
    <Mercato>MGP</Mercato>
    <Ora>2</Ora>
    <PUN>45,930000</PUN>
    <NAT>45,930000</NAT>
    <CNOR>45,930000</CNOR>
    <CSUD>45,930000</CSUD>
    <NORD>45,930000</NORD>
    <SARD>45,930000</SARD>
    <SICI>45,930000</SICI>
    <SUD>45,930000</SUD>
    <AUST>45,930000</AUST>
    <BRNN>45,930000</BRNN>
    <COAC>45,930000</COAC>
    <CORS>45,930000</CORS>
    <FOGN>45,930000</FOGN>
    <FRAN>45,930000</FRAN>
    <GREC>45,930000</GREC>
    <MFTV>45,930000</MFTV>
    <PRGP>45,930000</PRGP>
    <ROSN>45,930000</ROSN>
    <SLOV>45,930000</SLOV>
    <SVIZ>45,930000</SVIZ>
    <BSP>45,930000</BSP>
    <MALT>45,930000</MALT>
    <XAUS>45,930000</XAUS>
    <XFRA>45,930000</XFRA>
  </Prezzi>
  <Prezzi>
    <Data>20180405</Data>
    <Mercato>MGP</Mercato>
    <Ora>3</Ora>
    <PUN>43,090000</PUN>
    <NAT>43,090000</NAT>
    <CNOR>43,090000</CNOR>
    <CSUD>43,090000</CSUD>
    <NORD>43,090000</NORD>
    <SARD>43,090000</SARD>
    <SICI>43,090000</SICI>
    <SUD>43,090000</SUD>
    <AUST>43,090000</AUST>
    <BRNN>43,090000</BRNN>
    <COAC>43,090000</COAC>
    <CORS>43,090000</CORS>
    <FOGN>43,090000</FOGN>
    <FRAN>43,090000</FRAN>
    <GREC>43,090000</GREC>
    <MFTV>43,090000</MFTV>
    <PRGP>43,090000</PRGP>
    <ROSN>43,090000</ROSN>
    <SLOV>43,090000</SLOV>
    <SVIZ>43,090000</SVIZ>
    <BSP>43,090000</BSP>
    <MALT>43,090000</MALT>
    <XAUS>43,090000</XAUS>
    <XFRA>43,090000</XFRA>
  </Prezzi>
  <Prezzi>
    <Data>20180405</Data>
    <Mercato>MGP</Mercato>
    <Ora>4</Ora>
    <PUN>42,560000</PUN>
    <NAT>42,560000</NAT>
    <CNOR>42,560000</CNOR>
    <CSUD>42,560000</CSUD>
    <NORD>42,560000</NORD>
    <SARD>42,560000</SARD>
    <SICI>42,560000</SICI>
    <SUD>42,560000</SUD>
    <AUST>42,560000</AUST>
    <BRNN>42,560000</BRNN>
    <COAC>42,560000</COAC>
    <CORS>42,560000</CORS>
    <FOGN>42,560000</FOGN>
    <FRAN>42,560000</FRAN>
    <GREC>42,560000</GREC>
    <MFTV>42,560000</MFTV>
    <PRGP>42,560000</PRGP>
    <ROSN>42,560000</ROSN>
    <SLOV>42,560000</SLOV>
    <SVIZ>42,560000</SVIZ>
    <BSP>42,560000</BSP>
    <MALT>42,560000</MALT>
    <XAUS>42,560000</XAUS>
    <XFRA>42,560000</XFRA>
  </Prezzi>
  <Prezzi>
    <Data>20180405</Data>
    <Mercato>MGP</Mercato>
    <Ora>5</Ora>
    <PUN>42,850000</PUN>
    <NAT>42,850000</NAT>
    <CNOR>42,850000</CNOR>
    <CSUD>42,850000</CSUD>
    <NORD>42,850000</NORD>
    <SARD>42,850000</SARD>
    <SICI>42,850000</SICI>
    <SUD>42,850000</SUD>
    <AUST>42,850000</AUST>
    <BRNN>42,850000</BRNN>
    <COAC>42,850000</COAC>
    <CORS>42,850000</CORS>
    <FOGN>42,850000</FOGN>
    <FRAN>42,850000</FRAN>
    <GREC>42,850000</GREC>
    <MFTV>42,850000</MFTV>
    <PRGP>42,850000</PRGP>
    <ROSN>42,850000</ROSN>
    <SLOV>42,850000</SLOV>
    <SVIZ>42,850000</SVIZ>
    <BSP>42,850000</BSP>
    <MALT>42,850000</MALT>
    <XAUS>42,850000</XAUS>
    <XFRA>42,850000</XFRA>
  </Prezzi>
  <Prezzi>
    <Data>20180405</Data>
    <Mercato>MGP</Mercato>
    <Ora>6</Ora>
    <PUN>45,570000</PUN>
    <NAT>45,570000</NAT>
    <CNOR>45,570000</CNOR>
    <CSUD>45,570000</CSUD>
    <NORD>45,570000</NORD>
    <SARD>45,570000</SARD>
    <SICI>45,570000</SICI>
    <SUD>45,570000</SUD>
    <AUST>45,570000</AUST>
    <BRNN>45,570000</BRNN>
    <COAC>45,570000</COAC>
    <CORS>45,570000</CORS>
    <FOGN>45,570000</FOGN>
    <FRAN>45,570000</FRAN>
    <GREC>45,570000</GREC>
    <MFTV>45,570000</MFTV>
    <PRGP>45,570000</PRGP>
    <ROSN>45,570000</ROSN>
    <SLOV>45,570000</SLOV>
    <SVIZ>45,570000</SVIZ>
    <BSP>45,570000</BSP>
    <MALT>45,570000</MALT>
    <XAUS>45,570000</XAUS>
    <XFRA>45,570000</XFRA>
  </Prezzi>
  <Prezzi>
    <Data>20180405</Data>
    <Mercato>MGP</Mercato>
    <Ora>7</Ora>
    <PUN>52,500000</PUN>
    <NAT>52,500000</NAT>
    <CNOR>52,500000</CNOR>
    <CSUD>52,500000</CSUD>
    <NORD>52,500000</NORD>
    <SARD>52,500000</SARD>
    <SICI>52,500000</SICI>
    <SUD>52,500000</SUD>
    <AUST>52,500000</AUST>
    <BRNN>52,500000</BRNN>
    <COAC>52,500000</COAC>
    <CORS>52,500000</CORS>
    <FOGN>52,500000</FOGN>
    <FRAN>52,500000</FRAN>
    <GREC>52,500000</GREC>
    <MFTV>52,500000</MFTV>
    <PRGP>52,500000</PRGP>
    <ROSN>52,500000</ROSN>
    <SLOV>52,500000</SLOV>
    <SVIZ>52,500000</SVIZ>
    <BSP>52,500000</BSP>
    <MALT>52,500000</MALT>
    <XAUS>52,500000</XAUS>
    <XFRA>52,500000</XFRA>
  </Prezzi>
  <Prezzi>
    <Data>20180405</Data>
    <Mercato>MGP</Mercato>
    <Ora>8</Ora>
    <PUN>57,278630</PUN>
    <NAT>57,030000</NAT>
    <CNOR>55,950000</CNOR>
    <CSUD>55,950000</CSUD>
    <NORD>55,950000</NORD>
    <SARD>55,950000</SARD>
    <SICI>81,000000</SICI>
    <SUD>55,950000</SUD>
    <AUST>55,950000</AUST>
    <BRNN>55,950000</BRNN>
    <COAC>55,950000</COAC>
    <CORS>55,950000</CORS>
    <FOGN>55,950000</FOGN>
    <FRAN>55,950000</FRAN>
    <GREC>55,950000</GREC>
    <MFTV>55,950000</MFTV>
    <PRGP>81,000000</PRGP>
    <ROSN>55,950000</ROSN>
    <SLOV>55,950000</SLOV>
    <SVIZ>55,950000</SVIZ>
    <BSP>55,950000</BSP>
    <MALT>81,000000</MALT>
    <XAUS>55,950000</XAUS>
    <XFRA>55,950000</XFRA>
  </Prezzi>
  <Prezzi>
    <Data>20180405</Data>
    <Mercato>MGP</Mercato>
    <Ora>9</Ora>
    <PUN>64,570340</PUN>
    <NAT>63,660000</NAT>
    <CNOR>63,660000</CNOR>
    <CSUD>63,660000</CSUD>
    <NORD>63,660000</NORD>
    <SARD>63,660000</SARD>
    <SICI>81,000000</SICI>
    <SUD>63,660000</SUD>
    <AUST>63,660000</AUST>
    <BRNN>63,660000</BRNN>
    <COAC>63,660000</COAC>
    <CORS>63,660000</CORS>
    <FOGN>63,660000</FOGN>
    <FRAN>63,660000</FRAN>
    <GREC>63,660000</GREC>
    <MFTV>63,660000</MFTV>
    <PRGP>81,000000</PRGP>
    <ROSN>63,660000</ROSN>
    <SLOV>63,660000</SLOV>
    <SVIZ>63,660000</SVIZ>
    <BSP>63,660000</BSP>
    <MALT>81,000000</MALT>
    <XAUS>63,660000</XAUS>
    <XFRA>63,660000</XFRA>
  </Prezzi>
  <Prezzi>
    <Data>20180405</Data>
    <Mercato>MGP</Mercato>
    <Ora>10</Ora>
    <PUN>56,132800</PUN>
    <NAT>56,360000</NAT>
    <CNOR>55,920000</CNOR>
    <CSUD>55,920000</CSUD>
    <NORD>55,920000</NORD>
    <SARD>55,920000</SARD>
    <SICI>59,990000</SICI>
    <SUD>55,920000</SUD>
    <AUST>55,920000</AUST>
    <BRNN>55,920000</BRNN>
    <COAC>55,920000</COAC>
    <CORS>55,920000</CORS>
    <FOGN>55,920000</FOGN>
    <FRAN>55,920000</FRAN>
    <GREC>55,920000</GREC>
    <MFTV>55,920000</MFTV>
    <PRGP>59,990000</PRGP>
    <ROSN>55,920000</ROSN>
    <SLOV>55,920000</SLOV>
    <SVIZ>55,920000</SVIZ>
    <BSP>55,920000</BSP>
    <MALT>59,990000</MALT>
    <XAUS>55,920000</XAUS>
    <XFRA>55,920000</XFRA>
  </Prezzi>
  <Prezzi>
    <Data>20180405</Data>
    <Mercato>MGP</Mercato>
    <Ora>11</Ora>
    <PUN>52,405960</PUN>
    <NAT>53,000000</NAT>
    <CNOR>53,410000</CNOR>
    <CSUD>49,950000</CSUD>
    <NORD>53,410000</NORD>
    <SARD>49,950000</SARD>
    <SICI>49,950000</SICI>
    <SUD>49,950000</SUD>
    <AUST>53,410000</AUST>
    <BRNN>49,950000</BRNN>
    <COAC>49,950000</COAC>
    <CORS>53,410000</CORS>
    <FOGN>49,950000</FOGN>
    <FRAN>53,410000</FRAN>
    <GREC>49,950000</GREC>
    <MFTV>53,410000</MFTV>
    <PRGP>49,950000</PRGP>
    <ROSN>49,950000</ROSN>
    <SLOV>53,410000</SLOV>
    <SVIZ>53,410000</SVIZ>
    <BSP>53,410000</BSP>
    <MALT>49,950000</MALT>
    <XAUS>53,410000</XAUS>
    <XFRA>53,410000</XFRA>
  </Prezzi>
  <Prezzi>
    <Data>20180405</Data>
    <Mercato>MGP</Mercato>
    <Ora>12</Ora>
    <PUN>50,639860</PUN>
    <NAT>48,790000</NAT>
    <CNOR>51,520000</CNOR>
    <CSUD>48,480000</CSUD>
    <NORD>51,520000</NORD>
    <SARD>48,480000</SARD>
    <SICI>48,480000</SICI>
    <SUD>48,480000</SUD>
    <AUST>51,520000</AUST>
    <BRNN>48,480000</BRNN>
    <COAC>48,480000</COAC>
    <CORS>51,520000</CORS>
    <FOGN>48,480000</FOGN>
    <FRAN>51,520000</FRAN>
    <GREC>48,480000</GREC>
    <MFTV>51,520000</MFTV>
    <PRGP>48,480000</PRGP>
    <ROSN>48,480000</ROSN>
    <SLOV>51,520000</SLOV>
    <SVIZ>51,520000</SVIZ>
    <BSP>51,520000</BSP>
    <MALT>48,480000</MALT>
    <XAUS>51,520000</XAUS>
    <XFRA>51,520000</XFRA>
  </Prezzi>
  <Prezzi>
    <Data>20180405</Data>
    <Mercato>MGP</Mercato>
    <Ora>13</Ora>
    <PUN>46,417030</PUN>
    <NAT>46,460000</NAT>
    <CNOR>46,880000</CNOR>
    <CSUD>45,360000</CSUD>
    <NORD>46,880000</NORD>
    <SARD>45,360000</SARD>
    <SICI>45,360000</SICI>
    <SUD>45,360000</SUD>
    <AUST>46,880000</AUST>
    <BRNN>45,360000</BRNN>
    <COAC>45,360000</COAC>
    <CORS>46,880000</CORS>
    <FOGN>45,360000</FOGN>
    <FRAN>46,880000</FRAN>
    <GREC>45,360000</GREC>
    <MFTV>46,880000</MFTV>
    <PRGP>45,360000</PRGP>
    <ROSN>45,360000</ROSN>
    <SLOV>46,880000</SLOV>
    <SVIZ>46,880000</SVIZ>
    <BSP>46,880000</BSP>
    <MALT>45,360000</MALT>
    <XAUS>46,880000</XAUS>
    <XFRA>46,880000</XFRA>
  </Prezzi>
  <Prezzi>
    <Data>20180405</Data>
    <Mercato>MGP</Mercato>
    <Ora>14</Ora>
    <PUN>44,541300</PUN>
    <NAT>45,530000</NAT>
    <CNOR>46,460000</CNOR>
    <CSUD>39,990000</CSUD>
    <NORD>46,460000</NORD>
    <SARD>39,990000</SARD>
    <SICI>39,990000</SICI>
    <SUD>39,990000</SUD>
    <AUST>46,460000</AUST>
    <BRNN>39,990000</BRNN>
    <COAC>39,990000</COAC>
    <CORS>46,460000</CORS>
    <FOGN>39,990000</FOGN>
    <FRAN>46,460000</FRAN>
    <GREC>39,990000</GREC>
    <MFTV>46,460000</MFTV>
    <PRGP>39,990000</PRGP>
    <ROSN>39,990000</ROSN>
    <SLOV>46,460000</SLOV>
    <SVIZ>46,460000</SVIZ>
    <BSP>46,460000</BSP>
    <MALT>39,990000</MALT>
    <XAUS>46,460000</XAUS>
    <XFRA>46,460000</XFRA>
  </Prezzi>
  <Prezzi>
    <Data>20180405</Data>
    <Mercato>MGP</Mercato>
    <Ora>15</Ora>
    <PUN>44,754940</PUN>
    <NAT>45,990000</NAT>
    <CNOR>46,700000</CNOR>
    <CSUD>39,990000</CSUD>
    <NORD>46,700000</NORD>
    <SARD>39,990000</SARD>
    <SICI>39,990000</SICI>
    <SUD>39,990000</SUD>
    <AUST>46,700000</AUST>
    <BRNN>39,990000</BRNN>
    <COAC>39,990000</COAC>
    <CORS>46,700000</CORS>
    <FOGN>39,990000</FOGN>
    <FRAN>46,700000</FRAN>
    <GREC>39,990000</GREC>
    <MFTV>46,700000</MFTV>
    <PRGP>39,990000</PRGP>
    <ROSN>39,990000</ROSN>
    <SLOV>46,700000</SLOV>
    <SVIZ>46,700000</SVIZ>
    <BSP>46,700000</BSP>
    <MALT>39,990000</MALT>
    <XAUS>46,700000</XAUS>
    <XFRA>46,700000</XFRA>
  </Prezzi>
  <Prezzi>
    <Data>20180405</Data>
    <Mercato>MGP</Mercato>
    <Ora>16</Ora>
    <PUN>48,624230</PUN>
    <NAT>47,060000</NAT>
    <CNOR>50,090000</CNOR>
    <CSUD>45,070000</CSUD>
    <NORD>50,090000</NORD>
    <SARD>45,070000</SARD>
    <SICI>45,070000</SICI>
    <SUD>45,070000</SUD>
    <AUST>50,090000</AUST>
    <BRNN>45,070000</BRNN>
    <COAC>45,070000</COAC>
    <CORS>50,090000</CORS>
    <FOGN>45,070000</FOGN>
    <FRAN>50,090000</FRAN>
    <GREC>45,070000</GREC>
    <MFTV>50,090000</MFTV>
    <PRGP>45,070000</PRGP>
    <ROSN>45,070000</ROSN>
    <SLOV>50,090000</SLOV>
    <SVIZ>50,090000</SVIZ>
    <BSP>50,090000</BSP>
    <MALT>45,070000</MALT>
    <XAUS>50,090000</XAUS>
    <XFRA>50,090000</XFRA>
  </Prezzi>
  <Prezzi>
    <Data>20180405</Data>
    <Mercato>MGP</Mercato>
    <Ora>17</Ora>
    <PUN>50,300720</PUN>
    <NAT>48,480000</NAT>
    <CNOR>51,710000</CNOR>
    <CSUD>46,970000</CSUD>
    <NORD>51,710000</NORD>
    <SARD>46,970000</SARD>
    <SICI>46,970000</SICI>
    <SUD>46,970000</SUD>
    <AUST>51,710000</AUST>
    <BRNN>46,970000</BRNN>
    <COAC>46,970000</COAC>
    <CORS>51,710000</CORS>
    <FOGN>46,970000</FOGN>
    <FRAN>51,710000</FRAN>
    <GREC>46,970000</GREC>
    <MFTV>51,710000</MFTV>
    <PRGP>46,970000</PRGP>
    <ROSN>46,970000</ROSN>
    <SLOV>51,710000</SLOV>
    <SVIZ>51,710000</SVIZ>
    <BSP>51,710000</BSP>
    <MALT>46,970000</MALT>
    <XAUS>51,710000</XAUS>
    <XFRA>51,710000</XFRA>
  </Prezzi>
  <Prezzi>
    <Data>20180405</Data>
    <Mercato>MGP</Mercato>
    <Ora>18</Ora>
    <PUN>49,950000</PUN>
    <NAT>49,950000</NAT>
    <CNOR>49,950000</CNOR>
    <CSUD>49,950000</CSUD>
    <NORD>49,950000</NORD>
    <SARD>49,950000</SARD>
    <SICI>49,950000</SICI>
    <SUD>49,950000</SUD>
    <AUST>49,950000</AUST>
    <BRNN>49,950000</BRNN>
    <COAC>49,950000</COAC>
    <CORS>49,950000</CORS>
    <FOGN>49,950000</FOGN>
    <FRAN>49,950000</FRAN>
    <GREC>49,950000</GREC>
    <MFTV>49,950000</MFTV>
    <PRGP>49,950000</PRGP>
    <ROSN>49,950000</ROSN>
    <SLOV>49,950000</SLOV>
    <SVIZ>49,950000</SVIZ>
    <BSP>49,950000</BSP>
    <MALT>49,950000</MALT>
    <XAUS>49,950000</XAUS>
    <XFRA>49,950000</XFRA>
  </Prezzi>
  <Prezzi>
    <Data>20180405</Data>
    <Mercato>MGP</Mercato>
    <Ora>19</Ora>
    <PUN>53,950000</PUN>
    <NAT>53,950000</NAT>
    <CNOR>53,950000</CNOR>
    <CSUD>53,950000</CSUD>
    <NORD>53,950000</NORD>
    <SARD>53,950000</SARD>
    <SICI>53,950000</SICI>
    <SUD>53,950000</SUD>
    <AUST>53,950000</AUST>
    <BRNN>53,950000</BRNN>
    <COAC>53,950000</COAC>
    <CORS>53,950000</CORS>
    <FOGN>53,950000</FOGN>
    <FRAN>53,950000</FRAN>
    <GREC>53,950000</GREC>
    <MFTV>53,950000</MFTV>
    <PRGP>53,950000</PRGP>
    <ROSN>53,950000</ROSN>
    <SLOV>53,950000</SLOV>
    <SVIZ>53,950000</SVIZ>
    <BSP>53,950000</BSP>
    <MALT>53,950000</MALT>
    <XAUS>53,950000</XAUS>
    <XFRA>53,950000</XFRA>
  </Prezzi>
  <Prezzi>
    <Data>20180405</Data>
    <Mercato>MGP</Mercato>
    <Ora>20</Ora>
    <PUN>63,985010</PUN>
    <NAT>63,660000</NAT>
    <CNOR>63,660000</CNOR>
    <CSUD>63,660000</CSUD>
    <NORD>63,660000</NORD>
    <SARD>63,660000</SARD>
    <SICI>69,170000</SICI>
    <SUD>63,660000</SUD>
    <AUST>63,660000</AUST>
    <BRNN>63,660000</BRNN>
    <COAC>63,660000</COAC>
    <CORS>63,660000</CORS>
    <FOGN>63,660000</FOGN>
    <FRAN>63,660000</FRAN>
    <GREC>63,660000</GREC>
    <MFTV>63,660000</MFTV>
    <PRGP>69,170000</PRGP>
    <ROSN>63,660000</ROSN>
    <SLOV>63,660000</SLOV>
    <SVIZ>63,660000</SVIZ>
    <BSP>63,660000</BSP>
    <MALT>69,170000</MALT>
    <XAUS>63,660000</XAUS>
    <XFRA>63,660000</XFRA>
  </Prezzi>
  <Prezzi>
    <Data>20180405</Data>
    <Mercato>MGP</Mercato>
    <Ora>21</Ora>
    <PUN>75,437660</PUN>
    <NAT>75,330000</NAT>
    <CNOR>75,000000</CNOR>
    <CSUD>75,000000</CSUD>
    <NORD>75,000000</NORD>
    <SARD>75,000000</SARD>
    <SICI>82,000000</SICI>
    <SUD>75,000000</SUD>
    <AUST>75,000000</AUST>
    <BRNN>75,000000</BRNN>
    <COAC>75,000000</COAC>
    <CORS>75,000000</CORS>
    <FOGN>75,000000</FOGN>
    <FRAN>75,000000</FRAN>
    <GREC>75,000000</GREC>
    <MFTV>75,000000</MFTV>
    <PRGP>82,000000</PRGP>
    <ROSN>75,000000</ROSN>
    <SLOV>75,000000</SLOV>
    <SVIZ>75,000000</SVIZ>
    <BSP>75,000000</BSP>
    <MALT>82,000000</MALT>
    <XAUS>75,000000</XAUS>
    <XFRA>75,000000</XFRA>
  </Prezzi>
  <Prezzi>
    <Data>20180405</Data>
    <Mercato>MGP</Mercato>
    <Ora>22</Ora>
    <PUN>58,367170</PUN>
    <NAT>57,360000</NAT>
    <CNOR>57,070000</CNOR>
    <CSUD>57,070000</CSUD>
    <NORD>57,070000</NORD>
    <SARD>57,070000</SARD>
    <SICI>77,990000</SICI>
    <SUD>57,070000</SUD>
    <AUST>57,070000</AUST>
    <BRNN>57,070000</BRNN>
    <COAC>57,070000</COAC>
    <CORS>57,070000</CORS>
    <FOGN>57,070000</FOGN>
    <FRAN>57,070000</FRAN>
    <GREC>57,070000</GREC>
    <MFTV>57,070000</MFTV>
    <PRGP>77,990000</PRGP>
    <ROSN>57,070000</ROSN>
    <SLOV>57,070000</SLOV>
    <SVIZ>57,070000</SVIZ>
    <BSP>57,070000</BSP>
    <MALT>81,000000</MALT>
    <XAUS>57,070000</XAUS>
    <XFRA>57,070000</XFRA>
  </Prezzi>
  <Prezzi>
    <Data>20180405</Data>
    <Mercato>MGP</Mercato>
    <Ora>23</Ora>
    <PUN>54,469810</PUN>
    <NAT>54,620000</NAT>
    <CNOR>54,290000</CNOR>
    <CSUD>54,290000</CSUD>
    <NORD>54,290000</NORD>
    <SARD>54,290000</SARD>
    <SICI>57,130000</SICI>
    <SUD>54,290000</SUD>
    <AUST>54,290000</AUST>
    <BRNN>54,290000</BRNN>
    <COAC>54,290000</COAC>
    <CORS>54,290000</CORS>
    <FOGN>54,290000</FOGN>
    <FRAN>54,290000</FRAN>
    <GREC>54,290000</GREC>
    <MFTV>54,290000</MFTV>
    <PRGP>57,130000</PRGP>
    <ROSN>54,290000</ROSN>
    <SLOV>54,290000</SLOV>
    <SVIZ>54,290000</SVIZ>
    <BSP>54,290000</BSP>
    <MALT>57,130000</MALT>
    <XAUS>54,290000</XAUS>
    <XFRA>54,290000</XFRA>
  </Prezzi>
  <Prezzi>
    <Data>20180405</Data>
    <Mercato>MGP</Mercato>
    <Ora>24</Ora>
    <PUN>49,500000</PUN>
    <NAT>49,500000</NAT>
    <CNOR>49,500000</CNOR>
    <CSUD>49,500000</CSUD>
    <NORD>49,500000</NORD>
    <SARD>49,500000</SARD>
    <SICI>49,500000</SICI>
    <SUD>49,500000</SUD>
    <AUST>49,500000</AUST>
    <BRNN>49,500000</BRNN>
    <COAC>49,500000</COAC>
    <CORS>49,500000</CORS>
    <FOGN>49,500000</FOGN>
    <FRAN>49,500000</FRAN>
    <GREC>49,500000</GREC>
    <MFTV>49,500000</MFTV>
    <PRGP>49,500000</PRGP>
    <ROSN>49,500000</ROSN>
    <SLOV>49,500000</SLOV>
    <SVIZ>49,500000</SVIZ>
    <BSP>49,500000</BSP>
    <MALT>49,500000</MALT>
    <XAUS>49,500000</XAUS>
    <XFRA>49,500000</XFRA>
  </Prezzi>
</NewDataSet>