<?xml version="1.0" standalone="yes"?>
<NewDataSet>
  <xs:schema id="NewDataSet" xmlns="" xmlns:xs="http://www.w3.org/2001/XMLSchema" xmlns:msdata="urn:schemas-microsoft-com:xml-msdata">
    <xs:element name="NewDataSet" msdata:IsDataSet="true" msdata:UseCurrentLocale="true">
      <xs:complexType>
        <xs:choice minOccurs="0" maxOccurs="unbounded">
          <xs:element name="Prezzi">
            <xs:complexType>
              <xs:sequence>
                <xs:element name="Data" type="xs:string" minOccurs="0" />
                <xs:element name="Mercato" type="xs:string" minOccurs="0" />
                <xs:element name="Ora" type="xs:string" minOccurs="0" />
                <xs:element name="PUN" type="xs:string" minOccurs="0" />
                <xs:element name="NAT" type="xs:string" minOccurs="0" />
                <xs:element name="CNOR" type="xs:string" minOccurs="0" />
                <xs:element name="CSUD" type="xs:string" minOccurs="0" />
                <xs:element name="NORD" type="xs:string" minOccurs="0" />
                <xs:element name="SARD" type="xs:string" minOccurs="0" />
                <xs:element name="SICI" type="xs:string" minOccurs="0" />
                <xs:element name="SUD" type="xs:string" minOccurs="0" />
                <xs:element name="AUST" type="xs:string" minOccurs="0" />
                <xs:element name="BRNN" type="xs:string" minOccurs="0" />
                <xs:element name="COAC" type="xs:string" minOccurs="0" />
                <xs:element name="CORS" type="xs:string" minOccurs="0" />
                <xs:element name="FOGN" type="xs:string" minOccurs="0" />
                <xs:element name="FRAN" type="xs:string" minOccurs="0" />
                <xs:element name="GREC" type="xs:string" minOccurs="0" />
                <xs:element name="MFTV" type="xs:string" minOccurs="0" />
                <xs:element name="PRGP" type="xs:string" minOccurs="0" />
                <xs:element name="ROSN" type="xs:string" minOccurs="0" />
                <xs:element name="SLOV" type="xs:string" minOccurs="0" />
                <xs:element name="SVIZ" type="xs:string" minOccurs="0" />
                <xs:element name="BSP" type="xs:string" minOccurs="0" />
                <xs:element name="MALT" type="xs:string" minOccurs="0" />
                <xs:element name="XAUS" type="xs:string" minOccurs="0" />
                <xs:element name="XFRA" type="xs:string" minOccurs="0" />
              </xs:sequence>
            </xs:complexType>
          </xs:element>
        </xs:choice>
      </xs:complexType>
    </xs:element>
  </xs:schema>
  <Prezzi>
    <Data>20180415</Data>
    <Mercato>MGP</Mercato>
    <Ora>1</Ora>
    <PUN>45,160000</PUN>
    <NAT>45,160000</NAT>
    <CNOR>45,160000</CNOR>
    <CSUD>45,160000</CSUD>
    <NORD>45,160000</NORD>
    <SARD>45,160000</SARD>
    <SICI>45,160000</SICI>
    <SUD>45,160000</SUD>
    <AUST>45,160000</AUST>
    <BRNN>45,160000</BRNN>
    <COAC>45,160000</COAC>
    <CORS>45,160000</CORS>
    <FOGN>45,160000</FOGN>
    <FRAN>45,160000</FRAN>
    <GREC>45,160000</GREC>
    <MFTV>45,160000</MFTV>
    <PRGP>45,160000</PRGP>
    <ROSN>45,160000</ROSN>
    <SLOV>45,160000</SLOV>
    <SVIZ>45,160000</SVIZ>
    <BSP>45,160000</BSP>
    <MALT>45,160000</MALT>
    <XAUS>45,160000</XAUS>
    <XFRA>45,160000</XFRA>
  </Prezzi>
  <Prezzi>
    <Data>20180415</Data>
    <Mercato>MGP</Mercato>
    <Ora>2</Ora>
    <PUN>31,588250</PUN>
    <NAT>30,000000</NAT>
    <CNOR>31,588250</CNOR>
    <CSUD>31,588250</CSUD>
    <NORD>31,588250</NORD>
    <SARD>31,588250</SARD>
    <SICI>31,588250</SICI>
    <SUD>31,588250</SUD>
    <AUST>31,588250</AUST>
    <BRNN>31,588250</BRNN>
    <COAC>31,588250</COAC>
    <CORS>31,588250</CORS>
    <FOGN>31,588250</FOGN>
    <FRAN>31,588250</FRAN>
    <GREC>31,588250</GREC>
    <MFTV>31,588250</MFTV>
    <PRGP>31,588250</PRGP>
    <ROSN>31,588250</ROSN>
    <SLOV>31,588250</SLOV>
    <SVIZ>31,588250</SVIZ>
    <BSP>31,588250</BSP>
    <MALT>31,588250</MALT>
    <XAUS>31,588250</XAUS>
    <XFRA>31,588250</XFRA>
  </Prezzi>
  <Prezzi>
    <Data>20180415</Data>
    <Mercato>MGP</Mercato>
    <Ora>3</Ora>
    <PUN>30,734510</PUN>
    <NAT>30,000000</NAT>
    <CNOR>30,734510</CNOR>
    <CSUD>30,734510</CSUD>
    <NORD>30,734510</NORD>
    <SARD>30,734510</SARD>
    <SICI>30,734510</SICI>
    <SUD>30,734510</SUD>
    <AUST>30,734510</AUST>
    <BRNN>30,734510</BRNN>
    <COAC>30,734510</COAC>
    <CORS>30,734510</CORS>
    <FOGN>30,734510</FOGN>
    <FRAN>30,734510</FRAN>
    <GREC>30,734510</GREC>
    <MFTV>30,734510</MFTV>
    <PRGP>30,734510</PRGP>
    <ROSN>30,734510</ROSN>
    <SLOV>30,734510</SLOV>
    <SVIZ>30,734510</SVIZ>
    <BSP>30,734510</BSP>
    <MALT>30,734510</MALT>
    <XAUS>30,734510</XAUS>
    <XFRA>30,734510</XFRA>
  </Prezzi>
  <Prezzi>
    <Data>20180415</Data>
    <Mercato>MGP</Mercato>
    <Ora>4</Ora>
    <PUN>29,160000</PUN>
    <NAT>29,160000</NAT>
    <CNOR>29,160000</CNOR>
    <CSUD>29,160000</CSUD>
    <NORD>29,160000</NORD>
    <SARD>29,160000</SARD>
    <SICI>29,160000</SICI>
    <SUD>29,160000</SUD>
    <AUST>29,160000</AUST>
    <BRNN>29,160000</BRNN>
    <COAC>29,160000</COAC>
    <CORS>29,160000</CORS>
    <FOGN>29,160000</FOGN>
    <FRAN>29,160000</FRAN>
    <GREC>29,160000</GREC>
    <MFTV>29,160000</MFTV>
    <PRGP>29,160000</PRGP>
    <ROSN>29,160000</ROSN>
    <SLOV>29,160000</SLOV>
    <SVIZ>29,160000</SVIZ>
    <BSP>29,160000</BSP>
    <MALT>29,160000</MALT>
    <XAUS>29,160000</XAUS>
    <XFRA>29,160000</XFRA>
  </Prezzi>
  <Prezzi>
    <Data>20180415</Data>
    <Mercato>MGP</Mercato>
    <Ora>5</Ora>
    <PUN>27,320000</PUN>
    <NAT>27,320000</NAT>
    <CNOR>27,320000</CNOR>
    <CSUD>27,320000</CSUD>
    <NORD>27,320000</NORD>
    <SARD>27,320000</SARD>
    <SICI>27,320000</SICI>
    <SUD>27,320000</SUD>
    <AUST>27,320000</AUST>
    <BRNN>27,320000</BRNN>
    <COAC>27,320000</COAC>
    <CORS>27,320000</CORS>
    <FOGN>27,320000</FOGN>
    <FRAN>27,320000</FRAN>
    <GREC>27,320000</GREC>
    <MFTV>27,320000</MFTV>
    <PRGP>27,320000</PRGP>
    <ROSN>27,320000</ROSN>
    <SLOV>27,320000</SLOV>
    <SVIZ>27,320000</SVIZ>
    <BSP>27,320000</BSP>
    <MALT>27,320000</MALT>
    <XAUS>27,320000</XAUS>
    <XFRA>27,320000</XFRA>
  </Prezzi>
  <Prezzi>
    <Data>20180415</Data>
    <Mercato>MGP</Mercato>
    <Ora>6</Ora>
    <PUN>39,300000</PUN>
    <NAT>39,300000</NAT>
    <CNOR>39,300000</CNOR>
    <CSUD>39,300000</CSUD>
    <NORD>39,300000</NORD>
    <SARD>39,300000</SARD>
    <SICI>39,300000</SICI>
    <SUD>39,300000</SUD>
    <AUST>39,300000</AUST>
    <BRNN>39,300000</BRNN>
    <COAC>39,300000</COAC>
    <CORS>39,300000</CORS>
    <FOGN>39,300000</FOGN>
    <FRAN>39,300000</FRAN>
    <GREC>39,300000</GREC>
    <MFTV>39,300000</MFTV>
    <PRGP>39,300000</PRGP>
    <ROSN>39,300000</ROSN>
    <SLOV>39,300000</SLOV>
    <SVIZ>39,300000</SVIZ>
    <BSP>39,300000</BSP>
    <MALT>39,300000</MALT>
    <XAUS>39,300000</XAUS>
    <XFRA>39,300000</XFRA>
  </Prezzi>
  <Prezzi>
    <Data>20180415</Data>
    <Mercato>MGP</Mercato>
    <Ora>7</Ora>
    <PUN>43,500000</PUN>
    <NAT>43,500000</NAT>
    <CNOR>43,500000</CNOR>
    <CSUD>43,500000</CSUD>
    <NORD>43,500000</NORD>
    <SARD>43,500000</SARD>
    <SICI>43,500000</SICI>
    <SUD>43,500000</SUD>
    <AUST>43,500000</AUST>
    <BRNN>43,500000</BRNN>
    <COAC>43,500000</COAC>
    <CORS>43,500000</CORS>
    <FOGN>43,500000</FOGN>
    <FRAN>43,500000</FRAN>
    <GREC>43,500000</GREC>
    <MFTV>43,500000</MFTV>
    <PRGP>43,500000</PRGP>
    <ROSN>43,500000</ROSN>
    <SLOV>43,500000</SLOV>
    <SVIZ>43,500000</SVIZ>
    <BSP>43,500000</BSP>
    <MALT>43,500000</MALT>
    <XAUS>43,500000</XAUS>
    <XFRA>43,500000</XFRA>
  </Prezzi>
  <Prezzi>
    <Data>20180415</Data>
    <Mercato>MGP</Mercato>
    <Ora>8</Ora>
    <PUN>41,990000</PUN>
    <NAT>41,990000</NAT>
    <CNOR>41,990000</CNOR>
    <CSUD>41,990000</CSUD>
    <NORD>41,990000</NORD>
    <SARD>41,990000</SARD>
    <SICI>41,990000</SICI>
    <SUD>41,990000</SUD>
    <AUST>41,990000</AUST>
    <BRNN>41,990000</BRNN>
    <COAC>41,990000</COAC>
    <CORS>41,990000</CORS>
    <FOGN>41,990000</FOGN>
    <FRAN>41,990000</FRAN>
    <GREC>41,990000</GREC>
    <MFTV>41,990000</MFTV>
    <PRGP>41,990000</PRGP>
    <ROSN>41,990000</ROSN>
    <SLOV>41,990000</SLOV>
    <SVIZ>41,990000</SVIZ>
    <BSP>41,990000</BSP>
    <MALT>41,990000</MALT>
    <XAUS>41,990000</XAUS>
    <XFRA>41,990000</XFRA>
  </Prezzi>
  <Prezzi>
    <Data>20180415</Data>
    <Mercato>MGP</Mercato>
    <Ora>9</Ora>
    <PUN>47,660000</PUN>
    <NAT>47,660000</NAT>
    <CNOR>47,660000</CNOR>
    <CSUD>47,660000</CSUD>
    <NORD>47,660000</NORD>
    <SARD>47,660000</SARD>
    <SICI>47,660000</SICI>
    <SUD>47,660000</SUD>
    <AUST>47,660000</AUST>
    <BRNN>47,660000</BRNN>
    <COAC>47,660000</COAC>
    <CORS>47,660000</CORS>
    <FOGN>47,660000</FOGN>
    <FRAN>47,660000</FRAN>
    <GREC>47,660000</GREC>
    <MFTV>47,660000</MFTV>
    <PRGP>47,660000</PRGP>
    <ROSN>47,660000</ROSN>
    <SLOV>47,660000</SLOV>
    <SVIZ>47,660000</SVIZ>
    <BSP>47,660000</BSP>
    <MALT>47,660000</MALT>
    <XAUS>47,660000</XAUS>
    <XFRA>47,660000</XFRA>
  </Prezzi>
  <Prezzi>
    <Data>20180415</Data>
    <Mercato>MGP</Mercato>
    <Ora>10</Ora>
    <PUN>49,000000</PUN>
    <NAT>49,000000</NAT>
    <CNOR>49,000000</CNOR>
    <CSUD>49,000000</CSUD>
    <NORD>49,000000</NORD>
    <SARD>49,000000</SARD>
    <SICI>49,000000</SICI>
    <SUD>49,000000</SUD>
    <AUST>49,000000</AUST>
    <BRNN>49,000000</BRNN>
    <COAC>49,000000</COAC>
    <CORS>49,000000</CORS>
    <FOGN>49,000000</FOGN>
    <FRAN>49,000000</FRAN>
    <GREC>49,000000</GREC>
    <MFTV>49,000000</MFTV>
    <PRGP>49,000000</PRGP>
    <ROSN>49,000000</ROSN>
    <SLOV>49,000000</SLOV>
    <SVIZ>49,000000</SVIZ>
    <BSP>49,000000</BSP>
    <MALT>49,000000</MALT>
    <XAUS>49,000000</XAUS>
    <XFRA>49,000000</XFRA>
  </Prezzi>
  <Prezzi>
    <Data>20180415</Data>
    <Mercato>MGP</Mercato>
    <Ora>11</Ora>
    <PUN>49,540000</PUN>
    <NAT>49,540000</NAT>
    <CNOR>49,540000</CNOR>
    <CSUD>49,540000</CSUD>
    <NORD>49,540000</NORD>
    <SARD>49,540000</SARD>
    <SICI>49,540000</SICI>
    <SUD>49,540000</SUD>
    <AUST>49,540000</AUST>
    <BRNN>49,540000</BRNN>
    <COAC>49,540000</COAC>
    <CORS>49,540000</CORS>
    <FOGN>49,540000</FOGN>
    <FRAN>49,540000</FRAN>
    <GREC>49,540000</GREC>
    <MFTV>49,540000</MFTV>
    <PRGP>49,540000</PRGP>
    <ROSN>49,540000</ROSN>
    <SLOV>49,540000</SLOV>
    <SVIZ>49,540000</SVIZ>
    <BSP>49,540000</BSP>
    <MALT>49,540000</MALT>
    <XAUS>49,540000</XAUS>
    <XFRA>49,540000</XFRA>
  </Prezzi>
  <Prezzi>
    <Data>20180415</Data>
    <Mercato>MGP</Mercato>
    <Ora>12</Ora>
    <PUN>49,160000</PUN>
    <NAT>49,160000</NAT>
    <CNOR>49,160000</CNOR>
    <CSUD>49,160000</CSUD>
    <NORD>49,160000</NORD>
    <SARD>49,160000</SARD>
    <SICI>49,160000</SICI>
    <SUD>49,160000</SUD>
    <AUST>49,160000</AUST>
    <BRNN>49,160000</BRNN>
    <COAC>49,160000</COAC>
    <CORS>49,160000</CORS>
    <FOGN>49,160000</FOGN>
    <FRAN>49,160000</FRAN>
    <GREC>49,160000</GREC>
    <MFTV>49,160000</MFTV>
    <PRGP>49,160000</PRGP>
    <ROSN>49,160000</ROSN>
    <SLOV>49,160000</SLOV>
    <SVIZ>49,160000</SVIZ>
    <BSP>49,160000</BSP>
    <MALT>49,160000</MALT>
    <XAUS>49,160000</XAUS>
    <XFRA>49,160000</XFRA>
  </Prezzi>
  <Prezzi>
    <Data>20180415</Data>
    <Mercato>MGP</Mercato>
    <Ora>13</Ora>
    <PUN>49,070000</PUN>
    <NAT>49,070000</NAT>
    <CNOR>49,070000</CNOR>
    <CSUD>49,070000</CSUD>
    <NORD>49,070000</NORD>
    <SARD>49,070000</SARD>
    <SICI>49,070000</SICI>
    <SUD>49,070000</SUD>
    <AUST>49,070000</AUST>
    <BRNN>49,070000</BRNN>
    <COAC>49,070000</COAC>
    <CORS>49,070000</CORS>
    <FOGN>49,070000</FOGN>
    <FRAN>49,070000</FRAN>
    <GREC>49,070000</GREC>
    <MFTV>49,070000</MFTV>
    <PRGP>49,070000</PRGP>
    <ROSN>49,070000</ROSN>
    <SLOV>49,070000</SLOV>
    <SVIZ>49,070000</SVIZ>
    <BSP>49,070000</BSP>
    <MALT>49,070000</MALT>
    <XAUS>49,070000</XAUS>
    <XFRA>49,070000</XFRA>
  </Prezzi>
  <Prezzi>
    <Data>20180415</Data>
    <Mercato>MGP</Mercato>
    <Ora>14</Ora>
    <PUN>43,500000</PUN>
    <NAT>43,500000</NAT>
    <CNOR>43,500000</CNOR>
    <CSUD>43,500000</CSUD>
    <NORD>43,500000</NORD>
    <SARD>43,500000</SARD>
    <SICI>43,500000</SICI>
    <SUD>43,500000</SUD>
    <AUST>43,500000</AUST>
    <BRNN>43,500000</BRNN>
    <COAC>43,500000</COAC>
    <CORS>43,500000</CORS>
    <FOGN>43,500000</FOGN>
    <FRAN>43,500000</FRAN>
    <GREC>43,500000</GREC>
    <MFTV>43,500000</MFTV>
    <PRGP>43,500000</PRGP>
    <ROSN>43,500000</ROSN>
    <SLOV>43,500000</SLOV>
    <SVIZ>43,500000</SVIZ>
    <BSP>43,500000</BSP>
    <MALT>43,500000</MALT>
    <XAUS>43,500000</XAUS>
    <XFRA>43,500000</XFRA>
  </Prezzi>
  <Prezzi>
    <Data>20180415</Data>
    <Mercato>MGP</Mercato>
    <Ora>15</Ora>
    <PUN>39,400000</PUN>
    <NAT>39,400000</NAT>
    <CNOR>39,400000</CNOR>
    <CSUD>39,400000</CSUD>
    <NORD>39,400000</NORD>
    <SARD>39,400000</SARD>
    <SICI>39,400000</SICI>
    <SUD>39,400000</SUD>
    <AUST>39,400000</AUST>
    <BRNN>39,400000</BRNN>
    <COAC>39,400000</COAC>
    <CORS>39,400000</CORS>
    <FOGN>39,400000</FOGN>
    <FRAN>39,400000</FRAN>
    <GREC>39,400000</GREC>
    <MFTV>39,400000</MFTV>
    <PRGP>39,400000</PRGP>
    <ROSN>39,400000</ROSN>
    <SLOV>39,400000</SLOV>
    <SVIZ>39,400000</SVIZ>
    <BSP>39,400000</BSP>
    <MALT>39,400000</MALT>
    <XAUS>39,400000</XAUS>
    <XFRA>39,400000</XFRA>
  </Prezzi>
  <Prezzi>
    <Data>20180415</Data>
    <Mercato>MGP</Mercato>
    <Ora>16</Ora>
    <PUN>43,840000</PUN>
    <NAT>43,840000</NAT>
    <CNOR>43,840000</CNOR>
    <CSUD>43,840000</CSUD>
    <NORD>43,840000</NORD>
    <SARD>43,840000</SARD>
    <SICI>43,840000</SICI>
    <SUD>43,840000</SUD>
    <AUST>43,840000</AUST>
    <BRNN>43,840000</BRNN>
    <COAC>43,840000</COAC>
    <CORS>43,840000</CORS>
    <FOGN>43,840000</FOGN>
    <FRAN>43,840000</FRAN>
    <GREC>43,840000</GREC>
    <MFTV>43,840000</MFTV>
    <PRGP>43,840000</PRGP>
    <ROSN>43,840000</ROSN>
    <SLOV>43,840000</SLOV>
    <SVIZ>43,840000</SVIZ>
    <BSP>43,840000</BSP>
    <MALT>43,840000</MALT>
    <XAUS>43,840000</XAUS>
    <XFRA>43,840000</XFRA>
  </Prezzi>
  <Prezzi>
    <Data>20180415</Data>
    <Mercato>MGP</Mercato>
    <Ora>17</Ora>
    <PUN>48,870000</PUN>
    <NAT>48,870000</NAT>
    <CNOR>48,870000</CNOR>
    <CSUD>48,870000</CSUD>
    <NORD>48,870000</NORD>
    <SARD>48,870000</SARD>
    <SICI>48,870000</SICI>
    <SUD>48,870000</SUD>
    <AUST>48,870000</AUST>
    <BRNN>48,870000</BRNN>
    <COAC>48,870000</COAC>
    <CORS>48,870000</CORS>
    <FOGN>48,870000</FOGN>
    <FRAN>48,870000</FRAN>
    <GREC>48,870000</GREC>
    <MFTV>48,870000</MFTV>
    <PRGP>48,870000</PRGP>
    <ROSN>48,870000</ROSN>
    <SLOV>48,870000</SLOV>
    <SVIZ>48,870000</SVIZ>
    <BSP>48,870000</BSP>
    <MALT>48,870000</MALT>
    <XAUS>48,870000</XAUS>
    <XFRA>48,870000</XFRA>
  </Prezzi>
  <Prezzi>
    <Data>20180415</Data>
    <Mercato>MGP</Mercato>
    <Ora>18</Ora>
    <PUN>48,860000</PUN>
    <NAT>48,860000</NAT>
    <CNOR>48,860000</CNOR>
    <CSUD>48,860000</CSUD>
    <NORD>48,860000</NORD>
    <SARD>48,860000</SARD>
    <SICI>48,860000</SICI>
    <SUD>48,860000</SUD>
    <AUST>48,860000</AUST>
    <BRNN>48,860000</BRNN>
    <COAC>48,860000</COAC>
    <CORS>48,860000</CORS>
    <FOGN>48,860000</FOGN>
    <FRAN>48,860000</FRAN>
    <GREC>48,860000</GREC>
    <MFTV>48,860000</MFTV>
    <PRGP>48,860000</PRGP>
    <ROSN>48,860000</ROSN>
    <SLOV>48,860000</SLOV>
    <SVIZ>48,860000</SVIZ>
    <BSP>48,860000</BSP>
    <MALT>48,860000</MALT>
    <XAUS>48,860000</XAUS>
    <XFRA>48,860000</XFRA>
  </Prezzi>
  <Prezzi>
    <Data>20180415</Data>
    <Mercato>MGP</Mercato>
    <Ora>19</Ora>
    <PUN>52,000000</PUN>
    <NAT>52,000000</NAT>
    <CNOR>52,000000</CNOR>
    <CSUD>52,000000</CSUD>
    <NORD>52,000000</NORD>
    <SARD>52,000000</SARD>
    <SICI>52,000000</SICI>
    <SUD>52,000000</SUD>
    <AUST>52,000000</AUST>
    <BRNN>52,000000</BRNN>
    <COAC>52,000000</COAC>
    <CORS>52,000000</CORS>
    <FOGN>52,000000</FOGN>
    <FRAN>52,000000</FRAN>
    <GREC>52,000000</GREC>
    <MFTV>52,000000</MFTV>
    <PRGP>52,000000</PRGP>
    <ROSN>52,000000</ROSN>
    <SLOV>52,000000</SLOV>
    <SVIZ>52,000000</SVIZ>
    <BSP>52,000000</BSP>
    <MALT>52,000000</MALT>
    <XAUS>52,000000</XAUS>
    <XFRA>52,000000</XFRA>
  </Prezzi>
  <Prezzi>
    <Data>20180415</Data>
    <Mercato>MGP</Mercato>
    <Ora>20</Ora>
    <PUN>59,516570</PUN>
    <NAT>61,160000</NAT>
    <CNOR>58,070000</CNOR>
    <CSUD>58,070000</CSUD>
    <NORD>58,070000</NORD>
    <SARD>58,070000</SARD>
    <SICI>79,990000</SICI>
    <SUD>58,070000</SUD>
    <AUST>58,070000</AUST>
    <BRNN>58,070000</BRNN>
    <COAC>58,070000</COAC>
    <CORS>58,070000</CORS>
    <FOGN>58,070000</FOGN>
    <FRAN>58,070000</FRAN>
    <GREC>58,070000</GREC>
    <MFTV>58,070000</MFTV>
    <PRGP>79,990000</PRGP>
    <ROSN>58,070000</ROSN>
    <SLOV>58,070000</SLOV>
    <SVIZ>58,070000</SVIZ>
    <BSP>58,070000</BSP>
    <MALT>79,990000</MALT>
    <XAUS>58,070000</XAUS>
    <XFRA>58,070000</XFRA>
  </Prezzi>
  <Prezzi>
    <Data>20180415</Data>
    <Mercato>MGP</Mercato>
    <Ora>21</Ora>
    <PUN>76,689250</PUN>
    <NAT>76,670000</NAT>
    <CNOR>75,530000</CNOR>
    <CSUD>75,530000</CSUD>
    <NORD>75,530000</NORD>
    <SARD>75,530000</SARD>
    <SICI>92,500000</SICI>
    <SUD>75,530000</SUD>
    <AUST>75,530000</AUST>
    <BRNN>75,530000</BRNN>
    <COAC>75,530000</COAC>
    <CORS>75,530000</CORS>
    <FOGN>75,530000</FOGN>
    <FRAN>75,530000</FRAN>
    <GREC>75,530000</GREC>
    <MFTV>75,530000</MFTV>
    <PRGP>92,500000</PRGP>
    <ROSN>75,530000</ROSN>
    <SLOV>75,530000</SLOV>
    <SVIZ>75,530000</SVIZ>
    <BSP>75,530000</BSP>
    <MALT>92,500000</MALT>
    <XAUS>75,530000</XAUS>
    <XFRA>75,530000</XFRA>
  </Prezzi>
  <Prezzi>
    <Data>20180415</Data>
    <Mercato>MGP</Mercato>
    <Ora>22</Ora>
    <PUN>76,683590</PUN>
    <NAT>75,530000</NAT>
    <CNOR>75,530000</CNOR>
    <CSUD>75,530000</CSUD>
    <NORD>75,530000</NORD>
    <SARD>75,530000</SARD>
    <SICI>92,500000</SICI>
    <SUD>75,530000</SUD>
    <AUST>75,530000</AUST>
    <BRNN>75,530000</BRNN>
    <COAC>75,530000</COAC>
    <CORS>75,530000</CORS>
    <FOGN>75,530000</FOGN>
    <FRAN>75,530000</FRAN>
    <GREC>75,530000</GREC>
    <MFTV>75,530000</MFTV>
    <PRGP>92,500000</PRGP>
    <ROSN>75,530000</ROSN>
    <SLOV>75,530000</SLOV>
    <SVIZ>75,530000</SVIZ>
    <BSP>75,530000</BSP>
    <MALT>92,500000</MALT>
    <XAUS>75,530000</XAUS>
    <XFRA>75,530000</XFRA>
  </Prezzi>
  <Prezzi>
    <Data>20180415</Data>
    <Mercato>MGP</Mercato>
    <Ora>23</Ora>
    <PUN>62,432100</PUN>
    <NAT>62,470000</NAT>
    <CNOR>61,160000</CNOR>
    <CSUD>61,160000</CSUD>
    <NORD>61,160000</NORD>
    <SARD>61,160000</SARD>
    <SICI>79,990000</SICI>
    <SUD>61,160000</SUD>
    <AUST>61,160000</AUST>
    <BRNN>61,160000</BRNN>
    <COAC>61,160000</COAC>
    <CORS>61,160000</CORS>
    <FOGN>61,160000</FOGN>
    <FRAN>61,160000</FRAN>
    <GREC>61,160000</GREC>
    <MFTV>61,160000</MFTV>
    <PRGP>79,990000</PRGP>
    <ROSN>61,160000</ROSN>
    <SLOV>61,160000</SLOV>
    <SVIZ>61,160000</SVIZ>
    <BSP>61,160000</BSP>
    <MALT>79,990000</MALT>
    <XAUS>61,160000</XAUS>
    <XFRA>61,160000</XFRA>
  </Prezzi>
  <Prezzi>
    <Data>20180415</Data>
    <Mercato>MGP</Mercato>
    <Ora>24</Ora>
    <PUN>56,382310</PUN>
    <NAT>55,250000</NAT>
    <CNOR>55,250000</CNOR>
    <CSUD>55,250000</CSUD>
    <NORD>55,250000</NORD>
    <SARD>55,250000</SARD>
    <SICI>72,000000</SICI>
    <SUD>55,250000</SUD>
    <AUST>55,250000</AUST>
    <BRNN>55,250000</BRNN>
    <COAC>55,250000</COAC>
    <CORS>55,250000</CORS>
    <FOGN>55,250000</FOGN>
    <FRAN>55,250000</FRAN>
    <GREC>55,250000</GREC>
    <MFTV>55,250000</MFTV>
    <PRGP>72,000000</PRGP>
    <ROSN>55,250000</ROSN>
    <SLOV>55,250000</SLOV>
    <SVIZ>55,250000</SVIZ>
    <BSP>55,250000</BSP>
    <MALT>72,000000</MALT>
    <XAUS>55,250000</XAUS>
    <XFRA>55,250000</XFRA>
  </Prezzi>
</NewDataSet>