<?xml version="1.0" standalone="yes"?>
<NewDataSet>
  <xs:schema id="NewDataSet" xmlns="" xmlns:xs="http://www.w3.org/2001/XMLSchema" xmlns:msdata="urn:schemas-microsoft-com:xml-msdata">
    <xs:element name="NewDataSet" msdata:IsDataSet="true" msdata:UseCurrentLocale="true">
      <xs:complexType>
        <xs:choice minOccurs="0" maxOccurs="unbounded">
          <xs:element name="Prezzi">
            <xs:complexType>
              <xs:sequence>
                <xs:element name="Data" type="xs:string" minOccurs="0" />
                <xs:element name="Mercato" type="xs:string" minOccurs="0" />
                <xs:element name="Ora" type="xs:string" minOccurs="0" />
                <xs:element name="PUN" type="xs:string" minOccurs="0" />
                <xs:element name="NAT" type="xs:string" minOccurs="0" />
                <xs:element name="CNOR" type="xs:string" minOccurs="0" />
                <xs:element name="CSUD" type="xs:string" minOccurs="0" />
                <xs:element name="NORD" type="xs:string" minOccurs="0" />
                <xs:element name="SARD" type="xs:string" minOccurs="0" />
                <xs:element name="SICI" type="xs:string" minOccurs="0" />
                <xs:element name="SUD" type="xs:string" minOccurs="0" />
                <xs:element name="AUST" type="xs:string" minOccurs="0" />
                <xs:element name="BRNN" type="xs:string" minOccurs="0" />
                <xs:element name="COAC" type="xs:string" minOccurs="0" />
                <xs:element name="CORS" type="xs:string" minOccurs="0" />
                <xs:element name="FOGN" type="xs:string" minOccurs="0" />
                <xs:element name="FRAN" type="xs:string" minOccurs="0" />
                <xs:element name="GREC" type="xs:string" minOccurs="0" />
                <xs:element name="MFTV" type="xs:string" minOccurs="0" />
                <xs:element name="PRGP" type="xs:string" minOccurs="0" />
                <xs:element name="ROSN" type="xs:string" minOccurs="0" />
                <xs:element name="SLOV" type="xs:string" minOccurs="0" />
                <xs:element name="SVIZ" type="xs:string" minOccurs="0" />
                <xs:element name="BSP" type="xs:string" minOccurs="0" />
                <xs:element name="MALT" type="xs:string" minOccurs="0" />
                <xs:element name="XAUS" type="xs:string" minOccurs="0" />
                <xs:element name="XFRA" type="xs:string" minOccurs="0" />
              </xs:sequence>
            </xs:complexType>
          </xs:element>
        </xs:choice>
      </xs:complexType>
    </xs:element>
  </xs:schema>
  <Prezzi>
    <Data>20180426</Data>
    <Mercato>MGP</Mercato>
    <Ora>1</Ora>
    <PUN>53,367550</PUN>
    <NAT>49,520000</NAT>
    <CNOR>48,000000</CNOR>
    <CSUD>63,800000</CSUD>
    <NORD>48,000000</NORD>
    <SARD>63,800000</SARD>
    <SICI>63,800000</SICI>
    <SUD>63,800000</SUD>
    <AUST>48,000000</AUST>
    <BRNN>63,800000</BRNN>
    <COAC>63,800000</COAC>
    <CORS>63,800000</CORS>
    <FOGN>63,800000</FOGN>
    <FRAN>48,000000</FRAN>
    <GREC>63,800000</GREC>
    <MFTV>48,000000</MFTV>
    <PRGP>63,800000</PRGP>
    <ROSN>63,800000</ROSN>
    <SLOV>48,000000</SLOV>
    <SVIZ>48,000000</SVIZ>
    <BSP>48,000000</BSP>
    <MALT>63,800000</MALT>
    <XAUS>48,000000</XAUS>
    <XFRA>48,000000</XFRA>
  </Prezzi>
  <Prezzi>
    <Data>20180426</Data>
    <Mercato>MGP</Mercato>
    <Ora>2</Ora>
    <PUN>39,927170</PUN>
    <NAT>45,500000</NAT>
    <CNOR>31,900000</CNOR>
    <CSUD>56,000000</CSUD>
    <NORD>31,900000</NORD>
    <SARD>56,000000</SARD>
    <SICI>56,000000</SICI>
    <SUD>56,000000</SUD>
    <AUST>31,900000</AUST>
    <BRNN>56,000000</BRNN>
    <COAC>56,000000</COAC>
    <CORS>56,000000</CORS>
    <FOGN>56,000000</FOGN>
    <FRAN>31,900000</FRAN>
    <GREC>56,000000</GREC>
    <MFTV>31,900000</MFTV>
    <PRGP>56,000000</PRGP>
    <ROSN>56,000000</ROSN>
    <SLOV>31,900000</SLOV>
    <SVIZ>31,900000</SVIZ>
    <BSP>31,900000</BSP>
    <MALT>56,000000</MALT>
    <XAUS>31,900000</XAUS>
    <XFRA>31,900000</XFRA>
  </Prezzi>
  <Prezzi>
    <Data>20180426</Data>
    <Mercato>MGP</Mercato>
    <Ora>3</Ora>
    <PUN>36,456640</PUN>
    <NAT>38,720000</NAT>
    <CNOR>29,510000</CNOR>
    <CSUD>50,680000</CSUD>
    <NORD>29,510000</NORD>
    <SARD>50,680000</SARD>
    <SICI>50,680000</SICI>
    <SUD>50,680000</SUD>
    <AUST>29,510000</AUST>
    <BRNN>50,680000</BRNN>
    <COAC>50,680000</COAC>
    <CORS>50,680000</CORS>
    <FOGN>50,680000</FOGN>
    <FRAN>29,510000</FRAN>
    <GREC>50,680000</GREC>
    <MFTV>29,510000</MFTV>
    <PRGP>50,680000</PRGP>
    <ROSN>50,680000</ROSN>
    <SLOV>29,510000</SLOV>
    <SVIZ>29,510000</SVIZ>
    <BSP>29,510000</BSP>
    <MALT>50,680000</MALT>
    <XAUS>29,510000</XAUS>
    <XFRA>29,510000</XFRA>
  </Prezzi>
  <Prezzi>
    <Data>20180426</Data>
    <Mercato>MGP</Mercato>
    <Ora>4</Ora>
    <PUN>35,707520</PUN>
    <NAT>37,000000</NAT>
    <CNOR>29,510000</CNOR>
    <CSUD>48,540000</CSUD>
    <NORD>29,510000</NORD>
    <SARD>48,540000</SARD>
    <SICI>48,540000</SICI>
    <SUD>48,540000</SUD>
    <AUST>29,510000</AUST>
    <BRNN>48,540000</BRNN>
    <COAC>48,540000</COAC>
    <CORS>48,540000</CORS>
    <FOGN>48,540000</FOGN>
    <FRAN>29,510000</FRAN>
    <GREC>48,540000</GREC>
    <MFTV>29,510000</MFTV>
    <PRGP>48,540000</PRGP>
    <ROSN>48,540000</ROSN>
    <SLOV>29,510000</SLOV>
    <SVIZ>29,510000</SVIZ>
    <BSP>29,510000</BSP>
    <MALT>48,540000</MALT>
    <XAUS>29,510000</XAUS>
    <XFRA>29,510000</XFRA>
  </Prezzi>
  <Prezzi>
    <Data>20180426</Data>
    <Mercato>MGP</Mercato>
    <Ora>5</Ora>
    <PUN>39,306950</PUN>
    <NAT>41,770000</NAT>
    <CNOR>31,300000</CNOR>
    <CSUD>56,000000</CSUD>
    <NORD>31,300000</NORD>
    <SARD>56,000000</SARD>
    <SICI>56,000000</SICI>
    <SUD>56,000000</SUD>
    <AUST>31,300000</AUST>
    <BRNN>56,000000</BRNN>
    <COAC>56,000000</COAC>
    <CORS>56,000000</CORS>
    <FOGN>56,000000</FOGN>
    <FRAN>31,300000</FRAN>
    <GREC>56,000000</GREC>
    <MFTV>31,300000</MFTV>
    <PRGP>56,000000</PRGP>
    <ROSN>56,000000</ROSN>
    <SLOV>31,300000</SLOV>
    <SVIZ>31,300000</SVIZ>
    <BSP>31,300000</BSP>
    <MALT>56,000000</MALT>
    <XAUS>31,300000</XAUS>
    <XFRA>31,300000</XFRA>
  </Prezzi>
  <Prezzi>
    <Data>20180426</Data>
    <Mercato>MGP</Mercato>
    <Ora>6</Ora>
    <PUN>39,830710</PUN>
    <NAT>42,930000</NAT>
    <CNOR>29,100000</CNOR>
    <CSUD>62,930000</CSUD>
    <NORD>29,100000</NORD>
    <SARD>62,930000</SARD>
    <SICI>62,930000</SICI>
    <SUD>62,930000</SUD>
    <AUST>29,100000</AUST>
    <BRNN>62,930000</BRNN>
    <COAC>62,930000</COAC>
    <CORS>62,930000</CORS>
    <FOGN>62,930000</FOGN>
    <FRAN>29,100000</FRAN>
    <GREC>62,930000</GREC>
    <MFTV>29,100000</MFTV>
    <PRGP>62,930000</PRGP>
    <ROSN>62,930000</ROSN>
    <SLOV>29,100000</SLOV>
    <SVIZ>29,100000</SVIZ>
    <BSP>29,100000</BSP>
    <MALT>62,930000</MALT>
    <XAUS>29,100000</XAUS>
    <XFRA>29,100000</XFRA>
  </Prezzi>
  <Prezzi>
    <Data>20180426</Data>
    <Mercato>MGP</Mercato>
    <Ora>7</Ora>
    <PUN>53,193440</PUN>
    <NAT>49,950000</NAT>
    <CNOR>47,990000</CNOR>
    <CSUD>69,810000</CSUD>
    <NORD>45,700000</NORD>
    <SARD>69,810000</SARD>
    <SICI>69,810000</SICI>
    <SUD>69,810000</SUD>
    <AUST>45,700000</AUST>
    <BRNN>69,810000</BRNN>
    <COAC>69,810000</COAC>
    <CORS>69,810000</CORS>
    <FOGN>69,810000</FOGN>
    <FRAN>45,700000</FRAN>
    <GREC>69,810000</GREC>
    <MFTV>45,700000</MFTV>
    <PRGP>69,810000</PRGP>
    <ROSN>69,810000</ROSN>
    <SLOV>45,700000</SLOV>
    <SVIZ>45,700000</SVIZ>
    <BSP>45,700000</BSP>
    <MALT>69,810000</MALT>
    <XAUS>45,700000</XAUS>
    <XFRA>45,700000</XFRA>
  </Prezzi>
  <Prezzi>
    <Data>20180426</Data>
    <Mercato>MGP</Mercato>
    <Ora>8</Ora>
    <PUN>57,857580</PUN>
    <NAT>58,800000</NAT>
    <CNOR>55,770000</CNOR>
    <CSUD>75,250000</CSUD>
    <NORD>49,300000</NORD>
    <SARD>75,250000</SARD>
    <SICI>75,250000</SICI>
    <SUD>75,250000</SUD>
    <AUST>49,300000</AUST>
    <BRNN>75,250000</BRNN>
    <COAC>75,250000</COAC>
    <CORS>75,250000</CORS>
    <FOGN>75,250000</FOGN>
    <FRAN>49,300000</FRAN>
    <GREC>75,250000</GREC>
    <MFTV>49,300000</MFTV>
    <PRGP>75,250000</PRGP>
    <ROSN>75,250000</ROSN>
    <SLOV>49,300000</SLOV>
    <SVIZ>49,300000</SVIZ>
    <BSP>49,300000</BSP>
    <MALT>75,250000</MALT>
    <XAUS>49,300000</XAUS>
    <XFRA>49,300000</XFRA>
  </Prezzi>
  <Prezzi>
    <Data>20180426</Data>
    <Mercato>MGP</Mercato>
    <Ora>9</Ora>
    <PUN>63,659590</PUN>
    <NAT>63,370000</NAT>
    <CNOR>58,800000</CNOR>
    <CSUD>75,000000</CSUD>
    <NORD>58,800000</NORD>
    <SARD>75,000000</SARD>
    <SICI>75,000000</SICI>
    <SUD>75,000000</SUD>
    <AUST>58,800000</AUST>
    <BRNN>75,000000</BRNN>
    <COAC>75,000000</COAC>
    <CORS>75,000000</CORS>
    <FOGN>75,000000</FOGN>
    <FRAN>58,800000</FRAN>
    <GREC>75,000000</GREC>
    <MFTV>58,800000</MFTV>
    <PRGP>75,000000</PRGP>
    <ROSN>75,000000</ROSN>
    <SLOV>58,800000</SLOV>
    <SVIZ>58,800000</SVIZ>
    <BSP>58,800000</BSP>
    <MALT>75,000000</MALT>
    <XAUS>58,800000</XAUS>
    <XFRA>58,800000</XFRA>
  </Prezzi>
  <Prezzi>
    <Data>20180426</Data>
    <Mercato>MGP</Mercato>
    <Ora>10</Ora>
    <PUN>61,879730</PUN>
    <NAT>58,410000</NAT>
    <CNOR>56,250000</CNOR>
    <CSUD>74,910000</CSUD>
    <NORD>56,250000</NORD>
    <SARD>74,910000</SARD>
    <SICI>74,910000</SICI>
    <SUD>74,910000</SUD>
    <AUST>56,250000</AUST>
    <BRNN>74,910000</BRNN>
    <COAC>74,910000</COAC>
    <CORS>74,910000</CORS>
    <FOGN>74,910000</FOGN>
    <FRAN>56,250000</FRAN>
    <GREC>74,910000</GREC>
    <MFTV>56,250000</MFTV>
    <PRGP>74,910000</PRGP>
    <ROSN>74,910000</ROSN>
    <SLOV>56,250000</SLOV>
    <SVIZ>56,250000</SVIZ>
    <BSP>56,250000</BSP>
    <MALT>74,910000</MALT>
    <XAUS>56,250000</XAUS>
    <XFRA>56,250000</XFRA>
  </Prezzi>
  <Prezzi>
    <Data>20180426</Data>
    <Mercato>MGP</Mercato>
    <Ora>11</Ora>
    <PUN>54,237130</PUN>
    <NAT>52,540000</NAT>
    <CNOR>50,520000</CNOR>
    <CSUD>62,930000</CSUD>
    <NORD>50,520000</NORD>
    <SARD>62,930000</SARD>
    <SICI>62,930000</SICI>
    <SUD>62,930000</SUD>
    <AUST>50,520000</AUST>
    <BRNN>62,930000</BRNN>
    <COAC>62,930000</COAC>
    <CORS>62,930000</CORS>
    <FOGN>62,930000</FOGN>
    <FRAN>50,520000</FRAN>
    <GREC>62,930000</GREC>
    <MFTV>50,520000</MFTV>
    <PRGP>62,930000</PRGP>
    <ROSN>62,930000</ROSN>
    <SLOV>50,520000</SLOV>
    <SVIZ>50,520000</SVIZ>
    <BSP>50,520000</BSP>
    <MALT>62,930000</MALT>
    <XAUS>50,520000</XAUS>
    <XFRA>50,520000</XFRA>
  </Prezzi>
  <Prezzi>
    <Data>20180426</Data>
    <Mercato>MGP</Mercato>
    <Ora>12</Ora>
    <PUN>50,070120</PUN>
    <NAT>49,950000</NAT>
    <CNOR>49,620000</CNOR>
    <CSUD>51,130000</CSUD>
    <NORD>49,620000</NORD>
    <SARD>51,130000</SARD>
    <SICI>51,130000</SICI>
    <SUD>51,130000</SUD>
    <AUST>49,620000</AUST>
    <BRNN>51,130000</BRNN>
    <COAC>51,130000</COAC>
    <CORS>51,130000</CORS>
    <FOGN>51,130000</FOGN>
    <FRAN>49,620000</FRAN>
    <GREC>51,130000</GREC>
    <MFTV>49,620000</MFTV>
    <PRGP>51,130000</PRGP>
    <ROSN>51,130000</ROSN>
    <SLOV>49,620000</SLOV>
    <SVIZ>49,620000</SVIZ>
    <BSP>49,620000</BSP>
    <MALT>51,130000</MALT>
    <XAUS>49,620000</XAUS>
    <XFRA>49,620000</XFRA>
  </Prezzi>
  <Prezzi>
    <Data>20180426</Data>
    <Mercato>MGP</Mercato>
    <Ora>13</Ora>
    <PUN>44,505260</PUN>
    <NAT>43,210000</NAT>
    <CNOR>42,920000</CNOR>
    <CSUD>48,000000</CSUD>
    <NORD>42,920000</NORD>
    <SARD>48,000000</SARD>
    <SICI>48,000000</SICI>
    <SUD>48,000000</SUD>
    <AUST>42,920000</AUST>
    <BRNN>48,000000</BRNN>
    <COAC>48,000000</COAC>
    <CORS>48,000000</CORS>
    <FOGN>48,000000</FOGN>
    <FRAN>42,920000</FRAN>
    <GREC>48,000000</GREC>
    <MFTV>42,920000</MFTV>
    <PRGP>48,000000</PRGP>
    <ROSN>48,000000</ROSN>
    <SLOV>42,920000</SLOV>
    <SVIZ>42,920000</SVIZ>
    <BSP>42,920000</BSP>
    <MALT>48,000000</MALT>
    <XAUS>42,920000</XAUS>
    <XFRA>42,920000</XFRA>
  </Prezzi>
  <Prezzi>
    <Data>20180426</Data>
    <Mercato>MGP</Mercato>
    <Ora>14</Ora>
    <PUN>41,460000</PUN>
    <NAT>41,460000</NAT>
    <CNOR>41,460000</CNOR>
    <CSUD>41,460000</CSUD>
    <NORD>41,460000</NORD>
    <SARD>41,460000</SARD>
    <SICI>41,460000</SICI>
    <SUD>41,460000</SUD>
    <AUST>41,460000</AUST>
    <BRNN>41,460000</BRNN>
    <COAC>41,460000</COAC>
    <CORS>41,460000</CORS>
    <FOGN>41,460000</FOGN>
    <FRAN>41,460000</FRAN>
    <GREC>41,460000</GREC>
    <MFTV>41,460000</MFTV>
    <PRGP>41,460000</PRGP>
    <ROSN>41,460000</ROSN>
    <SLOV>41,460000</SLOV>
    <SVIZ>41,460000</SVIZ>
    <BSP>41,460000</BSP>
    <MALT>41,460000</MALT>
    <XAUS>41,460000</XAUS>
    <XFRA>41,460000</XFRA>
  </Prezzi>
  <Prezzi>
    <Data>20180426</Data>
    <Mercato>MGP</Mercato>
    <Ora>15</Ora>
    <PUN>47,940000</PUN>
    <NAT>47,940000</NAT>
    <CNOR>47,940000</CNOR>
    <CSUD>47,940000</CSUD>
    <NORD>47,940000</NORD>
    <SARD>47,940000</SARD>
    <SICI>47,940000</SICI>
    <SUD>47,940000</SUD>
    <AUST>47,940000</AUST>
    <BRNN>47,940000</BRNN>
    <COAC>47,940000</COAC>
    <CORS>47,940000</CORS>
    <FOGN>47,940000</FOGN>
    <FRAN>47,940000</FRAN>
    <GREC>47,940000</GREC>
    <MFTV>47,940000</MFTV>
    <PRGP>47,940000</PRGP>
    <ROSN>47,940000</ROSN>
    <SLOV>47,940000</SLOV>
    <SVIZ>47,940000</SVIZ>
    <BSP>47,940000</BSP>
    <MALT>47,940000</MALT>
    <XAUS>47,940000</XAUS>
    <XFRA>47,940000</XFRA>
  </Prezzi>
  <Prezzi>
    <Data>20180426</Data>
    <Mercato>MGP</Mercato>
    <Ora>16</Ora>
    <PUN>49,820000</PUN>
    <NAT>49,820000</NAT>
    <CNOR>49,820000</CNOR>
    <CSUD>49,820000</CSUD>
    <NORD>49,820000</NORD>
    <SARD>49,820000</SARD>
    <SICI>49,820000</SICI>
    <SUD>49,820000</SUD>
    <AUST>49,820000</AUST>
    <BRNN>49,820000</BRNN>
    <COAC>49,820000</COAC>
    <CORS>49,820000</CORS>
    <FOGN>49,820000</FOGN>
    <FRAN>49,820000</FRAN>
    <GREC>49,820000</GREC>
    <MFTV>49,820000</MFTV>
    <PRGP>49,820000</PRGP>
    <ROSN>49,820000</ROSN>
    <SLOV>49,820000</SLOV>
    <SVIZ>49,820000</SVIZ>
    <BSP>49,820000</BSP>
    <MALT>49,820000</MALT>
    <XAUS>49,820000</XAUS>
    <XFRA>49,820000</XFRA>
  </Prezzi>
  <Prezzi>
    <Data>20180426</Data>
    <Mercato>MGP</Mercato>
    <Ora>17</Ora>
    <PUN>50,960000</PUN>
    <NAT>50,960000</NAT>
    <CNOR>50,960000</CNOR>
    <CSUD>50,960000</CSUD>
    <NORD>50,960000</NORD>
    <SARD>50,960000</SARD>
    <SICI>50,960000</SICI>
    <SUD>50,960000</SUD>
    <AUST>50,960000</AUST>
    <BRNN>50,960000</BRNN>
    <COAC>50,960000</COAC>
    <CORS>50,960000</CORS>
    <FOGN>50,960000</FOGN>
    <FRAN>50,960000</FRAN>
    <GREC>50,960000</GREC>
    <MFTV>50,960000</MFTV>
    <PRGP>50,960000</PRGP>
    <ROSN>50,960000</ROSN>
    <SLOV>50,960000</SLOV>
    <SVIZ>50,960000</SVIZ>
    <BSP>50,960000</BSP>
    <MALT>50,960000</MALT>
    <XAUS>50,960000</XAUS>
    <XFRA>50,960000</XFRA>
  </Prezzi>
  <Prezzi>
    <Data>20180426</Data>
    <Mercato>MGP</Mercato>
    <Ora>18</Ora>
    <PUN>53,774230</PUN>
    <NAT>53,520000</NAT>
    <CNOR>51,670000</CNOR>
    <CSUD>58,520000</CSUD>
    <NORD>51,670000</NORD>
    <SARD>58,520000</SARD>
    <SICI>58,520000</SICI>
    <SUD>58,520000</SUD>
    <AUST>51,670000</AUST>
    <BRNN>58,520000</BRNN>
    <COAC>58,520000</COAC>
    <CORS>58,520000</CORS>
    <FOGN>58,520000</FOGN>
    <FRAN>51,670000</FRAN>
    <GREC>58,520000</GREC>
    <MFTV>51,670000</MFTV>
    <PRGP>58,520000</PRGP>
    <ROSN>58,520000</ROSN>
    <SLOV>51,670000</SLOV>
    <SVIZ>51,670000</SVIZ>
    <BSP>51,670000</BSP>
    <MALT>58,520000</MALT>
    <XAUS>51,670000</XAUS>
    <XFRA>51,670000</XFRA>
  </Prezzi>
  <Prezzi>
    <Data>20180426</Data>
    <Mercato>MGP</Mercato>
    <Ora>19</Ora>
    <PUN>55,667460</PUN>
    <NAT>56,600000</NAT>
    <CNOR>55,770000</CNOR>
    <CSUD>62,930000</CSUD>
    <NORD>51,670000</NORD>
    <SARD>62,930000</SARD>
    <SICI>62,930000</SICI>
    <SUD>62,930000</SUD>
    <AUST>51,670000</AUST>
    <BRNN>62,930000</BRNN>
    <COAC>62,930000</COAC>
    <CORS>62,930000</CORS>
    <FOGN>62,930000</FOGN>
    <FRAN>51,670000</FRAN>
    <GREC>62,930000</GREC>
    <MFTV>51,670000</MFTV>
    <PRGP>62,930000</PRGP>
    <ROSN>62,930000</ROSN>
    <SLOV>51,670000</SLOV>
    <SVIZ>51,670000</SVIZ>
    <BSP>51,670000</BSP>
    <MALT>62,930000</MALT>
    <XAUS>51,670000</XAUS>
    <XFRA>51,670000</XFRA>
  </Prezzi>
  <Prezzi>
    <Data>20180426</Data>
    <Mercato>MGP</Mercato>
    <Ora>20</Ora>
    <PUN>62,564460</PUN>
    <NAT>63,150000</NAT>
    <CNOR>55,770000</CNOR>
    <CSUD>75,000000</CSUD>
    <NORD>55,770000</NORD>
    <SARD>75,000000</SARD>
    <SICI>84,130000</SICI>
    <SUD>75,000000</SUD>
    <AUST>55,770000</AUST>
    <BRNN>75,000000</BRNN>
    <COAC>75,000000</COAC>
    <CORS>75,000000</CORS>
    <FOGN>75,000000</FOGN>
    <FRAN>55,770000</FRAN>
    <GREC>75,000000</GREC>
    <MFTV>55,770000</MFTV>
    <PRGP>84,130000</PRGP>
    <ROSN>75,000000</ROSN>
    <SLOV>55,770000</SLOV>
    <SVIZ>55,770000</SVIZ>
    <BSP>55,770000</BSP>
    <MALT>84,130000</MALT>
    <XAUS>55,770000</XAUS>
    <XFRA>55,770000</XFRA>
  </Prezzi>
  <Prezzi>
    <Data>20180426</Data>
    <Mercato>MGP</Mercato>
    <Ora>21</Ora>
    <PUN>67,047580</PUN>
    <NAT>75,000000</NAT>
    <CNOR>64,990000</CNOR>
    <CSUD>75,250000</CSUD>
    <NORD>60,800000</NORD>
    <SARD>75,250000</SARD>
    <SICI>89,500000</SICI>
    <SUD>75,250000</SUD>
    <AUST>60,800000</AUST>
    <BRNN>75,250000</BRNN>
    <COAC>75,250000</COAC>
    <CORS>75,250000</CORS>
    <FOGN>75,250000</FOGN>
    <FRAN>60,800000</FRAN>
    <GREC>75,250000</GREC>
    <MFTV>60,800000</MFTV>
    <PRGP>89,500000</PRGP>
    <ROSN>75,250000</ROSN>
    <SLOV>60,800000</SLOV>
    <SVIZ>60,800000</SVIZ>
    <BSP>60,800000</BSP>
    <MALT>89,500000</MALT>
    <XAUS>60,800000</XAUS>
    <XFRA>60,800000</XFRA>
  </Prezzi>
  <Prezzi>
    <Data>20180426</Data>
    <Mercato>MGP</Mercato>
    <Ora>22</Ora>
    <PUN>61,615040</PUN>
    <NAT>63,370000</NAT>
    <CNOR>55,770000</CNOR>
    <CSUD>75,000000</CSUD>
    <NORD>53,620000</NORD>
    <SARD>75,000000</SARD>
    <SICI>84,990000</SICI>
    <SUD>75,000000</SUD>
    <AUST>53,620000</AUST>
    <BRNN>75,000000</BRNN>
    <COAC>75,000000</COAC>
    <CORS>75,000000</CORS>
    <FOGN>75,000000</FOGN>
    <FRAN>53,620000</FRAN>
    <GREC>75,000000</GREC>
    <MFTV>53,620000</MFTV>
    <PRGP>84,990000</PRGP>
    <ROSN>75,000000</ROSN>
    <SLOV>53,620000</SLOV>
    <SVIZ>53,620000</SVIZ>
    <BSP>53,620000</BSP>
    <MALT>84,990000</MALT>
    <XAUS>53,620000</XAUS>
    <XFRA>53,620000</XFRA>
  </Prezzi>
  <Prezzi>
    <Data>20180426</Data>
    <Mercato>MGP</Mercato>
    <Ora>23</Ora>
    <PUN>56,146090</PUN>
    <NAT>52,000000</NAT>
    <CNOR>55,770000</CNOR>
    <CSUD>70,280000</CSUD>
    <NORD>47,500000</NORD>
    <SARD>70,280000</SARD>
    <SICI>72,180000</SICI>
    <SUD>70,280000</SUD>
    <AUST>47,500000</AUST>
    <BRNN>70,280000</BRNN>
    <COAC>70,280000</COAC>
    <CORS>70,280000</CORS>
    <FOGN>70,280000</FOGN>
    <FRAN>47,500000</FRAN>
    <GREC>70,280000</GREC>
    <MFTV>47,500000</MFTV>
    <PRGP>72,180000</PRGP>
    <ROSN>70,280000</ROSN>
    <SLOV>47,500000</SLOV>
    <SVIZ>47,500000</SVIZ>
    <BSP>47,500000</BSP>
    <MALT>72,180000</MALT>
    <XAUS>47,500000</XAUS>
    <XFRA>47,500000</XFRA>
  </Prezzi>
  <Prezzi>
    <Data>20180426</Data>
    <Mercato>MGP</Mercato>
    <Ora>24</Ora>
    <PUN>46,893710</PUN>
    <NAT>48,460000</NAT>
    <CNOR>40,910000</CNOR>
    <CSUD>59,000000</CSUD>
    <NORD>40,910000</NORD>
    <SARD>59,000000</SARD>
    <SICI>59,000000</SICI>
    <SUD>59,000000</SUD>
    <AUST>40,910000</AUST>
    <BRNN>59,000000</BRNN>
    <COAC>59,000000</COAC>
    <CORS>59,000000</CORS>
    <FOGN>59,000000</FOGN>
    <FRAN>40,910000</FRAN>
    <GREC>59,000000</GREC>
    <MFTV>40,910000</MFTV>
    <PRGP>59,000000</PRGP>
    <ROSN>59,000000</ROSN>
    <SLOV>40,910000</SLOV>
    <SVIZ>40,910000</SVIZ>
    <BSP>40,910000</BSP>
    <MALT>59,000000</MALT>
    <XAUS>40,910000</XAUS>
    <XFRA>40,910000</XFRA>
  </Prezzi>
</NewDataSet>