<?xml version="1.0" standalone="yes"?>
<NewDataSet>
  <xs:schema id="NewDataSet" xmlns="" xmlns:xs="http://www.w3.org/2001/XMLSchema" xmlns:msdata="urn:schemas-microsoft-com:xml-msdata">
    <xs:element name="NewDataSet" msdata:IsDataSet="true" msdata:UseCurrentLocale="true">
      <xs:complexType>
        <xs:choice minOccurs="0" maxOccurs="unbounded">
          <xs:element name="Prezzi">
            <xs:complexType>
              <xs:sequence>
                <xs:element name="Data" type="xs:string" minOccurs="0" />
                <xs:element name="Mercato" type="xs:string" minOccurs="0" />
                <xs:element name="Ora" type="xs:string" minOccurs="0" />
                <xs:element name="PUN" type="xs:string" minOccurs="0" />
                <xs:element name="NAT" type="xs:string" minOccurs="0" />
                <xs:element name="CNOR" type="xs:string" minOccurs="0" />
                <xs:element name="CSUD" type="xs:string" minOccurs="0" />
                <xs:element name="NORD" type="xs:string" minOccurs="0" />
                <xs:element name="SARD" type="xs:string" minOccurs="0" />
                <xs:element name="SICI" type="xs:string" minOccurs="0" />
                <xs:element name="SUD" type="xs:string" minOccurs="0" />
                <xs:element name="AUST" type="xs:string" minOccurs="0" />
                <xs:element name="BRNN" type="xs:string" minOccurs="0" />
                <xs:element name="COAC" type="xs:string" minOccurs="0" />
                <xs:element name="CORS" type="xs:string" minOccurs="0" />
                <xs:element name="FOGN" type="xs:string" minOccurs="0" />
                <xs:element name="FRAN" type="xs:string" minOccurs="0" />
                <xs:element name="GREC" type="xs:string" minOccurs="0" />
                <xs:element name="MFTV" type="xs:string" minOccurs="0" />
                <xs:element name="PRGP" type="xs:string" minOccurs="0" />
                <xs:element name="ROSN" type="xs:string" minOccurs="0" />
                <xs:element name="SLOV" type="xs:string" minOccurs="0" />
                <xs:element name="SVIZ" type="xs:string" minOccurs="0" />
                <xs:element name="BSP" type="xs:string" minOccurs="0" />
                <xs:element name="MALT" type="xs:string" minOccurs="0" />
                <xs:element name="XAUS" type="xs:string" minOccurs="0" />
                <xs:element name="XFRA" type="xs:string" minOccurs="0" />
              </xs:sequence>
            </xs:complexType>
          </xs:element>
        </xs:choice>
      </xs:complexType>
    </xs:element>
  </xs:schema>
  <Prezzi>
    <Data>20180406</Data>
    <Mercato>MGP</Mercato>
    <Ora>1</Ora>
    <PUN>53,070000</PUN>
    <NAT>53,070000</NAT>
    <CNOR>53,070000</CNOR>
    <CSUD>53,070000</CSUD>
    <NORD>53,070000</NORD>
    <SARD>53,070000</SARD>
    <SICI>53,070000</SICI>
    <SUD>53,070000</SUD>
    <AUST>53,070000</AUST>
    <BRNN>53,070000</BRNN>
    <COAC>53,070000</COAC>
    <CORS>53,070000</CORS>
    <FOGN>53,070000</FOGN>
    <FRAN>53,070000</FRAN>
    <GREC>53,070000</GREC>
    <MFTV>53,070000</MFTV>
    <PRGP>53,070000</PRGP>
    <ROSN>53,070000</ROSN>
    <SLOV>53,070000</SLOV>
    <SVIZ>53,070000</SVIZ>
    <BSP>53,070000</BSP>
    <MALT>53,070000</MALT>
    <XAUS>53,070000</XAUS>
    <XFRA>53,070000</XFRA>
  </Prezzi>
  <Prezzi>
    <Data>20180406</Data>
    <Mercato>MGP</Mercato>
    <Ora>2</Ora>
    <PUN>49,950000</PUN>
    <NAT>49,950000</NAT>
    <CNOR>49,950000</CNOR>
    <CSUD>49,950000</CSUD>
    <NORD>49,950000</NORD>
    <SARD>49,950000</SARD>
    <SICI>49,950000</SICI>
    <SUD>49,950000</SUD>
    <AUST>49,950000</AUST>
    <BRNN>49,950000</BRNN>
    <COAC>49,950000</COAC>
    <CORS>49,950000</CORS>
    <FOGN>49,950000</FOGN>
    <FRAN>49,950000</FRAN>
    <GREC>49,950000</GREC>
    <MFTV>49,950000</MFTV>
    <PRGP>49,950000</PRGP>
    <ROSN>49,950000</ROSN>
    <SLOV>49,950000</SLOV>
    <SVIZ>49,950000</SVIZ>
    <BSP>49,950000</BSP>
    <MALT>49,950000</MALT>
    <XAUS>49,950000</XAUS>
    <XFRA>49,950000</XFRA>
  </Prezzi>
  <Prezzi>
    <Data>20180406</Data>
    <Mercato>MGP</Mercato>
    <Ora>3</Ora>
    <PUN>46,450000</PUN>
    <NAT>46,450000</NAT>
    <CNOR>46,450000</CNOR>
    <CSUD>46,450000</CSUD>
    <NORD>46,450000</NORD>
    <SARD>46,450000</SARD>
    <SICI>46,450000</SICI>
    <SUD>46,450000</SUD>
    <AUST>46,450000</AUST>
    <BRNN>46,450000</BRNN>
    <COAC>46,450000</COAC>
    <CORS>46,450000</CORS>
    <FOGN>46,450000</FOGN>
    <FRAN>46,450000</FRAN>
    <GREC>46,450000</GREC>
    <MFTV>46,450000</MFTV>
    <PRGP>46,450000</PRGP>
    <ROSN>46,450000</ROSN>
    <SLOV>46,450000</SLOV>
    <SVIZ>46,450000</SVIZ>
    <BSP>46,450000</BSP>
    <MALT>46,450000</MALT>
    <XAUS>46,450000</XAUS>
    <XFRA>46,450000</XFRA>
  </Prezzi>
  <Prezzi>
    <Data>20180406</Data>
    <Mercato>MGP</Mercato>
    <Ora>4</Ora>
    <PUN>45,930000</PUN>
    <NAT>45,930000</NAT>
    <CNOR>45,930000</CNOR>
    <CSUD>45,930000</CSUD>
    <NORD>45,930000</NORD>
    <SARD>45,930000</SARD>
    <SICI>45,930000</SICI>
    <SUD>45,930000</SUD>
    <AUST>45,930000</AUST>
    <BRNN>45,930000</BRNN>
    <COAC>45,930000</COAC>
    <CORS>45,930000</CORS>
    <FOGN>45,930000</FOGN>
    <FRAN>45,930000</FRAN>
    <GREC>45,930000</GREC>
    <MFTV>45,930000</MFTV>
    <PRGP>45,930000</PRGP>
    <ROSN>45,930000</ROSN>
    <SLOV>45,930000</SLOV>
    <SVIZ>45,930000</SVIZ>
    <BSP>45,930000</BSP>
    <MALT>45,930000</MALT>
    <XAUS>45,930000</XAUS>
    <XFRA>45,930000</XFRA>
  </Prezzi>
  <Prezzi>
    <Data>20180406</Data>
    <Mercato>MGP</Mercato>
    <Ora>5</Ora>
    <PUN>44,850000</PUN>
    <NAT>44,850000</NAT>
    <CNOR>44,850000</CNOR>
    <CSUD>44,850000</CSUD>
    <NORD>44,850000</NORD>
    <SARD>44,850000</SARD>
    <SICI>44,850000</SICI>
    <SUD>44,850000</SUD>
    <AUST>44,850000</AUST>
    <BRNN>44,850000</BRNN>
    <COAC>44,850000</COAC>
    <CORS>44,850000</CORS>
    <FOGN>44,850000</FOGN>
    <FRAN>44,850000</FRAN>
    <GREC>44,850000</GREC>
    <MFTV>44,850000</MFTV>
    <PRGP>44,850000</PRGP>
    <ROSN>44,850000</ROSN>
    <SLOV>44,850000</SLOV>
    <SVIZ>44,850000</SVIZ>
    <BSP>44,850000</BSP>
    <MALT>44,850000</MALT>
    <XAUS>44,850000</XAUS>
    <XFRA>44,850000</XFRA>
  </Prezzi>
  <Prezzi>
    <Data>20180406</Data>
    <Mercato>MGP</Mercato>
    <Ora>6</Ora>
    <PUN>48,480000</PUN>
    <NAT>48,480000</NAT>
    <CNOR>48,480000</CNOR>
    <CSUD>48,480000</CSUD>
    <NORD>48,480000</NORD>
    <SARD>48,480000</SARD>
    <SICI>48,480000</SICI>
    <SUD>48,480000</SUD>
    <AUST>48,480000</AUST>
    <BRNN>48,480000</BRNN>
    <COAC>48,480000</COAC>
    <CORS>48,480000</CORS>
    <FOGN>48,480000</FOGN>
    <FRAN>48,480000</FRAN>
    <GREC>48,480000</GREC>
    <MFTV>48,480000</MFTV>
    <PRGP>48,480000</PRGP>
    <ROSN>48,480000</ROSN>
    <SLOV>48,480000</SLOV>
    <SVIZ>48,480000</SVIZ>
    <BSP>48,480000</BSP>
    <MALT>48,480000</MALT>
    <XAUS>48,480000</XAUS>
    <XFRA>48,480000</XFRA>
  </Prezzi>
  <Prezzi>
    <Data>20180406</Data>
    <Mercato>MGP</Mercato>
    <Ora>7</Ora>
    <PUN>55,100000</PUN>
    <NAT>55,100000</NAT>
    <CNOR>55,100000</CNOR>
    <CSUD>55,100000</CSUD>
    <NORD>55,100000</NORD>
    <SARD>55,100000</SARD>
    <SICI>55,100000</SICI>
    <SUD>55,100000</SUD>
    <AUST>55,100000</AUST>
    <BRNN>55,100000</BRNN>
    <COAC>55,100000</COAC>
    <CORS>55,100000</CORS>
    <FOGN>55,100000</FOGN>
    <FRAN>55,100000</FRAN>
    <GREC>55,100000</GREC>
    <MFTV>55,100000</MFTV>
    <PRGP>55,100000</PRGP>
    <ROSN>55,100000</ROSN>
    <SLOV>55,100000</SLOV>
    <SVIZ>55,100000</SVIZ>
    <BSP>55,100000</BSP>
    <MALT>55,100000</MALT>
    <XAUS>55,100000</XAUS>
    <XFRA>55,100000</XFRA>
  </Prezzi>
  <Prezzi>
    <Data>20180406</Data>
    <Mercato>MGP</Mercato>
    <Ora>8</Ora>
    <PUN>62,290000</PUN>
    <NAT>62,290000</NAT>
    <CNOR>62,290000</CNOR>
    <CSUD>62,290000</CSUD>
    <NORD>62,290000</NORD>
    <SARD>62,290000</SARD>
    <SICI>62,290000</SICI>
    <SUD>62,290000</SUD>
    <AUST>62,290000</AUST>
    <BRNN>62,290000</BRNN>
    <COAC>62,290000</COAC>
    <CORS>62,290000</CORS>
    <FOGN>62,290000</FOGN>
    <FRAN>62,290000</FRAN>
    <GREC>62,290000</GREC>
    <MFTV>62,290000</MFTV>
    <PRGP>62,290000</PRGP>
    <ROSN>62,290000</ROSN>
    <SLOV>62,290000</SLOV>
    <SVIZ>62,290000</SVIZ>
    <BSP>62,290000</BSP>
    <MALT>62,290000</MALT>
    <XAUS>62,290000</XAUS>
    <XFRA>62,290000</XFRA>
  </Prezzi>
  <Prezzi>
    <Data>20180406</Data>
    <Mercato>MGP</Mercato>
    <Ora>9</Ora>
    <PUN>80,411880</PUN>
    <NAT>77,490000</NAT>
    <CNOR>81,000000</CNOR>
    <CSUD>81,000000</CSUD>
    <NORD>81,000000</NORD>
    <SARD>81,000000</SARD>
    <SICI>76,330000</SICI>
    <SUD>76,330000</SUD>
    <AUST>81,000000</AUST>
    <BRNN>76,330000</BRNN>
    <COAC>81,000000</COAC>
    <CORS>81,000000</CORS>
    <FOGN>76,330000</FOGN>
    <FRAN>81,000000</FRAN>
    <GREC>76,330000</GREC>
    <MFTV>81,000000</MFTV>
    <PRGP>76,330000</PRGP>
    <ROSN>76,330000</ROSN>
    <SLOV>81,000000</SLOV>
    <SVIZ>81,000000</SVIZ>
    <BSP>81,000000</BSP>
    <MALT>76,330000</MALT>
    <XAUS>81,000000</XAUS>
    <XFRA>81,000000</XFRA>
  </Prezzi>
  <Prezzi>
    <Data>20180406</Data>
    <Mercato>MGP</Mercato>
    <Ora>10</Ora>
    <PUN>65,757650</PUN>
    <NAT>60,460000</NAT>
    <CNOR>67,300000</CNOR>
    <CSUD>67,300000</CSUD>
    <NORD>67,300000</NORD>
    <SARD>67,300000</SARD>
    <SICI>55,000000</SICI>
    <SUD>55,000000</SUD>
    <AUST>67,300000</AUST>
    <BRNN>55,000000</BRNN>
    <COAC>67,300000</COAC>
    <CORS>67,300000</CORS>
    <FOGN>55,000000</FOGN>
    <FRAN>67,300000</FRAN>
    <GREC>55,000000</GREC>
    <MFTV>67,300000</MFTV>
    <PRGP>55,000000</PRGP>
    <ROSN>55,000000</ROSN>
    <SLOV>67,300000</SLOV>
    <SVIZ>67,300000</SVIZ>
    <BSP>67,300000</BSP>
    <MALT>55,000000</MALT>
    <XAUS>67,300000</XAUS>
    <XFRA>67,300000</XFRA>
  </Prezzi>
  <Prezzi>
    <Data>20180406</Data>
    <Mercato>MGP</Mercato>
    <Ora>11</Ora>
    <PUN>55,160190</PUN>
    <NAT>52,600000</NAT>
    <CNOR>56,710000</CNOR>
    <CSUD>56,710000</CSUD>
    <NORD>56,710000</NORD>
    <SARD>56,710000</SARD>
    <SICI>44,280000</SICI>
    <SUD>44,280000</SUD>
    <AUST>56,710000</AUST>
    <BRNN>44,280000</BRNN>
    <COAC>56,710000</COAC>
    <CORS>56,710000</CORS>
    <FOGN>44,280000</FOGN>
    <FRAN>56,710000</FRAN>
    <GREC>44,280000</GREC>
    <MFTV>56,710000</MFTV>
    <PRGP>44,280000</PRGP>
    <ROSN>44,280000</ROSN>
    <SLOV>56,710000</SLOV>
    <SVIZ>56,710000</SVIZ>
    <BSP>56,710000</BSP>
    <MALT>44,280000</MALT>
    <XAUS>56,710000</XAUS>
    <XFRA>56,710000</XFRA>
  </Prezzi>
  <Prezzi>
    <Data>20180406</Data>
    <Mercato>MGP</Mercato>
    <Ora>12</Ora>
    <PUN>47,901870</PUN>
    <NAT>48,810000</NAT>
    <CNOR>51,990000</CNOR>
    <CSUD>50,950000</CSUD>
    <NORD>51,990000</NORD>
    <SARD>50,950000</SARD>
    <SICI>20,390000</SICI>
    <SUD>20,390000</SUD>
    <AUST>51,990000</AUST>
    <BRNN>20,390000</BRNN>
    <COAC>50,950000</COAC>
    <CORS>51,990000</CORS>
    <FOGN>20,390000</FOGN>
    <FRAN>51,990000</FRAN>
    <GREC>20,390000</GREC>
    <MFTV>51,990000</MFTV>
    <PRGP>20,390000</PRGP>
    <ROSN>20,390000</ROSN>
    <SLOV>51,990000</SLOV>
    <SVIZ>51,990000</SVIZ>
    <BSP>51,990000</BSP>
    <MALT>20,390000</MALT>
    <XAUS>51,990000</XAUS>
    <XFRA>51,990000</XFRA>
  </Prezzi>
  <Prezzi>
    <Data>20180406</Data>
    <Mercato>MGP</Mercato>
    <Ora>13</Ora>
    <PUN>43,770160</PUN>
    <NAT>45,430000</NAT>
    <CNOR>47,670000</CNOR>
    <CSUD>47,670000</CSUD>
    <NORD>47,670000</NORD>
    <SARD>47,670000</SARD>
    <SICI>17,810000</SICI>
    <SUD>17,810000</SUD>
    <AUST>47,670000</AUST>
    <BRNN>17,810000</BRNN>
    <COAC>47,670000</COAC>
    <CORS>47,670000</CORS>
    <FOGN>17,810000</FOGN>
    <FRAN>47,670000</FRAN>
    <GREC>17,810000</GREC>
    <MFTV>47,670000</MFTV>
    <PRGP>17,810000</PRGP>
    <ROSN>17,810000</ROSN>
    <SLOV>47,670000</SLOV>
    <SVIZ>47,670000</SVIZ>
    <BSP>47,670000</BSP>
    <MALT>17,810000</MALT>
    <XAUS>47,670000</XAUS>
    <XFRA>47,670000</XFRA>
  </Prezzi>
  <Prezzi>
    <Data>20180406</Data>
    <Mercato>MGP</Mercato>
    <Ora>14</Ora>
    <PUN>42,249560</PUN>
    <NAT>43,090000</NAT>
    <CNOR>46,160000</CNOR>
    <CSUD>46,160000</CSUD>
    <NORD>46,160000</NORD>
    <SARD>46,160000</SARD>
    <SICI>15,200000</SICI>
    <SUD>15,200000</SUD>
    <AUST>46,160000</AUST>
    <BRNN>15,200000</BRNN>
    <COAC>46,160000</COAC>
    <CORS>46,160000</CORS>
    <FOGN>15,200000</FOGN>
    <FRAN>46,160000</FRAN>
    <GREC>15,200000</GREC>
    <MFTV>46,160000</MFTV>
    <PRGP>15,200000</PRGP>
    <ROSN>15,200000</ROSN>
    <SLOV>46,160000</SLOV>
    <SVIZ>46,160000</SVIZ>
    <BSP>46,160000</BSP>
    <MALT>15,200000</MALT>
    <XAUS>46,160000</XAUS>
    <XFRA>46,160000</XFRA>
  </Prezzi>
  <Prezzi>
    <Data>20180406</Data>
    <Mercato>MGP</Mercato>
    <Ora>15</Ora>
    <PUN>45,019250</PUN>
    <NAT>45,930000</NAT>
    <CNOR>48,480000</CNOR>
    <CSUD>48,480000</CSUD>
    <NORD>48,480000</NORD>
    <SARD>48,480000</SARD>
    <SICI>20,000000</SICI>
    <SUD>20,000000</SUD>
    <AUST>48,480000</AUST>
    <BRNN>20,000000</BRNN>
    <COAC>48,480000</COAC>
    <CORS>48,480000</CORS>
    <FOGN>20,000000</FOGN>
    <FRAN>48,480000</FRAN>
    <GREC>20,000000</GREC>
    <MFTV>48,480000</MFTV>
    <PRGP>20,000000</PRGP>
    <ROSN>20,000000</ROSN>
    <SLOV>48,480000</SLOV>
    <SVIZ>48,480000</SVIZ>
    <BSP>48,480000</BSP>
    <MALT>20,000000</MALT>
    <XAUS>48,480000</XAUS>
    <XFRA>48,480000</XFRA>
  </Prezzi>
  <Prezzi>
    <Data>20180406</Data>
    <Mercato>MGP</Mercato>
    <Ora>16</Ora>
    <PUN>48,994180</PUN>
    <NAT>47,900000</NAT>
    <CNOR>50,090000</CNOR>
    <CSUD>50,090000</CSUD>
    <NORD>50,090000</NORD>
    <SARD>50,090000</SARD>
    <SICI>41,160000</SICI>
    <SUD>41,160000</SUD>
    <AUST>50,090000</AUST>
    <BRNN>41,160000</BRNN>
    <COAC>50,090000</COAC>
    <CORS>50,090000</CORS>
    <FOGN>41,160000</FOGN>
    <FRAN>50,090000</FRAN>
    <GREC>41,160000</GREC>
    <MFTV>50,090000</MFTV>
    <PRGP>41,160000</PRGP>
    <ROSN>41,160000</ROSN>
    <SLOV>50,090000</SLOV>
    <SVIZ>50,090000</SVIZ>
    <BSP>50,090000</BSP>
    <MALT>41,160000</MALT>
    <XAUS>50,090000</XAUS>
    <XFRA>50,090000</XFRA>
  </Prezzi>
  <Prezzi>
    <Data>20180406</Data>
    <Mercato>MGP</Mercato>
    <Ora>17</Ora>
    <PUN>50,612620</PUN>
    <NAT>49,990000</NAT>
    <CNOR>51,710000</CNOR>
    <CSUD>50,950000</CSUD>
    <NORD>51,710000</NORD>
    <SARD>50,950000</SARD>
    <SICI>44,090000</SICI>
    <SUD>44,090000</SUD>
    <AUST>51,710000</AUST>
    <BRNN>44,090000</BRNN>
    <COAC>50,950000</COAC>
    <CORS>51,710000</CORS>
    <FOGN>44,090000</FOGN>
    <FRAN>51,710000</FRAN>
    <GREC>44,090000</GREC>
    <MFTV>51,710000</MFTV>
    <PRGP>44,090000</PRGP>
    <ROSN>44,090000</ROSN>
    <SLOV>51,710000</SLOV>
    <SVIZ>51,710000</SVIZ>
    <BSP>51,710000</BSP>
    <MALT>44,090000</MALT>
    <XAUS>51,710000</XAUS>
    <XFRA>51,710000</XFRA>
  </Prezzi>
  <Prezzi>
    <Data>20180406</Data>
    <Mercato>MGP</Mercato>
    <Ora>18</Ora>
    <PUN>52,500000</PUN>
    <NAT>52,500000</NAT>
    <CNOR>52,500000</CNOR>
    <CSUD>52,500000</CSUD>
    <NORD>52,500000</NORD>
    <SARD>52,500000</SARD>
    <SICI>52,500000</SICI>
    <SUD>52,500000</SUD>
    <AUST>52,500000</AUST>
    <BRNN>52,500000</BRNN>
    <COAC>52,500000</COAC>
    <CORS>52,500000</CORS>
    <FOGN>52,500000</FOGN>
    <FRAN>52,500000</FRAN>
    <GREC>52,500000</GREC>
    <MFTV>52,500000</MFTV>
    <PRGP>52,500000</PRGP>
    <ROSN>52,500000</ROSN>
    <SLOV>52,500000</SLOV>
    <SVIZ>52,500000</SVIZ>
    <BSP>52,500000</BSP>
    <MALT>52,500000</MALT>
    <XAUS>52,500000</XAUS>
    <XFRA>52,500000</XFRA>
  </Prezzi>
  <Prezzi>
    <Data>20180406</Data>
    <Mercato>MGP</Mercato>
    <Ora>19</Ora>
    <PUN>57,024040</PUN>
    <NAT>56,700000</NAT>
    <CNOR>56,660000</CNOR>
    <CSUD>56,660000</CSUD>
    <NORD>56,660000</NORD>
    <SARD>56,660000</SARD>
    <SICI>62,930000</SICI>
    <SUD>56,660000</SUD>
    <AUST>56,660000</AUST>
    <BRNN>56,660000</BRNN>
    <COAC>56,660000</COAC>
    <CORS>56,660000</CORS>
    <FOGN>56,660000</FOGN>
    <FRAN>56,660000</FRAN>
    <GREC>56,660000</GREC>
    <MFTV>56,660000</MFTV>
    <PRGP>62,930000</PRGP>
    <ROSN>56,660000</ROSN>
    <SLOV>56,660000</SLOV>
    <SVIZ>56,660000</SVIZ>
    <BSP>56,660000</BSP>
    <MALT>62,930000</MALT>
    <XAUS>56,660000</XAUS>
    <XFRA>56,660000</XFRA>
  </Prezzi>
  <Prezzi>
    <Data>20180406</Data>
    <Mercato>MGP</Mercato>
    <Ora>20</Ora>
    <PUN>70,142820</PUN>
    <NAT>70,000000</NAT>
    <CNOR>68,870000</CNOR>
    <CSUD>68,870000</CSUD>
    <NORD>68,870000</NORD>
    <SARD>68,870000</SARD>
    <SICI>90,000000</SICI>
    <SUD>68,870000</SUD>
    <AUST>68,870000</AUST>
    <BRNN>68,870000</BRNN>
    <COAC>68,870000</COAC>
    <CORS>68,870000</CORS>
    <FOGN>68,870000</FOGN>
    <FRAN>68,870000</FRAN>
    <GREC>68,870000</GREC>
    <MFTV>68,870000</MFTV>
    <PRGP>90,000000</PRGP>
    <ROSN>68,870000</ROSN>
    <SLOV>68,870000</SLOV>
    <SVIZ>68,870000</SVIZ>
    <BSP>68,870000</BSP>
    <MALT>90,000000</MALT>
    <XAUS>68,870000</XAUS>
    <XFRA>68,870000</XFRA>
  </Prezzi>
  <Prezzi>
    <Data>20180406</Data>
    <Mercato>MGP</Mercato>
    <Ora>21</Ora>
    <PUN>78,342830</PUN>
    <NAT>77,890000</NAT>
    <CNOR>77,490000</CNOR>
    <CSUD>77,490000</CSUD>
    <NORD>77,490000</NORD>
    <SARD>77,490000</SARD>
    <SICI>91,000000</SICI>
    <SUD>77,490000</SUD>
    <AUST>77,490000</AUST>
    <BRNN>77,490000</BRNN>
    <COAC>77,490000</COAC>
    <CORS>77,490000</CORS>
    <FOGN>77,490000</FOGN>
    <FRAN>77,490000</FRAN>
    <GREC>77,490000</GREC>
    <MFTV>77,490000</MFTV>
    <PRGP>91,000000</PRGP>
    <ROSN>77,490000</ROSN>
    <SLOV>77,490000</SLOV>
    <SVIZ>77,490000</SVIZ>
    <BSP>77,490000</BSP>
    <MALT>91,000000</MALT>
    <XAUS>77,490000</XAUS>
    <XFRA>77,490000</XFRA>
  </Prezzi>
  <Prezzi>
    <Data>20180406</Data>
    <Mercato>MGP</Mercato>
    <Ora>22</Ora>
    <PUN>61,139460</PUN>
    <NAT>60,460000</NAT>
    <CNOR>59,210000</CNOR>
    <CSUD>59,210000</CSUD>
    <NORD>59,210000</NORD>
    <SARD>59,210000</SARD>
    <SICI>90,000000</SICI>
    <SUD>59,210000</SUD>
    <AUST>59,210000</AUST>
    <BRNN>59,210000</BRNN>
    <COAC>59,210000</COAC>
    <CORS>59,210000</CORS>
    <FOGN>59,210000</FOGN>
    <FRAN>59,210000</FRAN>
    <GREC>59,210000</GREC>
    <MFTV>59,210000</MFTV>
    <PRGP>90,000000</PRGP>
    <ROSN>59,210000</ROSN>
    <SLOV>59,210000</SLOV>
    <SVIZ>59,210000</SVIZ>
    <BSP>59,210000</BSP>
    <MALT>90,000000</MALT>
    <XAUS>59,210000</XAUS>
    <XFRA>59,210000</XFRA>
  </Prezzi>
  <Prezzi>
    <Data>20180406</Data>
    <Mercato>MGP</Mercato>
    <Ora>23</Ora>
    <PUN>56,708760</PUN>
    <NAT>56,690000</NAT>
    <CNOR>55,000000</CNOR>
    <CSUD>55,000000</CSUD>
    <NORD>55,000000</NORD>
    <SARD>55,000000</SARD>
    <SICI>82,010000</SICI>
    <SUD>55,000000</SUD>
    <AUST>55,000000</AUST>
    <BRNN>55,000000</BRNN>
    <COAC>55,000000</COAC>
    <CORS>55,000000</CORS>
    <FOGN>55,000000</FOGN>
    <FRAN>55,000000</FRAN>
    <GREC>55,000000</GREC>
    <MFTV>55,000000</MFTV>
    <PRGP>82,010000</PRGP>
    <ROSN>55,000000</ROSN>
    <SLOV>55,000000</SLOV>
    <SVIZ>55,000000</SVIZ>
    <BSP>55,000000</BSP>
    <MALT>82,010000</MALT>
    <XAUS>55,000000</XAUS>
    <XFRA>55,000000</XFRA>
  </Prezzi>
  <Prezzi>
    <Data>20180406</Data>
    <Mercato>MGP</Mercato>
    <Ora>24</Ora>
    <PUN>50,770400</PUN>
    <NAT>49,950000</NAT>
    <CNOR>49,950000</CNOR>
    <CSUD>49,950000</CSUD>
    <NORD>49,950000</NORD>
    <SARD>49,950000</SARD>
    <SICI>62,930000</SICI>
    <SUD>49,950000</SUD>
    <AUST>49,950000</AUST>
    <BRNN>49,950000</BRNN>
    <COAC>49,950000</COAC>
    <CORS>49,950000</CORS>
    <FOGN>49,950000</FOGN>
    <FRAN>49,950000</FRAN>
    <GREC>49,950000</GREC>
    <MFTV>49,950000</MFTV>
    <PRGP>62,930000</PRGP>
    <ROSN>49,950000</ROSN>
    <SLOV>49,950000</SLOV>
    <SVIZ>49,950000</SVIZ>
    <BSP>49,950000</BSP>
    <MALT>62,930000</MALT>
    <XAUS>49,950000</XAUS>
    <XFRA>49,950000</XFRA>
  </Prezzi>
</NewDataSet>