<?xml version="1.0" standalone="yes"?>
<NewDataSet>
  <xs:schema id="NewDataSet" xmlns="" xmlns:xs="http://www.w3.org/2001/XMLSchema" xmlns:msdata="urn:schemas-microsoft-com:xml-msdata">
    <xs:element name="NewDataSet" msdata:IsDataSet="true" msdata:UseCurrentLocale="true">
      <xs:complexType>
        <xs:choice minOccurs="0" maxOccurs="unbounded">
          <xs:element name="Prezzi">
            <xs:complexType>
              <xs:sequence>
                <xs:element name="Data" type="xs:string" minOccurs="0" />
                <xs:element name="Mercato" type="xs:string" minOccurs="0" />
                <xs:element name="Ora" type="xs:string" minOccurs="0" />
                <xs:element name="PUN" type="xs:string" minOccurs="0" />
                <xs:element name="NAT" type="xs:string" minOccurs="0" />
                <xs:element name="CNOR" type="xs:string" minOccurs="0" />
                <xs:element name="CSUD" type="xs:string" minOccurs="0" />
                <xs:element name="NORD" type="xs:string" minOccurs="0" />
                <xs:element name="SARD" type="xs:string" minOccurs="0" />
                <xs:element name="SICI" type="xs:string" minOccurs="0" />
                <xs:element name="SUD" type="xs:string" minOccurs="0" />
                <xs:element name="AUST" type="xs:string" minOccurs="0" />
                <xs:element name="BRNN" type="xs:string" minOccurs="0" />
                <xs:element name="COAC" type="xs:string" minOccurs="0" />
                <xs:element name="CORS" type="xs:string" minOccurs="0" />
                <xs:element name="FOGN" type="xs:string" minOccurs="0" />
                <xs:element name="FRAN" type="xs:string" minOccurs="0" />
                <xs:element name="GREC" type="xs:string" minOccurs="0" />
                <xs:element name="MFTV" type="xs:string" minOccurs="0" />
                <xs:element name="PRGP" type="xs:string" minOccurs="0" />
                <xs:element name="ROSN" type="xs:string" minOccurs="0" />
                <xs:element name="SLOV" type="xs:string" minOccurs="0" />
                <xs:element name="SVIZ" type="xs:string" minOccurs="0" />
                <xs:element name="BSP" type="xs:string" minOccurs="0" />
                <xs:element name="MALT" type="xs:string" minOccurs="0" />
                <xs:element name="XAUS" type="xs:string" minOccurs="0" />
                <xs:element name="XFRA" type="xs:string" minOccurs="0" />
              </xs:sequence>
            </xs:complexType>
          </xs:element>
        </xs:choice>
      </xs:complexType>
    </xs:element>
  </xs:schema>
  <Prezzi>
    <Data>20180422</Data>
    <Mercato>MGP</Mercato>
    <Ora>1</Ora>
    <PUN>56,884310</PUN>
    <NAT>50,440000</NAT>
    <CNOR>46,790000</CNOR>
    <CSUD>75,320000</CSUD>
    <NORD>46,790000</NORD>
    <SARD>75,320000</SARD>
    <SICI>75,320000</SICI>
    <SUD>75,320000</SUD>
    <AUST>46,790000</AUST>
    <BRNN>75,320000</BRNN>
    <COAC>75,320000</COAC>
    <CORS>75,320000</CORS>
    <FOGN>75,320000</FOGN>
    <FRAN>46,790000</FRAN>
    <GREC>75,320000</GREC>
    <MFTV>46,790000</MFTV>
    <PRGP>75,320000</PRGP>
    <ROSN>75,320000</ROSN>
    <SLOV>46,790000</SLOV>
    <SVIZ>46,790000</SVIZ>
    <BSP>46,790000</BSP>
    <MALT>75,320000</MALT>
    <XAUS>46,790000</XAUS>
    <XFRA>46,790000</XFRA>
  </Prezzi>
  <Prezzi>
    <Data>20180422</Data>
    <Mercato>MGP</Mercato>
    <Ora>2</Ora>
    <PUN>48,156210</PUN>
    <NAT>48,410000</NAT>
    <CNOR>39,170000</CNOR>
    <CSUD>65,000000</CSUD>
    <NORD>39,170000</NORD>
    <SARD>65,000000</SARD>
    <SICI>65,000000</SICI>
    <SUD>65,000000</SUD>
    <AUST>39,170000</AUST>
    <BRNN>65,000000</BRNN>
    <COAC>65,000000</COAC>
    <CORS>65,000000</CORS>
    <FOGN>65,000000</FOGN>
    <FRAN>39,170000</FRAN>
    <GREC>65,000000</GREC>
    <MFTV>39,170000</MFTV>
    <PRGP>65,000000</PRGP>
    <ROSN>65,000000</ROSN>
    <SLOV>39,170000</SLOV>
    <SVIZ>39,170000</SVIZ>
    <BSP>39,170000</BSP>
    <MALT>65,000000</MALT>
    <XAUS>39,170000</XAUS>
    <XFRA>39,170000</XFRA>
  </Prezzi>
  <Prezzi>
    <Data>20180422</Data>
    <Mercato>MGP</Mercato>
    <Ora>3</Ora>
    <PUN>45,630010</PUN>
    <NAT>47,510000</NAT>
    <CNOR>35,500000</CNOR>
    <CSUD>65,000000</CSUD>
    <NORD>35,500000</NORD>
    <SARD>65,000000</SARD>
    <SICI>65,000000</SICI>
    <SUD>65,000000</SUD>
    <AUST>35,500000</AUST>
    <BRNN>65,000000</BRNN>
    <COAC>65,000000</COAC>
    <CORS>65,000000</CORS>
    <FOGN>65,000000</FOGN>
    <FRAN>35,500000</FRAN>
    <GREC>65,000000</GREC>
    <MFTV>35,500000</MFTV>
    <PRGP>65,000000</PRGP>
    <ROSN>65,000000</ROSN>
    <SLOV>35,500000</SLOV>
    <SVIZ>35,500000</SVIZ>
    <BSP>35,500000</BSP>
    <MALT>65,000000</MALT>
    <XAUS>35,500000</XAUS>
    <XFRA>35,500000</XFRA>
  </Prezzi>
  <Prezzi>
    <Data>20180422</Data>
    <Mercato>MGP</Mercato>
    <Ora>4</Ora>
    <PUN>39,970390</PUN>
    <NAT>45,010000</NAT>
    <CNOR>33,000000</CNOR>
    <CSUD>53,500000</CSUD>
    <NORD>33,000000</NORD>
    <SARD>53,500000</SARD>
    <SICI>53,500000</SICI>
    <SUD>53,500000</SUD>
    <AUST>33,000000</AUST>
    <BRNN>53,500000</BRNN>
    <COAC>53,500000</COAC>
    <CORS>53,500000</CORS>
    <FOGN>53,500000</FOGN>
    <FRAN>33,000000</FRAN>
    <GREC>53,500000</GREC>
    <MFTV>33,000000</MFTV>
    <PRGP>53,500000</PRGP>
    <ROSN>53,500000</ROSN>
    <SLOV>33,000000</SLOV>
    <SVIZ>33,000000</SVIZ>
    <BSP>33,000000</BSP>
    <MALT>53,500000</MALT>
    <XAUS>33,000000</XAUS>
    <XFRA>33,000000</XFRA>
  </Prezzi>
  <Prezzi>
    <Data>20180422</Data>
    <Mercato>MGP</Mercato>
    <Ora>5</Ora>
    <PUN>48,877140</PUN>
    <NAT>49,410000</NAT>
    <CNOR>46,500000</CNOR>
    <CSUD>53,500000</CSUD>
    <NORD>46,500000</NORD>
    <SARD>53,500000</SARD>
    <SICI>53,500000</SICI>
    <SUD>53,500000</SUD>
    <AUST>46,500000</AUST>
    <BRNN>53,500000</BRNN>
    <COAC>53,500000</COAC>
    <CORS>53,500000</CORS>
    <FOGN>53,500000</FOGN>
    <FRAN>46,500000</FRAN>
    <GREC>53,500000</GREC>
    <MFTV>46,500000</MFTV>
    <PRGP>53,500000</PRGP>
    <ROSN>53,500000</ROSN>
    <SLOV>46,500000</SLOV>
    <SVIZ>46,500000</SVIZ>
    <BSP>46,500000</BSP>
    <MALT>53,500000</MALT>
    <XAUS>46,500000</XAUS>
    <XFRA>46,500000</XFRA>
  </Prezzi>
  <Prezzi>
    <Data>20180422</Data>
    <Mercato>MGP</Mercato>
    <Ora>6</Ora>
    <PUN>56,901420</PUN>
    <NAT>55,790000</NAT>
    <CNOR>53,800000</CNOR>
    <CSUD>62,930000</CSUD>
    <NORD>53,800000</NORD>
    <SARD>62,930000</SARD>
    <SICI>62,930000</SICI>
    <SUD>62,930000</SUD>
    <AUST>53,800000</AUST>
    <BRNN>62,930000</BRNN>
    <COAC>62,930000</COAC>
    <CORS>62,930000</CORS>
    <FOGN>62,930000</FOGN>
    <FRAN>53,800000</FRAN>
    <GREC>62,930000</GREC>
    <MFTV>53,800000</MFTV>
    <PRGP>62,930000</PRGP>
    <ROSN>62,930000</ROSN>
    <SLOV>53,800000</SLOV>
    <SVIZ>53,800000</SVIZ>
    <BSP>53,800000</BSP>
    <MALT>62,930000</MALT>
    <XAUS>53,800000</XAUS>
    <XFRA>53,800000</XFRA>
  </Prezzi>
  <Prezzi>
    <Data>20180422</Data>
    <Mercato>MGP</Mercato>
    <Ora>7</Ora>
    <PUN>49,341670</PUN>
    <NAT>49,410000</NAT>
    <CNOR>48,800000</CNOR>
    <CSUD>50,410000</CSUD>
    <NORD>48,800000</NORD>
    <SARD>50,410000</SARD>
    <SICI>50,410000</SICI>
    <SUD>50,410000</SUD>
    <AUST>48,800000</AUST>
    <BRNN>50,410000</BRNN>
    <COAC>50,410000</COAC>
    <CORS>50,410000</CORS>
    <FOGN>50,410000</FOGN>
    <FRAN>48,800000</FRAN>
    <GREC>50,410000</GREC>
    <MFTV>48,800000</MFTV>
    <PRGP>50,410000</PRGP>
    <ROSN>50,410000</ROSN>
    <SLOV>48,800000</SLOV>
    <SVIZ>48,800000</SVIZ>
    <BSP>48,800000</BSP>
    <MALT>50,410000</MALT>
    <XAUS>48,800000</XAUS>
    <XFRA>48,800000</XFRA>
  </Prezzi>
  <Prezzi>
    <Data>20180422</Data>
    <Mercato>MGP</Mercato>
    <Ora>8</Ora>
    <PUN>50,131520</PUN>
    <NAT>50,000000</NAT>
    <CNOR>50,000000</CNOR>
    <CSUD>50,380000</CSUD>
    <NORD>50,000000</NORD>
    <SARD>50,380000</SARD>
    <SICI>50,380000</SICI>
    <SUD>50,380000</SUD>
    <AUST>50,000000</AUST>
    <BRNN>50,380000</BRNN>
    <COAC>50,380000</COAC>
    <CORS>50,380000</CORS>
    <FOGN>50,380000</FOGN>
    <FRAN>50,000000</FRAN>
    <GREC>50,380000</GREC>
    <MFTV>50,000000</MFTV>
    <PRGP>50,380000</PRGP>
    <ROSN>50,380000</ROSN>
    <SLOV>50,000000</SLOV>
    <SVIZ>50,000000</SVIZ>
    <BSP>50,000000</BSP>
    <MALT>50,380000</MALT>
    <XAUS>50,000000</XAUS>
    <XFRA>50,000000</XFRA>
  </Prezzi>
  <Prezzi>
    <Data>20180422</Data>
    <Mercato>MGP</Mercato>
    <Ora>9</Ora>
    <PUN>48,410000</PUN>
    <NAT>48,410000</NAT>
    <CNOR>48,410000</CNOR>
    <CSUD>48,410000</CSUD>
    <NORD>48,410000</NORD>
    <SARD>48,410000</SARD>
    <SICI>48,410000</SICI>
    <SUD>48,410000</SUD>
    <AUST>48,410000</AUST>
    <BRNN>48,410000</BRNN>
    <COAC>48,410000</COAC>
    <CORS>48,410000</CORS>
    <FOGN>48,410000</FOGN>
    <FRAN>48,410000</FRAN>
    <GREC>48,410000</GREC>
    <MFTV>48,410000</MFTV>
    <PRGP>48,410000</PRGP>
    <ROSN>48,410000</ROSN>
    <SLOV>48,410000</SLOV>
    <SVIZ>48,410000</SVIZ>
    <BSP>48,410000</BSP>
    <MALT>48,410000</MALT>
    <XAUS>48,410000</XAUS>
    <XFRA>48,410000</XFRA>
  </Prezzi>
  <Prezzi>
    <Data>20180422</Data>
    <Mercato>MGP</Mercato>
    <Ora>10</Ora>
    <PUN>46,040150</PUN>
    <NAT>45,900000</NAT>
    <CNOR>45,500000</CNOR>
    <CSUD>47,000000</CSUD>
    <NORD>45,500000</NORD>
    <SARD>47,000000</SARD>
    <SICI>47,000000</SICI>
    <SUD>47,000000</SUD>
    <AUST>45,500000</AUST>
    <BRNN>47,000000</BRNN>
    <COAC>47,000000</COAC>
    <CORS>47,000000</CORS>
    <FOGN>47,000000</FOGN>
    <FRAN>45,500000</FRAN>
    <GREC>47,000000</GREC>
    <MFTV>45,500000</MFTV>
    <PRGP>47,000000</PRGP>
    <ROSN>47,000000</ROSN>
    <SLOV>45,500000</SLOV>
    <SVIZ>45,500000</SVIZ>
    <BSP>45,500000</BSP>
    <MALT>47,000000</MALT>
    <XAUS>45,500000</XAUS>
    <XFRA>45,500000</XFRA>
  </Prezzi>
  <Prezzi>
    <Data>20180422</Data>
    <Mercato>MGP</Mercato>
    <Ora>11</Ora>
    <PUN>42,720000</PUN>
    <NAT>42,720000</NAT>
    <CNOR>42,720000</CNOR>
    <CSUD>42,720000</CSUD>
    <NORD>42,720000</NORD>
    <SARD>42,720000</SARD>
    <SICI>42,720000</SICI>
    <SUD>42,720000</SUD>
    <AUST>42,720000</AUST>
    <BRNN>42,720000</BRNN>
    <COAC>42,720000</COAC>
    <CORS>42,720000</CORS>
    <FOGN>42,720000</FOGN>
    <FRAN>42,720000</FRAN>
    <GREC>42,720000</GREC>
    <MFTV>42,720000</MFTV>
    <PRGP>42,720000</PRGP>
    <ROSN>42,720000</ROSN>
    <SLOV>42,720000</SLOV>
    <SVIZ>42,720000</SVIZ>
    <BSP>42,720000</BSP>
    <MALT>42,720000</MALT>
    <XAUS>42,720000</XAUS>
    <XFRA>42,720000</XFRA>
  </Prezzi>
  <Prezzi>
    <Data>20180422</Data>
    <Mercato>MGP</Mercato>
    <Ora>12</Ora>
    <PUN>33,550000</PUN>
    <NAT>33,550000</NAT>
    <CNOR>33,550000</CNOR>
    <CSUD>33,550000</CSUD>
    <NORD>33,550000</NORD>
    <SARD>33,550000</SARD>
    <SICI>33,550000</SICI>
    <SUD>33,550000</SUD>
    <AUST>33,550000</AUST>
    <BRNN>33,550000</BRNN>
    <COAC>33,550000</COAC>
    <CORS>33,550000</CORS>
    <FOGN>33,550000</FOGN>
    <FRAN>33,550000</FRAN>
    <GREC>33,550000</GREC>
    <MFTV>33,550000</MFTV>
    <PRGP>33,550000</PRGP>
    <ROSN>33,550000</ROSN>
    <SLOV>33,550000</SLOV>
    <SVIZ>33,550000</SVIZ>
    <BSP>33,550000</BSP>
    <MALT>33,550000</MALT>
    <XAUS>33,550000</XAUS>
    <XFRA>33,550000</XFRA>
  </Prezzi>
  <Prezzi>
    <Data>20180422</Data>
    <Mercato>MGP</Mercato>
    <Ora>13</Ora>
    <PUN>32,000000</PUN>
    <NAT>32,000000</NAT>
    <CNOR>32,000000</CNOR>
    <CSUD>32,000000</CSUD>
    <NORD>32,000000</NORD>
    <SARD>32,000000</SARD>
    <SICI>32,000000</SICI>
    <SUD>32,000000</SUD>
    <AUST>32,000000</AUST>
    <BRNN>32,000000</BRNN>
    <COAC>32,000000</COAC>
    <CORS>32,000000</CORS>
    <FOGN>32,000000</FOGN>
    <FRAN>32,000000</FRAN>
    <GREC>32,000000</GREC>
    <MFTV>32,000000</MFTV>
    <PRGP>32,000000</PRGP>
    <ROSN>32,000000</ROSN>
    <SLOV>32,000000</SLOV>
    <SVIZ>32,000000</SVIZ>
    <BSP>32,000000</BSP>
    <MALT>32,000000</MALT>
    <XAUS>32,000000</XAUS>
    <XFRA>32,000000</XFRA>
  </Prezzi>
  <Prezzi>
    <Data>20180422</Data>
    <Mercato>MGP</Mercato>
    <Ora>14</Ora>
    <PUN>26,610000</PUN>
    <NAT>26,610000</NAT>
    <CNOR>26,610000</CNOR>
    <CSUD>26,610000</CSUD>
    <NORD>26,610000</NORD>
    <SARD>26,610000</SARD>
    <SICI>26,610000</SICI>
    <SUD>26,610000</SUD>
    <AUST>26,610000</AUST>
    <BRNN>26,610000</BRNN>
    <COAC>26,610000</COAC>
    <CORS>26,610000</CORS>
    <FOGN>26,610000</FOGN>
    <FRAN>26,610000</FRAN>
    <GREC>26,610000</GREC>
    <MFTV>26,610000</MFTV>
    <PRGP>26,610000</PRGP>
    <ROSN>26,610000</ROSN>
    <SLOV>26,610000</SLOV>
    <SVIZ>26,610000</SVIZ>
    <BSP>26,610000</BSP>
    <MALT>26,610000</MALT>
    <XAUS>26,610000</XAUS>
    <XFRA>26,610000</XFRA>
  </Prezzi>
  <Prezzi>
    <Data>20180422</Data>
    <Mercato>MGP</Mercato>
    <Ora>15</Ora>
    <PUN>22,320000</PUN>
    <NAT>22,320000</NAT>
    <CNOR>22,320000</CNOR>
    <CSUD>22,320000</CSUD>
    <NORD>22,320000</NORD>
    <SARD>22,320000</SARD>
    <SICI>22,320000</SICI>
    <SUD>22,320000</SUD>
    <AUST>22,320000</AUST>
    <BRNN>22,320000</BRNN>
    <COAC>22,320000</COAC>
    <CORS>22,320000</CORS>
    <FOGN>22,320000</FOGN>
    <FRAN>22,320000</FRAN>
    <GREC>22,320000</GREC>
    <MFTV>22,320000</MFTV>
    <PRGP>22,320000</PRGP>
    <ROSN>22,320000</ROSN>
    <SLOV>22,320000</SLOV>
    <SVIZ>22,320000</SVIZ>
    <BSP>22,320000</BSP>
    <MALT>22,320000</MALT>
    <XAUS>22,320000</XAUS>
    <XFRA>22,320000</XFRA>
  </Prezzi>
  <Prezzi>
    <Data>20180422</Data>
    <Mercato>MGP</Mercato>
    <Ora>16</Ora>
    <PUN>30,000000</PUN>
    <NAT>30,000000</NAT>
    <CNOR>30,000000</CNOR>
    <CSUD>30,000000</CSUD>
    <NORD>30,000000</NORD>
    <SARD>30,000000</SARD>
    <SICI>30,000000</SICI>
    <SUD>30,000000</SUD>
    <AUST>30,000000</AUST>
    <BRNN>30,000000</BRNN>
    <COAC>30,000000</COAC>
    <CORS>30,000000</CORS>
    <FOGN>30,000000</FOGN>
    <FRAN>30,000000</FRAN>
    <GREC>30,000000</GREC>
    <MFTV>30,000000</MFTV>
    <PRGP>30,000000</PRGP>
    <ROSN>30,000000</ROSN>
    <SLOV>30,000000</SLOV>
    <SVIZ>30,000000</SVIZ>
    <BSP>30,000000</BSP>
    <MALT>30,000000</MALT>
    <XAUS>30,000000</XAUS>
    <XFRA>30,000000</XFRA>
  </Prezzi>
  <Prezzi>
    <Data>20180422</Data>
    <Mercato>MGP</Mercato>
    <Ora>17</Ora>
    <PUN>35,000000</PUN>
    <NAT>35,000000</NAT>
    <CNOR>35,000000</CNOR>
    <CSUD>35,000000</CSUD>
    <NORD>35,000000</NORD>
    <SARD>35,000000</SARD>
    <SICI>35,000000</SICI>
    <SUD>35,000000</SUD>
    <AUST>35,000000</AUST>
    <BRNN>35,000000</BRNN>
    <COAC>35,000000</COAC>
    <CORS>35,000000</CORS>
    <FOGN>35,000000</FOGN>
    <FRAN>35,000000</FRAN>
    <GREC>35,000000</GREC>
    <MFTV>35,000000</MFTV>
    <PRGP>35,000000</PRGP>
    <ROSN>35,000000</ROSN>
    <SLOV>35,000000</SLOV>
    <SVIZ>35,000000</SVIZ>
    <BSP>35,000000</BSP>
    <MALT>35,000000</MALT>
    <XAUS>35,000000</XAUS>
    <XFRA>35,000000</XFRA>
  </Prezzi>
  <Prezzi>
    <Data>20180422</Data>
    <Mercato>MGP</Mercato>
    <Ora>18</Ora>
    <PUN>43,000000</PUN>
    <NAT>43,000000</NAT>
    <CNOR>43,000000</CNOR>
    <CSUD>43,000000</CSUD>
    <NORD>43,000000</NORD>
    <SARD>43,000000</SARD>
    <SICI>43,000000</SICI>
    <SUD>43,000000</SUD>
    <AUST>43,000000</AUST>
    <BRNN>43,000000</BRNN>
    <COAC>43,000000</COAC>
    <CORS>43,000000</CORS>
    <FOGN>43,000000</FOGN>
    <FRAN>43,000000</FRAN>
    <GREC>43,000000</GREC>
    <MFTV>43,000000</MFTV>
    <PRGP>43,000000</PRGP>
    <ROSN>43,000000</ROSN>
    <SLOV>43,000000</SLOV>
    <SVIZ>43,000000</SVIZ>
    <BSP>43,000000</BSP>
    <MALT>43,000000</MALT>
    <XAUS>43,000000</XAUS>
    <XFRA>43,000000</XFRA>
  </Prezzi>
  <Prezzi>
    <Data>20180422</Data>
    <Mercato>MGP</Mercato>
    <Ora>19</Ora>
    <PUN>51,330000</PUN>
    <NAT>51,330000</NAT>
    <CNOR>51,330000</CNOR>
    <CSUD>51,330000</CSUD>
    <NORD>51,330000</NORD>
    <SARD>51,330000</SARD>
    <SICI>51,330000</SICI>
    <SUD>51,330000</SUD>
    <AUST>51,330000</AUST>
    <BRNN>51,330000</BRNN>
    <COAC>51,330000</COAC>
    <CORS>51,330000</CORS>
    <FOGN>51,330000</FOGN>
    <FRAN>51,330000</FRAN>
    <GREC>51,330000</GREC>
    <MFTV>51,330000</MFTV>
    <PRGP>51,330000</PRGP>
    <ROSN>51,330000</ROSN>
    <SLOV>51,330000</SLOV>
    <SVIZ>51,330000</SVIZ>
    <BSP>51,330000</BSP>
    <MALT>51,330000</MALT>
    <XAUS>51,330000</XAUS>
    <XFRA>51,330000</XFRA>
  </Prezzi>
  <Prezzi>
    <Data>20180422</Data>
    <Mercato>MGP</Mercato>
    <Ora>20</Ora>
    <PUN>65,434340</PUN>
    <NAT>65,000000</NAT>
    <CNOR>60,270000</CNOR>
    <CSUD>74,980000</CSUD>
    <NORD>60,270000</NORD>
    <SARD>74,980000</SARD>
    <SICI>74,980000</SICI>
    <SUD>74,980000</SUD>
    <AUST>60,270000</AUST>
    <BRNN>74,980000</BRNN>
    <COAC>74,980000</COAC>
    <CORS>74,980000</CORS>
    <FOGN>74,980000</FOGN>
    <FRAN>60,270000</FRAN>
    <GREC>74,980000</GREC>
    <MFTV>60,270000</MFTV>
    <PRGP>74,980000</PRGP>
    <ROSN>74,980000</ROSN>
    <SLOV>60,270000</SLOV>
    <SVIZ>60,270000</SVIZ>
    <BSP>60,270000</BSP>
    <MALT>74,980000</MALT>
    <XAUS>60,270000</XAUS>
    <XFRA>60,270000</XFRA>
  </Prezzi>
  <Prezzi>
    <Data>20180422</Data>
    <Mercato>MGP</Mercato>
    <Ora>21</Ora>
    <PUN>77,544930</PUN>
    <NAT>76,460000</NAT>
    <CNOR>76,460000</CNOR>
    <CSUD>76,460000</CSUD>
    <NORD>76,460000</NORD>
    <SARD>76,460000</SARD>
    <SICI>92,500000</SICI>
    <SUD>76,460000</SUD>
    <AUST>76,460000</AUST>
    <BRNN>76,460000</BRNN>
    <COAC>76,460000</COAC>
    <CORS>76,460000</CORS>
    <FOGN>76,460000</FOGN>
    <FRAN>76,460000</FRAN>
    <GREC>76,460000</GREC>
    <MFTV>76,460000</MFTV>
    <PRGP>92,500000</PRGP>
    <ROSN>76,460000</ROSN>
    <SLOV>76,460000</SLOV>
    <SVIZ>76,460000</SVIZ>
    <BSP>76,460000</BSP>
    <MALT>92,500000</MALT>
    <XAUS>76,460000</XAUS>
    <XFRA>76,460000</XFRA>
  </Prezzi>
  <Prezzi>
    <Data>20180422</Data>
    <Mercato>MGP</Mercato>
    <Ora>22</Ora>
    <PUN>76,098500</PUN>
    <NAT>75,320000</NAT>
    <CNOR>75,000000</CNOR>
    <CSUD>75,320000</CSUD>
    <NORD>75,000000</NORD>
    <SARD>75,320000</SARD>
    <SICI>90,000000</SICI>
    <SUD>75,320000</SUD>
    <AUST>75,000000</AUST>
    <BRNN>75,320000</BRNN>
    <COAC>75,320000</COAC>
    <CORS>75,320000</CORS>
    <FOGN>75,320000</FOGN>
    <FRAN>75,000000</FRAN>
    <GREC>75,320000</GREC>
    <MFTV>75,000000</MFTV>
    <PRGP>90,000000</PRGP>
    <ROSN>75,320000</ROSN>
    <SLOV>75,000000</SLOV>
    <SVIZ>75,000000</SVIZ>
    <BSP>75,000000</BSP>
    <MALT>90,000000</MALT>
    <XAUS>75,000000</XAUS>
    <XFRA>75,000000</XFRA>
  </Prezzi>
  <Prezzi>
    <Data>20180422</Data>
    <Mercato>MGP</Mercato>
    <Ora>23</Ora>
    <PUN>61,697180</PUN>
    <NAT>60,270000</NAT>
    <CNOR>59,110000</CNOR>
    <CSUD>65,000000</CSUD>
    <NORD>59,110000</NORD>
    <SARD>65,000000</SARD>
    <SICI>72,000000</SICI>
    <SUD>65,000000</SUD>
    <AUST>59,110000</AUST>
    <BRNN>65,000000</BRNN>
    <COAC>65,000000</COAC>
    <CORS>65,000000</CORS>
    <FOGN>65,000000</FOGN>
    <FRAN>59,110000</FRAN>
    <GREC>65,000000</GREC>
    <MFTV>59,110000</MFTV>
    <PRGP>72,000000</PRGP>
    <ROSN>65,000000</ROSN>
    <SLOV>59,110000</SLOV>
    <SVIZ>59,110000</SVIZ>
    <BSP>59,110000</BSP>
    <MALT>72,000000</MALT>
    <XAUS>59,110000</XAUS>
    <XFRA>59,110000</XFRA>
  </Prezzi>
  <Prezzi>
    <Data>20180422</Data>
    <Mercato>MGP</Mercato>
    <Ora>24</Ora>
    <PUN>52,587820</PUN>
    <NAT>53,760000</NAT>
    <CNOR>50,000000</CNOR>
    <CSUD>56,370000</CSUD>
    <NORD>50,000000</NORD>
    <SARD>56,370000</SARD>
    <SICI>61,010000</SICI>
    <SUD>56,370000</SUD>
    <AUST>50,000000</AUST>
    <BRNN>56,370000</BRNN>
    <COAC>56,370000</COAC>
    <CORS>56,370000</CORS>
    <FOGN>56,370000</FOGN>
    <FRAN>50,000000</FRAN>
    <GREC>56,370000</GREC>
    <MFTV>50,000000</MFTV>
    <PRGP>61,010000</PRGP>
    <ROSN>56,370000</ROSN>
    <SLOV>50,000000</SLOV>
    <SVIZ>50,000000</SVIZ>
    <BSP>50,000000</BSP>
    <MALT>61,010000</MALT>
    <XAUS>50,000000</XAUS>
    <XFRA>50,000000</XFRA>
  </Prezzi>
</NewDataSet>