<?xml version="1.0" standalone="yes"?>
<NewDataSet>
  <xs:schema id="NewDataSet" xmlns="" xmlns:xs="http://www.w3.org/2001/XMLSchema" xmlns:msdata="urn:schemas-microsoft-com:xml-msdata">
    <xs:element name="NewDataSet" msdata:IsDataSet="true" msdata:UseCurrentLocale="true">
      <xs:complexType>
        <xs:choice minOccurs="0" maxOccurs="unbounded">
          <xs:element name="Prezzi">
            <xs:complexType>
              <xs:sequence>
                <xs:element name="Data" type="xs:string" minOccurs="0" />
                <xs:element name="Mercato" type="xs:string" minOccurs="0" />
                <xs:element name="Ora" type="xs:string" minOccurs="0" />
                <xs:element name="PUN" type="xs:string" minOccurs="0" />
                <xs:element name="NAT" type="xs:string" minOccurs="0" />
                <xs:element name="CNOR" type="xs:string" minOccurs="0" />
                <xs:element name="CSUD" type="xs:string" minOccurs="0" />
                <xs:element name="NORD" type="xs:string" minOccurs="0" />
                <xs:element name="SARD" type="xs:string" minOccurs="0" />
                <xs:element name="SICI" type="xs:string" minOccurs="0" />
                <xs:element name="SUD" type="xs:string" minOccurs="0" />
                <xs:element name="AUST" type="xs:string" minOccurs="0" />
                <xs:element name="BRNN" type="xs:string" minOccurs="0" />
                <xs:element name="COAC" type="xs:string" minOccurs="0" />
                <xs:element name="CORS" type="xs:string" minOccurs="0" />
                <xs:element name="FOGN" type="xs:string" minOccurs="0" />
                <xs:element name="FRAN" type="xs:string" minOccurs="0" />
                <xs:element name="GREC" type="xs:string" minOccurs="0" />
                <xs:element name="MFTV" type="xs:string" minOccurs="0" />
                <xs:element name="PRGP" type="xs:string" minOccurs="0" />
                <xs:element name="ROSN" type="xs:string" minOccurs="0" />
                <xs:element name="SLOV" type="xs:string" minOccurs="0" />
                <xs:element name="SVIZ" type="xs:string" minOccurs="0" />
                <xs:element name="BSP" type="xs:string" minOccurs="0" />
                <xs:element name="MALT" type="xs:string" minOccurs="0" />
                <xs:element name="XAUS" type="xs:string" minOccurs="0" />
                <xs:element name="XFRA" type="xs:string" minOccurs="0" />
              </xs:sequence>
            </xs:complexType>
          </xs:element>
        </xs:choice>
      </xs:complexType>
    </xs:element>
  </xs:schema>
  <Prezzi>
    <Data>20180425</Data>
    <Mercato>MGP</Mercato>
    <Ora>1</Ora>
    <PUN>45,045740</PUN>
    <NAT>46,210000</NAT>
    <CNOR>42,920000</CNOR>
    <CSUD>49,100000</CSUD>
    <NORD>42,920000</NORD>
    <SARD>49,100000</SARD>
    <SICI>49,100000</SICI>
    <SUD>49,100000</SUD>
    <AUST>42,920000</AUST>
    <BRNN>49,100000</BRNN>
    <COAC>49,100000</COAC>
    <CORS>49,100000</CORS>
    <FOGN>49,100000</FOGN>
    <FRAN>42,920000</FRAN>
    <GREC>49,100000</GREC>
    <MFTV>42,920000</MFTV>
    <PRGP>49,100000</PRGP>
    <ROSN>49,100000</ROSN>
    <SLOV>42,920000</SLOV>
    <SVIZ>42,920000</SVIZ>
    <BSP>42,920000</BSP>
    <MALT>49,100000</MALT>
    <XAUS>42,920000</XAUS>
    <XFRA>42,920000</XFRA>
  </Prezzi>
  <Prezzi>
    <Data>20180425</Data>
    <Mercato>MGP</Mercato>
    <Ora>2</Ora>
    <PUN>38,019490</PUN>
    <NAT>42,350000</NAT>
    <CNOR>32,900000</CNOR>
    <CSUD>47,940000</CSUD>
    <NORD>32,900000</NORD>
    <SARD>47,940000</SARD>
    <SICI>47,940000</SICI>
    <SUD>47,940000</SUD>
    <AUST>32,900000</AUST>
    <BRNN>47,940000</BRNN>
    <COAC>47,940000</COAC>
    <CORS>47,940000</CORS>
    <FOGN>47,940000</FOGN>
    <FRAN>32,900000</FRAN>
    <GREC>47,940000</GREC>
    <MFTV>32,900000</MFTV>
    <PRGP>47,940000</PRGP>
    <ROSN>47,940000</ROSN>
    <SLOV>32,900000</SLOV>
    <SVIZ>32,900000</SVIZ>
    <BSP>32,900000</BSP>
    <MALT>47,940000</MALT>
    <XAUS>32,900000</XAUS>
    <XFRA>32,900000</XFRA>
  </Prezzi>
  <Prezzi>
    <Data>20180425</Data>
    <Mercato>MGP</Mercato>
    <Ora>3</Ora>
    <PUN>35,433380</PUN>
    <NAT>36,130000</NAT>
    <CNOR>29,510000</CNOR>
    <CSUD>47,000000</CSUD>
    <NORD>29,510000</NORD>
    <SARD>47,000000</SARD>
    <SICI>47,000000</SICI>
    <SUD>47,000000</SUD>
    <AUST>29,510000</AUST>
    <BRNN>47,000000</BRNN>
    <COAC>47,000000</COAC>
    <CORS>47,000000</CORS>
    <FOGN>47,000000</FOGN>
    <FRAN>29,510000</FRAN>
    <GREC>47,000000</GREC>
    <MFTV>29,510000</MFTV>
    <PRGP>47,000000</PRGP>
    <ROSN>47,000000</ROSN>
    <SLOV>29,510000</SLOV>
    <SVIZ>29,510000</SVIZ>
    <BSP>29,510000</BSP>
    <MALT>47,000000</MALT>
    <XAUS>29,510000</XAUS>
    <XFRA>29,510000</XFRA>
  </Prezzi>
  <Prezzi>
    <Data>20180425</Data>
    <Mercato>MGP</Mercato>
    <Ora>4</Ora>
    <PUN>34,849120</PUN>
    <NAT>30,000000</NAT>
    <CNOR>29,010000</CNOR>
    <CSUD>46,380000</CSUD>
    <NORD>29,010000</NORD>
    <SARD>46,380000</SARD>
    <SICI>46,380000</SICI>
    <SUD>46,380000</SUD>
    <AUST>29,010000</AUST>
    <BRNN>46,380000</BRNN>
    <COAC>46,380000</COAC>
    <CORS>46,380000</CORS>
    <FOGN>46,380000</FOGN>
    <FRAN>29,010000</FRAN>
    <GREC>46,380000</GREC>
    <MFTV>29,010000</MFTV>
    <PRGP>46,380000</PRGP>
    <ROSN>46,380000</ROSN>
    <SLOV>29,010000</SLOV>
    <SVIZ>29,010000</SVIZ>
    <BSP>29,010000</BSP>
    <MALT>46,380000</MALT>
    <XAUS>29,010000</XAUS>
    <XFRA>29,010000</XFRA>
  </Prezzi>
  <Prezzi>
    <Data>20180425</Data>
    <Mercato>MGP</Mercato>
    <Ora>5</Ora>
    <PUN>43,265180</PUN>
    <NAT>42,350000</NAT>
    <CNOR>41,780000</CNOR>
    <CSUD>46,200000</CSUD>
    <NORD>41,780000</NORD>
    <SARD>46,200000</SARD>
    <SICI>46,200000</SICI>
    <SUD>46,200000</SUD>
    <AUST>41,780000</AUST>
    <BRNN>46,200000</BRNN>
    <COAC>46,200000</COAC>
    <CORS>46,200000</CORS>
    <FOGN>46,200000</FOGN>
    <FRAN>41,780000</FRAN>
    <GREC>46,200000</GREC>
    <MFTV>41,780000</MFTV>
    <PRGP>46,200000</PRGP>
    <ROSN>46,200000</ROSN>
    <SLOV>41,780000</SLOV>
    <SVIZ>41,780000</SVIZ>
    <BSP>41,780000</BSP>
    <MALT>46,200000</MALT>
    <XAUS>41,780000</XAUS>
    <XFRA>41,780000</XFRA>
  </Prezzi>
  <Prezzi>
    <Data>20180425</Data>
    <Mercato>MGP</Mercato>
    <Ora>6</Ora>
    <PUN>47,590000</PUN>
    <NAT>47,590000</NAT>
    <CNOR>47,590000</CNOR>
    <CSUD>47,590000</CSUD>
    <NORD>47,590000</NORD>
    <SARD>47,590000</SARD>
    <SICI>47,590000</SICI>
    <SUD>47,590000</SUD>
    <AUST>47,590000</AUST>
    <BRNN>47,590000</BRNN>
    <COAC>47,590000</COAC>
    <CORS>47,590000</CORS>
    <FOGN>47,590000</FOGN>
    <FRAN>47,590000</FRAN>
    <GREC>47,590000</GREC>
    <MFTV>47,590000</MFTV>
    <PRGP>47,590000</PRGP>
    <ROSN>47,590000</ROSN>
    <SLOV>47,590000</SLOV>
    <SVIZ>47,590000</SVIZ>
    <BSP>47,590000</BSP>
    <MALT>47,590000</MALT>
    <XAUS>47,590000</XAUS>
    <XFRA>47,590000</XFRA>
  </Prezzi>
  <Prezzi>
    <Data>20180425</Data>
    <Mercato>MGP</Mercato>
    <Ora>7</Ora>
    <PUN>46,830000</PUN>
    <NAT>46,830000</NAT>
    <CNOR>46,830000</CNOR>
    <CSUD>46,830000</CSUD>
    <NORD>46,830000</NORD>
    <SARD>46,830000</SARD>
    <SICI>46,830000</SICI>
    <SUD>46,830000</SUD>
    <AUST>46,830000</AUST>
    <BRNN>46,830000</BRNN>
    <COAC>46,830000</COAC>
    <CORS>46,830000</CORS>
    <FOGN>46,830000</FOGN>
    <FRAN>46,830000</FRAN>
    <GREC>46,830000</GREC>
    <MFTV>46,830000</MFTV>
    <PRGP>46,830000</PRGP>
    <ROSN>46,830000</ROSN>
    <SLOV>46,830000</SLOV>
    <SVIZ>46,830000</SVIZ>
    <BSP>46,830000</BSP>
    <MALT>46,830000</MALT>
    <XAUS>46,830000</XAUS>
    <XFRA>46,830000</XFRA>
  </Prezzi>
  <Prezzi>
    <Data>20180425</Data>
    <Mercato>MGP</Mercato>
    <Ora>8</Ora>
    <PUN>48,110000</PUN>
    <NAT>48,110000</NAT>
    <CNOR>48,110000</CNOR>
    <CSUD>48,110000</CSUD>
    <NORD>48,110000</NORD>
    <SARD>48,110000</SARD>
    <SICI>48,110000</SICI>
    <SUD>48,110000</SUD>
    <AUST>48,110000</AUST>
    <BRNN>48,110000</BRNN>
    <COAC>48,110000</COAC>
    <CORS>48,110000</CORS>
    <FOGN>48,110000</FOGN>
    <FRAN>48,110000</FRAN>
    <GREC>48,110000</GREC>
    <MFTV>48,110000</MFTV>
    <PRGP>48,110000</PRGP>
    <ROSN>48,110000</ROSN>
    <SLOV>48,110000</SLOV>
    <SVIZ>48,110000</SVIZ>
    <BSP>48,110000</BSP>
    <MALT>48,110000</MALT>
    <XAUS>48,110000</XAUS>
    <XFRA>48,110000</XFRA>
  </Prezzi>
  <Prezzi>
    <Data>20180425</Data>
    <Mercato>MGP</Mercato>
    <Ora>9</Ora>
    <PUN>46,670000</PUN>
    <NAT>46,670000</NAT>
    <CNOR>46,670000</CNOR>
    <CSUD>46,670000</CSUD>
    <NORD>46,670000</NORD>
    <SARD>46,670000</SARD>
    <SICI>46,670000</SICI>
    <SUD>46,670000</SUD>
    <AUST>46,670000</AUST>
    <BRNN>46,670000</BRNN>
    <COAC>46,670000</COAC>
    <CORS>46,670000</CORS>
    <FOGN>46,670000</FOGN>
    <FRAN>46,670000</FRAN>
    <GREC>46,670000</GREC>
    <MFTV>46,670000</MFTV>
    <PRGP>46,670000</PRGP>
    <ROSN>46,670000</ROSN>
    <SLOV>46,670000</SLOV>
    <SVIZ>46,670000</SVIZ>
    <BSP>46,670000</BSP>
    <MALT>46,670000</MALT>
    <XAUS>46,670000</XAUS>
    <XFRA>46,670000</XFRA>
  </Prezzi>
  <Prezzi>
    <Data>20180425</Data>
    <Mercato>MGP</Mercato>
    <Ora>10</Ora>
    <PUN>45,540000</PUN>
    <NAT>45,540000</NAT>
    <CNOR>45,540000</CNOR>
    <CSUD>45,540000</CSUD>
    <NORD>45,540000</NORD>
    <SARD>45,540000</SARD>
    <SICI>45,540000</SICI>
    <SUD>45,540000</SUD>
    <AUST>45,540000</AUST>
    <BRNN>45,540000</BRNN>
    <COAC>45,540000</COAC>
    <CORS>45,540000</CORS>
    <FOGN>45,540000</FOGN>
    <FRAN>45,540000</FRAN>
    <GREC>45,540000</GREC>
    <MFTV>45,540000</MFTV>
    <PRGP>45,540000</PRGP>
    <ROSN>45,540000</ROSN>
    <SLOV>45,540000</SLOV>
    <SVIZ>45,540000</SVIZ>
    <BSP>45,540000</BSP>
    <MALT>45,540000</MALT>
    <XAUS>45,540000</XAUS>
    <XFRA>45,540000</XFRA>
  </Prezzi>
  <Prezzi>
    <Data>20180425</Data>
    <Mercato>MGP</Mercato>
    <Ora>11</Ora>
    <PUN>42,620000</PUN>
    <NAT>42,620000</NAT>
    <CNOR>42,620000</CNOR>
    <CSUD>42,620000</CSUD>
    <NORD>42,620000</NORD>
    <SARD>42,620000</SARD>
    <SICI>42,620000</SICI>
    <SUD>42,620000</SUD>
    <AUST>42,620000</AUST>
    <BRNN>42,620000</BRNN>
    <COAC>42,620000</COAC>
    <CORS>42,620000</CORS>
    <FOGN>42,620000</FOGN>
    <FRAN>42,620000</FRAN>
    <GREC>42,620000</GREC>
    <MFTV>42,620000</MFTV>
    <PRGP>42,620000</PRGP>
    <ROSN>42,620000</ROSN>
    <SLOV>42,620000</SLOV>
    <SVIZ>42,620000</SVIZ>
    <BSP>42,620000</BSP>
    <MALT>42,620000</MALT>
    <XAUS>42,620000</XAUS>
    <XFRA>42,620000</XFRA>
  </Prezzi>
  <Prezzi>
    <Data>20180425</Data>
    <Mercato>MGP</Mercato>
    <Ora>12</Ora>
    <PUN>32,900000</PUN>
    <NAT>32,900000</NAT>
    <CNOR>32,900000</CNOR>
    <CSUD>32,900000</CSUD>
    <NORD>32,900000</NORD>
    <SARD>32,900000</SARD>
    <SICI>32,900000</SICI>
    <SUD>32,900000</SUD>
    <AUST>32,900000</AUST>
    <BRNN>32,900000</BRNN>
    <COAC>32,900000</COAC>
    <CORS>32,900000</CORS>
    <FOGN>32,900000</FOGN>
    <FRAN>32,900000</FRAN>
    <GREC>32,900000</GREC>
    <MFTV>32,900000</MFTV>
    <PRGP>32,900000</PRGP>
    <ROSN>32,900000</ROSN>
    <SLOV>32,900000</SLOV>
    <SVIZ>32,900000</SVIZ>
    <BSP>32,900000</BSP>
    <MALT>32,900000</MALT>
    <XAUS>32,900000</XAUS>
    <XFRA>32,900000</XFRA>
  </Prezzi>
  <Prezzi>
    <Data>20180425</Data>
    <Mercato>MGP</Mercato>
    <Ora>13</Ora>
    <PUN>31,145240</PUN>
    <NAT>31,640000</NAT>
    <CNOR>31,145240</CNOR>
    <CSUD>31,145240</CSUD>
    <NORD>31,145240</NORD>
    <SARD>31,145240</SARD>
    <SICI>31,145240</SICI>
    <SUD>31,145240</SUD>
    <AUST>31,145240</AUST>
    <BRNN>31,145240</BRNN>
    <COAC>31,145240</COAC>
    <CORS>31,145240</CORS>
    <FOGN>31,145240</FOGN>
    <FRAN>31,145240</FRAN>
    <GREC>31,145240</GREC>
    <MFTV>31,145240</MFTV>
    <PRGP>31,145240</PRGP>
    <ROSN>31,145240</ROSN>
    <SLOV>31,145240</SLOV>
    <SVIZ>31,145240</SVIZ>
    <BSP>31,145240</BSP>
    <MALT>31,145240</MALT>
    <XAUS>31,145240</XAUS>
    <XFRA>31,145240</XFRA>
  </Prezzi>
  <Prezzi>
    <Data>20180425</Data>
    <Mercato>MGP</Mercato>
    <Ora>14</Ora>
    <PUN>25,348020</PUN>
    <NAT>25,300000</NAT>
    <CNOR>25,348020</CNOR>
    <CSUD>25,348020</CSUD>
    <NORD>25,348020</NORD>
    <SARD>25,348020</SARD>
    <SICI>25,348020</SICI>
    <SUD>25,348020</SUD>
    <AUST>25,348020</AUST>
    <BRNN>25,348020</BRNN>
    <COAC>25,348020</COAC>
    <CORS>25,348020</CORS>
    <FOGN>25,348020</FOGN>
    <FRAN>25,348020</FRAN>
    <GREC>25,348020</GREC>
    <MFTV>25,348020</MFTV>
    <PRGP>25,348020</PRGP>
    <ROSN>25,348020</ROSN>
    <SLOV>25,348020</SLOV>
    <SVIZ>25,348020</SVIZ>
    <BSP>25,348020</BSP>
    <MALT>25,348020</MALT>
    <XAUS>25,348020</XAUS>
    <XFRA>25,348020</XFRA>
  </Prezzi>
  <Prezzi>
    <Data>20180425</Data>
    <Mercato>MGP</Mercato>
    <Ora>15</Ora>
    <PUN>22,070000</PUN>
    <NAT>22,070000</NAT>
    <CNOR>22,070000</CNOR>
    <CSUD>22,070000</CSUD>
    <NORD>22,070000</NORD>
    <SARD>22,070000</SARD>
    <SICI>22,070000</SICI>
    <SUD>22,070000</SUD>
    <AUST>22,070000</AUST>
    <BRNN>22,070000</BRNN>
    <COAC>22,070000</COAC>
    <CORS>22,070000</CORS>
    <FOGN>22,070000</FOGN>
    <FRAN>22,070000</FRAN>
    <GREC>22,070000</GREC>
    <MFTV>22,070000</MFTV>
    <PRGP>22,070000</PRGP>
    <ROSN>22,070000</ROSN>
    <SLOV>22,070000</SLOV>
    <SVIZ>22,070000</SVIZ>
    <BSP>22,070000</BSP>
    <MALT>22,070000</MALT>
    <XAUS>22,070000</XAUS>
    <XFRA>22,070000</XFRA>
  </Prezzi>
  <Prezzi>
    <Data>20180425</Data>
    <Mercato>MGP</Mercato>
    <Ora>16</Ora>
    <PUN>21,276570</PUN>
    <NAT>22,210000</NAT>
    <CNOR>21,276570</CNOR>
    <CSUD>21,276570</CSUD>
    <NORD>21,276570</NORD>
    <SARD>21,276570</SARD>
    <SICI>21,276570</SICI>
    <SUD>21,276570</SUD>
    <AUST>21,276570</AUST>
    <BRNN>21,276570</BRNN>
    <COAC>21,276570</COAC>
    <CORS>21,276570</CORS>
    <FOGN>21,276570</FOGN>
    <FRAN>21,276570</FRAN>
    <GREC>21,276570</GREC>
    <MFTV>21,276570</MFTV>
    <PRGP>21,276570</PRGP>
    <ROSN>21,276570</ROSN>
    <SLOV>21,276570</SLOV>
    <SVIZ>21,276570</SVIZ>
    <BSP>21,276570</BSP>
    <MALT>21,276570</MALT>
    <XAUS>21,276570</XAUS>
    <XFRA>21,276570</XFRA>
  </Prezzi>
  <Prezzi>
    <Data>20180425</Data>
    <Mercato>MGP</Mercato>
    <Ora>17</Ora>
    <PUN>25,800000</PUN>
    <NAT>25,800000</NAT>
    <CNOR>25,800000</CNOR>
    <CSUD>25,800000</CSUD>
    <NORD>25,800000</NORD>
    <SARD>25,800000</SARD>
    <SICI>25,800000</SICI>
    <SUD>25,800000</SUD>
    <AUST>25,800000</AUST>
    <BRNN>25,800000</BRNN>
    <COAC>25,800000</COAC>
    <CORS>25,800000</CORS>
    <FOGN>25,800000</FOGN>
    <FRAN>25,800000</FRAN>
    <GREC>25,800000</GREC>
    <MFTV>25,800000</MFTV>
    <PRGP>25,800000</PRGP>
    <ROSN>25,800000</ROSN>
    <SLOV>25,800000</SLOV>
    <SVIZ>25,800000</SVIZ>
    <BSP>25,800000</BSP>
    <MALT>25,800000</MALT>
    <XAUS>25,800000</XAUS>
    <XFRA>25,800000</XFRA>
  </Prezzi>
  <Prezzi>
    <Data>20180425</Data>
    <Mercato>MGP</Mercato>
    <Ora>18</Ora>
    <PUN>27,000000</PUN>
    <NAT>27,000000</NAT>
    <CNOR>27,000000</CNOR>
    <CSUD>27,000000</CSUD>
    <NORD>27,000000</NORD>
    <SARD>27,000000</SARD>
    <SICI>27,000000</SICI>
    <SUD>27,000000</SUD>
    <AUST>27,000000</AUST>
    <BRNN>27,000000</BRNN>
    <COAC>27,000000</COAC>
    <CORS>27,000000</CORS>
    <FOGN>27,000000</FOGN>
    <FRAN>27,000000</FRAN>
    <GREC>27,000000</GREC>
    <MFTV>27,000000</MFTV>
    <PRGP>27,000000</PRGP>
    <ROSN>27,000000</ROSN>
    <SLOV>27,000000</SLOV>
    <SVIZ>27,000000</SVIZ>
    <BSP>27,000000</BSP>
    <MALT>27,000000</MALT>
    <XAUS>27,000000</XAUS>
    <XFRA>27,000000</XFRA>
  </Prezzi>
  <Prezzi>
    <Data>20180425</Data>
    <Mercato>MGP</Mercato>
    <Ora>19</Ora>
    <PUN>46,940000</PUN>
    <NAT>46,940000</NAT>
    <CNOR>46,940000</CNOR>
    <CSUD>46,940000</CSUD>
    <NORD>46,940000</NORD>
    <SARD>46,940000</SARD>
    <SICI>46,940000</SICI>
    <SUD>46,940000</SUD>
    <AUST>46,940000</AUST>
    <BRNN>46,940000</BRNN>
    <COAC>46,940000</COAC>
    <CORS>46,940000</CORS>
    <FOGN>46,940000</FOGN>
    <FRAN>46,940000</FRAN>
    <GREC>46,940000</GREC>
    <MFTV>46,940000</MFTV>
    <PRGP>46,940000</PRGP>
    <ROSN>46,940000</ROSN>
    <SLOV>46,940000</SLOV>
    <SVIZ>46,940000</SVIZ>
    <BSP>46,940000</BSP>
    <MALT>46,940000</MALT>
    <XAUS>46,940000</XAUS>
    <XFRA>46,940000</XFRA>
  </Prezzi>
  <Prezzi>
    <Data>20180425</Data>
    <Mercato>MGP</Mercato>
    <Ora>20</Ora>
    <PUN>54,781460</PUN>
    <NAT>54,230000</NAT>
    <CNOR>54,230000</CNOR>
    <CSUD>54,230000</CSUD>
    <NORD>54,230000</NORD>
    <SARD>54,230000</SARD>
    <SICI>62,930000</SICI>
    <SUD>54,230000</SUD>
    <AUST>54,230000</AUST>
    <BRNN>54,230000</BRNN>
    <COAC>54,230000</COAC>
    <CORS>54,230000</CORS>
    <FOGN>54,230000</FOGN>
    <FRAN>54,230000</FRAN>
    <GREC>54,230000</GREC>
    <MFTV>54,230000</MFTV>
    <PRGP>62,930000</PRGP>
    <ROSN>54,230000</ROSN>
    <SLOV>54,230000</SLOV>
    <SVIZ>54,230000</SVIZ>
    <BSP>54,230000</BSP>
    <MALT>62,930000</MALT>
    <XAUS>54,230000</XAUS>
    <XFRA>54,230000</XFRA>
  </Prezzi>
  <Prezzi>
    <Data>20180425</Data>
    <Mercato>MGP</Mercato>
    <Ora>21</Ora>
    <PUN>63,353350</PUN>
    <NAT>62,430000</NAT>
    <CNOR>61,790000</CNOR>
    <CSUD>61,790000</CSUD>
    <NORD>61,790000</NORD>
    <SARD>61,790000</SARD>
    <SICI>84,990000</SICI>
    <SUD>61,790000</SUD>
    <AUST>61,790000</AUST>
    <BRNN>61,790000</BRNN>
    <COAC>61,790000</COAC>
    <CORS>61,790000</CORS>
    <FOGN>61,790000</FOGN>
    <FRAN>61,790000</FRAN>
    <GREC>61,790000</GREC>
    <MFTV>61,790000</MFTV>
    <PRGP>84,990000</PRGP>
    <ROSN>61,790000</ROSN>
    <SLOV>61,790000</SLOV>
    <SVIZ>61,790000</SVIZ>
    <BSP>61,790000</BSP>
    <MALT>84,990000</MALT>
    <XAUS>61,790000</XAUS>
    <XFRA>61,790000</XFRA>
  </Prezzi>
  <Prezzi>
    <Data>20180425</Data>
    <Mercato>MGP</Mercato>
    <Ora>22</Ora>
    <PUN>61,333780</PUN>
    <NAT>60,000000</NAT>
    <CNOR>59,900000</CNOR>
    <CSUD>59,900000</CSUD>
    <NORD>59,900000</NORD>
    <SARD>59,900000</SARD>
    <SICI>81,230000</SICI>
    <SUD>59,900000</SUD>
    <AUST>59,900000</AUST>
    <BRNN>59,900000</BRNN>
    <COAC>59,900000</COAC>
    <CORS>59,900000</CORS>
    <FOGN>59,900000</FOGN>
    <FRAN>59,900000</FRAN>
    <GREC>59,900000</GREC>
    <MFTV>59,900000</MFTV>
    <PRGP>81,230000</PRGP>
    <ROSN>59,900000</ROSN>
    <SLOV>59,900000</SLOV>
    <SVIZ>59,900000</SVIZ>
    <BSP>59,900000</BSP>
    <MALT>81,230000</MALT>
    <XAUS>59,900000</XAUS>
    <XFRA>59,900000</XFRA>
  </Prezzi>
  <Prezzi>
    <Data>20180425</Data>
    <Mercato>MGP</Mercato>
    <Ora>23</Ora>
    <PUN>55,684010</PUN>
    <NAT>55,610000</NAT>
    <CNOR>55,160000</CNOR>
    <CSUD>55,160000</CSUD>
    <NORD>55,160000</NORD>
    <SARD>55,160000</SARD>
    <SICI>62,930000</SICI>
    <SUD>55,160000</SUD>
    <AUST>55,160000</AUST>
    <BRNN>55,160000</BRNN>
    <COAC>55,160000</COAC>
    <CORS>55,160000</CORS>
    <FOGN>55,160000</FOGN>
    <FRAN>55,160000</FRAN>
    <GREC>55,160000</GREC>
    <MFTV>55,160000</MFTV>
    <PRGP>62,930000</PRGP>
    <ROSN>55,160000</ROSN>
    <SLOV>55,160000</SLOV>
    <SVIZ>55,160000</SVIZ>
    <BSP>55,160000</BSP>
    <MALT>62,930000</MALT>
    <XAUS>55,160000</XAUS>
    <XFRA>55,160000</XFRA>
  </Prezzi>
  <Prezzi>
    <Data>20180425</Data>
    <Mercato>MGP</Mercato>
    <Ora>24</Ora>
    <PUN>49,010000</PUN>
    <NAT>49,010000</NAT>
    <CNOR>49,010000</CNOR>
    <CSUD>49,010000</CSUD>
    <NORD>49,010000</NORD>
    <SARD>49,010000</SARD>
    <SICI>49,010000</SICI>
    <SUD>49,010000</SUD>
    <AUST>49,010000</AUST>
    <BRNN>49,010000</BRNN>
    <COAC>49,010000</COAC>
    <CORS>49,010000</CORS>
    <FOGN>49,010000</FOGN>
    <FRAN>49,010000</FRAN>
    <GREC>49,010000</GREC>
    <MFTV>49,010000</MFTV>
    <PRGP>49,010000</PRGP>
    <ROSN>49,010000</ROSN>
    <SLOV>49,010000</SLOV>
    <SVIZ>49,010000</SVIZ>
    <BSP>49,010000</BSP>
    <MALT>49,010000</MALT>
    <XAUS>49,010000</XAUS>
    <XFRA>49,010000</XFRA>
  </Prezzi>
</NewDataSet>