<?xml version="1.0" standalone="yes"?>
<NewDataSet>
  <xs:schema id="NewDataSet" xmlns="" xmlns:xs="http://www.w3.org/2001/XMLSchema" xmlns:msdata="urn:schemas-microsoft-com:xml-msdata">
    <xs:element name="NewDataSet" msdata:IsDataSet="true" msdata:UseCurrentLocale="true">
      <xs:complexType>
        <xs:choice minOccurs="0" maxOccurs="unbounded">
          <xs:element name="Prezzi">
            <xs:complexType>
              <xs:sequence>
                <xs:element name="Data" type="xs:string" minOccurs="0" />
                <xs:element name="Mercato" type="xs:string" minOccurs="0" />
                <xs:element name="Ora" type="xs:string" minOccurs="0" />
                <xs:element name="PUN" type="xs:string" minOccurs="0" />
                <xs:element name="NAT" type="xs:string" minOccurs="0" />
                <xs:element name="CNOR" type="xs:string" minOccurs="0" />
                <xs:element name="CSUD" type="xs:string" minOccurs="0" />
                <xs:element name="NORD" type="xs:string" minOccurs="0" />
                <xs:element name="SARD" type="xs:string" minOccurs="0" />
                <xs:element name="SICI" type="xs:string" minOccurs="0" />
                <xs:element name="SUD" type="xs:string" minOccurs="0" />
                <xs:element name="AUST" type="xs:string" minOccurs="0" />
                <xs:element name="BRNN" type="xs:string" minOccurs="0" />
                <xs:element name="COAC" type="xs:string" minOccurs="0" />
                <xs:element name="CORS" type="xs:string" minOccurs="0" />
                <xs:element name="FOGN" type="xs:string" minOccurs="0" />
                <xs:element name="FRAN" type="xs:string" minOccurs="0" />
                <xs:element name="GREC" type="xs:string" minOccurs="0" />
                <xs:element name="MFTV" type="xs:string" minOccurs="0" />
                <xs:element name="PRGP" type="xs:string" minOccurs="0" />
                <xs:element name="ROSN" type="xs:string" minOccurs="0" />
                <xs:element name="SLOV" type="xs:string" minOccurs="0" />
                <xs:element name="SVIZ" type="xs:string" minOccurs="0" />
                <xs:element name="BSP" type="xs:string" minOccurs="0" />
                <xs:element name="MALT" type="xs:string" minOccurs="0" />
                <xs:element name="XAUS" type="xs:string" minOccurs="0" />
                <xs:element name="XFRA" type="xs:string" minOccurs="0" />
              </xs:sequence>
            </xs:complexType>
          </xs:element>
        </xs:choice>
      </xs:complexType>
    </xs:element>
  </xs:schema>
  <Prezzi>
    <Data>20180423</Data>
    <Mercato>MGP</Mercato>
    <Ora>1</Ora>
    <PUN>47,423330</PUN>
    <NAT>48,470000</NAT>
    <CNOR>40,020000</CNOR>
    <CSUD>61,010000</CSUD>
    <NORD>40,020000</NORD>
    <SARD>61,010000</SARD>
    <SICI>61,010000</SICI>
    <SUD>61,010000</SUD>
    <AUST>40,020000</AUST>
    <BRNN>61,010000</BRNN>
    <COAC>61,010000</COAC>
    <CORS>61,010000</CORS>
    <FOGN>61,010000</FOGN>
    <FRAN>40,020000</FRAN>
    <GREC>61,010000</GREC>
    <MFTV>40,020000</MFTV>
    <PRGP>61,010000</PRGP>
    <ROSN>61,010000</ROSN>
    <SLOV>40,020000</SLOV>
    <SVIZ>40,020000</SVIZ>
    <BSP>40,020000</BSP>
    <MALT>61,010000</MALT>
    <XAUS>40,020000</XAUS>
    <XFRA>40,020000</XFRA>
  </Prezzi>
  <Prezzi>
    <Data>20180423</Data>
    <Mercato>MGP</Mercato>
    <Ora>2</Ora>
    <PUN>36,926300</PUN>
    <NAT>32,600000</NAT>
    <CNOR>29,600000</CNOR>
    <CSUD>50,730000</CSUD>
    <NORD>29,600000</NORD>
    <SARD>50,730000</SARD>
    <SICI>50,730000</SICI>
    <SUD>50,730000</SUD>
    <AUST>29,600000</AUST>
    <BRNN>50,730000</BRNN>
    <COAC>50,730000</COAC>
    <CORS>50,730000</CORS>
    <FOGN>50,730000</FOGN>
    <FRAN>29,600000</FRAN>
    <GREC>50,730000</GREC>
    <MFTV>29,600000</MFTV>
    <PRGP>50,730000</PRGP>
    <ROSN>50,730000</ROSN>
    <SLOV>29,600000</SLOV>
    <SVIZ>29,600000</SVIZ>
    <BSP>29,600000</BSP>
    <MALT>50,730000</MALT>
    <XAUS>29,600000</XAUS>
    <XFRA>29,600000</XFRA>
  </Prezzi>
  <Prezzi>
    <Data>20180423</Data>
    <Mercato>MGP</Mercato>
    <Ora>3</Ora>
    <PUN>36,296670</PUN>
    <NAT>30,820000</NAT>
    <CNOR>29,510000</CNOR>
    <CSUD>49,350000</CSUD>
    <NORD>29,510000</NORD>
    <SARD>49,350000</SARD>
    <SICI>49,350000</SICI>
    <SUD>49,350000</SUD>
    <AUST>29,510000</AUST>
    <BRNN>49,350000</BRNN>
    <COAC>49,350000</COAC>
    <CORS>49,350000</CORS>
    <FOGN>49,350000</FOGN>
    <FRAN>29,510000</FRAN>
    <GREC>49,350000</GREC>
    <MFTV>29,510000</MFTV>
    <PRGP>49,350000</PRGP>
    <ROSN>49,350000</ROSN>
    <SLOV>29,510000</SLOV>
    <SVIZ>29,510000</SVIZ>
    <BSP>29,510000</BSP>
    <MALT>49,350000</MALT>
    <XAUS>29,510000</XAUS>
    <XFRA>29,510000</XFRA>
  </Prezzi>
  <Prezzi>
    <Data>20180423</Data>
    <Mercato>MGP</Mercato>
    <Ora>4</Ora>
    <PUN>36,122020</PUN>
    <NAT>30,520000</NAT>
    <CNOR>29,460000</CNOR>
    <CSUD>49,100000</CSUD>
    <NORD>29,460000</NORD>
    <SARD>49,100000</SARD>
    <SICI>49,100000</SICI>
    <SUD>49,100000</SUD>
    <AUST>29,460000</AUST>
    <BRNN>49,100000</BRNN>
    <COAC>49,100000</COAC>
    <CORS>49,100000</CORS>
    <FOGN>49,100000</FOGN>
    <FRAN>29,460000</FRAN>
    <GREC>49,100000</GREC>
    <MFTV>29,460000</MFTV>
    <PRGP>49,100000</PRGP>
    <ROSN>49,100000</ROSN>
    <SLOV>29,460000</SLOV>
    <SVIZ>29,460000</SVIZ>
    <BSP>29,460000</BSP>
    <MALT>49,100000</MALT>
    <XAUS>29,460000</XAUS>
    <XFRA>29,460000</XFRA>
  </Prezzi>
  <Prezzi>
    <Data>20180423</Data>
    <Mercato>MGP</Mercato>
    <Ora>5</Ora>
    <PUN>36,072670</PUN>
    <NAT>32,600000</NAT>
    <CNOR>29,510000</CNOR>
    <CSUD>49,100000</CSUD>
    <NORD>29,510000</NORD>
    <SARD>49,100000</SARD>
    <SICI>49,100000</SICI>
    <SUD>49,100000</SUD>
    <AUST>29,510000</AUST>
    <BRNN>49,100000</BRNN>
    <COAC>49,100000</COAC>
    <CORS>49,100000</CORS>
    <FOGN>49,100000</FOGN>
    <FRAN>29,510000</FRAN>
    <GREC>49,100000</GREC>
    <MFTV>29,510000</MFTV>
    <PRGP>49,100000</PRGP>
    <ROSN>49,100000</ROSN>
    <SLOV>29,510000</SLOV>
    <SVIZ>29,510000</SVIZ>
    <BSP>29,510000</BSP>
    <MALT>49,100000</MALT>
    <XAUS>29,510000</XAUS>
    <XFRA>29,510000</XFRA>
  </Prezzi>
  <Prezzi>
    <Data>20180423</Data>
    <Mercato>MGP</Mercato>
    <Ora>6</Ora>
    <PUN>37,697900</PUN>
    <NAT>32,680000</NAT>
    <CNOR>29,510000</CNOR>
    <CSUD>54,660000</CSUD>
    <NORD>29,510000</NORD>
    <SARD>54,660000</SARD>
    <SICI>54,660000</SICI>
    <SUD>54,660000</SUD>
    <AUST>29,510000</AUST>
    <BRNN>54,660000</BRNN>
    <COAC>54,660000</COAC>
    <CORS>54,660000</CORS>
    <FOGN>54,660000</FOGN>
    <FRAN>29,510000</FRAN>
    <GREC>54,660000</GREC>
    <MFTV>29,510000</MFTV>
    <PRGP>54,660000</PRGP>
    <ROSN>54,660000</ROSN>
    <SLOV>29,510000</SLOV>
    <SVIZ>29,510000</SVIZ>
    <BSP>29,510000</BSP>
    <MALT>54,660000</MALT>
    <XAUS>29,510000</XAUS>
    <XFRA>29,510000</XFRA>
  </Prezzi>
  <Prezzi>
    <Data>20180423</Data>
    <Mercato>MGP</Mercato>
    <Ora>7</Ora>
    <PUN>46,733590</PUN>
    <NAT>49,100000</NAT>
    <CNOR>39,159720</CNOR>
    <CSUD>63,800000</CSUD>
    <NORD>39,159720</NORD>
    <SARD>63,800000</SARD>
    <SICI>63,800000</SICI>
    <SUD>63,800000</SUD>
    <AUST>39,159720</AUST>
    <BRNN>63,800000</BRNN>
    <COAC>63,800000</COAC>
    <CORS>63,800000</CORS>
    <FOGN>63,800000</FOGN>
    <FRAN>39,159720</FRAN>
    <GREC>63,800000</GREC>
    <MFTV>39,159720</MFTV>
    <PRGP>63,800000</PRGP>
    <ROSN>63,800000</ROSN>
    <SLOV>39,159720</SLOV>
    <SVIZ>39,159720</SVIZ>
    <BSP>39,159720</BSP>
    <MALT>63,800000</MALT>
    <XAUS>39,159720</XAUS>
    <XFRA>39,159720</XFRA>
  </Prezzi>
  <Prezzi>
    <Data>20180423</Data>
    <Mercato>MGP</Mercato>
    <Ora>8</Ora>
    <PUN>58,897830</PUN>
    <NAT>58,340000</NAT>
    <CNOR>55,970000</CNOR>
    <CSUD>76,400000</CSUD>
    <NORD>50,290000</NORD>
    <SARD>76,400000</SARD>
    <SICI>76,400000</SICI>
    <SUD>76,400000</SUD>
    <AUST>50,290000</AUST>
    <BRNN>76,400000</BRNN>
    <COAC>76,400000</COAC>
    <CORS>76,400000</CORS>
    <FOGN>76,400000</FOGN>
    <FRAN>50,290000</FRAN>
    <GREC>76,400000</GREC>
    <MFTV>50,290000</MFTV>
    <PRGP>76,400000</PRGP>
    <ROSN>76,400000</ROSN>
    <SLOV>50,290000</SLOV>
    <SVIZ>50,290000</SVIZ>
    <BSP>50,290000</BSP>
    <MALT>76,400000</MALT>
    <XAUS>50,290000</XAUS>
    <XFRA>50,290000</XFRA>
  </Prezzi>
  <Prezzi>
    <Data>20180423</Data>
    <Mercato>MGP</Mercato>
    <Ora>9</Ora>
    <PUN>63,991840</PUN>
    <NAT>61,010000</NAT>
    <CNOR>59,280000</CNOR>
    <CSUD>74,910000</CSUD>
    <NORD>59,280000</NORD>
    <SARD>74,910000</SARD>
    <SICI>74,910000</SICI>
    <SUD>74,910000</SUD>
    <AUST>59,280000</AUST>
    <BRNN>74,910000</BRNN>
    <COAC>74,910000</COAC>
    <CORS>74,910000</CORS>
    <FOGN>74,910000</FOGN>
    <FRAN>59,280000</FRAN>
    <GREC>74,910000</GREC>
    <MFTV>59,280000</MFTV>
    <PRGP>74,910000</PRGP>
    <ROSN>74,910000</ROSN>
    <SLOV>59,280000</SLOV>
    <SVIZ>59,280000</SVIZ>
    <BSP>59,280000</BSP>
    <MALT>74,910000</MALT>
    <XAUS>59,280000</XAUS>
    <XFRA>59,280000</XFRA>
  </Prezzi>
  <Prezzi>
    <Data>20180423</Data>
    <Mercato>MGP</Mercato>
    <Ora>10</Ora>
    <PUN>59,141670</PUN>
    <NAT>58,330000</NAT>
    <CNOR>58,330000</CNOR>
    <CSUD>61,010000</CSUD>
    <NORD>58,330000</NORD>
    <SARD>61,010000</SARD>
    <SICI>61,010000</SICI>
    <SUD>61,010000</SUD>
    <AUST>58,330000</AUST>
    <BRNN>61,010000</BRNN>
    <COAC>61,010000</COAC>
    <CORS>61,010000</CORS>
    <FOGN>61,010000</FOGN>
    <FRAN>58,330000</FRAN>
    <GREC>61,010000</GREC>
    <MFTV>58,330000</MFTV>
    <PRGP>61,010000</PRGP>
    <ROSN>61,010000</ROSN>
    <SLOV>58,330000</SLOV>
    <SVIZ>58,330000</SVIZ>
    <BSP>58,330000</BSP>
    <MALT>61,010000</MALT>
    <XAUS>58,330000</XAUS>
    <XFRA>58,330000</XFRA>
  </Prezzi>
  <Prezzi>
    <Data>20180423</Data>
    <Mercato>MGP</Mercato>
    <Ora>11</Ora>
    <PUN>50,620000</PUN>
    <NAT>50,620000</NAT>
    <CNOR>50,620000</CNOR>
    <CSUD>50,620000</CSUD>
    <NORD>50,620000</NORD>
    <SARD>50,620000</SARD>
    <SICI>50,620000</SICI>
    <SUD>50,620000</SUD>
    <AUST>50,620000</AUST>
    <BRNN>50,620000</BRNN>
    <COAC>50,620000</COAC>
    <CORS>50,620000</CORS>
    <FOGN>50,620000</FOGN>
    <FRAN>50,620000</FRAN>
    <GREC>50,620000</GREC>
    <MFTV>50,620000</MFTV>
    <PRGP>50,620000</PRGP>
    <ROSN>50,620000</ROSN>
    <SLOV>50,620000</SLOV>
    <SVIZ>50,620000</SVIZ>
    <BSP>50,620000</BSP>
    <MALT>50,620000</MALT>
    <XAUS>50,620000</XAUS>
    <XFRA>50,620000</XFRA>
  </Prezzi>
  <Prezzi>
    <Data>20180423</Data>
    <Mercato>MGP</Mercato>
    <Ora>12</Ora>
    <PUN>49,100000</PUN>
    <NAT>49,100000</NAT>
    <CNOR>49,100000</CNOR>
    <CSUD>49,100000</CSUD>
    <NORD>49,100000</NORD>
    <SARD>49,100000</SARD>
    <SICI>49,100000</SICI>
    <SUD>49,100000</SUD>
    <AUST>49,100000</AUST>
    <BRNN>49,100000</BRNN>
    <COAC>49,100000</COAC>
    <CORS>49,100000</CORS>
    <FOGN>49,100000</FOGN>
    <FRAN>49,100000</FRAN>
    <GREC>49,100000</GREC>
    <MFTV>49,100000</MFTV>
    <PRGP>49,100000</PRGP>
    <ROSN>49,100000</ROSN>
    <SLOV>49,100000</SLOV>
    <SVIZ>49,100000</SVIZ>
    <BSP>49,100000</BSP>
    <MALT>49,100000</MALT>
    <XAUS>49,100000</XAUS>
    <XFRA>49,100000</XFRA>
  </Prezzi>
  <Prezzi>
    <Data>20180423</Data>
    <Mercato>MGP</Mercato>
    <Ora>13</Ora>
    <PUN>36,610000</PUN>
    <NAT>36,610000</NAT>
    <CNOR>36,610000</CNOR>
    <CSUD>36,610000</CSUD>
    <NORD>36,610000</NORD>
    <SARD>36,610000</SARD>
    <SICI>36,610000</SICI>
    <SUD>36,610000</SUD>
    <AUST>36,610000</AUST>
    <BRNN>36,610000</BRNN>
    <COAC>36,610000</COAC>
    <CORS>36,610000</CORS>
    <FOGN>36,610000</FOGN>
    <FRAN>36,610000</FRAN>
    <GREC>36,610000</GREC>
    <MFTV>36,610000</MFTV>
    <PRGP>36,610000</PRGP>
    <ROSN>36,610000</ROSN>
    <SLOV>36,610000</SLOV>
    <SVIZ>36,610000</SVIZ>
    <BSP>36,610000</BSP>
    <MALT>36,610000</MALT>
    <XAUS>36,610000</XAUS>
    <XFRA>36,610000</XFRA>
  </Prezzi>
  <Prezzi>
    <Data>20180423</Data>
    <Mercato>MGP</Mercato>
    <Ora>14</Ora>
    <PUN>35,345320</PUN>
    <NAT>36,000000</NAT>
    <CNOR>35,345320</CNOR>
    <CSUD>35,345320</CSUD>
    <NORD>35,345320</NORD>
    <SARD>35,345320</SARD>
    <SICI>35,345320</SICI>
    <SUD>35,345320</SUD>
    <AUST>35,345320</AUST>
    <BRNN>35,345320</BRNN>
    <COAC>35,345320</COAC>
    <CORS>35,345320</CORS>
    <FOGN>35,345320</FOGN>
    <FRAN>35,345320</FRAN>
    <GREC>35,345320</GREC>
    <MFTV>35,345320</MFTV>
    <PRGP>35,345320</PRGP>
    <ROSN>35,345320</ROSN>
    <SLOV>35,345320</SLOV>
    <SVIZ>35,345320</SVIZ>
    <BSP>35,345320</BSP>
    <MALT>35,345320</MALT>
    <XAUS>35,345320</XAUS>
    <XFRA>35,345320</XFRA>
  </Prezzi>
  <Prezzi>
    <Data>20180423</Data>
    <Mercato>MGP</Mercato>
    <Ora>15</Ora>
    <PUN>42,350000</PUN>
    <NAT>42,350000</NAT>
    <CNOR>42,350000</CNOR>
    <CSUD>42,350000</CSUD>
    <NORD>42,350000</NORD>
    <SARD>42,350000</SARD>
    <SICI>42,350000</SICI>
    <SUD>42,350000</SUD>
    <AUST>42,350000</AUST>
    <BRNN>42,350000</BRNN>
    <COAC>42,350000</COAC>
    <CORS>42,350000</CORS>
    <FOGN>42,350000</FOGN>
    <FRAN>42,350000</FRAN>
    <GREC>42,350000</GREC>
    <MFTV>42,350000</MFTV>
    <PRGP>42,350000</PRGP>
    <ROSN>42,350000</ROSN>
    <SLOV>42,350000</SLOV>
    <SVIZ>42,350000</SVIZ>
    <BSP>42,350000</BSP>
    <MALT>42,350000</MALT>
    <XAUS>42,350000</XAUS>
    <XFRA>42,350000</XFRA>
  </Prezzi>
  <Prezzi>
    <Data>20180423</Data>
    <Mercato>MGP</Mercato>
    <Ora>16</Ora>
    <PUN>49,450000</PUN>
    <NAT>49,450000</NAT>
    <CNOR>49,450000</CNOR>
    <CSUD>49,450000</CSUD>
    <NORD>49,450000</NORD>
    <SARD>49,450000</SARD>
    <SICI>49,450000</SICI>
    <SUD>49,450000</SUD>
    <AUST>49,450000</AUST>
    <BRNN>49,450000</BRNN>
    <COAC>49,450000</COAC>
    <CORS>49,450000</CORS>
    <FOGN>49,450000</FOGN>
    <FRAN>49,450000</FRAN>
    <GREC>49,450000</GREC>
    <MFTV>49,450000</MFTV>
    <PRGP>49,450000</PRGP>
    <ROSN>49,450000</ROSN>
    <SLOV>49,450000</SLOV>
    <SVIZ>49,450000</SVIZ>
    <BSP>49,450000</BSP>
    <MALT>49,450000</MALT>
    <XAUS>49,450000</XAUS>
    <XFRA>49,450000</XFRA>
  </Prezzi>
  <Prezzi>
    <Data>20180423</Data>
    <Mercato>MGP</Mercato>
    <Ora>17</Ora>
    <PUN>50,000000</PUN>
    <NAT>50,000000</NAT>
    <CNOR>50,000000</CNOR>
    <CSUD>50,000000</CSUD>
    <NORD>50,000000</NORD>
    <SARD>50,000000</SARD>
    <SICI>50,000000</SICI>
    <SUD>50,000000</SUD>
    <AUST>50,000000</AUST>
    <BRNN>50,000000</BRNN>
    <COAC>50,000000</COAC>
    <CORS>50,000000</CORS>
    <FOGN>50,000000</FOGN>
    <FRAN>50,000000</FRAN>
    <GREC>50,000000</GREC>
    <MFTV>50,000000</MFTV>
    <PRGP>50,000000</PRGP>
    <ROSN>50,000000</ROSN>
    <SLOV>50,000000</SLOV>
    <SVIZ>50,000000</SVIZ>
    <BSP>50,000000</BSP>
    <MALT>50,000000</MALT>
    <XAUS>50,000000</XAUS>
    <XFRA>50,000000</XFRA>
  </Prezzi>
  <Prezzi>
    <Data>20180423</Data>
    <Mercato>MGP</Mercato>
    <Ora>18</Ora>
    <PUN>52,000000</PUN>
    <NAT>52,000000</NAT>
    <CNOR>52,000000</CNOR>
    <CSUD>52,000000</CSUD>
    <NORD>52,000000</NORD>
    <SARD>52,000000</SARD>
    <SICI>52,000000</SICI>
    <SUD>52,000000</SUD>
    <AUST>52,000000</AUST>
    <BRNN>52,000000</BRNN>
    <COAC>52,000000</COAC>
    <CORS>52,000000</CORS>
    <FOGN>52,000000</FOGN>
    <FRAN>52,000000</FRAN>
    <GREC>52,000000</GREC>
    <MFTV>52,000000</MFTV>
    <PRGP>52,000000</PRGP>
    <ROSN>52,000000</ROSN>
    <SLOV>52,000000</SLOV>
    <SVIZ>52,000000</SVIZ>
    <BSP>52,000000</BSP>
    <MALT>52,000000</MALT>
    <XAUS>52,000000</XAUS>
    <XFRA>52,000000</XFRA>
  </Prezzi>
  <Prezzi>
    <Data>20180423</Data>
    <Mercato>MGP</Mercato>
    <Ora>19</Ora>
    <PUN>55,764340</PUN>
    <NAT>55,970000</NAT>
    <CNOR>52,420000</CNOR>
    <CSUD>62,930000</CSUD>
    <NORD>52,420000</NORD>
    <SARD>62,930000</SARD>
    <SICI>62,930000</SICI>
    <SUD>62,930000</SUD>
    <AUST>52,420000</AUST>
    <BRNN>62,930000</BRNN>
    <COAC>62,930000</COAC>
    <CORS>62,930000</CORS>
    <FOGN>62,930000</FOGN>
    <FRAN>52,420000</FRAN>
    <GREC>62,930000</GREC>
    <MFTV>52,420000</MFTV>
    <PRGP>62,930000</PRGP>
    <ROSN>62,930000</ROSN>
    <SLOV>52,420000</SLOV>
    <SVIZ>52,420000</SVIZ>
    <BSP>52,420000</BSP>
    <MALT>62,930000</MALT>
    <XAUS>52,420000</XAUS>
    <XFRA>52,420000</XFRA>
  </Prezzi>
  <Prezzi>
    <Data>20180423</Data>
    <Mercato>MGP</Mercato>
    <Ora>20</Ora>
    <PUN>63,905120</PUN>
    <NAT>61,500000</NAT>
    <CNOR>56,970000</CNOR>
    <CSUD>76,400000</CSUD>
    <NORD>56,970000</NORD>
    <SARD>76,400000</SARD>
    <SICI>84,990000</SICI>
    <SUD>76,400000</SUD>
    <AUST>56,970000</AUST>
    <BRNN>76,400000</BRNN>
    <COAC>76,400000</COAC>
    <CORS>76,400000</CORS>
    <FOGN>76,400000</FOGN>
    <FRAN>56,970000</FRAN>
    <GREC>76,400000</GREC>
    <MFTV>56,970000</MFTV>
    <PRGP>84,990000</PRGP>
    <ROSN>76,400000</ROSN>
    <SLOV>56,970000</SLOV>
    <SVIZ>56,970000</SVIZ>
    <BSP>56,970000</BSP>
    <MALT>84,990000</MALT>
    <XAUS>56,970000</XAUS>
    <XFRA>56,970000</XFRA>
  </Prezzi>
  <Prezzi>
    <Data>20180423</Data>
    <Mercato>MGP</Mercato>
    <Ora>21</Ora>
    <PUN>65,447620</PUN>
    <NAT>66,210000</NAT>
    <CNOR>58,680000</CNOR>
    <CSUD>75,250000</CSUD>
    <NORD>58,680000</NORD>
    <SARD>75,250000</SARD>
    <SICI>92,500000</SICI>
    <SUD>75,250000</SUD>
    <AUST>58,680000</AUST>
    <BRNN>75,250000</BRNN>
    <COAC>75,250000</COAC>
    <CORS>75,250000</CORS>
    <FOGN>75,250000</FOGN>
    <FRAN>58,680000</FRAN>
    <GREC>75,250000</GREC>
    <MFTV>58,680000</MFTV>
    <PRGP>92,500000</PRGP>
    <ROSN>75,250000</ROSN>
    <SLOV>58,680000</SLOV>
    <SVIZ>58,680000</SVIZ>
    <BSP>58,680000</BSP>
    <MALT>92,500000</MALT>
    <XAUS>58,680000</XAUS>
    <XFRA>58,680000</XFRA>
  </Prezzi>
  <Prezzi>
    <Data>20180423</Data>
    <Mercato>MGP</Mercato>
    <Ora>22</Ora>
    <PUN>60,827650</PUN>
    <NAT>60,330000</NAT>
    <CNOR>52,080000</CNOR>
    <CSUD>75,000000</CSUD>
    <NORD>52,080000</NORD>
    <SARD>75,000000</SARD>
    <SICI>90,000000</SICI>
    <SUD>75,000000</SUD>
    <AUST>52,080000</AUST>
    <BRNN>75,000000</BRNN>
    <COAC>75,000000</COAC>
    <CORS>75,000000</CORS>
    <FOGN>75,000000</FOGN>
    <FRAN>52,080000</FRAN>
    <GREC>75,000000</GREC>
    <MFTV>52,080000</MFTV>
    <PRGP>90,000000</PRGP>
    <ROSN>75,000000</ROSN>
    <SLOV>52,080000</SLOV>
    <SVIZ>52,080000</SVIZ>
    <BSP>52,080000</BSP>
    <MALT>90,000000</MALT>
    <XAUS>52,080000</XAUS>
    <XFRA>52,080000</XFRA>
  </Prezzi>
  <Prezzi>
    <Data>20180423</Data>
    <Mercato>MGP</Mercato>
    <Ora>23</Ora>
    <PUN>51,870880</PUN>
    <NAT>50,650000</NAT>
    <CNOR>56,970000</CNOR>
    <CSUD>60,000000</CSUD>
    <NORD>45,500000</NORD>
    <SARD>60,000000</SARD>
    <SICI>62,930000</SICI>
    <SUD>60,000000</SUD>
    <AUST>45,500000</AUST>
    <BRNN>60,000000</BRNN>
    <COAC>60,000000</COAC>
    <CORS>60,000000</CORS>
    <FOGN>60,000000</FOGN>
    <FRAN>45,500000</FRAN>
    <GREC>60,000000</GREC>
    <MFTV>45,500000</MFTV>
    <PRGP>62,930000</PRGP>
    <ROSN>60,000000</ROSN>
    <SLOV>45,500000</SLOV>
    <SVIZ>45,500000</SVIZ>
    <BSP>45,500000</BSP>
    <MALT>62,930000</MALT>
    <XAUS>45,500000</XAUS>
    <XFRA>45,500000</XFRA>
  </Prezzi>
  <Prezzi>
    <Data>20180423</Data>
    <Mercato>MGP</Mercato>
    <Ora>24</Ora>
    <PUN>45,853920</PUN>
    <NAT>47,930000</NAT>
    <CNOR>42,730000</CNOR>
    <CSUD>52,000000</CSUD>
    <NORD>42,730000</NORD>
    <SARD>52,000000</SARD>
    <SICI>52,000000</SICI>
    <SUD>52,000000</SUD>
    <AUST>42,730000</AUST>
    <BRNN>52,000000</BRNN>
    <COAC>52,000000</COAC>
    <CORS>52,000000</CORS>
    <FOGN>52,000000</FOGN>
    <FRAN>42,730000</FRAN>
    <GREC>52,000000</GREC>
    <MFTV>42,730000</MFTV>
    <PRGP>52,000000</PRGP>
    <ROSN>52,000000</ROSN>
    <SLOV>42,730000</SLOV>
    <SVIZ>42,730000</SVIZ>
    <BSP>42,730000</BSP>
    <MALT>52,000000</MALT>
    <XAUS>42,730000</XAUS>
    <XFRA>42,730000</XFRA>
  </Prezzi>
</NewDataSet>