<?xml version="1.0" standalone="yes"?>
<NewDataSet>
  <xs:schema id="NewDataSet" xmlns="" xmlns:xs="http://www.w3.org/2001/XMLSchema" xmlns:msdata="urn:schemas-microsoft-com:xml-msdata">
    <xs:element name="NewDataSet" msdata:IsDataSet="true" msdata:MainDataTable="marketintervaldetail" msdata:UseCurrentLocale="true">
      <xs:complexType>
        <xs:choice minOccurs="0" maxOccurs="unbounded">
          <xs:element name="marketintervaldetail">
            <xs:complexType>
              <xs:sequence>
                <xs:element name="Data" type="xs:string" minOccurs="0" />
                <xs:element name="Mercato" type="xs:string" minOccurs="0" />
                <xs:element name="Ora" type="xs:string" minOccurs="0" />
                <xs:element name="Totale" type="xs:string" minOccurs="0" />
                <xs:element name="CNOR" type="xs:string" minOccurs="0" />
                <xs:element name="CSUD" type="xs:string" minOccurs="0" />
                <xs:element name="NORD" type="xs:string" minOccurs="0" />
                <xs:element name="SARD" type="xs:string" minOccurs="0" />
                <xs:element name="SICI" type="xs:string" minOccurs="0" />
                <xs:element name="SUD" type="xs:string" minOccurs="0" />
              </xs:sequence>
            </xs:complexType>
          </xs:element>
        </xs:choice>
      </xs:complexType>
    </xs:element>
  </xs:schema>
  <marketintervaldetail>
    <Data>20191103</Data>
    <Mercato>MGP</Mercato>
    <Ora>01</Ora>
    <Totale>23096</Totale>
    <CNOR>2388</CNOR>
    <CSUD>3710</CSUD>
    <NORD>12281</NORD>
    <SARD>888</SARD>
    <SICI>1596</SICI>
    <SUD>2233</SUD>
  </marketintervaldetail>
  <marketintervaldetail>
    <Data>20191103</Data>
    <Mercato>MGP</Mercato>
    <Ora>02</Ora>
    <Totale>21566</Totale>
    <CNOR>2257</CNOR>
    <CSUD>3388</CSUD>
    <NORD>11486</NORD>
    <SARD>850</SARD>
    <SICI>1498</SICI>
    <SUD>2087</SUD>
  </marketintervaldetail>
  <marketintervaldetail>
    <Data>20191103</Data>
    <Mercato>MGP</Mercato>
    <Ora>03</Ora>
    <Totale>20676</Totale>
    <CNOR>2100</CNOR>
    <CSUD>3206</CSUD>
    <NORD>10912</NORD>
    <SARD>875</SARD>
    <SICI>1387</SICI>
    <SUD>2196</SUD>
  </marketintervaldetail>
  <marketintervaldetail>
    <Data>20191103</Data>
    <Mercato>MGP</Mercato>
    <Ora>04</Ora>
    <Totale>19968</Totale>
    <CNOR>1987</CNOR>
    <CSUD>3103</CSUD>
    <NORD>10729</NORD>
    <SARD>830</SARD>
    <SICI>1366</SICI>
    <SUD>1953</SUD>
  </marketintervaldetail>
  <marketintervaldetail>
    <Data>20191103</Data>
    <Mercato>MGP</Mercato>
    <Ora>05</Ora>
    <Totale>19777</Totale>
    <CNOR>2002</CNOR>
    <CSUD>3098</CSUD>
    <NORD>10618</NORD>
    <SARD>813</SARD>
    <SICI>1360</SICI>
    <SUD>1886</SUD>
  </marketintervaldetail>
  <marketintervaldetail>
    <Data>20191103</Data>
    <Mercato>MGP</Mercato>
    <Ora>06</Ora>
    <Totale>20362</Totale>
    <CNOR>2045</CNOR>
    <CSUD>3143</CSUD>
    <NORD>11028</NORD>
    <SARD>828</SARD>
    <SICI>1365</SICI>
    <SUD>1953</SUD>
  </marketintervaldetail>
  <marketintervaldetail>
    <Data>20191103</Data>
    <Mercato>MGP</Mercato>
    <Ora>07</Ora>
    <Totale>21630</Totale>
    <CNOR>2092</CNOR>
    <CSUD>3370</CSUD>
    <NORD>11887</NORD>
    <SARD>865</SARD>
    <SICI>1388</SICI>
    <SUD>2028</SUD>
  </marketintervaldetail>
  <marketintervaldetail>
    <Data>20191103</Data>
    <Mercato>MGP</Mercato>
    <Ora>08</Ora>
    <Totale>22233</Totale>
    <CNOR>2443</CNOR>
    <CSUD>3490</CSUD>
    <NORD>11741</NORD>
    <SARD>885</SARD>
    <SICI>1477</SICI>
    <SUD>2197</SUD>
  </marketintervaldetail>
  <marketintervaldetail>
    <Data>20191103</Data>
    <Mercato>MGP</Mercato>
    <Ora>09</Ora>
    <Totale>24433</Totale>
    <CNOR>2668</CNOR>
    <CSUD>3951</CSUD>
    <NORD>12704</NORD>
    <SARD>917</SARD>
    <SICI>1797</SICI>
    <SUD>2396</SUD>
  </marketintervaldetail>
  <marketintervaldetail>
    <Data>20191103</Data>
    <Mercato>MGP</Mercato>
    <Ora>10</Ora>
    <Totale>26357</Totale>
    <CNOR>2941</CNOR>
    <CSUD>4372</CSUD>
    <NORD>13509</NORD>
    <SARD>996</SARD>
    <SICI>1960</SICI>
    <SUD>2579</SUD>
  </marketintervaldetail>
  <marketintervaldetail>
    <Data>20191103</Data>
    <Mercato>MGP</Mercato>
    <Ora>11</Ora>
    <Totale>27145</Totale>
    <CNOR>2873</CNOR>
    <CSUD>4454</CSUD>
    <NORD>14172</NORD>
    <SARD>1040</SARD>
    <SICI>2038</SICI>
    <SUD>2568</SUD>
  </marketintervaldetail>
  <marketintervaldetail>
    <Data>20191103</Data>
    <Mercato>MGP</Mercato>
    <Ora>12</Ora>
    <Totale>27383</Totale>
    <CNOR>2864</CNOR>
    <CSUD>4524</CSUD>
    <NORD>14566</NORD>
    <SARD>1038</SARD>
    <SICI>2028</SICI>
    <SUD>2363</SUD>
  </marketintervaldetail>
  <marketintervaldetail>
    <Data>20191103</Data>
    <Mercato>MGP</Mercato>
    <Ora>13</Ora>
    <Totale>27478</Totale>
    <CNOR>2731</CNOR>
    <CSUD>4637</CSUD>
    <NORD>14699</NORD>
    <SARD>1047</SARD>
    <SICI>1956</SICI>
    <SUD>2408</SUD>
  </marketintervaldetail>
  <marketintervaldetail>
    <Data>20191103</Data>
    <Mercato>MGP</Mercato>
    <Ora>14</Ora>
    <Totale>26368</Totale>
    <CNOR>2743</CNOR>
    <CSUD>4545</CSUD>
    <NORD>13855</NORD>
    <SARD>1001</SARD>
    <SICI>1848</SICI>
    <SUD>2376</SUD>
  </marketintervaldetail>
  <marketintervaldetail>
    <Data>20191103</Data>
    <Mercato>MGP</Mercato>
    <Ora>15</Ora>
    <Totale>25755</Totale>
    <CNOR>2550</CNOR>
    <CSUD>4411</CSUD>
    <NORD>13930</NORD>
    <SARD>941</SARD>
    <SICI>1737</SICI>
    <SUD>2186</SUD>
  </marketintervaldetail>
  <marketintervaldetail>
    <Data>20191103</Data>
    <Mercato>MGP</Mercato>
    <Ora>16</Ora>
    <Totale>26117</Totale>
    <CNOR>2399</CNOR>
    <CSUD>4439</CSUD>
    <NORD>14298</NORD>
    <SARD>937</SARD>
    <SICI>1723</SICI>
    <SUD>2321</SUD>
  </marketintervaldetail>
  <marketintervaldetail>
    <Data>20191103</Data>
    <Mercato>MGP</Mercato>
    <Ora>17</Ora>
    <Totale>26472</Totale>
    <CNOR>2584</CNOR>
    <CSUD>4304</CSUD>
    <NORD>14339</NORD>
    <SARD>956</SARD>
    <SICI>1782</SICI>
    <SUD>2507</SUD>
  </marketintervaldetail>
  <marketintervaldetail>
    <Data>20191103</Data>
    <Mercato>MGP</Mercato>
    <Ora>18</Ora>
    <Totale>29034</Totale>
    <CNOR>2428</CNOR>
    <CSUD>4703</CSUD>
    <NORD>16077</NORD>
    <SARD>996</SARD>
    <SICI>1996</SICI>
    <SUD>2834</SUD>
  </marketintervaldetail>
  <marketintervaldetail>
    <Data>20191103</Data>
    <Mercato>MGP</Mercato>
    <Ora>19</Ora>
    <Totale>31242</Totale>
    <CNOR>3194</CNOR>
    <CSUD>4911</CSUD>
    <NORD>17055</NORD>
    <SARD>1070</SARD>
    <SICI>2097</SICI>
    <SUD>2915</SUD>
  </marketintervaldetail>
  <marketintervaldetail>
    <Data>20191103</Data>
    <Mercato>MGP</Mercato>
    <Ora>20</Ora>
    <Totale>31759</Totale>
    <CNOR>3350</CNOR>
    <CSUD>5044</CSUD>
    <NORD>17166</NORD>
    <SARD>1087</SARD>
    <SICI>2130</SICI>
    <SUD>2982</SUD>
  </marketintervaldetail>
  <marketintervaldetail>
    <Data>20191103</Data>
    <Mercato>MGP</Mercato>
    <Ora>21</Ora>
    <Totale>30866</Totale>
    <CNOR>3365</CNOR>
    <CSUD>4995</CSUD>
    <NORD>16382</NORD>
    <SARD>1078</SARD>
    <SICI>2107</SICI>
    <SUD>2939</SUD>
  </marketintervaldetail>
  <marketintervaldetail>
    <Data>20191103</Data>
    <Mercato>MGP</Mercato>
    <Ora>22</Ora>
    <Totale>29121</Totale>
    <CNOR>2965</CNOR>
    <CSUD>4721</CSUD>
    <NORD>15592</NORD>
    <SARD>1026</SARD>
    <SICI>1992</SICI>
    <SUD>2825</SUD>
  </marketintervaldetail>
  <marketintervaldetail>
    <Data>20191103</Data>
    <Mercato>MGP</Mercato>
    <Ora>23</Ora>
    <Totale>26876</Totale>
    <CNOR>2557</CNOR>
    <CSUD>4372</CSUD>
    <NORD>14572</NORD>
    <SARD>965</SARD>
    <SICI>1851</SICI>
    <SUD>2559</SUD>
  </marketintervaldetail>
  <marketintervaldetail>
    <Data>20191103</Data>
    <Mercato>MGP</Mercato>
    <Ora>24</Ora>
    <Totale>24511</Totale>
    <CNOR>2344</CNOR>
    <CSUD>3910</CSUD>
    <NORD>13320</NORD>
    <SARD>905</SARD>
    <SICI>1698</SICI>
    <SUD>2334</SUD>
  </marketintervaldetail>
</NewDataSet>