<?xml version="1.0" standalone="yes"?>
<NewDataSet>
  <xs:schema id="NewDataSet" xmlns="" xmlns:xs="http://www.w3.org/2001/XMLSchema" xmlns:msdata="urn:schemas-microsoft-com:xml-msdata">
    <xs:element name="NewDataSet" msdata:IsDataSet="true" msdata:UseCurrentLocale="true">
      <xs:complexType>
        <xs:choice minOccurs="0" maxOccurs="unbounded">
          <xs:element name="Prezzi">
            <xs:complexType>
              <xs:sequence>
                <xs:element name="Data" type="xs:string" minOccurs="0" />
                <xs:element name="Mercato" type="xs:string" minOccurs="0" />
                <xs:element name="Ora" type="xs:string" minOccurs="0" />
                <xs:element name="PUN" type="xs:string" minOccurs="0" />
                <xs:element name="NAT" type="xs:string" minOccurs="0" />
                <xs:element name="CNOR" type="xs:string" minOccurs="0" />
                <xs:element name="CSUD" type="xs:string" minOccurs="0" />
                <xs:element name="NORD" type="xs:string" minOccurs="0" />
                <xs:element name="SARD" type="xs:string" minOccurs="0" />
                <xs:element name="SICI" type="xs:string" minOccurs="0" />
                <xs:element name="SUD" type="xs:string" minOccurs="0" />
                <xs:element name="AUST" type="xs:string" minOccurs="0" />
                <xs:element name="BRNN" type="xs:string" minOccurs="0" />
                <xs:element name="COAC" type="xs:string" minOccurs="0" />
                <xs:element name="CORS" type="xs:string" minOccurs="0" />
                <xs:element name="FOGN" type="xs:string" minOccurs="0" />
                <xs:element name="FRAN" type="xs:string" minOccurs="0" />
                <xs:element name="GREC" type="xs:string" minOccurs="0" />
                <xs:element name="MFTV" type="xs:string" minOccurs="0" />
                <xs:element name="PRGP" type="xs:string" minOccurs="0" />
                <xs:element name="ROSN" type="xs:string" minOccurs="0" />
                <xs:element name="SLOV" type="xs:string" minOccurs="0" />
                <xs:element name="SVIZ" type="xs:string" minOccurs="0" />
                <xs:element name="BSP" type="xs:string" minOccurs="0" />
                <xs:element name="MALT" type="xs:string" minOccurs="0" />
                <xs:element name="XAUS" type="xs:string" minOccurs="0" />
                <xs:element name="XFRA" type="xs:string" minOccurs="0" />
              </xs:sequence>
            </xs:complexType>
          </xs:element>
        </xs:choice>
      </xs:complexType>
    </xs:element>
  </xs:schema>
  <Prezzi>
    <Data>20180418</Data>
    <Mercato>MGP</Mercato>
    <Ora>1</Ora>
    <PUN>48,600000</PUN>
    <NAT>48,600000</NAT>
    <CNOR>48,600000</CNOR>
    <CSUD>48,600000</CSUD>
    <NORD>48,600000</NORD>
    <SARD>48,600000</SARD>
    <SICI>48,600000</SICI>
    <SUD>48,600000</SUD>
    <AUST>48,600000</AUST>
    <BRNN>48,600000</BRNN>
    <COAC>48,600000</COAC>
    <CORS>48,600000</CORS>
    <FOGN>48,600000</FOGN>
    <FRAN>48,600000</FRAN>
    <GREC>48,600000</GREC>
    <MFTV>48,600000</MFTV>
    <PRGP>48,600000</PRGP>
    <ROSN>48,600000</ROSN>
    <SLOV>48,600000</SLOV>
    <SVIZ>48,600000</SVIZ>
    <BSP>48,600000</BSP>
    <MALT>48,600000</MALT>
    <XAUS>48,600000</XAUS>
    <XFRA>48,600000</XFRA>
  </Prezzi>
  <Prezzi>
    <Data>20180418</Data>
    <Mercato>MGP</Mercato>
    <Ora>2</Ora>
    <PUN>45,652670</PUN>
    <NAT>45,570000</NAT>
    <CNOR>44,870000</CNOR>
    <CSUD>47,310000</CSUD>
    <NORD>44,870000</NORD>
    <SARD>47,310000</SARD>
    <SICI>47,310000</SICI>
    <SUD>47,310000</SUD>
    <AUST>44,870000</AUST>
    <BRNN>47,310000</BRNN>
    <COAC>47,310000</COAC>
    <CORS>47,310000</CORS>
    <FOGN>47,310000</FOGN>
    <FRAN>44,870000</FRAN>
    <GREC>47,310000</GREC>
    <MFTV>44,870000</MFTV>
    <PRGP>47,310000</PRGP>
    <ROSN>47,310000</ROSN>
    <SLOV>44,870000</SLOV>
    <SVIZ>44,870000</SVIZ>
    <BSP>44,870000</BSP>
    <MALT>47,310000</MALT>
    <XAUS>44,870000</XAUS>
    <XFRA>44,870000</XFRA>
  </Prezzi>
  <Prezzi>
    <Data>20180418</Data>
    <Mercato>MGP</Mercato>
    <Ora>3</Ora>
    <PUN>41,148820</PUN>
    <NAT>40,990000</NAT>
    <CNOR>40,990000</CNOR>
    <CSUD>41,490000</CSUD>
    <NORD>40,990000</NORD>
    <SARD>41,490000</SARD>
    <SICI>41,490000</SICI>
    <SUD>41,490000</SUD>
    <AUST>40,990000</AUST>
    <BRNN>41,490000</BRNN>
    <COAC>41,490000</COAC>
    <CORS>41,490000</CORS>
    <FOGN>41,490000</FOGN>
    <FRAN>40,990000</FRAN>
    <GREC>41,490000</GREC>
    <MFTV>40,990000</MFTV>
    <PRGP>41,490000</PRGP>
    <ROSN>41,490000</ROSN>
    <SLOV>40,990000</SLOV>
    <SVIZ>40,990000</SVIZ>
    <BSP>40,990000</BSP>
    <MALT>41,490000</MALT>
    <XAUS>40,990000</XAUS>
    <XFRA>40,990000</XFRA>
  </Prezzi>
  <Prezzi>
    <Data>20180418</Data>
    <Mercato>MGP</Mercato>
    <Ora>4</Ora>
    <PUN>33,750000</PUN>
    <NAT>33,750000</NAT>
    <CNOR>33,750000</CNOR>
    <CSUD>33,750000</CSUD>
    <NORD>33,750000</NORD>
    <SARD>33,750000</SARD>
    <SICI>33,750000</SICI>
    <SUD>33,750000</SUD>
    <AUST>33,750000</AUST>
    <BRNN>33,750000</BRNN>
    <COAC>33,750000</COAC>
    <CORS>33,750000</CORS>
    <FOGN>33,750000</FOGN>
    <FRAN>33,750000</FRAN>
    <GREC>33,750000</GREC>
    <MFTV>33,750000</MFTV>
    <PRGP>33,750000</PRGP>
    <ROSN>33,750000</ROSN>
    <SLOV>33,750000</SLOV>
    <SVIZ>33,750000</SVIZ>
    <BSP>33,750000</BSP>
    <MALT>33,750000</MALT>
    <XAUS>33,750000</XAUS>
    <XFRA>33,750000</XFRA>
  </Prezzi>
  <Prezzi>
    <Data>20180418</Data>
    <Mercato>MGP</Mercato>
    <Ora>5</Ora>
    <PUN>36,000000</PUN>
    <NAT>36,000000</NAT>
    <CNOR>36,000000</CNOR>
    <CSUD>36,000000</CSUD>
    <NORD>36,000000</NORD>
    <SARD>36,000000</SARD>
    <SICI>36,000000</SICI>
    <SUD>36,000000</SUD>
    <AUST>36,000000</AUST>
    <BRNN>36,000000</BRNN>
    <COAC>36,000000</COAC>
    <CORS>36,000000</CORS>
    <FOGN>36,000000</FOGN>
    <FRAN>36,000000</FRAN>
    <GREC>36,000000</GREC>
    <MFTV>36,000000</MFTV>
    <PRGP>36,000000</PRGP>
    <ROSN>36,000000</ROSN>
    <SLOV>36,000000</SLOV>
    <SVIZ>36,000000</SVIZ>
    <BSP>36,000000</BSP>
    <MALT>36,000000</MALT>
    <XAUS>36,000000</XAUS>
    <XFRA>36,000000</XFRA>
  </Prezzi>
  <Prezzi>
    <Data>20180418</Data>
    <Mercato>MGP</Mercato>
    <Ora>6</Ora>
    <PUN>43,994120</PUN>
    <NAT>45,360000</NAT>
    <CNOR>43,280000</CNOR>
    <CSUD>45,560000</CSUD>
    <NORD>43,280000</NORD>
    <SARD>45,560000</SARD>
    <SICI>45,560000</SICI>
    <SUD>45,560000</SUD>
    <AUST>43,280000</AUST>
    <BRNN>45,560000</BRNN>
    <COAC>45,560000</COAC>
    <CORS>45,560000</CORS>
    <FOGN>45,560000</FOGN>
    <FRAN>43,280000</FRAN>
    <GREC>45,560000</GREC>
    <MFTV>43,280000</MFTV>
    <PRGP>45,560000</PRGP>
    <ROSN>45,560000</ROSN>
    <SLOV>43,280000</SLOV>
    <SVIZ>43,280000</SVIZ>
    <BSP>43,280000</BSP>
    <MALT>45,560000</MALT>
    <XAUS>43,280000</XAUS>
    <XFRA>43,280000</XFRA>
  </Prezzi>
  <Prezzi>
    <Data>20180418</Data>
    <Mercato>MGP</Mercato>
    <Ora>7</Ora>
    <PUN>48,410000</PUN>
    <NAT>48,410000</NAT>
    <CNOR>48,410000</CNOR>
    <CSUD>48,410000</CSUD>
    <NORD>48,410000</NORD>
    <SARD>48,410000</SARD>
    <SICI>48,410000</SICI>
    <SUD>48,410000</SUD>
    <AUST>48,410000</AUST>
    <BRNN>48,410000</BRNN>
    <COAC>48,410000</COAC>
    <CORS>48,410000</CORS>
    <FOGN>48,410000</FOGN>
    <FRAN>48,410000</FRAN>
    <GREC>48,410000</GREC>
    <MFTV>48,410000</MFTV>
    <PRGP>48,410000</PRGP>
    <ROSN>48,410000</ROSN>
    <SLOV>48,410000</SLOV>
    <SVIZ>48,410000</SVIZ>
    <BSP>48,410000</BSP>
    <MALT>48,410000</MALT>
    <XAUS>48,410000</XAUS>
    <XFRA>48,410000</XFRA>
  </Prezzi>
  <Prezzi>
    <Data>20180418</Data>
    <Mercato>MGP</Mercato>
    <Ora>8</Ora>
    <PUN>56,105670</PUN>
    <NAT>56,140000</NAT>
    <CNOR>55,660000</CNOR>
    <CSUD>55,660000</CSUD>
    <NORD>55,660000</NORD>
    <SARD>55,660000</SARD>
    <SICI>63,800000</SICI>
    <SUD>55,660000</SUD>
    <AUST>55,660000</AUST>
    <BRNN>55,660000</BRNN>
    <COAC>55,660000</COAC>
    <CORS>55,660000</CORS>
    <FOGN>55,660000</FOGN>
    <FRAN>55,660000</FRAN>
    <GREC>55,660000</GREC>
    <MFTV>55,660000</MFTV>
    <PRGP>63,800000</PRGP>
    <ROSN>55,660000</ROSN>
    <SLOV>55,660000</SLOV>
    <SVIZ>55,660000</SVIZ>
    <BSP>55,660000</BSP>
    <MALT>63,800000</MALT>
    <XAUS>55,660000</XAUS>
    <XFRA>55,660000</XFRA>
  </Prezzi>
  <Prezzi>
    <Data>20180418</Data>
    <Mercato>MGP</Mercato>
    <Ora>9</Ora>
    <PUN>63,000000</PUN>
    <NAT>63,000000</NAT>
    <CNOR>63,000000</CNOR>
    <CSUD>63,000000</CSUD>
    <NORD>63,000000</NORD>
    <SARD>63,000000</SARD>
    <SICI>63,000000</SICI>
    <SUD>63,000000</SUD>
    <AUST>63,000000</AUST>
    <BRNN>63,000000</BRNN>
    <COAC>63,000000</COAC>
    <CORS>63,000000</CORS>
    <FOGN>63,000000</FOGN>
    <FRAN>63,000000</FRAN>
    <GREC>63,000000</GREC>
    <MFTV>63,000000</MFTV>
    <PRGP>63,000000</PRGP>
    <ROSN>63,000000</ROSN>
    <SLOV>63,000000</SLOV>
    <SVIZ>63,000000</SVIZ>
    <BSP>63,000000</BSP>
    <MALT>63,000000</MALT>
    <XAUS>63,000000</XAUS>
    <XFRA>63,000000</XFRA>
  </Prezzi>
  <Prezzi>
    <Data>20180418</Data>
    <Mercato>MGP</Mercato>
    <Ora>10</Ora>
    <PUN>55,970000</PUN>
    <NAT>55,970000</NAT>
    <CNOR>55,970000</CNOR>
    <CSUD>55,970000</CSUD>
    <NORD>55,970000</NORD>
    <SARD>55,970000</SARD>
    <SICI>55,970000</SICI>
    <SUD>55,970000</SUD>
    <AUST>55,970000</AUST>
    <BRNN>55,970000</BRNN>
    <COAC>55,970000</COAC>
    <CORS>55,970000</CORS>
    <FOGN>55,970000</FOGN>
    <FRAN>55,970000</FRAN>
    <GREC>55,970000</GREC>
    <MFTV>55,970000</MFTV>
    <PRGP>55,970000</PRGP>
    <ROSN>55,970000</ROSN>
    <SLOV>55,970000</SLOV>
    <SVIZ>55,970000</SVIZ>
    <BSP>55,970000</BSP>
    <MALT>55,970000</MALT>
    <XAUS>55,970000</XAUS>
    <XFRA>55,970000</XFRA>
  </Prezzi>
  <Prezzi>
    <Data>20180418</Data>
    <Mercato>MGP</Mercato>
    <Ora>11</Ora>
    <PUN>49,020000</PUN>
    <NAT>49,020000</NAT>
    <CNOR>49,020000</CNOR>
    <CSUD>49,020000</CSUD>
    <NORD>49,020000</NORD>
    <SARD>49,020000</SARD>
    <SICI>49,020000</SICI>
    <SUD>49,020000</SUD>
    <AUST>49,020000</AUST>
    <BRNN>49,020000</BRNN>
    <COAC>49,020000</COAC>
    <CORS>49,020000</CORS>
    <FOGN>49,020000</FOGN>
    <FRAN>49,020000</FRAN>
    <GREC>49,020000</GREC>
    <MFTV>49,020000</MFTV>
    <PRGP>49,020000</PRGP>
    <ROSN>49,020000</ROSN>
    <SLOV>49,020000</SLOV>
    <SVIZ>49,020000</SVIZ>
    <BSP>49,020000</BSP>
    <MALT>49,020000</MALT>
    <XAUS>49,020000</XAUS>
    <XFRA>49,020000</XFRA>
  </Prezzi>
  <Prezzi>
    <Data>20180418</Data>
    <Mercato>MGP</Mercato>
    <Ora>12</Ora>
    <PUN>48,070000</PUN>
    <NAT>48,070000</NAT>
    <CNOR>48,070000</CNOR>
    <CSUD>48,070000</CSUD>
    <NORD>48,070000</NORD>
    <SARD>48,070000</SARD>
    <SICI>48,070000</SICI>
    <SUD>48,070000</SUD>
    <AUST>48,070000</AUST>
    <BRNN>48,070000</BRNN>
    <COAC>48,070000</COAC>
    <CORS>48,070000</CORS>
    <FOGN>48,070000</FOGN>
    <FRAN>48,070000</FRAN>
    <GREC>48,070000</GREC>
    <MFTV>48,070000</MFTV>
    <PRGP>48,070000</PRGP>
    <ROSN>48,070000</ROSN>
    <SLOV>48,070000</SLOV>
    <SVIZ>48,070000</SVIZ>
    <BSP>48,070000</BSP>
    <MALT>48,070000</MALT>
    <XAUS>48,070000</XAUS>
    <XFRA>48,070000</XFRA>
  </Prezzi>
  <Prezzi>
    <Data>20180418</Data>
    <Mercato>MGP</Mercato>
    <Ora>13</Ora>
    <PUN>44,000000</PUN>
    <NAT>44,000000</NAT>
    <CNOR>44,000000</CNOR>
    <CSUD>44,000000</CSUD>
    <NORD>44,000000</NORD>
    <SARD>44,000000</SARD>
    <SICI>44,000000</SICI>
    <SUD>44,000000</SUD>
    <AUST>44,000000</AUST>
    <BRNN>44,000000</BRNN>
    <COAC>44,000000</COAC>
    <CORS>44,000000</CORS>
    <FOGN>44,000000</FOGN>
    <FRAN>44,000000</FRAN>
    <GREC>44,000000</GREC>
    <MFTV>44,000000</MFTV>
    <PRGP>44,000000</PRGP>
    <ROSN>44,000000</ROSN>
    <SLOV>44,000000</SLOV>
    <SVIZ>44,000000</SVIZ>
    <BSP>44,000000</BSP>
    <MALT>44,000000</MALT>
    <XAUS>44,000000</XAUS>
    <XFRA>44,000000</XFRA>
  </Prezzi>
  <Prezzi>
    <Data>20180418</Data>
    <Mercato>MGP</Mercato>
    <Ora>14</Ora>
    <PUN>42,990000</PUN>
    <NAT>42,990000</NAT>
    <CNOR>42,990000</CNOR>
    <CSUD>42,990000</CSUD>
    <NORD>42,990000</NORD>
    <SARD>42,990000</SARD>
    <SICI>42,990000</SICI>
    <SUD>42,990000</SUD>
    <AUST>42,990000</AUST>
    <BRNN>42,990000</BRNN>
    <COAC>42,990000</COAC>
    <CORS>42,990000</CORS>
    <FOGN>42,990000</FOGN>
    <FRAN>42,990000</FRAN>
    <GREC>42,990000</GREC>
    <MFTV>42,990000</MFTV>
    <PRGP>42,990000</PRGP>
    <ROSN>42,990000</ROSN>
    <SLOV>42,990000</SLOV>
    <SVIZ>42,990000</SVIZ>
    <BSP>42,990000</BSP>
    <MALT>42,990000</MALT>
    <XAUS>42,990000</XAUS>
    <XFRA>42,990000</XFRA>
  </Prezzi>
  <Prezzi>
    <Data>20180418</Data>
    <Mercato>MGP</Mercato>
    <Ora>15</Ora>
    <PUN>45,270000</PUN>
    <NAT>45,270000</NAT>
    <CNOR>45,270000</CNOR>
    <CSUD>45,270000</CSUD>
    <NORD>45,270000</NORD>
    <SARD>45,270000</SARD>
    <SICI>45,270000</SICI>
    <SUD>45,270000</SUD>
    <AUST>45,270000</AUST>
    <BRNN>45,270000</BRNN>
    <COAC>45,270000</COAC>
    <CORS>45,270000</CORS>
    <FOGN>45,270000</FOGN>
    <FRAN>45,270000</FRAN>
    <GREC>45,270000</GREC>
    <MFTV>45,270000</MFTV>
    <PRGP>45,270000</PRGP>
    <ROSN>45,270000</ROSN>
    <SLOV>45,270000</SLOV>
    <SVIZ>45,270000</SVIZ>
    <BSP>45,270000</BSP>
    <MALT>45,270000</MALT>
    <XAUS>45,270000</XAUS>
    <XFRA>45,270000</XFRA>
  </Prezzi>
  <Prezzi>
    <Data>20180418</Data>
    <Mercato>MGP</Mercato>
    <Ora>16</Ora>
    <PUN>47,560000</PUN>
    <NAT>47,560000</NAT>
    <CNOR>47,560000</CNOR>
    <CSUD>47,560000</CSUD>
    <NORD>47,560000</NORD>
    <SARD>47,560000</SARD>
    <SICI>47,560000</SICI>
    <SUD>47,560000</SUD>
    <AUST>47,560000</AUST>
    <BRNN>47,560000</BRNN>
    <COAC>47,560000</COAC>
    <CORS>47,560000</CORS>
    <FOGN>47,560000</FOGN>
    <FRAN>47,560000</FRAN>
    <GREC>47,560000</GREC>
    <MFTV>47,560000</MFTV>
    <PRGP>47,560000</PRGP>
    <ROSN>47,560000</ROSN>
    <SLOV>47,560000</SLOV>
    <SVIZ>47,560000</SVIZ>
    <BSP>47,560000</BSP>
    <MALT>47,560000</MALT>
    <XAUS>47,560000</XAUS>
    <XFRA>47,560000</XFRA>
  </Prezzi>
  <Prezzi>
    <Data>20180418</Data>
    <Mercato>MGP</Mercato>
    <Ora>17</Ora>
    <PUN>48,410000</PUN>
    <NAT>48,410000</NAT>
    <CNOR>48,410000</CNOR>
    <CSUD>48,410000</CSUD>
    <NORD>48,410000</NORD>
    <SARD>48,410000</SARD>
    <SICI>48,410000</SICI>
    <SUD>48,410000</SUD>
    <AUST>48,410000</AUST>
    <BRNN>48,410000</BRNN>
    <COAC>48,410000</COAC>
    <CORS>48,410000</CORS>
    <FOGN>48,410000</FOGN>
    <FRAN>48,410000</FRAN>
    <GREC>48,410000</GREC>
    <MFTV>48,410000</MFTV>
    <PRGP>48,410000</PRGP>
    <ROSN>48,410000</ROSN>
    <SLOV>48,410000</SLOV>
    <SVIZ>48,410000</SVIZ>
    <BSP>48,410000</BSP>
    <MALT>48,410000</MALT>
    <XAUS>48,410000</XAUS>
    <XFRA>48,410000</XFRA>
  </Prezzi>
  <Prezzi>
    <Data>20180418</Data>
    <Mercato>MGP</Mercato>
    <Ora>18</Ora>
    <PUN>48,920000</PUN>
    <NAT>48,920000</NAT>
    <CNOR>48,920000</CNOR>
    <CSUD>48,920000</CSUD>
    <NORD>48,920000</NORD>
    <SARD>48,920000</SARD>
    <SICI>48,920000</SICI>
    <SUD>48,920000</SUD>
    <AUST>48,920000</AUST>
    <BRNN>48,920000</BRNN>
    <COAC>48,920000</COAC>
    <CORS>48,920000</CORS>
    <FOGN>48,920000</FOGN>
    <FRAN>48,920000</FRAN>
    <GREC>48,920000</GREC>
    <MFTV>48,920000</MFTV>
    <PRGP>48,920000</PRGP>
    <ROSN>48,920000</ROSN>
    <SLOV>48,920000</SLOV>
    <SVIZ>48,920000</SVIZ>
    <BSP>48,920000</BSP>
    <MALT>48,920000</MALT>
    <XAUS>48,920000</XAUS>
    <XFRA>48,920000</XFRA>
  </Prezzi>
  <Prezzi>
    <Data>20180418</Data>
    <Mercato>MGP</Mercato>
    <Ora>19</Ora>
    <PUN>52,710500</PUN>
    <NAT>52,350000</NAT>
    <CNOR>52,000000</CNOR>
    <CSUD>52,000000</CSUD>
    <NORD>52,000000</NORD>
    <SARD>52,000000</SARD>
    <SICI>64,490000</SICI>
    <SUD>52,000000</SUD>
    <AUST>52,000000</AUST>
    <BRNN>52,000000</BRNN>
    <COAC>52,000000</COAC>
    <CORS>52,000000</CORS>
    <FOGN>52,000000</FOGN>
    <FRAN>52,000000</FRAN>
    <GREC>52,000000</GREC>
    <MFTV>52,000000</MFTV>
    <PRGP>64,490000</PRGP>
    <ROSN>52,000000</ROSN>
    <SLOV>52,000000</SLOV>
    <SVIZ>52,000000</SVIZ>
    <BSP>52,000000</BSP>
    <MALT>64,490000</MALT>
    <XAUS>52,000000</XAUS>
    <XFRA>52,000000</XFRA>
  </Prezzi>
  <Prezzi>
    <Data>20180418</Data>
    <Mercato>MGP</Mercato>
    <Ora>20</Ora>
    <PUN>59,535330</PUN>
    <NAT>60,530000</NAT>
    <CNOR>57,450000</CNOR>
    <CSUD>57,450000</CSUD>
    <NORD>57,450000</NORD>
    <SARD>57,450000</SARD>
    <SICI>92,500000</SICI>
    <SUD>57,450000</SUD>
    <AUST>57,450000</AUST>
    <BRNN>57,450000</BRNN>
    <COAC>57,450000</COAC>
    <CORS>57,450000</CORS>
    <FOGN>57,450000</FOGN>
    <FRAN>57,450000</FRAN>
    <GREC>57,450000</GREC>
    <MFTV>57,450000</MFTV>
    <PRGP>92,500000</PRGP>
    <ROSN>57,450000</ROSN>
    <SLOV>57,450000</SLOV>
    <SVIZ>57,450000</SVIZ>
    <BSP>57,450000</BSP>
    <MALT>92,500000</MALT>
    <XAUS>57,450000</XAUS>
    <XFRA>57,450000</XFRA>
  </Prezzi>
  <Prezzi>
    <Data>20180418</Data>
    <Mercato>MGP</Mercato>
    <Ora>21</Ora>
    <PUN>62,155860</PUN>
    <NAT>60,700000</NAT>
    <CNOR>60,110000</CNOR>
    <CSUD>60,110000</CSUD>
    <NORD>60,110000</NORD>
    <SARD>60,110000</SARD>
    <SICI>92,980000</SICI>
    <SUD>60,110000</SUD>
    <AUST>60,110000</AUST>
    <BRNN>60,110000</BRNN>
    <COAC>60,110000</COAC>
    <CORS>60,110000</CORS>
    <FOGN>60,110000</FOGN>
    <FRAN>60,110000</FRAN>
    <GREC>60,110000</GREC>
    <MFTV>60,110000</MFTV>
    <PRGP>92,980000</PRGP>
    <ROSN>60,110000</ROSN>
    <SLOV>60,110000</SLOV>
    <SVIZ>60,110000</SVIZ>
    <BSP>60,110000</BSP>
    <MALT>92,980000</MALT>
    <XAUS>60,110000</XAUS>
    <XFRA>60,110000</XFRA>
  </Prezzi>
  <Prezzi>
    <Data>20180418</Data>
    <Mercato>MGP</Mercato>
    <Ora>22</Ora>
    <PUN>59,327130</PUN>
    <NAT>60,010000</NAT>
    <CNOR>57,110000</CNOR>
    <CSUD>57,110000</CSUD>
    <NORD>57,110000</NORD>
    <SARD>57,110000</SARD>
    <SICI>92,500000</SICI>
    <SUD>57,110000</SUD>
    <AUST>57,110000</AUST>
    <BRNN>57,110000</BRNN>
    <COAC>57,110000</COAC>
    <CORS>57,110000</CORS>
    <FOGN>57,110000</FOGN>
    <FRAN>57,110000</FRAN>
    <GREC>57,110000</GREC>
    <MFTV>57,110000</MFTV>
    <PRGP>92,500000</PRGP>
    <ROSN>57,110000</ROSN>
    <SLOV>57,110000</SLOV>
    <SVIZ>57,110000</SVIZ>
    <BSP>57,110000</BSP>
    <MALT>92,500000</MALT>
    <XAUS>57,110000</XAUS>
    <XFRA>57,110000</XFRA>
  </Prezzi>
  <Prezzi>
    <Data>20180418</Data>
    <Mercato>MGP</Mercato>
    <Ora>23</Ora>
    <PUN>53,033870</PUN>
    <NAT>52,000000</NAT>
    <CNOR>51,670000</CNOR>
    <CSUD>51,670000</CSUD>
    <NORD>51,670000</NORD>
    <SARD>51,670000</SARD>
    <SICI>73,320000</SICI>
    <SUD>51,670000</SUD>
    <AUST>51,670000</AUST>
    <BRNN>51,670000</BRNN>
    <COAC>51,670000</COAC>
    <CORS>51,670000</CORS>
    <FOGN>51,670000</FOGN>
    <FRAN>51,670000</FRAN>
    <GREC>51,670000</GREC>
    <MFTV>51,670000</MFTV>
    <PRGP>73,320000</PRGP>
    <ROSN>51,670000</ROSN>
    <SLOV>51,670000</SLOV>
    <SVIZ>51,670000</SVIZ>
    <BSP>51,670000</BSP>
    <MALT>73,320000</MALT>
    <XAUS>51,670000</XAUS>
    <XFRA>51,670000</XFRA>
  </Prezzi>
  <Prezzi>
    <Data>20180418</Data>
    <Mercato>MGP</Mercato>
    <Ora>24</Ora>
    <PUN>47,602790</PUN>
    <NAT>47,080000</NAT>
    <CNOR>46,770000</CNOR>
    <CSUD>46,770000</CSUD>
    <NORD>46,770000</NORD>
    <SARD>46,770000</SARD>
    <SICI>59,990000</SICI>
    <SUD>46,770000</SUD>
    <AUST>46,770000</AUST>
    <BRNN>46,770000</BRNN>
    <COAC>46,770000</COAC>
    <CORS>46,770000</CORS>
    <FOGN>46,770000</FOGN>
    <FRAN>46,770000</FRAN>
    <GREC>46,770000</GREC>
    <MFTV>46,770000</MFTV>
    <PRGP>59,990000</PRGP>
    <ROSN>46,770000</ROSN>
    <SLOV>46,770000</SLOV>
    <SVIZ>46,770000</SVIZ>
    <BSP>46,770000</BSP>
    <MALT>59,990000</MALT>
    <XAUS>46,770000</XAUS>
    <XFRA>46,770000</XFRA>
  </Prezzi>
</NewDataSet>