<?xml version="1.0" standalone="yes"?>
<NewDataSet>
  <xs:schema id="NewDataSet" xmlns="" xmlns:xs="http://www.w3.org/2001/XMLSchema" xmlns:msdata="urn:schemas-microsoft-com:xml-msdata">
    <xs:element name="NewDataSet" msdata:IsDataSet="true" msdata:UseCurrentLocale="true">
      <xs:complexType>
        <xs:choice minOccurs="0" maxOccurs="unbounded">
          <xs:element name="Prezzi">
            <xs:complexType>
              <xs:sequence>
                <xs:element name="Data" type="xs:string" minOccurs="0" />
                <xs:element name="Mercato" type="xs:string" minOccurs="0" />
                <xs:element name="Ora" type="xs:string" minOccurs="0" />
                <xs:element name="PUN" type="xs:string" minOccurs="0" />
                <xs:element name="NAT" type="xs:string" minOccurs="0" />
                <xs:element name="CNOR" type="xs:string" minOccurs="0" />
                <xs:element name="CSUD" type="xs:string" minOccurs="0" />
                <xs:element name="NORD" type="xs:string" minOccurs="0" />
                <xs:element name="SARD" type="xs:string" minOccurs="0" />
                <xs:element name="SICI" type="xs:string" minOccurs="0" />
                <xs:element name="SUD" type="xs:string" minOccurs="0" />
                <xs:element name="AUST" type="xs:string" minOccurs="0" />
                <xs:element name="BRNN" type="xs:string" minOccurs="0" />
                <xs:element name="COAC" type="xs:string" minOccurs="0" />
                <xs:element name="CORS" type="xs:string" minOccurs="0" />
                <xs:element name="FOGN" type="xs:string" minOccurs="0" />
                <xs:element name="FRAN" type="xs:string" minOccurs="0" />
                <xs:element name="GREC" type="xs:string" minOccurs="0" />
                <xs:element name="MFTV" type="xs:string" minOccurs="0" />
                <xs:element name="PRGP" type="xs:string" minOccurs="0" />
                <xs:element name="ROSN" type="xs:string" minOccurs="0" />
                <xs:element name="SLOV" type="xs:string" minOccurs="0" />
                <xs:element name="SVIZ" type="xs:string" minOccurs="0" />
                <xs:element name="BSP" type="xs:string" minOccurs="0" />
                <xs:element name="MALT" type="xs:string" minOccurs="0" />
                <xs:element name="XAUS" type="xs:string" minOccurs="0" />
                <xs:element name="XFRA" type="xs:string" minOccurs="0" />
              </xs:sequence>
            </xs:complexType>
          </xs:element>
        </xs:choice>
      </xs:complexType>
    </xs:element>
  </xs:schema>
  <Prezzi>
    <Data>20180410</Data>
    <Mercato>MGP</Mercato>
    <Ora>1</Ora>
    <PUN>45,757840</PUN>
    <NAT>45,220000</NAT>
    <CNOR>45,220000</CNOR>
    <CSUD>45,220000</CSUD>
    <NORD>45,220000</NORD>
    <SARD>45,220000</SARD>
    <SICI>54,130000</SICI>
    <SUD>45,220000</SUD>
    <AUST>45,220000</AUST>
    <BRNN>45,220000</BRNN>
    <COAC>45,220000</COAC>
    <CORS>45,220000</CORS>
    <FOGN>45,220000</FOGN>
    <FRAN>45,220000</FRAN>
    <GREC>45,220000</GREC>
    <MFTV>45,220000</MFTV>
    <PRGP>54,130000</PRGP>
    <ROSN>45,220000</ROSN>
    <SLOV>45,220000</SLOV>
    <SVIZ>45,220000</SVIZ>
    <BSP>45,220000</BSP>
    <MALT>54,130000</MALT>
    <XAUS>45,220000</XAUS>
    <XFRA>45,220000</XFRA>
  </Prezzi>
  <Prezzi>
    <Data>20180410</Data>
    <Mercato>MGP</Mercato>
    <Ora>2</Ora>
    <PUN>35,200000</PUN>
    <NAT>35,200000</NAT>
    <CNOR>35,200000</CNOR>
    <CSUD>35,200000</CSUD>
    <NORD>35,200000</NORD>
    <SARD>35,200000</SARD>
    <SICI>35,200000</SICI>
    <SUD>35,200000</SUD>
    <AUST>35,200000</AUST>
    <BRNN>35,200000</BRNN>
    <COAC>35,200000</COAC>
    <CORS>35,200000</CORS>
    <FOGN>35,200000</FOGN>
    <FRAN>35,200000</FRAN>
    <GREC>35,200000</GREC>
    <MFTV>35,200000</MFTV>
    <PRGP>35,200000</PRGP>
    <ROSN>35,200000</ROSN>
    <SLOV>35,200000</SLOV>
    <SVIZ>35,200000</SVIZ>
    <BSP>35,200000</BSP>
    <MALT>35,200000</MALT>
    <XAUS>35,200000</XAUS>
    <XFRA>35,200000</XFRA>
  </Prezzi>
  <Prezzi>
    <Data>20180410</Data>
    <Mercato>MGP</Mercato>
    <Ora>3</Ora>
    <PUN>35,000000</PUN>
    <NAT>35,000000</NAT>
    <CNOR>35,000000</CNOR>
    <CSUD>35,000000</CSUD>
    <NORD>35,000000</NORD>
    <SARD>35,000000</SARD>
    <SICI>35,000000</SICI>
    <SUD>35,000000</SUD>
    <AUST>35,000000</AUST>
    <BRNN>35,000000</BRNN>
    <COAC>35,000000</COAC>
    <CORS>35,000000</CORS>
    <FOGN>35,000000</FOGN>
    <FRAN>35,000000</FRAN>
    <GREC>35,000000</GREC>
    <MFTV>35,000000</MFTV>
    <PRGP>35,000000</PRGP>
    <ROSN>35,000000</ROSN>
    <SLOV>35,000000</SLOV>
    <SVIZ>35,000000</SVIZ>
    <BSP>35,000000</BSP>
    <MALT>35,000000</MALT>
    <XAUS>35,000000</XAUS>
    <XFRA>35,000000</XFRA>
  </Prezzi>
  <Prezzi>
    <Data>20180410</Data>
    <Mercato>MGP</Mercato>
    <Ora>4</Ora>
    <PUN>35,000000</PUN>
    <NAT>35,000000</NAT>
    <CNOR>35,000000</CNOR>
    <CSUD>35,000000</CSUD>
    <NORD>35,000000</NORD>
    <SARD>35,000000</SARD>
    <SICI>35,000000</SICI>
    <SUD>35,000000</SUD>
    <AUST>35,000000</AUST>
    <BRNN>35,000000</BRNN>
    <COAC>35,000000</COAC>
    <CORS>35,000000</CORS>
    <FOGN>35,000000</FOGN>
    <FRAN>35,000000</FRAN>
    <GREC>35,000000</GREC>
    <MFTV>35,000000</MFTV>
    <PRGP>35,000000</PRGP>
    <ROSN>35,000000</ROSN>
    <SLOV>35,000000</SLOV>
    <SVIZ>35,000000</SVIZ>
    <BSP>35,000000</BSP>
    <MALT>35,000000</MALT>
    <XAUS>35,000000</XAUS>
    <XFRA>35,000000</XFRA>
  </Prezzi>
  <Prezzi>
    <Data>20180410</Data>
    <Mercato>MGP</Mercato>
    <Ora>5</Ora>
    <PUN>35,350000</PUN>
    <NAT>35,350000</NAT>
    <CNOR>35,350000</CNOR>
    <CSUD>35,350000</CSUD>
    <NORD>35,350000</NORD>
    <SARD>35,350000</SARD>
    <SICI>35,350000</SICI>
    <SUD>35,350000</SUD>
    <AUST>35,350000</AUST>
    <BRNN>35,350000</BRNN>
    <COAC>35,350000</COAC>
    <CORS>35,350000</CORS>
    <FOGN>35,350000</FOGN>
    <FRAN>35,350000</FRAN>
    <GREC>35,350000</GREC>
    <MFTV>35,350000</MFTV>
    <PRGP>35,350000</PRGP>
    <ROSN>35,350000</ROSN>
    <SLOV>35,350000</SLOV>
    <SVIZ>35,350000</SVIZ>
    <BSP>35,350000</BSP>
    <MALT>35,350000</MALT>
    <XAUS>35,350000</XAUS>
    <XFRA>35,350000</XFRA>
  </Prezzi>
  <Prezzi>
    <Data>20180410</Data>
    <Mercato>MGP</Mercato>
    <Ora>6</Ora>
    <PUN>43,020000</PUN>
    <NAT>43,020000</NAT>
    <CNOR>43,020000</CNOR>
    <CSUD>43,020000</CSUD>
    <NORD>43,020000</NORD>
    <SARD>43,020000</SARD>
    <SICI>43,020000</SICI>
    <SUD>43,020000</SUD>
    <AUST>43,020000</AUST>
    <BRNN>43,020000</BRNN>
    <COAC>43,020000</COAC>
    <CORS>43,020000</CORS>
    <FOGN>43,020000</FOGN>
    <FRAN>43,020000</FRAN>
    <GREC>43,020000</GREC>
    <MFTV>43,020000</MFTV>
    <PRGP>43,020000</PRGP>
    <ROSN>43,020000</ROSN>
    <SLOV>43,020000</SLOV>
    <SVIZ>43,020000</SVIZ>
    <BSP>43,020000</BSP>
    <MALT>43,020000</MALT>
    <XAUS>43,020000</XAUS>
    <XFRA>43,020000</XFRA>
  </Prezzi>
  <Prezzi>
    <Data>20180410</Data>
    <Mercato>MGP</Mercato>
    <Ora>7</Ora>
    <PUN>51,476260</PUN>
    <NAT>51,000000</NAT>
    <CNOR>50,990000</CNOR>
    <CSUD>50,990000</CSUD>
    <NORD>50,990000</NORD>
    <SARD>50,990000</SARD>
    <SICI>59,990000</SICI>
    <SUD>50,990000</SUD>
    <AUST>50,990000</AUST>
    <BRNN>50,990000</BRNN>
    <COAC>50,990000</COAC>
    <CORS>50,990000</CORS>
    <FOGN>50,990000</FOGN>
    <FRAN>50,990000</FRAN>
    <GREC>50,990000</GREC>
    <MFTV>50,990000</MFTV>
    <PRGP>59,990000</PRGP>
    <ROSN>50,990000</ROSN>
    <SLOV>50,990000</SLOV>
    <SVIZ>50,990000</SVIZ>
    <BSP>50,990000</BSP>
    <MALT>59,990000</MALT>
    <XAUS>50,990000</XAUS>
    <XFRA>50,990000</XFRA>
  </Prezzi>
  <Prezzi>
    <Data>20180410</Data>
    <Mercato>MGP</Mercato>
    <Ora>8</Ora>
    <PUN>56,183460</PUN>
    <NAT>54,710000</NAT>
    <CNOR>54,540000</CNOR>
    <CSUD>54,540000</CSUD>
    <NORD>54,540000</NORD>
    <SARD>54,540000</SARD>
    <SICI>84,990000</SICI>
    <SUD>54,540000</SUD>
    <AUST>54,540000</AUST>
    <BRNN>54,540000</BRNN>
    <COAC>54,540000</COAC>
    <CORS>54,540000</CORS>
    <FOGN>54,540000</FOGN>
    <FRAN>54,540000</FRAN>
    <GREC>54,540000</GREC>
    <MFTV>54,540000</MFTV>
    <PRGP>84,990000</PRGP>
    <ROSN>54,540000</ROSN>
    <SLOV>54,540000</SLOV>
    <SVIZ>54,540000</SVIZ>
    <BSP>54,540000</BSP>
    <MALT>84,990000</MALT>
    <XAUS>54,540000</XAUS>
    <XFRA>54,540000</XFRA>
  </Prezzi>
  <Prezzi>
    <Data>20180410</Data>
    <Mercato>MGP</Mercato>
    <Ora>9</Ora>
    <PUN>67,902100</PUN>
    <NAT>73,000000</NAT>
    <CNOR>66,610000</CNOR>
    <CSUD>66,610000</CSUD>
    <NORD>66,610000</NORD>
    <SARD>66,610000</SARD>
    <SICI>91,000000</SICI>
    <SUD>66,610000</SUD>
    <AUST>66,610000</AUST>
    <BRNN>66,610000</BRNN>
    <COAC>66,610000</COAC>
    <CORS>66,610000</CORS>
    <FOGN>66,610000</FOGN>
    <FRAN>66,610000</FRAN>
    <GREC>66,610000</GREC>
    <MFTV>66,610000</MFTV>
    <PRGP>91,000000</PRGP>
    <ROSN>66,610000</ROSN>
    <SLOV>66,610000</SLOV>
    <SVIZ>66,610000</SVIZ>
    <BSP>66,610000</BSP>
    <MALT>91,000000</MALT>
    <XAUS>66,610000</XAUS>
    <XFRA>66,610000</XFRA>
  </Prezzi>
  <Prezzi>
    <Data>20180410</Data>
    <Mercato>MGP</Mercato>
    <Ora>10</Ora>
    <PUN>58,463470</PUN>
    <NAT>57,990000</NAT>
    <CNOR>56,690000</CNOR>
    <CSUD>56,690000</CSUD>
    <NORD>56,690000</NORD>
    <SARD>56,690000</SARD>
    <SICI>90,490000</SICI>
    <SUD>56,690000</SUD>
    <AUST>56,690000</AUST>
    <BRNN>56,690000</BRNN>
    <COAC>56,690000</COAC>
    <CORS>56,690000</CORS>
    <FOGN>56,690000</FOGN>
    <FRAN>56,690000</FRAN>
    <GREC>56,690000</GREC>
    <MFTV>56,690000</MFTV>
    <PRGP>90,490000</PRGP>
    <ROSN>56,690000</ROSN>
    <SLOV>56,690000</SLOV>
    <SVIZ>56,690000</SVIZ>
    <BSP>56,690000</BSP>
    <MALT>90,490000</MALT>
    <XAUS>56,690000</XAUS>
    <XFRA>56,690000</XFRA>
  </Prezzi>
  <Prezzi>
    <Data>20180410</Data>
    <Mercato>MGP</Mercato>
    <Ora>11</Ora>
    <PUN>54,171600</PUN>
    <NAT>53,260000</NAT>
    <CNOR>52,500000</CNOR>
    <CSUD>52,500000</CSUD>
    <NORD>52,500000</NORD>
    <SARD>52,500000</SARD>
    <SICI>84,990000</SICI>
    <SUD>52,500000</SUD>
    <AUST>52,500000</AUST>
    <BRNN>52,500000</BRNN>
    <COAC>52,500000</COAC>
    <CORS>52,500000</CORS>
    <FOGN>52,500000</FOGN>
    <FRAN>52,500000</FRAN>
    <GREC>52,500000</GREC>
    <MFTV>52,500000</MFTV>
    <PRGP>84,990000</PRGP>
    <ROSN>52,500000</ROSN>
    <SLOV>52,500000</SLOV>
    <SVIZ>52,500000</SVIZ>
    <BSP>52,500000</BSP>
    <MALT>84,990000</MALT>
    <XAUS>52,500000</XAUS>
    <XFRA>52,500000</XFRA>
  </Prezzi>
  <Prezzi>
    <Data>20180410</Data>
    <Mercato>MGP</Mercato>
    <Ora>12</Ora>
    <PUN>52,823150</PUN>
    <NAT>52,860000</NAT>
    <CNOR>52,280000</CNOR>
    <CSUD>52,280000</CSUD>
    <NORD>52,280000</NORD>
    <SARD>52,280000</SARD>
    <SICI>62,930000</SICI>
    <SUD>52,280000</SUD>
    <AUST>52,280000</AUST>
    <BRNN>52,280000</BRNN>
    <COAC>52,280000</COAC>
    <CORS>52,280000</CORS>
    <FOGN>52,280000</FOGN>
    <FRAN>52,280000</FRAN>
    <GREC>52,280000</GREC>
    <MFTV>52,280000</MFTV>
    <PRGP>62,930000</PRGP>
    <ROSN>52,280000</ROSN>
    <SLOV>52,280000</SLOV>
    <SVIZ>52,280000</SVIZ>
    <BSP>52,280000</BSP>
    <MALT>62,930000</MALT>
    <XAUS>52,280000</XAUS>
    <XFRA>52,280000</XFRA>
  </Prezzi>
  <Prezzi>
    <Data>20180410</Data>
    <Mercato>MGP</Mercato>
    <Ora>13</Ora>
    <PUN>50,219430</PUN>
    <NAT>50,000000</NAT>
    <CNOR>50,000000</CNOR>
    <CSUD>50,000000</CSUD>
    <NORD>50,000000</NORD>
    <SARD>50,000000</SARD>
    <SICI>54,130000</SICI>
    <SUD>50,000000</SUD>
    <AUST>50,000000</AUST>
    <BRNN>50,000000</BRNN>
    <COAC>50,000000</COAC>
    <CORS>50,000000</CORS>
    <FOGN>50,000000</FOGN>
    <FRAN>50,000000</FRAN>
    <GREC>50,000000</GREC>
    <MFTV>50,000000</MFTV>
    <PRGP>54,130000</PRGP>
    <ROSN>50,000000</ROSN>
    <SLOV>50,000000</SLOV>
    <SVIZ>50,000000</SVIZ>
    <BSP>50,000000</BSP>
    <MALT>54,130000</MALT>
    <XAUS>50,000000</XAUS>
    <XFRA>50,000000</XFRA>
  </Prezzi>
  <Prezzi>
    <Data>20180410</Data>
    <Mercato>MGP</Mercato>
    <Ora>14</Ora>
    <PUN>50,000000</PUN>
    <NAT>50,000000</NAT>
    <CNOR>50,000000</CNOR>
    <CSUD>50,000000</CSUD>
    <NORD>50,000000</NORD>
    <SARD>50,000000</SARD>
    <SICI>50,000000</SICI>
    <SUD>50,000000</SUD>
    <AUST>50,000000</AUST>
    <BRNN>50,000000</BRNN>
    <COAC>50,000000</COAC>
    <CORS>50,000000</CORS>
    <FOGN>50,000000</FOGN>
    <FRAN>50,000000</FRAN>
    <GREC>50,000000</GREC>
    <MFTV>50,000000</MFTV>
    <PRGP>50,000000</PRGP>
    <ROSN>50,000000</ROSN>
    <SLOV>50,000000</SLOV>
    <SVIZ>50,000000</SVIZ>
    <BSP>50,000000</BSP>
    <MALT>50,000000</MALT>
    <XAUS>50,000000</XAUS>
    <XFRA>50,000000</XFRA>
  </Prezzi>
  <Prezzi>
    <Data>20180410</Data>
    <Mercato>MGP</Mercato>
    <Ora>15</Ora>
    <PUN>51,210000</PUN>
    <NAT>51,210000</NAT>
    <CNOR>51,210000</CNOR>
    <CSUD>51,210000</CSUD>
    <NORD>51,210000</NORD>
    <SARD>51,210000</SARD>
    <SICI>51,210000</SICI>
    <SUD>51,210000</SUD>
    <AUST>51,210000</AUST>
    <BRNN>51,210000</BRNN>
    <COAC>51,210000</COAC>
    <CORS>51,210000</CORS>
    <FOGN>51,210000</FOGN>
    <FRAN>51,210000</FRAN>
    <GREC>51,210000</GREC>
    <MFTV>51,210000</MFTV>
    <PRGP>51,210000</PRGP>
    <ROSN>51,210000</ROSN>
    <SLOV>51,210000</SLOV>
    <SVIZ>51,210000</SVIZ>
    <BSP>51,210000</BSP>
    <MALT>51,210000</MALT>
    <XAUS>51,210000</XAUS>
    <XFRA>51,210000</XFRA>
  </Prezzi>
  <Prezzi>
    <Data>20180410</Data>
    <Mercato>MGP</Mercato>
    <Ora>16</Ora>
    <PUN>51,966180</PUN>
    <NAT>51,540000</NAT>
    <CNOR>51,540000</CNOR>
    <CSUD>51,540000</CSUD>
    <NORD>51,540000</NORD>
    <SARD>51,540000</SARD>
    <SICI>59,990000</SICI>
    <SUD>51,540000</SUD>
    <AUST>51,540000</AUST>
    <BRNN>51,540000</BRNN>
    <COAC>51,540000</COAC>
    <CORS>51,540000</CORS>
    <FOGN>51,540000</FOGN>
    <FRAN>51,540000</FRAN>
    <GREC>51,540000</GREC>
    <MFTV>51,540000</MFTV>
    <PRGP>59,990000</PRGP>
    <ROSN>51,540000</ROSN>
    <SLOV>51,540000</SLOV>
    <SVIZ>51,540000</SVIZ>
    <BSP>51,540000</BSP>
    <MALT>59,990000</MALT>
    <XAUS>51,540000</XAUS>
    <XFRA>51,540000</XFRA>
  </Prezzi>
  <Prezzi>
    <Data>20180410</Data>
    <Mercato>MGP</Mercato>
    <Ora>17</Ora>
    <PUN>54,130000</PUN>
    <NAT>54,130000</NAT>
    <CNOR>54,130000</CNOR>
    <CSUD>54,130000</CSUD>
    <NORD>54,130000</NORD>
    <SARD>54,130000</SARD>
    <SICI>54,130000</SICI>
    <SUD>54,130000</SUD>
    <AUST>54,130000</AUST>
    <BRNN>54,130000</BRNN>
    <COAC>54,130000</COAC>
    <CORS>54,130000</CORS>
    <FOGN>54,130000</FOGN>
    <FRAN>54,130000</FRAN>
    <GREC>54,130000</GREC>
    <MFTV>54,130000</MFTV>
    <PRGP>54,130000</PRGP>
    <ROSN>54,130000</ROSN>
    <SLOV>54,130000</SLOV>
    <SVIZ>54,130000</SVIZ>
    <BSP>54,130000</BSP>
    <MALT>54,130000</MALT>
    <XAUS>54,130000</XAUS>
    <XFRA>54,130000</XFRA>
  </Prezzi>
  <Prezzi>
    <Data>20180410</Data>
    <Mercato>MGP</Mercato>
    <Ora>18</Ora>
    <PUN>55,718130</PUN>
    <NAT>55,310000</NAT>
    <CNOR>55,310000</CNOR>
    <CSUD>55,310000</CSUD>
    <NORD>55,310000</NORD>
    <SARD>55,310000</SARD>
    <SICI>62,930000</SICI>
    <SUD>55,310000</SUD>
    <AUST>55,310000</AUST>
    <BRNN>55,310000</BRNN>
    <COAC>55,310000</COAC>
    <CORS>55,310000</CORS>
    <FOGN>55,310000</FOGN>
    <FRAN>55,310000</FRAN>
    <GREC>55,310000</GREC>
    <MFTV>55,310000</MFTV>
    <PRGP>62,930000</PRGP>
    <ROSN>55,310000</ROSN>
    <SLOV>55,310000</SLOV>
    <SVIZ>55,310000</SVIZ>
    <BSP>55,310000</BSP>
    <MALT>62,930000</MALT>
    <XAUS>55,310000</XAUS>
    <XFRA>55,310000</XFRA>
  </Prezzi>
  <Prezzi>
    <Data>20180410</Data>
    <Mercato>MGP</Mercato>
    <Ora>19</Ora>
    <PUN>60,660890</PUN>
    <NAT>59,990000</NAT>
    <CNOR>59,230000</CNOR>
    <CSUD>59,230000</CSUD>
    <NORD>59,230000</NORD>
    <SARD>59,230000</SARD>
    <SICI>84,990000</SICI>
    <SUD>59,230000</SUD>
    <AUST>59,230000</AUST>
    <BRNN>59,230000</BRNN>
    <COAC>59,230000</COAC>
    <CORS>59,230000</CORS>
    <FOGN>59,230000</FOGN>
    <FRAN>59,230000</FRAN>
    <GREC>59,230000</GREC>
    <MFTV>59,230000</MFTV>
    <PRGP>84,990000</PRGP>
    <ROSN>59,230000</ROSN>
    <SLOV>59,230000</SLOV>
    <SVIZ>59,230000</SVIZ>
    <BSP>59,230000</BSP>
    <MALT>84,990000</MALT>
    <XAUS>59,230000</XAUS>
    <XFRA>59,230000</XFRA>
  </Prezzi>
  <Prezzi>
    <Data>20180410</Data>
    <Mercato>MGP</Mercato>
    <Ora>20</Ora>
    <PUN>75,936580</PUN>
    <NAT>75,530000</NAT>
    <CNOR>75,000000</CNOR>
    <CSUD>75,000000</CSUD>
    <NORD>75,000000</NORD>
    <SARD>75,000000</SARD>
    <SICI>91,000000</SICI>
    <SUD>75,000000</SUD>
    <AUST>75,000000</AUST>
    <BRNN>75,000000</BRNN>
    <COAC>75,000000</COAC>
    <CORS>75,000000</CORS>
    <FOGN>75,000000</FOGN>
    <FRAN>75,000000</FRAN>
    <GREC>75,000000</GREC>
    <MFTV>75,000000</MFTV>
    <PRGP>91,000000</PRGP>
    <ROSN>75,000000</ROSN>
    <SLOV>75,000000</SLOV>
    <SVIZ>75,000000</SVIZ>
    <BSP>75,000000</BSP>
    <MALT>91,000000</MALT>
    <XAUS>75,000000</XAUS>
    <XFRA>75,000000</XFRA>
  </Prezzi>
  <Prezzi>
    <Data>20180410</Data>
    <Mercato>MGP</Mercato>
    <Ora>21</Ora>
    <PUN>77,558740</PUN>
    <NAT>77,070000</NAT>
    <CNOR>76,670000</CNOR>
    <CSUD>76,670000</CSUD>
    <NORD>76,670000</NORD>
    <SARD>76,670000</SARD>
    <SICI>91,000000</SICI>
    <SUD>76,670000</SUD>
    <AUST>76,670000</AUST>
    <BRNN>76,670000</BRNN>
    <COAC>76,670000</COAC>
    <CORS>76,670000</CORS>
    <FOGN>76,670000</FOGN>
    <FRAN>76,670000</FRAN>
    <GREC>76,670000</GREC>
    <MFTV>76,670000</MFTV>
    <PRGP>91,000000</PRGP>
    <ROSN>76,670000</ROSN>
    <SLOV>76,670000</SLOV>
    <SVIZ>76,670000</SVIZ>
    <BSP>76,670000</BSP>
    <MALT>91,000000</MALT>
    <XAUS>76,670000</XAUS>
    <XFRA>76,670000</XFRA>
  </Prezzi>
  <Prezzi>
    <Data>20180410</Data>
    <Mercato>MGP</Mercato>
    <Ora>22</Ora>
    <PUN>58,881800</PUN>
    <NAT>57,130000</NAT>
    <CNOR>56,790000</CNOR>
    <CSUD>56,790000</CSUD>
    <NORD>56,790000</NORD>
    <SARD>56,790000</SARD>
    <SICI>90,490000</SICI>
    <SUD>56,790000</SUD>
    <AUST>56,790000</AUST>
    <BRNN>56,790000</BRNN>
    <COAC>56,790000</COAC>
    <CORS>56,790000</CORS>
    <FOGN>56,790000</FOGN>
    <FRAN>56,790000</FRAN>
    <GREC>56,790000</GREC>
    <MFTV>56,790000</MFTV>
    <PRGP>90,490000</PRGP>
    <ROSN>56,790000</ROSN>
    <SLOV>56,790000</SLOV>
    <SVIZ>56,790000</SVIZ>
    <BSP>56,790000</BSP>
    <MALT>90,490000</MALT>
    <XAUS>56,790000</XAUS>
    <XFRA>56,790000</XFRA>
  </Prezzi>
  <Prezzi>
    <Data>20180410</Data>
    <Mercato>MGP</Mercato>
    <Ora>23</Ora>
    <PUN>52,685460</PUN>
    <NAT>52,990000</NAT>
    <CNOR>52,000000</CNOR>
    <CSUD>52,000000</CSUD>
    <NORD>52,000000</NORD>
    <SARD>52,000000</SARD>
    <SICI>62,930000</SICI>
    <SUD>52,000000</SUD>
    <AUST>52,000000</AUST>
    <BRNN>52,000000</BRNN>
    <COAC>52,000000</COAC>
    <CORS>52,000000</CORS>
    <FOGN>52,000000</FOGN>
    <FRAN>52,000000</FRAN>
    <GREC>52,000000</GREC>
    <MFTV>52,000000</MFTV>
    <PRGP>62,930000</PRGP>
    <ROSN>52,000000</ROSN>
    <SLOV>52,000000</SLOV>
    <SVIZ>52,000000</SVIZ>
    <BSP>52,000000</BSP>
    <MALT>62,930000</MALT>
    <XAUS>52,000000</XAUS>
    <XFRA>52,000000</XFRA>
  </Prezzi>
  <Prezzi>
    <Data>20180410</Data>
    <Mercato>MGP</Mercato>
    <Ora>24</Ora>
    <PUN>49,520000</PUN>
    <NAT>49,520000</NAT>
    <CNOR>49,520000</CNOR>
    <CSUD>49,520000</CSUD>
    <NORD>49,520000</NORD>
    <SARD>49,520000</SARD>
    <SICI>49,520000</SICI>
    <SUD>49,520000</SUD>
    <AUST>49,520000</AUST>
    <BRNN>49,520000</BRNN>
    <COAC>49,520000</COAC>
    <CORS>49,520000</CORS>
    <FOGN>49,520000</FOGN>
    <FRAN>49,520000</FRAN>
    <GREC>49,520000</GREC>
    <MFTV>49,520000</MFTV>
    <PRGP>49,520000</PRGP>
    <ROSN>49,520000</ROSN>
    <SLOV>49,520000</SLOV>
    <SVIZ>49,520000</SVIZ>
    <BSP>49,520000</BSP>
    <MALT>49,520000</MALT>
    <XAUS>49,520000</XAUS>
    <XFRA>49,520000</XFRA>
  </Prezzi>
</NewDataSet>