<?xml version="1.0" standalone="yes"?>
<NewDataSet>
  <xs:schema id="NewDataSet" xmlns="" xmlns:xs="http://www.w3.org/2001/XMLSchema" xmlns:msdata="urn:schemas-microsoft-com:xml-msdata">
    <xs:element name="NewDataSet" msdata:IsDataSet="true" msdata:UseCurrentLocale="true">
      <xs:complexType>
        <xs:choice minOccurs="0" maxOccurs="unbounded">
          <xs:element name="Prezzi">
            <xs:complexType>
              <xs:sequence>
                <xs:element name="Data" type="xs:string" minOccurs="0" />
                <xs:element name="Mercato" type="xs:string" minOccurs="0" />
                <xs:element name="Ora" type="xs:string" minOccurs="0" />
                <xs:element name="PUN" type="xs:string" minOccurs="0" />
                <xs:element name="NAT" type="xs:string" minOccurs="0" />
                <xs:element name="CNOR" type="xs:string" minOccurs="0" />
                <xs:element name="CSUD" type="xs:string" minOccurs="0" />
                <xs:element name="NORD" type="xs:string" minOccurs="0" />
                <xs:element name="SARD" type="xs:string" minOccurs="0" />
                <xs:element name="SICI" type="xs:string" minOccurs="0" />
                <xs:element name="SUD" type="xs:string" minOccurs="0" />
                <xs:element name="AUST" type="xs:string" minOccurs="0" />
                <xs:element name="BRNN" type="xs:string" minOccurs="0" />
                <xs:element name="COAC" type="xs:string" minOccurs="0" />
                <xs:element name="CORS" type="xs:string" minOccurs="0" />
                <xs:element name="FOGN" type="xs:string" minOccurs="0" />
                <xs:element name="FRAN" type="xs:string" minOccurs="0" />
                <xs:element name="GREC" type="xs:string" minOccurs="0" />
                <xs:element name="MFTV" type="xs:string" minOccurs="0" />
                <xs:element name="PRGP" type="xs:string" minOccurs="0" />
                <xs:element name="ROSN" type="xs:string" minOccurs="0" />
                <xs:element name="SLOV" type="xs:string" minOccurs="0" />
                <xs:element name="SVIZ" type="xs:string" minOccurs="0" />
                <xs:element name="BSP" type="xs:string" minOccurs="0" />
                <xs:element name="MALT" type="xs:string" minOccurs="0" />
                <xs:element name="XAUS" type="xs:string" minOccurs="0" />
                <xs:element name="XFRA" type="xs:string" minOccurs="0" />
              </xs:sequence>
            </xs:complexType>
          </xs:element>
        </xs:choice>
      </xs:complexType>
    </xs:element>
  </xs:schema>
  <Prezzi>
    <Data>20180403</Data>
    <Mercato>MGP</Mercato>
    <Ora>1</Ora>
    <PUN>52,160000</PUN>
    <NAT>52,160000</NAT>
    <CNOR>52,160000</CNOR>
    <CSUD>52,160000</CSUD>
    <NORD>52,160000</NORD>
    <SARD>52,160000</SARD>
    <SICI>52,160000</SICI>
    <SUD>52,160000</SUD>
    <AUST>52,160000</AUST>
    <BRNN>52,160000</BRNN>
    <COAC>52,160000</COAC>
    <CORS>52,160000</CORS>
    <FOGN>52,160000</FOGN>
    <FRAN>52,160000</FRAN>
    <GREC>52,160000</GREC>
    <MFTV>52,160000</MFTV>
    <PRGP>52,160000</PRGP>
    <ROSN>52,160000</ROSN>
    <SLOV>52,160000</SLOV>
    <SVIZ>52,160000</SVIZ>
    <BSP>52,160000</BSP>
    <MALT>52,160000</MALT>
    <XAUS>52,160000</XAUS>
    <XFRA>52,160000</XFRA>
  </Prezzi>
  <Prezzi>
    <Data>20180403</Data>
    <Mercato>MGP</Mercato>
    <Ora>2</Ora>
    <PUN>47,750000</PUN>
    <NAT>47,750000</NAT>
    <CNOR>47,750000</CNOR>
    <CSUD>47,750000</CSUD>
    <NORD>47,750000</NORD>
    <SARD>47,750000</SARD>
    <SICI>47,750000</SICI>
    <SUD>47,750000</SUD>
    <AUST>47,750000</AUST>
    <BRNN>47,750000</BRNN>
    <COAC>47,750000</COAC>
    <CORS>47,750000</CORS>
    <FOGN>47,750000</FOGN>
    <FRAN>47,750000</FRAN>
    <GREC>47,750000</GREC>
    <MFTV>47,750000</MFTV>
    <PRGP>47,750000</PRGP>
    <ROSN>47,750000</ROSN>
    <SLOV>47,750000</SLOV>
    <SVIZ>47,750000</SVIZ>
    <BSP>47,750000</BSP>
    <MALT>47,750000</MALT>
    <XAUS>47,750000</XAUS>
    <XFRA>47,750000</XFRA>
  </Prezzi>
  <Prezzi>
    <Data>20180403</Data>
    <Mercato>MGP</Mercato>
    <Ora>3</Ora>
    <PUN>44,290000</PUN>
    <NAT>44,290000</NAT>
    <CNOR>44,290000</CNOR>
    <CSUD>44,290000</CSUD>
    <NORD>44,290000</NORD>
    <SARD>44,290000</SARD>
    <SICI>44,290000</SICI>
    <SUD>44,290000</SUD>
    <AUST>44,290000</AUST>
    <BRNN>44,290000</BRNN>
    <COAC>44,290000</COAC>
    <CORS>44,290000</CORS>
    <FOGN>44,290000</FOGN>
    <FRAN>44,290000</FRAN>
    <GREC>44,290000</GREC>
    <MFTV>44,290000</MFTV>
    <PRGP>44,290000</PRGP>
    <ROSN>44,290000</ROSN>
    <SLOV>44,290000</SLOV>
    <SVIZ>44,290000</SVIZ>
    <BSP>44,290000</BSP>
    <MALT>44,290000</MALT>
    <XAUS>44,290000</XAUS>
    <XFRA>44,290000</XFRA>
  </Prezzi>
  <Prezzi>
    <Data>20180403</Data>
    <Mercato>MGP</Mercato>
    <Ora>4</Ora>
    <PUN>43,930000</PUN>
    <NAT>43,930000</NAT>
    <CNOR>43,930000</CNOR>
    <CSUD>43,930000</CSUD>
    <NORD>43,930000</NORD>
    <SARD>43,930000</SARD>
    <SICI>43,930000</SICI>
    <SUD>43,930000</SUD>
    <AUST>43,930000</AUST>
    <BRNN>43,930000</BRNN>
    <COAC>43,930000</COAC>
    <CORS>43,930000</CORS>
    <FOGN>43,930000</FOGN>
    <FRAN>43,930000</FRAN>
    <GREC>43,930000</GREC>
    <MFTV>43,930000</MFTV>
    <PRGP>43,930000</PRGP>
    <ROSN>43,930000</ROSN>
    <SLOV>43,930000</SLOV>
    <SVIZ>43,930000</SVIZ>
    <BSP>43,930000</BSP>
    <MALT>43,930000</MALT>
    <XAUS>43,930000</XAUS>
    <XFRA>43,930000</XFRA>
  </Prezzi>
  <Prezzi>
    <Data>20180403</Data>
    <Mercato>MGP</Mercato>
    <Ora>5</Ora>
    <PUN>39,000000</PUN>
    <NAT>39,000000</NAT>
    <CNOR>39,000000</CNOR>
    <CSUD>39,000000</CSUD>
    <NORD>39,000000</NORD>
    <SARD>39,000000</SARD>
    <SICI>39,000000</SICI>
    <SUD>39,000000</SUD>
    <AUST>39,000000</AUST>
    <BRNN>39,000000</BRNN>
    <COAC>39,000000</COAC>
    <CORS>39,000000</CORS>
    <FOGN>39,000000</FOGN>
    <FRAN>39,000000</FRAN>
    <GREC>39,000000</GREC>
    <MFTV>39,000000</MFTV>
    <PRGP>39,000000</PRGP>
    <ROSN>39,000000</ROSN>
    <SLOV>39,000000</SLOV>
    <SVIZ>39,000000</SVIZ>
    <BSP>39,000000</BSP>
    <MALT>39,000000</MALT>
    <XAUS>39,000000</XAUS>
    <XFRA>39,000000</XFRA>
  </Prezzi>
  <Prezzi>
    <Data>20180403</Data>
    <Mercato>MGP</Mercato>
    <Ora>6</Ora>
    <PUN>40,490000</PUN>
    <NAT>40,490000</NAT>
    <CNOR>40,490000</CNOR>
    <CSUD>40,490000</CSUD>
    <NORD>40,490000</NORD>
    <SARD>40,490000</SARD>
    <SICI>40,490000</SICI>
    <SUD>40,490000</SUD>
    <AUST>40,490000</AUST>
    <BRNN>40,490000</BRNN>
    <COAC>40,490000</COAC>
    <CORS>40,490000</CORS>
    <FOGN>40,490000</FOGN>
    <FRAN>40,490000</FRAN>
    <GREC>40,490000</GREC>
    <MFTV>40,490000</MFTV>
    <PRGP>40,490000</PRGP>
    <ROSN>40,490000</ROSN>
    <SLOV>40,490000</SLOV>
    <SVIZ>40,490000</SVIZ>
    <BSP>40,490000</BSP>
    <MALT>40,490000</MALT>
    <XAUS>40,490000</XAUS>
    <XFRA>40,490000</XFRA>
  </Prezzi>
  <Prezzi>
    <Data>20180403</Data>
    <Mercato>MGP</Mercato>
    <Ora>7</Ora>
    <PUN>49,750000</PUN>
    <NAT>49,750000</NAT>
    <CNOR>49,750000</CNOR>
    <CSUD>49,750000</CSUD>
    <NORD>49,750000</NORD>
    <SARD>49,750000</SARD>
    <SICI>49,750000</SICI>
    <SUD>49,750000</SUD>
    <AUST>49,750000</AUST>
    <BRNN>49,750000</BRNN>
    <COAC>49,750000</COAC>
    <CORS>49,750000</CORS>
    <FOGN>49,750000</FOGN>
    <FRAN>49,750000</FRAN>
    <GREC>49,750000</GREC>
    <MFTV>49,750000</MFTV>
    <PRGP>49,750000</PRGP>
    <ROSN>49,750000</ROSN>
    <SLOV>49,750000</SLOV>
    <SVIZ>49,750000</SVIZ>
    <BSP>49,750000</BSP>
    <MALT>49,750000</MALT>
    <XAUS>49,750000</XAUS>
    <XFRA>49,750000</XFRA>
  </Prezzi>
  <Prezzi>
    <Data>20180403</Data>
    <Mercato>MGP</Mercato>
    <Ora>8</Ora>
    <PUN>52,705070</PUN>
    <NAT>53,240000</NAT>
    <CNOR>52,705070</CNOR>
    <CSUD>52,705070</CSUD>
    <NORD>52,705070</NORD>
    <SARD>52,705070</SARD>
    <SICI>52,705070</SICI>
    <SUD>52,705070</SUD>
    <AUST>52,705070</AUST>
    <BRNN>52,705070</BRNN>
    <COAC>52,705070</COAC>
    <CORS>52,705070</CORS>
    <FOGN>52,705070</FOGN>
    <FRAN>52,705070</FRAN>
    <GREC>52,705070</GREC>
    <MFTV>52,705070</MFTV>
    <PRGP>52,705070</PRGP>
    <ROSN>52,705070</ROSN>
    <SLOV>52,705070</SLOV>
    <SVIZ>52,705070</SVIZ>
    <BSP>52,705070</BSP>
    <MALT>52,705070</MALT>
    <XAUS>52,705070</XAUS>
    <XFRA>52,705070</XFRA>
  </Prezzi>
  <Prezzi>
    <Data>20180403</Data>
    <Mercato>MGP</Mercato>
    <Ora>9</Ora>
    <PUN>60,820000</PUN>
    <NAT>60,820000</NAT>
    <CNOR>60,820000</CNOR>
    <CSUD>60,820000</CSUD>
    <NORD>60,820000</NORD>
    <SARD>60,820000</SARD>
    <SICI>60,820000</SICI>
    <SUD>60,820000</SUD>
    <AUST>60,820000</AUST>
    <BRNN>60,820000</BRNN>
    <COAC>60,820000</COAC>
    <CORS>60,820000</CORS>
    <FOGN>60,820000</FOGN>
    <FRAN>60,820000</FRAN>
    <GREC>60,820000</GREC>
    <MFTV>60,820000</MFTV>
    <PRGP>60,820000</PRGP>
    <ROSN>60,820000</ROSN>
    <SLOV>60,820000</SLOV>
    <SVIZ>60,820000</SVIZ>
    <BSP>60,820000</BSP>
    <MALT>60,820000</MALT>
    <XAUS>60,820000</XAUS>
    <XFRA>60,820000</XFRA>
  </Prezzi>
  <Prezzi>
    <Data>20180403</Data>
    <Mercato>MGP</Mercato>
    <Ora>10</Ora>
    <PUN>56,466580</PUN>
    <NAT>56,820000</NAT>
    <CNOR>56,466580</CNOR>
    <CSUD>56,466580</CSUD>
    <NORD>56,466580</NORD>
    <SARD>56,466580</SARD>
    <SICI>56,466580</SICI>
    <SUD>56,466580</SUD>
    <AUST>56,466580</AUST>
    <BRNN>56,466580</BRNN>
    <COAC>56,466580</COAC>
    <CORS>56,466580</CORS>
    <FOGN>56,466580</FOGN>
    <FRAN>56,466580</FRAN>
    <GREC>56,466580</GREC>
    <MFTV>56,466580</MFTV>
    <PRGP>56,466580</PRGP>
    <ROSN>56,466580</ROSN>
    <SLOV>56,466580</SLOV>
    <SVIZ>56,466580</SVIZ>
    <BSP>56,466580</BSP>
    <MALT>56,466580</MALT>
    <XAUS>56,466580</XAUS>
    <XFRA>56,466580</XFRA>
  </Prezzi>
  <Prezzi>
    <Data>20180403</Data>
    <Mercato>MGP</Mercato>
    <Ora>11</Ora>
    <PUN>52,160000</PUN>
    <NAT>52,160000</NAT>
    <CNOR>52,160000</CNOR>
    <CSUD>52,160000</CSUD>
    <NORD>52,160000</NORD>
    <SARD>52,160000</SARD>
    <SICI>52,160000</SICI>
    <SUD>52,160000</SUD>
    <AUST>52,160000</AUST>
    <BRNN>52,160000</BRNN>
    <COAC>52,160000</COAC>
    <CORS>52,160000</CORS>
    <FOGN>52,160000</FOGN>
    <FRAN>52,160000</FRAN>
    <GREC>52,160000</GREC>
    <MFTV>52,160000</MFTV>
    <PRGP>52,160000</PRGP>
    <ROSN>52,160000</ROSN>
    <SLOV>52,160000</SLOV>
    <SVIZ>52,160000</SVIZ>
    <BSP>52,160000</BSP>
    <MALT>52,160000</MALT>
    <XAUS>52,160000</XAUS>
    <XFRA>52,160000</XFRA>
  </Prezzi>
  <Prezzi>
    <Data>20180403</Data>
    <Mercato>MGP</Mercato>
    <Ora>12</Ora>
    <PUN>51,440000</PUN>
    <NAT>51,440000</NAT>
    <CNOR>51,440000</CNOR>
    <CSUD>51,440000</CSUD>
    <NORD>51,440000</NORD>
    <SARD>51,440000</SARD>
    <SICI>51,440000</SICI>
    <SUD>51,440000</SUD>
    <AUST>51,440000</AUST>
    <BRNN>51,440000</BRNN>
    <COAC>51,440000</COAC>
    <CORS>51,440000</CORS>
    <FOGN>51,440000</FOGN>
    <FRAN>51,440000</FRAN>
    <GREC>51,440000</GREC>
    <MFTV>51,440000</MFTV>
    <PRGP>51,440000</PRGP>
    <ROSN>51,440000</ROSN>
    <SLOV>51,440000</SLOV>
    <SVIZ>51,440000</SVIZ>
    <BSP>51,440000</BSP>
    <MALT>51,440000</MALT>
    <XAUS>51,440000</XAUS>
    <XFRA>51,440000</XFRA>
  </Prezzi>
  <Prezzi>
    <Data>20180403</Data>
    <Mercato>MGP</Mercato>
    <Ora>13</Ora>
    <PUN>48,000000</PUN>
    <NAT>48,000000</NAT>
    <CNOR>48,000000</CNOR>
    <CSUD>48,000000</CSUD>
    <NORD>48,000000</NORD>
    <SARD>48,000000</SARD>
    <SICI>48,000000</SICI>
    <SUD>48,000000</SUD>
    <AUST>48,000000</AUST>
    <BRNN>48,000000</BRNN>
    <COAC>48,000000</COAC>
    <CORS>48,000000</CORS>
    <FOGN>48,000000</FOGN>
    <FRAN>48,000000</FRAN>
    <GREC>48,000000</GREC>
    <MFTV>48,000000</MFTV>
    <PRGP>48,000000</PRGP>
    <ROSN>48,000000</ROSN>
    <SLOV>48,000000</SLOV>
    <SVIZ>48,000000</SVIZ>
    <BSP>48,000000</BSP>
    <MALT>48,000000</MALT>
    <XAUS>48,000000</XAUS>
    <XFRA>48,000000</XFRA>
  </Prezzi>
  <Prezzi>
    <Data>20180403</Data>
    <Mercato>MGP</Mercato>
    <Ora>14</Ora>
    <PUN>46,530000</PUN>
    <NAT>46,530000</NAT>
    <CNOR>46,530000</CNOR>
    <CSUD>46,530000</CSUD>
    <NORD>46,530000</NORD>
    <SARD>46,530000</SARD>
    <SICI>46,530000</SICI>
    <SUD>46,530000</SUD>
    <AUST>46,530000</AUST>
    <BRNN>46,530000</BRNN>
    <COAC>46,530000</COAC>
    <CORS>46,530000</CORS>
    <FOGN>46,530000</FOGN>
    <FRAN>46,530000</FRAN>
    <GREC>46,530000</GREC>
    <MFTV>46,530000</MFTV>
    <PRGP>46,530000</PRGP>
    <ROSN>46,530000</ROSN>
    <SLOV>46,530000</SLOV>
    <SVIZ>46,530000</SVIZ>
    <BSP>46,530000</BSP>
    <MALT>46,530000</MALT>
    <XAUS>46,530000</XAUS>
    <XFRA>46,530000</XFRA>
  </Prezzi>
  <Prezzi>
    <Data>20180403</Data>
    <Mercato>MGP</Mercato>
    <Ora>15</Ora>
    <PUN>49,500000</PUN>
    <NAT>49,500000</NAT>
    <CNOR>49,500000</CNOR>
    <CSUD>49,500000</CSUD>
    <NORD>49,500000</NORD>
    <SARD>49,500000</SARD>
    <SICI>49,500000</SICI>
    <SUD>49,500000</SUD>
    <AUST>49,500000</AUST>
    <BRNN>49,500000</BRNN>
    <COAC>49,500000</COAC>
    <CORS>49,500000</CORS>
    <FOGN>49,500000</FOGN>
    <FRAN>49,500000</FRAN>
    <GREC>49,500000</GREC>
    <MFTV>49,500000</MFTV>
    <PRGP>49,500000</PRGP>
    <ROSN>49,500000</ROSN>
    <SLOV>49,500000</SLOV>
    <SVIZ>49,500000</SVIZ>
    <BSP>49,500000</BSP>
    <MALT>49,500000</MALT>
    <XAUS>49,500000</XAUS>
    <XFRA>49,500000</XFRA>
  </Prezzi>
  <Prezzi>
    <Data>20180403</Data>
    <Mercato>MGP</Mercato>
    <Ora>16</Ora>
    <PUN>51,050000</PUN>
    <NAT>51,050000</NAT>
    <CNOR>51,050000</CNOR>
    <CSUD>51,050000</CSUD>
    <NORD>51,050000</NORD>
    <SARD>51,050000</SARD>
    <SICI>51,050000</SICI>
    <SUD>51,050000</SUD>
    <AUST>51,050000</AUST>
    <BRNN>51,050000</BRNN>
    <COAC>51,050000</COAC>
    <CORS>51,050000</CORS>
    <FOGN>51,050000</FOGN>
    <FRAN>51,050000</FRAN>
    <GREC>51,050000</GREC>
    <MFTV>51,050000</MFTV>
    <PRGP>51,050000</PRGP>
    <ROSN>51,050000</ROSN>
    <SLOV>51,050000</SLOV>
    <SVIZ>51,050000</SVIZ>
    <BSP>51,050000</BSP>
    <MALT>51,050000</MALT>
    <XAUS>51,050000</XAUS>
    <XFRA>51,050000</XFRA>
  </Prezzi>
  <Prezzi>
    <Data>20180403</Data>
    <Mercato>MGP</Mercato>
    <Ora>17</Ora>
    <PUN>53,440000</PUN>
    <NAT>53,440000</NAT>
    <CNOR>53,440000</CNOR>
    <CSUD>53,440000</CSUD>
    <NORD>53,440000</NORD>
    <SARD>53,440000</SARD>
    <SICI>53,440000</SICI>
    <SUD>53,440000</SUD>
    <AUST>53,440000</AUST>
    <BRNN>53,440000</BRNN>
    <COAC>53,440000</COAC>
    <CORS>53,440000</CORS>
    <FOGN>53,440000</FOGN>
    <FRAN>53,440000</FRAN>
    <GREC>53,440000</GREC>
    <MFTV>53,440000</MFTV>
    <PRGP>53,440000</PRGP>
    <ROSN>53,440000</ROSN>
    <SLOV>53,440000</SLOV>
    <SVIZ>53,440000</SVIZ>
    <BSP>53,440000</BSP>
    <MALT>53,440000</MALT>
    <XAUS>53,440000</XAUS>
    <XFRA>53,440000</XFRA>
  </Prezzi>
  <Prezzi>
    <Data>20180403</Data>
    <Mercato>MGP</Mercato>
    <Ora>18</Ora>
    <PUN>54,760000</PUN>
    <NAT>54,760000</NAT>
    <CNOR>54,760000</CNOR>
    <CSUD>54,760000</CSUD>
    <NORD>54,760000</NORD>
    <SARD>54,760000</SARD>
    <SICI>54,760000</SICI>
    <SUD>54,760000</SUD>
    <AUST>54,760000</AUST>
    <BRNN>54,760000</BRNN>
    <COAC>54,760000</COAC>
    <CORS>54,760000</CORS>
    <FOGN>54,760000</FOGN>
    <FRAN>54,760000</FRAN>
    <GREC>54,760000</GREC>
    <MFTV>54,760000</MFTV>
    <PRGP>54,760000</PRGP>
    <ROSN>54,760000</ROSN>
    <SLOV>54,760000</SLOV>
    <SVIZ>54,760000</SVIZ>
    <BSP>54,760000</BSP>
    <MALT>54,760000</MALT>
    <XAUS>54,760000</XAUS>
    <XFRA>54,760000</XFRA>
  </Prezzi>
  <Prezzi>
    <Data>20180403</Data>
    <Mercato>MGP</Mercato>
    <Ora>19</Ora>
    <PUN>59,870000</PUN>
    <NAT>59,870000</NAT>
    <CNOR>59,870000</CNOR>
    <CSUD>59,870000</CSUD>
    <NORD>59,870000</NORD>
    <SARD>59,870000</SARD>
    <SICI>59,870000</SICI>
    <SUD>59,870000</SUD>
    <AUST>59,870000</AUST>
    <BRNN>59,870000</BRNN>
    <COAC>59,870000</COAC>
    <CORS>59,870000</CORS>
    <FOGN>59,870000</FOGN>
    <FRAN>59,870000</FRAN>
    <GREC>59,870000</GREC>
    <MFTV>59,870000</MFTV>
    <PRGP>59,870000</PRGP>
    <ROSN>59,870000</ROSN>
    <SLOV>59,870000</SLOV>
    <SVIZ>59,870000</SVIZ>
    <BSP>59,870000</BSP>
    <MALT>59,870000</MALT>
    <XAUS>59,870000</XAUS>
    <XFRA>59,870000</XFRA>
  </Prezzi>
  <Prezzi>
    <Data>20180403</Data>
    <Mercato>MGP</Mercato>
    <Ora>20</Ora>
    <PUN>67,440000</PUN>
    <NAT>67,440000</NAT>
    <CNOR>67,440000</CNOR>
    <CSUD>67,440000</CSUD>
    <NORD>67,440000</NORD>
    <SARD>67,440000</SARD>
    <SICI>67,440000</SICI>
    <SUD>67,440000</SUD>
    <AUST>67,440000</AUST>
    <BRNN>67,440000</BRNN>
    <COAC>67,440000</COAC>
    <CORS>67,440000</CORS>
    <FOGN>67,440000</FOGN>
    <FRAN>67,440000</FRAN>
    <GREC>67,440000</GREC>
    <MFTV>67,440000</MFTV>
    <PRGP>67,440000</PRGP>
    <ROSN>67,440000</ROSN>
    <SLOV>67,440000</SLOV>
    <SVIZ>67,440000</SVIZ>
    <BSP>67,440000</BSP>
    <MALT>67,440000</MALT>
    <XAUS>67,440000</XAUS>
    <XFRA>67,440000</XFRA>
  </Prezzi>
  <Prezzi>
    <Data>20180403</Data>
    <Mercato>MGP</Mercato>
    <Ora>21</Ora>
    <PUN>77,490000</PUN>
    <NAT>77,490000</NAT>
    <CNOR>77,490000</CNOR>
    <CSUD>77,490000</CSUD>
    <NORD>77,490000</NORD>
    <SARD>77,490000</SARD>
    <SICI>77,490000</SICI>
    <SUD>77,490000</SUD>
    <AUST>77,490000</AUST>
    <BRNN>77,490000</BRNN>
    <COAC>77,490000</COAC>
    <CORS>77,490000</CORS>
    <FOGN>77,490000</FOGN>
    <FRAN>77,490000</FRAN>
    <GREC>77,490000</GREC>
    <MFTV>77,490000</MFTV>
    <PRGP>77,490000</PRGP>
    <ROSN>77,490000</ROSN>
    <SLOV>77,490000</SLOV>
    <SVIZ>77,490000</SVIZ>
    <BSP>77,490000</BSP>
    <MALT>77,490000</MALT>
    <XAUS>77,490000</XAUS>
    <XFRA>77,490000</XFRA>
  </Prezzi>
  <Prezzi>
    <Data>20180403</Data>
    <Mercato>MGP</Mercato>
    <Ora>22</Ora>
    <PUN>67,300000</PUN>
    <NAT>67,300000</NAT>
    <CNOR>67,300000</CNOR>
    <CSUD>67,300000</CSUD>
    <NORD>67,300000</NORD>
    <SARD>67,300000</SARD>
    <SICI>67,300000</SICI>
    <SUD>67,300000</SUD>
    <AUST>67,300000</AUST>
    <BRNN>67,300000</BRNN>
    <COAC>67,300000</COAC>
    <CORS>67,300000</CORS>
    <FOGN>67,300000</FOGN>
    <FRAN>67,300000</FRAN>
    <GREC>67,300000</GREC>
    <MFTV>67,300000</MFTV>
    <PRGP>67,300000</PRGP>
    <ROSN>67,300000</ROSN>
    <SLOV>67,300000</SLOV>
    <SVIZ>67,300000</SVIZ>
    <BSP>67,300000</BSP>
    <MALT>67,300000</MALT>
    <XAUS>67,300000</XAUS>
    <XFRA>67,300000</XFRA>
  </Prezzi>
  <Prezzi>
    <Data>20180403</Data>
    <Mercato>MGP</Mercato>
    <Ora>23</Ora>
    <PUN>57,210000</PUN>
    <NAT>57,210000</NAT>
    <CNOR>57,210000</CNOR>
    <CSUD>57,210000</CSUD>
    <NORD>57,210000</NORD>
    <SARD>57,210000</SARD>
    <SICI>57,210000</SICI>
    <SUD>57,210000</SUD>
    <AUST>57,210000</AUST>
    <BRNN>57,210000</BRNN>
    <COAC>57,210000</COAC>
    <CORS>57,210000</CORS>
    <FOGN>57,210000</FOGN>
    <FRAN>57,210000</FRAN>
    <GREC>57,210000</GREC>
    <MFTV>57,210000</MFTV>
    <PRGP>57,210000</PRGP>
    <ROSN>57,210000</ROSN>
    <SLOV>57,210000</SLOV>
    <SVIZ>57,210000</SVIZ>
    <BSP>57,210000</BSP>
    <MALT>57,210000</MALT>
    <XAUS>57,210000</XAUS>
    <XFRA>57,210000</XFRA>
  </Prezzi>
  <Prezzi>
    <Data>20180403</Data>
    <Mercato>MGP</Mercato>
    <Ora>24</Ora>
    <PUN>50,890000</PUN>
    <NAT>50,890000</NAT>
    <CNOR>50,890000</CNOR>
    <CSUD>50,890000</CSUD>
    <NORD>50,890000</NORD>
    <SARD>50,890000</SARD>
    <SICI>50,890000</SICI>
    <SUD>50,890000</SUD>
    <AUST>50,890000</AUST>
    <BRNN>50,890000</BRNN>
    <COAC>50,890000</COAC>
    <CORS>50,890000</CORS>
    <FOGN>50,890000</FOGN>
    <FRAN>50,890000</FRAN>
    <GREC>50,890000</GREC>
    <MFTV>50,890000</MFTV>
    <PRGP>50,890000</PRGP>
    <ROSN>50,890000</ROSN>
    <SLOV>50,890000</SLOV>
    <SVIZ>50,890000</SVIZ>
    <BSP>50,890000</BSP>
    <MALT>50,890000</MALT>
    <XAUS>50,890000</XAUS>
    <XFRA>50,890000</XFRA>
  </Prezzi>
</NewDataSet>