<?xml version="1.0" standalone="yes"?>
<NewDataSet>
  <xs:schema id="NewDataSet" xmlns="" xmlns:xs="http://www.w3.org/2001/XMLSchema" xmlns:msdata="urn:schemas-microsoft-com:xml-msdata">
    <xs:element name="NewDataSet" msdata:IsDataSet="true" msdata:UseCurrentLocale="true">
      <xs:complexType>
        <xs:choice minOccurs="0" maxOccurs="unbounded">
          <xs:element name="Prezzi">
            <xs:complexType>
              <xs:sequence>
                <xs:element name="Data" type="xs:string" minOccurs="0" />
                <xs:element name="Mercato" type="xs:string" minOccurs="0" />
                <xs:element name="Ora" type="xs:string" minOccurs="0" />
                <xs:element name="PUN" type="xs:string" minOccurs="0" />
                <xs:element name="NAT" type="xs:string" minOccurs="0" />
                <xs:element name="CNOR" type="xs:string" minOccurs="0" />
                <xs:element name="CSUD" type="xs:string" minOccurs="0" />
                <xs:element name="NORD" type="xs:string" minOccurs="0" />
                <xs:element name="SARD" type="xs:string" minOccurs="0" />
                <xs:element name="SICI" type="xs:string" minOccurs="0" />
                <xs:element name="SUD" type="xs:string" minOccurs="0" />
                <xs:element name="AUST" type="xs:string" minOccurs="0" />
                <xs:element name="BRNN" type="xs:string" minOccurs="0" />
                <xs:element name="COAC" type="xs:string" minOccurs="0" />
                <xs:element name="CORS" type="xs:string" minOccurs="0" />
                <xs:element name="FOGN" type="xs:string" minOccurs="0" />
                <xs:element name="FRAN" type="xs:string" minOccurs="0" />
                <xs:element name="GREC" type="xs:string" minOccurs="0" />
                <xs:element name="MFTV" type="xs:string" minOccurs="0" />
                <xs:element name="PRGP" type="xs:string" minOccurs="0" />
                <xs:element name="ROSN" type="xs:string" minOccurs="0" />
                <xs:element name="SLOV" type="xs:string" minOccurs="0" />
                <xs:element name="SVIZ" type="xs:string" minOccurs="0" />
                <xs:element name="BSP" type="xs:string" minOccurs="0" />
                <xs:element name="MALT" type="xs:string" minOccurs="0" />
                <xs:element name="XAUS" type="xs:string" minOccurs="0" />
                <xs:element name="XFRA" type="xs:string" minOccurs="0" />
              </xs:sequence>
            </xs:complexType>
          </xs:element>
        </xs:choice>
      </xs:complexType>
    </xs:element>
  </xs:schema>
  <Prezzi>
    <Data>20180427</Data>
    <Mercato>MGP</Mercato>
    <Ora>1</Ora>
    <PUN>44,852550</PUN>
    <NAT>47,350000</NAT>
    <CNOR>41,450000</CNOR>
    <CSUD>62,930000</CSUD>
    <NORD>35,190150</NORD>
    <SARD>62,930000</SARD>
    <SICI>62,930000</SICI>
    <SUD>62,930000</SUD>
    <AUST>35,190150</AUST>
    <BRNN>62,930000</BRNN>
    <COAC>62,930000</COAC>
    <CORS>62,930000</CORS>
    <FOGN>62,930000</FOGN>
    <FRAN>35,190150</FRAN>
    <GREC>62,930000</GREC>
    <MFTV>35,190150</MFTV>
    <PRGP>62,930000</PRGP>
    <ROSN>62,930000</ROSN>
    <SLOV>35,190150</SLOV>
    <SVIZ>35,190150</SVIZ>
    <BSP>35,190150</BSP>
    <MALT>62,930000</MALT>
    <XAUS>35,190150</XAUS>
    <XFRA>35,190150</XFRA>
  </Prezzi>
  <Prezzi>
    <Data>20180427</Data>
    <Mercato>MGP</Mercato>
    <Ora>2</Ora>
    <PUN>39,463910</PUN>
    <NAT>42,320000</NAT>
    <CNOR>33,211100</CNOR>
    <CSUD>53,000000</CSUD>
    <NORD>33,211100</NORD>
    <SARD>53,000000</SARD>
    <SICI>53,000000</SICI>
    <SUD>53,000000</SUD>
    <AUST>33,211100</AUST>
    <BRNN>53,000000</BRNN>
    <COAC>53,000000</COAC>
    <CORS>53,000000</CORS>
    <FOGN>53,000000</FOGN>
    <FRAN>33,211100</FRAN>
    <GREC>53,000000</GREC>
    <MFTV>33,211100</MFTV>
    <PRGP>53,000000</PRGP>
    <ROSN>53,000000</ROSN>
    <SLOV>33,211100</SLOV>
    <SVIZ>33,211100</SVIZ>
    <BSP>33,211100</BSP>
    <MALT>53,000000</MALT>
    <XAUS>33,211100</XAUS>
    <XFRA>33,211100</XFRA>
  </Prezzi>
  <Prezzi>
    <Data>20180427</Data>
    <Mercato>MGP</Mercato>
    <Ora>3</Ora>
    <PUN>37,777070</PUN>
    <NAT>39,970000</NAT>
    <CNOR>32,610300</CNOR>
    <CSUD>49,100000</CSUD>
    <NORD>32,610300</NORD>
    <SARD>49,100000</SARD>
    <SICI>49,100000</SICI>
    <SUD>49,100000</SUD>
    <AUST>32,610300</AUST>
    <BRNN>49,100000</BRNN>
    <COAC>49,100000</COAC>
    <CORS>49,100000</CORS>
    <FOGN>49,100000</FOGN>
    <FRAN>32,610300</FRAN>
    <GREC>49,100000</GREC>
    <MFTV>32,610300</MFTV>
    <PRGP>49,100000</PRGP>
    <ROSN>49,100000</ROSN>
    <SLOV>32,610300</SLOV>
    <SVIZ>32,610300</SVIZ>
    <BSP>32,610300</BSP>
    <MALT>49,100000</MALT>
    <XAUS>32,610300</XAUS>
    <XFRA>32,610300</XFRA>
  </Prezzi>
  <Prezzi>
    <Data>20180427</Data>
    <Mercato>MGP</Mercato>
    <Ora>4</Ora>
    <PUN>36,671890</PUN>
    <NAT>39,950000</NAT>
    <CNOR>31,012620</CNOR>
    <CSUD>49,100000</CSUD>
    <NORD>31,012620</NORD>
    <SARD>49,100000</SARD>
    <SICI>49,100000</SICI>
    <SUD>49,100000</SUD>
    <AUST>31,012620</AUST>
    <BRNN>49,100000</BRNN>
    <COAC>49,100000</COAC>
    <CORS>49,100000</CORS>
    <FOGN>49,100000</FOGN>
    <FRAN>31,012620</FRAN>
    <GREC>49,100000</GREC>
    <MFTV>31,012620</MFTV>
    <PRGP>49,100000</PRGP>
    <ROSN>49,100000</ROSN>
    <SLOV>31,012620</SLOV>
    <SVIZ>31,012620</SVIZ>
    <BSP>31,012620</BSP>
    <MALT>49,100000</MALT>
    <XAUS>31,012620</XAUS>
    <XFRA>31,012620</XFRA>
  </Prezzi>
  <Prezzi>
    <Data>20180427</Data>
    <Mercato>MGP</Mercato>
    <Ora>5</Ora>
    <PUN>35,987360</PUN>
    <NAT>39,940000</NAT>
    <CNOR>30,000000</CNOR>
    <CSUD>49,100000</CSUD>
    <NORD>30,000000</NORD>
    <SARD>49,100000</SARD>
    <SICI>49,100000</SICI>
    <SUD>49,100000</SUD>
    <AUST>30,000000</AUST>
    <BRNN>49,100000</BRNN>
    <COAC>49,100000</COAC>
    <CORS>49,100000</CORS>
    <FOGN>49,100000</FOGN>
    <FRAN>30,000000</FRAN>
    <GREC>49,100000</GREC>
    <MFTV>30,000000</MFTV>
    <PRGP>49,100000</PRGP>
    <ROSN>49,100000</ROSN>
    <SLOV>30,000000</SLOV>
    <SVIZ>30,000000</SVIZ>
    <BSP>30,000000</BSP>
    <MALT>49,100000</MALT>
    <XAUS>30,000000</XAUS>
    <XFRA>30,000000</XFRA>
  </Prezzi>
  <Prezzi>
    <Data>20180427</Data>
    <Mercato>MGP</Mercato>
    <Ora>6</Ora>
    <PUN>39,747090</PUN>
    <NAT>39,960000</NAT>
    <CNOR>35,545540</CNOR>
    <CSUD>49,100000</CSUD>
    <NORD>35,545540</NORD>
    <SARD>49,100000</SARD>
    <SICI>49,100000</SICI>
    <SUD>49,100000</SUD>
    <AUST>35,545540</AUST>
    <BRNN>49,100000</BRNN>
    <COAC>49,100000</COAC>
    <CORS>49,100000</CORS>
    <FOGN>49,100000</FOGN>
    <FRAN>35,545540</FRAN>
    <GREC>49,100000</GREC>
    <MFTV>35,545540</MFTV>
    <PRGP>49,100000</PRGP>
    <ROSN>49,100000</ROSN>
    <SLOV>35,545540</SLOV>
    <SVIZ>35,545540</SVIZ>
    <BSP>35,545540</BSP>
    <MALT>49,100000</MALT>
    <XAUS>35,545540</XAUS>
    <XFRA>35,545540</XFRA>
  </Prezzi>
  <Prezzi>
    <Data>20180427</Data>
    <Mercato>MGP</Mercato>
    <Ora>7</Ora>
    <PUN>49,118330</PUN>
    <NAT>49,100000</NAT>
    <CNOR>47,450000</CNOR>
    <CSUD>53,000000</CSUD>
    <NORD>47,450000</NORD>
    <SARD>53,000000</SARD>
    <SICI>53,000000</SICI>
    <SUD>53,000000</SUD>
    <AUST>47,450000</AUST>
    <BRNN>53,000000</BRNN>
    <COAC>53,000000</COAC>
    <CORS>53,000000</CORS>
    <FOGN>53,000000</FOGN>
    <FRAN>47,450000</FRAN>
    <GREC>53,000000</GREC>
    <MFTV>47,450000</MFTV>
    <PRGP>53,000000</PRGP>
    <ROSN>53,000000</ROSN>
    <SLOV>47,450000</SLOV>
    <SVIZ>47,450000</SVIZ>
    <BSP>47,450000</BSP>
    <MALT>53,000000</MALT>
    <XAUS>47,450000</XAUS>
    <XFRA>47,450000</XFRA>
  </Prezzi>
  <Prezzi>
    <Data>20180427</Data>
    <Mercato>MGP</Mercato>
    <Ora>8</Ora>
    <PUN>55,773200</PUN>
    <NAT>55,770000</NAT>
    <CNOR>55,770000</CNOR>
    <CSUD>60,000000</CSUD>
    <NORD>53,620000</NORD>
    <SARD>60,000000</SARD>
    <SICI>60,000000</SICI>
    <SUD>60,000000</SUD>
    <AUST>53,620000</AUST>
    <BRNN>60,000000</BRNN>
    <COAC>60,000000</COAC>
    <CORS>60,000000</CORS>
    <FOGN>60,000000</FOGN>
    <FRAN>53,620000</FRAN>
    <GREC>60,000000</GREC>
    <MFTV>53,620000</MFTV>
    <PRGP>60,000000</PRGP>
    <ROSN>60,000000</ROSN>
    <SLOV>53,620000</SLOV>
    <SVIZ>53,620000</SVIZ>
    <BSP>53,620000</BSP>
    <MALT>60,000000</MALT>
    <XAUS>53,620000</XAUS>
    <XFRA>53,620000</XFRA>
  </Prezzi>
  <Prezzi>
    <Data>20180427</Data>
    <Mercato>MGP</Mercato>
    <Ora>9</Ora>
    <PUN>60,190000</PUN>
    <NAT>60,190000</NAT>
    <CNOR>60,190000</CNOR>
    <CSUD>60,190000</CSUD>
    <NORD>60,190000</NORD>
    <SARD>60,190000</SARD>
    <SICI>60,190000</SICI>
    <SUD>60,190000</SUD>
    <AUST>60,190000</AUST>
    <BRNN>60,190000</BRNN>
    <COAC>60,190000</COAC>
    <CORS>60,190000</CORS>
    <FOGN>60,190000</FOGN>
    <FRAN>60,190000</FRAN>
    <GREC>60,190000</GREC>
    <MFTV>60,190000</MFTV>
    <PRGP>60,190000</PRGP>
    <ROSN>60,190000</ROSN>
    <SLOV>60,190000</SLOV>
    <SVIZ>60,190000</SVIZ>
    <BSP>60,190000</BSP>
    <MALT>60,190000</MALT>
    <XAUS>60,190000</XAUS>
    <XFRA>60,190000</XFRA>
  </Prezzi>
  <Prezzi>
    <Data>20180427</Data>
    <Mercato>MGP</Mercato>
    <Ora>10</Ora>
    <PUN>54,390000</PUN>
    <NAT>54,390000</NAT>
    <CNOR>54,390000</CNOR>
    <CSUD>54,390000</CSUD>
    <NORD>54,390000</NORD>
    <SARD>54,390000</SARD>
    <SICI>54,390000</SICI>
    <SUD>54,390000</SUD>
    <AUST>54,390000</AUST>
    <BRNN>54,390000</BRNN>
    <COAC>54,390000</COAC>
    <CORS>54,390000</CORS>
    <FOGN>54,390000</FOGN>
    <FRAN>54,390000</FRAN>
    <GREC>54,390000</GREC>
    <MFTV>54,390000</MFTV>
    <PRGP>54,390000</PRGP>
    <ROSN>54,390000</ROSN>
    <SLOV>54,390000</SLOV>
    <SVIZ>54,390000</SVIZ>
    <BSP>54,390000</BSP>
    <MALT>54,390000</MALT>
    <XAUS>54,390000</XAUS>
    <XFRA>54,390000</XFRA>
  </Prezzi>
  <Prezzi>
    <Data>20180427</Data>
    <Mercato>MGP</Mercato>
    <Ora>11</Ora>
    <PUN>49,100000</PUN>
    <NAT>49,100000</NAT>
    <CNOR>49,100000</CNOR>
    <CSUD>49,100000</CSUD>
    <NORD>49,100000</NORD>
    <SARD>49,100000</SARD>
    <SICI>49,100000</SICI>
    <SUD>49,100000</SUD>
    <AUST>49,100000</AUST>
    <BRNN>49,100000</BRNN>
    <COAC>49,100000</COAC>
    <CORS>49,100000</CORS>
    <FOGN>49,100000</FOGN>
    <FRAN>49,100000</FRAN>
    <GREC>49,100000</GREC>
    <MFTV>49,100000</MFTV>
    <PRGP>49,100000</PRGP>
    <ROSN>49,100000</ROSN>
    <SLOV>49,100000</SLOV>
    <SVIZ>49,100000</SVIZ>
    <BSP>49,100000</BSP>
    <MALT>49,100000</MALT>
    <XAUS>49,100000</XAUS>
    <XFRA>49,100000</XFRA>
  </Prezzi>
  <Prezzi>
    <Data>20180427</Data>
    <Mercato>MGP</Mercato>
    <Ora>12</Ora>
    <PUN>46,620000</PUN>
    <NAT>46,620000</NAT>
    <CNOR>46,620000</CNOR>
    <CSUD>46,620000</CSUD>
    <NORD>46,620000</NORD>
    <SARD>46,620000</SARD>
    <SICI>46,620000</SICI>
    <SUD>46,620000</SUD>
    <AUST>46,620000</AUST>
    <BRNN>46,620000</BRNN>
    <COAC>46,620000</COAC>
    <CORS>46,620000</CORS>
    <FOGN>46,620000</FOGN>
    <FRAN>46,620000</FRAN>
    <GREC>46,620000</GREC>
    <MFTV>46,620000</MFTV>
    <PRGP>46,620000</PRGP>
    <ROSN>46,620000</ROSN>
    <SLOV>46,620000</SLOV>
    <SVIZ>46,620000</SVIZ>
    <BSP>46,620000</BSP>
    <MALT>46,620000</MALT>
    <XAUS>46,620000</XAUS>
    <XFRA>46,620000</XFRA>
  </Prezzi>
  <Prezzi>
    <Data>20180427</Data>
    <Mercato>MGP</Mercato>
    <Ora>13</Ora>
    <PUN>38,700000</PUN>
    <NAT>38,700000</NAT>
    <CNOR>38,700000</CNOR>
    <CSUD>38,700000</CSUD>
    <NORD>38,700000</NORD>
    <SARD>38,700000</SARD>
    <SICI>38,700000</SICI>
    <SUD>38,700000</SUD>
    <AUST>38,700000</AUST>
    <BRNN>38,700000</BRNN>
    <COAC>38,700000</COAC>
    <CORS>38,700000</CORS>
    <FOGN>38,700000</FOGN>
    <FRAN>38,700000</FRAN>
    <GREC>38,700000</GREC>
    <MFTV>38,700000</MFTV>
    <PRGP>38,700000</PRGP>
    <ROSN>38,700000</ROSN>
    <SLOV>38,700000</SLOV>
    <SVIZ>38,700000</SVIZ>
    <BSP>38,700000</BSP>
    <MALT>38,700000</MALT>
    <XAUS>38,700000</XAUS>
    <XFRA>38,700000</XFRA>
  </Prezzi>
  <Prezzi>
    <Data>20180427</Data>
    <Mercato>MGP</Mercato>
    <Ora>14</Ora>
    <PUN>35,130000</PUN>
    <NAT>35,130000</NAT>
    <CNOR>35,130000</CNOR>
    <CSUD>35,130000</CSUD>
    <NORD>35,130000</NORD>
    <SARD>35,130000</SARD>
    <SICI>35,130000</SICI>
    <SUD>35,130000</SUD>
    <AUST>35,130000</AUST>
    <BRNN>35,130000</BRNN>
    <COAC>35,130000</COAC>
    <CORS>35,130000</CORS>
    <FOGN>35,130000</FOGN>
    <FRAN>35,130000</FRAN>
    <GREC>35,130000</GREC>
    <MFTV>35,130000</MFTV>
    <PRGP>35,130000</PRGP>
    <ROSN>35,130000</ROSN>
    <SLOV>35,130000</SLOV>
    <SVIZ>35,130000</SVIZ>
    <BSP>35,130000</BSP>
    <MALT>35,130000</MALT>
    <XAUS>35,130000</XAUS>
    <XFRA>35,130000</XFRA>
  </Prezzi>
  <Prezzi>
    <Data>20180427</Data>
    <Mercato>MGP</Mercato>
    <Ora>15</Ora>
    <PUN>40,540000</PUN>
    <NAT>40,540000</NAT>
    <CNOR>40,540000</CNOR>
    <CSUD>40,540000</CSUD>
    <NORD>40,540000</NORD>
    <SARD>40,540000</SARD>
    <SICI>40,540000</SICI>
    <SUD>40,540000</SUD>
    <AUST>40,540000</AUST>
    <BRNN>40,540000</BRNN>
    <COAC>40,540000</COAC>
    <CORS>40,540000</CORS>
    <FOGN>40,540000</FOGN>
    <FRAN>40,540000</FRAN>
    <GREC>40,540000</GREC>
    <MFTV>40,540000</MFTV>
    <PRGP>40,540000</PRGP>
    <ROSN>40,540000</ROSN>
    <SLOV>40,540000</SLOV>
    <SVIZ>40,540000</SVIZ>
    <BSP>40,540000</BSP>
    <MALT>40,540000</MALT>
    <XAUS>40,540000</XAUS>
    <XFRA>40,540000</XFRA>
  </Prezzi>
  <Prezzi>
    <Data>20180427</Data>
    <Mercato>MGP</Mercato>
    <Ora>16</Ora>
    <PUN>46,350000</PUN>
    <NAT>46,350000</NAT>
    <CNOR>46,350000</CNOR>
    <CSUD>46,350000</CSUD>
    <NORD>46,350000</NORD>
    <SARD>46,350000</SARD>
    <SICI>46,350000</SICI>
    <SUD>46,350000</SUD>
    <AUST>46,350000</AUST>
    <BRNN>46,350000</BRNN>
    <COAC>46,350000</COAC>
    <CORS>46,350000</CORS>
    <FOGN>46,350000</FOGN>
    <FRAN>46,350000</FRAN>
    <GREC>46,350000</GREC>
    <MFTV>46,350000</MFTV>
    <PRGP>46,350000</PRGP>
    <ROSN>46,350000</ROSN>
    <SLOV>46,350000</SLOV>
    <SVIZ>46,350000</SVIZ>
    <BSP>46,350000</BSP>
    <MALT>46,350000</MALT>
    <XAUS>46,350000</XAUS>
    <XFRA>46,350000</XFRA>
  </Prezzi>
  <Prezzi>
    <Data>20180427</Data>
    <Mercato>MGP</Mercato>
    <Ora>17</Ora>
    <PUN>49,100000</PUN>
    <NAT>49,100000</NAT>
    <CNOR>49,100000</CNOR>
    <CSUD>49,100000</CSUD>
    <NORD>49,100000</NORD>
    <SARD>49,100000</SARD>
    <SICI>49,100000</SICI>
    <SUD>49,100000</SUD>
    <AUST>49,100000</AUST>
    <BRNN>49,100000</BRNN>
    <COAC>49,100000</COAC>
    <CORS>49,100000</CORS>
    <FOGN>49,100000</FOGN>
    <FRAN>49,100000</FRAN>
    <GREC>49,100000</GREC>
    <MFTV>49,100000</MFTV>
    <PRGP>49,100000</PRGP>
    <ROSN>49,100000</ROSN>
    <SLOV>49,100000</SLOV>
    <SVIZ>49,100000</SVIZ>
    <BSP>49,100000</BSP>
    <MALT>49,100000</MALT>
    <XAUS>49,100000</XAUS>
    <XFRA>49,100000</XFRA>
  </Prezzi>
  <Prezzi>
    <Data>20180427</Data>
    <Mercato>MGP</Mercato>
    <Ora>18</Ora>
    <PUN>49,100000</PUN>
    <NAT>49,100000</NAT>
    <CNOR>49,100000</CNOR>
    <CSUD>49,100000</CSUD>
    <NORD>49,100000</NORD>
    <SARD>49,100000</SARD>
    <SICI>49,100000</SICI>
    <SUD>49,100000</SUD>
    <AUST>49,100000</AUST>
    <BRNN>49,100000</BRNN>
    <COAC>49,100000</COAC>
    <CORS>49,100000</CORS>
    <FOGN>49,100000</FOGN>
    <FRAN>49,100000</FRAN>
    <GREC>49,100000</GREC>
    <MFTV>49,100000</MFTV>
    <PRGP>49,100000</PRGP>
    <ROSN>49,100000</ROSN>
    <SLOV>49,100000</SLOV>
    <SVIZ>49,100000</SVIZ>
    <BSP>49,100000</BSP>
    <MALT>49,100000</MALT>
    <XAUS>49,100000</XAUS>
    <XFRA>49,100000</XFRA>
  </Prezzi>
  <Prezzi>
    <Data>20180427</Data>
    <Mercato>MGP</Mercato>
    <Ora>19</Ora>
    <PUN>49,750000</PUN>
    <NAT>49,750000</NAT>
    <CNOR>49,750000</CNOR>
    <CSUD>49,750000</CSUD>
    <NORD>49,750000</NORD>
    <SARD>49,750000</SARD>
    <SICI>49,750000</SICI>
    <SUD>49,750000</SUD>
    <AUST>49,750000</AUST>
    <BRNN>49,750000</BRNN>
    <COAC>49,750000</COAC>
    <CORS>49,750000</CORS>
    <FOGN>49,750000</FOGN>
    <FRAN>49,750000</FRAN>
    <GREC>49,750000</GREC>
    <MFTV>49,750000</MFTV>
    <PRGP>49,750000</PRGP>
    <ROSN>49,750000</ROSN>
    <SLOV>49,750000</SLOV>
    <SVIZ>49,750000</SVIZ>
    <BSP>49,750000</BSP>
    <MALT>49,750000</MALT>
    <XAUS>49,750000</XAUS>
    <XFRA>49,750000</XFRA>
  </Prezzi>
  <Prezzi>
    <Data>20180427</Data>
    <Mercato>MGP</Mercato>
    <Ora>20</Ora>
    <PUN>56,667150</PUN>
    <NAT>55,350000</NAT>
    <CNOR>57,000000</CNOR>
    <CSUD>57,000000</CSUD>
    <NORD>54,740000</NORD>
    <SARD>57,000000</SARD>
    <SICI>72,460000</SICI>
    <SUD>57,000000</SUD>
    <AUST>54,740000</AUST>
    <BRNN>57,000000</BRNN>
    <COAC>57,000000</COAC>
    <CORS>57,000000</CORS>
    <FOGN>57,000000</FOGN>
    <FRAN>54,740000</FRAN>
    <GREC>57,000000</GREC>
    <MFTV>54,740000</MFTV>
    <PRGP>72,460000</PRGP>
    <ROSN>57,000000</ROSN>
    <SLOV>54,740000</SLOV>
    <SVIZ>54,740000</SVIZ>
    <BSP>54,740000</BSP>
    <MALT>72,460000</MALT>
    <XAUS>54,740000</XAUS>
    <XFRA>54,740000</XFRA>
  </Prezzi>
  <Prezzi>
    <Data>20180427</Data>
    <Mercato>MGP</Mercato>
    <Ora>21</Ora>
    <PUN>65,657330</PUN>
    <NAT>59,150000</NAT>
    <CNOR>74,450000</CNOR>
    <CSUD>74,450000</CSUD>
    <NORD>56,730000</NORD>
    <SARD>74,450000</SARD>
    <SICI>88,750000</SICI>
    <SUD>74,450000</SUD>
    <AUST>56,730000</AUST>
    <BRNN>74,450000</BRNN>
    <COAC>74,450000</COAC>
    <CORS>74,450000</CORS>
    <FOGN>74,450000</FOGN>
    <FRAN>56,730000</FRAN>
    <GREC>74,450000</GREC>
    <MFTV>56,730000</MFTV>
    <PRGP>88,750000</PRGP>
    <ROSN>74,450000</ROSN>
    <SLOV>56,730000</SLOV>
    <SVIZ>56,730000</SVIZ>
    <BSP>56,730000</BSP>
    <MALT>88,750000</MALT>
    <XAUS>56,730000</XAUS>
    <XFRA>56,730000</XFRA>
  </Prezzi>
  <Prezzi>
    <Data>20180427</Data>
    <Mercato>MGP</Mercato>
    <Ora>22</Ora>
    <PUN>55,414780</PUN>
    <NAT>56,400000</NAT>
    <CNOR>55,770000</CNOR>
    <CSUD>57,010000</CSUD>
    <NORD>52,630000</NORD>
    <SARD>57,010000</SARD>
    <SICI>72,590000</SICI>
    <SUD>57,010000</SUD>
    <AUST>52,630000</AUST>
    <BRNN>57,010000</BRNN>
    <COAC>57,010000</COAC>
    <CORS>57,010000</CORS>
    <FOGN>57,010000</FOGN>
    <FRAN>52,630000</FRAN>
    <GREC>57,010000</GREC>
    <MFTV>52,630000</MFTV>
    <PRGP>72,590000</PRGP>
    <ROSN>57,010000</ROSN>
    <SLOV>52,630000</SLOV>
    <SVIZ>52,630000</SVIZ>
    <BSP>52,630000</BSP>
    <MALT>72,590000</MALT>
    <XAUS>52,630000</XAUS>
    <XFRA>52,630000</XFRA>
  </Prezzi>
  <Prezzi>
    <Data>20180427</Data>
    <Mercato>MGP</Mercato>
    <Ora>23</Ora>
    <PUN>50,319850</PUN>
    <NAT>49,510000</NAT>
    <CNOR>54,000000</CNOR>
    <CSUD>54,000000</CSUD>
    <NORD>46,930000</NORD>
    <SARD>54,000000</SARD>
    <SICI>57,500000</SICI>
    <SUD>54,000000</SUD>
    <AUST>46,930000</AUST>
    <BRNN>54,000000</BRNN>
    <COAC>54,000000</COAC>
    <CORS>54,000000</CORS>
    <FOGN>54,000000</FOGN>
    <FRAN>46,930000</FRAN>
    <GREC>54,000000</GREC>
    <MFTV>46,930000</MFTV>
    <PRGP>57,500000</PRGP>
    <ROSN>54,000000</ROSN>
    <SLOV>46,930000</SLOV>
    <SVIZ>46,930000</SVIZ>
    <BSP>46,930000</BSP>
    <MALT>57,500000</MALT>
    <XAUS>46,930000</XAUS>
    <XFRA>46,930000</XFRA>
  </Prezzi>
  <Prezzi>
    <Data>20180427</Data>
    <Mercato>MGP</Mercato>
    <Ora>24</Ora>
    <PUN>46,161150</PUN>
    <NAT>47,450000</NAT>
    <CNOR>47,630000</CNOR>
    <CSUD>49,100000</CSUD>
    <NORD>44,130000</NORD>
    <SARD>49,100000</SARD>
    <SICI>49,100000</SICI>
    <SUD>49,100000</SUD>
    <AUST>44,130000</AUST>
    <BRNN>49,100000</BRNN>
    <COAC>49,100000</COAC>
    <CORS>49,100000</CORS>
    <FOGN>49,100000</FOGN>
    <FRAN>44,130000</FRAN>
    <GREC>49,100000</GREC>
    <MFTV>44,130000</MFTV>
    <PRGP>49,100000</PRGP>
    <ROSN>49,100000</ROSN>
    <SLOV>44,130000</SLOV>
    <SVIZ>44,130000</SVIZ>
    <BSP>44,130000</BSP>
    <MALT>49,100000</MALT>
    <XAUS>44,130000</XAUS>
    <XFRA>44,130000</XFRA>
  </Prezzi>
</NewDataSet>