<?xml version="1.0" standalone="yes"?>
<NewDataSet>
  <xs:schema id="NewDataSet" xmlns="" xmlns:xs="http://www.w3.org/2001/XMLSchema" xmlns:msdata="urn:schemas-microsoft-com:xml-msdata">
    <xs:element name="NewDataSet" msdata:IsDataSet="true" msdata:UseCurrentLocale="true">
      <xs:complexType>
        <xs:choice minOccurs="0" maxOccurs="unbounded">
          <xs:element name="Prezzi">
            <xs:complexType>
              <xs:sequence>
                <xs:element name="Data" type="xs:string" minOccurs="0" />
                <xs:element name="Mercato" type="xs:string" minOccurs="0" />
                <xs:element name="Ora" type="xs:string" minOccurs="0" />
                <xs:element name="PUN" type="xs:string" minOccurs="0" />
                <xs:element name="NAT" type="xs:string" minOccurs="0" />
                <xs:element name="CNOR" type="xs:string" minOccurs="0" />
                <xs:element name="CSUD" type="xs:string" minOccurs="0" />
                <xs:element name="NORD" type="xs:string" minOccurs="0" />
                <xs:element name="SARD" type="xs:string" minOccurs="0" />
                <xs:element name="SICI" type="xs:string" minOccurs="0" />
                <xs:element name="SUD" type="xs:string" minOccurs="0" />
                <xs:element name="AUST" type="xs:string" minOccurs="0" />
                <xs:element name="BRNN" type="xs:string" minOccurs="0" />
                <xs:element name="COAC" type="xs:string" minOccurs="0" />
                <xs:element name="CORS" type="xs:string" minOccurs="0" />
                <xs:element name="FOGN" type="xs:string" minOccurs="0" />
                <xs:element name="FRAN" type="xs:string" minOccurs="0" />
                <xs:element name="GREC" type="xs:string" minOccurs="0" />
                <xs:element name="MFTV" type="xs:string" minOccurs="0" />
                <xs:element name="PRGP" type="xs:string" minOccurs="0" />
                <xs:element name="ROSN" type="xs:string" minOccurs="0" />
                <xs:element name="SLOV" type="xs:string" minOccurs="0" />
                <xs:element name="SVIZ" type="xs:string" minOccurs="0" />
                <xs:element name="BSP" type="xs:string" minOccurs="0" />
                <xs:element name="MALT" type="xs:string" minOccurs="0" />
                <xs:element name="XAUS" type="xs:string" minOccurs="0" />
                <xs:element name="XFRA" type="xs:string" minOccurs="0" />
              </xs:sequence>
            </xs:complexType>
          </xs:element>
        </xs:choice>
      </xs:complexType>
    </xs:element>
  </xs:schema>
  <Prezzi>
    <Data>20180420</Data>
    <Mercato>MGP</Mercato>
    <Ora>1</Ora>
    <PUN>45,976550</PUN>
    <NAT>47,740000</NAT>
    <CNOR>44,620000</CNOR>
    <CSUD>48,850000</CSUD>
    <NORD>44,620000</NORD>
    <SARD>48,850000</SARD>
    <SICI>48,850000</SICI>
    <SUD>48,850000</SUD>
    <AUST>44,620000</AUST>
    <BRNN>48,850000</BRNN>
    <COAC>48,850000</COAC>
    <CORS>48,850000</CORS>
    <FOGN>48,850000</FOGN>
    <FRAN>44,620000</FRAN>
    <GREC>48,850000</GREC>
    <MFTV>44,620000</MFTV>
    <PRGP>48,850000</PRGP>
    <ROSN>48,850000</ROSN>
    <SLOV>44,620000</SLOV>
    <SVIZ>44,620000</SVIZ>
    <BSP>44,620000</BSP>
    <MALT>48,850000</MALT>
    <XAUS>44,620000</XAUS>
    <XFRA>44,620000</XFRA>
  </Prezzi>
  <Prezzi>
    <Data>20180420</Data>
    <Mercato>MGP</Mercato>
    <Ora>2</Ora>
    <PUN>37,214980</PUN>
    <NAT>41,000000</NAT>
    <CNOR>32,201250</CNOR>
    <CSUD>48,240000</CSUD>
    <NORD>32,201250</NORD>
    <SARD>48,240000</SARD>
    <SICI>48,240000</SICI>
    <SUD>48,240000</SUD>
    <AUST>32,201250</AUST>
    <BRNN>48,240000</BRNN>
    <COAC>48,240000</COAC>
    <CORS>48,240000</CORS>
    <FOGN>48,240000</FOGN>
    <FRAN>32,201250</FRAN>
    <GREC>48,240000</GREC>
    <MFTV>32,201250</MFTV>
    <PRGP>48,240000</PRGP>
    <ROSN>48,240000</ROSN>
    <SLOV>32,201250</SLOV>
    <SVIZ>32,201250</SVIZ>
    <BSP>32,201250</BSP>
    <MALT>48,240000</MALT>
    <XAUS>32,201250</XAUS>
    <XFRA>32,201250</XFRA>
  </Prezzi>
  <Prezzi>
    <Data>20180420</Data>
    <Mercato>MGP</Mercato>
    <Ora>3</Ora>
    <PUN>33,043550</PUN>
    <NAT>32,900000</NAT>
    <CNOR>31,231640</CNOR>
    <CSUD>37,080000</CSUD>
    <NORD>31,231640</NORD>
    <SARD>37,080000</SARD>
    <SICI>37,080000</SICI>
    <SUD>37,080000</SUD>
    <AUST>31,231640</AUST>
    <BRNN>37,080000</BRNN>
    <COAC>37,080000</COAC>
    <CORS>37,080000</CORS>
    <FOGN>37,080000</FOGN>
    <FRAN>31,231640</FRAN>
    <GREC>37,080000</GREC>
    <MFTV>31,231640</MFTV>
    <PRGP>37,080000</PRGP>
    <ROSN>37,080000</ROSN>
    <SLOV>31,231640</SLOV>
    <SVIZ>31,231640</SVIZ>
    <BSP>31,231640</BSP>
    <MALT>37,080000</MALT>
    <XAUS>31,231640</XAUS>
    <XFRA>31,231640</XFRA>
  </Prezzi>
  <Prezzi>
    <Data>20180420</Data>
    <Mercato>MGP</Mercato>
    <Ora>4</Ora>
    <PUN>30,337800</PUN>
    <NAT>30,510000</NAT>
    <CNOR>30,055440</CNOR>
    <CSUD>30,970000</CSUD>
    <NORD>30,055440</NORD>
    <SARD>30,970000</SARD>
    <SICI>30,970000</SICI>
    <SUD>30,970000</SUD>
    <AUST>30,055440</AUST>
    <BRNN>30,970000</BRNN>
    <COAC>30,970000</COAC>
    <CORS>30,970000</CORS>
    <FOGN>30,970000</FOGN>
    <FRAN>30,055440</FRAN>
    <GREC>30,970000</GREC>
    <MFTV>30,055440</MFTV>
    <PRGP>30,970000</PRGP>
    <ROSN>30,970000</ROSN>
    <SLOV>30,055440</SLOV>
    <SVIZ>30,055440</SVIZ>
    <BSP>30,055440</BSP>
    <MALT>30,970000</MALT>
    <XAUS>30,055440</XAUS>
    <XFRA>30,055440</XFRA>
  </Prezzi>
  <Prezzi>
    <Data>20180420</Data>
    <Mercato>MGP</Mercato>
    <Ora>5</Ora>
    <PUN>30,811270</PUN>
    <NAT>30,590000</NAT>
    <CNOR>30,510000</CNOR>
    <CSUD>31,490000</CSUD>
    <NORD>30,510000</NORD>
    <SARD>31,490000</SARD>
    <SICI>31,490000</SICI>
    <SUD>31,490000</SUD>
    <AUST>30,510000</AUST>
    <BRNN>31,490000</BRNN>
    <COAC>31,490000</COAC>
    <CORS>31,490000</CORS>
    <FOGN>31,490000</FOGN>
    <FRAN>30,510000</FRAN>
    <GREC>31,490000</GREC>
    <MFTV>30,510000</MFTV>
    <PRGP>31,490000</PRGP>
    <ROSN>31,490000</ROSN>
    <SLOV>30,510000</SLOV>
    <SVIZ>30,510000</SVIZ>
    <BSP>30,510000</BSP>
    <MALT>31,490000</MALT>
    <XAUS>30,510000</XAUS>
    <XFRA>30,510000</XFRA>
  </Prezzi>
  <Prezzi>
    <Data>20180420</Data>
    <Mercato>MGP</Mercato>
    <Ora>6</Ora>
    <PUN>44,037810</PUN>
    <NAT>43,000000</NAT>
    <CNOR>42,560000</CNOR>
    <CSUD>47,400000</CSUD>
    <NORD>42,560000</NORD>
    <SARD>47,400000</SARD>
    <SICI>47,400000</SICI>
    <SUD>47,400000</SUD>
    <AUST>42,560000</AUST>
    <BRNN>47,400000</BRNN>
    <COAC>47,400000</COAC>
    <CORS>47,400000</CORS>
    <FOGN>47,400000</FOGN>
    <FRAN>42,560000</FRAN>
    <GREC>47,400000</GREC>
    <MFTV>42,560000</MFTV>
    <PRGP>47,400000</PRGP>
    <ROSN>47,400000</ROSN>
    <SLOV>42,560000</SLOV>
    <SVIZ>42,560000</SVIZ>
    <BSP>42,560000</BSP>
    <MALT>47,400000</MALT>
    <XAUS>42,560000</XAUS>
    <XFRA>42,560000</XFRA>
  </Prezzi>
  <Prezzi>
    <Data>20180420</Data>
    <Mercato>MGP</Mercato>
    <Ora>7</Ora>
    <PUN>49,500000</PUN>
    <NAT>49,500000</NAT>
    <CNOR>49,500000</CNOR>
    <CSUD>49,500000</CSUD>
    <NORD>49,500000</NORD>
    <SARD>49,500000</SARD>
    <SICI>49,500000</SICI>
    <SUD>49,500000</SUD>
    <AUST>49,500000</AUST>
    <BRNN>49,500000</BRNN>
    <COAC>49,500000</COAC>
    <CORS>49,500000</CORS>
    <FOGN>49,500000</FOGN>
    <FRAN>49,500000</FRAN>
    <GREC>49,500000</GREC>
    <MFTV>49,500000</MFTV>
    <PRGP>49,500000</PRGP>
    <ROSN>49,500000</ROSN>
    <SLOV>49,500000</SLOV>
    <SVIZ>49,500000</SVIZ>
    <BSP>49,500000</BSP>
    <MALT>49,500000</MALT>
    <XAUS>49,500000</XAUS>
    <XFRA>49,500000</XFRA>
  </Prezzi>
  <Prezzi>
    <Data>20180420</Data>
    <Mercato>MGP</Mercato>
    <Ora>8</Ora>
    <PUN>54,503080</PUN>
    <NAT>54,390000</NAT>
    <CNOR>54,130000</CNOR>
    <CSUD>54,130000</CSUD>
    <NORD>54,130000</NORD>
    <SARD>54,130000</SARD>
    <SICI>61,010000</SICI>
    <SUD>54,130000</SUD>
    <AUST>54,130000</AUST>
    <BRNN>54,130000</BRNN>
    <COAC>54,130000</COAC>
    <CORS>54,130000</CORS>
    <FOGN>54,130000</FOGN>
    <FRAN>54,130000</FRAN>
    <GREC>54,130000</GREC>
    <MFTV>54,130000</MFTV>
    <PRGP>61,010000</PRGP>
    <ROSN>54,130000</ROSN>
    <SLOV>54,130000</SLOV>
    <SVIZ>54,130000</SVIZ>
    <BSP>54,130000</BSP>
    <MALT>61,010000</MALT>
    <XAUS>54,130000</XAUS>
    <XFRA>54,130000</XFRA>
  </Prezzi>
  <Prezzi>
    <Data>20180420</Data>
    <Mercato>MGP</Mercato>
    <Ora>9</Ora>
    <PUN>60,101000</PUN>
    <NAT>60,050000</NAT>
    <CNOR>60,050000</CNOR>
    <CSUD>60,050000</CSUD>
    <NORD>60,050000</NORD>
    <SARD>60,050000</SARD>
    <SICI>61,000000</SICI>
    <SUD>60,050000</SUD>
    <AUST>60,050000</AUST>
    <BRNN>60,050000</BRNN>
    <COAC>60,050000</COAC>
    <CORS>60,050000</CORS>
    <FOGN>60,050000</FOGN>
    <FRAN>60,050000</FRAN>
    <GREC>60,050000</GREC>
    <MFTV>60,050000</MFTV>
    <PRGP>61,000000</PRGP>
    <ROSN>60,050000</ROSN>
    <SLOV>60,050000</SLOV>
    <SVIZ>60,050000</SVIZ>
    <BSP>60,050000</BSP>
    <MALT>61,000000</MALT>
    <XAUS>60,050000</XAUS>
    <XFRA>60,050000</XFRA>
  </Prezzi>
  <Prezzi>
    <Data>20180420</Data>
    <Mercato>MGP</Mercato>
    <Ora>10</Ora>
    <PUN>50,390000</PUN>
    <NAT>50,390000</NAT>
    <CNOR>50,390000</CNOR>
    <CSUD>50,390000</CSUD>
    <NORD>50,390000</NORD>
    <SARD>50,390000</SARD>
    <SICI>50,390000</SICI>
    <SUD>50,390000</SUD>
    <AUST>50,390000</AUST>
    <BRNN>50,390000</BRNN>
    <COAC>50,390000</COAC>
    <CORS>50,390000</CORS>
    <FOGN>50,390000</FOGN>
    <FRAN>50,390000</FRAN>
    <GREC>50,390000</GREC>
    <MFTV>50,390000</MFTV>
    <PRGP>50,390000</PRGP>
    <ROSN>50,390000</ROSN>
    <SLOV>50,390000</SLOV>
    <SVIZ>50,390000</SVIZ>
    <BSP>50,390000</BSP>
    <MALT>50,390000</MALT>
    <XAUS>50,390000</XAUS>
    <XFRA>50,390000</XFRA>
  </Prezzi>
  <Prezzi>
    <Data>20180420</Data>
    <Mercato>MGP</Mercato>
    <Ora>11</Ora>
    <PUN>48,410000</PUN>
    <NAT>48,410000</NAT>
    <CNOR>48,410000</CNOR>
    <CSUD>48,410000</CSUD>
    <NORD>48,410000</NORD>
    <SARD>48,410000</SARD>
    <SICI>48,410000</SICI>
    <SUD>48,410000</SUD>
    <AUST>48,410000</AUST>
    <BRNN>48,410000</BRNN>
    <COAC>48,410000</COAC>
    <CORS>48,410000</CORS>
    <FOGN>48,410000</FOGN>
    <FRAN>48,410000</FRAN>
    <GREC>48,410000</GREC>
    <MFTV>48,410000</MFTV>
    <PRGP>48,410000</PRGP>
    <ROSN>48,410000</ROSN>
    <SLOV>48,410000</SLOV>
    <SVIZ>48,410000</SVIZ>
    <BSP>48,410000</BSP>
    <MALT>48,410000</MALT>
    <XAUS>48,410000</XAUS>
    <XFRA>48,410000</XFRA>
  </Prezzi>
  <Prezzi>
    <Data>20180420</Data>
    <Mercato>MGP</Mercato>
    <Ora>12</Ora>
    <PUN>44,900000</PUN>
    <NAT>44,900000</NAT>
    <CNOR>44,900000</CNOR>
    <CSUD>44,900000</CSUD>
    <NORD>44,900000</NORD>
    <SARD>44,900000</SARD>
    <SICI>44,900000</SICI>
    <SUD>44,900000</SUD>
    <AUST>44,900000</AUST>
    <BRNN>44,900000</BRNN>
    <COAC>44,900000</COAC>
    <CORS>44,900000</CORS>
    <FOGN>44,900000</FOGN>
    <FRAN>44,900000</FRAN>
    <GREC>44,900000</GREC>
    <MFTV>44,900000</MFTV>
    <PRGP>44,900000</PRGP>
    <ROSN>44,900000</ROSN>
    <SLOV>44,900000</SLOV>
    <SVIZ>44,900000</SVIZ>
    <BSP>44,900000</BSP>
    <MALT>44,900000</MALT>
    <XAUS>44,900000</XAUS>
    <XFRA>44,900000</XFRA>
  </Prezzi>
  <Prezzi>
    <Data>20180420</Data>
    <Mercato>MGP</Mercato>
    <Ora>13</Ora>
    <PUN>38,841880</PUN>
    <NAT>38,250000</NAT>
    <CNOR>38,841880</CNOR>
    <CSUD>38,841880</CSUD>
    <NORD>38,841880</NORD>
    <SARD>38,841880</SARD>
    <SICI>38,841880</SICI>
    <SUD>38,841880</SUD>
    <AUST>38,841880</AUST>
    <BRNN>38,841880</BRNN>
    <COAC>38,841880</COAC>
    <CORS>38,841880</CORS>
    <FOGN>38,841880</FOGN>
    <FRAN>38,841880</FRAN>
    <GREC>38,841880</GREC>
    <MFTV>38,841880</MFTV>
    <PRGP>38,841880</PRGP>
    <ROSN>38,841880</ROSN>
    <SLOV>38,841880</SLOV>
    <SVIZ>38,841880</SVIZ>
    <BSP>38,841880</BSP>
    <MALT>38,841880</MALT>
    <XAUS>38,841880</XAUS>
    <XFRA>38,841880</XFRA>
  </Prezzi>
  <Prezzi>
    <Data>20180420</Data>
    <Mercato>MGP</Mercato>
    <Ora>14</Ora>
    <PUN>35,000000</PUN>
    <NAT>35,000000</NAT>
    <CNOR>35,000000</CNOR>
    <CSUD>35,000000</CSUD>
    <NORD>35,000000</NORD>
    <SARD>35,000000</SARD>
    <SICI>35,000000</SICI>
    <SUD>35,000000</SUD>
    <AUST>35,000000</AUST>
    <BRNN>35,000000</BRNN>
    <COAC>35,000000</COAC>
    <CORS>35,000000</CORS>
    <FOGN>35,000000</FOGN>
    <FRAN>35,000000</FRAN>
    <GREC>35,000000</GREC>
    <MFTV>35,000000</MFTV>
    <PRGP>35,000000</PRGP>
    <ROSN>35,000000</ROSN>
    <SLOV>35,000000</SLOV>
    <SVIZ>35,000000</SVIZ>
    <BSP>35,000000</BSP>
    <MALT>35,000000</MALT>
    <XAUS>35,000000</XAUS>
    <XFRA>35,000000</XFRA>
  </Prezzi>
  <Prezzi>
    <Data>20180420</Data>
    <Mercato>MGP</Mercato>
    <Ora>15</Ora>
    <PUN>34,973580</PUN>
    <NAT>34,900000</NAT>
    <CNOR>34,973580</CNOR>
    <CSUD>34,973580</CSUD>
    <NORD>34,973580</NORD>
    <SARD>34,973580</SARD>
    <SICI>34,973580</SICI>
    <SUD>34,973580</SUD>
    <AUST>34,973580</AUST>
    <BRNN>34,973580</BRNN>
    <COAC>34,973580</COAC>
    <CORS>34,973580</CORS>
    <FOGN>34,973580</FOGN>
    <FRAN>34,973580</FRAN>
    <GREC>34,973580</GREC>
    <MFTV>34,973580</MFTV>
    <PRGP>34,973580</PRGP>
    <ROSN>34,973580</ROSN>
    <SLOV>34,973580</SLOV>
    <SVIZ>34,973580</SVIZ>
    <BSP>34,973580</BSP>
    <MALT>34,973580</MALT>
    <XAUS>34,973580</XAUS>
    <XFRA>34,973580</XFRA>
  </Prezzi>
  <Prezzi>
    <Data>20180420</Data>
    <Mercato>MGP</Mercato>
    <Ora>16</Ora>
    <PUN>37,890000</PUN>
    <NAT>37,890000</NAT>
    <CNOR>37,890000</CNOR>
    <CSUD>37,890000</CSUD>
    <NORD>37,890000</NORD>
    <SARD>37,890000</SARD>
    <SICI>37,890000</SICI>
    <SUD>37,890000</SUD>
    <AUST>37,890000</AUST>
    <BRNN>37,890000</BRNN>
    <COAC>37,890000</COAC>
    <CORS>37,890000</CORS>
    <FOGN>37,890000</FOGN>
    <FRAN>37,890000</FRAN>
    <GREC>37,890000</GREC>
    <MFTV>37,890000</MFTV>
    <PRGP>37,890000</PRGP>
    <ROSN>37,890000</ROSN>
    <SLOV>37,890000</SLOV>
    <SVIZ>37,890000</SVIZ>
    <BSP>37,890000</BSP>
    <MALT>37,890000</MALT>
    <XAUS>37,890000</XAUS>
    <XFRA>37,890000</XFRA>
  </Prezzi>
  <Prezzi>
    <Data>20180420</Data>
    <Mercato>MGP</Mercato>
    <Ora>17</Ora>
    <PUN>45,090000</PUN>
    <NAT>45,090000</NAT>
    <CNOR>45,090000</CNOR>
    <CSUD>45,090000</CSUD>
    <NORD>45,090000</NORD>
    <SARD>45,090000</SARD>
    <SICI>45,090000</SICI>
    <SUD>45,090000</SUD>
    <AUST>45,090000</AUST>
    <BRNN>45,090000</BRNN>
    <COAC>45,090000</COAC>
    <CORS>45,090000</CORS>
    <FOGN>45,090000</FOGN>
    <FRAN>45,090000</FRAN>
    <GREC>45,090000</GREC>
    <MFTV>45,090000</MFTV>
    <PRGP>45,090000</PRGP>
    <ROSN>45,090000</ROSN>
    <SLOV>45,090000</SLOV>
    <SVIZ>45,090000</SVIZ>
    <BSP>45,090000</BSP>
    <MALT>45,090000</MALT>
    <XAUS>45,090000</XAUS>
    <XFRA>45,090000</XFRA>
  </Prezzi>
  <Prezzi>
    <Data>20180420</Data>
    <Mercato>MGP</Mercato>
    <Ora>18</Ora>
    <PUN>48,507250</PUN>
    <NAT>48,410000</NAT>
    <CNOR>48,410000</CNOR>
    <CSUD>48,410000</CSUD>
    <NORD>48,410000</NORD>
    <SARD>48,410000</SARD>
    <SICI>50,170000</SICI>
    <SUD>48,410000</SUD>
    <AUST>48,410000</AUST>
    <BRNN>48,410000</BRNN>
    <COAC>48,410000</COAC>
    <CORS>48,410000</CORS>
    <FOGN>48,410000</FOGN>
    <FRAN>48,410000</FRAN>
    <GREC>48,410000</GREC>
    <MFTV>48,410000</MFTV>
    <PRGP>50,170000</PRGP>
    <ROSN>48,410000</ROSN>
    <SLOV>48,410000</SLOV>
    <SVIZ>48,410000</SVIZ>
    <BSP>48,410000</BSP>
    <MALT>50,170000</MALT>
    <XAUS>48,410000</XAUS>
    <XFRA>48,410000</XFRA>
  </Prezzi>
  <Prezzi>
    <Data>20180420</Data>
    <Mercato>MGP</Mercato>
    <Ora>19</Ora>
    <PUN>49,863370</PUN>
    <NAT>49,200000</NAT>
    <CNOR>49,040000</CNOR>
    <CSUD>49,040000</CSUD>
    <NORD>49,040000</NORD>
    <SARD>49,040000</SARD>
    <SICI>63,800000</SICI>
    <SUD>49,040000</SUD>
    <AUST>49,040000</AUST>
    <BRNN>49,040000</BRNN>
    <COAC>49,040000</COAC>
    <CORS>49,040000</CORS>
    <FOGN>49,040000</FOGN>
    <FRAN>49,040000</FRAN>
    <GREC>49,040000</GREC>
    <MFTV>49,040000</MFTV>
    <PRGP>63,800000</PRGP>
    <ROSN>49,040000</ROSN>
    <SLOV>49,040000</SLOV>
    <SVIZ>49,040000</SVIZ>
    <BSP>49,040000</BSP>
    <MALT>63,800000</MALT>
    <XAUS>49,040000</XAUS>
    <XFRA>49,040000</XFRA>
  </Prezzi>
  <Prezzi>
    <Data>20180420</Data>
    <Mercato>MGP</Mercato>
    <Ora>20</Ora>
    <PUN>57,522590</PUN>
    <NAT>56,560000</NAT>
    <CNOR>55,580000</CNOR>
    <CSUD>55,580000</CSUD>
    <NORD>55,580000</NORD>
    <SARD>55,580000</SARD>
    <SICI>88,990000</SICI>
    <SUD>55,580000</SUD>
    <AUST>55,580000</AUST>
    <BRNN>55,580000</BRNN>
    <COAC>55,580000</COAC>
    <CORS>55,580000</CORS>
    <FOGN>55,580000</FOGN>
    <FRAN>55,580000</FRAN>
    <GREC>55,580000</GREC>
    <MFTV>55,580000</MFTV>
    <PRGP>88,990000</PRGP>
    <ROSN>55,580000</ROSN>
    <SLOV>55,580000</SLOV>
    <SVIZ>55,580000</SVIZ>
    <BSP>55,580000</BSP>
    <MALT>88,990000</MALT>
    <XAUS>55,580000</XAUS>
    <XFRA>55,580000</XFRA>
  </Prezzi>
  <Prezzi>
    <Data>20180420</Data>
    <Mercato>MGP</Mercato>
    <Ora>21</Ora>
    <PUN>61,113050</PUN>
    <NAT>61,040000</NAT>
    <CNOR>59,070000</CNOR>
    <CSUD>59,070000</CSUD>
    <NORD>59,070000</NORD>
    <SARD>59,070000</SARD>
    <SICI>92,500000</SICI>
    <SUD>59,070000</SUD>
    <AUST>59,070000</AUST>
    <BRNN>59,070000</BRNN>
    <COAC>59,070000</COAC>
    <CORS>59,070000</CORS>
    <FOGN>59,070000</FOGN>
    <FRAN>59,070000</FRAN>
    <GREC>59,070000</GREC>
    <MFTV>59,070000</MFTV>
    <PRGP>92,500000</PRGP>
    <ROSN>59,070000</ROSN>
    <SLOV>59,070000</SLOV>
    <SVIZ>59,070000</SVIZ>
    <BSP>59,070000</BSP>
    <MALT>92,500000</MALT>
    <XAUS>59,070000</XAUS>
    <XFRA>59,070000</XFRA>
  </Prezzi>
  <Prezzi>
    <Data>20180420</Data>
    <Mercato>MGP</Mercato>
    <Ora>22</Ora>
    <PUN>56,202550</PUN>
    <NAT>55,580000</NAT>
    <CNOR>53,860000</CNOR>
    <CSUD>53,860000</CSUD>
    <NORD>53,860000</NORD>
    <SARD>53,860000</SARD>
    <SICI>92,500000</SICI>
    <SUD>53,860000</SUD>
    <AUST>53,860000</AUST>
    <BRNN>53,860000</BRNN>
    <COAC>53,860000</COAC>
    <CORS>53,860000</CORS>
    <FOGN>53,860000</FOGN>
    <FRAN>53,860000</FRAN>
    <GREC>53,860000</GREC>
    <MFTV>53,860000</MFTV>
    <PRGP>92,500000</PRGP>
    <ROSN>53,860000</ROSN>
    <SLOV>53,860000</SLOV>
    <SVIZ>53,860000</SVIZ>
    <BSP>53,860000</BSP>
    <MALT>92,500000</MALT>
    <XAUS>53,860000</XAUS>
    <XFRA>53,860000</XFRA>
  </Prezzi>
  <Prezzi>
    <Data>20180420</Data>
    <Mercato>MGP</Mercato>
    <Ora>23</Ora>
    <PUN>49,045870</PUN>
    <NAT>48,410000</NAT>
    <CNOR>48,850000</CNOR>
    <CSUD>48,850000</CSUD>
    <NORD>46,700000</NORD>
    <SARD>48,850000</SARD>
    <SICI>72,000000</SICI>
    <SUD>48,850000</SUD>
    <AUST>46,700000</AUST>
    <BRNN>48,850000</BRNN>
    <COAC>48,850000</COAC>
    <CORS>48,850000</CORS>
    <FOGN>48,850000</FOGN>
    <FRAN>46,700000</FRAN>
    <GREC>48,850000</GREC>
    <MFTV>46,700000</MFTV>
    <PRGP>72,000000</PRGP>
    <ROSN>48,850000</ROSN>
    <SLOV>46,700000</SLOV>
    <SVIZ>46,700000</SVIZ>
    <BSP>46,700000</BSP>
    <MALT>72,000000</MALT>
    <XAUS>46,700000</XAUS>
    <XFRA>46,700000</XFRA>
  </Prezzi>
  <Prezzi>
    <Data>20180420</Data>
    <Mercato>MGP</Mercato>
    <Ora>24</Ora>
    <PUN>45,760750</PUN>
    <NAT>44,900000</NAT>
    <CNOR>44,780000</CNOR>
    <CSUD>44,780000</CSUD>
    <NORD>44,780000</NORD>
    <SARD>44,780000</SARD>
    <SICI>61,000000</SICI>
    <SUD>44,780000</SUD>
    <AUST>44,780000</AUST>
    <BRNN>44,780000</BRNN>
    <COAC>44,780000</COAC>
    <CORS>44,780000</CORS>
    <FOGN>44,780000</FOGN>
    <FRAN>44,780000</FRAN>
    <GREC>44,780000</GREC>
    <MFTV>44,780000</MFTV>
    <PRGP>61,000000</PRGP>
    <ROSN>44,780000</ROSN>
    <SLOV>44,780000</SLOV>
    <SVIZ>44,780000</SVIZ>
    <BSP>44,780000</BSP>
    <MALT>61,000000</MALT>
    <XAUS>44,780000</XAUS>
    <XFRA>44,780000</XFRA>
  </Prezzi>
</NewDataSet>