<?xml version="1.0" standalone="yes"?>
<NewDataSet>
  <xs:schema id="NewDataSet" xmlns="" xmlns:xs="http://www.w3.org/2001/XMLSchema" xmlns:msdata="urn:schemas-microsoft-com:xml-msdata">
    <xs:element name="NewDataSet" msdata:IsDataSet="true" msdata:UseCurrentLocale="true">
      <xs:complexType>
        <xs:choice minOccurs="0" maxOccurs="unbounded">
          <xs:element name="Prezzi">
            <xs:complexType>
              <xs:sequence>
                <xs:element name="Data" type="xs:string" minOccurs="0" />
                <xs:element name="Mercato" type="xs:string" minOccurs="0" />
                <xs:element name="Ora" type="xs:string" minOccurs="0" />
                <xs:element name="PUN" type="xs:string" minOccurs="0" />
                <xs:element name="NAT" type="xs:string" minOccurs="0" />
                <xs:element name="CNOR" type="xs:string" minOccurs="0" />
                <xs:element name="CSUD" type="xs:string" minOccurs="0" />
                <xs:element name="NORD" type="xs:string" minOccurs="0" />
                <xs:element name="SARD" type="xs:string" minOccurs="0" />
                <xs:element name="SICI" type="xs:string" minOccurs="0" />
                <xs:element name="SUD" type="xs:string" minOccurs="0" />
                <xs:element name="AUST" type="xs:string" minOccurs="0" />
                <xs:element name="BRNN" type="xs:string" minOccurs="0" />
                <xs:element name="COAC" type="xs:string" minOccurs="0" />
                <xs:element name="CORS" type="xs:string" minOccurs="0" />
                <xs:element name="FOGN" type="xs:string" minOccurs="0" />
                <xs:element name="FRAN" type="xs:string" minOccurs="0" />
                <xs:element name="GREC" type="xs:string" minOccurs="0" />
                <xs:element name="MFTV" type="xs:string" minOccurs="0" />
                <xs:element name="PRGP" type="xs:string" minOccurs="0" />
                <xs:element name="ROSN" type="xs:string" minOccurs="0" />
                <xs:element name="SLOV" type="xs:string" minOccurs="0" />
                <xs:element name="SVIZ" type="xs:string" minOccurs="0" />
                <xs:element name="BSP" type="xs:string" minOccurs="0" />
                <xs:element name="MALT" type="xs:string" minOccurs="0" />
                <xs:element name="XAUS" type="xs:string" minOccurs="0" />
                <xs:element name="XFRA" type="xs:string" minOccurs="0" />
              </xs:sequence>
            </xs:complexType>
          </xs:element>
        </xs:choice>
      </xs:complexType>
    </xs:element>
  </xs:schema>
  <Prezzi>
    <Data>20180429</Data>
    <Mercato>MGP</Mercato>
    <Ora>1</Ora>
    <PUN>49,104620</PUN>
    <NAT>49,100000</NAT>
    <CNOR>46,240000</CNOR>
    <CSUD>54,240000</CSUD>
    <NORD>46,240000</NORD>
    <SARD>54,240000</SARD>
    <SICI>54,240000</SICI>
    <SUD>54,240000</SUD>
    <AUST>46,240000</AUST>
    <BRNN>54,240000</BRNN>
    <COAC>54,240000</COAC>
    <CORS>54,240000</CORS>
    <FOGN>54,240000</FOGN>
    <FRAN>46,240000</FRAN>
    <GREC>54,240000</GREC>
    <MFTV>46,240000</MFTV>
    <PRGP>54,240000</PRGP>
    <ROSN>54,240000</ROSN>
    <SLOV>46,240000</SLOV>
    <SVIZ>46,240000</SVIZ>
    <BSP>46,240000</BSP>
    <MALT>54,240000</MALT>
    <XAUS>46,240000</XAUS>
    <XFRA>46,240000</XFRA>
  </Prezzi>
  <Prezzi>
    <Data>20180429</Data>
    <Mercato>MGP</Mercato>
    <Ora>2</Ora>
    <PUN>42,603110</PUN>
    <NAT>46,370000</NAT>
    <CNOR>38,590000</CNOR>
    <CSUD>50,000000</CSUD>
    <NORD>38,590000</NORD>
    <SARD>50,000000</SARD>
    <SICI>50,000000</SICI>
    <SUD>50,000000</SUD>
    <AUST>38,590000</AUST>
    <BRNN>50,000000</BRNN>
    <COAC>50,000000</COAC>
    <CORS>50,000000</CORS>
    <FOGN>50,000000</FOGN>
    <FRAN>38,590000</FRAN>
    <GREC>50,000000</GREC>
    <MFTV>38,590000</MFTV>
    <PRGP>50,000000</PRGP>
    <ROSN>50,000000</ROSN>
    <SLOV>38,590000</SLOV>
    <SVIZ>38,590000</SVIZ>
    <BSP>38,590000</BSP>
    <MALT>50,000000</MALT>
    <XAUS>38,590000</XAUS>
    <XFRA>38,590000</XFRA>
  </Prezzi>
  <Prezzi>
    <Data>20180429</Data>
    <Mercato>MGP</Mercato>
    <Ora>3</Ora>
    <PUN>36,653530</PUN>
    <NAT>38,150000</NAT>
    <CNOR>30,000000</CNOR>
    <CSUD>49,100000</CSUD>
    <NORD>30,000000</NORD>
    <SARD>49,100000</SARD>
    <SICI>49,100000</SICI>
    <SUD>49,100000</SUD>
    <AUST>30,000000</AUST>
    <BRNN>49,100000</BRNN>
    <COAC>49,100000</COAC>
    <CORS>49,100000</CORS>
    <FOGN>49,100000</FOGN>
    <FRAN>30,000000</FRAN>
    <GREC>49,100000</GREC>
    <MFTV>30,000000</MFTV>
    <PRGP>49,100000</PRGP>
    <ROSN>49,100000</ROSN>
    <SLOV>30,000000</SLOV>
    <SVIZ>30,000000</SVIZ>
    <BSP>30,000000</BSP>
    <MALT>49,100000</MALT>
    <XAUS>30,000000</XAUS>
    <XFRA>30,000000</XFRA>
  </Prezzi>
  <Prezzi>
    <Data>20180429</Data>
    <Mercato>MGP</Mercato>
    <Ora>4</Ora>
    <PUN>34,830300</PUN>
    <NAT>29,940000</NAT>
    <CNOR>28,020000</CNOR>
    <CSUD>47,580000</CSUD>
    <NORD>28,020000</NORD>
    <SARD>47,580000</SARD>
    <SICI>47,580000</SICI>
    <SUD>47,580000</SUD>
    <AUST>28,020000</AUST>
    <BRNN>47,580000</BRNN>
    <COAC>47,580000</COAC>
    <CORS>47,580000</CORS>
    <FOGN>47,580000</FOGN>
    <FRAN>28,020000</FRAN>
    <GREC>47,580000</GREC>
    <MFTV>28,020000</MFTV>
    <PRGP>47,580000</PRGP>
    <ROSN>47,580000</ROSN>
    <SLOV>28,020000</SLOV>
    <SVIZ>28,020000</SVIZ>
    <BSP>28,020000</BSP>
    <MALT>47,580000</MALT>
    <XAUS>28,020000</XAUS>
    <XFRA>28,020000</XFRA>
  </Prezzi>
  <Prezzi>
    <Data>20180429</Data>
    <Mercato>MGP</Mercato>
    <Ora>5</Ora>
    <PUN>44,760000</PUN>
    <NAT>44,760000</NAT>
    <CNOR>44,760000</CNOR>
    <CSUD>44,760000</CSUD>
    <NORD>44,760000</NORD>
    <SARD>44,760000</SARD>
    <SICI>44,760000</SICI>
    <SUD>44,760000</SUD>
    <AUST>44,760000</AUST>
    <BRNN>44,760000</BRNN>
    <COAC>44,760000</COAC>
    <CORS>44,760000</CORS>
    <FOGN>44,760000</FOGN>
    <FRAN>44,760000</FRAN>
    <GREC>44,760000</GREC>
    <MFTV>44,760000</MFTV>
    <PRGP>44,760000</PRGP>
    <ROSN>44,760000</ROSN>
    <SLOV>44,760000</SLOV>
    <SVIZ>44,760000</SVIZ>
    <BSP>44,760000</BSP>
    <MALT>44,760000</MALT>
    <XAUS>44,760000</XAUS>
    <XFRA>44,760000</XFRA>
  </Prezzi>
  <Prezzi>
    <Data>20180429</Data>
    <Mercato>MGP</Mercato>
    <Ora>6</Ora>
    <PUN>49,100000</PUN>
    <NAT>49,100000</NAT>
    <CNOR>49,100000</CNOR>
    <CSUD>49,100000</CSUD>
    <NORD>49,100000</NORD>
    <SARD>49,100000</SARD>
    <SICI>49,100000</SICI>
    <SUD>49,100000</SUD>
    <AUST>49,100000</AUST>
    <BRNN>49,100000</BRNN>
    <COAC>49,100000</COAC>
    <CORS>49,100000</CORS>
    <FOGN>49,100000</FOGN>
    <FRAN>49,100000</FRAN>
    <GREC>49,100000</GREC>
    <MFTV>49,100000</MFTV>
    <PRGP>49,100000</PRGP>
    <ROSN>49,100000</ROSN>
    <SLOV>49,100000</SLOV>
    <SVIZ>49,100000</SVIZ>
    <BSP>49,100000</BSP>
    <MALT>49,100000</MALT>
    <XAUS>49,100000</XAUS>
    <XFRA>49,100000</XFRA>
  </Prezzi>
  <Prezzi>
    <Data>20180429</Data>
    <Mercato>MGP</Mercato>
    <Ora>7</Ora>
    <PUN>47,740000</PUN>
    <NAT>47,740000</NAT>
    <CNOR>47,740000</CNOR>
    <CSUD>47,740000</CSUD>
    <NORD>47,740000</NORD>
    <SARD>47,740000</SARD>
    <SICI>47,740000</SICI>
    <SUD>47,740000</SUD>
    <AUST>47,740000</AUST>
    <BRNN>47,740000</BRNN>
    <COAC>47,740000</COAC>
    <CORS>47,740000</CORS>
    <FOGN>47,740000</FOGN>
    <FRAN>47,740000</FRAN>
    <GREC>47,740000</GREC>
    <MFTV>47,740000</MFTV>
    <PRGP>47,740000</PRGP>
    <ROSN>47,740000</ROSN>
    <SLOV>47,740000</SLOV>
    <SVIZ>47,740000</SVIZ>
    <BSP>47,740000</BSP>
    <MALT>47,740000</MALT>
    <XAUS>47,740000</XAUS>
    <XFRA>47,740000</XFRA>
  </Prezzi>
  <Prezzi>
    <Data>20180429</Data>
    <Mercato>MGP</Mercato>
    <Ora>8</Ora>
    <PUN>48,320000</PUN>
    <NAT>48,320000</NAT>
    <CNOR>48,320000</CNOR>
    <CSUD>48,320000</CSUD>
    <NORD>48,320000</NORD>
    <SARD>48,320000</SARD>
    <SICI>48,320000</SICI>
    <SUD>48,320000</SUD>
    <AUST>48,320000</AUST>
    <BRNN>48,320000</BRNN>
    <COAC>48,320000</COAC>
    <CORS>48,320000</CORS>
    <FOGN>48,320000</FOGN>
    <FRAN>48,320000</FRAN>
    <GREC>48,320000</GREC>
    <MFTV>48,320000</MFTV>
    <PRGP>48,320000</PRGP>
    <ROSN>48,320000</ROSN>
    <SLOV>48,320000</SLOV>
    <SVIZ>48,320000</SVIZ>
    <BSP>48,320000</BSP>
    <MALT>48,320000</MALT>
    <XAUS>48,320000</XAUS>
    <XFRA>48,320000</XFRA>
  </Prezzi>
  <Prezzi>
    <Data>20180429</Data>
    <Mercato>MGP</Mercato>
    <Ora>9</Ora>
    <PUN>47,740000</PUN>
    <NAT>47,740000</NAT>
    <CNOR>47,740000</CNOR>
    <CSUD>47,740000</CSUD>
    <NORD>47,740000</NORD>
    <SARD>47,740000</SARD>
    <SICI>47,740000</SICI>
    <SUD>47,740000</SUD>
    <AUST>47,740000</AUST>
    <BRNN>47,740000</BRNN>
    <COAC>47,740000</COAC>
    <CORS>47,740000</CORS>
    <FOGN>47,740000</FOGN>
    <FRAN>47,740000</FRAN>
    <GREC>47,740000</GREC>
    <MFTV>47,740000</MFTV>
    <PRGP>47,740000</PRGP>
    <ROSN>47,740000</ROSN>
    <SLOV>47,740000</SLOV>
    <SVIZ>47,740000</SVIZ>
    <BSP>47,740000</BSP>
    <MALT>47,740000</MALT>
    <XAUS>47,740000</XAUS>
    <XFRA>47,740000</XFRA>
  </Prezzi>
  <Prezzi>
    <Data>20180429</Data>
    <Mercato>MGP</Mercato>
    <Ora>10</Ora>
    <PUN>47,000000</PUN>
    <NAT>47,000000</NAT>
    <CNOR>47,000000</CNOR>
    <CSUD>47,000000</CSUD>
    <NORD>47,000000</NORD>
    <SARD>47,000000</SARD>
    <SICI>47,000000</SICI>
    <SUD>47,000000</SUD>
    <AUST>47,000000</AUST>
    <BRNN>47,000000</BRNN>
    <COAC>47,000000</COAC>
    <CORS>47,000000</CORS>
    <FOGN>47,000000</FOGN>
    <FRAN>47,000000</FRAN>
    <GREC>47,000000</GREC>
    <MFTV>47,000000</MFTV>
    <PRGP>47,000000</PRGP>
    <ROSN>47,000000</ROSN>
    <SLOV>47,000000</SLOV>
    <SVIZ>47,000000</SVIZ>
    <BSP>47,000000</BSP>
    <MALT>47,000000</MALT>
    <XAUS>47,000000</XAUS>
    <XFRA>47,000000</XFRA>
  </Prezzi>
  <Prezzi>
    <Data>20180429</Data>
    <Mercato>MGP</Mercato>
    <Ora>11</Ora>
    <PUN>43,610000</PUN>
    <NAT>43,610000</NAT>
    <CNOR>43,610000</CNOR>
    <CSUD>43,610000</CSUD>
    <NORD>43,610000</NORD>
    <SARD>43,610000</SARD>
    <SICI>43,610000</SICI>
    <SUD>43,610000</SUD>
    <AUST>43,610000</AUST>
    <BRNN>43,610000</BRNN>
    <COAC>43,610000</COAC>
    <CORS>43,610000</CORS>
    <FOGN>43,610000</FOGN>
    <FRAN>43,610000</FRAN>
    <GREC>43,610000</GREC>
    <MFTV>43,610000</MFTV>
    <PRGP>43,610000</PRGP>
    <ROSN>43,610000</ROSN>
    <SLOV>43,610000</SLOV>
    <SVIZ>43,610000</SVIZ>
    <BSP>43,610000</BSP>
    <MALT>43,610000</MALT>
    <XAUS>43,610000</XAUS>
    <XFRA>43,610000</XFRA>
  </Prezzi>
  <Prezzi>
    <Data>20180429</Data>
    <Mercato>MGP</Mercato>
    <Ora>12</Ora>
    <PUN>34,070000</PUN>
    <NAT>34,070000</NAT>
    <CNOR>34,070000</CNOR>
    <CSUD>34,070000</CSUD>
    <NORD>34,070000</NORD>
    <SARD>34,070000</SARD>
    <SICI>34,070000</SICI>
    <SUD>34,070000</SUD>
    <AUST>34,070000</AUST>
    <BRNN>34,070000</BRNN>
    <COAC>34,070000</COAC>
    <CORS>34,070000</CORS>
    <FOGN>34,070000</FOGN>
    <FRAN>34,070000</FRAN>
    <GREC>34,070000</GREC>
    <MFTV>34,070000</MFTV>
    <PRGP>34,070000</PRGP>
    <ROSN>34,070000</ROSN>
    <SLOV>34,070000</SLOV>
    <SVIZ>34,070000</SVIZ>
    <BSP>34,070000</BSP>
    <MALT>34,070000</MALT>
    <XAUS>34,070000</XAUS>
    <XFRA>34,070000</XFRA>
  </Prezzi>
  <Prezzi>
    <Data>20180429</Data>
    <Mercato>MGP</Mercato>
    <Ora>13</Ora>
    <PUN>30,100000</PUN>
    <NAT>30,100000</NAT>
    <CNOR>30,100000</CNOR>
    <CSUD>30,100000</CSUD>
    <NORD>30,100000</NORD>
    <SARD>30,100000</SARD>
    <SICI>30,100000</SICI>
    <SUD>30,100000</SUD>
    <AUST>30,100000</AUST>
    <BRNN>30,100000</BRNN>
    <COAC>30,100000</COAC>
    <CORS>30,100000</CORS>
    <FOGN>30,100000</FOGN>
    <FRAN>30,100000</FRAN>
    <GREC>30,100000</GREC>
    <MFTV>30,100000</MFTV>
    <PRGP>30,100000</PRGP>
    <ROSN>30,100000</ROSN>
    <SLOV>30,100000</SLOV>
    <SVIZ>30,100000</SVIZ>
    <BSP>30,100000</BSP>
    <MALT>30,100000</MALT>
    <XAUS>30,100000</XAUS>
    <XFRA>30,100000</XFRA>
  </Prezzi>
  <Prezzi>
    <Data>20180429</Data>
    <Mercato>MGP</Mercato>
    <Ora>14</Ora>
    <PUN>18,900000</PUN>
    <NAT>18,900000</NAT>
    <CNOR>18,900000</CNOR>
    <CSUD>18,900000</CSUD>
    <NORD>18,900000</NORD>
    <SARD>18,900000</SARD>
    <SICI>18,900000</SICI>
    <SUD>18,900000</SUD>
    <AUST>18,900000</AUST>
    <BRNN>18,900000</BRNN>
    <COAC>18,900000</COAC>
    <CORS>18,900000</CORS>
    <FOGN>18,900000</FOGN>
    <FRAN>18,900000</FRAN>
    <GREC>18,900000</GREC>
    <MFTV>18,900000</MFTV>
    <PRGP>18,900000</PRGP>
    <ROSN>18,900000</ROSN>
    <SLOV>18,900000</SLOV>
    <SVIZ>18,900000</SVIZ>
    <BSP>18,900000</BSP>
    <MALT>18,900000</MALT>
    <XAUS>18,900000</XAUS>
    <XFRA>18,900000</XFRA>
  </Prezzi>
  <Prezzi>
    <Data>20180429</Data>
    <Mercato>MGP</Mercato>
    <Ora>15</Ora>
    <PUN>15,000000</PUN>
    <NAT>15,000000</NAT>
    <CNOR>15,000000</CNOR>
    <CSUD>15,000000</CSUD>
    <NORD>15,000000</NORD>
    <SARD>15,000000</SARD>
    <SICI>15,000000</SICI>
    <SUD>15,000000</SUD>
    <AUST>15,000000</AUST>
    <BRNN>15,000000</BRNN>
    <COAC>15,000000</COAC>
    <CORS>15,000000</CORS>
    <FOGN>15,000000</FOGN>
    <FRAN>15,000000</FRAN>
    <GREC>15,000000</GREC>
    <MFTV>15,000000</MFTV>
    <PRGP>15,000000</PRGP>
    <ROSN>15,000000</ROSN>
    <SLOV>15,000000</SLOV>
    <SVIZ>15,000000</SVIZ>
    <BSP>15,000000</BSP>
    <MALT>15,000000</MALT>
    <XAUS>15,000000</XAUS>
    <XFRA>15,000000</XFRA>
  </Prezzi>
  <Prezzi>
    <Data>20180429</Data>
    <Mercato>MGP</Mercato>
    <Ora>16</Ora>
    <PUN>23,780000</PUN>
    <NAT>23,780000</NAT>
    <CNOR>23,780000</CNOR>
    <CSUD>23,780000</CSUD>
    <NORD>23,780000</NORD>
    <SARD>23,780000</SARD>
    <SICI>23,780000</SICI>
    <SUD>23,780000</SUD>
    <AUST>23,780000</AUST>
    <BRNN>23,780000</BRNN>
    <COAC>23,780000</COAC>
    <CORS>23,780000</CORS>
    <FOGN>23,780000</FOGN>
    <FRAN>23,780000</FRAN>
    <GREC>23,780000</GREC>
    <MFTV>23,780000</MFTV>
    <PRGP>23,780000</PRGP>
    <ROSN>23,780000</ROSN>
    <SLOV>23,780000</SLOV>
    <SVIZ>23,780000</SVIZ>
    <BSP>23,780000</BSP>
    <MALT>23,780000</MALT>
    <XAUS>23,780000</XAUS>
    <XFRA>23,780000</XFRA>
  </Prezzi>
  <Prezzi>
    <Data>20180429</Data>
    <Mercato>MGP</Mercato>
    <Ora>17</Ora>
    <PUN>29,910000</PUN>
    <NAT>29,910000</NAT>
    <CNOR>29,910000</CNOR>
    <CSUD>29,910000</CSUD>
    <NORD>29,910000</NORD>
    <SARD>29,910000</SARD>
    <SICI>29,910000</SICI>
    <SUD>29,910000</SUD>
    <AUST>29,910000</AUST>
    <BRNN>29,910000</BRNN>
    <COAC>29,910000</COAC>
    <CORS>29,910000</CORS>
    <FOGN>29,910000</FOGN>
    <FRAN>29,910000</FRAN>
    <GREC>29,910000</GREC>
    <MFTV>29,910000</MFTV>
    <PRGP>29,910000</PRGP>
    <ROSN>29,910000</ROSN>
    <SLOV>29,910000</SLOV>
    <SVIZ>29,910000</SVIZ>
    <BSP>29,910000</BSP>
    <MALT>29,910000</MALT>
    <XAUS>29,910000</XAUS>
    <XFRA>29,910000</XFRA>
  </Prezzi>
  <Prezzi>
    <Data>20180429</Data>
    <Mercato>MGP</Mercato>
    <Ora>18</Ora>
    <PUN>36,960000</PUN>
    <NAT>36,960000</NAT>
    <CNOR>36,960000</CNOR>
    <CSUD>36,960000</CSUD>
    <NORD>36,960000</NORD>
    <SARD>36,960000</SARD>
    <SICI>36,960000</SICI>
    <SUD>36,960000</SUD>
    <AUST>36,960000</AUST>
    <BRNN>36,960000</BRNN>
    <COAC>36,960000</COAC>
    <CORS>36,960000</CORS>
    <FOGN>36,960000</FOGN>
    <FRAN>36,960000</FRAN>
    <GREC>36,960000</GREC>
    <MFTV>36,960000</MFTV>
    <PRGP>36,960000</PRGP>
    <ROSN>36,960000</ROSN>
    <SLOV>36,960000</SLOV>
    <SVIZ>36,960000</SVIZ>
    <BSP>36,960000</BSP>
    <MALT>36,960000</MALT>
    <XAUS>36,960000</XAUS>
    <XFRA>36,960000</XFRA>
  </Prezzi>
  <Prezzi>
    <Data>20180429</Data>
    <Mercato>MGP</Mercato>
    <Ora>19</Ora>
    <PUN>45,990000</PUN>
    <NAT>45,990000</NAT>
    <CNOR>45,990000</CNOR>
    <CSUD>45,990000</CSUD>
    <NORD>45,990000</NORD>
    <SARD>45,990000</SARD>
    <SICI>45,990000</SICI>
    <SUD>45,990000</SUD>
    <AUST>45,990000</AUST>
    <BRNN>45,990000</BRNN>
    <COAC>45,990000</COAC>
    <CORS>45,990000</CORS>
    <FOGN>45,990000</FOGN>
    <FRAN>45,990000</FRAN>
    <GREC>45,990000</GREC>
    <MFTV>45,990000</MFTV>
    <PRGP>45,990000</PRGP>
    <ROSN>45,990000</ROSN>
    <SLOV>45,990000</SLOV>
    <SVIZ>45,990000</SVIZ>
    <BSP>45,990000</BSP>
    <MALT>45,990000</MALT>
    <XAUS>45,990000</XAUS>
    <XFRA>45,990000</XFRA>
  </Prezzi>
  <Prezzi>
    <Data>20180429</Data>
    <Mercato>MGP</Mercato>
    <Ora>20</Ora>
    <PUN>55,611600</PUN>
    <NAT>55,240000</NAT>
    <CNOR>55,240000</CNOR>
    <CSUD>55,240000</CSUD>
    <NORD>55,240000</NORD>
    <SARD>55,240000</SARD>
    <SICI>61,010000</SICI>
    <SUD>55,240000</SUD>
    <AUST>55,240000</AUST>
    <BRNN>55,240000</BRNN>
    <COAC>55,240000</COAC>
    <CORS>55,240000</CORS>
    <FOGN>55,240000</FOGN>
    <FRAN>55,240000</FRAN>
    <GREC>55,240000</GREC>
    <MFTV>55,240000</MFTV>
    <PRGP>61,010000</PRGP>
    <ROSN>55,240000</ROSN>
    <SLOV>55,240000</SLOV>
    <SVIZ>55,240000</SVIZ>
    <BSP>55,240000</BSP>
    <MALT>61,010000</MALT>
    <XAUS>55,240000</XAUS>
    <XFRA>55,240000</XFRA>
  </Prezzi>
  <Prezzi>
    <Data>20180429</Data>
    <Mercato>MGP</Mercato>
    <Ora>21</Ora>
    <PUN>63,664310</PUN>
    <NAT>62,930000</NAT>
    <CNOR>62,850000</CNOR>
    <CSUD>62,850000</CSUD>
    <NORD>62,850000</NORD>
    <SARD>62,850000</SARD>
    <SICI>74,990000</SICI>
    <SUD>62,850000</SUD>
    <AUST>62,850000</AUST>
    <BRNN>62,850000</BRNN>
    <COAC>62,850000</COAC>
    <CORS>62,850000</CORS>
    <FOGN>62,850000</FOGN>
    <FRAN>62,850000</FRAN>
    <GREC>62,850000</GREC>
    <MFTV>62,850000</MFTV>
    <PRGP>74,990000</PRGP>
    <ROSN>62,850000</ROSN>
    <SLOV>62,850000</SLOV>
    <SVIZ>62,850000</SVIZ>
    <BSP>62,850000</BSP>
    <MALT>74,990000</MALT>
    <XAUS>62,850000</XAUS>
    <XFRA>62,850000</XFRA>
  </Prezzi>
  <Prezzi>
    <Data>20180429</Data>
    <Mercato>MGP</Mercato>
    <Ora>22</Ora>
    <PUN>61,550180</PUN>
    <NAT>61,400000</NAT>
    <CNOR>60,730000</CNOR>
    <CSUD>60,730000</CSUD>
    <NORD>60,730000</NORD>
    <SARD>60,730000</SARD>
    <SICI>73,000000</SICI>
    <SUD>60,730000</SUD>
    <AUST>60,730000</AUST>
    <BRNN>60,730000</BRNN>
    <COAC>60,730000</COAC>
    <CORS>60,730000</CORS>
    <FOGN>60,730000</FOGN>
    <FRAN>60,730000</FRAN>
    <GREC>60,730000</GREC>
    <MFTV>60,730000</MFTV>
    <PRGP>73,000000</PRGP>
    <ROSN>60,730000</ROSN>
    <SLOV>60,730000</SLOV>
    <SVIZ>60,730000</SVIZ>
    <BSP>60,730000</BSP>
    <MALT>73,000000</MALT>
    <XAUS>60,730000</XAUS>
    <XFRA>60,730000</XFRA>
  </Prezzi>
  <Prezzi>
    <Data>20180429</Data>
    <Mercato>MGP</Mercato>
    <Ora>23</Ora>
    <PUN>55,325380</PUN>
    <NAT>55,000000</NAT>
    <CNOR>54,860000</CNOR>
    <CSUD>54,860000</CSUD>
    <NORD>54,860000</NORD>
    <SARD>54,860000</SARD>
    <SICI>61,770000</SICI>
    <SUD>54,860000</SUD>
    <AUST>54,860000</AUST>
    <BRNN>54,860000</BRNN>
    <COAC>54,860000</COAC>
    <CORS>54,860000</CORS>
    <FOGN>54,860000</FOGN>
    <FRAN>54,860000</FRAN>
    <GREC>54,860000</GREC>
    <MFTV>54,860000</MFTV>
    <PRGP>61,770000</PRGP>
    <ROSN>54,860000</ROSN>
    <SLOV>54,860000</SLOV>
    <SVIZ>54,860000</SVIZ>
    <BSP>54,860000</BSP>
    <MALT>61,770000</MALT>
    <XAUS>54,860000</XAUS>
    <XFRA>54,860000</XFRA>
  </Prezzi>
  <Prezzi>
    <Data>20180429</Data>
    <Mercato>MGP</Mercato>
    <Ora>24</Ora>
    <PUN>48,000000</PUN>
    <NAT>48,000000</NAT>
    <CNOR>48,000000</CNOR>
    <CSUD>48,000000</CSUD>
    <NORD>48,000000</NORD>
    <SARD>48,000000</SARD>
    <SICI>48,000000</SICI>
    <SUD>48,000000</SUD>
    <AUST>48,000000</AUST>
    <BRNN>48,000000</BRNN>
    <COAC>48,000000</COAC>
    <CORS>48,000000</CORS>
    <FOGN>48,000000</FOGN>
    <FRAN>48,000000</FRAN>
    <GREC>48,000000</GREC>
    <MFTV>48,000000</MFTV>
    <PRGP>48,000000</PRGP>
    <ROSN>48,000000</ROSN>
    <SLOV>48,000000</SLOV>
    <SVIZ>48,000000</SVIZ>
    <BSP>48,000000</BSP>
    <MALT>48,000000</MALT>
    <XAUS>48,000000</XAUS>
    <XFRA>48,000000</XFRA>
  </Prezzi>
</NewDataSet>