<?xml version="1.0" standalone="yes"?>
<NewDataSet>
  <xs:schema id="NewDataSet" xmlns="" xmlns:xs="http://www.w3.org/2001/XMLSchema" xmlns:msdata="urn:schemas-microsoft-com:xml-msdata">
    <xs:element name="NewDataSet" msdata:IsDataSet="true" msdata:UseCurrentLocale="true">
      <xs:complexType>
        <xs:choice minOccurs="0" maxOccurs="unbounded">
          <xs:element name="Prezzi">
            <xs:complexType>
              <xs:sequence>
                <xs:element name="Data" type="xs:string" minOccurs="0" />
                <xs:element name="Mercato" type="xs:string" minOccurs="0" />
                <xs:element name="Ora" type="xs:string" minOccurs="0" />
                <xs:element name="PUN" type="xs:string" minOccurs="0" />
                <xs:element name="NAT" type="xs:string" minOccurs="0" />
                <xs:element name="CNOR" type="xs:string" minOccurs="0" />
                <xs:element name="CSUD" type="xs:string" minOccurs="0" />
                <xs:element name="NORD" type="xs:string" minOccurs="0" />
                <xs:element name="SARD" type="xs:string" minOccurs="0" />
                <xs:element name="SICI" type="xs:string" minOccurs="0" />
                <xs:element name="SUD" type="xs:string" minOccurs="0" />
                <xs:element name="AUST" type="xs:string" minOccurs="0" />
                <xs:element name="BRNN" type="xs:string" minOccurs="0" />
                <xs:element name="COAC" type="xs:string" minOccurs="0" />
                <xs:element name="CORS" type="xs:string" minOccurs="0" />
                <xs:element name="FOGN" type="xs:string" minOccurs="0" />
                <xs:element name="FRAN" type="xs:string" minOccurs="0" />
                <xs:element name="GREC" type="xs:string" minOccurs="0" />
                <xs:element name="MFTV" type="xs:string" minOccurs="0" />
                <xs:element name="PRGP" type="xs:string" minOccurs="0" />
                <xs:element name="ROSN" type="xs:string" minOccurs="0" />
                <xs:element name="SLOV" type="xs:string" minOccurs="0" />
                <xs:element name="SVIZ" type="xs:string" minOccurs="0" />
                <xs:element name="BSP" type="xs:string" minOccurs="0" />
                <xs:element name="MALT" type="xs:string" minOccurs="0" />
                <xs:element name="XAUS" type="xs:string" minOccurs="0" />
                <xs:element name="XFRA" type="xs:string" minOccurs="0" />
              </xs:sequence>
            </xs:complexType>
          </xs:element>
        </xs:choice>
      </xs:complexType>
    </xs:element>
  </xs:schema>
  <Prezzi>
    <Data>20180413</Data>
    <Mercato>MGP</Mercato>
    <Ora>1</Ora>
    <PUN>51,040000</PUN>
    <NAT>51,040000</NAT>
    <CNOR>51,040000</CNOR>
    <CSUD>51,040000</CSUD>
    <NORD>51,040000</NORD>
    <SARD>51,040000</SARD>
    <SICI>51,040000</SICI>
    <SUD>51,040000</SUD>
    <AUST>51,040000</AUST>
    <BRNN>51,040000</BRNN>
    <COAC>51,040000</COAC>
    <CORS>51,040000</CORS>
    <FOGN>51,040000</FOGN>
    <FRAN>51,040000</FRAN>
    <GREC>51,040000</GREC>
    <MFTV>51,040000</MFTV>
    <PRGP>51,040000</PRGP>
    <ROSN>51,040000</ROSN>
    <SLOV>51,040000</SLOV>
    <SVIZ>51,040000</SVIZ>
    <BSP>51,040000</BSP>
    <MALT>51,040000</MALT>
    <XAUS>51,040000</XAUS>
    <XFRA>51,040000</XFRA>
  </Prezzi>
  <Prezzi>
    <Data>20180413</Data>
    <Mercato>MGP</Mercato>
    <Ora>2</Ora>
    <PUN>47,484340</PUN>
    <NAT>47,260000</NAT>
    <CNOR>46,940000</CNOR>
    <CSUD>48,660000</CSUD>
    <NORD>46,940000</NORD>
    <SARD>48,660000</SARD>
    <SICI>48,660000</SICI>
    <SUD>48,660000</SUD>
    <AUST>46,940000</AUST>
    <BRNN>48,660000</BRNN>
    <COAC>48,660000</COAC>
    <CORS>48,660000</CORS>
    <FOGN>48,660000</FOGN>
    <FRAN>46,940000</FRAN>
    <GREC>48,660000</GREC>
    <MFTV>46,940000</MFTV>
    <PRGP>48,660000</PRGP>
    <ROSN>48,660000</ROSN>
    <SLOV>46,940000</SLOV>
    <SVIZ>46,940000</SVIZ>
    <BSP>46,940000</BSP>
    <MALT>48,660000</MALT>
    <XAUS>46,940000</XAUS>
    <XFRA>46,940000</XFRA>
  </Prezzi>
  <Prezzi>
    <Data>20180413</Data>
    <Mercato>MGP</Mercato>
    <Ora>3</Ora>
    <PUN>44,828190</PUN>
    <NAT>44,890000</NAT>
    <CNOR>44,600000</CNOR>
    <CSUD>45,330000</CSUD>
    <NORD>44,600000</NORD>
    <SARD>45,330000</SARD>
    <SICI>45,330000</SICI>
    <SUD>45,330000</SUD>
    <AUST>44,600000</AUST>
    <BRNN>45,330000</BRNN>
    <COAC>45,330000</COAC>
    <CORS>45,330000</CORS>
    <FOGN>45,330000</FOGN>
    <FRAN>44,600000</FRAN>
    <GREC>45,330000</GREC>
    <MFTV>44,600000</MFTV>
    <PRGP>45,330000</PRGP>
    <ROSN>45,330000</ROSN>
    <SLOV>44,600000</SLOV>
    <SVIZ>44,600000</SVIZ>
    <BSP>44,600000</BSP>
    <MALT>45,330000</MALT>
    <XAUS>44,600000</XAUS>
    <XFRA>44,600000</XFRA>
  </Prezzi>
  <Prezzi>
    <Data>20180413</Data>
    <Mercato>MGP</Mercato>
    <Ora>4</Ora>
    <PUN>44,827910</PUN>
    <NAT>44,650000</NAT>
    <CNOR>44,600000</CNOR>
    <CSUD>45,330000</CSUD>
    <NORD>44,600000</NORD>
    <SARD>45,330000</SARD>
    <SICI>45,330000</SICI>
    <SUD>45,330000</SUD>
    <AUST>44,600000</AUST>
    <BRNN>45,330000</BRNN>
    <COAC>45,330000</COAC>
    <CORS>45,330000</CORS>
    <FOGN>45,330000</FOGN>
    <FRAN>44,600000</FRAN>
    <GREC>45,330000</GREC>
    <MFTV>44,600000</MFTV>
    <PRGP>45,330000</PRGP>
    <ROSN>45,330000</ROSN>
    <SLOV>44,600000</SLOV>
    <SVIZ>44,600000</SVIZ>
    <BSP>44,600000</BSP>
    <MALT>45,330000</MALT>
    <XAUS>44,600000</XAUS>
    <XFRA>44,600000</XFRA>
  </Prezzi>
  <Prezzi>
    <Data>20180413</Data>
    <Mercato>MGP</Mercato>
    <Ora>5</Ora>
    <PUN>44,859250</PUN>
    <NAT>44,890000</NAT>
    <CNOR>44,500000</CNOR>
    <CSUD>45,660000</CSUD>
    <NORD>44,500000</NORD>
    <SARD>45,660000</SARD>
    <SICI>45,660000</SICI>
    <SUD>45,660000</SUD>
    <AUST>44,500000</AUST>
    <BRNN>45,660000</BRNN>
    <COAC>45,660000</COAC>
    <CORS>45,660000</CORS>
    <FOGN>45,660000</FOGN>
    <FRAN>44,500000</FRAN>
    <GREC>45,660000</GREC>
    <MFTV>44,500000</MFTV>
    <PRGP>45,660000</PRGP>
    <ROSN>45,660000</ROSN>
    <SLOV>44,500000</SLOV>
    <SVIZ>44,500000</SVIZ>
    <BSP>44,500000</BSP>
    <MALT>45,660000</MALT>
    <XAUS>44,500000</XAUS>
    <XFRA>44,500000</XFRA>
  </Prezzi>
  <Prezzi>
    <Data>20180413</Data>
    <Mercato>MGP</Mercato>
    <Ora>6</Ora>
    <PUN>47,907900</PUN>
    <NAT>48,010000</NAT>
    <CNOR>47,390000</CNOR>
    <CSUD>49,070000</CSUD>
    <NORD>47,390000</NORD>
    <SARD>49,070000</SARD>
    <SICI>49,070000</SICI>
    <SUD>49,070000</SUD>
    <AUST>47,390000</AUST>
    <BRNN>49,070000</BRNN>
    <COAC>49,070000</COAC>
    <CORS>49,070000</CORS>
    <FOGN>49,070000</FOGN>
    <FRAN>47,390000</FRAN>
    <GREC>49,070000</GREC>
    <MFTV>47,390000</MFTV>
    <PRGP>49,070000</PRGP>
    <ROSN>49,070000</ROSN>
    <SLOV>47,390000</SLOV>
    <SVIZ>47,390000</SVIZ>
    <BSP>47,390000</BSP>
    <MALT>49,070000</MALT>
    <XAUS>47,390000</XAUS>
    <XFRA>47,390000</XFRA>
  </Prezzi>
  <Prezzi>
    <Data>20180413</Data>
    <Mercato>MGP</Mercato>
    <Ora>7</Ora>
    <PUN>55,384100</PUN>
    <NAT>55,210000</NAT>
    <CNOR>55,210000</CNOR>
    <CSUD>55,210000</CSUD>
    <NORD>55,210000</NORD>
    <SARD>55,210000</SARD>
    <SICI>58,480000</SICI>
    <SUD>55,210000</SUD>
    <AUST>55,210000</AUST>
    <BRNN>55,210000</BRNN>
    <COAC>55,210000</COAC>
    <CORS>55,210000</CORS>
    <FOGN>55,210000</FOGN>
    <FRAN>55,210000</FRAN>
    <GREC>55,210000</GREC>
    <MFTV>55,210000</MFTV>
    <PRGP>58,480000</PRGP>
    <ROSN>55,210000</ROSN>
    <SLOV>55,210000</SLOV>
    <SVIZ>55,210000</SVIZ>
    <BSP>55,210000</BSP>
    <MALT>58,480000</MALT>
    <XAUS>55,210000</XAUS>
    <XFRA>55,210000</XFRA>
  </Prezzi>
  <Prezzi>
    <Data>20180413</Data>
    <Mercato>MGP</Mercato>
    <Ora>8</Ora>
    <PUN>62,293020</PUN>
    <NAT>62,720000</NAT>
    <CNOR>61,300000</CNOR>
    <CSUD>61,300000</CSUD>
    <NORD>61,300000</NORD>
    <SARD>61,300000</SARD>
    <SICI>79,990000</SICI>
    <SUD>61,300000</SUD>
    <AUST>61,300000</AUST>
    <BRNN>61,300000</BRNN>
    <COAC>61,300000</COAC>
    <CORS>61,300000</CORS>
    <FOGN>61,300000</FOGN>
    <FRAN>61,300000</FRAN>
    <GREC>61,300000</GREC>
    <MFTV>61,300000</MFTV>
    <PRGP>79,990000</PRGP>
    <ROSN>61,300000</ROSN>
    <SLOV>61,300000</SLOV>
    <SVIZ>61,300000</SVIZ>
    <BSP>61,300000</BSP>
    <MALT>79,990000</MALT>
    <XAUS>61,300000</XAUS>
    <XFRA>61,300000</XFRA>
  </Prezzi>
  <Prezzi>
    <Data>20180413</Data>
    <Mercato>MGP</Mercato>
    <Ora>9</Ora>
    <PUN>77,489060</PUN>
    <NAT>77,070000</NAT>
    <CNOR>77,070000</CNOR>
    <CSUD>77,070000</CSUD>
    <NORD>77,070000</NORD>
    <SARD>77,070000</SARD>
    <SICI>85,010000</SICI>
    <SUD>77,070000</SUD>
    <AUST>77,070000</AUST>
    <BRNN>77,070000</BRNN>
    <COAC>77,070000</COAC>
    <CORS>77,070000</CORS>
    <FOGN>77,070000</FOGN>
    <FRAN>77,070000</FRAN>
    <GREC>77,070000</GREC>
    <MFTV>77,070000</MFTV>
    <PRGP>85,010000</PRGP>
    <ROSN>77,070000</ROSN>
    <SLOV>77,070000</SLOV>
    <SVIZ>77,070000</SVIZ>
    <BSP>77,070000</BSP>
    <MALT>85,010000</MALT>
    <XAUS>77,070000</XAUS>
    <XFRA>77,070000</XFRA>
  </Prezzi>
  <Prezzi>
    <Data>20180413</Data>
    <Mercato>MGP</Mercato>
    <Ora>10</Ora>
    <PUN>65,407760</PUN>
    <NAT>67,530000</NAT>
    <CNOR>65,040000</CNOR>
    <CSUD>65,040000</CSUD>
    <NORD>65,040000</NORD>
    <SARD>65,040000</SARD>
    <SICI>72,000000</SICI>
    <SUD>65,040000</SUD>
    <AUST>65,040000</AUST>
    <BRNN>65,040000</BRNN>
    <COAC>65,040000</COAC>
    <CORS>65,040000</CORS>
    <FOGN>65,040000</FOGN>
    <FRAN>65,040000</FRAN>
    <GREC>65,040000</GREC>
    <MFTV>65,040000</MFTV>
    <PRGP>72,000000</PRGP>
    <ROSN>65,040000</ROSN>
    <SLOV>65,040000</SLOV>
    <SVIZ>65,040000</SVIZ>
    <BSP>65,040000</BSP>
    <MALT>72,000000</MALT>
    <XAUS>65,040000</XAUS>
    <XFRA>65,040000</XFRA>
  </Prezzi>
  <Prezzi>
    <Data>20180413</Data>
    <Mercato>MGP</Mercato>
    <Ora>11</Ora>
    <PUN>58,740000</PUN>
    <NAT>58,740000</NAT>
    <CNOR>58,740000</CNOR>
    <CSUD>58,740000</CSUD>
    <NORD>58,740000</NORD>
    <SARD>58,740000</SARD>
    <SICI>58,740000</SICI>
    <SUD>58,740000</SUD>
    <AUST>58,740000</AUST>
    <BRNN>58,740000</BRNN>
    <COAC>58,740000</COAC>
    <CORS>58,740000</CORS>
    <FOGN>58,740000</FOGN>
    <FRAN>58,740000</FRAN>
    <GREC>58,740000</GREC>
    <MFTV>58,740000</MFTV>
    <PRGP>58,740000</PRGP>
    <ROSN>58,740000</ROSN>
    <SLOV>58,740000</SLOV>
    <SVIZ>58,740000</SVIZ>
    <BSP>58,740000</BSP>
    <MALT>58,740000</MALT>
    <XAUS>58,740000</XAUS>
    <XFRA>58,740000</XFRA>
  </Prezzi>
  <Prezzi>
    <Data>20180413</Data>
    <Mercato>MGP</Mercato>
    <Ora>12</Ora>
    <PUN>55,210000</PUN>
    <NAT>55,210000</NAT>
    <CNOR>55,210000</CNOR>
    <CSUD>55,210000</CSUD>
    <NORD>55,210000</NORD>
    <SARD>55,210000</SARD>
    <SICI>55,210000</SICI>
    <SUD>55,210000</SUD>
    <AUST>55,210000</AUST>
    <BRNN>55,210000</BRNN>
    <COAC>55,210000</COAC>
    <CORS>55,210000</CORS>
    <FOGN>55,210000</FOGN>
    <FRAN>55,210000</FRAN>
    <GREC>55,210000</GREC>
    <MFTV>55,210000</MFTV>
    <PRGP>55,210000</PRGP>
    <ROSN>55,210000</ROSN>
    <SLOV>55,210000</SLOV>
    <SVIZ>55,210000</SVIZ>
    <BSP>55,210000</BSP>
    <MALT>55,210000</MALT>
    <XAUS>55,210000</XAUS>
    <XFRA>55,210000</XFRA>
  </Prezzi>
  <Prezzi>
    <Data>20180413</Data>
    <Mercato>MGP</Mercato>
    <Ora>13</Ora>
    <PUN>50,120000</PUN>
    <NAT>50,120000</NAT>
    <CNOR>50,120000</CNOR>
    <CSUD>50,120000</CSUD>
    <NORD>50,120000</NORD>
    <SARD>50,120000</SARD>
    <SICI>50,120000</SICI>
    <SUD>50,120000</SUD>
    <AUST>50,120000</AUST>
    <BRNN>50,120000</BRNN>
    <COAC>50,120000</COAC>
    <CORS>50,120000</CORS>
    <FOGN>50,120000</FOGN>
    <FRAN>50,120000</FRAN>
    <GREC>50,120000</GREC>
    <MFTV>50,120000</MFTV>
    <PRGP>50,120000</PRGP>
    <ROSN>50,120000</ROSN>
    <SLOV>50,120000</SLOV>
    <SVIZ>50,120000</SVIZ>
    <BSP>50,120000</BSP>
    <MALT>50,120000</MALT>
    <XAUS>50,120000</XAUS>
    <XFRA>50,120000</XFRA>
  </Prezzi>
  <Prezzi>
    <Data>20180413</Data>
    <Mercato>MGP</Mercato>
    <Ora>14</Ora>
    <PUN>49,550000</PUN>
    <NAT>49,550000</NAT>
    <CNOR>49,550000</CNOR>
    <CSUD>49,550000</CSUD>
    <NORD>49,550000</NORD>
    <SARD>49,550000</SARD>
    <SICI>49,550000</SICI>
    <SUD>49,550000</SUD>
    <AUST>49,550000</AUST>
    <BRNN>49,550000</BRNN>
    <COAC>49,550000</COAC>
    <CORS>49,550000</CORS>
    <FOGN>49,550000</FOGN>
    <FRAN>49,550000</FRAN>
    <GREC>49,550000</GREC>
    <MFTV>49,550000</MFTV>
    <PRGP>49,550000</PRGP>
    <ROSN>49,550000</ROSN>
    <SLOV>49,550000</SLOV>
    <SVIZ>49,550000</SVIZ>
    <BSP>49,550000</BSP>
    <MALT>49,550000</MALT>
    <XAUS>49,550000</XAUS>
    <XFRA>49,550000</XFRA>
  </Prezzi>
  <Prezzi>
    <Data>20180413</Data>
    <Mercato>MGP</Mercato>
    <Ora>15</Ora>
    <PUN>50,110000</PUN>
    <NAT>50,110000</NAT>
    <CNOR>50,110000</CNOR>
    <CSUD>50,110000</CSUD>
    <NORD>50,110000</NORD>
    <SARD>50,110000</SARD>
    <SICI>50,110000</SICI>
    <SUD>50,110000</SUD>
    <AUST>50,110000</AUST>
    <BRNN>50,110000</BRNN>
    <COAC>50,110000</COAC>
    <CORS>50,110000</CORS>
    <FOGN>50,110000</FOGN>
    <FRAN>50,110000</FRAN>
    <GREC>50,110000</GREC>
    <MFTV>50,110000</MFTV>
    <PRGP>50,110000</PRGP>
    <ROSN>50,110000</ROSN>
    <SLOV>50,110000</SLOV>
    <SVIZ>50,110000</SVIZ>
    <BSP>50,110000</BSP>
    <MALT>50,110000</MALT>
    <XAUS>50,110000</XAUS>
    <XFRA>50,110000</XFRA>
  </Prezzi>
  <Prezzi>
    <Data>20180413</Data>
    <Mercato>MGP</Mercato>
    <Ora>16</Ora>
    <PUN>51,300000</PUN>
    <NAT>51,300000</NAT>
    <CNOR>51,300000</CNOR>
    <CSUD>51,300000</CSUD>
    <NORD>51,300000</NORD>
    <SARD>51,300000</SARD>
    <SICI>51,300000</SICI>
    <SUD>51,300000</SUD>
    <AUST>51,300000</AUST>
    <BRNN>51,300000</BRNN>
    <COAC>51,300000</COAC>
    <CORS>51,300000</CORS>
    <FOGN>51,300000</FOGN>
    <FRAN>51,300000</FRAN>
    <GREC>51,300000</GREC>
    <MFTV>51,300000</MFTV>
    <PRGP>51,300000</PRGP>
    <ROSN>51,300000</ROSN>
    <SLOV>51,300000</SLOV>
    <SVIZ>51,300000</SVIZ>
    <BSP>51,300000</BSP>
    <MALT>51,300000</MALT>
    <XAUS>51,300000</XAUS>
    <XFRA>51,300000</XFRA>
  </Prezzi>
  <Prezzi>
    <Data>20180413</Data>
    <Mercato>MGP</Mercato>
    <Ora>17</Ora>
    <PUN>52,000000</PUN>
    <NAT>52,000000</NAT>
    <CNOR>52,000000</CNOR>
    <CSUD>52,000000</CSUD>
    <NORD>52,000000</NORD>
    <SARD>52,000000</SARD>
    <SICI>52,000000</SICI>
    <SUD>52,000000</SUD>
    <AUST>52,000000</AUST>
    <BRNN>52,000000</BRNN>
    <COAC>52,000000</COAC>
    <CORS>52,000000</CORS>
    <FOGN>52,000000</FOGN>
    <FRAN>52,000000</FRAN>
    <GREC>52,000000</GREC>
    <MFTV>52,000000</MFTV>
    <PRGP>52,000000</PRGP>
    <ROSN>52,000000</ROSN>
    <SLOV>52,000000</SLOV>
    <SVIZ>52,000000</SVIZ>
    <BSP>52,000000</BSP>
    <MALT>52,000000</MALT>
    <XAUS>52,000000</XAUS>
    <XFRA>52,000000</XFRA>
  </Prezzi>
  <Prezzi>
    <Data>20180413</Data>
    <Mercato>MGP</Mercato>
    <Ora>18</Ora>
    <PUN>55,210000</PUN>
    <NAT>55,210000</NAT>
    <CNOR>55,210000</CNOR>
    <CSUD>55,210000</CSUD>
    <NORD>55,210000</NORD>
    <SARD>55,210000</SARD>
    <SICI>55,210000</SICI>
    <SUD>55,210000</SUD>
    <AUST>55,210000</AUST>
    <BRNN>55,210000</BRNN>
    <COAC>55,210000</COAC>
    <CORS>55,210000</CORS>
    <FOGN>55,210000</FOGN>
    <FRAN>55,210000</FRAN>
    <GREC>55,210000</GREC>
    <MFTV>55,210000</MFTV>
    <PRGP>55,210000</PRGP>
    <ROSN>55,210000</ROSN>
    <SLOV>55,210000</SLOV>
    <SVIZ>55,210000</SVIZ>
    <BSP>55,210000</BSP>
    <MALT>55,210000</MALT>
    <XAUS>55,210000</XAUS>
    <XFRA>55,210000</XFRA>
  </Prezzi>
  <Prezzi>
    <Data>20180413</Data>
    <Mercato>MGP</Mercato>
    <Ora>19</Ora>
    <PUN>58,051790</PUN>
    <NAT>57,540000</NAT>
    <CNOR>57,210000</CNOR>
    <CSUD>57,210000</CSUD>
    <NORD>57,210000</NORD>
    <SARD>57,210000</SARD>
    <SICI>72,000000</SICI>
    <SUD>57,210000</SUD>
    <AUST>57,210000</AUST>
    <BRNN>57,210000</BRNN>
    <COAC>57,210000</COAC>
    <CORS>57,210000</CORS>
    <FOGN>57,210000</FOGN>
    <FRAN>57,210000</FRAN>
    <GREC>57,210000</GREC>
    <MFTV>57,210000</MFTV>
    <PRGP>72,000000</PRGP>
    <ROSN>57,210000</ROSN>
    <SLOV>57,210000</SLOV>
    <SVIZ>57,210000</SVIZ>
    <BSP>57,210000</BSP>
    <MALT>72,000000</MALT>
    <XAUS>57,210000</XAUS>
    <XFRA>57,210000</XFRA>
  </Prezzi>
  <Prezzi>
    <Data>20180413</Data>
    <Mercato>MGP</Mercato>
    <Ora>20</Ora>
    <PUN>63,173510</PUN>
    <NAT>62,740000</NAT>
    <CNOR>61,580000</CNOR>
    <CSUD>61,580000</CSUD>
    <NORD>61,580000</NORD>
    <SARD>61,580000</SARD>
    <SICI>88,500000</SICI>
    <SUD>61,580000</SUD>
    <AUST>61,580000</AUST>
    <BRNN>61,580000</BRNN>
    <COAC>61,580000</COAC>
    <CORS>61,580000</CORS>
    <FOGN>61,580000</FOGN>
    <FRAN>61,580000</FRAN>
    <GREC>61,580000</GREC>
    <MFTV>61,580000</MFTV>
    <PRGP>88,500000</PRGP>
    <ROSN>61,580000</ROSN>
    <SLOV>61,580000</SLOV>
    <SVIZ>61,580000</SVIZ>
    <BSP>61,580000</BSP>
    <MALT>88,500000</MALT>
    <XAUS>61,580000</XAUS>
    <XFRA>61,580000</XFRA>
  </Prezzi>
  <Prezzi>
    <Data>20180413</Data>
    <Mercato>MGP</Mercato>
    <Ora>21</Ora>
    <PUN>69,074080</PUN>
    <NAT>73,390000</NAT>
    <CNOR>64,000000</CNOR>
    <CSUD>76,670000</CSUD>
    <NORD>64,000000</NORD>
    <SARD>76,670000</SARD>
    <SICI>88,500000</SICI>
    <SUD>76,670000</SUD>
    <AUST>64,000000</AUST>
    <BRNN>76,670000</BRNN>
    <COAC>76,670000</COAC>
    <CORS>76,670000</CORS>
    <FOGN>76,670000</FOGN>
    <FRAN>64,000000</FRAN>
    <GREC>76,670000</GREC>
    <MFTV>64,000000</MFTV>
    <PRGP>88,500000</PRGP>
    <ROSN>76,670000</ROSN>
    <SLOV>64,000000</SLOV>
    <SVIZ>64,000000</SVIZ>
    <BSP>64,000000</BSP>
    <MALT>88,500000</MALT>
    <XAUS>64,000000</XAUS>
    <XFRA>64,000000</XFRA>
  </Prezzi>
  <Prezzi>
    <Data>20180413</Data>
    <Mercato>MGP</Mercato>
    <Ora>22</Ora>
    <PUN>58,871400</PUN>
    <NAT>58,470000</NAT>
    <CNOR>57,030000</CNOR>
    <CSUD>57,030000</CSUD>
    <NORD>57,030000</NORD>
    <SARD>57,030000</SARD>
    <SICI>86,800000</SICI>
    <SUD>57,030000</SUD>
    <AUST>57,030000</AUST>
    <BRNN>57,030000</BRNN>
    <COAC>57,030000</COAC>
    <CORS>57,030000</CORS>
    <FOGN>57,030000</FOGN>
    <FRAN>57,030000</FRAN>
    <GREC>57,030000</GREC>
    <MFTV>57,030000</MFTV>
    <PRGP>86,800000</PRGP>
    <ROSN>57,030000</ROSN>
    <SLOV>57,030000</SLOV>
    <SVIZ>57,030000</SVIZ>
    <BSP>57,030000</BSP>
    <MALT>86,800000</MALT>
    <XAUS>57,030000</XAUS>
    <XFRA>57,030000</XFRA>
  </Prezzi>
  <Prezzi>
    <Data>20180413</Data>
    <Mercato>MGP</Mercato>
    <Ora>23</Ora>
    <PUN>54,978860</PUN>
    <NAT>54,450000</NAT>
    <CNOR>54,450000</CNOR>
    <CSUD>54,450000</CSUD>
    <NORD>54,450000</NORD>
    <SARD>54,450000</SARD>
    <SICI>62,930000</SICI>
    <SUD>54,450000</SUD>
    <AUST>54,450000</AUST>
    <BRNN>54,450000</BRNN>
    <COAC>54,450000</COAC>
    <CORS>54,450000</CORS>
    <FOGN>54,450000</FOGN>
    <FRAN>54,450000</FRAN>
    <GREC>54,450000</GREC>
    <MFTV>54,450000</MFTV>
    <PRGP>62,930000</PRGP>
    <ROSN>54,450000</ROSN>
    <SLOV>54,450000</SLOV>
    <SVIZ>54,450000</SVIZ>
    <BSP>54,450000</BSP>
    <MALT>62,930000</MALT>
    <XAUS>54,450000</XAUS>
    <XFRA>54,450000</XFRA>
  </Prezzi>
  <Prezzi>
    <Data>20180413</Data>
    <Mercato>MGP</Mercato>
    <Ora>24</Ora>
    <PUN>49,520000</PUN>
    <NAT>49,520000</NAT>
    <CNOR>49,520000</CNOR>
    <CSUD>49,520000</CSUD>
    <NORD>49,520000</NORD>
    <SARD>49,520000</SARD>
    <SICI>49,520000</SICI>
    <SUD>49,520000</SUD>
    <AUST>49,520000</AUST>
    <BRNN>49,520000</BRNN>
    <COAC>49,520000</COAC>
    <CORS>49,520000</CORS>
    <FOGN>49,520000</FOGN>
    <FRAN>49,520000</FRAN>
    <GREC>49,520000</GREC>
    <MFTV>49,520000</MFTV>
    <PRGP>49,520000</PRGP>
    <ROSN>49,520000</ROSN>
    <SLOV>49,520000</SLOV>
    <SVIZ>49,520000</SVIZ>
    <BSP>49,520000</BSP>
    <MALT>49,520000</MALT>
    <XAUS>49,520000</XAUS>
    <XFRA>49,520000</XFRA>
  </Prezzi>
</NewDataSet>