<?xml version="1.0" standalone="yes"?>
<NewDataSet>
  <xs:schema id="NewDataSet" xmlns="" xmlns:xs="http://www.w3.org/2001/XMLSchema" xmlns:msdata="urn:schemas-microsoft-com:xml-msdata">
    <xs:element name="NewDataSet" msdata:IsDataSet="true" msdata:UseCurrentLocale="true">
      <xs:complexType>
        <xs:choice minOccurs="0" maxOccurs="unbounded">
          <xs:element name="Prezzi">
            <xs:complexType>
              <xs:sequence>
                <xs:element name="Data" type="xs:string" minOccurs="0" />
                <xs:element name="Mercato" type="xs:string" minOccurs="0" />
                <xs:element name="Ora" type="xs:string" minOccurs="0" />
                <xs:element name="PUN" type="xs:string" minOccurs="0" />
                <xs:element name="NAT" type="xs:string" minOccurs="0" />
                <xs:element name="CNOR" type="xs:string" minOccurs="0" />
                <xs:element name="CSUD" type="xs:string" minOccurs="0" />
                <xs:element name="NORD" type="xs:string" minOccurs="0" />
                <xs:element name="SARD" type="xs:string" minOccurs="0" />
                <xs:element name="SICI" type="xs:string" minOccurs="0" />
                <xs:element name="SUD" type="xs:string" minOccurs="0" />
                <xs:element name="AUST" type="xs:string" minOccurs="0" />
                <xs:element name="BRNN" type="xs:string" minOccurs="0" />
                <xs:element name="COAC" type="xs:string" minOccurs="0" />
                <xs:element name="CORS" type="xs:string" minOccurs="0" />
                <xs:element name="FOGN" type="xs:string" minOccurs="0" />
                <xs:element name="FRAN" type="xs:string" minOccurs="0" />
                <xs:element name="GREC" type="xs:string" minOccurs="0" />
                <xs:element name="MFTV" type="xs:string" minOccurs="0" />
                <xs:element name="PRGP" type="xs:string" minOccurs="0" />
                <xs:element name="ROSN" type="xs:string" minOccurs="0" />
                <xs:element name="SLOV" type="xs:string" minOccurs="0" />
                <xs:element name="SVIZ" type="xs:string" minOccurs="0" />
                <xs:element name="BSP" type="xs:string" minOccurs="0" />
                <xs:element name="MALT" type="xs:string" minOccurs="0" />
                <xs:element name="XAUS" type="xs:string" minOccurs="0" />
                <xs:element name="XFRA" type="xs:string" minOccurs="0" />
              </xs:sequence>
            </xs:complexType>
          </xs:element>
        </xs:choice>
      </xs:complexType>
    </xs:element>
  </xs:schema>
  <Prezzi>
    <Data>20180402</Data>
    <Mercato>MGP</Mercato>
    <Ora>1</Ora>
    <PUN>54,470000</PUN>
    <NAT>54,470000</NAT>
    <CNOR>54,470000</CNOR>
    <CSUD>54,470000</CSUD>
    <NORD>54,470000</NORD>
    <SARD>54,470000</SARD>
    <SICI>54,470000</SICI>
    <SUD>54,470000</SUD>
    <AUST>54,470000</AUST>
    <BRNN>54,470000</BRNN>
    <COAC>54,470000</COAC>
    <CORS>54,470000</CORS>
    <FOGN>54,470000</FOGN>
    <FRAN>54,470000</FRAN>
    <GREC>54,470000</GREC>
    <MFTV>54,470000</MFTV>
    <PRGP>54,470000</PRGP>
    <ROSN>54,470000</ROSN>
    <SLOV>54,470000</SLOV>
    <SVIZ>54,470000</SVIZ>
    <BSP>54,470000</BSP>
    <MALT>54,470000</MALT>
    <XAUS>54,470000</XAUS>
    <XFRA>54,470000</XFRA>
  </Prezzi>
  <Prezzi>
    <Data>20180402</Data>
    <Mercato>MGP</Mercato>
    <Ora>2</Ora>
    <PUN>49,950000</PUN>
    <NAT>49,950000</NAT>
    <CNOR>49,950000</CNOR>
    <CSUD>49,950000</CSUD>
    <NORD>49,950000</NORD>
    <SARD>49,950000</SARD>
    <SICI>49,950000</SICI>
    <SUD>49,950000</SUD>
    <AUST>49,950000</AUST>
    <BRNN>49,950000</BRNN>
    <COAC>49,950000</COAC>
    <CORS>49,950000</CORS>
    <FOGN>49,950000</FOGN>
    <FRAN>49,950000</FRAN>
    <GREC>49,950000</GREC>
    <MFTV>49,950000</MFTV>
    <PRGP>49,950000</PRGP>
    <ROSN>49,950000</ROSN>
    <SLOV>49,950000</SLOV>
    <SVIZ>49,950000</SVIZ>
    <BSP>49,950000</BSP>
    <MALT>49,950000</MALT>
    <XAUS>49,950000</XAUS>
    <XFRA>49,950000</XFRA>
  </Prezzi>
  <Prezzi>
    <Data>20180402</Data>
    <Mercato>MGP</Mercato>
    <Ora>3</Ora>
    <PUN>46,970000</PUN>
    <NAT>46,970000</NAT>
    <CNOR>46,970000</CNOR>
    <CSUD>46,970000</CSUD>
    <NORD>46,970000</NORD>
    <SARD>46,970000</SARD>
    <SICI>46,970000</SICI>
    <SUD>46,970000</SUD>
    <AUST>46,970000</AUST>
    <BRNN>46,970000</BRNN>
    <COAC>46,970000</COAC>
    <CORS>46,970000</CORS>
    <FOGN>46,970000</FOGN>
    <FRAN>46,970000</FRAN>
    <GREC>46,970000</GREC>
    <MFTV>46,970000</MFTV>
    <PRGP>46,970000</PRGP>
    <ROSN>46,970000</ROSN>
    <SLOV>46,970000</SLOV>
    <SVIZ>46,970000</SVIZ>
    <BSP>46,970000</BSP>
    <MALT>46,970000</MALT>
    <XAUS>46,970000</XAUS>
    <XFRA>46,970000</XFRA>
  </Prezzi>
  <Prezzi>
    <Data>20180402</Data>
    <Mercato>MGP</Mercato>
    <Ora>4</Ora>
    <PUN>46,010000</PUN>
    <NAT>46,010000</NAT>
    <CNOR>46,010000</CNOR>
    <CSUD>46,010000</CSUD>
    <NORD>46,010000</NORD>
    <SARD>46,010000</SARD>
    <SICI>46,010000</SICI>
    <SUD>46,010000</SUD>
    <AUST>46,010000</AUST>
    <BRNN>46,010000</BRNN>
    <COAC>46,010000</COAC>
    <CORS>46,010000</CORS>
    <FOGN>46,010000</FOGN>
    <FRAN>46,010000</FRAN>
    <GREC>46,010000</GREC>
    <MFTV>46,010000</MFTV>
    <PRGP>46,010000</PRGP>
    <ROSN>46,010000</ROSN>
    <SLOV>46,010000</SLOV>
    <SVIZ>46,010000</SVIZ>
    <BSP>46,010000</BSP>
    <MALT>46,010000</MALT>
    <XAUS>46,010000</XAUS>
    <XFRA>46,010000</XFRA>
  </Prezzi>
  <Prezzi>
    <Data>20180402</Data>
    <Mercato>MGP</Mercato>
    <Ora>5</Ora>
    <PUN>46,040000</PUN>
    <NAT>46,040000</NAT>
    <CNOR>46,040000</CNOR>
    <CSUD>46,040000</CSUD>
    <NORD>46,040000</NORD>
    <SARD>46,040000</SARD>
    <SICI>46,040000</SICI>
    <SUD>46,040000</SUD>
    <AUST>46,040000</AUST>
    <BRNN>46,040000</BRNN>
    <COAC>46,040000</COAC>
    <CORS>46,040000</CORS>
    <FOGN>46,040000</FOGN>
    <FRAN>46,040000</FRAN>
    <GREC>46,040000</GREC>
    <MFTV>46,040000</MFTV>
    <PRGP>46,040000</PRGP>
    <ROSN>46,040000</ROSN>
    <SLOV>46,040000</SLOV>
    <SVIZ>46,040000</SVIZ>
    <BSP>46,040000</BSP>
    <MALT>46,040000</MALT>
    <XAUS>46,040000</XAUS>
    <XFRA>46,040000</XFRA>
  </Prezzi>
  <Prezzi>
    <Data>20180402</Data>
    <Mercato>MGP</Mercato>
    <Ora>6</Ora>
    <PUN>49,950000</PUN>
    <NAT>49,950000</NAT>
    <CNOR>49,950000</CNOR>
    <CSUD>49,950000</CSUD>
    <NORD>49,950000</NORD>
    <SARD>49,950000</SARD>
    <SICI>49,950000</SICI>
    <SUD>49,950000</SUD>
    <AUST>49,950000</AUST>
    <BRNN>49,950000</BRNN>
    <COAC>49,950000</COAC>
    <CORS>49,950000</CORS>
    <FOGN>49,950000</FOGN>
    <FRAN>49,950000</FRAN>
    <GREC>49,950000</GREC>
    <MFTV>49,950000</MFTV>
    <PRGP>49,950000</PRGP>
    <ROSN>49,950000</ROSN>
    <SLOV>49,950000</SLOV>
    <SVIZ>49,950000</SVIZ>
    <BSP>49,950000</BSP>
    <MALT>49,950000</MALT>
    <XAUS>49,950000</XAUS>
    <XFRA>49,950000</XFRA>
  </Prezzi>
  <Prezzi>
    <Data>20180402</Data>
    <Mercato>MGP</Mercato>
    <Ora>7</Ora>
    <PUN>54,220000</PUN>
    <NAT>54,220000</NAT>
    <CNOR>54,220000</CNOR>
    <CSUD>54,220000</CSUD>
    <NORD>54,220000</NORD>
    <SARD>54,220000</SARD>
    <SICI>54,220000</SICI>
    <SUD>54,220000</SUD>
    <AUST>54,220000</AUST>
    <BRNN>54,220000</BRNN>
    <COAC>54,220000</COAC>
    <CORS>54,220000</CORS>
    <FOGN>54,220000</FOGN>
    <FRAN>54,220000</FRAN>
    <GREC>54,220000</GREC>
    <MFTV>54,220000</MFTV>
    <PRGP>54,220000</PRGP>
    <ROSN>54,220000</ROSN>
    <SLOV>54,220000</SLOV>
    <SVIZ>54,220000</SVIZ>
    <BSP>54,220000</BSP>
    <MALT>54,220000</MALT>
    <XAUS>54,220000</XAUS>
    <XFRA>54,220000</XFRA>
  </Prezzi>
  <Prezzi>
    <Data>20180402</Data>
    <Mercato>MGP</Mercato>
    <Ora>8</Ora>
    <PUN>54,470000</PUN>
    <NAT>54,470000</NAT>
    <CNOR>54,470000</CNOR>
    <CSUD>54,470000</CSUD>
    <NORD>54,470000</NORD>
    <SARD>54,470000</SARD>
    <SICI>54,470000</SICI>
    <SUD>54,470000</SUD>
    <AUST>54,470000</AUST>
    <BRNN>54,470000</BRNN>
    <COAC>54,470000</COAC>
    <CORS>54,470000</CORS>
    <FOGN>54,470000</FOGN>
    <FRAN>54,470000</FRAN>
    <GREC>54,470000</GREC>
    <MFTV>54,470000</MFTV>
    <PRGP>54,470000</PRGP>
    <ROSN>54,470000</ROSN>
    <SLOV>54,470000</SLOV>
    <SVIZ>54,470000</SVIZ>
    <BSP>54,470000</BSP>
    <MALT>54,470000</MALT>
    <XAUS>54,470000</XAUS>
    <XFRA>54,470000</XFRA>
  </Prezzi>
  <Prezzi>
    <Data>20180402</Data>
    <Mercato>MGP</Mercato>
    <Ora>9</Ora>
    <PUN>54,470000</PUN>
    <NAT>54,470000</NAT>
    <CNOR>54,470000</CNOR>
    <CSUD>54,470000</CSUD>
    <NORD>54,470000</NORD>
    <SARD>54,470000</SARD>
    <SICI>54,470000</SICI>
    <SUD>54,470000</SUD>
    <AUST>54,470000</AUST>
    <BRNN>54,470000</BRNN>
    <COAC>54,470000</COAC>
    <CORS>54,470000</CORS>
    <FOGN>54,470000</FOGN>
    <FRAN>54,470000</FRAN>
    <GREC>54,470000</GREC>
    <MFTV>54,470000</MFTV>
    <PRGP>54,470000</PRGP>
    <ROSN>54,470000</ROSN>
    <SLOV>54,470000</SLOV>
    <SVIZ>54,470000</SVIZ>
    <BSP>54,470000</BSP>
    <MALT>54,470000</MALT>
    <XAUS>54,470000</XAUS>
    <XFRA>54,470000</XFRA>
  </Prezzi>
  <Prezzi>
    <Data>20180402</Data>
    <Mercato>MGP</Mercato>
    <Ora>10</Ora>
    <PUN>50,760000</PUN>
    <NAT>50,760000</NAT>
    <CNOR>50,760000</CNOR>
    <CSUD>50,760000</CSUD>
    <NORD>50,760000</NORD>
    <SARD>50,760000</SARD>
    <SICI>50,760000</SICI>
    <SUD>50,760000</SUD>
    <AUST>50,760000</AUST>
    <BRNN>50,760000</BRNN>
    <COAC>50,760000</COAC>
    <CORS>50,760000</CORS>
    <FOGN>50,760000</FOGN>
    <FRAN>50,760000</FRAN>
    <GREC>50,760000</GREC>
    <MFTV>50,760000</MFTV>
    <PRGP>50,760000</PRGP>
    <ROSN>50,760000</ROSN>
    <SLOV>50,760000</SLOV>
    <SVIZ>50,760000</SVIZ>
    <BSP>50,760000</BSP>
    <MALT>50,760000</MALT>
    <XAUS>50,760000</XAUS>
    <XFRA>50,760000</XFRA>
  </Prezzi>
  <Prezzi>
    <Data>20180402</Data>
    <Mercato>MGP</Mercato>
    <Ora>11</Ora>
    <PUN>49,600000</PUN>
    <NAT>49,600000</NAT>
    <CNOR>49,600000</CNOR>
    <CSUD>49,600000</CSUD>
    <NORD>49,600000</NORD>
    <SARD>49,600000</SARD>
    <SICI>49,600000</SICI>
    <SUD>49,600000</SUD>
    <AUST>49,600000</AUST>
    <BRNN>49,600000</BRNN>
    <COAC>49,600000</COAC>
    <CORS>49,600000</CORS>
    <FOGN>49,600000</FOGN>
    <FRAN>49,600000</FRAN>
    <GREC>49,600000</GREC>
    <MFTV>49,600000</MFTV>
    <PRGP>49,600000</PRGP>
    <ROSN>49,600000</ROSN>
    <SLOV>49,600000</SLOV>
    <SVIZ>49,600000</SVIZ>
    <BSP>49,600000</BSP>
    <MALT>49,600000</MALT>
    <XAUS>49,600000</XAUS>
    <XFRA>49,600000</XFRA>
  </Prezzi>
  <Prezzi>
    <Data>20180402</Data>
    <Mercato>MGP</Mercato>
    <Ora>12</Ora>
    <PUN>46,290000</PUN>
    <NAT>46,290000</NAT>
    <CNOR>46,290000</CNOR>
    <CSUD>46,290000</CSUD>
    <NORD>46,290000</NORD>
    <SARD>46,290000</SARD>
    <SICI>46,290000</SICI>
    <SUD>46,290000</SUD>
    <AUST>46,290000</AUST>
    <BRNN>46,290000</BRNN>
    <COAC>46,290000</COAC>
    <CORS>46,290000</CORS>
    <FOGN>46,290000</FOGN>
    <FRAN>46,290000</FRAN>
    <GREC>46,290000</GREC>
    <MFTV>46,290000</MFTV>
    <PRGP>46,290000</PRGP>
    <ROSN>46,290000</ROSN>
    <SLOV>46,290000</SLOV>
    <SVIZ>46,290000</SVIZ>
    <BSP>46,290000</BSP>
    <MALT>46,290000</MALT>
    <XAUS>46,290000</XAUS>
    <XFRA>46,290000</XFRA>
  </Prezzi>
  <Prezzi>
    <Data>20180402</Data>
    <Mercato>MGP</Mercato>
    <Ora>13</Ora>
    <PUN>40,000000</PUN>
    <NAT>40,000000</NAT>
    <CNOR>40,000000</CNOR>
    <CSUD>40,000000</CSUD>
    <NORD>40,000000</NORD>
    <SARD>40,000000</SARD>
    <SICI>40,000000</SICI>
    <SUD>40,000000</SUD>
    <AUST>40,000000</AUST>
    <BRNN>40,000000</BRNN>
    <COAC>40,000000</COAC>
    <CORS>40,000000</CORS>
    <FOGN>40,000000</FOGN>
    <FRAN>40,000000</FRAN>
    <GREC>40,000000</GREC>
    <MFTV>40,000000</MFTV>
    <PRGP>40,000000</PRGP>
    <ROSN>40,000000</ROSN>
    <SLOV>40,000000</SLOV>
    <SVIZ>40,000000</SVIZ>
    <BSP>40,000000</BSP>
    <MALT>40,000000</MALT>
    <XAUS>40,000000</XAUS>
    <XFRA>40,000000</XFRA>
  </Prezzi>
  <Prezzi>
    <Data>20180402</Data>
    <Mercato>MGP</Mercato>
    <Ora>14</Ora>
    <PUN>24,925430</PUN>
    <NAT>24,990000</NAT>
    <CNOR>24,925430</CNOR>
    <CSUD>24,925430</CSUD>
    <NORD>24,925430</NORD>
    <SARD>24,925430</SARD>
    <SICI>24,925430</SICI>
    <SUD>24,925430</SUD>
    <AUST>24,925430</AUST>
    <BRNN>24,925430</BRNN>
    <COAC>24,925430</COAC>
    <CORS>24,925430</CORS>
    <FOGN>24,925430</FOGN>
    <FRAN>24,925430</FRAN>
    <GREC>24,925430</GREC>
    <MFTV>24,925430</MFTV>
    <PRGP>24,925430</PRGP>
    <ROSN>24,925430</ROSN>
    <SLOV>24,925430</SLOV>
    <SVIZ>24,925430</SVIZ>
    <BSP>24,925430</BSP>
    <MALT>24,925430</MALT>
    <XAUS>24,925430</XAUS>
    <XFRA>24,925430</XFRA>
  </Prezzi>
  <Prezzi>
    <Data>20180402</Data>
    <Mercato>MGP</Mercato>
    <Ora>15</Ora>
    <PUN>21,746670</PUN>
    <NAT>21,650000</NAT>
    <CNOR>21,746670</CNOR>
    <CSUD>21,746670</CSUD>
    <NORD>21,746670</NORD>
    <SARD>21,746670</SARD>
    <SICI>21,746670</SICI>
    <SUD>21,746670</SUD>
    <AUST>21,746670</AUST>
    <BRNN>21,746670</BRNN>
    <COAC>21,746670</COAC>
    <CORS>21,746670</CORS>
    <FOGN>21,746670</FOGN>
    <FRAN>21,746670</FRAN>
    <GREC>21,746670</GREC>
    <MFTV>21,746670</MFTV>
    <PRGP>21,746670</PRGP>
    <ROSN>21,746670</ROSN>
    <SLOV>21,746670</SLOV>
    <SVIZ>21,746670</SVIZ>
    <BSP>21,746670</BSP>
    <MALT>21,746670</MALT>
    <XAUS>21,746670</XAUS>
    <XFRA>21,746670</XFRA>
  </Prezzi>
  <Prezzi>
    <Data>20180402</Data>
    <Mercato>MGP</Mercato>
    <Ora>16</Ora>
    <PUN>29,920000</PUN>
    <NAT>29,920000</NAT>
    <CNOR>29,920000</CNOR>
    <CSUD>29,920000</CSUD>
    <NORD>29,920000</NORD>
    <SARD>29,920000</SARD>
    <SICI>29,920000</SICI>
    <SUD>29,920000</SUD>
    <AUST>29,920000</AUST>
    <BRNN>29,920000</BRNN>
    <COAC>29,920000</COAC>
    <CORS>29,920000</CORS>
    <FOGN>29,920000</FOGN>
    <FRAN>29,920000</FRAN>
    <GREC>29,920000</GREC>
    <MFTV>29,920000</MFTV>
    <PRGP>29,920000</PRGP>
    <ROSN>29,920000</ROSN>
    <SLOV>29,920000</SLOV>
    <SVIZ>29,920000</SVIZ>
    <BSP>29,920000</BSP>
    <MALT>29,920000</MALT>
    <XAUS>29,920000</XAUS>
    <XFRA>29,920000</XFRA>
  </Prezzi>
  <Prezzi>
    <Data>20180402</Data>
    <Mercato>MGP</Mercato>
    <Ora>17</Ora>
    <PUN>44,360000</PUN>
    <NAT>44,360000</NAT>
    <CNOR>44,360000</CNOR>
    <CSUD>44,360000</CSUD>
    <NORD>44,360000</NORD>
    <SARD>44,360000</SARD>
    <SICI>44,360000</SICI>
    <SUD>44,360000</SUD>
    <AUST>44,360000</AUST>
    <BRNN>44,360000</BRNN>
    <COAC>44,360000</COAC>
    <CORS>44,360000</CORS>
    <FOGN>44,360000</FOGN>
    <FRAN>44,360000</FRAN>
    <GREC>44,360000</GREC>
    <MFTV>44,360000</MFTV>
    <PRGP>44,360000</PRGP>
    <ROSN>44,360000</ROSN>
    <SLOV>44,360000</SLOV>
    <SVIZ>44,360000</SVIZ>
    <BSP>44,360000</BSP>
    <MALT>44,360000</MALT>
    <XAUS>44,360000</XAUS>
    <XFRA>44,360000</XFRA>
  </Prezzi>
  <Prezzi>
    <Data>20180402</Data>
    <Mercato>MGP</Mercato>
    <Ora>18</Ora>
    <PUN>50,000000</PUN>
    <NAT>50,000000</NAT>
    <CNOR>50,000000</CNOR>
    <CSUD>50,000000</CSUD>
    <NORD>50,000000</NORD>
    <SARD>50,000000</SARD>
    <SICI>50,000000</SICI>
    <SUD>50,000000</SUD>
    <AUST>50,000000</AUST>
    <BRNN>50,000000</BRNN>
    <COAC>50,000000</COAC>
    <CORS>50,000000</CORS>
    <FOGN>50,000000</FOGN>
    <FRAN>50,000000</FRAN>
    <GREC>50,000000</GREC>
    <MFTV>50,000000</MFTV>
    <PRGP>50,000000</PRGP>
    <ROSN>50,000000</ROSN>
    <SLOV>50,000000</SLOV>
    <SVIZ>50,000000</SVIZ>
    <BSP>50,000000</BSP>
    <MALT>50,000000</MALT>
    <XAUS>50,000000</XAUS>
    <XFRA>50,000000</XFRA>
  </Prezzi>
  <Prezzi>
    <Data>20180402</Data>
    <Mercato>MGP</Mercato>
    <Ora>19</Ora>
    <PUN>57,330000</PUN>
    <NAT>57,330000</NAT>
    <CNOR>57,330000</CNOR>
    <CSUD>57,330000</CSUD>
    <NORD>57,330000</NORD>
    <SARD>57,330000</SARD>
    <SICI>57,330000</SICI>
    <SUD>57,330000</SUD>
    <AUST>57,330000</AUST>
    <BRNN>57,330000</BRNN>
    <COAC>57,330000</COAC>
    <CORS>57,330000</CORS>
    <FOGN>57,330000</FOGN>
    <FRAN>57,330000</FRAN>
    <GREC>57,330000</GREC>
    <MFTV>57,330000</MFTV>
    <PRGP>57,330000</PRGP>
    <ROSN>57,330000</ROSN>
    <SLOV>57,330000</SLOV>
    <SVIZ>57,330000</SVIZ>
    <BSP>57,330000</BSP>
    <MALT>57,330000</MALT>
    <XAUS>57,330000</XAUS>
    <XFRA>57,330000</XFRA>
  </Prezzi>
  <Prezzi>
    <Data>20180402</Data>
    <Mercato>MGP</Mercato>
    <Ora>20</Ora>
    <PUN>78,361200</PUN>
    <NAT>77,890000</NAT>
    <CNOR>77,890000</CNOR>
    <CSUD>77,890000</CSUD>
    <NORD>77,890000</NORD>
    <SARD>77,890000</SARD>
    <SICI>84,800000</SICI>
    <SUD>77,890000</SUD>
    <AUST>77,890000</AUST>
    <BRNN>77,890000</BRNN>
    <COAC>77,890000</COAC>
    <CORS>77,890000</CORS>
    <FOGN>77,890000</FOGN>
    <FRAN>77,890000</FRAN>
    <GREC>77,890000</GREC>
    <MFTV>77,890000</MFTV>
    <PRGP>84,800000</PRGP>
    <ROSN>77,890000</ROSN>
    <SLOV>77,890000</SLOV>
    <SVIZ>77,890000</SVIZ>
    <BSP>77,890000</BSP>
    <MALT>84,800000</MALT>
    <XAUS>77,890000</XAUS>
    <XFRA>77,890000</XFRA>
  </Prezzi>
  <Prezzi>
    <Data>20180402</Data>
    <Mercato>MGP</Mercato>
    <Ora>21</Ora>
    <PUN>100,530000</PUN>
    <NAT>100,530000</NAT>
    <CNOR>100,530000</CNOR>
    <CSUD>100,530000</CSUD>
    <NORD>100,530000</NORD>
    <SARD>100,530000</SARD>
    <SICI>100,530000</SICI>
    <SUD>100,530000</SUD>
    <AUST>100,530000</AUST>
    <BRNN>100,530000</BRNN>
    <COAC>100,530000</COAC>
    <CORS>100,530000</CORS>
    <FOGN>100,530000</FOGN>
    <FRAN>100,530000</FRAN>
    <GREC>100,530000</GREC>
    <MFTV>100,530000</MFTV>
    <PRGP>100,530000</PRGP>
    <ROSN>100,530000</ROSN>
    <SLOV>100,530000</SLOV>
    <SVIZ>100,530000</SVIZ>
    <BSP>100,530000</BSP>
    <MALT>100,530000</MALT>
    <XAUS>100,530000</XAUS>
    <XFRA>100,530000</XFRA>
  </Prezzi>
  <Prezzi>
    <Data>20180402</Data>
    <Mercato>MGP</Mercato>
    <Ora>22</Ora>
    <PUN>89,300000</PUN>
    <NAT>89,300000</NAT>
    <CNOR>89,300000</CNOR>
    <CSUD>89,300000</CSUD>
    <NORD>89,300000</NORD>
    <SARD>89,300000</SARD>
    <SICI>89,300000</SICI>
    <SUD>89,300000</SUD>
    <AUST>89,300000</AUST>
    <BRNN>89,300000</BRNN>
    <COAC>89,300000</COAC>
    <CORS>89,300000</CORS>
    <FOGN>89,300000</FOGN>
    <FRAN>89,300000</FRAN>
    <GREC>89,300000</GREC>
    <MFTV>89,300000</MFTV>
    <PRGP>89,300000</PRGP>
    <ROSN>89,300000</ROSN>
    <SLOV>89,300000</SLOV>
    <SVIZ>89,300000</SVIZ>
    <BSP>89,300000</BSP>
    <MALT>89,300000</MALT>
    <XAUS>89,300000</XAUS>
    <XFRA>89,300000</XFRA>
  </Prezzi>
  <Prezzi>
    <Data>20180402</Data>
    <Mercato>MGP</Mercato>
    <Ora>23</Ora>
    <PUN>78,388110</PUN>
    <NAT>77,890000</NAT>
    <CNOR>77,890000</CNOR>
    <CSUD>77,890000</CSUD>
    <NORD>77,890000</NORD>
    <SARD>77,890000</SARD>
    <SICI>84,800000</SICI>
    <SUD>77,890000</SUD>
    <AUST>77,890000</AUST>
    <BRNN>77,890000</BRNN>
    <COAC>77,890000</COAC>
    <CORS>77,890000</CORS>
    <FOGN>77,890000</FOGN>
    <FRAN>77,890000</FRAN>
    <GREC>77,890000</GREC>
    <MFTV>77,890000</MFTV>
    <PRGP>84,800000</PRGP>
    <ROSN>77,890000</ROSN>
    <SLOV>77,890000</SLOV>
    <SVIZ>77,890000</SVIZ>
    <BSP>77,890000</BSP>
    <MALT>84,800000</MALT>
    <XAUS>77,890000</XAUS>
    <XFRA>77,890000</XFRA>
  </Prezzi>
  <Prezzi>
    <Data>20180402</Data>
    <Mercato>MGP</Mercato>
    <Ora>24</Ora>
    <PUN>62,250000</PUN>
    <NAT>62,250000</NAT>
    <CNOR>62,250000</CNOR>
    <CSUD>62,250000</CSUD>
    <NORD>62,250000</NORD>
    <SARD>62,250000</SARD>
    <SICI>62,250000</SICI>
    <SUD>62,250000</SUD>
    <AUST>62,250000</AUST>
    <BRNN>62,250000</BRNN>
    <COAC>62,250000</COAC>
    <CORS>62,250000</CORS>
    <FOGN>62,250000</FOGN>
    <FRAN>62,250000</FRAN>
    <GREC>62,250000</GREC>
    <MFTV>62,250000</MFTV>
    <PRGP>62,250000</PRGP>
    <ROSN>62,250000</ROSN>
    <SLOV>62,250000</SLOV>
    <SVIZ>62,250000</SVIZ>
    <BSP>62,250000</BSP>
    <MALT>62,250000</MALT>
    <XAUS>62,250000</XAUS>
    <XFRA>62,250000</XFRA>
  </Prezzi>
</NewDataSet>