<?xml version="1.0" standalone="yes"?>
<NewDataSet>
  <xs:schema id="NewDataSet" xmlns="" xmlns:xs="http://www.w3.org/2001/XMLSchema" xmlns:msdata="urn:schemas-microsoft-com:xml-msdata">
    <xs:element name="NewDataSet" msdata:IsDataSet="true" msdata:UseCurrentLocale="true">
      <xs:complexType>
        <xs:choice minOccurs="0" maxOccurs="unbounded">
          <xs:element name="Prezzi">
            <xs:complexType>
              <xs:sequence>
                <xs:element name="Data" type="xs:string" minOccurs="0" />
                <xs:element name="Mercato" type="xs:string" minOccurs="0" />
                <xs:element name="Ora" type="xs:string" minOccurs="0" />
                <xs:element name="PUN" type="xs:string" minOccurs="0" />
                <xs:element name="NAT" type="xs:string" minOccurs="0" />
                <xs:element name="CNOR" type="xs:string" minOccurs="0" />
                <xs:element name="CSUD" type="xs:string" minOccurs="0" />
                <xs:element name="NORD" type="xs:string" minOccurs="0" />
                <xs:element name="SARD" type="xs:string" minOccurs="0" />
                <xs:element name="SICI" type="xs:string" minOccurs="0" />
                <xs:element name="SUD" type="xs:string" minOccurs="0" />
                <xs:element name="AUST" type="xs:string" minOccurs="0" />
                <xs:element name="BRNN" type="xs:string" minOccurs="0" />
                <xs:element name="COAC" type="xs:string" minOccurs="0" />
                <xs:element name="CORS" type="xs:string" minOccurs="0" />
                <xs:element name="FOGN" type="xs:string" minOccurs="0" />
                <xs:element name="FRAN" type="xs:string" minOccurs="0" />
                <xs:element name="GREC" type="xs:string" minOccurs="0" />
                <xs:element name="MFTV" type="xs:string" minOccurs="0" />
                <xs:element name="PRGP" type="xs:string" minOccurs="0" />
                <xs:element name="ROSN" type="xs:string" minOccurs="0" />
                <xs:element name="SLOV" type="xs:string" minOccurs="0" />
                <xs:element name="SVIZ" type="xs:string" minOccurs="0" />
                <xs:element name="BSP" type="xs:string" minOccurs="0" />
                <xs:element name="MALT" type="xs:string" minOccurs="0" />
                <xs:element name="XAUS" type="xs:string" minOccurs="0" />
                <xs:element name="XFRA" type="xs:string" minOccurs="0" />
              </xs:sequence>
            </xs:complexType>
          </xs:element>
        </xs:choice>
      </xs:complexType>
    </xs:element>
  </xs:schema>
  <Prezzi>
    <Data>20180404</Data>
    <Mercato>MGP</Mercato>
    <Ora>1</Ora>
    <PUN>48,510000</PUN>
    <NAT>48,510000</NAT>
    <CNOR>48,510000</CNOR>
    <CSUD>48,510000</CSUD>
    <NORD>48,510000</NORD>
    <SARD>48,510000</SARD>
    <SICI>48,510000</SICI>
    <SUD>48,510000</SUD>
    <AUST>48,510000</AUST>
    <BRNN>48,510000</BRNN>
    <COAC>48,510000</COAC>
    <CORS>48,510000</CORS>
    <FOGN>48,510000</FOGN>
    <FRAN>48,510000</FRAN>
    <GREC>48,510000</GREC>
    <MFTV>48,510000</MFTV>
    <PRGP>48,510000</PRGP>
    <ROSN>48,510000</ROSN>
    <SLOV>48,510000</SLOV>
    <SVIZ>48,510000</SVIZ>
    <BSP>48,510000</BSP>
    <MALT>48,510000</MALT>
    <XAUS>48,510000</XAUS>
    <XFRA>48,510000</XFRA>
  </Prezzi>
  <Prezzi>
    <Data>20180404</Data>
    <Mercato>MGP</Mercato>
    <Ora>2</Ora>
    <PUN>46,320000</PUN>
    <NAT>46,320000</NAT>
    <CNOR>46,320000</CNOR>
    <CSUD>46,320000</CSUD>
    <NORD>46,320000</NORD>
    <SARD>46,320000</SARD>
    <SICI>46,320000</SICI>
    <SUD>46,320000</SUD>
    <AUST>46,320000</AUST>
    <BRNN>46,320000</BRNN>
    <COAC>46,320000</COAC>
    <CORS>46,320000</CORS>
    <FOGN>46,320000</FOGN>
    <FRAN>46,320000</FRAN>
    <GREC>46,320000</GREC>
    <MFTV>46,320000</MFTV>
    <PRGP>46,320000</PRGP>
    <ROSN>46,320000</ROSN>
    <SLOV>46,320000</SLOV>
    <SVIZ>46,320000</SVIZ>
    <BSP>46,320000</BSP>
    <MALT>46,320000</MALT>
    <XAUS>46,320000</XAUS>
    <XFRA>46,320000</XFRA>
  </Prezzi>
  <Prezzi>
    <Data>20180404</Data>
    <Mercato>MGP</Mercato>
    <Ora>3</Ora>
    <PUN>46,460000</PUN>
    <NAT>46,460000</NAT>
    <CNOR>46,460000</CNOR>
    <CSUD>46,460000</CSUD>
    <NORD>46,460000</NORD>
    <SARD>46,460000</SARD>
    <SICI>46,460000</SICI>
    <SUD>46,460000</SUD>
    <AUST>46,460000</AUST>
    <BRNN>46,460000</BRNN>
    <COAC>46,460000</COAC>
    <CORS>46,460000</CORS>
    <FOGN>46,460000</FOGN>
    <FRAN>46,460000</FRAN>
    <GREC>46,460000</GREC>
    <MFTV>46,460000</MFTV>
    <PRGP>46,460000</PRGP>
    <ROSN>46,460000</ROSN>
    <SLOV>46,460000</SLOV>
    <SVIZ>46,460000</SVIZ>
    <BSP>46,460000</BSP>
    <MALT>46,460000</MALT>
    <XAUS>46,460000</XAUS>
    <XFRA>46,460000</XFRA>
  </Prezzi>
  <Prezzi>
    <Data>20180404</Data>
    <Mercato>MGP</Mercato>
    <Ora>4</Ora>
    <PUN>50,950000</PUN>
    <NAT>50,950000</NAT>
    <CNOR>50,950000</CNOR>
    <CSUD>50,950000</CSUD>
    <NORD>50,950000</NORD>
    <SARD>50,950000</SARD>
    <SICI>50,950000</SICI>
    <SUD>50,950000</SUD>
    <AUST>50,950000</AUST>
    <BRNN>50,950000</BRNN>
    <COAC>50,950000</COAC>
    <CORS>50,950000</CORS>
    <FOGN>50,950000</FOGN>
    <FRAN>50,950000</FRAN>
    <GREC>50,950000</GREC>
    <MFTV>50,950000</MFTV>
    <PRGP>50,950000</PRGP>
    <ROSN>50,950000</ROSN>
    <SLOV>50,950000</SLOV>
    <SVIZ>50,950000</SVIZ>
    <BSP>50,950000</BSP>
    <MALT>50,950000</MALT>
    <XAUS>50,950000</XAUS>
    <XFRA>50,950000</XFRA>
  </Prezzi>
  <Prezzi>
    <Data>20180404</Data>
    <Mercato>MGP</Mercato>
    <Ora>5</Ora>
    <PUN>50,950000</PUN>
    <NAT>50,950000</NAT>
    <CNOR>50,950000</CNOR>
    <CSUD>50,950000</CSUD>
    <NORD>50,950000</NORD>
    <SARD>50,950000</SARD>
    <SICI>50,950000</SICI>
    <SUD>50,950000</SUD>
    <AUST>50,950000</AUST>
    <BRNN>50,950000</BRNN>
    <COAC>50,950000</COAC>
    <CORS>50,950000</CORS>
    <FOGN>50,950000</FOGN>
    <FRAN>50,950000</FRAN>
    <GREC>50,950000</GREC>
    <MFTV>50,950000</MFTV>
    <PRGP>50,950000</PRGP>
    <ROSN>50,950000</ROSN>
    <SLOV>50,950000</SLOV>
    <SVIZ>50,950000</SVIZ>
    <BSP>50,950000</BSP>
    <MALT>50,950000</MALT>
    <XAUS>50,950000</XAUS>
    <XFRA>50,950000</XFRA>
  </Prezzi>
  <Prezzi>
    <Data>20180404</Data>
    <Mercato>MGP</Mercato>
    <Ora>6</Ora>
    <PUN>53,000000</PUN>
    <NAT>53,000000</NAT>
    <CNOR>53,000000</CNOR>
    <CSUD>53,000000</CSUD>
    <NORD>53,000000</NORD>
    <SARD>53,000000</SARD>
    <SICI>53,000000</SICI>
    <SUD>53,000000</SUD>
    <AUST>53,000000</AUST>
    <BRNN>53,000000</BRNN>
    <COAC>53,000000</COAC>
    <CORS>53,000000</CORS>
    <FOGN>53,000000</FOGN>
    <FRAN>53,000000</FRAN>
    <GREC>53,000000</GREC>
    <MFTV>53,000000</MFTV>
    <PRGP>53,000000</PRGP>
    <ROSN>53,000000</ROSN>
    <SLOV>53,000000</SLOV>
    <SVIZ>53,000000</SVIZ>
    <BSP>53,000000</BSP>
    <MALT>53,000000</MALT>
    <XAUS>53,000000</XAUS>
    <XFRA>53,000000</XFRA>
  </Prezzi>
  <Prezzi>
    <Data>20180404</Data>
    <Mercato>MGP</Mercato>
    <Ora>7</Ora>
    <PUN>58,850000</PUN>
    <NAT>58,850000</NAT>
    <CNOR>58,850000</CNOR>
    <CSUD>58,850000</CSUD>
    <NORD>58,850000</NORD>
    <SARD>58,850000</SARD>
    <SICI>58,850000</SICI>
    <SUD>58,850000</SUD>
    <AUST>58,850000</AUST>
    <BRNN>58,850000</BRNN>
    <COAC>58,850000</COAC>
    <CORS>58,850000</CORS>
    <FOGN>58,850000</FOGN>
    <FRAN>58,850000</FRAN>
    <GREC>58,850000</GREC>
    <MFTV>58,850000</MFTV>
    <PRGP>58,850000</PRGP>
    <ROSN>58,850000</ROSN>
    <SLOV>58,850000</SLOV>
    <SVIZ>58,850000</SVIZ>
    <BSP>58,850000</BSP>
    <MALT>58,850000</MALT>
    <XAUS>58,850000</XAUS>
    <XFRA>58,850000</XFRA>
  </Prezzi>
  <Prezzi>
    <Data>20180404</Data>
    <Mercato>MGP</Mercato>
    <Ora>8</Ora>
    <PUN>62,800000</PUN>
    <NAT>62,800000</NAT>
    <CNOR>62,800000</CNOR>
    <CSUD>62,800000</CSUD>
    <NORD>62,800000</NORD>
    <SARD>62,800000</SARD>
    <SICI>62,800000</SICI>
    <SUD>62,800000</SUD>
    <AUST>62,800000</AUST>
    <BRNN>62,800000</BRNN>
    <COAC>62,800000</COAC>
    <CORS>62,800000</CORS>
    <FOGN>62,800000</FOGN>
    <FRAN>62,800000</FRAN>
    <GREC>62,800000</GREC>
    <MFTV>62,800000</MFTV>
    <PRGP>62,800000</PRGP>
    <ROSN>62,800000</ROSN>
    <SLOV>62,800000</SLOV>
    <SVIZ>62,800000</SVIZ>
    <BSP>62,800000</BSP>
    <MALT>62,800000</MALT>
    <XAUS>62,800000</XAUS>
    <XFRA>62,800000</XFRA>
  </Prezzi>
  <Prezzi>
    <Data>20180404</Data>
    <Mercato>MGP</Mercato>
    <Ora>9</Ora>
    <PUN>80,000000</PUN>
    <NAT>80,000000</NAT>
    <CNOR>80,000000</CNOR>
    <CSUD>80,000000</CSUD>
    <NORD>80,000000</NORD>
    <SARD>80,000000</SARD>
    <SICI>80,000000</SICI>
    <SUD>80,000000</SUD>
    <AUST>80,000000</AUST>
    <BRNN>80,000000</BRNN>
    <COAC>80,000000</COAC>
    <CORS>80,000000</CORS>
    <FOGN>80,000000</FOGN>
    <FRAN>80,000000</FRAN>
    <GREC>80,000000</GREC>
    <MFTV>80,000000</MFTV>
    <PRGP>80,000000</PRGP>
    <ROSN>80,000000</ROSN>
    <SLOV>80,000000</SLOV>
    <SVIZ>80,000000</SVIZ>
    <BSP>80,000000</BSP>
    <MALT>80,000000</MALT>
    <XAUS>80,000000</XAUS>
    <XFRA>80,000000</XFRA>
  </Prezzi>
  <Prezzi>
    <Data>20180404</Data>
    <Mercato>MGP</Mercato>
    <Ora>10</Ora>
    <PUN>78,352300</PUN>
    <NAT>77,490000</NAT>
    <CNOR>78,710000</CNOR>
    <CSUD>77,490000</CSUD>
    <NORD>78,710000</NORD>
    <SARD>77,490000</SARD>
    <SICI>77,490000</SICI>
    <SUD>77,490000</SUD>
    <AUST>78,710000</AUST>
    <BRNN>77,490000</BRNN>
    <COAC>77,490000</COAC>
    <CORS>78,710000</CORS>
    <FOGN>77,490000</FOGN>
    <FRAN>78,710000</FRAN>
    <GREC>77,490000</GREC>
    <MFTV>78,710000</MFTV>
    <PRGP>77,490000</PRGP>
    <ROSN>77,490000</ROSN>
    <SLOV>78,710000</SLOV>
    <SVIZ>78,710000</SVIZ>
    <BSP>78,710000</BSP>
    <MALT>77,490000</MALT>
    <XAUS>78,710000</XAUS>
    <XFRA>78,710000</XFRA>
  </Prezzi>
  <Prezzi>
    <Data>20180404</Data>
    <Mercato>MGP</Mercato>
    <Ora>11</Ora>
    <PUN>68,793940</PUN>
    <NAT>64,660000</NAT>
    <CNOR>73,570000</CNOR>
    <CSUD>57,120000</CSUD>
    <NORD>73,570000</NORD>
    <SARD>57,120000</SARD>
    <SICI>57,120000</SICI>
    <SUD>57,120000</SUD>
    <AUST>73,570000</AUST>
    <BRNN>57,120000</BRNN>
    <COAC>57,120000</COAC>
    <CORS>73,570000</CORS>
    <FOGN>57,120000</FOGN>
    <FRAN>73,570000</FRAN>
    <GREC>57,120000</GREC>
    <MFTV>73,570000</MFTV>
    <PRGP>57,120000</PRGP>
    <ROSN>57,120000</ROSN>
    <SLOV>73,570000</SLOV>
    <SVIZ>73,570000</SVIZ>
    <BSP>73,570000</BSP>
    <MALT>57,120000</MALT>
    <XAUS>73,570000</XAUS>
    <XFRA>73,570000</XFRA>
  </Prezzi>
  <Prezzi>
    <Data>20180404</Data>
    <Mercato>MGP</Mercato>
    <Ora>12</Ora>
    <PUN>59,566260</PUN>
    <NAT>58,540000</NAT>
    <CNOR>62,800000</CNOR>
    <CSUD>51,640000</CSUD>
    <NORD>62,800000</NORD>
    <SARD>51,640000</SARD>
    <SICI>51,640000</SICI>
    <SUD>51,640000</SUD>
    <AUST>62,800000</AUST>
    <BRNN>51,640000</BRNN>
    <COAC>51,640000</COAC>
    <CORS>62,800000</CORS>
    <FOGN>51,640000</FOGN>
    <FRAN>62,800000</FRAN>
    <GREC>51,640000</GREC>
    <MFTV>62,800000</MFTV>
    <PRGP>51,640000</PRGP>
    <ROSN>51,640000</ROSN>
    <SLOV>62,800000</SLOV>
    <SVIZ>62,800000</SVIZ>
    <BSP>62,800000</BSP>
    <MALT>51,640000</MALT>
    <XAUS>62,800000</XAUS>
    <XFRA>62,800000</XFRA>
  </Prezzi>
  <Prezzi>
    <Data>20180404</Data>
    <Mercato>MGP</Mercato>
    <Ora>13</Ora>
    <PUN>56,176140</PUN>
    <NAT>53,640000</NAT>
    <CNOR>58,850000</CNOR>
    <CSUD>50,000000</CSUD>
    <NORD>58,850000</NORD>
    <SARD>50,000000</SARD>
    <SICI>50,000000</SICI>
    <SUD>50,000000</SUD>
    <AUST>58,850000</AUST>
    <BRNN>50,000000</BRNN>
    <COAC>50,000000</COAC>
    <CORS>58,850000</CORS>
    <FOGN>50,000000</FOGN>
    <FRAN>58,850000</FRAN>
    <GREC>50,000000</GREC>
    <MFTV>58,850000</MFTV>
    <PRGP>50,000000</PRGP>
    <ROSN>50,000000</ROSN>
    <SLOV>58,850000</SLOV>
    <SVIZ>58,850000</SVIZ>
    <BSP>58,850000</BSP>
    <MALT>50,000000</MALT>
    <XAUS>58,850000</XAUS>
    <XFRA>58,850000</XFRA>
  </Prezzi>
  <Prezzi>
    <Data>20180404</Data>
    <Mercato>MGP</Mercato>
    <Ora>14</Ora>
    <PUN>53,663280</PUN>
    <NAT>50,990000</NAT>
    <CNOR>55,220000</CNOR>
    <CSUD>49,950000</CSUD>
    <NORD>55,220000</NORD>
    <SARD>49,950000</SARD>
    <SICI>49,950000</SICI>
    <SUD>49,950000</SUD>
    <AUST>55,220000</AUST>
    <BRNN>49,950000</BRNN>
    <COAC>49,950000</COAC>
    <CORS>55,220000</CORS>
    <FOGN>49,950000</FOGN>
    <FRAN>55,220000</FRAN>
    <GREC>49,950000</GREC>
    <MFTV>55,220000</MFTV>
    <PRGP>49,950000</PRGP>
    <ROSN>49,950000</ROSN>
    <SLOV>55,220000</SLOV>
    <SVIZ>55,220000</SVIZ>
    <BSP>55,220000</BSP>
    <MALT>49,950000</MALT>
    <XAUS>55,220000</XAUS>
    <XFRA>55,220000</XFRA>
  </Prezzi>
  <Prezzi>
    <Data>20180404</Data>
    <Mercato>MGP</Mercato>
    <Ora>15</Ora>
    <PUN>59,078600</PUN>
    <NAT>54,940000</NAT>
    <CNOR>62,800000</CNOR>
    <CSUD>49,950000</CSUD>
    <NORD>62,800000</NORD>
    <SARD>49,950000</SARD>
    <SICI>49,950000</SICI>
    <SUD>49,950000</SUD>
    <AUST>62,800000</AUST>
    <BRNN>49,950000</BRNN>
    <COAC>49,950000</COAC>
    <CORS>62,800000</CORS>
    <FOGN>49,950000</FOGN>
    <FRAN>62,800000</FRAN>
    <GREC>49,950000</GREC>
    <MFTV>62,800000</MFTV>
    <PRGP>49,950000</PRGP>
    <ROSN>49,950000</ROSN>
    <SLOV>62,800000</SLOV>
    <SVIZ>62,800000</SVIZ>
    <BSP>62,800000</BSP>
    <MALT>49,950000</MALT>
    <XAUS>62,800000</XAUS>
    <XFRA>62,800000</XFRA>
  </Prezzi>
  <Prezzi>
    <Data>20180404</Data>
    <Mercato>MGP</Mercato>
    <Ora>16</Ora>
    <PUN>56,290240</PUN>
    <NAT>54,940000</NAT>
    <CNOR>58,540000</CNOR>
    <CSUD>50,780000</CSUD>
    <NORD>58,540000</NORD>
    <SARD>50,780000</SARD>
    <SICI>50,780000</SICI>
    <SUD>50,780000</SUD>
    <AUST>58,540000</AUST>
    <BRNN>50,780000</BRNN>
    <COAC>50,780000</COAC>
    <CORS>58,540000</CORS>
    <FOGN>50,780000</FOGN>
    <FRAN>58,540000</FRAN>
    <GREC>50,780000</GREC>
    <MFTV>58,540000</MFTV>
    <PRGP>50,780000</PRGP>
    <ROSN>50,780000</ROSN>
    <SLOV>58,540000</SLOV>
    <SVIZ>58,540000</SVIZ>
    <BSP>58,540000</BSP>
    <MALT>50,780000</MALT>
    <XAUS>58,540000</XAUS>
    <XFRA>58,540000</XFRA>
  </Prezzi>
  <Prezzi>
    <Data>20180404</Data>
    <Mercato>MGP</Mercato>
    <Ora>17</Ora>
    <PUN>54,773730</PUN>
    <NAT>54,940000</NAT>
    <CNOR>55,210000</CNOR>
    <CSUD>53,730000</CSUD>
    <NORD>55,210000</NORD>
    <SARD>53,730000</SARD>
    <SICI>53,730000</SICI>
    <SUD>53,730000</SUD>
    <AUST>55,210000</AUST>
    <BRNN>53,730000</BRNN>
    <COAC>53,730000</COAC>
    <CORS>55,210000</CORS>
    <FOGN>53,730000</FOGN>
    <FRAN>55,210000</FRAN>
    <GREC>53,730000</GREC>
    <MFTV>55,210000</MFTV>
    <PRGP>53,730000</PRGP>
    <ROSN>53,730000</ROSN>
    <SLOV>55,210000</SLOV>
    <SVIZ>55,210000</SVIZ>
    <BSP>55,210000</BSP>
    <MALT>53,730000</MALT>
    <XAUS>55,210000</XAUS>
    <XFRA>55,210000</XFRA>
  </Prezzi>
  <Prezzi>
    <Data>20180404</Data>
    <Mercato>MGP</Mercato>
    <Ora>18</Ora>
    <PUN>55,220000</PUN>
    <NAT>55,220000</NAT>
    <CNOR>55,220000</CNOR>
    <CSUD>55,220000</CSUD>
    <NORD>55,220000</NORD>
    <SARD>55,220000</SARD>
    <SICI>55,220000</SICI>
    <SUD>55,220000</SUD>
    <AUST>55,220000</AUST>
    <BRNN>55,220000</BRNN>
    <COAC>55,220000</COAC>
    <CORS>55,220000</CORS>
    <FOGN>55,220000</FOGN>
    <FRAN>55,220000</FRAN>
    <GREC>55,220000</GREC>
    <MFTV>55,220000</MFTV>
    <PRGP>55,220000</PRGP>
    <ROSN>55,220000</ROSN>
    <SLOV>55,220000</SLOV>
    <SVIZ>55,220000</SVIZ>
    <BSP>55,220000</BSP>
    <MALT>55,220000</MALT>
    <XAUS>55,220000</XAUS>
    <XFRA>55,220000</XFRA>
  </Prezzi>
  <Prezzi>
    <Data>20180404</Data>
    <Mercato>MGP</Mercato>
    <Ora>19</Ora>
    <PUN>57,751710</PUN>
    <NAT>58,360000</NAT>
    <CNOR>57,490000</CNOR>
    <CSUD>57,490000</CSUD>
    <NORD>57,490000</NORD>
    <SARD>57,490000</SARD>
    <SICI>62,130000</SICI>
    <SUD>57,490000</SUD>
    <AUST>57,490000</AUST>
    <BRNN>57,490000</BRNN>
    <COAC>57,490000</COAC>
    <CORS>57,490000</CORS>
    <FOGN>57,490000</FOGN>
    <FRAN>57,490000</FRAN>
    <GREC>57,490000</GREC>
    <MFTV>57,490000</MFTV>
    <PRGP>62,130000</PRGP>
    <ROSN>57,490000</ROSN>
    <SLOV>57,490000</SLOV>
    <SVIZ>57,490000</SVIZ>
    <BSP>57,490000</BSP>
    <MALT>62,130000</MALT>
    <XAUS>57,490000</XAUS>
    <XFRA>57,490000</XFRA>
  </Prezzi>
  <Prezzi>
    <Data>20180404</Data>
    <Mercato>MGP</Mercato>
    <Ora>20</Ora>
    <PUN>67,618440</PUN>
    <NAT>68,000000</NAT>
    <CNOR>66,370000</CNOR>
    <CSUD>66,370000</CSUD>
    <NORD>66,370000</NORD>
    <SARD>66,370000</SARD>
    <SICI>87,500000</SICI>
    <SUD>66,370000</SUD>
    <AUST>66,370000</AUST>
    <BRNN>66,370000</BRNN>
    <COAC>66,370000</COAC>
    <CORS>66,370000</CORS>
    <FOGN>66,370000</FOGN>
    <FRAN>66,370000</FRAN>
    <GREC>66,370000</GREC>
    <MFTV>66,370000</MFTV>
    <PRGP>87,500000</PRGP>
    <ROSN>66,370000</ROSN>
    <SLOV>66,370000</SLOV>
    <SVIZ>66,370000</SVIZ>
    <BSP>66,370000</BSP>
    <MALT>87,500000</MALT>
    <XAUS>66,370000</XAUS>
    <XFRA>66,370000</XFRA>
  </Prezzi>
  <Prezzi>
    <Data>20180404</Data>
    <Mercato>MGP</Mercato>
    <Ora>21</Ora>
    <PUN>77,023930</PUN>
    <NAT>77,490000</NAT>
    <CNOR>76,330000</CNOR>
    <CSUD>76,330000</CSUD>
    <NORD>76,330000</NORD>
    <SARD>76,330000</SARD>
    <SICI>87,500000</SICI>
    <SUD>76,330000</SUD>
    <AUST>76,330000</AUST>
    <BRNN>76,330000</BRNN>
    <COAC>76,330000</COAC>
    <CORS>76,330000</CORS>
    <FOGN>76,330000</FOGN>
    <FRAN>76,330000</FRAN>
    <GREC>76,330000</GREC>
    <MFTV>76,330000</MFTV>
    <PRGP>87,500000</PRGP>
    <ROSN>76,330000</ROSN>
    <SLOV>76,330000</SLOV>
    <SVIZ>76,330000</SVIZ>
    <BSP>76,330000</BSP>
    <MALT>87,500000</MALT>
    <XAUS>76,330000</XAUS>
    <XFRA>76,330000</XFRA>
  </Prezzi>
  <Prezzi>
    <Data>20180404</Data>
    <Mercato>MGP</Mercato>
    <Ora>22</Ora>
    <PUN>62,657570</PUN>
    <NAT>62,130000</NAT>
    <CNOR>61,000000</CNOR>
    <CSUD>61,000000</CSUD>
    <NORD>61,000000</NORD>
    <SARD>61,000000</SARD>
    <SICI>87,500000</SICI>
    <SUD>61,000000</SUD>
    <AUST>61,000000</AUST>
    <BRNN>61,000000</BRNN>
    <COAC>61,000000</COAC>
    <CORS>61,000000</CORS>
    <FOGN>61,000000</FOGN>
    <FRAN>61,000000</FRAN>
    <GREC>61,000000</GREC>
    <MFTV>61,000000</MFTV>
    <PRGP>87,500000</PRGP>
    <ROSN>61,000000</ROSN>
    <SLOV>61,000000</SLOV>
    <SVIZ>61,000000</SVIZ>
    <BSP>61,000000</BSP>
    <MALT>87,500000</MALT>
    <XAUS>61,000000</XAUS>
    <XFRA>61,000000</XFRA>
  </Prezzi>
  <Prezzi>
    <Data>20180404</Data>
    <Mercato>MGP</Mercato>
    <Ora>23</Ora>
    <PUN>56,583590</PUN>
    <NAT>55,080000</NAT>
    <CNOR>54,940000</CNOR>
    <CSUD>54,940000</CSUD>
    <NORD>54,940000</NORD>
    <SARD>54,940000</SARD>
    <SICI>81,000000</SICI>
    <SUD>54,940000</SUD>
    <AUST>54,940000</AUST>
    <BRNN>54,940000</BRNN>
    <COAC>54,940000</COAC>
    <CORS>54,940000</CORS>
    <FOGN>54,940000</FOGN>
    <FRAN>54,940000</FRAN>
    <GREC>54,940000</GREC>
    <MFTV>54,940000</MFTV>
    <PRGP>81,000000</PRGP>
    <ROSN>54,940000</ROSN>
    <SLOV>54,940000</SLOV>
    <SVIZ>54,940000</SVIZ>
    <BSP>54,940000</BSP>
    <MALT>81,000000</MALT>
    <XAUS>54,940000</XAUS>
    <XFRA>54,940000</XFRA>
  </Prezzi>
  <Prezzi>
    <Data>20180404</Data>
    <Mercato>MGP</Mercato>
    <Ora>24</Ora>
    <PUN>50,702820</PUN>
    <NAT>49,950000</NAT>
    <CNOR>49,950000</CNOR>
    <CSUD>49,950000</CSUD>
    <NORD>49,950000</NORD>
    <SARD>49,950000</SARD>
    <SICI>62,130000</SICI>
    <SUD>49,950000</SUD>
    <AUST>49,950000</AUST>
    <BRNN>49,950000</BRNN>
    <COAC>49,950000</COAC>
    <CORS>49,950000</CORS>
    <FOGN>49,950000</FOGN>
    <FRAN>49,950000</FRAN>
    <GREC>49,950000</GREC>
    <MFTV>49,950000</MFTV>
    <PRGP>62,130000</PRGP>
    <ROSN>49,950000</ROSN>
    <SLOV>49,950000</SLOV>
    <SVIZ>49,950000</SVIZ>
    <BSP>49,950000</BSP>
    <MALT>62,130000</MALT>
    <XAUS>49,950000</XAUS>
    <XFRA>49,950000</XFRA>
  </Prezzi>
</NewDataSet>