<?xml version="1.0" standalone="yes"?>
<NewDataSet>
  <xs:schema id="NewDataSet" xmlns="" xmlns:xs="http://www.w3.org/2001/XMLSchema" xmlns:msdata="urn:schemas-microsoft-com:xml-msdata">
    <xs:element name="NewDataSet" msdata:IsDataSet="true" msdata:UseCurrentLocale="true">
      <xs:complexType>
        <xs:choice minOccurs="0" maxOccurs="unbounded">
          <xs:element name="Prezzi">
            <xs:complexType>
              <xs:sequence>
                <xs:element name="Data" type="xs:string" minOccurs="0" />
                <xs:element name="Mercato" type="xs:string" minOccurs="0" />
                <xs:element name="Ora" type="xs:string" minOccurs="0" />
                <xs:element name="PUN" type="xs:string" minOccurs="0" />
                <xs:element name="NAT" type="xs:string" minOccurs="0" />
                <xs:element name="CNOR" type="xs:string" minOccurs="0" />
                <xs:element name="CSUD" type="xs:string" minOccurs="0" />
                <xs:element name="NORD" type="xs:string" minOccurs="0" />
                <xs:element name="SARD" type="xs:string" minOccurs="0" />
                <xs:element name="SICI" type="xs:string" minOccurs="0" />
                <xs:element name="SUD" type="xs:string" minOccurs="0" />
                <xs:element name="AUST" type="xs:string" minOccurs="0" />
                <xs:element name="BRNN" type="xs:string" minOccurs="0" />
                <xs:element name="COAC" type="xs:string" minOccurs="0" />
                <xs:element name="CORS" type="xs:string" minOccurs="0" />
                <xs:element name="FOGN" type="xs:string" minOccurs="0" />
                <xs:element name="FRAN" type="xs:string" minOccurs="0" />
                <xs:element name="GREC" type="xs:string" minOccurs="0" />
                <xs:element name="MFTV" type="xs:string" minOccurs="0" />
                <xs:element name="PRGP" type="xs:string" minOccurs="0" />
                <xs:element name="ROSN" type="xs:string" minOccurs="0" />
                <xs:element name="SLOV" type="xs:string" minOccurs="0" />
                <xs:element name="SVIZ" type="xs:string" minOccurs="0" />
                <xs:element name="BSP" type="xs:string" minOccurs="0" />
                <xs:element name="MALT" type="xs:string" minOccurs="0" />
                <xs:element name="XAUS" type="xs:string" minOccurs="0" />
                <xs:element name="XFRA" type="xs:string" minOccurs="0" />
              </xs:sequence>
            </xs:complexType>
          </xs:element>
        </xs:choice>
      </xs:complexType>
    </xs:element>
  </xs:schema>
  <Prezzi>
    <Data>20180424</Data>
    <Mercato>MGP</Mercato>
    <Ora>1</Ora>
    <PUN>42,345950</PUN>
    <NAT>47,500000</NAT>
    <CNOR>32,680000</CNOR>
    <CSUD>65,000000</CSUD>
    <NORD>30,903790</NORD>
    <SARD>65,000000</SARD>
    <SICI>65,000000</SICI>
    <SUD>65,000000</SUD>
    <AUST>30,903790</AUST>
    <BRNN>65,000000</BRNN>
    <COAC>65,000000</COAC>
    <CORS>65,000000</CORS>
    <FOGN>65,000000</FOGN>
    <FRAN>30,903790</FRAN>
    <GREC>65,000000</GREC>
    <MFTV>30,903790</MFTV>
    <PRGP>65,000000</PRGP>
    <ROSN>65,000000</ROSN>
    <SLOV>30,903790</SLOV>
    <SVIZ>30,903790</SVIZ>
    <BSP>30,903790</BSP>
    <MALT>65,000000</MALT>
    <XAUS>30,903790</XAUS>
    <XFRA>30,903790</XFRA>
  </Prezzi>
  <Prezzi>
    <Data>20180424</Data>
    <Mercato>MGP</Mercato>
    <Ora>2</Ora>
    <PUN>36,502900</PUN>
    <NAT>40,000000</NAT>
    <CNOR>30,000000</CNOR>
    <CSUD>50,100000</CSUD>
    <NORD>30,000000</NORD>
    <SARD>50,100000</SARD>
    <SICI>50,100000</SICI>
    <SUD>50,100000</SUD>
    <AUST>30,000000</AUST>
    <BRNN>50,100000</BRNN>
    <COAC>50,100000</COAC>
    <CORS>50,100000</CORS>
    <FOGN>50,100000</FOGN>
    <FRAN>30,000000</FRAN>
    <GREC>50,100000</GREC>
    <MFTV>30,000000</MFTV>
    <PRGP>50,100000</PRGP>
    <ROSN>50,100000</ROSN>
    <SLOV>30,000000</SLOV>
    <SVIZ>30,000000</SVIZ>
    <BSP>30,000000</BSP>
    <MALT>50,100000</MALT>
    <XAUS>30,000000</XAUS>
    <XFRA>30,000000</XFRA>
  </Prezzi>
  <Prezzi>
    <Data>20180424</Data>
    <Mercato>MGP</Mercato>
    <Ora>3</Ora>
    <PUN>35,401210</PUN>
    <NAT>30,000000</NAT>
    <CNOR>28,448350</CNOR>
    <CSUD>50,100000</CSUD>
    <NORD>28,448350</NORD>
    <SARD>50,100000</SARD>
    <SICI>50,100000</SICI>
    <SUD>50,100000</SUD>
    <AUST>28,448350</AUST>
    <BRNN>50,100000</BRNN>
    <COAC>50,100000</COAC>
    <CORS>50,100000</CORS>
    <FOGN>50,100000</FOGN>
    <FRAN>28,448350</FRAN>
    <GREC>50,100000</GREC>
    <MFTV>28,448350</MFTV>
    <PRGP>50,100000</PRGP>
    <ROSN>50,100000</ROSN>
    <SLOV>28,448350</SLOV>
    <SVIZ>28,448350</SVIZ>
    <BSP>28,448350</BSP>
    <MALT>50,100000</MALT>
    <XAUS>28,448350</XAUS>
    <XFRA>28,448350</XFRA>
  </Prezzi>
  <Prezzi>
    <Data>20180424</Data>
    <Mercato>MGP</Mercato>
    <Ora>4</Ora>
    <PUN>32,447330</PUN>
    <NAT>29,510000</NAT>
    <CNOR>24,122900</CNOR>
    <CSUD>50,100000</CSUD>
    <NORD>24,122900</NORD>
    <SARD>50,100000</SARD>
    <SICI>50,100000</SICI>
    <SUD>50,100000</SUD>
    <AUST>24,122900</AUST>
    <BRNN>50,100000</BRNN>
    <COAC>50,100000</COAC>
    <CORS>50,100000</CORS>
    <FOGN>50,100000</FOGN>
    <FRAN>24,122900</FRAN>
    <GREC>50,100000</GREC>
    <MFTV>24,122900</MFTV>
    <PRGP>50,100000</PRGP>
    <ROSN>50,100000</ROSN>
    <SLOV>24,122900</SLOV>
    <SVIZ>24,122900</SVIZ>
    <BSP>24,122900</BSP>
    <MALT>50,100000</MALT>
    <XAUS>24,122900</XAUS>
    <XFRA>24,122900</XFRA>
  </Prezzi>
  <Prezzi>
    <Data>20180424</Data>
    <Mercato>MGP</Mercato>
    <Ora>5</Ora>
    <PUN>31,623310</PUN>
    <NAT>29,510000</NAT>
    <CNOR>23,400000</CNOR>
    <CSUD>49,100000</CSUD>
    <NORD>23,400000</NORD>
    <SARD>49,100000</SARD>
    <SICI>49,100000</SICI>
    <SUD>49,100000</SUD>
    <AUST>23,400000</AUST>
    <BRNN>49,100000</BRNN>
    <COAC>49,100000</COAC>
    <CORS>49,100000</CORS>
    <FOGN>49,100000</FOGN>
    <FRAN>23,400000</FRAN>
    <GREC>49,100000</GREC>
    <MFTV>23,400000</MFTV>
    <PRGP>49,100000</PRGP>
    <ROSN>49,100000</ROSN>
    <SLOV>23,400000</SLOV>
    <SVIZ>23,400000</SVIZ>
    <BSP>23,400000</BSP>
    <MALT>49,100000</MALT>
    <XAUS>23,400000</XAUS>
    <XFRA>23,400000</XFRA>
  </Prezzi>
  <Prezzi>
    <Data>20180424</Data>
    <Mercato>MGP</Mercato>
    <Ora>6</Ora>
    <PUN>36,087450</PUN>
    <NAT>40,470000</NAT>
    <CNOR>30,100000</CNOR>
    <CSUD>49,100000</CSUD>
    <NORD>30,100000</NORD>
    <SARD>49,100000</SARD>
    <SICI>49,100000</SICI>
    <SUD>49,100000</SUD>
    <AUST>30,100000</AUST>
    <BRNN>49,100000</BRNN>
    <COAC>49,100000</COAC>
    <CORS>49,100000</CORS>
    <FOGN>49,100000</FOGN>
    <FRAN>30,100000</FRAN>
    <GREC>49,100000</GREC>
    <MFTV>30,100000</MFTV>
    <PRGP>49,100000</PRGP>
    <ROSN>49,100000</ROSN>
    <SLOV>30,100000</SLOV>
    <SVIZ>30,100000</SVIZ>
    <BSP>30,100000</BSP>
    <MALT>49,100000</MALT>
    <XAUS>30,100000</XAUS>
    <XFRA>30,100000</XFRA>
  </Prezzi>
  <Prezzi>
    <Data>20180424</Data>
    <Mercato>MGP</Mercato>
    <Ora>7</Ora>
    <PUN>50,142970</PUN>
    <NAT>50,000000</NAT>
    <CNOR>48,690000</CNOR>
    <CSUD>53,480000</CSUD>
    <NORD>48,690000</NORD>
    <SARD>53,480000</SARD>
    <SICI>53,480000</SICI>
    <SUD>53,480000</SUD>
    <AUST>48,690000</AUST>
    <BRNN>53,480000</BRNN>
    <COAC>53,480000</COAC>
    <CORS>53,480000</CORS>
    <FOGN>53,480000</FOGN>
    <FRAN>48,690000</FRAN>
    <GREC>53,480000</GREC>
    <MFTV>48,690000</MFTV>
    <PRGP>53,480000</PRGP>
    <ROSN>53,480000</ROSN>
    <SLOV>48,690000</SLOV>
    <SVIZ>48,690000</SVIZ>
    <BSP>48,690000</BSP>
    <MALT>53,480000</MALT>
    <XAUS>48,690000</XAUS>
    <XFRA>48,690000</XFRA>
  </Prezzi>
  <Prezzi>
    <Data>20180424</Data>
    <Mercato>MGP</Mercato>
    <Ora>8</Ora>
    <PUN>60,440000</PUN>
    <NAT>60,440000</NAT>
    <CNOR>60,440000</CNOR>
    <CSUD>60,440000</CSUD>
    <NORD>60,440000</NORD>
    <SARD>60,440000</SARD>
    <SICI>60,440000</SICI>
    <SUD>60,440000</SUD>
    <AUST>60,440000</AUST>
    <BRNN>60,440000</BRNN>
    <COAC>60,440000</COAC>
    <CORS>60,440000</CORS>
    <FOGN>60,440000</FOGN>
    <FRAN>60,440000</FRAN>
    <GREC>60,440000</GREC>
    <MFTV>60,440000</MFTV>
    <PRGP>60,440000</PRGP>
    <ROSN>60,440000</ROSN>
    <SLOV>60,440000</SLOV>
    <SVIZ>60,440000</SVIZ>
    <BSP>60,440000</BSP>
    <MALT>60,440000</MALT>
    <XAUS>60,440000</XAUS>
    <XFRA>60,440000</XFRA>
  </Prezzi>
  <Prezzi>
    <Data>20180424</Data>
    <Mercato>MGP</Mercato>
    <Ora>9</Ora>
    <PUN>70,500000</PUN>
    <NAT>70,500000</NAT>
    <CNOR>70,500000</CNOR>
    <CSUD>70,500000</CSUD>
    <NORD>70,500000</NORD>
    <SARD>70,500000</SARD>
    <SICI>70,500000</SICI>
    <SUD>70,500000</SUD>
    <AUST>70,500000</AUST>
    <BRNN>70,500000</BRNN>
    <COAC>70,500000</COAC>
    <CORS>70,500000</CORS>
    <FOGN>70,500000</FOGN>
    <FRAN>70,500000</FRAN>
    <GREC>70,500000</GREC>
    <MFTV>70,500000</MFTV>
    <PRGP>70,500000</PRGP>
    <ROSN>70,500000</ROSN>
    <SLOV>70,500000</SLOV>
    <SVIZ>70,500000</SVIZ>
    <BSP>70,500000</BSP>
    <MALT>70,500000</MALT>
    <XAUS>70,500000</XAUS>
    <XFRA>70,500000</XFRA>
  </Prezzi>
  <Prezzi>
    <Data>20180424</Data>
    <Mercato>MGP</Mercato>
    <Ora>10</Ora>
    <PUN>74,910000</PUN>
    <NAT>74,910000</NAT>
    <CNOR>74,910000</CNOR>
    <CSUD>74,910000</CSUD>
    <NORD>74,910000</NORD>
    <SARD>74,910000</SARD>
    <SICI>74,910000</SICI>
    <SUD>74,910000</SUD>
    <AUST>74,910000</AUST>
    <BRNN>74,910000</BRNN>
    <COAC>74,910000</COAC>
    <CORS>74,910000</CORS>
    <FOGN>74,910000</FOGN>
    <FRAN>74,910000</FRAN>
    <GREC>74,910000</GREC>
    <MFTV>74,910000</MFTV>
    <PRGP>74,910000</PRGP>
    <ROSN>74,910000</ROSN>
    <SLOV>74,910000</SLOV>
    <SVIZ>74,910000</SVIZ>
    <BSP>74,910000</BSP>
    <MALT>74,910000</MALT>
    <XAUS>74,910000</XAUS>
    <XFRA>74,910000</XFRA>
  </Prezzi>
  <Prezzi>
    <Data>20180424</Data>
    <Mercato>MGP</Mercato>
    <Ora>11</Ora>
    <PUN>72,000000</PUN>
    <NAT>72,000000</NAT>
    <CNOR>72,000000</CNOR>
    <CSUD>72,000000</CSUD>
    <NORD>72,000000</NORD>
    <SARD>72,000000</SARD>
    <SICI>72,000000</SICI>
    <SUD>72,000000</SUD>
    <AUST>72,000000</AUST>
    <BRNN>72,000000</BRNN>
    <COAC>72,000000</COAC>
    <CORS>72,000000</CORS>
    <FOGN>72,000000</FOGN>
    <FRAN>72,000000</FRAN>
    <GREC>72,000000</GREC>
    <MFTV>72,000000</MFTV>
    <PRGP>72,000000</PRGP>
    <ROSN>72,000000</ROSN>
    <SLOV>72,000000</SLOV>
    <SVIZ>72,000000</SVIZ>
    <BSP>72,000000</BSP>
    <MALT>72,000000</MALT>
    <XAUS>72,000000</XAUS>
    <XFRA>72,000000</XFRA>
  </Prezzi>
  <Prezzi>
    <Data>20180424</Data>
    <Mercato>MGP</Mercato>
    <Ora>12</Ora>
    <PUN>63,803500</PUN>
    <NAT>63,920000</NAT>
    <CNOR>63,920000</CNOR>
    <CSUD>63,920000</CSUD>
    <NORD>63,920000</NORD>
    <SARD>63,920000</SARD>
    <SICI>62,990000</SICI>
    <SUD>62,990000</SUD>
    <AUST>63,920000</AUST>
    <BRNN>62,990000</BRNN>
    <COAC>63,920000</COAC>
    <CORS>63,920000</CORS>
    <FOGN>62,990000</FOGN>
    <FRAN>63,920000</FRAN>
    <GREC>62,990000</GREC>
    <MFTV>63,920000</MFTV>
    <PRGP>62,990000</PRGP>
    <ROSN>62,990000</ROSN>
    <SLOV>63,920000</SLOV>
    <SVIZ>63,920000</SVIZ>
    <BSP>63,920000</BSP>
    <MALT>62,990000</MALT>
    <XAUS>63,920000</XAUS>
    <XFRA>63,920000</XFRA>
  </Prezzi>
  <Prezzi>
    <Data>20180424</Data>
    <Mercato>MGP</Mercato>
    <Ora>13</Ora>
    <PUN>55,970000</PUN>
    <NAT>55,970000</NAT>
    <CNOR>55,970000</CNOR>
    <CSUD>55,970000</CSUD>
    <NORD>55,970000</NORD>
    <SARD>55,970000</SARD>
    <SICI>55,970000</SICI>
    <SUD>55,970000</SUD>
    <AUST>55,970000</AUST>
    <BRNN>55,970000</BRNN>
    <COAC>55,970000</COAC>
    <CORS>55,970000</CORS>
    <FOGN>55,970000</FOGN>
    <FRAN>55,970000</FRAN>
    <GREC>55,970000</GREC>
    <MFTV>55,970000</MFTV>
    <PRGP>55,970000</PRGP>
    <ROSN>55,970000</ROSN>
    <SLOV>55,970000</SLOV>
    <SVIZ>55,970000</SVIZ>
    <BSP>55,970000</BSP>
    <MALT>55,970000</MALT>
    <XAUS>55,970000</XAUS>
    <XFRA>55,970000</XFRA>
  </Prezzi>
  <Prezzi>
    <Data>20180424</Data>
    <Mercato>MGP</Mercato>
    <Ora>14</Ora>
    <PUN>54,020000</PUN>
    <NAT>54,020000</NAT>
    <CNOR>54,020000</CNOR>
    <CSUD>54,020000</CSUD>
    <NORD>54,020000</NORD>
    <SARD>54,020000</SARD>
    <SICI>54,020000</SICI>
    <SUD>54,020000</SUD>
    <AUST>54,020000</AUST>
    <BRNN>54,020000</BRNN>
    <COAC>54,020000</COAC>
    <CORS>54,020000</CORS>
    <FOGN>54,020000</FOGN>
    <FRAN>54,020000</FRAN>
    <GREC>54,020000</GREC>
    <MFTV>54,020000</MFTV>
    <PRGP>54,020000</PRGP>
    <ROSN>54,020000</ROSN>
    <SLOV>54,020000</SLOV>
    <SVIZ>54,020000</SVIZ>
    <BSP>54,020000</BSP>
    <MALT>54,020000</MALT>
    <XAUS>54,020000</XAUS>
    <XFRA>54,020000</XFRA>
  </Prezzi>
  <Prezzi>
    <Data>20180424</Data>
    <Mercato>MGP</Mercato>
    <Ora>15</Ora>
    <PUN>58,080150</PUN>
    <NAT>58,340000</NAT>
    <CNOR>58,340000</CNOR>
    <CSUD>58,340000</CSUD>
    <NORD>58,340000</NORD>
    <SARD>58,340000</SARD>
    <SICI>56,210000</SICI>
    <SUD>56,210000</SUD>
    <AUST>58,340000</AUST>
    <BRNN>56,210000</BRNN>
    <COAC>58,340000</COAC>
    <CORS>58,340000</CORS>
    <FOGN>56,210000</FOGN>
    <FRAN>58,340000</FRAN>
    <GREC>56,210000</GREC>
    <MFTV>58,340000</MFTV>
    <PRGP>56,210000</PRGP>
    <ROSN>56,210000</ROSN>
    <SLOV>58,340000</SLOV>
    <SVIZ>58,340000</SVIZ>
    <BSP>58,340000</BSP>
    <MALT>56,210000</MALT>
    <XAUS>58,340000</XAUS>
    <XFRA>58,340000</XFRA>
  </Prezzi>
  <Prezzi>
    <Data>20180424</Data>
    <Mercato>MGP</Mercato>
    <Ora>16</Ora>
    <PUN>61,316160</PUN>
    <NAT>61,450000</NAT>
    <CNOR>61,500000</CNOR>
    <CSUD>61,500000</CSUD>
    <NORD>61,500000</NORD>
    <SARD>61,500000</SARD>
    <SICI>59,990000</SICI>
    <SUD>59,990000</SUD>
    <AUST>61,500000</AUST>
    <BRNN>59,990000</BRNN>
    <COAC>61,500000</COAC>
    <CORS>61,500000</CORS>
    <FOGN>59,990000</FOGN>
    <FRAN>61,500000</FRAN>
    <GREC>59,990000</GREC>
    <MFTV>61,500000</MFTV>
    <PRGP>59,990000</PRGP>
    <ROSN>59,990000</ROSN>
    <SLOV>61,500000</SLOV>
    <SVIZ>61,500000</SVIZ>
    <BSP>61,500000</BSP>
    <MALT>59,990000</MALT>
    <XAUS>61,500000</XAUS>
    <XFRA>61,500000</XFRA>
  </Prezzi>
  <Prezzi>
    <Data>20180424</Data>
    <Mercato>MGP</Mercato>
    <Ora>17</Ora>
    <PUN>63,920000</PUN>
    <NAT>63,920000</NAT>
    <CNOR>63,920000</CNOR>
    <CSUD>63,920000</CSUD>
    <NORD>63,920000</NORD>
    <SARD>63,920000</SARD>
    <SICI>63,920000</SICI>
    <SUD>63,920000</SUD>
    <AUST>63,920000</AUST>
    <BRNN>63,920000</BRNN>
    <COAC>63,920000</COAC>
    <CORS>63,920000</CORS>
    <FOGN>63,920000</FOGN>
    <FRAN>63,920000</FRAN>
    <GREC>63,920000</GREC>
    <MFTV>63,920000</MFTV>
    <PRGP>63,920000</PRGP>
    <ROSN>63,920000</ROSN>
    <SLOV>63,920000</SLOV>
    <SVIZ>63,920000</SVIZ>
    <BSP>63,920000</BSP>
    <MALT>63,920000</MALT>
    <XAUS>63,920000</XAUS>
    <XFRA>63,920000</XFRA>
  </Prezzi>
  <Prezzi>
    <Data>20180424</Data>
    <Mercato>MGP</Mercato>
    <Ora>18</Ora>
    <PUN>61,430000</PUN>
    <NAT>61,430000</NAT>
    <CNOR>61,430000</CNOR>
    <CSUD>61,430000</CSUD>
    <NORD>61,430000</NORD>
    <SARD>61,430000</SARD>
    <SICI>61,430000</SICI>
    <SUD>61,430000</SUD>
    <AUST>61,430000</AUST>
    <BRNN>61,430000</BRNN>
    <COAC>61,430000</COAC>
    <CORS>61,430000</CORS>
    <FOGN>61,430000</FOGN>
    <FRAN>61,430000</FRAN>
    <GREC>61,430000</GREC>
    <MFTV>61,430000</MFTV>
    <PRGP>61,430000</PRGP>
    <ROSN>61,430000</ROSN>
    <SLOV>61,430000</SLOV>
    <SVIZ>61,430000</SVIZ>
    <BSP>61,430000</BSP>
    <MALT>61,430000</MALT>
    <XAUS>61,430000</XAUS>
    <XFRA>61,430000</XFRA>
  </Prezzi>
  <Prezzi>
    <Data>20180424</Data>
    <Mercato>MGP</Mercato>
    <Ora>19</Ora>
    <PUN>61,670000</PUN>
    <NAT>61,670000</NAT>
    <CNOR>61,670000</CNOR>
    <CSUD>61,670000</CSUD>
    <NORD>61,670000</NORD>
    <SARD>61,670000</SARD>
    <SICI>61,670000</SICI>
    <SUD>61,670000</SUD>
    <AUST>61,670000</AUST>
    <BRNN>61,670000</BRNN>
    <COAC>61,670000</COAC>
    <CORS>61,670000</CORS>
    <FOGN>61,670000</FOGN>
    <FRAN>61,670000</FRAN>
    <GREC>61,670000</GREC>
    <MFTV>61,670000</MFTV>
    <PRGP>61,670000</PRGP>
    <ROSN>61,670000</ROSN>
    <SLOV>61,670000</SLOV>
    <SVIZ>61,670000</SVIZ>
    <BSP>61,670000</BSP>
    <MALT>61,670000</MALT>
    <XAUS>61,670000</XAUS>
    <XFRA>61,670000</XFRA>
  </Prezzi>
  <Prezzi>
    <Data>20180424</Data>
    <Mercato>MGP</Mercato>
    <Ora>20</Ora>
    <PUN>64,422360</PUN>
    <NAT>63,920000</NAT>
    <CNOR>63,920000</CNOR>
    <CSUD>63,920000</CSUD>
    <NORD>63,920000</NORD>
    <SARD>63,920000</SARD>
    <SICI>72,180000</SICI>
    <SUD>63,920000</SUD>
    <AUST>63,920000</AUST>
    <BRNN>63,920000</BRNN>
    <COAC>63,920000</COAC>
    <CORS>63,920000</CORS>
    <FOGN>63,920000</FOGN>
    <FRAN>63,920000</FRAN>
    <GREC>63,920000</GREC>
    <MFTV>63,920000</MFTV>
    <PRGP>72,180000</PRGP>
    <ROSN>63,920000</ROSN>
    <SLOV>63,920000</SLOV>
    <SVIZ>63,920000</SVIZ>
    <BSP>63,920000</BSP>
    <MALT>72,180000</MALT>
    <XAUS>63,920000</XAUS>
    <XFRA>63,920000</XFRA>
  </Prezzi>
  <Prezzi>
    <Data>20180424</Data>
    <Mercato>MGP</Mercato>
    <Ora>21</Ora>
    <PUN>67,142930</PUN>
    <NAT>70,120000</NAT>
    <CNOR>61,500000</CNOR>
    <CSUD>75,250000</CSUD>
    <NORD>61,500000</NORD>
    <SARD>75,250000</SARD>
    <SICI>89,990000</SICI>
    <SUD>75,250000</SUD>
    <AUST>61,500000</AUST>
    <BRNN>75,250000</BRNN>
    <COAC>75,250000</COAC>
    <CORS>75,250000</CORS>
    <FOGN>75,250000</FOGN>
    <FRAN>61,500000</FRAN>
    <GREC>75,250000</GREC>
    <MFTV>61,500000</MFTV>
    <PRGP>89,990000</PRGP>
    <ROSN>75,250000</ROSN>
    <SLOV>61,500000</SLOV>
    <SVIZ>61,500000</SVIZ>
    <BSP>61,500000</BSP>
    <MALT>89,990000</MALT>
    <XAUS>61,500000</XAUS>
    <XFRA>61,500000</XFRA>
  </Prezzi>
  <Prezzi>
    <Data>20180424</Data>
    <Mercato>MGP</Mercato>
    <Ora>22</Ora>
    <PUN>59,481410</PUN>
    <NAT>60,000000</NAT>
    <CNOR>55,970000</CNOR>
    <CSUD>64,990000</CSUD>
    <NORD>55,970000</NORD>
    <SARD>64,990000</SARD>
    <SICI>72,180000</SICI>
    <SUD>64,990000</SUD>
    <AUST>55,970000</AUST>
    <BRNN>64,990000</BRNN>
    <COAC>64,990000</COAC>
    <CORS>64,990000</CORS>
    <FOGN>64,990000</FOGN>
    <FRAN>55,970000</FRAN>
    <GREC>64,990000</GREC>
    <MFTV>55,970000</MFTV>
    <PRGP>72,180000</PRGP>
    <ROSN>64,990000</ROSN>
    <SLOV>55,970000</SLOV>
    <SVIZ>55,970000</SVIZ>
    <BSP>55,970000</BSP>
    <MALT>72,180000</MALT>
    <XAUS>55,970000</XAUS>
    <XFRA>55,970000</XFRA>
  </Prezzi>
  <Prezzi>
    <Data>20180424</Data>
    <Mercato>MGP</Mercato>
    <Ora>23</Ora>
    <PUN>52,126940</PUN>
    <NAT>52,020000</NAT>
    <CNOR>53,520000</CNOR>
    <CSUD>53,520000</CSUD>
    <NORD>49,950000</NORD>
    <SARD>53,520000</SARD>
    <SICI>62,930000</SICI>
    <SUD>53,520000</SUD>
    <AUST>49,950000</AUST>
    <BRNN>53,520000</BRNN>
    <COAC>53,520000</COAC>
    <CORS>53,520000</CORS>
    <FOGN>53,520000</FOGN>
    <FRAN>49,950000</FRAN>
    <GREC>53,520000</GREC>
    <MFTV>49,950000</MFTV>
    <PRGP>62,930000</PRGP>
    <ROSN>53,520000</ROSN>
    <SLOV>49,950000</SLOV>
    <SVIZ>49,950000</SVIZ>
    <BSP>49,950000</BSP>
    <MALT>62,930000</MALT>
    <XAUS>49,950000</XAUS>
    <XFRA>49,950000</XFRA>
  </Prezzi>
  <Prezzi>
    <Data>20180424</Data>
    <Mercato>MGP</Mercato>
    <Ora>24</Ora>
    <PUN>49,100000</PUN>
    <NAT>49,100000</NAT>
    <CNOR>49,100000</CNOR>
    <CSUD>49,100000</CSUD>
    <NORD>49,100000</NORD>
    <SARD>49,100000</SARD>
    <SICI>49,100000</SICI>
    <SUD>49,100000</SUD>
    <AUST>49,100000</AUST>
    <BRNN>49,100000</BRNN>
    <COAC>49,100000</COAC>
    <CORS>49,100000</CORS>
    <FOGN>49,100000</FOGN>
    <FRAN>49,100000</FRAN>
    <GREC>49,100000</GREC>
    <MFTV>49,100000</MFTV>
    <PRGP>49,100000</PRGP>
    <ROSN>49,100000</ROSN>
    <SLOV>49,100000</SLOV>
    <SVIZ>49,100000</SVIZ>
    <BSP>49,100000</BSP>
    <MALT>49,100000</MALT>
    <XAUS>49,100000</XAUS>
    <XFRA>49,100000</XFRA>
  </Prezzi>
</NewDataSet>