<?xml version="1.0" standalone="yes"?>
<NewDataSet>
  <xs:schema id="NewDataSet" xmlns="" xmlns:xs="http://www.w3.org/2001/XMLSchema" xmlns:msdata="urn:schemas-microsoft-com:xml-msdata">
    <xs:element name="NewDataSet" msdata:IsDataSet="true" msdata:UseCurrentLocale="true">
      <xs:complexType>
        <xs:choice minOccurs="0" maxOccurs="unbounded">
          <xs:element name="Prezzi">
            <xs:complexType>
              <xs:sequence>
                <xs:element name="Data" type="xs:string" minOccurs="0" />
                <xs:element name="Mercato" type="xs:string" minOccurs="0" />
                <xs:element name="Ora" type="xs:string" minOccurs="0" />
                <xs:element name="PUN" type="xs:string" minOccurs="0" />
                <xs:element name="NAT" type="xs:string" minOccurs="0" />
                <xs:element name="CNOR" type="xs:string" minOccurs="0" />
                <xs:element name="CSUD" type="xs:string" minOccurs="0" />
                <xs:element name="NORD" type="xs:string" minOccurs="0" />
                <xs:element name="SARD" type="xs:string" minOccurs="0" />
                <xs:element name="SICI" type="xs:string" minOccurs="0" />
                <xs:element name="SUD" type="xs:string" minOccurs="0" />
                <xs:element name="AUST" type="xs:string" minOccurs="0" />
                <xs:element name="BRNN" type="xs:string" minOccurs="0" />
                <xs:element name="COAC" type="xs:string" minOccurs="0" />
                <xs:element name="CORS" type="xs:string" minOccurs="0" />
                <xs:element name="FOGN" type="xs:string" minOccurs="0" />
                <xs:element name="FRAN" type="xs:string" minOccurs="0" />
                <xs:element name="GREC" type="xs:string" minOccurs="0" />
                <xs:element name="MFTV" type="xs:string" minOccurs="0" />
                <xs:element name="PRGP" type="xs:string" minOccurs="0" />
                <xs:element name="ROSN" type="xs:string" minOccurs="0" />
                <xs:element name="SLOV" type="xs:string" minOccurs="0" />
                <xs:element name="SVIZ" type="xs:string" minOccurs="0" />
                <xs:element name="BSP" type="xs:string" minOccurs="0" />
                <xs:element name="MALT" type="xs:string" minOccurs="0" />
                <xs:element name="XAUS" type="xs:string" minOccurs="0" />
                <xs:element name="XFRA" type="xs:string" minOccurs="0" />
              </xs:sequence>
            </xs:complexType>
          </xs:element>
        </xs:choice>
      </xs:complexType>
    </xs:element>
  </xs:schema>
  <Prezzi>
    <Data>20180407</Data>
    <Mercato>MGP</Mercato>
    <Ora>1</Ora>
    <PUN>51,400000</PUN>
    <NAT>51,400000</NAT>
    <CNOR>51,400000</CNOR>
    <CSUD>51,400000</CSUD>
    <NORD>51,400000</NORD>
    <SARD>51,400000</SARD>
    <SICI>51,400000</SICI>
    <SUD>51,400000</SUD>
    <AUST>51,400000</AUST>
    <BRNN>51,400000</BRNN>
    <COAC>51,400000</COAC>
    <CORS>51,400000</CORS>
    <FOGN>51,400000</FOGN>
    <FRAN>51,400000</FRAN>
    <GREC>51,400000</GREC>
    <MFTV>51,400000</MFTV>
    <PRGP>51,400000</PRGP>
    <ROSN>51,400000</ROSN>
    <SLOV>51,400000</SLOV>
    <SVIZ>51,400000</SVIZ>
    <BSP>51,400000</BSP>
    <MALT>51,400000</MALT>
    <XAUS>51,400000</XAUS>
    <XFRA>51,400000</XFRA>
  </Prezzi>
  <Prezzi>
    <Data>20180407</Data>
    <Mercato>MGP</Mercato>
    <Ora>2</Ora>
    <PUN>46,500000</PUN>
    <NAT>46,500000</NAT>
    <CNOR>46,500000</CNOR>
    <CSUD>46,500000</CSUD>
    <NORD>46,500000</NORD>
    <SARD>46,500000</SARD>
    <SICI>46,500000</SICI>
    <SUD>46,500000</SUD>
    <AUST>46,500000</AUST>
    <BRNN>46,500000</BRNN>
    <COAC>46,500000</COAC>
    <CORS>46,500000</CORS>
    <FOGN>46,500000</FOGN>
    <FRAN>46,500000</FRAN>
    <GREC>46,500000</GREC>
    <MFTV>46,500000</MFTV>
    <PRGP>46,500000</PRGP>
    <ROSN>46,500000</ROSN>
    <SLOV>46,500000</SLOV>
    <SVIZ>46,500000</SVIZ>
    <BSP>46,500000</BSP>
    <MALT>46,500000</MALT>
    <XAUS>46,500000</XAUS>
    <XFRA>46,500000</XFRA>
  </Prezzi>
  <Prezzi>
    <Data>20180407</Data>
    <Mercato>MGP</Mercato>
    <Ora>3</Ora>
    <PUN>44,830000</PUN>
    <NAT>44,830000</NAT>
    <CNOR>44,830000</CNOR>
    <CSUD>44,830000</CSUD>
    <NORD>44,830000</NORD>
    <SARD>44,830000</SARD>
    <SICI>44,830000</SICI>
    <SUD>44,830000</SUD>
    <AUST>44,830000</AUST>
    <BRNN>44,830000</BRNN>
    <COAC>44,830000</COAC>
    <CORS>44,830000</CORS>
    <FOGN>44,830000</FOGN>
    <FRAN>44,830000</FRAN>
    <GREC>44,830000</GREC>
    <MFTV>44,830000</MFTV>
    <PRGP>44,830000</PRGP>
    <ROSN>44,830000</ROSN>
    <SLOV>44,830000</SLOV>
    <SVIZ>44,830000</SVIZ>
    <BSP>44,830000</BSP>
    <MALT>44,830000</MALT>
    <XAUS>44,830000</XAUS>
    <XFRA>44,830000</XFRA>
  </Prezzi>
  <Prezzi>
    <Data>20180407</Data>
    <Mercato>MGP</Mercato>
    <Ora>4</Ora>
    <PUN>44,980000</PUN>
    <NAT>44,980000</NAT>
    <CNOR>44,980000</CNOR>
    <CSUD>44,980000</CSUD>
    <NORD>44,980000</NORD>
    <SARD>44,980000</SARD>
    <SICI>44,980000</SICI>
    <SUD>44,980000</SUD>
    <AUST>44,980000</AUST>
    <BRNN>44,980000</BRNN>
    <COAC>44,980000</COAC>
    <CORS>44,980000</CORS>
    <FOGN>44,980000</FOGN>
    <FRAN>44,980000</FRAN>
    <GREC>44,980000</GREC>
    <MFTV>44,980000</MFTV>
    <PRGP>44,980000</PRGP>
    <ROSN>44,980000</ROSN>
    <SLOV>44,980000</SLOV>
    <SVIZ>44,980000</SVIZ>
    <BSP>44,980000</BSP>
    <MALT>44,980000</MALT>
    <XAUS>44,980000</XAUS>
    <XFRA>44,980000</XFRA>
  </Prezzi>
  <Prezzi>
    <Data>20180407</Data>
    <Mercato>MGP</Mercato>
    <Ora>5</Ora>
    <PUN>45,760000</PUN>
    <NAT>45,760000</NAT>
    <CNOR>45,760000</CNOR>
    <CSUD>45,760000</CSUD>
    <NORD>45,760000</NORD>
    <SARD>45,760000</SARD>
    <SICI>45,760000</SICI>
    <SUD>45,760000</SUD>
    <AUST>45,760000</AUST>
    <BRNN>45,760000</BRNN>
    <COAC>45,760000</COAC>
    <CORS>45,760000</CORS>
    <FOGN>45,760000</FOGN>
    <FRAN>45,760000</FRAN>
    <GREC>45,760000</GREC>
    <MFTV>45,760000</MFTV>
    <PRGP>45,760000</PRGP>
    <ROSN>45,760000</ROSN>
    <SLOV>45,760000</SLOV>
    <SVIZ>45,760000</SVIZ>
    <BSP>45,760000</BSP>
    <MALT>45,760000</MALT>
    <XAUS>45,760000</XAUS>
    <XFRA>45,760000</XFRA>
  </Prezzi>
  <Prezzi>
    <Data>20180407</Data>
    <Mercato>MGP</Mercato>
    <Ora>6</Ora>
    <PUN>48,190000</PUN>
    <NAT>48,190000</NAT>
    <CNOR>48,190000</CNOR>
    <CSUD>48,190000</CSUD>
    <NORD>48,190000</NORD>
    <SARD>48,190000</SARD>
    <SICI>48,190000</SICI>
    <SUD>48,190000</SUD>
    <AUST>48,190000</AUST>
    <BRNN>48,190000</BRNN>
    <COAC>48,190000</COAC>
    <CORS>48,190000</CORS>
    <FOGN>48,190000</FOGN>
    <FRAN>48,190000</FRAN>
    <GREC>48,190000</GREC>
    <MFTV>48,190000</MFTV>
    <PRGP>48,190000</PRGP>
    <ROSN>48,190000</ROSN>
    <SLOV>48,190000</SLOV>
    <SVIZ>48,190000</SVIZ>
    <BSP>48,190000</BSP>
    <MALT>48,190000</MALT>
    <XAUS>48,190000</XAUS>
    <XFRA>48,190000</XFRA>
  </Prezzi>
  <Prezzi>
    <Data>20180407</Data>
    <Mercato>MGP</Mercato>
    <Ora>7</Ora>
    <PUN>53,240000</PUN>
    <NAT>53,240000</NAT>
    <CNOR>53,240000</CNOR>
    <CSUD>53,240000</CSUD>
    <NORD>53,240000</NORD>
    <SARD>53,240000</SARD>
    <SICI>53,240000</SICI>
    <SUD>53,240000</SUD>
    <AUST>53,240000</AUST>
    <BRNN>53,240000</BRNN>
    <COAC>53,240000</COAC>
    <CORS>53,240000</CORS>
    <FOGN>53,240000</FOGN>
    <FRAN>53,240000</FRAN>
    <GREC>53,240000</GREC>
    <MFTV>53,240000</MFTV>
    <PRGP>53,240000</PRGP>
    <ROSN>53,240000</ROSN>
    <SLOV>53,240000</SLOV>
    <SVIZ>53,240000</SVIZ>
    <BSP>53,240000</BSP>
    <MALT>53,240000</MALT>
    <XAUS>53,240000</XAUS>
    <XFRA>53,240000</XFRA>
  </Prezzi>
  <Prezzi>
    <Data>20180407</Data>
    <Mercato>MGP</Mercato>
    <Ora>8</Ora>
    <PUN>58,588110</PUN>
    <NAT>58,500000</NAT>
    <CNOR>58,500000</CNOR>
    <CSUD>58,500000</CSUD>
    <NORD>58,500000</NORD>
    <SARD>58,500000</SARD>
    <SICI>59,990000</SICI>
    <SUD>58,500000</SUD>
    <AUST>58,500000</AUST>
    <BRNN>58,500000</BRNN>
    <COAC>58,500000</COAC>
    <CORS>58,500000</CORS>
    <FOGN>58,500000</FOGN>
    <FRAN>58,500000</FRAN>
    <GREC>58,500000</GREC>
    <MFTV>58,500000</MFTV>
    <PRGP>59,990000</PRGP>
    <ROSN>58,500000</ROSN>
    <SLOV>58,500000</SLOV>
    <SVIZ>58,500000</SVIZ>
    <BSP>58,500000</BSP>
    <MALT>59,990000</MALT>
    <XAUS>58,500000</XAUS>
    <XFRA>58,500000</XFRA>
  </Prezzi>
  <Prezzi>
    <Data>20180407</Data>
    <Mercato>MGP</Mercato>
    <Ora>9</Ora>
    <PUN>65,909900</PUN>
    <NAT>65,000000</NAT>
    <CNOR>65,000000</CNOR>
    <CSUD>65,000000</CSUD>
    <NORD>65,000000</NORD>
    <SARD>65,000000</SARD>
    <SICI>79,990000</SICI>
    <SUD>65,000000</SUD>
    <AUST>65,000000</AUST>
    <BRNN>65,000000</BRNN>
    <COAC>65,000000</COAC>
    <CORS>65,000000</CORS>
    <FOGN>65,000000</FOGN>
    <FRAN>65,000000</FRAN>
    <GREC>65,000000</GREC>
    <MFTV>65,000000</MFTV>
    <PRGP>79,990000</PRGP>
    <ROSN>65,000000</ROSN>
    <SLOV>65,000000</SLOV>
    <SVIZ>65,000000</SVIZ>
    <BSP>65,000000</BSP>
    <MALT>79,990000</MALT>
    <XAUS>65,000000</XAUS>
    <XFRA>65,000000</XFRA>
  </Prezzi>
  <Prezzi>
    <Data>20180407</Data>
    <Mercato>MGP</Mercato>
    <Ora>10</Ora>
    <PUN>56,214840</PUN>
    <NAT>56,440000</NAT>
    <CNOR>56,170000</CNOR>
    <CSUD>56,170000</CSUD>
    <NORD>56,170000</NORD>
    <SARD>56,170000</SARD>
    <SICI>56,900000</SICI>
    <SUD>56,170000</SUD>
    <AUST>56,170000</AUST>
    <BRNN>56,170000</BRNN>
    <COAC>56,170000</COAC>
    <CORS>56,170000</CORS>
    <FOGN>56,170000</FOGN>
    <FRAN>56,170000</FRAN>
    <GREC>56,170000</GREC>
    <MFTV>56,170000</MFTV>
    <PRGP>56,900000</PRGP>
    <ROSN>56,170000</ROSN>
    <SLOV>56,170000</SLOV>
    <SVIZ>56,170000</SVIZ>
    <BSP>56,170000</BSP>
    <MALT>56,900000</MALT>
    <XAUS>56,170000</XAUS>
    <XFRA>56,170000</XFRA>
  </Prezzi>
  <Prezzi>
    <Data>20180407</Data>
    <Mercato>MGP</Mercato>
    <Ora>11</Ora>
    <PUN>48,480000</PUN>
    <NAT>48,480000</NAT>
    <CNOR>48,480000</CNOR>
    <CSUD>48,480000</CSUD>
    <NORD>48,480000</NORD>
    <SARD>48,480000</SARD>
    <SICI>48,480000</SICI>
    <SUD>48,480000</SUD>
    <AUST>48,480000</AUST>
    <BRNN>48,480000</BRNN>
    <COAC>48,480000</COAC>
    <CORS>48,480000</CORS>
    <FOGN>48,480000</FOGN>
    <FRAN>48,480000</FRAN>
    <GREC>48,480000</GREC>
    <MFTV>48,480000</MFTV>
    <PRGP>48,480000</PRGP>
    <ROSN>48,480000</ROSN>
    <SLOV>48,480000</SLOV>
    <SVIZ>48,480000</SVIZ>
    <BSP>48,480000</BSP>
    <MALT>48,480000</MALT>
    <XAUS>48,480000</XAUS>
    <XFRA>48,480000</XFRA>
  </Prezzi>
  <Prezzi>
    <Data>20180407</Data>
    <Mercato>MGP</Mercato>
    <Ora>12</Ora>
    <PUN>44,370000</PUN>
    <NAT>44,370000</NAT>
    <CNOR>44,370000</CNOR>
    <CSUD>44,370000</CSUD>
    <NORD>44,370000</NORD>
    <SARD>44,370000</SARD>
    <SICI>44,370000</SICI>
    <SUD>44,370000</SUD>
    <AUST>44,370000</AUST>
    <BRNN>44,370000</BRNN>
    <COAC>44,370000</COAC>
    <CORS>44,370000</CORS>
    <FOGN>44,370000</FOGN>
    <FRAN>44,370000</FRAN>
    <GREC>44,370000</GREC>
    <MFTV>44,370000</MFTV>
    <PRGP>44,370000</PRGP>
    <ROSN>44,370000</ROSN>
    <SLOV>44,370000</SLOV>
    <SVIZ>44,370000</SVIZ>
    <BSP>44,370000</BSP>
    <MALT>44,370000</MALT>
    <XAUS>44,370000</XAUS>
    <XFRA>44,370000</XFRA>
  </Prezzi>
  <Prezzi>
    <Data>20180407</Data>
    <Mercato>MGP</Mercato>
    <Ora>13</Ora>
    <PUN>37,219910</PUN>
    <NAT>36,590000</NAT>
    <CNOR>37,219910</CNOR>
    <CSUD>37,219910</CSUD>
    <NORD>37,219910</NORD>
    <SARD>37,219910</SARD>
    <SICI>37,219910</SICI>
    <SUD>37,219910</SUD>
    <AUST>37,219910</AUST>
    <BRNN>37,219910</BRNN>
    <COAC>37,219910</COAC>
    <CORS>37,219910</CORS>
    <FOGN>37,219910</FOGN>
    <FRAN>37,219910</FRAN>
    <GREC>37,219910</GREC>
    <MFTV>37,219910</MFTV>
    <PRGP>37,219910</PRGP>
    <ROSN>37,219910</ROSN>
    <SLOV>37,219910</SLOV>
    <SVIZ>37,219910</SVIZ>
    <BSP>37,219910</BSP>
    <MALT>37,219910</MALT>
    <XAUS>37,219910</XAUS>
    <XFRA>37,219910</XFRA>
  </Prezzi>
  <Prezzi>
    <Data>20180407</Data>
    <Mercato>MGP</Mercato>
    <Ora>14</Ora>
    <PUN>21,736050</PUN>
    <NAT>23,000000</NAT>
    <CNOR>21,736050</CNOR>
    <CSUD>21,736050</CSUD>
    <NORD>21,736050</NORD>
    <SARD>21,736050</SARD>
    <SICI>21,736050</SICI>
    <SUD>21,736050</SUD>
    <AUST>21,736050</AUST>
    <BRNN>21,736050</BRNN>
    <COAC>21,736050</COAC>
    <CORS>21,736050</CORS>
    <FOGN>21,736050</FOGN>
    <FRAN>21,736050</FRAN>
    <GREC>21,736050</GREC>
    <MFTV>21,736050</MFTV>
    <PRGP>21,736050</PRGP>
    <ROSN>21,736050</ROSN>
    <SLOV>21,736050</SLOV>
    <SVIZ>21,736050</SVIZ>
    <BSP>21,736050</BSP>
    <MALT>21,736050</MALT>
    <XAUS>21,736050</XAUS>
    <XFRA>21,736050</XFRA>
  </Prezzi>
  <Prezzi>
    <Data>20180407</Data>
    <Mercato>MGP</Mercato>
    <Ora>15</Ora>
    <PUN>20,000000</PUN>
    <NAT>20,000000</NAT>
    <CNOR>20,000000</CNOR>
    <CSUD>20,000000</CSUD>
    <NORD>20,000000</NORD>
    <SARD>20,000000</SARD>
    <SICI>20,000000</SICI>
    <SUD>20,000000</SUD>
    <AUST>20,000000</AUST>
    <BRNN>20,000000</BRNN>
    <COAC>20,000000</COAC>
    <CORS>20,000000</CORS>
    <FOGN>20,000000</FOGN>
    <FRAN>20,000000</FRAN>
    <GREC>20,000000</GREC>
    <MFTV>20,000000</MFTV>
    <PRGP>20,000000</PRGP>
    <ROSN>20,000000</ROSN>
    <SLOV>20,000000</SLOV>
    <SVIZ>20,000000</SVIZ>
    <BSP>20,000000</BSP>
    <MALT>20,000000</MALT>
    <XAUS>20,000000</XAUS>
    <XFRA>20,000000</XFRA>
  </Prezzi>
  <Prezzi>
    <Data>20180407</Data>
    <Mercato>MGP</Mercato>
    <Ora>16</Ora>
    <PUN>29,940000</PUN>
    <NAT>29,940000</NAT>
    <CNOR>29,940000</CNOR>
    <CSUD>29,940000</CSUD>
    <NORD>29,940000</NORD>
    <SARD>29,940000</SARD>
    <SICI>29,940000</SICI>
    <SUD>29,940000</SUD>
    <AUST>29,940000</AUST>
    <BRNN>29,940000</BRNN>
    <COAC>29,940000</COAC>
    <CORS>29,940000</CORS>
    <FOGN>29,940000</FOGN>
    <FRAN>29,940000</FRAN>
    <GREC>29,940000</GREC>
    <MFTV>29,940000</MFTV>
    <PRGP>29,940000</PRGP>
    <ROSN>29,940000</ROSN>
    <SLOV>29,940000</SLOV>
    <SVIZ>29,940000</SVIZ>
    <BSP>29,940000</BSP>
    <MALT>29,940000</MALT>
    <XAUS>29,940000</XAUS>
    <XFRA>29,940000</XFRA>
  </Prezzi>
  <Prezzi>
    <Data>20180407</Data>
    <Mercato>MGP</Mercato>
    <Ora>17</Ora>
    <PUN>39,930000</PUN>
    <NAT>39,930000</NAT>
    <CNOR>39,930000</CNOR>
    <CSUD>39,930000</CSUD>
    <NORD>39,930000</NORD>
    <SARD>39,930000</SARD>
    <SICI>39,930000</SICI>
    <SUD>39,930000</SUD>
    <AUST>39,930000</AUST>
    <BRNN>39,930000</BRNN>
    <COAC>39,930000</COAC>
    <CORS>39,930000</CORS>
    <FOGN>39,930000</FOGN>
    <FRAN>39,930000</FRAN>
    <GREC>39,930000</GREC>
    <MFTV>39,930000</MFTV>
    <PRGP>39,930000</PRGP>
    <ROSN>39,930000</ROSN>
    <SLOV>39,930000</SLOV>
    <SVIZ>39,930000</SVIZ>
    <BSP>39,930000</BSP>
    <MALT>39,930000</MALT>
    <XAUS>39,930000</XAUS>
    <XFRA>39,930000</XFRA>
  </Prezzi>
  <Prezzi>
    <Data>20180407</Data>
    <Mercato>MGP</Mercato>
    <Ora>18</Ora>
    <PUN>48,480000</PUN>
    <NAT>48,480000</NAT>
    <CNOR>48,480000</CNOR>
    <CSUD>48,480000</CSUD>
    <NORD>48,480000</NORD>
    <SARD>48,480000</SARD>
    <SICI>48,480000</SICI>
    <SUD>48,480000</SUD>
    <AUST>48,480000</AUST>
    <BRNN>48,480000</BRNN>
    <COAC>48,480000</COAC>
    <CORS>48,480000</CORS>
    <FOGN>48,480000</FOGN>
    <FRAN>48,480000</FRAN>
    <GREC>48,480000</GREC>
    <MFTV>48,480000</MFTV>
    <PRGP>48,480000</PRGP>
    <ROSN>48,480000</ROSN>
    <SLOV>48,480000</SLOV>
    <SVIZ>48,480000</SVIZ>
    <BSP>48,480000</BSP>
    <MALT>48,480000</MALT>
    <XAUS>48,480000</XAUS>
    <XFRA>48,480000</XFRA>
  </Prezzi>
  <Prezzi>
    <Data>20180407</Data>
    <Mercato>MGP</Mercato>
    <Ora>19</Ora>
    <PUN>57,705090</PUN>
    <NAT>56,130000</NAT>
    <CNOR>56,120000</CNOR>
    <CSUD>56,120000</CSUD>
    <NORD>56,120000</NORD>
    <SARD>56,120000</SARD>
    <SICI>79,990000</SICI>
    <SUD>56,120000</SUD>
    <AUST>56,120000</AUST>
    <BRNN>56,120000</BRNN>
    <COAC>56,120000</COAC>
    <CORS>56,120000</CORS>
    <FOGN>56,120000</FOGN>
    <FRAN>56,120000</FRAN>
    <GREC>56,120000</GREC>
    <MFTV>56,120000</MFTV>
    <PRGP>79,990000</PRGP>
    <ROSN>56,120000</ROSN>
    <SLOV>56,120000</SLOV>
    <SVIZ>56,120000</SVIZ>
    <BSP>56,120000</BSP>
    <MALT>79,990000</MALT>
    <XAUS>56,120000</XAUS>
    <XFRA>56,120000</XFRA>
  </Prezzi>
  <Prezzi>
    <Data>20180407</Data>
    <Mercato>MGP</Mercato>
    <Ora>20</Ora>
    <PUN>70,431780</PUN>
    <NAT>73,910000</NAT>
    <CNOR>69,000000</CNOR>
    <CSUD>69,000000</CSUD>
    <NORD>69,000000</NORD>
    <SARD>69,000000</SARD>
    <SICI>90,000000</SICI>
    <SUD>69,000000</SUD>
    <AUST>69,000000</AUST>
    <BRNN>69,000000</BRNN>
    <COAC>69,000000</COAC>
    <CORS>69,000000</CORS>
    <FOGN>69,000000</FOGN>
    <FRAN>69,000000</FRAN>
    <GREC>69,000000</GREC>
    <MFTV>69,000000</MFTV>
    <PRGP>90,000000</PRGP>
    <ROSN>69,000000</ROSN>
    <SLOV>69,000000</SLOV>
    <SVIZ>69,000000</SVIZ>
    <BSP>69,000000</BSP>
    <MALT>90,000000</MALT>
    <XAUS>69,000000</XAUS>
    <XFRA>69,000000</XFRA>
  </Prezzi>
  <Prezzi>
    <Data>20180407</Data>
    <Mercato>MGP</Mercato>
    <Ora>21</Ora>
    <PUN>78,751150</PUN>
    <NAT>79,330000</NAT>
    <CNOR>77,890000</CNOR>
    <CSUD>77,890000</CSUD>
    <NORD>77,890000</NORD>
    <SARD>77,890000</SARD>
    <SICI>90,000000</SICI>
    <SUD>77,890000</SUD>
    <AUST>77,890000</AUST>
    <BRNN>77,890000</BRNN>
    <COAC>77,890000</COAC>
    <CORS>77,890000</CORS>
    <FOGN>77,890000</FOGN>
    <FRAN>77,890000</FRAN>
    <GREC>77,890000</GREC>
    <MFTV>77,890000</MFTV>
    <PRGP>90,000000</PRGP>
    <ROSN>77,890000</ROSN>
    <SLOV>77,890000</SLOV>
    <SVIZ>77,890000</SVIZ>
    <BSP>77,890000</BSP>
    <MALT>90,000000</MALT>
    <XAUS>77,890000</XAUS>
    <XFRA>77,890000</XFRA>
  </Prezzi>
  <Prezzi>
    <Data>20180407</Data>
    <Mercato>MGP</Mercato>
    <Ora>22</Ora>
    <PUN>72,633970</PUN>
    <NAT>73,000000</NAT>
    <CNOR>70,000000</CNOR>
    <CSUD>76,330000</CSUD>
    <NORD>70,000000</NORD>
    <SARD>76,330000</SARD>
    <SICI>81,000000</SICI>
    <SUD>76,330000</SUD>
    <AUST>70,000000</AUST>
    <BRNN>76,330000</BRNN>
    <COAC>76,330000</COAC>
    <CORS>76,330000</CORS>
    <FOGN>76,330000</FOGN>
    <FRAN>70,000000</FRAN>
    <GREC>76,330000</GREC>
    <MFTV>70,000000</MFTV>
    <PRGP>81,000000</PRGP>
    <ROSN>76,330000</ROSN>
    <SLOV>70,000000</SLOV>
    <SVIZ>70,000000</SVIZ>
    <BSP>70,000000</BSP>
    <MALT>81,000000</MALT>
    <XAUS>70,000000</XAUS>
    <XFRA>70,000000</XFRA>
  </Prezzi>
  <Prezzi>
    <Data>20180407</Data>
    <Mercato>MGP</Mercato>
    <Ora>23</Ora>
    <PUN>58,069800</PUN>
    <NAT>56,440000</NAT>
    <CNOR>56,440000</CNOR>
    <CSUD>56,440000</CSUD>
    <NORD>56,440000</NORD>
    <SARD>56,440000</SARD>
    <SICI>79,990000</SICI>
    <SUD>56,440000</SUD>
    <AUST>56,440000</AUST>
    <BRNN>56,440000</BRNN>
    <COAC>56,440000</COAC>
    <CORS>56,440000</CORS>
    <FOGN>56,440000</FOGN>
    <FRAN>56,440000</FRAN>
    <GREC>56,440000</GREC>
    <MFTV>56,440000</MFTV>
    <PRGP>79,990000</PRGP>
    <ROSN>56,440000</ROSN>
    <SLOV>56,440000</SLOV>
    <SVIZ>56,440000</SVIZ>
    <BSP>56,440000</BSP>
    <MALT>79,990000</MALT>
    <XAUS>56,440000</XAUS>
    <XFRA>56,440000</XFRA>
  </Prezzi>
  <Prezzi>
    <Data>20180407</Data>
    <Mercato>MGP</Mercato>
    <Ora>24</Ora>
    <PUN>51,400000</PUN>
    <NAT>51,400000</NAT>
    <CNOR>51,400000</CNOR>
    <CSUD>51,400000</CSUD>
    <NORD>51,400000</NORD>
    <SARD>51,400000</SARD>
    <SICI>51,400000</SICI>
    <SUD>51,400000</SUD>
    <AUST>51,400000</AUST>
    <BRNN>51,400000</BRNN>
    <COAC>51,400000</COAC>
    <CORS>51,400000</CORS>
    <FOGN>51,400000</FOGN>
    <FRAN>51,400000</FRAN>
    <GREC>51,400000</GREC>
    <MFTV>51,400000</MFTV>
    <PRGP>51,400000</PRGP>
    <ROSN>51,400000</ROSN>
    <SLOV>51,400000</SLOV>
    <SVIZ>51,400000</SVIZ>
    <BSP>51,400000</BSP>
    <MALT>51,400000</MALT>
    <XAUS>51,400000</XAUS>
    <XFRA>51,400000</XFRA>
  </Prezzi>
</NewDataSet>