<?xml version="1.0" standalone="yes"?>
<NewDataSet>
  <xs:schema id="NewDataSet" xmlns="" xmlns:xs="http://www.w3.org/2001/XMLSchema" xmlns:msdata="urn:schemas-microsoft-com:xml-msdata">
    <xs:element name="NewDataSet" msdata:IsDataSet="true" msdata:UseCurrentLocale="true">
      <xs:complexType>
        <xs:choice minOccurs="0" maxOccurs="unbounded">
          <xs:element name="Prezzi">
            <xs:complexType>
              <xs:sequence>
                <xs:element name="Data" type="xs:string" minOccurs="0" />
                <xs:element name="Mercato" type="xs:string" minOccurs="0" />
                <xs:element name="Ora" type="xs:string" minOccurs="0" />
                <xs:element name="PUN" type="xs:string" minOccurs="0" />
                <xs:element name="NAT" type="xs:string" minOccurs="0" />
                <xs:element name="CNOR" type="xs:string" minOccurs="0" />
                <xs:element name="CSUD" type="xs:string" minOccurs="0" />
                <xs:element name="NORD" type="xs:string" minOccurs="0" />
                <xs:element name="SARD" type="xs:string" minOccurs="0" />
                <xs:element name="SICI" type="xs:string" minOccurs="0" />
                <xs:element name="SUD" type="xs:string" minOccurs="0" />
                <xs:element name="AUST" type="xs:string" minOccurs="0" />
                <xs:element name="BRNN" type="xs:string" minOccurs="0" />
                <xs:element name="COAC" type="xs:string" minOccurs="0" />
                <xs:element name="CORS" type="xs:string" minOccurs="0" />
                <xs:element name="FOGN" type="xs:string" minOccurs="0" />
                <xs:element name="FRAN" type="xs:string" minOccurs="0" />
                <xs:element name="GREC" type="xs:string" minOccurs="0" />
                <xs:element name="MFTV" type="xs:string" minOccurs="0" />
                <xs:element name="PRGP" type="xs:string" minOccurs="0" />
                <xs:element name="ROSN" type="xs:string" minOccurs="0" />
                <xs:element name="SLOV" type="xs:string" minOccurs="0" />
                <xs:element name="SVIZ" type="xs:string" minOccurs="0" />
                <xs:element name="BSP" type="xs:string" minOccurs="0" />
                <xs:element name="MALT" type="xs:string" minOccurs="0" />
                <xs:element name="XAUS" type="xs:string" minOccurs="0" />
                <xs:element name="XFRA" type="xs:string" minOccurs="0" />
              </xs:sequence>
            </xs:complexType>
          </xs:element>
        </xs:choice>
      </xs:complexType>
    </xs:element>
  </xs:schema>
  <Prezzi>
    <Data>20180401</Data>
    <Mercato>MGP</Mercato>
    <Ora>1</Ora>
    <PUN>40,326350</PUN>
    <NAT>40,160000</NAT>
    <CNOR>40,425290</CNOR>
    <CSUD>40,160000</CSUD>
    <NORD>40,425290</NORD>
    <SARD>40,160000</SARD>
    <SICI>40,160000</SICI>
    <SUD>40,160000</SUD>
    <AUST>40,425290</AUST>
    <BRNN>40,160000</BRNN>
    <COAC>40,160000</COAC>
    <CORS>40,425290</CORS>
    <FOGN>40,160000</FOGN>
    <FRAN>40,425290</FRAN>
    <GREC>40,160000</GREC>
    <MFTV>40,425290</MFTV>
    <PRGP>40,160000</PRGP>
    <ROSN>40,160000</ROSN>
    <SLOV>40,425290</SLOV>
    <SVIZ>40,425290</SVIZ>
    <BSP>40,425290</BSP>
    <MALT>40,160000</MALT>
    <XAUS>40,425290</XAUS>
    <XFRA>40,425290</XFRA>
  </Prezzi>
  <Prezzi>
    <Data>20180401</Data>
    <Mercato>MGP</Mercato>
    <Ora>2</Ora>
    <PUN>33,079280</PUN>
    <NAT>35,820000</NAT>
    <CNOR>43,670000</CNOR>
    <CSUD>15,000000</CSUD>
    <NORD>43,670000</NORD>
    <SARD>15,000000</SARD>
    <SICI>15,000000</SICI>
    <SUD>15,000000</SUD>
    <AUST>43,670000</AUST>
    <BRNN>15,000000</BRNN>
    <COAC>15,000000</COAC>
    <CORS>43,670000</CORS>
    <FOGN>15,000000</FOGN>
    <FRAN>43,670000</FRAN>
    <GREC>15,000000</GREC>
    <MFTV>43,670000</MFTV>
    <PRGP>15,000000</PRGP>
    <ROSN>15,000000</ROSN>
    <SLOV>43,670000</SLOV>
    <SVIZ>43,670000</SVIZ>
    <BSP>43,670000</BSP>
    <MALT>15,000000</MALT>
    <XAUS>43,670000</XAUS>
    <XFRA>43,670000</XFRA>
  </Prezzi>
  <Prezzi>
    <Data>20180401</Data>
    <Mercato>MGP</Mercato>
    <Ora>3</Ora>
    <PUN>25,849680</PUN>
    <NAT>27,530000</NAT>
    <CNOR>35,000000</CNOR>
    <CSUD>10,000000</CSUD>
    <NORD>35,000000</NORD>
    <SARD>10,000000</SARD>
    <SICI>10,000000</SICI>
    <SUD>10,000000</SUD>
    <AUST>35,000000</AUST>
    <BRNN>10,000000</BRNN>
    <COAC>10,000000</COAC>
    <CORS>35,000000</CORS>
    <FOGN>10,000000</FOGN>
    <FRAN>35,000000</FRAN>
    <GREC>10,000000</GREC>
    <MFTV>35,000000</MFTV>
    <PRGP>10,000000</PRGP>
    <ROSN>10,000000</ROSN>
    <SLOV>35,000000</SLOV>
    <SVIZ>35,000000</SVIZ>
    <BSP>35,000000</BSP>
    <MALT>10,000000</MALT>
    <XAUS>35,000000</XAUS>
    <XFRA>35,000000</XFRA>
  </Prezzi>
  <Prezzi>
    <Data>20180401</Data>
    <Mercato>MGP</Mercato>
    <Ora>4</Ora>
    <PUN>19,190430</PUN>
    <NAT>19,470000</NAT>
    <CNOR>27,310000</CNOR>
    <CSUD>5,000000</CSUD>
    <NORD>27,310000</NORD>
    <SARD>5,000000</SARD>
    <SICI>5,000000</SICI>
    <SUD>5,000000</SUD>
    <AUST>27,310000</AUST>
    <BRNN>5,000000</BRNN>
    <COAC>5,000000</COAC>
    <CORS>27,310000</CORS>
    <FOGN>5,000000</FOGN>
    <FRAN>27,310000</FRAN>
    <GREC>5,000000</GREC>
    <MFTV>27,310000</MFTV>
    <PRGP>5,000000</PRGP>
    <ROSN>5,000000</ROSN>
    <SLOV>27,310000</SLOV>
    <SVIZ>27,310000</SVIZ>
    <BSP>27,310000</BSP>
    <MALT>5,000000</MALT>
    <XAUS>27,310000</XAUS>
    <XFRA>27,310000</XFRA>
  </Prezzi>
  <Prezzi>
    <Data>20180401</Data>
    <Mercato>MGP</Mercato>
    <Ora>5</Ora>
    <PUN>17,807830</PUN>
    <NAT>19,800000</NAT>
    <CNOR>25,080000</CNOR>
    <CSUD>5,000000</CSUD>
    <NORD>25,080000</NORD>
    <SARD>5,000000</SARD>
    <SICI>5,000000</SICI>
    <SUD>5,000000</SUD>
    <AUST>25,080000</AUST>
    <BRNN>5,000000</BRNN>
    <COAC>5,000000</COAC>
    <CORS>25,080000</CORS>
    <FOGN>5,000000</FOGN>
    <FRAN>25,080000</FRAN>
    <GREC>5,000000</GREC>
    <MFTV>25,080000</MFTV>
    <PRGP>5,000000</PRGP>
    <ROSN>5,000000</ROSN>
    <SLOV>25,080000</SLOV>
    <SVIZ>25,080000</SVIZ>
    <BSP>25,080000</BSP>
    <MALT>5,000000</MALT>
    <XAUS>25,080000</XAUS>
    <XFRA>25,080000</XFRA>
  </Prezzi>
  <Prezzi>
    <Data>20180401</Data>
    <Mercato>MGP</Mercato>
    <Ora>6</Ora>
    <PUN>27,195420</PUN>
    <NAT>26,500000</NAT>
    <CNOR>9,900000</CNOR>
    <CSUD>9,900000</CSUD>
    <NORD>42,500000</NORD>
    <SARD>9,900000</SARD>
    <SICI>9,900000</SICI>
    <SUD>9,900000</SUD>
    <AUST>42,500000</AUST>
    <BRNN>9,900000</BRNN>
    <COAC>9,900000</COAC>
    <CORS>9,900000</CORS>
    <FOGN>9,900000</FOGN>
    <FRAN>42,500000</FRAN>
    <GREC>9,900000</GREC>
    <MFTV>42,500000</MFTV>
    <PRGP>9,900000</PRGP>
    <ROSN>9,900000</ROSN>
    <SLOV>42,500000</SLOV>
    <SVIZ>42,500000</SVIZ>
    <BSP>42,500000</BSP>
    <MALT>9,900000</MALT>
    <XAUS>42,500000</XAUS>
    <XFRA>42,500000</XFRA>
  </Prezzi>
  <Prezzi>
    <Data>20180401</Data>
    <Mercato>MGP</Mercato>
    <Ora>7</Ora>
    <PUN>29,931110</PUN>
    <NAT>30,000000</NAT>
    <CNOR>27,390000</CNOR>
    <CSUD>10,000000</CSUD>
    <NORD>43,930000</NORD>
    <SARD>10,000000</SARD>
    <SICI>10,000000</SICI>
    <SUD>10,000000</SUD>
    <AUST>43,930000</AUST>
    <BRNN>10,000000</BRNN>
    <COAC>10,000000</COAC>
    <CORS>27,390000</CORS>
    <FOGN>10,000000</FOGN>
    <FRAN>43,930000</FRAN>
    <GREC>10,000000</GREC>
    <MFTV>43,930000</MFTV>
    <PRGP>10,000000</PRGP>
    <ROSN>10,000000</ROSN>
    <SLOV>43,930000</SLOV>
    <SVIZ>43,930000</SVIZ>
    <BSP>43,930000</BSP>
    <MALT>10,000000</MALT>
    <XAUS>43,930000</XAUS>
    <XFRA>43,930000</XFRA>
  </Prezzi>
  <Prezzi>
    <Data>20180401</Data>
    <Mercato>MGP</Mercato>
    <Ora>8</Ora>
    <PUN>25,790830</PUN>
    <NAT>28,000000</NAT>
    <CNOR>10,000000</CNOR>
    <CSUD>10,000000</CSUD>
    <NORD>39,870000</NORD>
    <SARD>10,000000</SARD>
    <SICI>10,000000</SICI>
    <SUD>10,000000</SUD>
    <AUST>39,870000</AUST>
    <BRNN>10,000000</BRNN>
    <COAC>10,000000</COAC>
    <CORS>10,000000</CORS>
    <FOGN>10,000000</FOGN>
    <FRAN>39,870000</FRAN>
    <GREC>10,000000</GREC>
    <MFTV>39,870000</MFTV>
    <PRGP>10,000000</PRGP>
    <ROSN>10,000000</ROSN>
    <SLOV>39,870000</SLOV>
    <SVIZ>39,870000</SVIZ>
    <BSP>39,870000</BSP>
    <MALT>10,000000</MALT>
    <XAUS>39,870000</XAUS>
    <XFRA>39,870000</XFRA>
  </Prezzi>
  <Prezzi>
    <Data>20180401</Data>
    <Mercato>MGP</Mercato>
    <Ora>9</Ora>
    <PUN>26,315660</PUN>
    <NAT>28,000000</NAT>
    <CNOR>32,070000</CNOR>
    <CSUD>11,000000</CSUD>
    <NORD>36,350000</NORD>
    <SARD>11,000000</SARD>
    <SICI>11,000000</SICI>
    <SUD>11,000000</SUD>
    <AUST>36,350000</AUST>
    <BRNN>11,000000</BRNN>
    <COAC>11,000000</COAC>
    <CORS>32,070000</CORS>
    <FOGN>11,000000</FOGN>
    <FRAN>36,350000</FRAN>
    <GREC>11,000000</GREC>
    <MFTV>36,350000</MFTV>
    <PRGP>11,000000</PRGP>
    <ROSN>11,000000</ROSN>
    <SLOV>36,350000</SLOV>
    <SVIZ>36,350000</SVIZ>
    <BSP>36,350000</BSP>
    <MALT>11,000000</MALT>
    <XAUS>36,350000</XAUS>
    <XFRA>36,350000</XFRA>
  </Prezzi>
  <Prezzi>
    <Data>20180401</Data>
    <Mercato>MGP</Mercato>
    <Ora>10</Ora>
    <PUN>25,700160</PUN>
    <NAT>22,000000</NAT>
    <CNOR>34,440000</CNOR>
    <CSUD>10,000000</CSUD>
    <NORD>35,820000</NORD>
    <SARD>10,000000</SARD>
    <SICI>10,000000</SICI>
    <SUD>10,000000</SUD>
    <AUST>35,820000</AUST>
    <BRNN>10,000000</BRNN>
    <COAC>10,000000</COAC>
    <CORS>34,440000</CORS>
    <FOGN>10,000000</FOGN>
    <FRAN>35,820000</FRAN>
    <GREC>10,000000</GREC>
    <MFTV>35,820000</MFTV>
    <PRGP>10,000000</PRGP>
    <ROSN>10,000000</ROSN>
    <SLOV>35,820000</SLOV>
    <SVIZ>35,820000</SVIZ>
    <BSP>35,820000</BSP>
    <MALT>10,000000</MALT>
    <XAUS>35,820000</XAUS>
    <XFRA>35,820000</XFRA>
  </Prezzi>
  <Prezzi>
    <Data>20180401</Data>
    <Mercato>MGP</Mercato>
    <Ora>11</Ora>
    <PUN>16,970580</PUN>
    <NAT>12,000000</NAT>
    <CNOR>8,000000</CNOR>
    <CSUD>5,000000</CSUD>
    <NORD>28,341220</NORD>
    <SARD>5,000000</SARD>
    <SICI>5,000000</SICI>
    <SUD>5,000000</SUD>
    <AUST>28,341220</AUST>
    <BRNN>5,000000</BRNN>
    <COAC>5,000000</COAC>
    <CORS>8,000000</CORS>
    <FOGN>5,000000</FOGN>
    <FRAN>28,341220</FRAN>
    <GREC>5,000000</GREC>
    <MFTV>28,341220</MFTV>
    <PRGP>5,000000</PRGP>
    <ROSN>5,000000</ROSN>
    <SLOV>28,341220</SLOV>
    <SVIZ>28,341220</SVIZ>
    <BSP>28,341220</BSP>
    <MALT>5,000000</MALT>
    <XAUS>28,341220</XAUS>
    <XFRA>28,341220</XFRA>
  </Prezzi>
  <Prezzi>
    <Data>20180401</Data>
    <Mercato>MGP</Mercato>
    <Ora>12</Ora>
    <PUN>16,569370</PUN>
    <NAT>10,000000</NAT>
    <CNOR>5,000000</CNOR>
    <CSUD>5,000000</CSUD>
    <NORD>28,295680</NORD>
    <SARD>5,000000</SARD>
    <SICI>5,000000</SICI>
    <SUD>5,000000</SUD>
    <AUST>28,295680</AUST>
    <BRNN>5,000000</BRNN>
    <COAC>5,000000</COAC>
    <CORS>5,000000</CORS>
    <FOGN>5,000000</FOGN>
    <FRAN>28,295680</FRAN>
    <GREC>5,000000</GREC>
    <MFTV>28,295680</MFTV>
    <PRGP>5,000000</PRGP>
    <ROSN>5,000000</ROSN>
    <SLOV>28,295680</SLOV>
    <SVIZ>28,295680</SVIZ>
    <BSP>28,295680</BSP>
    <MALT>5,000000</MALT>
    <XAUS>28,295680</XAUS>
    <XFRA>28,295680</XFRA>
  </Prezzi>
  <Prezzi>
    <Data>20180401</Data>
    <Mercato>MGP</Mercato>
    <Ora>13</Ora>
    <PUN>11,311130</PUN>
    <NAT>9,210000</NAT>
    <CNOR>1,010000</CNOR>
    <CSUD>1,010000</CSUD>
    <NORD>22,100000</NORD>
    <SARD>1,010000</SARD>
    <SICI>1,010000</SICI>
    <SUD>1,010000</SUD>
    <AUST>22,100000</AUST>
    <BRNN>1,010000</BRNN>
    <COAC>1,010000</COAC>
    <CORS>1,010000</CORS>
    <FOGN>1,010000</FOGN>
    <FRAN>22,100000</FRAN>
    <GREC>1,010000</GREC>
    <MFTV>22,100000</MFTV>
    <PRGP>1,010000</PRGP>
    <ROSN>1,010000</ROSN>
    <SLOV>22,100000</SLOV>
    <SVIZ>22,100000</SVIZ>
    <BSP>22,100000</BSP>
    <MALT>1,010000</MALT>
    <XAUS>22,100000</XAUS>
    <XFRA>22,100000</XFRA>
  </Prezzi>
  <Prezzi>
    <Data>20180401</Data>
    <Mercato>MGP</Mercato>
    <Ora>14</Ora>
    <PUN>9,871010</PUN>
    <NAT>1,000000</NAT>
    <CNOR>0,000000</CNOR>
    <CSUD>0,000000</CSUD>
    <NORD>19,950000</NORD>
    <SARD>0,000000</SARD>
    <SICI>0,000000</SICI>
    <SUD>0,000000</SUD>
    <AUST>19,950000</AUST>
    <BRNN>0,000000</BRNN>
    <COAC>0,000000</COAC>
    <CORS>0,000000</CORS>
    <FOGN>0,000000</FOGN>
    <FRAN>19,950000</FRAN>
    <GREC>0,000000</GREC>
    <MFTV>19,950000</MFTV>
    <PRGP>0,000000</PRGP>
    <ROSN>0,000000</ROSN>
    <SLOV>19,950000</SLOV>
    <SVIZ>19,950000</SVIZ>
    <BSP>19,950000</BSP>
    <MALT>0,000000</MALT>
    <XAUS>19,950000</XAUS>
    <XFRA>19,950000</XFRA>
  </Prezzi>
  <Prezzi>
    <Data>20180401</Data>
    <Mercato>MGP</Mercato>
    <Ora>15</Ora>
    <PUN>9,293520</PUN>
    <NAT>1,000000</NAT>
    <CNOR>0,000000</CNOR>
    <CSUD>0,000000</CSUD>
    <NORD>18,300000</NORD>
    <SARD>0,000000</SARD>
    <SICI>0,000000</SICI>
    <SUD>0,000000</SUD>
    <AUST>18,300000</AUST>
    <BRNN>0,000000</BRNN>
    <COAC>0,000000</COAC>
    <CORS>0,000000</CORS>
    <FOGN>0,000000</FOGN>
    <FRAN>18,300000</FRAN>
    <GREC>0,000000</GREC>
    <MFTV>18,300000</MFTV>
    <PRGP>0,000000</PRGP>
    <ROSN>0,000000</ROSN>
    <SLOV>18,300000</SLOV>
    <SVIZ>18,300000</SVIZ>
    <BSP>18,300000</BSP>
    <MALT>0,000000</MALT>
    <XAUS>18,300000</XAUS>
    <XFRA>18,300000</XFRA>
  </Prezzi>
  <Prezzi>
    <Data>20180401</Data>
    <Mercato>MGP</Mercato>
    <Ora>16</Ora>
    <PUN>6,965890</PUN>
    <NAT>1,000000</NAT>
    <CNOR>0,000000</CNOR>
    <CSUD>0,000000</CSUD>
    <NORD>13,716240</NORD>
    <SARD>0,000000</SARD>
    <SICI>0,000000</SICI>
    <SUD>0,000000</SUD>
    <AUST>13,716240</AUST>
    <BRNN>0,000000</BRNN>
    <COAC>0,000000</COAC>
    <CORS>0,000000</CORS>
    <FOGN>0,000000</FOGN>
    <FRAN>13,716240</FRAN>
    <GREC>0,000000</GREC>
    <MFTV>13,716240</MFTV>
    <PRGP>0,000000</PRGP>
    <ROSN>0,000000</ROSN>
    <SLOV>13,716240</SLOV>
    <SVIZ>13,716240</SVIZ>
    <BSP>13,716240</BSP>
    <MALT>0,000000</MALT>
    <XAUS>13,716240</XAUS>
    <XFRA>13,716240</XFRA>
  </Prezzi>
  <Prezzi>
    <Data>20180401</Data>
    <Mercato>MGP</Mercato>
    <Ora>17</Ora>
    <PUN>9,712960</PUN>
    <NAT>8,000000</NAT>
    <CNOR>5,000000</CNOR>
    <CSUD>5,000000</CSUD>
    <NORD>14,266790</NORD>
    <SARD>5,000000</SARD>
    <SICI>5,000000</SICI>
    <SUD>5,000000</SUD>
    <AUST>14,266790</AUST>
    <BRNN>5,000000</BRNN>
    <COAC>5,000000</COAC>
    <CORS>5,000000</CORS>
    <FOGN>5,000000</FOGN>
    <FRAN>14,266790</FRAN>
    <GREC>5,000000</GREC>
    <MFTV>14,266790</MFTV>
    <PRGP>5,000000</PRGP>
    <ROSN>5,000000</ROSN>
    <SLOV>14,266790</SLOV>
    <SVIZ>14,266790</SVIZ>
    <BSP>14,266790</BSP>
    <MALT>5,000000</MALT>
    <XAUS>14,266790</XAUS>
    <XFRA>14,266790</XFRA>
  </Prezzi>
  <Prezzi>
    <Data>20180401</Data>
    <Mercato>MGP</Mercato>
    <Ora>18</Ora>
    <PUN>35,560000</PUN>
    <NAT>35,560000</NAT>
    <CNOR>35,560000</CNOR>
    <CSUD>35,560000</CSUD>
    <NORD>35,560000</NORD>
    <SARD>35,560000</SARD>
    <SICI>35,560000</SICI>
    <SUD>35,560000</SUD>
    <AUST>35,560000</AUST>
    <BRNN>35,560000</BRNN>
    <COAC>35,560000</COAC>
    <CORS>35,560000</CORS>
    <FOGN>35,560000</FOGN>
    <FRAN>35,560000</FRAN>
    <GREC>35,560000</GREC>
    <MFTV>35,560000</MFTV>
    <PRGP>35,560000</PRGP>
    <ROSN>35,560000</ROSN>
    <SLOV>35,560000</SLOV>
    <SVIZ>35,560000</SVIZ>
    <BSP>35,560000</BSP>
    <MALT>35,560000</MALT>
    <XAUS>35,560000</XAUS>
    <XFRA>35,560000</XFRA>
  </Prezzi>
  <Prezzi>
    <Data>20180401</Data>
    <Mercato>MGP</Mercato>
    <Ora>19</Ora>
    <PUN>48,150000</PUN>
    <NAT>48,150000</NAT>
    <CNOR>48,150000</CNOR>
    <CSUD>48,150000</CSUD>
    <NORD>48,150000</NORD>
    <SARD>48,150000</SARD>
    <SICI>48,150000</SICI>
    <SUD>48,150000</SUD>
    <AUST>48,150000</AUST>
    <BRNN>48,150000</BRNN>
    <COAC>48,150000</COAC>
    <CORS>48,150000</CORS>
    <FOGN>48,150000</FOGN>
    <FRAN>48,150000</FRAN>
    <GREC>48,150000</GREC>
    <MFTV>48,150000</MFTV>
    <PRGP>48,150000</PRGP>
    <ROSN>48,150000</ROSN>
    <SLOV>48,150000</SLOV>
    <SVIZ>48,150000</SVIZ>
    <BSP>48,150000</BSP>
    <MALT>48,150000</MALT>
    <XAUS>48,150000</XAUS>
    <XFRA>48,150000</XFRA>
  </Prezzi>
  <Prezzi>
    <Data>20180401</Data>
    <Mercato>MGP</Mercato>
    <Ora>20</Ora>
    <PUN>56,630000</PUN>
    <NAT>56,630000</NAT>
    <CNOR>56,630000</CNOR>
    <CSUD>56,630000</CSUD>
    <NORD>56,630000</NORD>
    <SARD>56,630000</SARD>
    <SICI>56,630000</SICI>
    <SUD>56,630000</SUD>
    <AUST>56,630000</AUST>
    <BRNN>56,630000</BRNN>
    <COAC>56,630000</COAC>
    <CORS>56,630000</CORS>
    <FOGN>56,630000</FOGN>
    <FRAN>56,630000</FRAN>
    <GREC>56,630000</GREC>
    <MFTV>56,630000</MFTV>
    <PRGP>56,630000</PRGP>
    <ROSN>56,630000</ROSN>
    <SLOV>56,630000</SLOV>
    <SVIZ>56,630000</SVIZ>
    <BSP>56,630000</BSP>
    <MALT>56,630000</MALT>
    <XAUS>56,630000</XAUS>
    <XFRA>56,630000</XFRA>
  </Prezzi>
  <Prezzi>
    <Data>20180401</Data>
    <Mercato>MGP</Mercato>
    <Ora>21</Ora>
    <PUN>75,530000</PUN>
    <NAT>75,530000</NAT>
    <CNOR>75,530000</CNOR>
    <CSUD>75,530000</CSUD>
    <NORD>75,530000</NORD>
    <SARD>75,530000</SARD>
    <SICI>75,530000</SICI>
    <SUD>75,530000</SUD>
    <AUST>75,530000</AUST>
    <BRNN>75,530000</BRNN>
    <COAC>75,530000</COAC>
    <CORS>75,530000</CORS>
    <FOGN>75,530000</FOGN>
    <FRAN>75,530000</FRAN>
    <GREC>75,530000</GREC>
    <MFTV>75,530000</MFTV>
    <PRGP>75,530000</PRGP>
    <ROSN>75,530000</ROSN>
    <SLOV>75,530000</SLOV>
    <SVIZ>75,530000</SVIZ>
    <BSP>75,530000</BSP>
    <MALT>75,530000</MALT>
    <XAUS>75,530000</XAUS>
    <XFRA>75,530000</XFRA>
  </Prezzi>
  <Prezzi>
    <Data>20180401</Data>
    <Mercato>MGP</Mercato>
    <Ora>22</Ora>
    <PUN>74,390000</PUN>
    <NAT>74,390000</NAT>
    <CNOR>74,390000</CNOR>
    <CSUD>74,390000</CSUD>
    <NORD>74,390000</NORD>
    <SARD>74,390000</SARD>
    <SICI>74,390000</SICI>
    <SUD>74,390000</SUD>
    <AUST>74,390000</AUST>
    <BRNN>74,390000</BRNN>
    <COAC>74,390000</COAC>
    <CORS>74,390000</CORS>
    <FOGN>74,390000</FOGN>
    <FRAN>74,390000</FRAN>
    <GREC>74,390000</GREC>
    <MFTV>74,390000</MFTV>
    <PRGP>74,390000</PRGP>
    <ROSN>74,390000</ROSN>
    <SLOV>74,390000</SLOV>
    <SVIZ>74,390000</SVIZ>
    <BSP>74,390000</BSP>
    <MALT>74,390000</MALT>
    <XAUS>74,390000</XAUS>
    <XFRA>74,390000</XFRA>
  </Prezzi>
  <Prezzi>
    <Data>20180401</Data>
    <Mercato>MGP</Mercato>
    <Ora>23</Ora>
    <PUN>59,990000</PUN>
    <NAT>59,990000</NAT>
    <CNOR>59,990000</CNOR>
    <CSUD>59,990000</CSUD>
    <NORD>59,990000</NORD>
    <SARD>59,990000</SARD>
    <SICI>59,990000</SICI>
    <SUD>59,990000</SUD>
    <AUST>59,990000</AUST>
    <BRNN>59,990000</BRNN>
    <COAC>59,990000</COAC>
    <CORS>59,990000</CORS>
    <FOGN>59,990000</FOGN>
    <FRAN>59,990000</FRAN>
    <GREC>59,990000</GREC>
    <MFTV>59,990000</MFTV>
    <PRGP>59,990000</PRGP>
    <ROSN>59,990000</ROSN>
    <SLOV>59,990000</SLOV>
    <SVIZ>59,990000</SVIZ>
    <BSP>59,990000</BSP>
    <MALT>59,990000</MALT>
    <XAUS>59,990000</XAUS>
    <XFRA>59,990000</XFRA>
  </Prezzi>
  <Prezzi>
    <Data>20180401</Data>
    <Mercato>MGP</Mercato>
    <Ora>24</Ora>
    <PUN>54,590000</PUN>
    <NAT>54,590000</NAT>
    <CNOR>54,590000</CNOR>
    <CSUD>54,590000</CSUD>
    <NORD>54,590000</NORD>
    <SARD>54,590000</SARD>
    <SICI>54,590000</SICI>
    <SUD>54,590000</SUD>
    <AUST>54,590000</AUST>
    <BRNN>54,590000</BRNN>
    <COAC>54,590000</COAC>
    <CORS>54,590000</CORS>
    <FOGN>54,590000</FOGN>
    <FRAN>54,590000</FRAN>
    <GREC>54,590000</GREC>
    <MFTV>54,590000</MFTV>
    <PRGP>54,590000</PRGP>
    <ROSN>54,590000</ROSN>
    <SLOV>54,590000</SLOV>
    <SVIZ>54,590000</SVIZ>
    <BSP>54,590000</BSP>
    <MALT>54,590000</MALT>
    <XAUS>54,590000</XAUS>
    <XFRA>54,590000</XFRA>
  </Prezzi>
</NewDataSet>