<?xml version="1.0" standalone="yes"?>
<NewDataSet>
  <xs:schema id="NewDataSet" xmlns="" xmlns:xs="http://www.w3.org/2001/XMLSchema" xmlns:msdata="urn:schemas-microsoft-com:xml-msdata">
    <xs:element name="NewDataSet" msdata:IsDataSet="true" msdata:UseCurrentLocale="true">
      <xs:complexType>
        <xs:choice minOccurs="0" maxOccurs="unbounded">
          <xs:element name="Prezzi">
            <xs:complexType>
              <xs:sequence>
                <xs:element name="Data" type="xs:string" minOccurs="0" />
                <xs:element name="Mercato" type="xs:string" minOccurs="0" />
                <xs:element name="Ora" type="xs:string" minOccurs="0" />
                <xs:element name="PUN" type="xs:string" minOccurs="0" />
                <xs:element name="NAT" type="xs:string" minOccurs="0" />
                <xs:element name="CNOR" type="xs:string" minOccurs="0" />
                <xs:element name="CSUD" type="xs:string" minOccurs="0" />
                <xs:element name="NORD" type="xs:string" minOccurs="0" />
                <xs:element name="SARD" type="xs:string" minOccurs="0" />
                <xs:element name="SICI" type="xs:string" minOccurs="0" />
                <xs:element name="SUD" type="xs:string" minOccurs="0" />
                <xs:element name="AUST" type="xs:string" minOccurs="0" />
                <xs:element name="BRNN" type="xs:string" minOccurs="0" />
                <xs:element name="COAC" type="xs:string" minOccurs="0" />
                <xs:element name="CORS" type="xs:string" minOccurs="0" />
                <xs:element name="FOGN" type="xs:string" minOccurs="0" />
                <xs:element name="FRAN" type="xs:string" minOccurs="0" />
                <xs:element name="GREC" type="xs:string" minOccurs="0" />
                <xs:element name="MFTV" type="xs:string" minOccurs="0" />
                <xs:element name="PRGP" type="xs:string" minOccurs="0" />
                <xs:element name="ROSN" type="xs:string" minOccurs="0" />
                <xs:element name="SLOV" type="xs:string" minOccurs="0" />
                <xs:element name="SVIZ" type="xs:string" minOccurs="0" />
                <xs:element name="BSP" type="xs:string" minOccurs="0" />
                <xs:element name="MALT" type="xs:string" minOccurs="0" />
                <xs:element name="XAUS" type="xs:string" minOccurs="0" />
                <xs:element name="XFRA" type="xs:string" minOccurs="0" />
              </xs:sequence>
            </xs:complexType>
          </xs:element>
        </xs:choice>
      </xs:complexType>
    </xs:element>
  </xs:schema>
  <Prezzi>
    <Data>20180419</Data>
    <Mercato>MGP</Mercato>
    <Ora>1</Ora>
    <PUN>40,000000</PUN>
    <NAT>45,000000</NAT>
    <CNOR>35,869620</CNOR>
    <CSUD>48,410000</CSUD>
    <NORD>35,869620</NORD>
    <SARD>48,410000</SARD>
    <SICI>48,410000</SICI>
    <SUD>48,410000</SUD>
    <AUST>35,869620</AUST>
    <BRNN>48,410000</BRNN>
    <COAC>48,410000</COAC>
    <CORS>48,410000</CORS>
    <FOGN>48,410000</FOGN>
    <FRAN>35,869620</FRAN>
    <GREC>48,410000</GREC>
    <MFTV>35,869620</MFTV>
    <PRGP>48,410000</PRGP>
    <ROSN>48,410000</ROSN>
    <SLOV>35,869620</SLOV>
    <SVIZ>35,869620</SVIZ>
    <BSP>35,869620</BSP>
    <MALT>48,410000</MALT>
    <XAUS>35,869620</XAUS>
    <XFRA>35,869620</XFRA>
  </Prezzi>
  <Prezzi>
    <Data>20180419</Data>
    <Mercato>MGP</Mercato>
    <Ora>2</Ora>
    <PUN>39,143690</PUN>
    <NAT>35,500000</NAT>
    <CNOR>35,000000</CNOR>
    <CSUD>47,910000</CSUD>
    <NORD>35,000000</NORD>
    <SARD>47,910000</SARD>
    <SICI>47,910000</SICI>
    <SUD>47,910000</SUD>
    <AUST>35,000000</AUST>
    <BRNN>47,910000</BRNN>
    <COAC>47,910000</COAC>
    <CORS>47,910000</CORS>
    <FOGN>47,910000</FOGN>
    <FRAN>35,000000</FRAN>
    <GREC>47,910000</GREC>
    <MFTV>35,000000</MFTV>
    <PRGP>47,910000</PRGP>
    <ROSN>47,910000</ROSN>
    <SLOV>35,000000</SLOV>
    <SVIZ>35,000000</SVIZ>
    <BSP>35,000000</BSP>
    <MALT>47,910000</MALT>
    <XAUS>35,000000</XAUS>
    <XFRA>35,000000</XFRA>
  </Prezzi>
  <Prezzi>
    <Data>20180419</Data>
    <Mercato>MGP</Mercato>
    <Ora>3</Ora>
    <PUN>33,280000</PUN>
    <NAT>33,200000</NAT>
    <CNOR>32,526280</CNOR>
    <CSUD>34,900000</CSUD>
    <NORD>32,526280</NORD>
    <SARD>34,900000</SARD>
    <SICI>34,900000</SICI>
    <SUD>34,900000</SUD>
    <AUST>32,526280</AUST>
    <BRNN>34,900000</BRNN>
    <COAC>34,900000</COAC>
    <CORS>34,900000</CORS>
    <FOGN>34,900000</FOGN>
    <FRAN>32,526280</FRAN>
    <GREC>34,900000</GREC>
    <MFTV>32,526280</MFTV>
    <PRGP>34,900000</PRGP>
    <ROSN>34,900000</ROSN>
    <SLOV>32,526280</SLOV>
    <SVIZ>32,526280</SVIZ>
    <BSP>32,526280</BSP>
    <MALT>34,900000</MALT>
    <XAUS>32,526280</XAUS>
    <XFRA>32,526280</XFRA>
  </Prezzi>
  <Prezzi>
    <Data>20180419</Data>
    <Mercato>MGP</Mercato>
    <Ora>4</Ora>
    <PUN>31,010000</PUN>
    <NAT>31,010000</NAT>
    <CNOR>31,010000</CNOR>
    <CSUD>31,010000</CSUD>
    <NORD>31,010000</NORD>
    <SARD>31,010000</SARD>
    <SICI>31,010000</SICI>
    <SUD>31,010000</SUD>
    <AUST>31,010000</AUST>
    <BRNN>31,010000</BRNN>
    <COAC>31,010000</COAC>
    <CORS>31,010000</CORS>
    <FOGN>31,010000</FOGN>
    <FRAN>31,010000</FRAN>
    <GREC>31,010000</GREC>
    <MFTV>31,010000</MFTV>
    <PRGP>31,010000</PRGP>
    <ROSN>31,010000</ROSN>
    <SLOV>31,010000</SLOV>
    <SVIZ>31,010000</SVIZ>
    <BSP>31,010000</BSP>
    <MALT>31,010000</MALT>
    <XAUS>31,010000</XAUS>
    <XFRA>31,010000</XFRA>
  </Prezzi>
  <Prezzi>
    <Data>20180419</Data>
    <Mercato>MGP</Mercato>
    <Ora>5</Ora>
    <PUN>31,100000</PUN>
    <NAT>31,100000</NAT>
    <CNOR>31,100000</CNOR>
    <CSUD>31,100000</CSUD>
    <NORD>31,100000</NORD>
    <SARD>31,100000</SARD>
    <SICI>31,100000</SICI>
    <SUD>31,100000</SUD>
    <AUST>31,100000</AUST>
    <BRNN>31,100000</BRNN>
    <COAC>31,100000</COAC>
    <CORS>31,100000</CORS>
    <FOGN>31,100000</FOGN>
    <FRAN>31,100000</FRAN>
    <GREC>31,100000</GREC>
    <MFTV>31,100000</MFTV>
    <PRGP>31,100000</PRGP>
    <ROSN>31,100000</ROSN>
    <SLOV>31,100000</SLOV>
    <SVIZ>31,100000</SVIZ>
    <BSP>31,100000</BSP>
    <MALT>31,100000</MALT>
    <XAUS>31,100000</XAUS>
    <XFRA>31,100000</XFRA>
  </Prezzi>
  <Prezzi>
    <Data>20180419</Data>
    <Mercato>MGP</Mercato>
    <Ora>6</Ora>
    <PUN>39,454700</PUN>
    <NAT>39,360000</NAT>
    <CNOR>35,480000</CNOR>
    <CSUD>48,120000</CSUD>
    <NORD>35,480000</NORD>
    <SARD>48,120000</SARD>
    <SICI>48,120000</SICI>
    <SUD>48,120000</SUD>
    <AUST>35,480000</AUST>
    <BRNN>48,120000</BRNN>
    <COAC>48,120000</COAC>
    <CORS>48,120000</CORS>
    <FOGN>48,120000</FOGN>
    <FRAN>35,480000</FRAN>
    <GREC>48,120000</GREC>
    <MFTV>35,480000</MFTV>
    <PRGP>48,120000</PRGP>
    <ROSN>48,120000</ROSN>
    <SLOV>35,480000</SLOV>
    <SVIZ>35,480000</SVIZ>
    <BSP>35,480000</BSP>
    <MALT>48,120000</MALT>
    <XAUS>35,480000</XAUS>
    <XFRA>35,480000</XFRA>
  </Prezzi>
  <Prezzi>
    <Data>20180419</Data>
    <Mercato>MGP</Mercato>
    <Ora>7</Ora>
    <PUN>48,338830</PUN>
    <NAT>48,410000</NAT>
    <CNOR>48,300000</CNOR>
    <CSUD>48,430000</CSUD>
    <NORD>48,300000</NORD>
    <SARD>48,430000</SARD>
    <SICI>48,430000</SICI>
    <SUD>48,430000</SUD>
    <AUST>48,300000</AUST>
    <BRNN>48,430000</BRNN>
    <COAC>48,430000</COAC>
    <CORS>48,430000</CORS>
    <FOGN>48,430000</FOGN>
    <FRAN>48,300000</FRAN>
    <GREC>48,430000</GREC>
    <MFTV>48,300000</MFTV>
    <PRGP>48,430000</PRGP>
    <ROSN>48,430000</ROSN>
    <SLOV>48,300000</SLOV>
    <SVIZ>48,300000</SVIZ>
    <BSP>48,300000</BSP>
    <MALT>48,430000</MALT>
    <XAUS>48,300000</XAUS>
    <XFRA>48,300000</XFRA>
  </Prezzi>
  <Prezzi>
    <Data>20180419</Data>
    <Mercato>MGP</Mercato>
    <Ora>8</Ora>
    <PUN>53,491600</PUN>
    <NAT>53,390000</NAT>
    <CNOR>53,390000</CNOR>
    <CSUD>53,390000</CSUD>
    <NORD>53,390000</NORD>
    <SARD>53,390000</SARD>
    <SICI>55,270000</SICI>
    <SUD>53,390000</SUD>
    <AUST>53,390000</AUST>
    <BRNN>53,390000</BRNN>
    <COAC>53,390000</COAC>
    <CORS>53,390000</CORS>
    <FOGN>53,390000</FOGN>
    <FRAN>53,390000</FRAN>
    <GREC>53,390000</GREC>
    <MFTV>53,390000</MFTV>
    <PRGP>55,270000</PRGP>
    <ROSN>53,390000</ROSN>
    <SLOV>53,390000</SLOV>
    <SVIZ>53,390000</SVIZ>
    <BSP>53,390000</BSP>
    <MALT>55,270000</MALT>
    <XAUS>53,390000</XAUS>
    <XFRA>53,390000</XFRA>
  </Prezzi>
  <Prezzi>
    <Data>20180419</Data>
    <Mercato>MGP</Mercato>
    <Ora>9</Ora>
    <PUN>60,404540</PUN>
    <NAT>60,750000</NAT>
    <CNOR>60,370000</CNOR>
    <CSUD>60,370000</CSUD>
    <NORD>60,370000</NORD>
    <SARD>60,370000</SARD>
    <SICI>61,010000</SICI>
    <SUD>60,370000</SUD>
    <AUST>60,370000</AUST>
    <BRNN>60,370000</BRNN>
    <COAC>60,370000</COAC>
    <CORS>60,370000</CORS>
    <FOGN>60,370000</FOGN>
    <FRAN>60,370000</FRAN>
    <GREC>60,370000</GREC>
    <MFTV>60,370000</MFTV>
    <PRGP>61,010000</PRGP>
    <ROSN>60,370000</ROSN>
    <SLOV>60,370000</SLOV>
    <SVIZ>60,370000</SVIZ>
    <BSP>60,370000</BSP>
    <MALT>61,010000</MALT>
    <XAUS>60,370000</XAUS>
    <XFRA>60,370000</XFRA>
  </Prezzi>
  <Prezzi>
    <Data>20180419</Data>
    <Mercato>MGP</Mercato>
    <Ora>10</Ora>
    <PUN>49,170000</PUN>
    <NAT>49,170000</NAT>
    <CNOR>49,170000</CNOR>
    <CSUD>49,170000</CSUD>
    <NORD>49,170000</NORD>
    <SARD>49,170000</SARD>
    <SICI>49,170000</SICI>
    <SUD>49,170000</SUD>
    <AUST>49,170000</AUST>
    <BRNN>49,170000</BRNN>
    <COAC>49,170000</COAC>
    <CORS>49,170000</CORS>
    <FOGN>49,170000</FOGN>
    <FRAN>49,170000</FRAN>
    <GREC>49,170000</GREC>
    <MFTV>49,170000</MFTV>
    <PRGP>49,170000</PRGP>
    <ROSN>49,170000</ROSN>
    <SLOV>49,170000</SLOV>
    <SVIZ>49,170000</SVIZ>
    <BSP>49,170000</BSP>
    <MALT>49,170000</MALT>
    <XAUS>49,170000</XAUS>
    <XFRA>49,170000</XFRA>
  </Prezzi>
  <Prezzi>
    <Data>20180419</Data>
    <Mercato>MGP</Mercato>
    <Ora>11</Ora>
    <PUN>47,730000</PUN>
    <NAT>47,730000</NAT>
    <CNOR>47,730000</CNOR>
    <CSUD>47,730000</CSUD>
    <NORD>47,730000</NORD>
    <SARD>47,730000</SARD>
    <SICI>47,730000</SICI>
    <SUD>47,730000</SUD>
    <AUST>47,730000</AUST>
    <BRNN>47,730000</BRNN>
    <COAC>47,730000</COAC>
    <CORS>47,730000</CORS>
    <FOGN>47,730000</FOGN>
    <FRAN>47,730000</FRAN>
    <GREC>47,730000</GREC>
    <MFTV>47,730000</MFTV>
    <PRGP>47,730000</PRGP>
    <ROSN>47,730000</ROSN>
    <SLOV>47,730000</SLOV>
    <SVIZ>47,730000</SVIZ>
    <BSP>47,730000</BSP>
    <MALT>47,730000</MALT>
    <XAUS>47,730000</XAUS>
    <XFRA>47,730000</XFRA>
  </Prezzi>
  <Prezzi>
    <Data>20180419</Data>
    <Mercato>MGP</Mercato>
    <Ora>12</Ora>
    <PUN>43,560000</PUN>
    <NAT>43,560000</NAT>
    <CNOR>43,560000</CNOR>
    <CSUD>43,560000</CSUD>
    <NORD>43,560000</NORD>
    <SARD>43,560000</SARD>
    <SICI>43,560000</SICI>
    <SUD>43,560000</SUD>
    <AUST>43,560000</AUST>
    <BRNN>43,560000</BRNN>
    <COAC>43,560000</COAC>
    <CORS>43,560000</CORS>
    <FOGN>43,560000</FOGN>
    <FRAN>43,560000</FRAN>
    <GREC>43,560000</GREC>
    <MFTV>43,560000</MFTV>
    <PRGP>43,560000</PRGP>
    <ROSN>43,560000</ROSN>
    <SLOV>43,560000</SLOV>
    <SVIZ>43,560000</SVIZ>
    <BSP>43,560000</BSP>
    <MALT>43,560000</MALT>
    <XAUS>43,560000</XAUS>
    <XFRA>43,560000</XFRA>
  </Prezzi>
  <Prezzi>
    <Data>20180419</Data>
    <Mercato>MGP</Mercato>
    <Ora>13</Ora>
    <PUN>36,523370</PUN>
    <NAT>36,900000</NAT>
    <CNOR>36,523370</CNOR>
    <CSUD>36,523370</CSUD>
    <NORD>36,523370</NORD>
    <SARD>36,523370</SARD>
    <SICI>36,523370</SICI>
    <SUD>36,523370</SUD>
    <AUST>36,523370</AUST>
    <BRNN>36,523370</BRNN>
    <COAC>36,523370</COAC>
    <CORS>36,523370</CORS>
    <FOGN>36,523370</FOGN>
    <FRAN>36,523370</FRAN>
    <GREC>36,523370</GREC>
    <MFTV>36,523370</MFTV>
    <PRGP>36,523370</PRGP>
    <ROSN>36,523370</ROSN>
    <SLOV>36,523370</SLOV>
    <SVIZ>36,523370</SVIZ>
    <BSP>36,523370</BSP>
    <MALT>36,523370</MALT>
    <XAUS>36,523370</XAUS>
    <XFRA>36,523370</XFRA>
  </Prezzi>
  <Prezzi>
    <Data>20180419</Data>
    <Mercato>MGP</Mercato>
    <Ora>14</Ora>
    <PUN>34,372270</PUN>
    <NAT>33,900000</NAT>
    <CNOR>34,372270</CNOR>
    <CSUD>34,372270</CSUD>
    <NORD>34,372270</NORD>
    <SARD>34,372270</SARD>
    <SICI>34,372270</SICI>
    <SUD>34,372270</SUD>
    <AUST>34,372270</AUST>
    <BRNN>34,372270</BRNN>
    <COAC>34,372270</COAC>
    <CORS>34,372270</CORS>
    <FOGN>34,372270</FOGN>
    <FRAN>34,372270</FRAN>
    <GREC>34,372270</GREC>
    <MFTV>34,372270</MFTV>
    <PRGP>34,372270</PRGP>
    <ROSN>34,372270</ROSN>
    <SLOV>34,372270</SLOV>
    <SVIZ>34,372270</SVIZ>
    <BSP>34,372270</BSP>
    <MALT>34,372270</MALT>
    <XAUS>34,372270</XAUS>
    <XFRA>34,372270</XFRA>
  </Prezzi>
  <Prezzi>
    <Data>20180419</Data>
    <Mercato>MGP</Mercato>
    <Ora>15</Ora>
    <PUN>35,545140</PUN>
    <NAT>35,300000</NAT>
    <CNOR>35,545140</CNOR>
    <CSUD>35,545140</CSUD>
    <NORD>35,545140</NORD>
    <SARD>35,545140</SARD>
    <SICI>35,545140</SICI>
    <SUD>35,545140</SUD>
    <AUST>35,545140</AUST>
    <BRNN>35,545140</BRNN>
    <COAC>35,545140</COAC>
    <CORS>35,545140</CORS>
    <FOGN>35,545140</FOGN>
    <FRAN>35,545140</FRAN>
    <GREC>35,545140</GREC>
    <MFTV>35,545140</MFTV>
    <PRGP>35,545140</PRGP>
    <ROSN>35,545140</ROSN>
    <SLOV>35,545140</SLOV>
    <SVIZ>35,545140</SVIZ>
    <BSP>35,545140</BSP>
    <MALT>35,545140</MALT>
    <XAUS>35,545140</XAUS>
    <XFRA>35,545140</XFRA>
  </Prezzi>
  <Prezzi>
    <Data>20180419</Data>
    <Mercato>MGP</Mercato>
    <Ora>16</Ora>
    <PUN>41,850000</PUN>
    <NAT>41,850000</NAT>
    <CNOR>41,850000</CNOR>
    <CSUD>41,850000</CSUD>
    <NORD>41,850000</NORD>
    <SARD>41,850000</SARD>
    <SICI>41,850000</SICI>
    <SUD>41,850000</SUD>
    <AUST>41,850000</AUST>
    <BRNN>41,850000</BRNN>
    <COAC>41,850000</COAC>
    <CORS>41,850000</CORS>
    <FOGN>41,850000</FOGN>
    <FRAN>41,850000</FRAN>
    <GREC>41,850000</GREC>
    <MFTV>41,850000</MFTV>
    <PRGP>41,850000</PRGP>
    <ROSN>41,850000</ROSN>
    <SLOV>41,850000</SLOV>
    <SVIZ>41,850000</SVIZ>
    <BSP>41,850000</BSP>
    <MALT>41,850000</MALT>
    <XAUS>41,850000</XAUS>
    <XFRA>41,850000</XFRA>
  </Prezzi>
  <Prezzi>
    <Data>20180419</Data>
    <Mercato>MGP</Mercato>
    <Ora>17</Ora>
    <PUN>46,470000</PUN>
    <NAT>46,470000</NAT>
    <CNOR>46,470000</CNOR>
    <CSUD>46,470000</CSUD>
    <NORD>46,470000</NORD>
    <SARD>46,470000</SARD>
    <SICI>46,470000</SICI>
    <SUD>46,470000</SUD>
    <AUST>46,470000</AUST>
    <BRNN>46,470000</BRNN>
    <COAC>46,470000</COAC>
    <CORS>46,470000</CORS>
    <FOGN>46,470000</FOGN>
    <FRAN>46,470000</FRAN>
    <GREC>46,470000</GREC>
    <MFTV>46,470000</MFTV>
    <PRGP>46,470000</PRGP>
    <ROSN>46,470000</ROSN>
    <SLOV>46,470000</SLOV>
    <SVIZ>46,470000</SVIZ>
    <BSP>46,470000</BSP>
    <MALT>46,470000</MALT>
    <XAUS>46,470000</XAUS>
    <XFRA>46,470000</XFRA>
  </Prezzi>
  <Prezzi>
    <Data>20180419</Data>
    <Mercato>MGP</Mercato>
    <Ora>18</Ora>
    <PUN>48,180000</PUN>
    <NAT>48,180000</NAT>
    <CNOR>48,180000</CNOR>
    <CSUD>48,180000</CSUD>
    <NORD>48,180000</NORD>
    <SARD>48,180000</SARD>
    <SICI>48,180000</SICI>
    <SUD>48,180000</SUD>
    <AUST>48,180000</AUST>
    <BRNN>48,180000</BRNN>
    <COAC>48,180000</COAC>
    <CORS>48,180000</CORS>
    <FOGN>48,180000</FOGN>
    <FRAN>48,180000</FRAN>
    <GREC>48,180000</GREC>
    <MFTV>48,180000</MFTV>
    <PRGP>48,180000</PRGP>
    <ROSN>48,180000</ROSN>
    <SLOV>48,180000</SLOV>
    <SVIZ>48,180000</SVIZ>
    <BSP>48,180000</BSP>
    <MALT>48,180000</MALT>
    <XAUS>48,180000</XAUS>
    <XFRA>48,180000</XFRA>
  </Prezzi>
  <Prezzi>
    <Data>20180419</Data>
    <Mercato>MGP</Mercato>
    <Ora>19</Ora>
    <PUN>50,736010</PUN>
    <NAT>50,130000</NAT>
    <CNOR>50,130000</CNOR>
    <CSUD>50,130000</CSUD>
    <NORD>50,130000</NORD>
    <SARD>50,130000</SARD>
    <SICI>61,010000</SICI>
    <SUD>50,130000</SUD>
    <AUST>50,130000</AUST>
    <BRNN>50,130000</BRNN>
    <COAC>50,130000</COAC>
    <CORS>50,130000</CORS>
    <FOGN>50,130000</FOGN>
    <FRAN>50,130000</FRAN>
    <GREC>50,130000</GREC>
    <MFTV>50,130000</MFTV>
    <PRGP>61,010000</PRGP>
    <ROSN>50,130000</ROSN>
    <SLOV>50,130000</SLOV>
    <SVIZ>50,130000</SVIZ>
    <BSP>50,130000</BSP>
    <MALT>61,010000</MALT>
    <XAUS>50,130000</XAUS>
    <XFRA>50,130000</XFRA>
  </Prezzi>
  <Prezzi>
    <Data>20180419</Data>
    <Mercato>MGP</Mercato>
    <Ora>20</Ora>
    <PUN>60,740060</PUN>
    <NAT>60,370000</NAT>
    <CNOR>59,410000</CNOR>
    <CSUD>61,740000</CSUD>
    <NORD>57,560000</NORD>
    <SARD>61,740000</SARD>
    <SICI>88,990000</SICI>
    <SUD>61,740000</SUD>
    <AUST>57,560000</AUST>
    <BRNN>61,740000</BRNN>
    <COAC>61,740000</COAC>
    <CORS>61,740000</CORS>
    <FOGN>61,740000</FOGN>
    <FRAN>57,560000</FRAN>
    <GREC>61,740000</GREC>
    <MFTV>57,560000</MFTV>
    <PRGP>88,990000</PRGP>
    <ROSN>61,740000</ROSN>
    <SLOV>57,560000</SLOV>
    <SVIZ>57,560000</SVIZ>
    <BSP>57,560000</BSP>
    <MALT>88,990000</MALT>
    <XAUS>57,560000</XAUS>
    <XFRA>57,560000</XFRA>
  </Prezzi>
  <Prezzi>
    <Data>20180419</Data>
    <Mercato>MGP</Mercato>
    <Ora>21</Ora>
    <PUN>66,443040</PUN>
    <NAT>64,550000</NAT>
    <CNOR>60,370000</CNOR>
    <CSUD>74,980000</CSUD>
    <NORD>60,370000</NORD>
    <SARD>74,980000</SARD>
    <SICI>92,620000</SICI>
    <SUD>74,980000</SUD>
    <AUST>60,370000</AUST>
    <BRNN>74,980000</BRNN>
    <COAC>74,980000</COAC>
    <CORS>74,980000</CORS>
    <FOGN>74,980000</FOGN>
    <FRAN>60,370000</FRAN>
    <GREC>74,980000</GREC>
    <MFTV>60,370000</MFTV>
    <PRGP>92,620000</PRGP>
    <ROSN>74,980000</ROSN>
    <SLOV>60,370000</SLOV>
    <SVIZ>60,370000</SVIZ>
    <BSP>60,370000</BSP>
    <MALT>92,620000</MALT>
    <XAUS>60,370000</XAUS>
    <XFRA>60,370000</XFRA>
  </Prezzi>
  <Prezzi>
    <Data>20180419</Data>
    <Mercato>MGP</Mercato>
    <Ora>22</Ora>
    <PUN>56,210330</PUN>
    <NAT>55,000000</NAT>
    <CNOR>54,990000</CNOR>
    <CSUD>54,990000</CSUD>
    <NORD>53,000000</NORD>
    <SARD>54,990000</SARD>
    <SICI>92,500000</SICI>
    <SUD>54,990000</SUD>
    <AUST>53,000000</AUST>
    <BRNN>54,990000</BRNN>
    <COAC>54,990000</COAC>
    <CORS>54,990000</CORS>
    <FOGN>54,990000</FOGN>
    <FRAN>53,000000</FRAN>
    <GREC>54,990000</GREC>
    <MFTV>53,000000</MFTV>
    <PRGP>92,500000</PRGP>
    <ROSN>54,990000</ROSN>
    <SLOV>53,000000</SLOV>
    <SVIZ>53,000000</SVIZ>
    <BSP>53,000000</BSP>
    <MALT>92,500000</MALT>
    <XAUS>53,000000</XAUS>
    <XFRA>53,000000</XFRA>
  </Prezzi>
  <Prezzi>
    <Data>20180419</Data>
    <Mercato>MGP</Mercato>
    <Ora>23</Ora>
    <PUN>49,280050</PUN>
    <NAT>49,150000</NAT>
    <CNOR>49,780000</CNOR>
    <CSUD>49,780000</CSUD>
    <NORD>46,370000</NORD>
    <SARD>49,780000</SARD>
    <SICI>72,000000</SICI>
    <SUD>49,780000</SUD>
    <AUST>46,370000</AUST>
    <BRNN>49,780000</BRNN>
    <COAC>49,780000</COAC>
    <CORS>49,780000</CORS>
    <FOGN>49,780000</FOGN>
    <FRAN>46,370000</FRAN>
    <GREC>49,780000</GREC>
    <MFTV>46,370000</MFTV>
    <PRGP>72,000000</PRGP>
    <ROSN>49,780000</ROSN>
    <SLOV>46,370000</SLOV>
    <SVIZ>46,370000</SVIZ>
    <BSP>46,370000</BSP>
    <MALT>72,000000</MALT>
    <XAUS>46,370000</XAUS>
    <XFRA>46,370000</XFRA>
  </Prezzi>
  <Prezzi>
    <Data>20180419</Data>
    <Mercato>MGP</Mercato>
    <Ora>24</Ora>
    <PUN>46,404760</PUN>
    <NAT>45,560000</NAT>
    <CNOR>45,000000</CNOR>
    <CSUD>47,850000</CSUD>
    <NORD>45,000000</NORD>
    <SARD>47,850000</SARD>
    <SICI>55,000000</SICI>
    <SUD>47,850000</SUD>
    <AUST>45,000000</AUST>
    <BRNN>47,850000</BRNN>
    <COAC>47,850000</COAC>
    <CORS>47,850000</CORS>
    <FOGN>47,850000</FOGN>
    <FRAN>45,000000</FRAN>
    <GREC>47,850000</GREC>
    <MFTV>45,000000</MFTV>
    <PRGP>55,000000</PRGP>
    <ROSN>47,850000</ROSN>
    <SLOV>45,000000</SLOV>
    <SVIZ>45,000000</SVIZ>
    <BSP>45,000000</BSP>
    <MALT>55,000000</MALT>
    <XAUS>45,000000</XAUS>
    <XFRA>45,000000</XFRA>
  </Prezzi>
</NewDataSet>