<?xml version="1.0" standalone="yes"?>
<NewDataSet>
  <xs:schema id="NewDataSet" xmlns="" xmlns:xs="http://www.w3.org/2001/XMLSchema" xmlns:msdata="urn:schemas-microsoft-com:xml-msdata">
    <xs:element name="NewDataSet" msdata:IsDataSet="true" msdata:UseCurrentLocale="true">
      <xs:complexType>
        <xs:choice minOccurs="0" maxOccurs="unbounded">
          <xs:element name="Prezzi">
            <xs:complexType>
              <xs:sequence>
                <xs:element name="Data" type="xs:string" minOccurs="0" />
                <xs:element name="Mercato" type="xs:string" minOccurs="0" />
                <xs:element name="Ora" type="xs:string" minOccurs="0" />
                <xs:element name="PUN" type="xs:string" minOccurs="0" />
                <xs:element name="NAT" type="xs:string" minOccurs="0" />
                <xs:element name="CNOR" type="xs:string" minOccurs="0" />
                <xs:element name="CSUD" type="xs:string" minOccurs="0" />
                <xs:element name="NORD" type="xs:string" minOccurs="0" />
                <xs:element name="SARD" type="xs:string" minOccurs="0" />
                <xs:element name="SICI" type="xs:string" minOccurs="0" />
                <xs:element name="SUD" type="xs:string" minOccurs="0" />
                <xs:element name="AUST" type="xs:string" minOccurs="0" />
                <xs:element name="BRNN" type="xs:string" minOccurs="0" />
                <xs:element name="COAC" type="xs:string" minOccurs="0" />
                <xs:element name="CORS" type="xs:string" minOccurs="0" />
                <xs:element name="FOGN" type="xs:string" minOccurs="0" />
                <xs:element name="FRAN" type="xs:string" minOccurs="0" />
                <xs:element name="GREC" type="xs:string" minOccurs="0" />
                <xs:element name="MFTV" type="xs:string" minOccurs="0" />
                <xs:element name="PRGP" type="xs:string" minOccurs="0" />
                <xs:element name="ROSN" type="xs:string" minOccurs="0" />
                <xs:element name="SLOV" type="xs:string" minOccurs="0" />
                <xs:element name="SVIZ" type="xs:string" minOccurs="0" />
                <xs:element name="BSP" type="xs:string" minOccurs="0" />
                <xs:element name="MALT" type="xs:string" minOccurs="0" />
                <xs:element name="XAUS" type="xs:string" minOccurs="0" />
                <xs:element name="XFRA" type="xs:string" minOccurs="0" />
              </xs:sequence>
            </xs:complexType>
          </xs:element>
        </xs:choice>
      </xs:complexType>
    </xs:element>
  </xs:schema>
  <Prezzi>
    <Data>20180421</Data>
    <Mercato>MGP</Mercato>
    <Ora>1</Ora>
    <PUN>48,410000</PUN>
    <NAT>48,410000</NAT>
    <CNOR>48,410000</CNOR>
    <CSUD>48,410000</CSUD>
    <NORD>48,410000</NORD>
    <SARD>48,410000</SARD>
    <SICI>48,410000</SICI>
    <SUD>48,410000</SUD>
    <AUST>48,410000</AUST>
    <BRNN>48,410000</BRNN>
    <COAC>48,410000</COAC>
    <CORS>48,410000</CORS>
    <FOGN>48,410000</FOGN>
    <FRAN>48,410000</FRAN>
    <GREC>48,410000</GREC>
    <MFTV>48,410000</MFTV>
    <PRGP>48,410000</PRGP>
    <ROSN>48,410000</ROSN>
    <SLOV>48,410000</SLOV>
    <SVIZ>48,410000</SVIZ>
    <BSP>48,410000</BSP>
    <MALT>48,410000</MALT>
    <XAUS>48,410000</XAUS>
    <XFRA>48,410000</XFRA>
  </Prezzi>
  <Prezzi>
    <Data>20180421</Data>
    <Mercato>MGP</Mercato>
    <Ora>2</Ora>
    <PUN>45,480000</PUN>
    <NAT>45,480000</NAT>
    <CNOR>45,480000</CNOR>
    <CSUD>45,480000</CSUD>
    <NORD>45,480000</NORD>
    <SARD>45,480000</SARD>
    <SICI>45,480000</SICI>
    <SUD>45,480000</SUD>
    <AUST>45,480000</AUST>
    <BRNN>45,480000</BRNN>
    <COAC>45,480000</COAC>
    <CORS>45,480000</CORS>
    <FOGN>45,480000</FOGN>
    <FRAN>45,480000</FRAN>
    <GREC>45,480000</GREC>
    <MFTV>45,480000</MFTV>
    <PRGP>45,480000</PRGP>
    <ROSN>45,480000</ROSN>
    <SLOV>45,480000</SLOV>
    <SVIZ>45,480000</SVIZ>
    <BSP>45,480000</BSP>
    <MALT>45,480000</MALT>
    <XAUS>45,480000</XAUS>
    <XFRA>45,480000</XFRA>
  </Prezzi>
  <Prezzi>
    <Data>20180421</Data>
    <Mercato>MGP</Mercato>
    <Ora>3</Ora>
    <PUN>40,940000</PUN>
    <NAT>40,940000</NAT>
    <CNOR>40,940000</CNOR>
    <CSUD>40,940000</CSUD>
    <NORD>40,940000</NORD>
    <SARD>40,940000</SARD>
    <SICI>40,940000</SICI>
    <SUD>40,940000</SUD>
    <AUST>40,940000</AUST>
    <BRNN>40,940000</BRNN>
    <COAC>40,940000</COAC>
    <CORS>40,940000</CORS>
    <FOGN>40,940000</FOGN>
    <FRAN>40,940000</FRAN>
    <GREC>40,940000</GREC>
    <MFTV>40,940000</MFTV>
    <PRGP>40,940000</PRGP>
    <ROSN>40,940000</ROSN>
    <SLOV>40,940000</SLOV>
    <SVIZ>40,940000</SVIZ>
    <BSP>40,940000</BSP>
    <MALT>40,940000</MALT>
    <XAUS>40,940000</XAUS>
    <XFRA>40,940000</XFRA>
  </Prezzi>
  <Prezzi>
    <Data>20180421</Data>
    <Mercato>MGP</Mercato>
    <Ora>4</Ora>
    <PUN>44,740000</PUN>
    <NAT>44,740000</NAT>
    <CNOR>44,740000</CNOR>
    <CSUD>44,740000</CSUD>
    <NORD>44,740000</NORD>
    <SARD>44,740000</SARD>
    <SICI>44,740000</SICI>
    <SUD>44,740000</SUD>
    <AUST>44,740000</AUST>
    <BRNN>44,740000</BRNN>
    <COAC>44,740000</COAC>
    <CORS>44,740000</CORS>
    <FOGN>44,740000</FOGN>
    <FRAN>44,740000</FRAN>
    <GREC>44,740000</GREC>
    <MFTV>44,740000</MFTV>
    <PRGP>44,740000</PRGP>
    <ROSN>44,740000</ROSN>
    <SLOV>44,740000</SLOV>
    <SVIZ>44,740000</SVIZ>
    <BSP>44,740000</BSP>
    <MALT>44,740000</MALT>
    <XAUS>44,740000</XAUS>
    <XFRA>44,740000</XFRA>
  </Prezzi>
  <Prezzi>
    <Data>20180421</Data>
    <Mercato>MGP</Mercato>
    <Ora>5</Ora>
    <PUN>45,470000</PUN>
    <NAT>45,470000</NAT>
    <CNOR>45,470000</CNOR>
    <CSUD>45,470000</CSUD>
    <NORD>45,470000</NORD>
    <SARD>45,470000</SARD>
    <SICI>45,470000</SICI>
    <SUD>45,470000</SUD>
    <AUST>45,470000</AUST>
    <BRNN>45,470000</BRNN>
    <COAC>45,470000</COAC>
    <CORS>45,470000</CORS>
    <FOGN>45,470000</FOGN>
    <FRAN>45,470000</FRAN>
    <GREC>45,470000</GREC>
    <MFTV>45,470000</MFTV>
    <PRGP>45,470000</PRGP>
    <ROSN>45,470000</ROSN>
    <SLOV>45,470000</SLOV>
    <SVIZ>45,470000</SVIZ>
    <BSP>45,470000</BSP>
    <MALT>45,470000</MALT>
    <XAUS>45,470000</XAUS>
    <XFRA>45,470000</XFRA>
  </Prezzi>
  <Prezzi>
    <Data>20180421</Data>
    <Mercato>MGP</Mercato>
    <Ora>6</Ora>
    <PUN>46,768930</PUN>
    <NAT>46,980000</NAT>
    <CNOR>45,990000</CNOR>
    <CSUD>48,410000</CSUD>
    <NORD>45,990000</NORD>
    <SARD>48,410000</SARD>
    <SICI>48,410000</SICI>
    <SUD>48,410000</SUD>
    <AUST>45,990000</AUST>
    <BRNN>48,410000</BRNN>
    <COAC>48,410000</COAC>
    <CORS>48,410000</CORS>
    <FOGN>48,410000</FOGN>
    <FRAN>45,990000</FRAN>
    <GREC>48,410000</GREC>
    <MFTV>45,990000</MFTV>
    <PRGP>48,410000</PRGP>
    <ROSN>48,410000</ROSN>
    <SLOV>45,990000</SLOV>
    <SVIZ>45,990000</SVIZ>
    <BSP>45,990000</BSP>
    <MALT>48,410000</MALT>
    <XAUS>45,990000</XAUS>
    <XFRA>45,990000</XFRA>
  </Prezzi>
  <Prezzi>
    <Data>20180421</Data>
    <Mercato>MGP</Mercato>
    <Ora>7</Ora>
    <PUN>44,965820</PUN>
    <NAT>45,930000</NAT>
    <CNOR>42,690000</CNOR>
    <CSUD>49,850000</CSUD>
    <NORD>42,690000</NORD>
    <SARD>49,850000</SARD>
    <SICI>49,850000</SICI>
    <SUD>49,850000</SUD>
    <AUST>42,690000</AUST>
    <BRNN>49,850000</BRNN>
    <COAC>49,850000</COAC>
    <CORS>49,850000</CORS>
    <FOGN>49,850000</FOGN>
    <FRAN>42,690000</FRAN>
    <GREC>49,850000</GREC>
    <MFTV>42,690000</MFTV>
    <PRGP>49,850000</PRGP>
    <ROSN>49,850000</ROSN>
    <SLOV>42,690000</SLOV>
    <SVIZ>42,690000</SVIZ>
    <BSP>42,690000</BSP>
    <MALT>49,850000</MALT>
    <XAUS>42,690000</XAUS>
    <XFRA>42,690000</XFRA>
  </Prezzi>
  <Prezzi>
    <Data>20180421</Data>
    <Mercato>MGP</Mercato>
    <Ora>8</Ora>
    <PUN>51,972410</PUN>
    <NAT>51,230000</NAT>
    <CNOR>51,230000</CNOR>
    <CSUD>53,500000</CSUD>
    <NORD>51,230000</NORD>
    <SARD>53,500000</SARD>
    <SICI>53,500000</SICI>
    <SUD>53,500000</SUD>
    <AUST>51,230000</AUST>
    <BRNN>53,500000</BRNN>
    <COAC>53,500000</COAC>
    <CORS>53,500000</CORS>
    <FOGN>53,500000</FOGN>
    <FRAN>51,230000</FRAN>
    <GREC>53,500000</GREC>
    <MFTV>51,230000</MFTV>
    <PRGP>53,500000</PRGP>
    <ROSN>53,500000</ROSN>
    <SLOV>51,230000</SLOV>
    <SVIZ>51,230000</SVIZ>
    <BSP>51,230000</BSP>
    <MALT>53,500000</MALT>
    <XAUS>51,230000</XAUS>
    <XFRA>51,230000</XFRA>
  </Prezzi>
  <Prezzi>
    <Data>20180421</Data>
    <Mercato>MGP</Mercato>
    <Ora>9</Ora>
    <PUN>59,110000</PUN>
    <NAT>59,110000</NAT>
    <CNOR>59,110000</CNOR>
    <CSUD>59,110000</CSUD>
    <NORD>59,110000</NORD>
    <SARD>59,110000</SARD>
    <SICI>59,110000</SICI>
    <SUD>59,110000</SUD>
    <AUST>59,110000</AUST>
    <BRNN>59,110000</BRNN>
    <COAC>59,110000</COAC>
    <CORS>59,110000</CORS>
    <FOGN>59,110000</FOGN>
    <FRAN>59,110000</FRAN>
    <GREC>59,110000</GREC>
    <MFTV>59,110000</MFTV>
    <PRGP>59,110000</PRGP>
    <ROSN>59,110000</ROSN>
    <SLOV>59,110000</SLOV>
    <SVIZ>59,110000</SVIZ>
    <BSP>59,110000</BSP>
    <MALT>59,110000</MALT>
    <XAUS>59,110000</XAUS>
    <XFRA>59,110000</XFRA>
  </Prezzi>
  <Prezzi>
    <Data>20180421</Data>
    <Mercato>MGP</Mercato>
    <Ora>10</Ora>
    <PUN>59,110000</PUN>
    <NAT>59,110000</NAT>
    <CNOR>59,110000</CNOR>
    <CSUD>59,110000</CSUD>
    <NORD>59,110000</NORD>
    <SARD>59,110000</SARD>
    <SICI>59,110000</SICI>
    <SUD>59,110000</SUD>
    <AUST>59,110000</AUST>
    <BRNN>59,110000</BRNN>
    <COAC>59,110000</COAC>
    <CORS>59,110000</CORS>
    <FOGN>59,110000</FOGN>
    <FRAN>59,110000</FRAN>
    <GREC>59,110000</GREC>
    <MFTV>59,110000</MFTV>
    <PRGP>59,110000</PRGP>
    <ROSN>59,110000</ROSN>
    <SLOV>59,110000</SLOV>
    <SVIZ>59,110000</SVIZ>
    <BSP>59,110000</BSP>
    <MALT>59,110000</MALT>
    <XAUS>59,110000</XAUS>
    <XFRA>59,110000</XFRA>
  </Prezzi>
  <Prezzi>
    <Data>20180421</Data>
    <Mercato>MGP</Mercato>
    <Ora>11</Ora>
    <PUN>50,130000</PUN>
    <NAT>50,130000</NAT>
    <CNOR>50,130000</CNOR>
    <CSUD>50,130000</CSUD>
    <NORD>50,130000</NORD>
    <SARD>50,130000</SARD>
    <SICI>50,130000</SICI>
    <SUD>50,130000</SUD>
    <AUST>50,130000</AUST>
    <BRNN>50,130000</BRNN>
    <COAC>50,130000</COAC>
    <CORS>50,130000</CORS>
    <FOGN>50,130000</FOGN>
    <FRAN>50,130000</FRAN>
    <GREC>50,130000</GREC>
    <MFTV>50,130000</MFTV>
    <PRGP>50,130000</PRGP>
    <ROSN>50,130000</ROSN>
    <SLOV>50,130000</SLOV>
    <SVIZ>50,130000</SVIZ>
    <BSP>50,130000</BSP>
    <MALT>50,130000</MALT>
    <XAUS>50,130000</XAUS>
    <XFRA>50,130000</XFRA>
  </Prezzi>
  <Prezzi>
    <Data>20180421</Data>
    <Mercato>MGP</Mercato>
    <Ora>12</Ora>
    <PUN>48,410000</PUN>
    <NAT>48,410000</NAT>
    <CNOR>48,410000</CNOR>
    <CSUD>48,410000</CSUD>
    <NORD>48,410000</NORD>
    <SARD>48,410000</SARD>
    <SICI>48,410000</SICI>
    <SUD>48,410000</SUD>
    <AUST>48,410000</AUST>
    <BRNN>48,410000</BRNN>
    <COAC>48,410000</COAC>
    <CORS>48,410000</CORS>
    <FOGN>48,410000</FOGN>
    <FRAN>48,410000</FRAN>
    <GREC>48,410000</GREC>
    <MFTV>48,410000</MFTV>
    <PRGP>48,410000</PRGP>
    <ROSN>48,410000</ROSN>
    <SLOV>48,410000</SLOV>
    <SVIZ>48,410000</SVIZ>
    <BSP>48,410000</BSP>
    <MALT>48,410000</MALT>
    <XAUS>48,410000</XAUS>
    <XFRA>48,410000</XFRA>
  </Prezzi>
  <Prezzi>
    <Data>20180421</Data>
    <Mercato>MGP</Mercato>
    <Ora>13</Ora>
    <PUN>41,550000</PUN>
    <NAT>41,550000</NAT>
    <CNOR>41,550000</CNOR>
    <CSUD>41,550000</CSUD>
    <NORD>41,550000</NORD>
    <SARD>41,550000</SARD>
    <SICI>41,550000</SICI>
    <SUD>41,550000</SUD>
    <AUST>41,550000</AUST>
    <BRNN>41,550000</BRNN>
    <COAC>41,550000</COAC>
    <CORS>41,550000</CORS>
    <FOGN>41,550000</FOGN>
    <FRAN>41,550000</FRAN>
    <GREC>41,550000</GREC>
    <MFTV>41,550000</MFTV>
    <PRGP>41,550000</PRGP>
    <ROSN>41,550000</ROSN>
    <SLOV>41,550000</SLOV>
    <SVIZ>41,550000</SVIZ>
    <BSP>41,550000</BSP>
    <MALT>41,550000</MALT>
    <XAUS>41,550000</XAUS>
    <XFRA>41,550000</XFRA>
  </Prezzi>
  <Prezzi>
    <Data>20180421</Data>
    <Mercato>MGP</Mercato>
    <Ora>14</Ora>
    <PUN>30,970000</PUN>
    <NAT>30,970000</NAT>
    <CNOR>30,970000</CNOR>
    <CSUD>30,970000</CSUD>
    <NORD>30,970000</NORD>
    <SARD>30,970000</SARD>
    <SICI>30,970000</SICI>
    <SUD>30,970000</SUD>
    <AUST>30,970000</AUST>
    <BRNN>30,970000</BRNN>
    <COAC>30,970000</COAC>
    <CORS>30,970000</CORS>
    <FOGN>30,970000</FOGN>
    <FRAN>30,970000</FRAN>
    <GREC>30,970000</GREC>
    <MFTV>30,970000</MFTV>
    <PRGP>30,970000</PRGP>
    <ROSN>30,970000</ROSN>
    <SLOV>30,970000</SLOV>
    <SVIZ>30,970000</SVIZ>
    <BSP>30,970000</BSP>
    <MALT>30,970000</MALT>
    <XAUS>30,970000</XAUS>
    <XFRA>30,970000</XFRA>
  </Prezzi>
  <Prezzi>
    <Data>20180421</Data>
    <Mercato>MGP</Mercato>
    <Ora>15</Ora>
    <PUN>30,000000</PUN>
    <NAT>30,000000</NAT>
    <CNOR>30,000000</CNOR>
    <CSUD>30,000000</CSUD>
    <NORD>30,000000</NORD>
    <SARD>30,000000</SARD>
    <SICI>30,000000</SICI>
    <SUD>30,000000</SUD>
    <AUST>30,000000</AUST>
    <BRNN>30,000000</BRNN>
    <COAC>30,000000</COAC>
    <CORS>30,000000</CORS>
    <FOGN>30,000000</FOGN>
    <FRAN>30,000000</FRAN>
    <GREC>30,000000</GREC>
    <MFTV>30,000000</MFTV>
    <PRGP>30,000000</PRGP>
    <ROSN>30,000000</ROSN>
    <SLOV>30,000000</SLOV>
    <SVIZ>30,000000</SVIZ>
    <BSP>30,000000</BSP>
    <MALT>30,000000</MALT>
    <XAUS>30,000000</XAUS>
    <XFRA>30,000000</XFRA>
  </Prezzi>
  <Prezzi>
    <Data>20180421</Data>
    <Mercato>MGP</Mercato>
    <Ora>16</Ora>
    <PUN>35,920000</PUN>
    <NAT>35,920000</NAT>
    <CNOR>35,920000</CNOR>
    <CSUD>35,920000</CSUD>
    <NORD>35,920000</NORD>
    <SARD>35,920000</SARD>
    <SICI>35,920000</SICI>
    <SUD>35,920000</SUD>
    <AUST>35,920000</AUST>
    <BRNN>35,920000</BRNN>
    <COAC>35,920000</COAC>
    <CORS>35,920000</CORS>
    <FOGN>35,920000</FOGN>
    <FRAN>35,920000</FRAN>
    <GREC>35,920000</GREC>
    <MFTV>35,920000</MFTV>
    <PRGP>35,920000</PRGP>
    <ROSN>35,920000</ROSN>
    <SLOV>35,920000</SLOV>
    <SVIZ>35,920000</SVIZ>
    <BSP>35,920000</BSP>
    <MALT>35,920000</MALT>
    <XAUS>35,920000</XAUS>
    <XFRA>35,920000</XFRA>
  </Prezzi>
  <Prezzi>
    <Data>20180421</Data>
    <Mercato>MGP</Mercato>
    <Ora>17</Ora>
    <PUN>48,410000</PUN>
    <NAT>48,410000</NAT>
    <CNOR>48,410000</CNOR>
    <CSUD>48,410000</CSUD>
    <NORD>48,410000</NORD>
    <SARD>48,410000</SARD>
    <SICI>48,410000</SICI>
    <SUD>48,410000</SUD>
    <AUST>48,410000</AUST>
    <BRNN>48,410000</BRNN>
    <COAC>48,410000</COAC>
    <CORS>48,410000</CORS>
    <FOGN>48,410000</FOGN>
    <FRAN>48,410000</FRAN>
    <GREC>48,410000</GREC>
    <MFTV>48,410000</MFTV>
    <PRGP>48,410000</PRGP>
    <ROSN>48,410000</ROSN>
    <SLOV>48,410000</SLOV>
    <SVIZ>48,410000</SVIZ>
    <BSP>48,410000</BSP>
    <MALT>48,410000</MALT>
    <XAUS>48,410000</XAUS>
    <XFRA>48,410000</XFRA>
  </Prezzi>
  <Prezzi>
    <Data>20180421</Data>
    <Mercato>MGP</Mercato>
    <Ora>18</Ora>
    <PUN>50,104620</PUN>
    <NAT>50,100000</NAT>
    <CNOR>50,100000</CNOR>
    <CSUD>50,100000</CSUD>
    <NORD>50,100000</NORD>
    <SARD>50,100000</SARD>
    <SICI>50,170000</SICI>
    <SUD>50,100000</SUD>
    <AUST>50,100000</AUST>
    <BRNN>50,100000</BRNN>
    <COAC>50,100000</COAC>
    <CORS>50,100000</CORS>
    <FOGN>50,100000</FOGN>
    <FRAN>50,100000</FRAN>
    <GREC>50,100000</GREC>
    <MFTV>50,100000</MFTV>
    <PRGP>50,170000</PRGP>
    <ROSN>50,100000</ROSN>
    <SLOV>50,100000</SLOV>
    <SVIZ>50,100000</SVIZ>
    <BSP>50,100000</BSP>
    <MALT>50,170000</MALT>
    <XAUS>50,100000</XAUS>
    <XFRA>50,100000</XFRA>
  </Prezzi>
  <Prezzi>
    <Data>20180421</Data>
    <Mercato>MGP</Mercato>
    <Ora>19</Ora>
    <PUN>54,696450</PUN>
    <NAT>55,790000</NAT>
    <CNOR>54,120000</CNOR>
    <CSUD>54,120000</CSUD>
    <NORD>54,120000</NORD>
    <SARD>54,120000</SARD>
    <SICI>62,930000</SICI>
    <SUD>54,120000</SUD>
    <AUST>54,120000</AUST>
    <BRNN>54,120000</BRNN>
    <COAC>54,120000</COAC>
    <CORS>54,120000</CORS>
    <FOGN>54,120000</FOGN>
    <FRAN>54,120000</FRAN>
    <GREC>54,120000</GREC>
    <MFTV>54,120000</MFTV>
    <PRGP>62,930000</PRGP>
    <ROSN>54,120000</ROSN>
    <SLOV>54,120000</SLOV>
    <SVIZ>54,120000</SVIZ>
    <BSP>54,120000</BSP>
    <MALT>62,930000</MALT>
    <XAUS>54,120000</XAUS>
    <XFRA>54,120000</XFRA>
  </Prezzi>
  <Prezzi>
    <Data>20180421</Data>
    <Mercato>MGP</Mercato>
    <Ora>20</Ora>
    <PUN>65,062160</PUN>
    <NAT>62,360000</NAT>
    <CNOR>57,450000</CNOR>
    <CSUD>75,320000</CSUD>
    <NORD>57,450000</NORD>
    <SARD>75,320000</SARD>
    <SICI>92,500000</SICI>
    <SUD>75,320000</SUD>
    <AUST>57,450000</AUST>
    <BRNN>75,320000</BRNN>
    <COAC>75,320000</COAC>
    <CORS>75,320000</CORS>
    <FOGN>75,320000</FOGN>
    <FRAN>57,450000</FRAN>
    <GREC>75,320000</GREC>
    <MFTV>57,450000</MFTV>
    <PRGP>92,500000</PRGP>
    <ROSN>75,320000</ROSN>
    <SLOV>57,450000</SLOV>
    <SVIZ>57,450000</SVIZ>
    <BSP>57,450000</BSP>
    <MALT>92,500000</MALT>
    <XAUS>57,450000</XAUS>
    <XFRA>57,450000</XFRA>
  </Prezzi>
  <Prezzi>
    <Data>20180421</Data>
    <Mercato>MGP</Mercato>
    <Ora>21</Ora>
    <PUN>64,721690</PUN>
    <NAT>65,010000</NAT>
    <CNOR>71,960000</CNOR>
    <CSUD>75,320000</CSUD>
    <NORD>53,310000</NORD>
    <SARD>75,320000</SARD>
    <SICI>92,980000</SICI>
    <SUD>75,320000</SUD>
    <AUST>53,310000</AUST>
    <BRNN>75,320000</BRNN>
    <COAC>75,320000</COAC>
    <CORS>75,320000</CORS>
    <FOGN>75,320000</FOGN>
    <FRAN>53,310000</FRAN>
    <GREC>75,320000</GREC>
    <MFTV>53,310000</MFTV>
    <PRGP>92,980000</PRGP>
    <ROSN>75,320000</ROSN>
    <SLOV>53,310000</SLOV>
    <SVIZ>53,310000</SVIZ>
    <BSP>53,310000</BSP>
    <MALT>92,980000</MALT>
    <XAUS>53,310000</XAUS>
    <XFRA>53,310000</XFRA>
  </Prezzi>
  <Prezzi>
    <Data>20180421</Data>
    <Mercato>MGP</Mercato>
    <Ora>22</Ora>
    <PUN>60,601140</PUN>
    <NAT>59,110000</NAT>
    <CNOR>55,790000</CNOR>
    <CSUD>74,980000</CSUD>
    <NORD>49,530000</NORD>
    <SARD>74,980000</SARD>
    <SICI>92,500000</SICI>
    <SUD>74,980000</SUD>
    <AUST>49,530000</AUST>
    <BRNN>74,980000</BRNN>
    <COAC>74,980000</COAC>
    <CORS>74,980000</CORS>
    <FOGN>74,980000</FOGN>
    <FRAN>49,530000</FRAN>
    <GREC>74,980000</GREC>
    <MFTV>49,530000</MFTV>
    <PRGP>92,500000</PRGP>
    <ROSN>74,980000</ROSN>
    <SLOV>49,530000</SLOV>
    <SVIZ>49,530000</SVIZ>
    <BSP>49,530000</BSP>
    <MALT>92,500000</MALT>
    <XAUS>49,530000</XAUS>
    <XFRA>49,530000</XFRA>
  </Prezzi>
  <Prezzi>
    <Data>20180421</Data>
    <Mercato>MGP</Mercato>
    <Ora>23</Ora>
    <PUN>56,081900</PUN>
    <NAT>50,000000</NAT>
    <CNOR>55,790000</CNOR>
    <CSUD>70,000000</CSUD>
    <NORD>46,740000</NORD>
    <SARD>70,000000</SARD>
    <SICI>72,000000</SICI>
    <SUD>70,000000</SUD>
    <AUST>46,740000</AUST>
    <BRNN>70,000000</BRNN>
    <COAC>70,000000</COAC>
    <CORS>70,000000</CORS>
    <FOGN>70,000000</FOGN>
    <FRAN>46,740000</FRAN>
    <GREC>70,000000</GREC>
    <MFTV>46,740000</MFTV>
    <PRGP>72,000000</PRGP>
    <ROSN>70,000000</ROSN>
    <SLOV>46,740000</SLOV>
    <SVIZ>46,740000</SVIZ>
    <BSP>46,740000</BSP>
    <MALT>72,000000</MALT>
    <XAUS>46,740000</XAUS>
    <XFRA>46,740000</XFRA>
  </Prezzi>
  <Prezzi>
    <Data>20180421</Data>
    <Mercato>MGP</Mercato>
    <Ora>24</Ora>
    <PUN>45,799300</PUN>
    <NAT>48,200000</NAT>
    <CNOR>42,220000</CNOR>
    <CSUD>49,850000</CSUD>
    <NORD>42,220000</NORD>
    <SARD>49,850000</SARD>
    <SICI>62,930000</SICI>
    <SUD>49,850000</SUD>
    <AUST>42,220000</AUST>
    <BRNN>49,850000</BRNN>
    <COAC>49,850000</COAC>
    <CORS>49,850000</CORS>
    <FOGN>49,850000</FOGN>
    <FRAN>42,220000</FRAN>
    <GREC>49,850000</GREC>
    <MFTV>42,220000</MFTV>
    <PRGP>62,930000</PRGP>
    <ROSN>49,850000</ROSN>
    <SLOV>42,220000</SLOV>
    <SVIZ>42,220000</SVIZ>
    <BSP>42,220000</BSP>
    <MALT>62,930000</MALT>
    <XAUS>42,220000</XAUS>
    <XFRA>42,220000</XFRA>
  </Prezzi>
</NewDataSet>