<?xml version="1.0" standalone="yes"?>
<NewDataSet>
  <xs:schema id="NewDataSet" xmlns="" xmlns:xs="http://www.w3.org/2001/XMLSchema" xmlns:msdata="urn:schemas-microsoft-com:xml-msdata">
    <xs:element name="NewDataSet" msdata:IsDataSet="true" msdata:UseCurrentLocale="true">
      <xs:complexType>
        <xs:choice minOccurs="0" maxOccurs="unbounded">
          <xs:element name="Prezzi">
            <xs:complexType>
              <xs:sequence>
                <xs:element name="Data" type="xs:string" minOccurs="0" />
                <xs:element name="Mercato" type="xs:string" minOccurs="0" />
                <xs:element name="Ora" type="xs:string" minOccurs="0" />
                <xs:element name="PUN" type="xs:string" minOccurs="0" />
                <xs:element name="NAT" type="xs:string" minOccurs="0" />
                <xs:element name="CNOR" type="xs:string" minOccurs="0" />
                <xs:element name="CSUD" type="xs:string" minOccurs="0" />
                <xs:element name="NORD" type="xs:string" minOccurs="0" />
                <xs:element name="SARD" type="xs:string" minOccurs="0" />
                <xs:element name="SICI" type="xs:string" minOccurs="0" />
                <xs:element name="SUD" type="xs:string" minOccurs="0" />
                <xs:element name="AUST" type="xs:string" minOccurs="0" />
                <xs:element name="BRNN" type="xs:string" minOccurs="0" />
                <xs:element name="COAC" type="xs:string" minOccurs="0" />
                <xs:element name="CORS" type="xs:string" minOccurs="0" />
                <xs:element name="FOGN" type="xs:string" minOccurs="0" />
                <xs:element name="FRAN" type="xs:string" minOccurs="0" />
                <xs:element name="GREC" type="xs:string" minOccurs="0" />
                <xs:element name="MFTV" type="xs:string" minOccurs="0" />
                <xs:element name="PRGP" type="xs:string" minOccurs="0" />
                <xs:element name="ROSN" type="xs:string" minOccurs="0" />
                <xs:element name="SLOV" type="xs:string" minOccurs="0" />
                <xs:element name="SVIZ" type="xs:string" minOccurs="0" />
                <xs:element name="BSP" type="xs:string" minOccurs="0" />
                <xs:element name="MALT" type="xs:string" minOccurs="0" />
                <xs:element name="XAUS" type="xs:string" minOccurs="0" />
                <xs:element name="XFRA" type="xs:string" minOccurs="0" />
              </xs:sequence>
            </xs:complexType>
          </xs:element>
        </xs:choice>
      </xs:complexType>
    </xs:element>
  </xs:schema>
  <Prezzi>
    <Data>20180430</Data>
    <Mercato>MGP</Mercato>
    <Ora>1</Ora>
    <PUN>42,141820</PUN>
    <NAT>42,000000</NAT>
    <CNOR>38,250000</CNOR>
    <CSUD>49,100000</CSUD>
    <NORD>38,250000</NORD>
    <SARD>49,100000</SARD>
    <SICI>49,100000</SICI>
    <SUD>49,100000</SUD>
    <AUST>38,250000</AUST>
    <BRNN>49,100000</BRNN>
    <COAC>49,100000</COAC>
    <CORS>49,100000</CORS>
    <FOGN>49,100000</FOGN>
    <FRAN>38,250000</FRAN>
    <GREC>49,100000</GREC>
    <MFTV>38,250000</MFTV>
    <PRGP>49,100000</PRGP>
    <ROSN>49,100000</ROSN>
    <SLOV>38,250000</SLOV>
    <SVIZ>38,250000</SVIZ>
    <BSP>38,250000</BSP>
    <MALT>49,100000</MALT>
    <XAUS>38,250000</XAUS>
    <XFRA>38,250000</XFRA>
  </Prezzi>
  <Prezzi>
    <Data>20180430</Data>
    <Mercato>MGP</Mercato>
    <Ora>2</Ora>
    <PUN>33,595240</PUN>
    <NAT>30,500000</NAT>
    <CNOR>30,000000</CNOR>
    <CSUD>40,180000</CSUD>
    <NORD>30,000000</NORD>
    <SARD>40,180000</SARD>
    <SICI>40,180000</SICI>
    <SUD>40,180000</SUD>
    <AUST>30,000000</AUST>
    <BRNN>40,180000</BRNN>
    <COAC>40,180000</COAC>
    <CORS>40,180000</CORS>
    <FOGN>40,180000</FOGN>
    <FRAN>30,000000</FRAN>
    <GREC>40,180000</GREC>
    <MFTV>30,000000</MFTV>
    <PRGP>40,180000</PRGP>
    <ROSN>40,180000</ROSN>
    <SLOV>30,000000</SLOV>
    <SVIZ>30,000000</SVIZ>
    <BSP>30,000000</BSP>
    <MALT>40,180000</MALT>
    <XAUS>30,000000</XAUS>
    <XFRA>30,000000</XFRA>
  </Prezzi>
  <Prezzi>
    <Data>20180430</Data>
    <Mercato>MGP</Mercato>
    <Ora>3</Ora>
    <PUN>29,300000</PUN>
    <NAT>29,300000</NAT>
    <CNOR>29,300000</CNOR>
    <CSUD>29,300000</CSUD>
    <NORD>29,300000</NORD>
    <SARD>29,300000</SARD>
    <SICI>29,300000</SICI>
    <SUD>29,300000</SUD>
    <AUST>29,300000</AUST>
    <BRNN>29,300000</BRNN>
    <COAC>29,300000</COAC>
    <CORS>29,300000</CORS>
    <FOGN>29,300000</FOGN>
    <FRAN>29,300000</FRAN>
    <GREC>29,300000</GREC>
    <MFTV>29,300000</MFTV>
    <PRGP>29,300000</PRGP>
    <ROSN>29,300000</ROSN>
    <SLOV>29,300000</SLOV>
    <SVIZ>29,300000</SVIZ>
    <BSP>29,300000</BSP>
    <MALT>29,300000</MALT>
    <XAUS>29,300000</XAUS>
    <XFRA>29,300000</XFRA>
  </Prezzi>
  <Prezzi>
    <Data>20180430</Data>
    <Mercato>MGP</Mercato>
    <Ora>4</Ora>
    <PUN>28,500000</PUN>
    <NAT>28,500000</NAT>
    <CNOR>28,500000</CNOR>
    <CSUD>28,500000</CSUD>
    <NORD>28,500000</NORD>
    <SARD>28,500000</SARD>
    <SICI>28,500000</SICI>
    <SUD>28,500000</SUD>
    <AUST>28,500000</AUST>
    <BRNN>28,500000</BRNN>
    <COAC>28,500000</COAC>
    <CORS>28,500000</CORS>
    <FOGN>28,500000</FOGN>
    <FRAN>28,500000</FRAN>
    <GREC>28,500000</GREC>
    <MFTV>28,500000</MFTV>
    <PRGP>28,500000</PRGP>
    <ROSN>28,500000</ROSN>
    <SLOV>28,500000</SLOV>
    <SVIZ>28,500000</SVIZ>
    <BSP>28,500000</BSP>
    <MALT>28,500000</MALT>
    <XAUS>28,500000</XAUS>
    <XFRA>28,500000</XFRA>
  </Prezzi>
  <Prezzi>
    <Data>20180430</Data>
    <Mercato>MGP</Mercato>
    <Ora>5</Ora>
    <PUN>29,510000</PUN>
    <NAT>29,510000</NAT>
    <CNOR>29,510000</CNOR>
    <CSUD>29,510000</CSUD>
    <NORD>29,510000</NORD>
    <SARD>29,510000</SARD>
    <SICI>29,510000</SICI>
    <SUD>29,510000</SUD>
    <AUST>29,510000</AUST>
    <BRNN>29,510000</BRNN>
    <COAC>29,510000</COAC>
    <CORS>29,510000</CORS>
    <FOGN>29,510000</FOGN>
    <FRAN>29,510000</FRAN>
    <GREC>29,510000</GREC>
    <MFTV>29,510000</MFTV>
    <PRGP>29,510000</PRGP>
    <ROSN>29,510000</ROSN>
    <SLOV>29,510000</SLOV>
    <SVIZ>29,510000</SVIZ>
    <BSP>29,510000</BSP>
    <MALT>29,510000</MALT>
    <XAUS>29,510000</XAUS>
    <XFRA>29,510000</XFRA>
  </Prezzi>
  <Prezzi>
    <Data>20180430</Data>
    <Mercato>MGP</Mercato>
    <Ora>6</Ora>
    <PUN>48,160000</PUN>
    <NAT>48,160000</NAT>
    <CNOR>48,160000</CNOR>
    <CSUD>48,160000</CSUD>
    <NORD>48,160000</NORD>
    <SARD>48,160000</SARD>
    <SICI>48,160000</SICI>
    <SUD>48,160000</SUD>
    <AUST>48,160000</AUST>
    <BRNN>48,160000</BRNN>
    <COAC>48,160000</COAC>
    <CORS>48,160000</CORS>
    <FOGN>48,160000</FOGN>
    <FRAN>48,160000</FRAN>
    <GREC>48,160000</GREC>
    <MFTV>48,160000</MFTV>
    <PRGP>48,160000</PRGP>
    <ROSN>48,160000</ROSN>
    <SLOV>48,160000</SLOV>
    <SVIZ>48,160000</SVIZ>
    <BSP>48,160000</BSP>
    <MALT>48,160000</MALT>
    <XAUS>48,160000</XAUS>
    <XFRA>48,160000</XFRA>
  </Prezzi>
  <Prezzi>
    <Data>20180430</Data>
    <Mercato>MGP</Mercato>
    <Ora>7</Ora>
    <PUN>49,430000</PUN>
    <NAT>49,430000</NAT>
    <CNOR>49,430000</CNOR>
    <CSUD>49,430000</CSUD>
    <NORD>49,430000</NORD>
    <SARD>49,430000</SARD>
    <SICI>49,430000</SICI>
    <SUD>49,430000</SUD>
    <AUST>49,430000</AUST>
    <BRNN>49,430000</BRNN>
    <COAC>49,430000</COAC>
    <CORS>49,430000</CORS>
    <FOGN>49,430000</FOGN>
    <FRAN>49,430000</FRAN>
    <GREC>49,430000</GREC>
    <MFTV>49,430000</MFTV>
    <PRGP>49,430000</PRGP>
    <ROSN>49,430000</ROSN>
    <SLOV>49,430000</SLOV>
    <SVIZ>49,430000</SVIZ>
    <BSP>49,430000</BSP>
    <MALT>49,430000</MALT>
    <XAUS>49,430000</XAUS>
    <XFRA>49,430000</XFRA>
  </Prezzi>
  <Prezzi>
    <Data>20180430</Data>
    <Mercato>MGP</Mercato>
    <Ora>8</Ora>
    <PUN>58,150000</PUN>
    <NAT>58,150000</NAT>
    <CNOR>58,150000</CNOR>
    <CSUD>58,150000</CSUD>
    <NORD>58,150000</NORD>
    <SARD>58,150000</SARD>
    <SICI>58,150000</SICI>
    <SUD>58,150000</SUD>
    <AUST>58,150000</AUST>
    <BRNN>58,150000</BRNN>
    <COAC>58,150000</COAC>
    <CORS>58,150000</CORS>
    <FOGN>58,150000</FOGN>
    <FRAN>58,150000</FRAN>
    <GREC>58,150000</GREC>
    <MFTV>58,150000</MFTV>
    <PRGP>58,150000</PRGP>
    <ROSN>58,150000</ROSN>
    <SLOV>58,150000</SLOV>
    <SVIZ>58,150000</SVIZ>
    <BSP>58,150000</BSP>
    <MALT>58,150000</MALT>
    <XAUS>58,150000</XAUS>
    <XFRA>58,150000</XFRA>
  </Prezzi>
  <Prezzi>
    <Data>20180430</Data>
    <Mercato>MGP</Mercato>
    <Ora>9</Ora>
    <PUN>59,410000</PUN>
    <NAT>59,410000</NAT>
    <CNOR>59,410000</CNOR>
    <CSUD>59,410000</CSUD>
    <NORD>59,410000</NORD>
    <SARD>59,410000</SARD>
    <SICI>59,410000</SICI>
    <SUD>59,410000</SUD>
    <AUST>59,410000</AUST>
    <BRNN>59,410000</BRNN>
    <COAC>59,410000</COAC>
    <CORS>59,410000</CORS>
    <FOGN>59,410000</FOGN>
    <FRAN>59,410000</FRAN>
    <GREC>59,410000</GREC>
    <MFTV>59,410000</MFTV>
    <PRGP>59,410000</PRGP>
    <ROSN>59,410000</ROSN>
    <SLOV>59,410000</SLOV>
    <SVIZ>59,410000</SVIZ>
    <BSP>59,410000</BSP>
    <MALT>59,410000</MALT>
    <XAUS>59,410000</XAUS>
    <XFRA>59,410000</XFRA>
  </Prezzi>
  <Prezzi>
    <Data>20180430</Data>
    <Mercato>MGP</Mercato>
    <Ora>10</Ora>
    <PUN>55,150000</PUN>
    <NAT>55,150000</NAT>
    <CNOR>55,150000</CNOR>
    <CSUD>55,150000</CSUD>
    <NORD>55,150000</NORD>
    <SARD>55,150000</SARD>
    <SICI>55,150000</SICI>
    <SUD>55,150000</SUD>
    <AUST>55,150000</AUST>
    <BRNN>55,150000</BRNN>
    <COAC>55,150000</COAC>
    <CORS>55,150000</CORS>
    <FOGN>55,150000</FOGN>
    <FRAN>55,150000</FRAN>
    <GREC>55,150000</GREC>
    <MFTV>55,150000</MFTV>
    <PRGP>55,150000</PRGP>
    <ROSN>55,150000</ROSN>
    <SLOV>55,150000</SLOV>
    <SVIZ>55,150000</SVIZ>
    <BSP>55,150000</BSP>
    <MALT>55,150000</MALT>
    <XAUS>55,150000</XAUS>
    <XFRA>55,150000</XFRA>
  </Prezzi>
  <Prezzi>
    <Data>20180430</Data>
    <Mercato>MGP</Mercato>
    <Ora>11</Ora>
    <PUN>50,000000</PUN>
    <NAT>50,000000</NAT>
    <CNOR>50,000000</CNOR>
    <CSUD>50,000000</CSUD>
    <NORD>50,000000</NORD>
    <SARD>50,000000</SARD>
    <SICI>50,000000</SICI>
    <SUD>50,000000</SUD>
    <AUST>50,000000</AUST>
    <BRNN>50,000000</BRNN>
    <COAC>50,000000</COAC>
    <CORS>50,000000</CORS>
    <FOGN>50,000000</FOGN>
    <FRAN>50,000000</FRAN>
    <GREC>50,000000</GREC>
    <MFTV>50,000000</MFTV>
    <PRGP>50,000000</PRGP>
    <ROSN>50,000000</ROSN>
    <SLOV>50,000000</SLOV>
    <SVIZ>50,000000</SVIZ>
    <BSP>50,000000</BSP>
    <MALT>50,000000</MALT>
    <XAUS>50,000000</XAUS>
    <XFRA>50,000000</XFRA>
  </Prezzi>
  <Prezzi>
    <Data>20180430</Data>
    <Mercato>MGP</Mercato>
    <Ora>12</Ora>
    <PUN>46,900000</PUN>
    <NAT>46,900000</NAT>
    <CNOR>46,900000</CNOR>
    <CSUD>46,900000</CSUD>
    <NORD>46,900000</NORD>
    <SARD>46,900000</SARD>
    <SICI>46,900000</SICI>
    <SUD>46,900000</SUD>
    <AUST>46,900000</AUST>
    <BRNN>46,900000</BRNN>
    <COAC>46,900000</COAC>
    <CORS>46,900000</CORS>
    <FOGN>46,900000</FOGN>
    <FRAN>46,900000</FRAN>
    <GREC>46,900000</GREC>
    <MFTV>46,900000</MFTV>
    <PRGP>46,900000</PRGP>
    <ROSN>46,900000</ROSN>
    <SLOV>46,900000</SLOV>
    <SVIZ>46,900000</SVIZ>
    <BSP>46,900000</BSP>
    <MALT>46,900000</MALT>
    <XAUS>46,900000</XAUS>
    <XFRA>46,900000</XFRA>
  </Prezzi>
  <Prezzi>
    <Data>20180430</Data>
    <Mercato>MGP</Mercato>
    <Ora>13</Ora>
    <PUN>40,000000</PUN>
    <NAT>40,000000</NAT>
    <CNOR>40,000000</CNOR>
    <CSUD>40,000000</CSUD>
    <NORD>40,000000</NORD>
    <SARD>40,000000</SARD>
    <SICI>40,000000</SICI>
    <SUD>40,000000</SUD>
    <AUST>40,000000</AUST>
    <BRNN>40,000000</BRNN>
    <COAC>40,000000</COAC>
    <CORS>40,000000</CORS>
    <FOGN>40,000000</FOGN>
    <FRAN>40,000000</FRAN>
    <GREC>40,000000</GREC>
    <MFTV>40,000000</MFTV>
    <PRGP>40,000000</PRGP>
    <ROSN>40,000000</ROSN>
    <SLOV>40,000000</SLOV>
    <SVIZ>40,000000</SVIZ>
    <BSP>40,000000</BSP>
    <MALT>40,000000</MALT>
    <XAUS>40,000000</XAUS>
    <XFRA>40,000000</XFRA>
  </Prezzi>
  <Prezzi>
    <Data>20180430</Data>
    <Mercato>MGP</Mercato>
    <Ora>14</Ora>
    <PUN>37,420000</PUN>
    <NAT>37,420000</NAT>
    <CNOR>37,420000</CNOR>
    <CSUD>37,420000</CSUD>
    <NORD>37,420000</NORD>
    <SARD>37,420000</SARD>
    <SICI>37,420000</SICI>
    <SUD>37,420000</SUD>
    <AUST>37,420000</AUST>
    <BRNN>37,420000</BRNN>
    <COAC>37,420000</COAC>
    <CORS>37,420000</CORS>
    <FOGN>37,420000</FOGN>
    <FRAN>37,420000</FRAN>
    <GREC>37,420000</GREC>
    <MFTV>37,420000</MFTV>
    <PRGP>37,420000</PRGP>
    <ROSN>37,420000</ROSN>
    <SLOV>37,420000</SLOV>
    <SVIZ>37,420000</SVIZ>
    <BSP>37,420000</BSP>
    <MALT>37,420000</MALT>
    <XAUS>37,420000</XAUS>
    <XFRA>37,420000</XFRA>
  </Prezzi>
  <Prezzi>
    <Data>20180430</Data>
    <Mercato>MGP</Mercato>
    <Ora>15</Ora>
    <PUN>39,010000</PUN>
    <NAT>39,010000</NAT>
    <CNOR>39,010000</CNOR>
    <CSUD>39,010000</CSUD>
    <NORD>39,010000</NORD>
    <SARD>39,010000</SARD>
    <SICI>39,010000</SICI>
    <SUD>39,010000</SUD>
    <AUST>39,010000</AUST>
    <BRNN>39,010000</BRNN>
    <COAC>39,010000</COAC>
    <CORS>39,010000</CORS>
    <FOGN>39,010000</FOGN>
    <FRAN>39,010000</FRAN>
    <GREC>39,010000</GREC>
    <MFTV>39,010000</MFTV>
    <PRGP>39,010000</PRGP>
    <ROSN>39,010000</ROSN>
    <SLOV>39,010000</SLOV>
    <SVIZ>39,010000</SVIZ>
    <BSP>39,010000</BSP>
    <MALT>39,010000</MALT>
    <XAUS>39,010000</XAUS>
    <XFRA>39,010000</XFRA>
  </Prezzi>
  <Prezzi>
    <Data>20180430</Data>
    <Mercato>MGP</Mercato>
    <Ora>16</Ora>
    <PUN>45,900000</PUN>
    <NAT>45,900000</NAT>
    <CNOR>45,900000</CNOR>
    <CSUD>45,900000</CSUD>
    <NORD>45,900000</NORD>
    <SARD>45,900000</SARD>
    <SICI>45,900000</SICI>
    <SUD>45,900000</SUD>
    <AUST>45,900000</AUST>
    <BRNN>45,900000</BRNN>
    <COAC>45,900000</COAC>
    <CORS>45,900000</CORS>
    <FOGN>45,900000</FOGN>
    <FRAN>45,900000</FRAN>
    <GREC>45,900000</GREC>
    <MFTV>45,900000</MFTV>
    <PRGP>45,900000</PRGP>
    <ROSN>45,900000</ROSN>
    <SLOV>45,900000</SLOV>
    <SVIZ>45,900000</SVIZ>
    <BSP>45,900000</BSP>
    <MALT>45,900000</MALT>
    <XAUS>45,900000</XAUS>
    <XFRA>45,900000</XFRA>
  </Prezzi>
  <Prezzi>
    <Data>20180430</Data>
    <Mercato>MGP</Mercato>
    <Ora>17</Ora>
    <PUN>48,590000</PUN>
    <NAT>48,590000</NAT>
    <CNOR>48,590000</CNOR>
    <CSUD>48,590000</CSUD>
    <NORD>48,590000</NORD>
    <SARD>48,590000</SARD>
    <SICI>48,590000</SICI>
    <SUD>48,590000</SUD>
    <AUST>48,590000</AUST>
    <BRNN>48,590000</BRNN>
    <COAC>48,590000</COAC>
    <CORS>48,590000</CORS>
    <FOGN>48,590000</FOGN>
    <FRAN>48,590000</FRAN>
    <GREC>48,590000</GREC>
    <MFTV>48,590000</MFTV>
    <PRGP>48,590000</PRGP>
    <ROSN>48,590000</ROSN>
    <SLOV>48,590000</SLOV>
    <SVIZ>48,590000</SVIZ>
    <BSP>48,590000</BSP>
    <MALT>48,590000</MALT>
    <XAUS>48,590000</XAUS>
    <XFRA>48,590000</XFRA>
  </Prezzi>
  <Prezzi>
    <Data>20180430</Data>
    <Mercato>MGP</Mercato>
    <Ora>18</Ora>
    <PUN>48,890000</PUN>
    <NAT>48,890000</NAT>
    <CNOR>48,890000</CNOR>
    <CSUD>48,890000</CSUD>
    <NORD>48,890000</NORD>
    <SARD>48,890000</SARD>
    <SICI>48,890000</SICI>
    <SUD>48,890000</SUD>
    <AUST>48,890000</AUST>
    <BRNN>48,890000</BRNN>
    <COAC>48,890000</COAC>
    <CORS>48,890000</CORS>
    <FOGN>48,890000</FOGN>
    <FRAN>48,890000</FRAN>
    <GREC>48,890000</GREC>
    <MFTV>48,890000</MFTV>
    <PRGP>48,890000</PRGP>
    <ROSN>48,890000</ROSN>
    <SLOV>48,890000</SLOV>
    <SVIZ>48,890000</SVIZ>
    <BSP>48,890000</BSP>
    <MALT>48,890000</MALT>
    <XAUS>48,890000</XAUS>
    <XFRA>48,890000</XFRA>
  </Prezzi>
  <Prezzi>
    <Data>20180430</Data>
    <Mercato>MGP</Mercato>
    <Ora>19</Ora>
    <PUN>50,201210</PUN>
    <NAT>50,000000</NAT>
    <CNOR>50,000000</CNOR>
    <CSUD>50,000000</CSUD>
    <NORD>50,000000</NORD>
    <SARD>50,000000</SARD>
    <SICI>53,130000</SICI>
    <SUD>50,000000</SUD>
    <AUST>50,000000</AUST>
    <BRNN>50,000000</BRNN>
    <COAC>50,000000</COAC>
    <CORS>50,000000</CORS>
    <FOGN>50,000000</FOGN>
    <FRAN>50,000000</FRAN>
    <GREC>50,000000</GREC>
    <MFTV>50,000000</MFTV>
    <PRGP>53,130000</PRGP>
    <ROSN>50,000000</ROSN>
    <SLOV>50,000000</SLOV>
    <SVIZ>50,000000</SVIZ>
    <BSP>50,000000</BSP>
    <MALT>53,130000</MALT>
    <XAUS>50,000000</XAUS>
    <XFRA>50,000000</XFRA>
  </Prezzi>
  <Prezzi>
    <Data>20180430</Data>
    <Mercato>MGP</Mercato>
    <Ora>20</Ora>
    <PUN>58,502340</PUN>
    <NAT>58,160000</NAT>
    <CNOR>58,140000</CNOR>
    <CSUD>58,140000</CSUD>
    <NORD>58,140000</NORD>
    <SARD>58,140000</SARD>
    <SICI>63,690000</SICI>
    <SUD>58,140000</SUD>
    <AUST>58,140000</AUST>
    <BRNN>58,140000</BRNN>
    <COAC>58,140000</COAC>
    <CORS>58,140000</CORS>
    <FOGN>58,140000</FOGN>
    <FRAN>58,140000</FRAN>
    <GREC>58,140000</GREC>
    <MFTV>58,140000</MFTV>
    <PRGP>63,690000</PRGP>
    <ROSN>58,140000</ROSN>
    <SLOV>58,140000</SLOV>
    <SVIZ>58,140000</SVIZ>
    <BSP>58,140000</BSP>
    <MALT>63,690000</MALT>
    <XAUS>58,140000</XAUS>
    <XFRA>58,140000</XFRA>
  </Prezzi>
  <Prezzi>
    <Data>20180430</Data>
    <Mercato>MGP</Mercato>
    <Ora>21</Ora>
    <PUN>62,863450</PUN>
    <NAT>63,780000</NAT>
    <CNOR>61,980000</CNOR>
    <CSUD>61,980000</CSUD>
    <NORD>61,980000</NORD>
    <SARD>61,980000</SARD>
    <SICI>75,000000</SICI>
    <SUD>61,980000</SUD>
    <AUST>61,980000</AUST>
    <BRNN>61,980000</BRNN>
    <COAC>61,980000</COAC>
    <CORS>61,980000</CORS>
    <FOGN>61,980000</FOGN>
    <FRAN>61,980000</FRAN>
    <GREC>61,980000</GREC>
    <MFTV>61,980000</MFTV>
    <PRGP>75,000000</PRGP>
    <ROSN>61,980000</ROSN>
    <SLOV>61,980000</SLOV>
    <SVIZ>61,980000</SVIZ>
    <BSP>61,980000</BSP>
    <MALT>75,000000</MALT>
    <XAUS>61,980000</XAUS>
    <XFRA>61,980000</XFRA>
  </Prezzi>
  <Prezzi>
    <Data>20180430</Data>
    <Mercato>MGP</Mercato>
    <Ora>22</Ora>
    <PUN>61,188420</PUN>
    <NAT>61,330000</NAT>
    <CNOR>60,210000</CNOR>
    <CSUD>60,210000</CSUD>
    <NORD>60,210000</NORD>
    <SARD>60,210000</SARD>
    <SICI>74,990000</SICI>
    <SUD>60,210000</SUD>
    <AUST>60,210000</AUST>
    <BRNN>60,210000</BRNN>
    <COAC>60,210000</COAC>
    <CORS>60,210000</CORS>
    <FOGN>60,210000</FOGN>
    <FRAN>60,210000</FRAN>
    <GREC>60,210000</GREC>
    <MFTV>60,210000</MFTV>
    <PRGP>74,990000</PRGP>
    <ROSN>60,210000</ROSN>
    <SLOV>60,210000</SLOV>
    <SVIZ>60,210000</SVIZ>
    <BSP>60,210000</BSP>
    <MALT>74,990000</MALT>
    <XAUS>60,210000</XAUS>
    <XFRA>60,210000</XFRA>
  </Prezzi>
  <Prezzi>
    <Data>20180430</Data>
    <Mercato>MGP</Mercato>
    <Ora>23</Ora>
    <PUN>52,137040</PUN>
    <NAT>52,000000</NAT>
    <CNOR>51,440000</CNOR>
    <CSUD>51,440000</CSUD>
    <NORD>51,440000</NORD>
    <SARD>51,440000</SARD>
    <SICI>62,000000</SICI>
    <SUD>51,440000</SUD>
    <AUST>51,440000</AUST>
    <BRNN>51,440000</BRNN>
    <COAC>51,440000</COAC>
    <CORS>51,440000</CORS>
    <FOGN>51,440000</FOGN>
    <FRAN>51,440000</FRAN>
    <GREC>51,440000</GREC>
    <MFTV>51,440000</MFTV>
    <PRGP>62,000000</PRGP>
    <ROSN>51,440000</ROSN>
    <SLOV>51,440000</SLOV>
    <SVIZ>51,440000</SVIZ>
    <BSP>51,440000</BSP>
    <MALT>62,000000</MALT>
    <XAUS>51,440000</XAUS>
    <XFRA>51,440000</XFRA>
  </Prezzi>
  <Prezzi>
    <Data>20180430</Data>
    <Mercato>MGP</Mercato>
    <Ora>24</Ora>
    <PUN>48,310000</PUN>
    <NAT>48,310000</NAT>
    <CNOR>48,310000</CNOR>
    <CSUD>48,310000</CSUD>
    <NORD>48,310000</NORD>
    <SARD>48,310000</SARD>
    <SICI>48,310000</SICI>
    <SUD>48,310000</SUD>
    <AUST>48,310000</AUST>
    <BRNN>48,310000</BRNN>
    <COAC>48,310000</COAC>
    <CORS>48,310000</CORS>
    <FOGN>48,310000</FOGN>
    <FRAN>48,310000</FRAN>
    <GREC>48,310000</GREC>
    <MFTV>48,310000</MFTV>
    <PRGP>48,310000</PRGP>
    <ROSN>48,310000</ROSN>
    <SLOV>48,310000</SLOV>
    <SVIZ>48,310000</SVIZ>
    <BSP>48,310000</BSP>
    <MALT>48,310000</MALT>
    <XAUS>48,310000</XAUS>
    <XFRA>48,310000</XFRA>
  </Prezzi>
</NewDataSet>