<?xml version="1.0" standalone="yes"?>
<NewDataSet>
  <xs:schema id="NewDataSet" xmlns="" xmlns:xs="http://www.w3.org/2001/XMLSchema" xmlns:msdata="urn:schemas-microsoft-com:xml-msdata">
    <xs:element name="NewDataSet" msdata:IsDataSet="true" msdata:UseCurrentLocale="true">
      <xs:complexType>
        <xs:choice minOccurs="0" maxOccurs="unbounded">
          <xs:element name="Prezzi">
            <xs:complexType>
              <xs:sequence>
                <xs:element name="Data" type="xs:string" minOccurs="0" />
                <xs:element name="Mercato" type="xs:string" minOccurs="0" />
                <xs:element name="Ora" type="xs:string" minOccurs="0" />
                <xs:element name="PUN" type="xs:string" minOccurs="0" />
                <xs:element name="NAT" type="xs:string" minOccurs="0" />
                <xs:element name="CNOR" type="xs:string" minOccurs="0" />
                <xs:element name="CSUD" type="xs:string" minOccurs="0" />
                <xs:element name="NORD" type="xs:string" minOccurs="0" />
                <xs:element name="SARD" type="xs:string" minOccurs="0" />
                <xs:element name="SICI" type="xs:string" minOccurs="0" />
                <xs:element name="SUD" type="xs:string" minOccurs="0" />
                <xs:element name="AUST" type="xs:string" minOccurs="0" />
                <xs:element name="BRNN" type="xs:string" minOccurs="0" />
                <xs:element name="COAC" type="xs:string" minOccurs="0" />
                <xs:element name="CORS" type="xs:string" minOccurs="0" />
                <xs:element name="FOGN" type="xs:string" minOccurs="0" />
                <xs:element name="FRAN" type="xs:string" minOccurs="0" />
                <xs:element name="GREC" type="xs:string" minOccurs="0" />
                <xs:element name="MFTV" type="xs:string" minOccurs="0" />
                <xs:element name="PRGP" type="xs:string" minOccurs="0" />
                <xs:element name="ROSN" type="xs:string" minOccurs="0" />
                <xs:element name="SLOV" type="xs:string" minOccurs="0" />
                <xs:element name="SVIZ" type="xs:string" minOccurs="0" />
                <xs:element name="BSP" type="xs:string" minOccurs="0" />
                <xs:element name="MALT" type="xs:string" minOccurs="0" />
                <xs:element name="XAUS" type="xs:string" minOccurs="0" />
                <xs:element name="XFRA" type="xs:string" minOccurs="0" />
              </xs:sequence>
            </xs:complexType>
          </xs:element>
        </xs:choice>
      </xs:complexType>
    </xs:element>
  </xs:schema>
  <Prezzi>
    <Data>20180412</Data>
    <Mercato>MGP</Mercato>
    <Ora>1</Ora>
    <PUN>49,520000</PUN>
    <NAT>49,520000</NAT>
    <CNOR>49,520000</CNOR>
    <CSUD>49,520000</CSUD>
    <NORD>49,520000</NORD>
    <SARD>49,520000</SARD>
    <SICI>49,520000</SICI>
    <SUD>49,520000</SUD>
    <AUST>49,520000</AUST>
    <BRNN>49,520000</BRNN>
    <COAC>49,520000</COAC>
    <CORS>49,520000</CORS>
    <FOGN>49,520000</FOGN>
    <FRAN>49,520000</FRAN>
    <GREC>49,520000</GREC>
    <MFTV>49,520000</MFTV>
    <PRGP>49,520000</PRGP>
    <ROSN>49,520000</ROSN>
    <SLOV>49,520000</SLOV>
    <SVIZ>49,520000</SVIZ>
    <BSP>49,520000</BSP>
    <MALT>49,520000</MALT>
    <XAUS>49,520000</XAUS>
    <XFRA>49,520000</XFRA>
  </Prezzi>
  <Prezzi>
    <Data>20180412</Data>
    <Mercato>MGP</Mercato>
    <Ora>2</Ora>
    <PUN>47,930000</PUN>
    <NAT>47,930000</NAT>
    <CNOR>47,930000</CNOR>
    <CSUD>47,930000</CSUD>
    <NORD>47,930000</NORD>
    <SARD>47,930000</SARD>
    <SICI>47,930000</SICI>
    <SUD>47,930000</SUD>
    <AUST>47,930000</AUST>
    <BRNN>47,930000</BRNN>
    <COAC>47,930000</COAC>
    <CORS>47,930000</CORS>
    <FOGN>47,930000</FOGN>
    <FRAN>47,930000</FRAN>
    <GREC>47,930000</GREC>
    <MFTV>47,930000</MFTV>
    <PRGP>47,930000</PRGP>
    <ROSN>47,930000</ROSN>
    <SLOV>47,930000</SLOV>
    <SVIZ>47,930000</SVIZ>
    <BSP>47,930000</BSP>
    <MALT>47,930000</MALT>
    <XAUS>47,930000</XAUS>
    <XFRA>47,930000</XFRA>
  </Prezzi>
  <Prezzi>
    <Data>20180412</Data>
    <Mercato>MGP</Mercato>
    <Ora>3</Ora>
    <PUN>46,000000</PUN>
    <NAT>46,000000</NAT>
    <CNOR>46,000000</CNOR>
    <CSUD>46,000000</CSUD>
    <NORD>46,000000</NORD>
    <SARD>46,000000</SARD>
    <SICI>46,000000</SICI>
    <SUD>46,000000</SUD>
    <AUST>46,000000</AUST>
    <BRNN>46,000000</BRNN>
    <COAC>46,000000</COAC>
    <CORS>46,000000</CORS>
    <FOGN>46,000000</FOGN>
    <FRAN>46,000000</FRAN>
    <GREC>46,000000</GREC>
    <MFTV>46,000000</MFTV>
    <PRGP>46,000000</PRGP>
    <ROSN>46,000000</ROSN>
    <SLOV>46,000000</SLOV>
    <SVIZ>46,000000</SVIZ>
    <BSP>46,000000</BSP>
    <MALT>46,000000</MALT>
    <XAUS>46,000000</XAUS>
    <XFRA>46,000000</XFRA>
  </Prezzi>
  <Prezzi>
    <Data>20180412</Data>
    <Mercato>MGP</Mercato>
    <Ora>4</Ora>
    <PUN>45,000000</PUN>
    <NAT>45,000000</NAT>
    <CNOR>45,000000</CNOR>
    <CSUD>45,000000</CSUD>
    <NORD>45,000000</NORD>
    <SARD>45,000000</SARD>
    <SICI>45,000000</SICI>
    <SUD>45,000000</SUD>
    <AUST>45,000000</AUST>
    <BRNN>45,000000</BRNN>
    <COAC>45,000000</COAC>
    <CORS>45,000000</CORS>
    <FOGN>45,000000</FOGN>
    <FRAN>45,000000</FRAN>
    <GREC>45,000000</GREC>
    <MFTV>45,000000</MFTV>
    <PRGP>45,000000</PRGP>
    <ROSN>45,000000</ROSN>
    <SLOV>45,000000</SLOV>
    <SVIZ>45,000000</SVIZ>
    <BSP>45,000000</BSP>
    <MALT>45,000000</MALT>
    <XAUS>45,000000</XAUS>
    <XFRA>45,000000</XFRA>
  </Prezzi>
  <Prezzi>
    <Data>20180412</Data>
    <Mercato>MGP</Mercato>
    <Ora>5</Ora>
    <PUN>45,080000</PUN>
    <NAT>45,080000</NAT>
    <CNOR>45,080000</CNOR>
    <CSUD>45,080000</CSUD>
    <NORD>45,080000</NORD>
    <SARD>45,080000</SARD>
    <SICI>45,080000</SICI>
    <SUD>45,080000</SUD>
    <AUST>45,080000</AUST>
    <BRNN>45,080000</BRNN>
    <COAC>45,080000</COAC>
    <CORS>45,080000</CORS>
    <FOGN>45,080000</FOGN>
    <FRAN>45,080000</FRAN>
    <GREC>45,080000</GREC>
    <MFTV>45,080000</MFTV>
    <PRGP>45,080000</PRGP>
    <ROSN>45,080000</ROSN>
    <SLOV>45,080000</SLOV>
    <SVIZ>45,080000</SVIZ>
    <BSP>45,080000</BSP>
    <MALT>45,080000</MALT>
    <XAUS>45,080000</XAUS>
    <XFRA>45,080000</XFRA>
  </Prezzi>
  <Prezzi>
    <Data>20180412</Data>
    <Mercato>MGP</Mercato>
    <Ora>6</Ora>
    <PUN>48,190000</PUN>
    <NAT>48,190000</NAT>
    <CNOR>48,190000</CNOR>
    <CSUD>48,190000</CSUD>
    <NORD>48,190000</NORD>
    <SARD>48,190000</SARD>
    <SICI>48,190000</SICI>
    <SUD>48,190000</SUD>
    <AUST>48,190000</AUST>
    <BRNN>48,190000</BRNN>
    <COAC>48,190000</COAC>
    <CORS>48,190000</CORS>
    <FOGN>48,190000</FOGN>
    <FRAN>48,190000</FRAN>
    <GREC>48,190000</GREC>
    <MFTV>48,190000</MFTV>
    <PRGP>48,190000</PRGP>
    <ROSN>48,190000</ROSN>
    <SLOV>48,190000</SLOV>
    <SVIZ>48,190000</SVIZ>
    <BSP>48,190000</BSP>
    <MALT>48,190000</MALT>
    <XAUS>48,190000</XAUS>
    <XFRA>48,190000</XFRA>
  </Prezzi>
  <Prezzi>
    <Data>20180412</Data>
    <Mercato>MGP</Mercato>
    <Ora>7</Ora>
    <PUN>52,760000</PUN>
    <NAT>52,760000</NAT>
    <CNOR>52,760000</CNOR>
    <CSUD>52,760000</CSUD>
    <NORD>52,760000</NORD>
    <SARD>52,760000</SARD>
    <SICI>52,760000</SICI>
    <SUD>52,760000</SUD>
    <AUST>52,760000</AUST>
    <BRNN>52,760000</BRNN>
    <COAC>52,760000</COAC>
    <CORS>52,760000</CORS>
    <FOGN>52,760000</FOGN>
    <FRAN>52,760000</FRAN>
    <GREC>52,760000</GREC>
    <MFTV>52,760000</MFTV>
    <PRGP>52,760000</PRGP>
    <ROSN>52,760000</ROSN>
    <SLOV>52,760000</SLOV>
    <SVIZ>52,760000</SVIZ>
    <BSP>52,760000</BSP>
    <MALT>52,760000</MALT>
    <XAUS>52,760000</XAUS>
    <XFRA>52,760000</XFRA>
  </Prezzi>
  <Prezzi>
    <Data>20180412</Data>
    <Mercato>MGP</Mercato>
    <Ora>8</Ora>
    <PUN>64,630000</PUN>
    <NAT>64,630000</NAT>
    <CNOR>64,630000</CNOR>
    <CSUD>64,630000</CSUD>
    <NORD>64,630000</NORD>
    <SARD>64,630000</SARD>
    <SICI>64,630000</SICI>
    <SUD>64,630000</SUD>
    <AUST>64,630000</AUST>
    <BRNN>64,630000</BRNN>
    <COAC>64,630000</COAC>
    <CORS>64,630000</CORS>
    <FOGN>64,630000</FOGN>
    <FRAN>64,630000</FRAN>
    <GREC>64,630000</GREC>
    <MFTV>64,630000</MFTV>
    <PRGP>64,630000</PRGP>
    <ROSN>64,630000</ROSN>
    <SLOV>64,630000</SLOV>
    <SVIZ>64,630000</SVIZ>
    <BSP>64,630000</BSP>
    <MALT>64,630000</MALT>
    <XAUS>64,630000</XAUS>
    <XFRA>64,630000</XFRA>
  </Prezzi>
  <Prezzi>
    <Data>20180412</Data>
    <Mercato>MGP</Mercato>
    <Ora>9</Ora>
    <PUN>80,936620</PUN>
    <NAT>82,240000</NAT>
    <CNOR>80,500000</CNOR>
    <CSUD>80,500000</CSUD>
    <NORD>80,500000</NORD>
    <SARD>80,500000</SARD>
    <SICI>88,990000</SICI>
    <SUD>80,500000</SUD>
    <AUST>80,500000</AUST>
    <BRNN>80,500000</BRNN>
    <COAC>80,500000</COAC>
    <CORS>80,500000</CORS>
    <FOGN>80,500000</FOGN>
    <FRAN>80,500000</FRAN>
    <GREC>80,500000</GREC>
    <MFTV>80,500000</MFTV>
    <PRGP>88,990000</PRGP>
    <ROSN>80,500000</ROSN>
    <SLOV>80,500000</SLOV>
    <SVIZ>80,500000</SVIZ>
    <BSP>80,500000</BSP>
    <MALT>88,990000</MALT>
    <XAUS>80,500000</XAUS>
    <XFRA>80,500000</XFRA>
  </Prezzi>
  <Prezzi>
    <Data>20180412</Data>
    <Mercato>MGP</Mercato>
    <Ora>10</Ora>
    <PUN>70,381920</PUN>
    <NAT>70,000000</NAT>
    <CNOR>69,590000</CNOR>
    <CSUD>69,590000</CSUD>
    <NORD>69,590000</NORD>
    <SARD>69,590000</SARD>
    <SICI>84,990000</SICI>
    <SUD>69,590000</SUD>
    <AUST>69,590000</AUST>
    <BRNN>69,590000</BRNN>
    <COAC>69,590000</COAC>
    <CORS>69,590000</CORS>
    <FOGN>69,590000</FOGN>
    <FRAN>69,590000</FRAN>
    <GREC>69,590000</GREC>
    <MFTV>69,590000</MFTV>
    <PRGP>84,990000</PRGP>
    <ROSN>69,590000</ROSN>
    <SLOV>69,590000</SLOV>
    <SVIZ>69,590000</SVIZ>
    <BSP>69,590000</BSP>
    <MALT>84,990000</MALT>
    <XAUS>69,590000</XAUS>
    <XFRA>69,590000</XFRA>
  </Prezzi>
  <Prezzi>
    <Data>20180412</Data>
    <Mercato>MGP</Mercato>
    <Ora>11</Ora>
    <PUN>58,803070</PUN>
    <NAT>58,740000</NAT>
    <CNOR>58,740000</CNOR>
    <CSUD>58,740000</CSUD>
    <NORD>58,740000</NORD>
    <SARD>58,740000</SARD>
    <SICI>59,990000</SICI>
    <SUD>58,740000</SUD>
    <AUST>58,740000</AUST>
    <BRNN>58,740000</BRNN>
    <COAC>58,740000</COAC>
    <CORS>58,740000</CORS>
    <FOGN>58,740000</FOGN>
    <FRAN>58,740000</FRAN>
    <GREC>58,740000</GREC>
    <MFTV>58,740000</MFTV>
    <PRGP>59,990000</PRGP>
    <ROSN>58,740000</ROSN>
    <SLOV>58,740000</SLOV>
    <SVIZ>58,740000</SVIZ>
    <BSP>58,740000</BSP>
    <MALT>59,990000</MALT>
    <XAUS>58,740000</XAUS>
    <XFRA>58,740000</XFRA>
  </Prezzi>
  <Prezzi>
    <Data>20180412</Data>
    <Mercato>MGP</Mercato>
    <Ora>12</Ora>
    <PUN>54,960000</PUN>
    <NAT>54,950000</NAT>
    <CNOR>54,960000</CNOR>
    <CSUD>54,960000</CSUD>
    <NORD>54,960000</NORD>
    <SARD>54,960000</SARD>
    <SICI>54,960000</SICI>
    <SUD>54,960000</SUD>
    <AUST>54,960000</AUST>
    <BRNN>54,960000</BRNN>
    <COAC>54,960000</COAC>
    <CORS>54,960000</CORS>
    <FOGN>54,960000</FOGN>
    <FRAN>54,960000</FRAN>
    <GREC>54,960000</GREC>
    <MFTV>54,960000</MFTV>
    <PRGP>54,960000</PRGP>
    <ROSN>54,960000</ROSN>
    <SLOV>54,960000</SLOV>
    <SVIZ>54,960000</SVIZ>
    <BSP>54,960000</BSP>
    <MALT>54,960000</MALT>
    <XAUS>54,960000</XAUS>
    <XFRA>54,960000</XFRA>
  </Prezzi>
  <Prezzi>
    <Data>20180412</Data>
    <Mercato>MGP</Mercato>
    <Ora>13</Ora>
    <PUN>52,610000</PUN>
    <NAT>52,610000</NAT>
    <CNOR>52,610000</CNOR>
    <CSUD>52,610000</CSUD>
    <NORD>52,610000</NORD>
    <SARD>52,610000</SARD>
    <SICI>52,610000</SICI>
    <SUD>52,610000</SUD>
    <AUST>52,610000</AUST>
    <BRNN>52,610000</BRNN>
    <COAC>52,610000</COAC>
    <CORS>52,610000</CORS>
    <FOGN>52,610000</FOGN>
    <FRAN>52,610000</FRAN>
    <GREC>52,610000</GREC>
    <MFTV>52,610000</MFTV>
    <PRGP>52,610000</PRGP>
    <ROSN>52,610000</ROSN>
    <SLOV>52,610000</SLOV>
    <SVIZ>52,610000</SVIZ>
    <BSP>52,610000</BSP>
    <MALT>52,610000</MALT>
    <XAUS>52,610000</XAUS>
    <XFRA>52,610000</XFRA>
  </Prezzi>
  <Prezzi>
    <Data>20180412</Data>
    <Mercato>MGP</Mercato>
    <Ora>14</Ora>
    <PUN>52,340000</PUN>
    <NAT>51,000000</NAT>
    <CNOR>52,340000</CNOR>
    <CSUD>52,340000</CSUD>
    <NORD>52,340000</NORD>
    <SARD>52,340000</SARD>
    <SICI>52,340000</SICI>
    <SUD>52,340000</SUD>
    <AUST>52,340000</AUST>
    <BRNN>52,340000</BRNN>
    <COAC>52,340000</COAC>
    <CORS>52,340000</CORS>
    <FOGN>52,340000</FOGN>
    <FRAN>52,340000</FRAN>
    <GREC>52,340000</GREC>
    <MFTV>52,340000</MFTV>
    <PRGP>52,340000</PRGP>
    <ROSN>52,340000</ROSN>
    <SLOV>52,340000</SLOV>
    <SVIZ>52,340000</SVIZ>
    <BSP>52,340000</BSP>
    <MALT>52,340000</MALT>
    <XAUS>52,340000</XAUS>
    <XFRA>52,340000</XFRA>
  </Prezzi>
  <Prezzi>
    <Data>20180412</Data>
    <Mercato>MGP</Mercato>
    <Ora>15</Ora>
    <PUN>50,860550</PUN>
    <NAT>51,000000</NAT>
    <CNOR>50,860550</CNOR>
    <CSUD>50,860550</CSUD>
    <NORD>50,860550</NORD>
    <SARD>50,860550</SARD>
    <SICI>50,860550</SICI>
    <SUD>50,860550</SUD>
    <AUST>50,860550</AUST>
    <BRNN>50,860550</BRNN>
    <COAC>50,860550</COAC>
    <CORS>50,860550</CORS>
    <FOGN>50,860550</FOGN>
    <FRAN>50,860550</FRAN>
    <GREC>50,860550</GREC>
    <MFTV>50,860550</MFTV>
    <PRGP>50,860550</PRGP>
    <ROSN>50,860550</ROSN>
    <SLOV>50,860550</SLOV>
    <SVIZ>50,860550</SVIZ>
    <BSP>50,860550</BSP>
    <MALT>50,860550</MALT>
    <XAUS>50,860550</XAUS>
    <XFRA>50,860550</XFRA>
  </Prezzi>
  <Prezzi>
    <Data>20180412</Data>
    <Mercato>MGP</Mercato>
    <Ora>16</Ora>
    <PUN>52,000000</PUN>
    <NAT>52,000000</NAT>
    <CNOR>52,000000</CNOR>
    <CSUD>52,000000</CSUD>
    <NORD>52,000000</NORD>
    <SARD>52,000000</SARD>
    <SICI>52,000000</SICI>
    <SUD>52,000000</SUD>
    <AUST>52,000000</AUST>
    <BRNN>52,000000</BRNN>
    <COAC>52,000000</COAC>
    <CORS>52,000000</CORS>
    <FOGN>52,000000</FOGN>
    <FRAN>52,000000</FRAN>
    <GREC>52,000000</GREC>
    <MFTV>52,000000</MFTV>
    <PRGP>52,000000</PRGP>
    <ROSN>52,000000</ROSN>
    <SLOV>52,000000</SLOV>
    <SVIZ>52,000000</SVIZ>
    <BSP>52,000000</BSP>
    <MALT>52,000000</MALT>
    <XAUS>52,000000</XAUS>
    <XFRA>52,000000</XFRA>
  </Prezzi>
  <Prezzi>
    <Data>20180412</Data>
    <Mercato>MGP</Mercato>
    <Ora>17</Ora>
    <PUN>51,990000</PUN>
    <NAT>51,990000</NAT>
    <CNOR>51,990000</CNOR>
    <CSUD>51,990000</CSUD>
    <NORD>51,990000</NORD>
    <SARD>51,990000</SARD>
    <SICI>51,990000</SICI>
    <SUD>51,990000</SUD>
    <AUST>51,990000</AUST>
    <BRNN>51,990000</BRNN>
    <COAC>51,990000</COAC>
    <CORS>51,990000</CORS>
    <FOGN>51,990000</FOGN>
    <FRAN>51,990000</FRAN>
    <GREC>51,990000</GREC>
    <MFTV>51,990000</MFTV>
    <PRGP>51,990000</PRGP>
    <ROSN>51,990000</ROSN>
    <SLOV>51,990000</SLOV>
    <SVIZ>51,990000</SVIZ>
    <BSP>51,990000</BSP>
    <MALT>51,990000</MALT>
    <XAUS>51,990000</XAUS>
    <XFRA>51,990000</XFRA>
  </Prezzi>
  <Prezzi>
    <Data>20180412</Data>
    <Mercato>MGP</Mercato>
    <Ora>18</Ora>
    <PUN>52,122570</PUN>
    <NAT>52,000000</NAT>
    <CNOR>51,990000</CNOR>
    <CSUD>51,990000</CSUD>
    <NORD>51,990000</NORD>
    <SARD>51,990000</SARD>
    <SICI>54,470000</SICI>
    <SUD>51,990000</SUD>
    <AUST>51,990000</AUST>
    <BRNN>51,990000</BRNN>
    <COAC>51,990000</COAC>
    <CORS>51,990000</CORS>
    <FOGN>51,990000</FOGN>
    <FRAN>51,990000</FRAN>
    <GREC>51,990000</GREC>
    <MFTV>51,990000</MFTV>
    <PRGP>54,470000</PRGP>
    <ROSN>51,990000</ROSN>
    <SLOV>51,990000</SLOV>
    <SVIZ>51,990000</SVIZ>
    <BSP>51,990000</BSP>
    <MALT>54,470000</MALT>
    <XAUS>51,990000</XAUS>
    <XFRA>51,990000</XFRA>
  </Prezzi>
  <Prezzi>
    <Data>20180412</Data>
    <Mercato>MGP</Mercato>
    <Ora>19</Ora>
    <PUN>54,012950</PUN>
    <NAT>53,240000</NAT>
    <CNOR>52,960000</CNOR>
    <CSUD>52,960000</CSUD>
    <NORD>52,960000</NORD>
    <SARD>52,960000</SARD>
    <SICI>72,000000</SICI>
    <SUD>52,960000</SUD>
    <AUST>52,960000</AUST>
    <BRNN>52,960000</BRNN>
    <COAC>52,960000</COAC>
    <CORS>52,960000</CORS>
    <FOGN>52,960000</FOGN>
    <FRAN>52,960000</FRAN>
    <GREC>52,960000</GREC>
    <MFTV>52,960000</MFTV>
    <PRGP>72,000000</PRGP>
    <ROSN>52,960000</ROSN>
    <SLOV>52,960000</SLOV>
    <SVIZ>52,960000</SVIZ>
    <BSP>52,960000</BSP>
    <MALT>72,000000</MALT>
    <XAUS>52,960000</XAUS>
    <XFRA>52,960000</XFRA>
  </Prezzi>
  <Prezzi>
    <Data>20180412</Data>
    <Mercato>MGP</Mercato>
    <Ora>20</Ora>
    <PUN>62,941020</PUN>
    <NAT>62,230000</NAT>
    <CNOR>61,290000</CNOR>
    <CSUD>61,290000</CSUD>
    <NORD>61,290000</NORD>
    <SARD>61,290000</SARD>
    <SICI>90,000000</SICI>
    <SUD>61,290000</SUD>
    <AUST>61,290000</AUST>
    <BRNN>61,290000</BRNN>
    <COAC>61,290000</COAC>
    <CORS>61,290000</CORS>
    <FOGN>61,290000</FOGN>
    <FRAN>61,290000</FRAN>
    <GREC>61,290000</GREC>
    <MFTV>61,290000</MFTV>
    <PRGP>90,000000</PRGP>
    <ROSN>61,290000</ROSN>
    <SLOV>61,290000</SLOV>
    <SVIZ>61,290000</SVIZ>
    <BSP>61,290000</BSP>
    <MALT>90,000000</MALT>
    <XAUS>61,290000</XAUS>
    <XFRA>61,290000</XFRA>
  </Prezzi>
  <Prezzi>
    <Data>20180412</Data>
    <Mercato>MGP</Mercato>
    <Ora>21</Ora>
    <PUN>67,795410</PUN>
    <NAT>69,580000</NAT>
    <CNOR>66,360000</CNOR>
    <CSUD>66,360000</CSUD>
    <NORD>66,360000</NORD>
    <SARD>66,360000</SARD>
    <SICI>90,000000</SICI>
    <SUD>66,360000</SUD>
    <AUST>66,360000</AUST>
    <BRNN>66,360000</BRNN>
    <COAC>66,360000</COAC>
    <CORS>66,360000</CORS>
    <FOGN>66,360000</FOGN>
    <FRAN>66,360000</FRAN>
    <GREC>66,360000</GREC>
    <MFTV>66,360000</MFTV>
    <PRGP>90,000000</PRGP>
    <ROSN>66,360000</ROSN>
    <SLOV>66,360000</SLOV>
    <SVIZ>66,360000</SVIZ>
    <BSP>66,360000</BSP>
    <MALT>90,000000</MALT>
    <XAUS>66,360000</XAUS>
    <XFRA>66,360000</XFRA>
  </Prezzi>
  <Prezzi>
    <Data>20180412</Data>
    <Mercato>MGP</Mercato>
    <Ora>22</Ora>
    <PUN>56,785360</PUN>
    <NAT>57,150000</NAT>
    <CNOR>54,630000</CNOR>
    <CSUD>54,630000</CSUD>
    <NORD>54,630000</NORD>
    <SARD>54,630000</SARD>
    <SICI>90,000000</SICI>
    <SUD>54,630000</SUD>
    <AUST>54,630000</AUST>
    <BRNN>54,630000</BRNN>
    <COAC>54,630000</COAC>
    <CORS>54,630000</CORS>
    <FOGN>54,630000</FOGN>
    <FRAN>54,630000</FRAN>
    <GREC>54,630000</GREC>
    <MFTV>54,630000</MFTV>
    <PRGP>90,000000</PRGP>
    <ROSN>54,630000</ROSN>
    <SLOV>54,630000</SLOV>
    <SVIZ>54,630000</SVIZ>
    <BSP>54,630000</BSP>
    <MALT>90,000000</MALT>
    <XAUS>54,630000</XAUS>
    <XFRA>54,630000</XFRA>
  </Prezzi>
  <Prezzi>
    <Data>20180412</Data>
    <Mercato>MGP</Mercato>
    <Ora>23</Ora>
    <PUN>54,043620</PUN>
    <NAT>53,530000</NAT>
    <CNOR>52,000000</CNOR>
    <CSUD>52,000000</CSUD>
    <NORD>52,000000</NORD>
    <SARD>52,000000</SARD>
    <SICI>84,990000</SICI>
    <SUD>52,000000</SUD>
    <AUST>52,000000</AUST>
    <BRNN>52,000000</BRNN>
    <COAC>52,000000</COAC>
    <CORS>52,000000</CORS>
    <FOGN>52,000000</FOGN>
    <FRAN>52,000000</FRAN>
    <GREC>52,000000</GREC>
    <MFTV>52,000000</MFTV>
    <PRGP>84,990000</PRGP>
    <ROSN>52,000000</ROSN>
    <SLOV>52,000000</SLOV>
    <SVIZ>52,000000</SVIZ>
    <BSP>52,000000</BSP>
    <MALT>84,990000</MALT>
    <XAUS>52,000000</XAUS>
    <XFRA>52,000000</XFRA>
  </Prezzi>
  <Prezzi>
    <Data>20180412</Data>
    <Mercato>MGP</Mercato>
    <Ora>24</Ora>
    <PUN>49,756840</PUN>
    <NAT>49,000000</NAT>
    <CNOR>48,410000</CNOR>
    <CSUD>48,410000</CSUD>
    <NORD>48,410000</NORD>
    <SARD>48,410000</SARD>
    <SICI>70,000000</SICI>
    <SUD>48,410000</SUD>
    <AUST>48,410000</AUST>
    <BRNN>48,410000</BRNN>
    <COAC>48,410000</COAC>
    <CORS>48,410000</CORS>
    <FOGN>48,410000</FOGN>
    <FRAN>48,410000</FRAN>
    <GREC>48,410000</GREC>
    <MFTV>48,410000</MFTV>
    <PRGP>70,000000</PRGP>
    <ROSN>48,410000</ROSN>
    <SLOV>48,410000</SLOV>
    <SVIZ>48,410000</SVIZ>
    <BSP>48,410000</BSP>
    <MALT>70,000000</MALT>
    <XAUS>48,410000</XAUS>
    <XFRA>48,410000</XFRA>
  </Prezzi>
</NewDataSet>