<?xml version="1.0" standalone="yes"?>
<NewDataSet>
  <xs:schema id="NewDataSet" xmlns="" xmlns:xs="http://www.w3.org/2001/XMLSchema" xmlns:msdata="urn:schemas-microsoft-com:xml-msdata">
    <xs:element name="NewDataSet" msdata:IsDataSet="true" msdata:UseCurrentLocale="true">
      <xs:complexType>
        <xs:choice minOccurs="0" maxOccurs="unbounded">
          <xs:element name="Prezzi">
            <xs:complexType>
              <xs:sequence>
                <xs:element name="Data" type="xs:string" minOccurs="0" />
                <xs:element name="Mercato" type="xs:string" minOccurs="0" />
                <xs:element name="Ora" type="xs:string" minOccurs="0" />
                <xs:element name="PUN" type="xs:string" minOccurs="0" />
                <xs:element name="NAT" type="xs:string" minOccurs="0" />
                <xs:element name="CNOR" type="xs:string" minOccurs="0" />
                <xs:element name="CSUD" type="xs:string" minOccurs="0" />
                <xs:element name="NORD" type="xs:string" minOccurs="0" />
                <xs:element name="SARD" type="xs:string" minOccurs="0" />
                <xs:element name="SICI" type="xs:string" minOccurs="0" />
                <xs:element name="SUD" type="xs:string" minOccurs="0" />
                <xs:element name="AUST" type="xs:string" minOccurs="0" />
                <xs:element name="COAC" type="xs:string" minOccurs="0" />
                <xs:element name="CORS" type="xs:string" minOccurs="0" />
                <xs:element name="FRAN" type="xs:string" minOccurs="0" />
                <xs:element name="GREC" type="xs:string" minOccurs="0" />
                <xs:element name="ROSN" type="xs:string" minOccurs="0" />
                <xs:element name="SLOV" type="xs:string" minOccurs="0" />
                <xs:element name="SVIZ" type="xs:string" minOccurs="0" />
                <xs:element name="BSP" type="xs:string" minOccurs="0" />
                <xs:element name="MALT" type="xs:string" minOccurs="0" />
                <xs:element name="XAUS" type="xs:string" minOccurs="0" />
                <xs:element name="XFRA" type="xs:string" minOccurs="0" />
              </xs:sequence>
            </xs:complexType>
          </xs:element>
        </xs:choice>
      </xs:complexType>
    </xs:element>
  </xs:schema>
  <Prezzi>
    <Data>20191027</Data>
    <Mercato>MGP</Mercato>
    <Ora>1</Ora>
    <PUN>38,974300</PUN>
    <NAT>37,590000</NAT>
    <CNOR>37,590000</CNOR>
    <CSUD>41,540000</CSUD>
    <NORD>37,590000</NORD>
    <SARD>41,540000</SARD>
    <SICI>41,540000</SICI>
    <SUD>41,540000</SUD>
    <AUST>37,590000</AUST>
    <COAC>41,540000</COAC>
    <CORS>41,540000</CORS>
    <FRAN>37,590000</FRAN>
    <GREC>41,540000</GREC>
    <ROSN>41,540000</ROSN>
    <SLOV>37,590000</SLOV>
    <SVIZ>37,590000</SVIZ>
    <BSP>37,590000</BSP>
    <MALT>41,540000</MALT>
    <XAUS>37,590000</XAUS>
    <XFRA>37,590000</XFRA>
  </Prezzi>
  <Prezzi>
    <Data>20191027</Data>
    <Mercato>MGP</Mercato>
    <Ora>2</Ora>
    <PUN>36,640000</PUN>
    <NAT>36,640000</NAT>
    <CNOR>36,640000</CNOR>
    <CSUD>36,640000</CSUD>
    <NORD>36,640000</NORD>
    <SARD>36,640000</SARD>
    <SICI>36,640000</SICI>
    <SUD>36,640000</SUD>
    <AUST>36,640000</AUST>
    <COAC>36,640000</COAC>
    <CORS>36,640000</CORS>
    <FRAN>36,640000</FRAN>
    <GREC>36,640000</GREC>
    <ROSN>36,640000</ROSN>
    <SLOV>36,640000</SLOV>
    <SVIZ>36,640000</SVIZ>
    <BSP>36,640000</BSP>
    <MALT>36,640000</MALT>
    <XAUS>36,640000</XAUS>
    <XFRA>36,640000</XFRA>
  </Prezzi>
  <Prezzi>
    <Data>20191027</Data>
    <Mercato>MGP</Mercato>
    <Ora>3</Ora>
    <PUN>35,365850</PUN>
    <NAT>36,070000</NAT>
    <CNOR>35,000000</CNOR>
    <CSUD>36,070000</CSUD>
    <NORD>35,000000</NORD>
    <SARD>36,070000</SARD>
    <SICI>36,070000</SICI>
    <SUD>36,070000</SUD>
    <AUST>35,000000</AUST>
    <COAC>36,070000</COAC>
    <CORS>36,070000</CORS>
    <FRAN>35,000000</FRAN>
    <GREC>36,070000</GREC>
    <ROSN>36,070000</ROSN>
    <SLOV>35,000000</SLOV>
    <SVIZ>35,000000</SVIZ>
    <BSP>35,000000</BSP>
    <MALT>36,070000</MALT>
    <XAUS>35,000000</XAUS>
    <XFRA>35,000000</XFRA>
  </Prezzi>
  <Prezzi>
    <Data>20191027</Data>
    <Mercato>MGP</Mercato>
    <Ora>4</Ora>
    <PUN>35,053520</PUN>
    <NAT>35,910000</NAT>
    <CNOR>34,530000</CNOR>
    <CSUD>36,060000</CSUD>
    <NORD>34,530000</NORD>
    <SARD>36,060000</SARD>
    <SICI>36,060000</SICI>
    <SUD>36,060000</SUD>
    <AUST>34,530000</AUST>
    <COAC>36,060000</COAC>
    <CORS>36,060000</CORS>
    <FRAN>34,530000</FRAN>
    <GREC>36,060000</GREC>
    <ROSN>36,060000</ROSN>
    <SLOV>34,530000</SLOV>
    <SVIZ>34,530000</SVIZ>
    <BSP>34,530000</BSP>
    <MALT>36,060000</MALT>
    <XAUS>34,530000</XAUS>
    <XFRA>34,530000</XFRA>
  </Prezzi>
  <Prezzi>
    <Data>20191027</Data>
    <Mercato>MGP</Mercato>
    <Ora>5</Ora>
    <PUN>34,053750</PUN>
    <NAT>33,790000</NAT>
    <CNOR>33,020000</CNOR>
    <CSUD>36,050000</CSUD>
    <NORD>33,020000</NORD>
    <SARD>36,050000</SARD>
    <SICI>36,050000</SICI>
    <SUD>36,050000</SUD>
    <AUST>33,020000</AUST>
    <COAC>36,050000</COAC>
    <CORS>36,050000</CORS>
    <FRAN>33,020000</FRAN>
    <GREC>36,050000</GREC>
    <ROSN>36,050000</ROSN>
    <SLOV>33,020000</SLOV>
    <SVIZ>33,020000</SVIZ>
    <BSP>33,020000</BSP>
    <MALT>36,050000</MALT>
    <XAUS>33,020000</XAUS>
    <XFRA>33,020000</XFRA>
  </Prezzi>
  <Prezzi>
    <Data>20191027</Data>
    <Mercato>MGP</Mercato>
    <Ora>6</Ora>
    <PUN>34,055590</PUN>
    <NAT>34,100000</NAT>
    <CNOR>33,020000</CNOR>
    <CSUD>36,070000</CSUD>
    <NORD>33,020000</NORD>
    <SARD>36,070000</SARD>
    <SICI>36,070000</SICI>
    <SUD>36,070000</SUD>
    <AUST>33,020000</AUST>
    <COAC>36,070000</COAC>
    <CORS>36,070000</CORS>
    <FRAN>33,020000</FRAN>
    <GREC>36,070000</GREC>
    <ROSN>36,070000</ROSN>
    <SLOV>33,020000</SLOV>
    <SVIZ>33,020000</SVIZ>
    <BSP>33,020000</BSP>
    <MALT>36,070000</MALT>
    <XAUS>33,020000</XAUS>
    <XFRA>33,020000</XFRA>
  </Prezzi>
  <Prezzi>
    <Data>20191027</Data>
    <Mercato>MGP</Mercato>
    <Ora>7</Ora>
    <PUN>34,063090</PUN>
    <NAT>35,580000</NAT>
    <CNOR>33,030000</CNOR>
    <CSUD>36,070000</CSUD>
    <NORD>33,030000</NORD>
    <SARD>36,070000</SARD>
    <SICI>36,070000</SICI>
    <SUD>36,070000</SUD>
    <AUST>33,030000</AUST>
    <COAC>36,070000</COAC>
    <CORS>36,070000</CORS>
    <FRAN>33,030000</FRAN>
    <GREC>36,070000</GREC>
    <ROSN>36,070000</ROSN>
    <SLOV>33,030000</SLOV>
    <SVIZ>33,030000</SVIZ>
    <BSP>33,030000</BSP>
    <MALT>36,070000</MALT>
    <XAUS>33,030000</XAUS>
    <XFRA>33,030000</XFRA>
  </Prezzi>
  <Prezzi>
    <Data>20191027</Data>
    <Mercato>MGP</Mercato>
    <Ora>8</Ora>
    <PUN>36,126900</PUN>
    <NAT>36,160000</NAT>
    <CNOR>36,110000</CNOR>
    <CSUD>36,160000</CSUD>
    <NORD>36,110000</NORD>
    <SARD>36,160000</SARD>
    <SICI>36,160000</SICI>
    <SUD>36,160000</SUD>
    <AUST>36,110000</AUST>
    <COAC>36,160000</COAC>
    <CORS>36,160000</CORS>
    <FRAN>36,110000</FRAN>
    <GREC>36,160000</GREC>
    <ROSN>36,160000</ROSN>
    <SLOV>36,110000</SLOV>
    <SVIZ>36,110000</SVIZ>
    <BSP>36,110000</BSP>
    <MALT>36,160000</MALT>
    <XAUS>36,110000</XAUS>
    <XFRA>36,110000</XFRA>
  </Prezzi>
  <Prezzi>
    <Data>20191027</Data>
    <Mercato>MGP</Mercato>
    <Ora>9</Ora>
    <PUN>35,430780</PUN>
    <NAT>36,070000</NAT>
    <CNOR>35,100000</CNOR>
    <CSUD>36,070000</CSUD>
    <NORD>35,100000</NORD>
    <SARD>36,070000</SARD>
    <SICI>36,070000</SICI>
    <SUD>36,070000</SUD>
    <AUST>35,100000</AUST>
    <COAC>36,070000</COAC>
    <CORS>36,070000</CORS>
    <FRAN>35,100000</FRAN>
    <GREC>36,070000</GREC>
    <ROSN>36,070000</ROSN>
    <SLOV>35,100000</SLOV>
    <SVIZ>35,100000</SVIZ>
    <BSP>35,100000</BSP>
    <MALT>36,070000</MALT>
    <XAUS>35,100000</XAUS>
    <XFRA>35,100000</XFRA>
  </Prezzi>
  <Prezzi>
    <Data>20191027</Data>
    <Mercato>MGP</Mercato>
    <Ora>10</Ora>
    <PUN>35,991100</PUN>
    <NAT>35,150000</NAT>
    <CNOR>35,000000</CNOR>
    <CSUD>35,000000</CSUD>
    <NORD>35,000000</NORD>
    <SARD>35,000000</SARD>
    <SICI>50,000000</SICI>
    <SUD>35,000000</SUD>
    <AUST>35,000000</AUST>
    <COAC>35,000000</COAC>
    <CORS>35,000000</CORS>
    <FRAN>35,000000</FRAN>
    <GREC>35,000000</GREC>
    <ROSN>35,000000</ROSN>
    <SLOV>35,000000</SLOV>
    <SVIZ>35,000000</SVIZ>
    <BSP>35,000000</BSP>
    <MALT>50,000000</MALT>
    <XAUS>35,000000</XAUS>
    <XFRA>35,000000</XFRA>
  </Prezzi>
  <Prezzi>
    <Data>20191027</Data>
    <Mercato>MGP</Mercato>
    <Ora>11</Ora>
    <PUN>36,241640</PUN>
    <NAT>35,670000</NAT>
    <CNOR>35,240000</CNOR>
    <CSUD>35,240000</CSUD>
    <NORD>35,240000</NORD>
    <SARD>35,240000</SARD>
    <SICI>50,000000</SICI>
    <SUD>35,240000</SUD>
    <AUST>35,240000</AUST>
    <COAC>35,240000</COAC>
    <CORS>35,240000</CORS>
    <FRAN>35,240000</FRAN>
    <GREC>35,240000</GREC>
    <ROSN>35,240000</ROSN>
    <SLOV>35,240000</SLOV>
    <SVIZ>35,240000</SVIZ>
    <BSP>35,240000</BSP>
    <MALT>50,000000</MALT>
    <XAUS>35,240000</XAUS>
    <XFRA>35,240000</XFRA>
  </Prezzi>
  <Prezzi>
    <Data>20191027</Data>
    <Mercato>MGP</Mercato>
    <Ora>12</Ora>
    <PUN>34,990000</PUN>
    <NAT>34,990000</NAT>
    <CNOR>34,990000</CNOR>
    <CSUD>34,990000</CSUD>
    <NORD>34,990000</NORD>
    <SARD>34,990000</SARD>
    <SICI>34,990000</SICI>
    <SUD>34,990000</SUD>
    <AUST>34,990000</AUST>
    <COAC>34,990000</COAC>
    <CORS>34,990000</CORS>
    <FRAN>34,990000</FRAN>
    <GREC>34,990000</GREC>
    <ROSN>34,990000</ROSN>
    <SLOV>34,990000</SLOV>
    <SVIZ>34,990000</SVIZ>
    <BSP>34,990000</BSP>
    <MALT>34,990000</MALT>
    <XAUS>34,990000</XAUS>
    <XFRA>34,990000</XFRA>
  </Prezzi>
  <Prezzi>
    <Data>20191027</Data>
    <Mercato>MGP</Mercato>
    <Ora>13</Ora>
    <PUN>33,830000</PUN>
    <NAT>33,830000</NAT>
    <CNOR>33,830000</CNOR>
    <CSUD>33,830000</CSUD>
    <NORD>33,830000</NORD>
    <SARD>33,830000</SARD>
    <SICI>33,830000</SICI>
    <SUD>33,830000</SUD>
    <AUST>33,830000</AUST>
    <COAC>33,830000</COAC>
    <CORS>33,830000</CORS>
    <FRAN>33,830000</FRAN>
    <GREC>33,830000</GREC>
    <ROSN>33,830000</ROSN>
    <SLOV>33,830000</SLOV>
    <SVIZ>33,830000</SVIZ>
    <BSP>33,830000</BSP>
    <MALT>33,830000</MALT>
    <XAUS>33,830000</XAUS>
    <XFRA>33,830000</XFRA>
  </Prezzi>
  <Prezzi>
    <Data>20191027</Data>
    <Mercato>MGP</Mercato>
    <Ora>14</Ora>
    <PUN>35,190000</PUN>
    <NAT>35,190000</NAT>
    <CNOR>35,190000</CNOR>
    <CSUD>35,190000</CSUD>
    <NORD>35,190000</NORD>
    <SARD>35,190000</SARD>
    <SICI>35,190000</SICI>
    <SUD>35,190000</SUD>
    <AUST>35,190000</AUST>
    <COAC>35,190000</COAC>
    <CORS>35,190000</CORS>
    <FRAN>35,190000</FRAN>
    <GREC>35,190000</GREC>
    <ROSN>35,190000</ROSN>
    <SLOV>35,190000</SLOV>
    <SVIZ>35,190000</SVIZ>
    <BSP>35,190000</BSP>
    <MALT>35,190000</MALT>
    <XAUS>35,190000</XAUS>
    <XFRA>35,190000</XFRA>
  </Prezzi>
  <Prezzi>
    <Data>20191027</Data>
    <Mercato>MGP</Mercato>
    <Ora>15</Ora>
    <PUN>34,550000</PUN>
    <NAT>34,550000</NAT>
    <CNOR>34,550000</CNOR>
    <CSUD>34,550000</CSUD>
    <NORD>34,550000</NORD>
    <SARD>34,550000</SARD>
    <SICI>34,550000</SICI>
    <SUD>34,550000</SUD>
    <AUST>34,550000</AUST>
    <COAC>34,550000</COAC>
    <CORS>34,550000</CORS>
    <FRAN>34,550000</FRAN>
    <GREC>34,550000</GREC>
    <ROSN>34,550000</ROSN>
    <SLOV>34,550000</SLOV>
    <SVIZ>34,550000</SVIZ>
    <BSP>34,550000</BSP>
    <MALT>34,550000</MALT>
    <XAUS>34,550000</XAUS>
    <XFRA>34,550000</XFRA>
  </Prezzi>
  <Prezzi>
    <Data>20191027</Data>
    <Mercato>MGP</Mercato>
    <Ora>16</Ora>
    <PUN>35,870000</PUN>
    <NAT>35,870000</NAT>
    <CNOR>35,870000</CNOR>
    <CSUD>35,870000</CSUD>
    <NORD>35,870000</NORD>
    <SARD>35,870000</SARD>
    <SICI>35,870000</SICI>
    <SUD>35,870000</SUD>
    <AUST>35,870000</AUST>
    <COAC>35,870000</COAC>
    <CORS>35,870000</CORS>
    <FRAN>35,870000</FRAN>
    <GREC>35,870000</GREC>
    <ROSN>35,870000</ROSN>
    <SLOV>35,870000</SLOV>
    <SVIZ>35,870000</SVIZ>
    <BSP>35,870000</BSP>
    <MALT>35,870000</MALT>
    <XAUS>35,870000</XAUS>
    <XFRA>35,870000</XFRA>
  </Prezzi>
  <Prezzi>
    <Data>20191027</Data>
    <Mercato>MGP</Mercato>
    <Ora>17</Ora>
    <PUN>40,444770</PUN>
    <NAT>39,510000</NAT>
    <CNOR>39,510000</CNOR>
    <CSUD>39,510000</CSUD>
    <NORD>39,510000</NORD>
    <SARD>39,510000</SARD>
    <SICI>53,690000</SICI>
    <SUD>39,510000</SUD>
    <AUST>39,510000</AUST>
    <COAC>39,510000</COAC>
    <CORS>39,510000</CORS>
    <FRAN>39,510000</FRAN>
    <GREC>39,510000</GREC>
    <ROSN>39,510000</ROSN>
    <SLOV>39,510000</SLOV>
    <SVIZ>39,510000</SVIZ>
    <BSP>39,510000</BSP>
    <MALT>53,690000</MALT>
    <XAUS>39,510000</XAUS>
    <XFRA>39,510000</XFRA>
  </Prezzi>
  <Prezzi>
    <Data>20191027</Data>
    <Mercato>MGP</Mercato>
    <Ora>18</Ora>
    <PUN>44,222300</PUN>
    <NAT>42,990000</NAT>
    <CNOR>42,230000</CNOR>
    <CSUD>42,230000</CSUD>
    <NORD>42,230000</NORD>
    <SARD>42,230000</SARD>
    <SICI>72,290000</SICI>
    <SUD>42,230000</SUD>
    <AUST>42,230000</AUST>
    <COAC>42,230000</COAC>
    <CORS>42,230000</CORS>
    <FRAN>42,230000</FRAN>
    <GREC>42,230000</GREC>
    <ROSN>42,230000</ROSN>
    <SLOV>42,230000</SLOV>
    <SVIZ>42,230000</SVIZ>
    <BSP>42,230000</BSP>
    <MALT>72,290000</MALT>
    <XAUS>42,230000</XAUS>
    <XFRA>42,230000</XFRA>
  </Prezzi>
  <Prezzi>
    <Data>20191027</Data>
    <Mercato>MGP</Mercato>
    <Ora>19</Ora>
    <PUN>50,954290</PUN>
    <NAT>47,690000</NAT>
    <CNOR>44,436800</CNOR>
    <CSUD>61,260000</CSUD>
    <NORD>44,436800</NORD>
    <SARD>61,260000</SARD>
    <SICI>70,010000</SICI>
    <SUD>61,260000</SUD>
    <AUST>44,436800</AUST>
    <COAC>61,260000</COAC>
    <CORS>61,260000</CORS>
    <FRAN>44,436800</FRAN>
    <GREC>61,260000</GREC>
    <ROSN>61,260000</ROSN>
    <SLOV>44,436800</SLOV>
    <SVIZ>44,436800</SVIZ>
    <BSP>44,436800</BSP>
    <MALT>70,010000</MALT>
    <XAUS>44,436800</XAUS>
    <XFRA>44,436800</XFRA>
  </Prezzi>
  <Prezzi>
    <Data>20191027</Data>
    <Mercato>MGP</Mercato>
    <Ora>20</Ora>
    <PUN>62,496380</PUN>
    <NAT>59,050000</NAT>
    <CNOR>57,830000</CNOR>
    <CSUD>71,010000</CSUD>
    <NORD>57,830000</NORD>
    <SARD>71,010000</SARD>
    <SICI>71,010000</SICI>
    <SUD>71,010000</SUD>
    <AUST>57,830000</AUST>
    <COAC>71,010000</COAC>
    <CORS>71,010000</CORS>
    <FRAN>57,830000</FRAN>
    <GREC>71,010000</GREC>
    <ROSN>71,010000</ROSN>
    <SLOV>57,830000</SLOV>
    <SVIZ>57,830000</SVIZ>
    <BSP>57,830000</BSP>
    <MALT>71,010000</MALT>
    <XAUS>57,830000</XAUS>
    <XFRA>57,830000</XFRA>
  </Prezzi>
  <Prezzi>
    <Data>20191027</Data>
    <Mercato>MGP</Mercato>
    <Ora>21</Ora>
    <PUN>63,584190</PUN>
    <NAT>64,280000</NAT>
    <CNOR>58,000000</CNOR>
    <CSUD>73,650000</CSUD>
    <NORD>58,000000</NORD>
    <SARD>73,650000</SARD>
    <SICI>73,650000</SICI>
    <SUD>73,650000</SUD>
    <AUST>58,000000</AUST>
    <COAC>73,650000</COAC>
    <CORS>73,650000</CORS>
    <FRAN>58,000000</FRAN>
    <GREC>73,650000</GREC>
    <ROSN>73,650000</ROSN>
    <SLOV>58,000000</SLOV>
    <SVIZ>58,000000</SVIZ>
    <BSP>58,000000</BSP>
    <MALT>73,650000</MALT>
    <XAUS>58,000000</XAUS>
    <XFRA>58,000000</XFRA>
  </Prezzi>
  <Prezzi>
    <Data>20191027</Data>
    <Mercato>MGP</Mercato>
    <Ora>22</Ora>
    <PUN>61,691910</PUN>
    <NAT>60,000000</NAT>
    <CNOR>54,870000</CNOR>
    <CSUD>73,650000</CSUD>
    <NORD>54,870000</NORD>
    <SARD>73,650000</SARD>
    <SICI>74,290000</SICI>
    <SUD>73,650000</SUD>
    <AUST>54,870000</AUST>
    <COAC>73,650000</COAC>
    <CORS>73,650000</CORS>
    <FRAN>54,870000</FRAN>
    <GREC>73,650000</GREC>
    <ROSN>73,650000</ROSN>
    <SLOV>54,870000</SLOV>
    <SVIZ>54,870000</SVIZ>
    <BSP>54,870000</BSP>
    <MALT>74,290000</MALT>
    <XAUS>54,870000</XAUS>
    <XFRA>54,870000</XFRA>
  </Prezzi>
  <Prezzi>
    <Data>20191027</Data>
    <Mercato>MGP</Mercato>
    <Ora>23</Ora>
    <PUN>50,682580</PUN>
    <NAT>48,690000</NAT>
    <CNOR>43,600000</CNOR>
    <CSUD>61,260000</CSUD>
    <NORD>43,600000</NORD>
    <SARD>61,260000</SARD>
    <SICI>72,290000</SICI>
    <SUD>61,260000</SUD>
    <AUST>43,600000</AUST>
    <COAC>61,260000</COAC>
    <CORS>61,260000</CORS>
    <FRAN>43,600000</FRAN>
    <GREC>61,260000</GREC>
    <ROSN>61,260000</ROSN>
    <SLOV>43,600000</SLOV>
    <SVIZ>43,600000</SVIZ>
    <BSP>43,600000</BSP>
    <MALT>72,290000</MALT>
    <XAUS>43,600000</XAUS>
    <XFRA>43,600000</XFRA>
  </Prezzi>
  <Prezzi>
    <Data>20191027</Data>
    <Mercato>MGP</Mercato>
    <Ora>24</Ora>
    <PUN>43,491610</PUN>
    <NAT>43,300000</NAT>
    <CNOR>40,000000</CNOR>
    <CSUD>47,690000</CSUD>
    <NORD>40,000000</NORD>
    <SARD>47,690000</SARD>
    <SICI>58,690000</SICI>
    <SUD>47,690000</SUD>
    <AUST>40,000000</AUST>
    <COAC>47,690000</COAC>
    <CORS>47,690000</CORS>
    <FRAN>40,000000</FRAN>
    <GREC>47,690000</GREC>
    <ROSN>47,690000</ROSN>
    <SLOV>40,000000</SLOV>
    <SVIZ>40,000000</SVIZ>
    <BSP>40,000000</BSP>
    <MALT>58,690000</MALT>
    <XAUS>40,000000</XAUS>
    <XFRA>40,000000</XFRA>
  </Prezzi>
  <Prezzi>
    <Data>20191027</Data>
    <Mercato>MGP</Mercato>
    <Ora>25</Ora>
    <PUN>37,737800</PUN>
    <NAT>37,410000</NAT>
    <CNOR>37,010000</CNOR>
    <CSUD>39,050000</CSUD>
    <NORD>37,010000</NORD>
    <SARD>39,050000</SARD>
    <SICI>39,050000</SICI>
    <SUD>39,050000</SUD>
    <AUST>37,010000</AUST>
    <COAC>39,050000</COAC>
    <CORS>39,050000</CORS>
    <FRAN>37,010000</FRAN>
    <GREC>39,050000</GREC>
    <ROSN>39,050000</ROSN>
    <SLOV>37,010000</SLOV>
    <SVIZ>37,010000</SVIZ>
    <BSP>37,010000</BSP>
    <MALT>39,050000</MALT>
    <XAUS>37,010000</XAUS>
    <XFRA>37,010000</XFRA>
  </Prezzi>
</NewDataSet>