<?xml version="1.0" standalone="yes"?>
<NewDataSet>
  <xs:schema id="NewDataSet" xmlns="" xmlns:xs="http://www.w3.org/2001/XMLSchema" xmlns:msdata="urn:schemas-microsoft-com:xml-msdata">
    <xs:element name="NewDataSet" msdata:IsDataSet="true" msdata:UseCurrentLocale="true">
      <xs:complexType>
        <xs:choice minOccurs="0" maxOccurs="unbounded">
          <xs:element name="Quantita">
            <xs:complexType>
              <xs:sequence>
                <xs:element name="Data" type="xs:string" minOccurs="0" />
                <xs:element name="Mercato" type="xs:string" minOccurs="0" />
                <xs:element name="Ora" type="xs:string" minOccurs="0" />
                <xs:element name="TOTALE_ACQUISTI" type="xs:string" minOccurs="0" />
                <xs:element name="NAT_ACQUISTI" type="xs:string" minOccurs="0" />
                <xs:element name="CNOR_ACQUISTI" type="xs:string" minOccurs="0" />
                <xs:element name="CSUD_ACQUISTI" type="xs:string" minOccurs="0" />
                <xs:element name="NORD_ACQUISTI" type="xs:string" minOccurs="0" />
                <xs:element name="SARD_ACQUISTI" type="xs:string" minOccurs="0" />
                <xs:element name="SICI_ACQUISTI" type="xs:string" minOccurs="0" />
                <xs:element name="SUD_ACQUISTI" type="xs:string" minOccurs="0" />
                <xs:element name="AUST_ACQUISTI" type="xs:string" minOccurs="0" />
                <xs:element name="COAC_ACQUISTI" type="xs:string" minOccurs="0" />
                <xs:element name="CORS_ACQUISTI" type="xs:string" minOccurs="0" />
                <xs:element name="FRAN_ACQUISTI" type="xs:string" minOccurs="0" />
                <xs:element name="GREC_ACQUISTI" type="xs:string" minOccurs="0" />
                <xs:element name="ROSN_ACQUISTI" type="xs:string" minOccurs="0" />
                <xs:element name="SLOV_ACQUISTI" type="xs:string" minOccurs="0" />
                <xs:element name="SVIZ_ACQUISTI" type="xs:string" minOccurs="0" />
                <xs:element name="MALT_ACQUISTI" type="xs:string" minOccurs="0" />
                <xs:element name="TOTALE_VENDITE" type="xs:string" minOccurs="0" />
                <xs:element name="NAT_VENDITE" type="xs:string" minOccurs="0" />
                <xs:element name="CNOR_VENDITE" type="xs:string" minOccurs="0" />
                <xs:element name="CSUD_VENDITE" type="xs:string" minOccurs="0" />
                <xs:element name="NORD_VENDITE" type="xs:string" minOccurs="0" />
                <xs:element name="SARD_VENDITE" type="xs:string" minOccurs="0" />
                <xs:element name="SICI_VENDITE" type="xs:string" minOccurs="0" />
                <xs:element name="SUD_VENDITE" type="xs:string" minOccurs="0" />
                <xs:element name="AUST_VENDITE" type="xs:string" minOccurs="0" />
                <xs:element name="COAC_VENDITE" type="xs:string" minOccurs="0" />
                <xs:element name="CORS_VENDITE" type="xs:string" minOccurs="0" />
                <xs:element name="FRAN_VENDITE" type="xs:string" minOccurs="0" />
                <xs:element name="GREC_VENDITE" type="xs:string" minOccurs="0" />
                <xs:element name="ROSN_VENDITE" type="xs:string" minOccurs="0" />
                <xs:element name="SLOV_VENDITE" type="xs:string" minOccurs="0" />
                <xs:element name="SVIZ_VENDITE" type="xs:string" minOccurs="0" />
                <xs:element name="MALT_VENDITE" type="xs:string" minOccurs="0" />
              </xs:sequence>
            </xs:complexType>
          </xs:element>
        </xs:choice>
      </xs:complexType>
    </xs:element>
  </xs:schema>
  <Quantita>
    <Data>20191103</Data>
    <Mercato>MI7</Mercato>
    <Ora>21</Ora>
    <TOTALE_ACQUISTI>595,122</TOTALE_ACQUISTI>
    <NAT_ACQUISTI>593,514000</NAT_ACQUISTI>
    <CNOR_ACQUISTI>21,509000</CNOR_ACQUISTI>
    <CSUD_ACQUISTI>37,193000</CSUD_ACQUISTI>
    <NORD_ACQUISTI>253,305000</NORD_ACQUISTI>
    <SARD_ACQUISTI>31,025000</SARD_ACQUISTI>
    <SICI_ACQUISTI>24,529000</SICI_ACQUISTI>
    <SUD_ACQUISTI>148,393000</SUD_ACQUISTI>
    <AUST_ACQUISTI>0,000000</AUST_ACQUISTI>
    <COAC_ACQUISTI>0,000000</COAC_ACQUISTI>
    <CORS_ACQUISTI>0,000000</CORS_ACQUISTI>
    <FRAN_ACQUISTI>0,000000</FRAN_ACQUISTI>
    <GREC_ACQUISTI>0,000000</GREC_ACQUISTI>
    <ROSN_ACQUISTI>79,168000</ROSN_ACQUISTI>
    <SLOV_ACQUISTI>0,000000</SLOV_ACQUISTI>
    <SVIZ_ACQUISTI>0,000000</SVIZ_ACQUISTI>
    <MALT_ACQUISTI>0,000000</MALT_ACQUISTI>
    <TOTALE_VENDITE>595,122</TOTALE_VENDITE>
    <NAT_VENDITE>593,514000</NAT_VENDITE>
    <CNOR_VENDITE>39,995000</CNOR_VENDITE>
    <CSUD_VENDITE>120,884000</CSUD_VENDITE>
    <NORD_VENDITE>331,673000</NORD_VENDITE>
    <SARD_VENDITE>32,117000</SARD_VENDITE>
    <SICI_VENDITE>23,833000</SICI_VENDITE>
    <SUD_VENDITE>45,936000</SUD_VENDITE>
    <AUST_VENDITE>0,000000</AUST_VENDITE>
    <COAC_VENDITE>0,000000</COAC_VENDITE>
    <CORS_VENDITE>0,000000</CORS_VENDITE>
    <FRAN_VENDITE>0,000000</FRAN_VENDITE>
    <GREC_VENDITE>0,000000</GREC_VENDITE>
    <ROSN_VENDITE>0,684000</ROSN_VENDITE>
    <SLOV_VENDITE>0,000000</SLOV_VENDITE>
    <SVIZ_VENDITE>0,000000</SVIZ_VENDITE>
    <MALT_VENDITE>0,000000</MALT_VENDITE>
  </Quantita>
  <Quantita>
    <Data>20191103</Data>
    <Mercato>MI7</Mercato>
    <Ora>22</Ora>
    <TOTALE_ACQUISTI>678,863</TOTALE_ACQUISTI>
    <NAT_ACQUISTI>677,329000</NAT_ACQUISTI>
    <CNOR_ACQUISTI>19,266000</CNOR_ACQUISTI>
    <CSUD_ACQUISTI>130,967000</CSUD_ACQUISTI>
    <NORD_ACQUISTI>286,056000</NORD_ACQUISTI>
    <SARD_ACQUISTI>19,943000</SARD_ACQUISTI>
    <SICI_ACQUISTI>45,166000</SICI_ACQUISTI>
    <SUD_ACQUISTI>102,465000</SUD_ACQUISTI>
    <AUST_ACQUISTI>0,000000</AUST_ACQUISTI>
    <COAC_ACQUISTI>0,000000</COAC_ACQUISTI>
    <CORS_ACQUISTI>0,000000</CORS_ACQUISTI>
    <FRAN_ACQUISTI>0,000000</FRAN_ACQUISTI>
    <GREC_ACQUISTI>0,000000</GREC_ACQUISTI>
    <ROSN_ACQUISTI>75,000000</ROSN_ACQUISTI>
    <SLOV_ACQUISTI>0,000000</SLOV_ACQUISTI>
    <SVIZ_ACQUISTI>0,000000</SVIZ_ACQUISTI>
    <MALT_ACQUISTI>0,000000</MALT_ACQUISTI>
    <TOTALE_VENDITE>678,863</TOTALE_VENDITE>
    <NAT_VENDITE>677,329000</NAT_VENDITE>
    <CNOR_VENDITE>105,733000</CNOR_VENDITE>
    <CSUD_VENDITE>38,217000</CSUD_VENDITE>
    <NORD_VENDITE>408,564000</NORD_VENDITE>
    <SARD_VENDITE>39,707000</SARD_VENDITE>
    <SICI_VENDITE>28,108000</SICI_VENDITE>
    <SUD_VENDITE>56,765000</SUD_VENDITE>
    <AUST_VENDITE>0,000000</AUST_VENDITE>
    <COAC_VENDITE>0,000000</COAC_VENDITE>
    <CORS_VENDITE>0,000000</CORS_VENDITE>
    <FRAN_VENDITE>0,000000</FRAN_VENDITE>
    <GREC_VENDITE>0,000000</GREC_VENDITE>
    <ROSN_VENDITE>1,769000</ROSN_VENDITE>
    <SLOV_VENDITE>0,000000</SLOV_VENDITE>
    <SVIZ_VENDITE>0,000000</SVIZ_VENDITE>
    <MALT_VENDITE>0,000000</MALT_VENDITE>
  </Quantita>
  <Quantita>
    <Data>20191103</Data>
    <Mercato>MI7</Mercato>
    <Ora>23</Ora>
    <TOTALE_ACQUISTI>653,225</TOTALE_ACQUISTI>
    <NAT_ACQUISTI>648,887000</NAT_ACQUISTI>
    <CNOR_ACQUISTI>18,715000</CNOR_ACQUISTI>
    <CSUD_ACQUISTI>26,405000</CSUD_ACQUISTI>
    <NORD_ACQUISTI>475,942000</NORD_ACQUISTI>
    <SARD_ACQUISTI>22,169000</SARD_ACQUISTI>
    <SICI_ACQUISTI>42,806000</SICI_ACQUISTI>
    <SUD_ACQUISTI>65,111000</SUD_ACQUISTI>
    <AUST_ACQUISTI>0,000000</AUST_ACQUISTI>
    <COAC_ACQUISTI>0,000000</COAC_ACQUISTI>
    <CORS_ACQUISTI>0,000000</CORS_ACQUISTI>
    <FRAN_ACQUISTI>0,000000</FRAN_ACQUISTI>
    <GREC_ACQUISTI>0,000000</GREC_ACQUISTI>
    <ROSN_ACQUISTI>2,077000</ROSN_ACQUISTI>
    <SLOV_ACQUISTI>0,000000</SLOV_ACQUISTI>
    <SVIZ_ACQUISTI>0,000000</SVIZ_ACQUISTI>
    <MALT_ACQUISTI>0,000000</MALT_ACQUISTI>
    <TOTALE_VENDITE>653,225</TOTALE_VENDITE>
    <NAT_VENDITE>648,887000</NAT_VENDITE>
    <CNOR_VENDITE>29,969000</CNOR_VENDITE>
    <CSUD_VENDITE>18,010000</CSUD_VENDITE>
    <NORD_VENDITE>477,985000</NORD_VENDITE>
    <SARD_VENDITE>45,147000</SARD_VENDITE>
    <SICI_VENDITE>30,163000</SICI_VENDITE>
    <SUD_VENDITE>47,112000</SUD_VENDITE>
    <AUST_VENDITE>0,000000</AUST_VENDITE>
    <COAC_VENDITE>0,000000</COAC_VENDITE>
    <CORS_VENDITE>0,000000</CORS_VENDITE>
    <FRAN_VENDITE>0,000000</FRAN_VENDITE>
    <GREC_VENDITE>0,000000</GREC_VENDITE>
    <ROSN_VENDITE>4,839000</ROSN_VENDITE>
    <SLOV_VENDITE>0,000000</SLOV_VENDITE>
    <SVIZ_VENDITE>0,000000</SVIZ_VENDITE>
    <MALT_VENDITE>0,000000</MALT_VENDITE>
  </Quantita>
  <Quantita>
    <Data>20191103</Data>
    <Mercato>MI7</Mercato>
    <Ora>24</Ora>
    <TOTALE_ACQUISTI>647,483</TOTALE_ACQUISTI>
    <NAT_ACQUISTI>640,544000</NAT_ACQUISTI>
    <CNOR_ACQUISTI>17,475000</CNOR_ACQUISTI>
    <CSUD_ACQUISTI>62,867000</CSUD_ACQUISTI>
    <NORD_ACQUISTI>417,460000</NORD_ACQUISTI>
    <SARD_ACQUISTI>36,791000</SARD_ACQUISTI>
    <SICI_ACQUISTI>32,495000</SICI_ACQUISTI>
    <SUD_ACQUISTI>79,833000</SUD_ACQUISTI>
    <AUST_ACQUISTI>0,000000</AUST_ACQUISTI>
    <COAC_ACQUISTI>0,000000</COAC_ACQUISTI>
    <CORS_ACQUISTI>0,000000</CORS_ACQUISTI>
    <FRAN_ACQUISTI>0,000000</FRAN_ACQUISTI>
    <GREC_ACQUISTI>0,000000</GREC_ACQUISTI>
    <ROSN_ACQUISTI>0,562000</ROSN_ACQUISTI>
    <SLOV_ACQUISTI>0,000000</SLOV_ACQUISTI>
    <SVIZ_ACQUISTI>0,000000</SVIZ_ACQUISTI>
    <MALT_ACQUISTI>0,000000</MALT_ACQUISTI>
    <TOTALE_VENDITE>647,483</TOTALE_VENDITE>
    <NAT_VENDITE>640,544000</NAT_VENDITE>
    <CNOR_VENDITE>29,831000</CNOR_VENDITE>
    <CSUD_VENDITE>13,762000</CSUD_VENDITE>
    <NORD_VENDITE>477,099000</NORD_VENDITE>
    <SARD_VENDITE>52,899000</SARD_VENDITE>
    <SICI_VENDITE>21,268000</SICI_VENDITE>
    <SUD_VENDITE>44,929000</SUD_VENDITE>
    <AUST_VENDITE>0,000000</AUST_VENDITE>
    <COAC_VENDITE>0,000000</COAC_VENDITE>
    <CORS_VENDITE>0,000000</CORS_VENDITE>
    <FRAN_VENDITE>0,000000</FRAN_VENDITE>
    <GREC_VENDITE>0,000000</GREC_VENDITE>
    <ROSN_VENDITE>7,695000</ROSN_VENDITE>
    <SLOV_VENDITE>0,000000</SLOV_VENDITE>
    <SVIZ_VENDITE>0,000000</SVIZ_VENDITE>
    <MALT_VENDITE>0,000000</MALT_VENDITE>
  </Quantita>
</NewDataSet>