<?xml version="1.0" standalone="yes"?>
<NewDataSet>
  <xs:schema id="NewDataSet" xmlns="" xmlns:xs="http://www.w3.org/2001/XMLSchema" xmlns:msdata="urn:schemas-microsoft-com:xml-msdata">
    <xs:element name="NewDataSet" msdata:IsDataSet="true" msdata:MainDataTable="PrezziConvenzionali" msdata:UseCurrentLocale="true">
      <xs:complexType>
        <xs:choice minOccurs="0" maxOccurs="unbounded">
          <xs:element name="PrezziConvenzionali">
            <xs:complexType>
              <xs:sequence>
                <xs:element name="Data" type="xs:string" minOccurs="0" />
                <xs:element name="Mercato" type="xs:string" minOccurs="0" />
                <xs:element name="Ora" type="xs:string" minOccurs="0" />
                <xs:element name="CNOR" type="xs:string" minOccurs="0" />
                <xs:element name="CSUD" type="xs:string" minOccurs="0" />
                <xs:element name="NORD" type="xs:string" minOccurs="0" />
                <xs:element name="SARD" type="xs:string" minOccurs="0" />
                <xs:element name="SICI" type="xs:string" minOccurs="0" />
                <xs:element name="SUD" type="xs:string" minOccurs="0" />
                <xs:element name="AUST" type="xs:string" minOccurs="0" />
                <xs:element name="BRNN" type="xs:string" minOccurs="0" />
                <xs:element name="COAC" type="xs:string" minOccurs="0" />
                <xs:element name="CORS" type="xs:string" minOccurs="0" />
                <xs:element name="FOGN" type="xs:string" minOccurs="0" />
                <xs:element name="FRAN" type="xs:string" minOccurs="0" />
                <xs:element name="GREC" type="xs:string" minOccurs="0" />
                <xs:element name="MFTV" type="xs:string" minOccurs="0" />
                <xs:element name="PRGP" type="xs:string" minOccurs="0" />
                <xs:element name="ROSN" type="xs:string" minOccurs="0" />
                <xs:element name="SLOV" type="xs:string" minOccurs="0" />
                <xs:element name="SVIZ" type="xs:string" minOccurs="0" />
                <xs:element name="BSP" type="xs:string" minOccurs="0" />
                <xs:element name="XAUS" type="xs:string" minOccurs="0" />
                <xs:element name="XFRA" type="xs:string" minOccurs="0" />
                <xs:element name="MALT" type="xs:string" minOccurs="0" />
              </xs:sequence>
            </xs:complexType>
          </xs:element>
        </xs:choice>
      </xs:complexType>
    </xs:element>
  </xs:schema>
  <PrezziConvenzionali>
    <Data>20180423</Data>
    <Mercato>MGP</Mercato>
    <Ora>01</Ora>
    <CNOR>92</CNOR>
    <CSUD>92</CSUD>
    <NORD>92</NORD>
    <SARD>92</SARD>
    <SICI>92</SICI>
    <SUD>92</SUD>
    <AUST>92</AUST>
    <BRNN>92</BRNN>
    <COAC>92</COAC>
    <CORS>92</CORS>
    <FOGN>92</FOGN>
    <FRAN>92</FRAN>
    <GREC>92</GREC>
    <MFTV>92</MFTV>
    <PRGP>92</PRGP>
    <ROSN>92</ROSN>
    <SLOV>92</SLOV>
    <SVIZ>92</SVIZ>
    <MALT>92</MALT>
  </PrezziConvenzionali>
  <PrezziConvenzionali>
    <Data>20180423</Data>
    <Mercato>MGP</Mercato>
    <Ora>02</Ora>
    <CNOR>92</CNOR>
    <CSUD>92</CSUD>
    <NORD>92</NORD>
    <SARD>92</SARD>
    <SICI>92</SICI>
    <SUD>92</SUD>
    <AUST>92</AUST>
    <BRNN>92</BRNN>
    <COAC>92</COAC>
    <CORS>92</CORS>
    <FOGN>92</FOGN>
    <FRAN>92</FRAN>
    <GREC>92</GREC>
    <MFTV>92</MFTV>
    <PRGP>92</PRGP>
    <ROSN>92</ROSN>
    <SLOV>92</SLOV>
    <SVIZ>92</SVIZ>
    <MALT>92</MALT>
  </PrezziConvenzionali>
  <PrezziConvenzionali>
    <Data>20180423</Data>
    <Mercato>MGP</Mercato>
    <Ora>03</Ora>
    <CNOR>92</CNOR>
    <CSUD>92</CSUD>
    <NORD>92</NORD>
    <SARD>92</SARD>
    <SICI>92</SICI>
    <SUD>92</SUD>
    <AUST>92</AUST>
    <BRNN>92</BRNN>
    <COAC>92</COAC>
    <CORS>92</CORS>
    <FOGN>92</FOGN>
    <FRAN>92</FRAN>
    <GREC>92</GREC>
    <MFTV>92</MFTV>
    <PRGP>92</PRGP>
    <ROSN>92</ROSN>
    <SLOV>92</SLOV>
    <SVIZ>92</SVIZ>
    <MALT>92</MALT>
  </PrezziConvenzionali>
  <PrezziConvenzionali>
    <Data>20180423</Data>
    <Mercato>MGP</Mercato>
    <Ora>04</Ora>
    <CNOR>92</CNOR>
    <CSUD>92</CSUD>
    <NORD>92</NORD>
    <SARD>92</SARD>
    <SICI>92</SICI>
    <SUD>92</SUD>
    <AUST>92</AUST>
    <BRNN>92</BRNN>
    <COAC>92</COAC>
    <CORS>92</CORS>
    <FOGN>92</FOGN>
    <FRAN>92</FRAN>
    <GREC>92</GREC>
    <MFTV>92</MFTV>
    <PRGP>92</PRGP>
    <ROSN>92</ROSN>
    <SLOV>92</SLOV>
    <SVIZ>92</SVIZ>
    <MALT>92</MALT>
  </PrezziConvenzionali>
  <PrezziConvenzionali>
    <Data>20180423</Data>
    <Mercato>MGP</Mercato>
    <Ora>05</Ora>
    <CNOR>92</CNOR>
    <CSUD>92</CSUD>
    <NORD>92</NORD>
    <SARD>92</SARD>
    <SICI>92</SICI>
    <SUD>92</SUD>
    <AUST>92</AUST>
    <BRNN>92</BRNN>
    <COAC>92</COAC>
    <CORS>92</CORS>
    <FOGN>92</FOGN>
    <FRAN>92</FRAN>
    <GREC>92</GREC>
    <MFTV>92</MFTV>
    <PRGP>92</PRGP>
    <ROSN>92</ROSN>
    <SLOV>92</SLOV>
    <SVIZ>92</SVIZ>
    <MALT>92</MALT>
  </PrezziConvenzionali>
  <PrezziConvenzionali>
    <Data>20180423</Data>
    <Mercato>MGP</Mercato>
    <Ora>06</Ora>
    <CNOR>92</CNOR>
    <CSUD>92</CSUD>
    <NORD>92</NORD>
    <SARD>92</SARD>
    <SICI>92</SICI>
    <SUD>92</SUD>
    <AUST>92</AUST>
    <BRNN>92</BRNN>
    <COAC>92</COAC>
    <CORS>92</CORS>
    <FOGN>92</FOGN>
    <FRAN>92</FRAN>
    <GREC>92</GREC>
    <MFTV>92</MFTV>
    <PRGP>92</PRGP>
    <ROSN>92</ROSN>
    <SLOV>92</SLOV>
    <SVIZ>92</SVIZ>
    <MALT>92</MALT>
  </PrezziConvenzionali>
  <PrezziConvenzionali>
    <Data>20180423</Data>
    <Mercato>MGP</Mercato>
    <Ora>07</Ora>
    <CNOR>92</CNOR>
    <CSUD>92</CSUD>
    <NORD>92</NORD>
    <SARD>92</SARD>
    <SICI>92</SICI>
    <SUD>92</SUD>
    <AUST>92</AUST>
    <BRNN>92</BRNN>
    <COAC>92</COAC>
    <CORS>92</CORS>
    <FOGN>92</FOGN>
    <FRAN>92</FRAN>
    <GREC>92</GREC>
    <MFTV>92</MFTV>
    <PRGP>92</PRGP>
    <ROSN>92</ROSN>
    <SLOV>92</SLOV>
    <SVIZ>92</SVIZ>
    <MALT>92</MALT>
  </PrezziConvenzionali>
  <PrezziConvenzionali>
    <Data>20180423</Data>
    <Mercato>MGP</Mercato>
    <Ora>08</Ora>
    <CNOR>92</CNOR>
    <CSUD>92</CSUD>
    <NORD>92</NORD>
    <SARD>92</SARD>
    <SICI>92</SICI>
    <SUD>92</SUD>
    <AUST>92</AUST>
    <BRNN>92</BRNN>
    <COAC>92</COAC>
    <CORS>92</CORS>
    <FOGN>92</FOGN>
    <FRAN>92</FRAN>
    <GREC>92</GREC>
    <MFTV>92</MFTV>
    <PRGP>92</PRGP>
    <ROSN>92</ROSN>
    <SLOV>92</SLOV>
    <SVIZ>92</SVIZ>
    <MALT>92</MALT>
  </PrezziConvenzionali>
  <PrezziConvenzionali>
    <Data>20180423</Data>
    <Mercato>MGP</Mercato>
    <Ora>09</Ora>
    <CNOR>115</CNOR>
    <CSUD>115</CSUD>
    <NORD>115</NORD>
    <SARD>115</SARD>
    <SICI>115</SICI>
    <SUD>115</SUD>
    <AUST>115</AUST>
    <BRNN>115</BRNN>
    <COAC>115</COAC>
    <CORS>115</CORS>
    <FOGN>115</FOGN>
    <FRAN>115</FRAN>
    <GREC>115</GREC>
    <MFTV>115</MFTV>
    <PRGP>115</PRGP>
    <ROSN>115</ROSN>
    <SLOV>115</SLOV>
    <SVIZ>115</SVIZ>
    <MALT>115</MALT>
  </PrezziConvenzionali>
  <PrezziConvenzionali>
    <Data>20180423</Data>
    <Mercato>MGP</Mercato>
    <Ora>10</Ora>
    <CNOR>115</CNOR>
    <CSUD>115</CSUD>
    <NORD>115</NORD>
    <SARD>115</SARD>
    <SICI>115</SICI>
    <SUD>115</SUD>
    <AUST>115</AUST>
    <BRNN>115</BRNN>
    <COAC>115</COAC>
    <CORS>115</CORS>
    <FOGN>115</FOGN>
    <FRAN>115</FRAN>
    <GREC>115</GREC>
    <MFTV>115</MFTV>
    <PRGP>115</PRGP>
    <ROSN>115</ROSN>
    <SLOV>115</SLOV>
    <SVIZ>115</SVIZ>
    <MALT>115</MALT>
  </PrezziConvenzionali>
  <PrezziConvenzionali>
    <Data>20180423</Data>
    <Mercato>MGP</Mercato>
    <Ora>11</Ora>
    <CNOR>115</CNOR>
    <CSUD>115</CSUD>
    <NORD>115</NORD>
    <SARD>115</SARD>
    <SICI>115</SICI>
    <SUD>115</SUD>
    <AUST>115</AUST>
    <BRNN>115</BRNN>
    <COAC>115</COAC>
    <CORS>115</CORS>
    <FOGN>115</FOGN>
    <FRAN>115</FRAN>
    <GREC>115</GREC>
    <MFTV>115</MFTV>
    <PRGP>115</PRGP>
    <ROSN>115</ROSN>
    <SLOV>115</SLOV>
    <SVIZ>115</SVIZ>
    <MALT>115</MALT>
  </PrezziConvenzionali>
  <PrezziConvenzionali>
    <Data>20180423</Data>
    <Mercato>MGP</Mercato>
    <Ora>12</Ora>
    <CNOR>115</CNOR>
    <CSUD>115</CSUD>
    <NORD>115</NORD>
    <SARD>115</SARD>
    <SICI>115</SICI>
    <SUD>115</SUD>
    <AUST>115</AUST>
    <BRNN>115</BRNN>
    <COAC>115</COAC>
    <CORS>115</CORS>
    <FOGN>115</FOGN>
    <FRAN>115</FRAN>
    <GREC>115</GREC>
    <MFTV>115</MFTV>
    <PRGP>115</PRGP>
    <ROSN>115</ROSN>
    <SLOV>115</SLOV>
    <SVIZ>115</SVIZ>
    <MALT>115</MALT>
  </PrezziConvenzionali>
  <PrezziConvenzionali>
    <Data>20180423</Data>
    <Mercato>MGP</Mercato>
    <Ora>13</Ora>
    <CNOR>115</CNOR>
    <CSUD>115</CSUD>
    <NORD>115</NORD>
    <SARD>115</SARD>
    <SICI>115</SICI>
    <SUD>115</SUD>
    <AUST>115</AUST>
    <BRNN>115</BRNN>
    <COAC>115</COAC>
    <CORS>115</CORS>
    <FOGN>115</FOGN>
    <FRAN>115</FRAN>
    <GREC>115</GREC>
    <MFTV>115</MFTV>
    <PRGP>115</PRGP>
    <ROSN>115</ROSN>
    <SLOV>115</SLOV>
    <SVIZ>115</SVIZ>
    <MALT>115</MALT>
  </PrezziConvenzionali>
  <PrezziConvenzionali>
    <Data>20180423</Data>
    <Mercato>MGP</Mercato>
    <Ora>14</Ora>
    <CNOR>115</CNOR>
    <CSUD>115</CSUD>
    <NORD>115</NORD>
    <SARD>115</SARD>
    <SICI>115</SICI>
    <SUD>115</SUD>
    <AUST>115</AUST>
    <BRNN>115</BRNN>
    <COAC>115</COAC>
    <CORS>115</CORS>
    <FOGN>115</FOGN>
    <FRAN>115</FRAN>
    <GREC>115</GREC>
    <MFTV>115</MFTV>
    <PRGP>115</PRGP>
    <ROSN>115</ROSN>
    <SLOV>115</SLOV>
    <SVIZ>115</SVIZ>
    <MALT>115</MALT>
  </PrezziConvenzionali>
  <PrezziConvenzionali>
    <Data>20180423</Data>
    <Mercato>MGP</Mercato>
    <Ora>15</Ora>
    <CNOR>115</CNOR>
    <CSUD>115</CSUD>
    <NORD>115</NORD>
    <SARD>115</SARD>
    <SICI>115</SICI>
    <SUD>115</SUD>
    <AUST>115</AUST>
    <BRNN>115</BRNN>
    <COAC>115</COAC>
    <CORS>115</CORS>
    <FOGN>115</FOGN>
    <FRAN>115</FRAN>
    <GREC>115</GREC>
    <MFTV>115</MFTV>
    <PRGP>115</PRGP>
    <ROSN>115</ROSN>
    <SLOV>115</SLOV>
    <SVIZ>115</SVIZ>
    <MALT>115</MALT>
  </PrezziConvenzionali>
  <PrezziConvenzionali>
    <Data>20180423</Data>
    <Mercato>MGP</Mercato>
    <Ora>16</Ora>
    <CNOR>115</CNOR>
    <CSUD>115</CSUD>
    <NORD>115</NORD>
    <SARD>115</SARD>
    <SICI>115</SICI>
    <SUD>115</SUD>
    <AUST>115</AUST>
    <BRNN>115</BRNN>
    <COAC>115</COAC>
    <CORS>115</CORS>
    <FOGN>115</FOGN>
    <FRAN>115</FRAN>
    <GREC>115</GREC>
    <MFTV>115</MFTV>
    <PRGP>115</PRGP>
    <ROSN>115</ROSN>
    <SLOV>115</SLOV>
    <SVIZ>115</SVIZ>
    <MALT>115</MALT>
  </PrezziConvenzionali>
  <PrezziConvenzionali>
    <Data>20180423</Data>
    <Mercato>MGP</Mercato>
    <Ora>17</Ora>
    <CNOR>115</CNOR>
    <CSUD>115</CSUD>
    <NORD>115</NORD>
    <SARD>115</SARD>
    <SICI>115</SICI>
    <SUD>115</SUD>
    <AUST>115</AUST>
    <BRNN>115</BRNN>
    <COAC>115</COAC>
    <CORS>115</CORS>
    <FOGN>115</FOGN>
    <FRAN>115</FRAN>
    <GREC>115</GREC>
    <MFTV>115</MFTV>
    <PRGP>115</PRGP>
    <ROSN>115</ROSN>
    <SLOV>115</SLOV>
    <SVIZ>115</SVIZ>
    <MALT>115</MALT>
  </PrezziConvenzionali>
  <PrezziConvenzionali>
    <Data>20180423</Data>
    <Mercato>MGP</Mercato>
    <Ora>18</Ora>
    <CNOR>115</CNOR>
    <CSUD>115</CSUD>
    <NORD>115</NORD>
    <SARD>115</SARD>
    <SICI>115</SICI>
    <SUD>115</SUD>
    <AUST>115</AUST>
    <BRNN>115</BRNN>
    <COAC>115</COAC>
    <CORS>115</CORS>
    <FOGN>115</FOGN>
    <FRAN>115</FRAN>
    <GREC>115</GREC>
    <MFTV>115</MFTV>
    <PRGP>115</PRGP>
    <ROSN>115</ROSN>
    <SLOV>115</SLOV>
    <SVIZ>115</SVIZ>
    <MALT>115</MALT>
  </PrezziConvenzionali>
  <PrezziConvenzionali>
    <Data>20180423</Data>
    <Mercato>MGP</Mercato>
    <Ora>19</Ora>
    <CNOR>115</CNOR>
    <CSUD>115</CSUD>
    <NORD>115</NORD>
    <SARD>115</SARD>
    <SICI>115</SICI>
    <SUD>115</SUD>
    <AUST>115</AUST>
    <BRNN>115</BRNN>
    <COAC>115</COAC>
    <CORS>115</CORS>
    <FOGN>115</FOGN>
    <FRAN>115</FRAN>
    <GREC>115</GREC>
    <MFTV>115</MFTV>
    <PRGP>115</PRGP>
    <ROSN>115</ROSN>
    <SLOV>115</SLOV>
    <SVIZ>115</SVIZ>
    <MALT>115</MALT>
  </PrezziConvenzionali>
  <PrezziConvenzionali>
    <Data>20180423</Data>
    <Mercato>MGP</Mercato>
    <Ora>20</Ora>
    <CNOR>115</CNOR>
    <CSUD>115</CSUD>
    <NORD>115</NORD>
    <SARD>115</SARD>
    <SICI>115</SICI>
    <SUD>115</SUD>
    <AUST>115</AUST>
    <BRNN>115</BRNN>
    <COAC>115</COAC>
    <CORS>115</CORS>
    <FOGN>115</FOGN>
    <FRAN>115</FRAN>
    <GREC>115</GREC>
    <MFTV>115</MFTV>
    <PRGP>115</PRGP>
    <ROSN>115</ROSN>
    <SLOV>115</SLOV>
    <SVIZ>115</SVIZ>
    <MALT>115</MALT>
  </PrezziConvenzionali>
  <PrezziConvenzionali>
    <Data>20180423</Data>
    <Mercato>MGP</Mercato>
    <Ora>21</Ora>
    <CNOR>92</CNOR>
    <CSUD>92</CSUD>
    <NORD>92</NORD>
    <SARD>92</SARD>
    <SICI>92</SICI>
    <SUD>92</SUD>
    <AUST>92</AUST>
    <BRNN>92</BRNN>
    <COAC>92</COAC>
    <CORS>92</CORS>
    <FOGN>92</FOGN>
    <FRAN>92</FRAN>
    <GREC>92</GREC>
    <MFTV>92</MFTV>
    <PRGP>92</PRGP>
    <ROSN>92</ROSN>
    <SLOV>92</SLOV>
    <SVIZ>92</SVIZ>
    <MALT>92</MALT>
  </PrezziConvenzionali>
  <PrezziConvenzionali>
    <Data>20180423</Data>
    <Mercato>MGP</Mercato>
    <Ora>22</Ora>
    <CNOR>92</CNOR>
    <CSUD>92</CSUD>
    <NORD>92</NORD>
    <SARD>92</SARD>
    <SICI>92</SICI>
    <SUD>92</SUD>
    <AUST>92</AUST>
    <BRNN>92</BRNN>
    <COAC>92</COAC>
    <CORS>92</CORS>
    <FOGN>92</FOGN>
    <FRAN>92</FRAN>
    <GREC>92</GREC>
    <MFTV>92</MFTV>
    <PRGP>92</PRGP>
    <ROSN>92</ROSN>
    <SLOV>92</SLOV>
    <SVIZ>92</SVIZ>
    <MALT>92</MALT>
  </PrezziConvenzionali>
  <PrezziConvenzionali>
    <Data>20180423</Data>
    <Mercato>MGP</Mercato>
    <Ora>23</Ora>
    <CNOR>92</CNOR>
    <CSUD>92</CSUD>
    <NORD>92</NORD>
    <SARD>92</SARD>
    <SICI>92</SICI>
    <SUD>92</SUD>
    <AUST>92</AUST>
    <BRNN>92</BRNN>
    <COAC>92</COAC>
    <CORS>92</CORS>
    <FOGN>92</FOGN>
    <FRAN>92</FRAN>
    <GREC>92</GREC>
    <MFTV>92</MFTV>
    <PRGP>92</PRGP>
    <ROSN>92</ROSN>
    <SLOV>92</SLOV>
    <SVIZ>92</SVIZ>
    <MALT>92</MALT>
  </PrezziConvenzionali>
  <PrezziConvenzionali>
    <Data>20180423</Data>
    <Mercato>MGP</Mercato>
    <Ora>24</Ora>
    <CNOR>92</CNOR>
    <CSUD>92</CSUD>
    <NORD>92</NORD>
    <SARD>92</SARD>
    <SICI>92</SICI>
    <SUD>92</SUD>
    <AUST>92</AUST>
    <BRNN>92</BRNN>
    <COAC>92</COAC>
    <CORS>92</CORS>
    <FOGN>92</FOGN>
    <FRAN>92</FRAN>
    <GREC>92</GREC>
    <MFTV>92</MFTV>
    <PRGP>92</PRGP>
    <ROSN>92</ROSN>
    <SLOV>92</SLOV>
    <SVIZ>92</SVIZ>
    <MALT>92</MALT>
  </PrezziConvenzionali>
</NewDataSet>