<?xml version="1.0" standalone="yes"?>
<NewDataSet>
  <xs:schema id="NewDataSet" xmlns="" xmlns:xs="http://www.w3.org/2001/XMLSchema" xmlns:msdata="urn:schemas-microsoft-com:xml-msdata">
    <xs:element name="NewDataSet" msdata:IsDataSet="true" msdata:MainDataTable="PrezziConvenzionali" msdata:UseCurrentLocale="true">
      <xs:complexType>
        <xs:choice minOccurs="0" maxOccurs="unbounded">
          <xs:element name="PrezziConvenzionali">
            <xs:complexType>
              <xs:sequence>
                <xs:element name="Data" type="xs:string" minOccurs="0" />
                <xs:element name="Mercato" type="xs:string" minOccurs="0" />
                <xs:element name="Ora" type="xs:string" minOccurs="0" />
                <xs:element name="CNOR" type="xs:string" minOccurs="0" />
                <xs:element name="CSUD" type="xs:string" minOccurs="0" />
                <xs:element name="NORD" type="xs:string" minOccurs="0" />
                <xs:element name="SARD" type="xs:string" minOccurs="0" />
                <xs:element name="SICI" type="xs:string" minOccurs="0" />
                <xs:element name="SUD" type="xs:string" minOccurs="0" />
                <xs:element name="AUST" type="xs:string" minOccurs="0" />
                <xs:element name="BRNN" type="xs:string" minOccurs="0" />
                <xs:element name="COAC" type="xs:string" minOccurs="0" />
                <xs:element name="CORS" type="xs:string" minOccurs="0" />
                <xs:element name="FOGN" type="xs:string" minOccurs="0" />
                <xs:element name="FRAN" type="xs:string" minOccurs="0" />
                <xs:element name="GREC" type="xs:string" minOccurs="0" />
                <xs:element name="MFTV" type="xs:string" minOccurs="0" />
                <xs:element name="PRGP" type="xs:string" minOccurs="0" />
                <xs:element name="ROSN" type="xs:string" minOccurs="0" />
                <xs:element name="SLOV" type="xs:string" minOccurs="0" />
                <xs:element name="SVIZ" type="xs:string" minOccurs="0" />
                <xs:element name="BSP" type="xs:string" minOccurs="0" />
                <xs:element name="XAUS" type="xs:string" minOccurs="0" />
                <xs:element name="XFRA" type="xs:string" minOccurs="0" />
                <xs:element name="MALT" type="xs:string" minOccurs="0" />
              </xs:sequence>
            </xs:complexType>
          </xs:element>
        </xs:choice>
      </xs:complexType>
    </xs:element>
  </xs:schema>
  <PrezziConvenzionali>
    <Data>20180403</Data>
    <Mercato>MGP</Mercato>
    <Ora>01</Ora>
    <CNOR>91</CNOR>
    <CSUD>91</CSUD>
    <NORD>91</NORD>
    <SARD>91</SARD>
    <SICI>91</SICI>
    <SUD>91</SUD>
    <AUST>91</AUST>
    <BRNN>91</BRNN>
    <COAC>91</COAC>
    <CORS>91</CORS>
    <FOGN>91</FOGN>
    <FRAN>91</FRAN>
    <GREC>91</GREC>
    <MFTV>91</MFTV>
    <PRGP>91</PRGP>
    <ROSN>91</ROSN>
    <SLOV>91</SLOV>
    <SVIZ>91</SVIZ>
    <MALT>91</MALT>
  </PrezziConvenzionali>
  <PrezziConvenzionali>
    <Data>20180403</Data>
    <Mercato>MGP</Mercato>
    <Ora>02</Ora>
    <CNOR>91</CNOR>
    <CSUD>91</CSUD>
    <NORD>91</NORD>
    <SARD>91</SARD>
    <SICI>91</SICI>
    <SUD>91</SUD>
    <AUST>91</AUST>
    <BRNN>91</BRNN>
    <COAC>91</COAC>
    <CORS>91</CORS>
    <FOGN>91</FOGN>
    <FRAN>91</FRAN>
    <GREC>91</GREC>
    <MFTV>91</MFTV>
    <PRGP>91</PRGP>
    <ROSN>91</ROSN>
    <SLOV>91</SLOV>
    <SVIZ>91</SVIZ>
    <MALT>91</MALT>
  </PrezziConvenzionali>
  <PrezziConvenzionali>
    <Data>20180403</Data>
    <Mercato>MGP</Mercato>
    <Ora>03</Ora>
    <CNOR>91</CNOR>
    <CSUD>91</CSUD>
    <NORD>91</NORD>
    <SARD>91</SARD>
    <SICI>91</SICI>
    <SUD>91</SUD>
    <AUST>91</AUST>
    <BRNN>91</BRNN>
    <COAC>91</COAC>
    <CORS>91</CORS>
    <FOGN>91</FOGN>
    <FRAN>91</FRAN>
    <GREC>91</GREC>
    <MFTV>91</MFTV>
    <PRGP>91</PRGP>
    <ROSN>91</ROSN>
    <SLOV>91</SLOV>
    <SVIZ>91</SVIZ>
    <MALT>91</MALT>
  </PrezziConvenzionali>
  <PrezziConvenzionali>
    <Data>20180403</Data>
    <Mercato>MGP</Mercato>
    <Ora>04</Ora>
    <CNOR>91</CNOR>
    <CSUD>91</CSUD>
    <NORD>91</NORD>
    <SARD>91</SARD>
    <SICI>91</SICI>
    <SUD>91</SUD>
    <AUST>91</AUST>
    <BRNN>91</BRNN>
    <COAC>91</COAC>
    <CORS>91</CORS>
    <FOGN>91</FOGN>
    <FRAN>91</FRAN>
    <GREC>91</GREC>
    <MFTV>91</MFTV>
    <PRGP>91</PRGP>
    <ROSN>91</ROSN>
    <SLOV>91</SLOV>
    <SVIZ>91</SVIZ>
    <MALT>91</MALT>
  </PrezziConvenzionali>
  <PrezziConvenzionali>
    <Data>20180403</Data>
    <Mercato>MGP</Mercato>
    <Ora>05</Ora>
    <CNOR>91</CNOR>
    <CSUD>91</CSUD>
    <NORD>91</NORD>
    <SARD>91</SARD>
    <SICI>91</SICI>
    <SUD>91</SUD>
    <AUST>91</AUST>
    <BRNN>91</BRNN>
    <COAC>91</COAC>
    <CORS>91</CORS>
    <FOGN>91</FOGN>
    <FRAN>91</FRAN>
    <GREC>91</GREC>
    <MFTV>91</MFTV>
    <PRGP>91</PRGP>
    <ROSN>91</ROSN>
    <SLOV>91</SLOV>
    <SVIZ>91</SVIZ>
    <MALT>91</MALT>
  </PrezziConvenzionali>
  <PrezziConvenzionali>
    <Data>20180403</Data>
    <Mercato>MGP</Mercato>
    <Ora>06</Ora>
    <CNOR>91</CNOR>
    <CSUD>91</CSUD>
    <NORD>91</NORD>
    <SARD>91</SARD>
    <SICI>91</SICI>
    <SUD>91</SUD>
    <AUST>91</AUST>
    <BRNN>91</BRNN>
    <COAC>91</COAC>
    <CORS>91</CORS>
    <FOGN>91</FOGN>
    <FRAN>91</FRAN>
    <GREC>91</GREC>
    <MFTV>91</MFTV>
    <PRGP>91</PRGP>
    <ROSN>91</ROSN>
    <SLOV>91</SLOV>
    <SVIZ>91</SVIZ>
    <MALT>91</MALT>
  </PrezziConvenzionali>
  <PrezziConvenzionali>
    <Data>20180403</Data>
    <Mercato>MGP</Mercato>
    <Ora>07</Ora>
    <CNOR>91</CNOR>
    <CSUD>91</CSUD>
    <NORD>91</NORD>
    <SARD>91</SARD>
    <SICI>91</SICI>
    <SUD>91</SUD>
    <AUST>91</AUST>
    <BRNN>91</BRNN>
    <COAC>91</COAC>
    <CORS>91</CORS>
    <FOGN>91</FOGN>
    <FRAN>91</FRAN>
    <GREC>91</GREC>
    <MFTV>91</MFTV>
    <PRGP>91</PRGP>
    <ROSN>91</ROSN>
    <SLOV>91</SLOV>
    <SVIZ>91</SVIZ>
    <MALT>91</MALT>
  </PrezziConvenzionali>
  <PrezziConvenzionali>
    <Data>20180403</Data>
    <Mercato>MGP</Mercato>
    <Ora>08</Ora>
    <CNOR>91</CNOR>
    <CSUD>91</CSUD>
    <NORD>91</NORD>
    <SARD>91</SARD>
    <SICI>91</SICI>
    <SUD>91</SUD>
    <AUST>91</AUST>
    <BRNN>91</BRNN>
    <COAC>91</COAC>
    <CORS>91</CORS>
    <FOGN>91</FOGN>
    <FRAN>91</FRAN>
    <GREC>91</GREC>
    <MFTV>91</MFTV>
    <PRGP>91</PRGP>
    <ROSN>91</ROSN>
    <SLOV>91</SLOV>
    <SVIZ>91</SVIZ>
    <MALT>91</MALT>
  </PrezziConvenzionali>
  <PrezziConvenzionali>
    <Data>20180403</Data>
    <Mercato>MGP</Mercato>
    <Ora>09</Ora>
    <CNOR>125</CNOR>
    <CSUD>125</CSUD>
    <NORD>125</NORD>
    <SARD>125</SARD>
    <SICI>125</SICI>
    <SUD>125</SUD>
    <AUST>125</AUST>
    <BRNN>125</BRNN>
    <COAC>125</COAC>
    <CORS>125</CORS>
    <FOGN>125</FOGN>
    <FRAN>125</FRAN>
    <GREC>125</GREC>
    <MFTV>125</MFTV>
    <PRGP>125</PRGP>
    <ROSN>125</ROSN>
    <SLOV>125</SLOV>
    <SVIZ>125</SVIZ>
    <MALT>125</MALT>
  </PrezziConvenzionali>
  <PrezziConvenzionali>
    <Data>20180403</Data>
    <Mercato>MGP</Mercato>
    <Ora>10</Ora>
    <CNOR>125</CNOR>
    <CSUD>125</CSUD>
    <NORD>125</NORD>
    <SARD>125</SARD>
    <SICI>125</SICI>
    <SUD>125</SUD>
    <AUST>125</AUST>
    <BRNN>125</BRNN>
    <COAC>125</COAC>
    <CORS>125</CORS>
    <FOGN>125</FOGN>
    <FRAN>125</FRAN>
    <GREC>125</GREC>
    <MFTV>125</MFTV>
    <PRGP>125</PRGP>
    <ROSN>125</ROSN>
    <SLOV>125</SLOV>
    <SVIZ>125</SVIZ>
    <MALT>125</MALT>
  </PrezziConvenzionali>
  <PrezziConvenzionali>
    <Data>20180403</Data>
    <Mercato>MGP</Mercato>
    <Ora>11</Ora>
    <CNOR>125</CNOR>
    <CSUD>125</CSUD>
    <NORD>125</NORD>
    <SARD>125</SARD>
    <SICI>125</SICI>
    <SUD>125</SUD>
    <AUST>125</AUST>
    <BRNN>125</BRNN>
    <COAC>125</COAC>
    <CORS>125</CORS>
    <FOGN>125</FOGN>
    <FRAN>125</FRAN>
    <GREC>125</GREC>
    <MFTV>125</MFTV>
    <PRGP>125</PRGP>
    <ROSN>125</ROSN>
    <SLOV>125</SLOV>
    <SVIZ>125</SVIZ>
    <MALT>125</MALT>
  </PrezziConvenzionali>
  <PrezziConvenzionali>
    <Data>20180403</Data>
    <Mercato>MGP</Mercato>
    <Ora>12</Ora>
    <CNOR>125</CNOR>
    <CSUD>125</CSUD>
    <NORD>125</NORD>
    <SARD>125</SARD>
    <SICI>125</SICI>
    <SUD>125</SUD>
    <AUST>125</AUST>
    <BRNN>125</BRNN>
    <COAC>125</COAC>
    <CORS>125</CORS>
    <FOGN>125</FOGN>
    <FRAN>125</FRAN>
    <GREC>125</GREC>
    <MFTV>125</MFTV>
    <PRGP>125</PRGP>
    <ROSN>125</ROSN>
    <SLOV>125</SLOV>
    <SVIZ>125</SVIZ>
    <MALT>125</MALT>
  </PrezziConvenzionali>
  <PrezziConvenzionali>
    <Data>20180403</Data>
    <Mercato>MGP</Mercato>
    <Ora>13</Ora>
    <CNOR>125</CNOR>
    <CSUD>125</CSUD>
    <NORD>125</NORD>
    <SARD>125</SARD>
    <SICI>125</SICI>
    <SUD>125</SUD>
    <AUST>125</AUST>
    <BRNN>125</BRNN>
    <COAC>125</COAC>
    <CORS>125</CORS>
    <FOGN>125</FOGN>
    <FRAN>125</FRAN>
    <GREC>125</GREC>
    <MFTV>125</MFTV>
    <PRGP>125</PRGP>
    <ROSN>125</ROSN>
    <SLOV>125</SLOV>
    <SVIZ>125</SVIZ>
    <MALT>125</MALT>
  </PrezziConvenzionali>
  <PrezziConvenzionali>
    <Data>20180403</Data>
    <Mercato>MGP</Mercato>
    <Ora>14</Ora>
    <CNOR>125</CNOR>
    <CSUD>125</CSUD>
    <NORD>125</NORD>
    <SARD>125</SARD>
    <SICI>125</SICI>
    <SUD>125</SUD>
    <AUST>125</AUST>
    <BRNN>125</BRNN>
    <COAC>125</COAC>
    <CORS>125</CORS>
    <FOGN>125</FOGN>
    <FRAN>125</FRAN>
    <GREC>125</GREC>
    <MFTV>125</MFTV>
    <PRGP>125</PRGP>
    <ROSN>125</ROSN>
    <SLOV>125</SLOV>
    <SVIZ>125</SVIZ>
    <MALT>125</MALT>
  </PrezziConvenzionali>
  <PrezziConvenzionali>
    <Data>20180403</Data>
    <Mercato>MGP</Mercato>
    <Ora>15</Ora>
    <CNOR>125</CNOR>
    <CSUD>125</CSUD>
    <NORD>125</NORD>
    <SARD>125</SARD>
    <SICI>125</SICI>
    <SUD>125</SUD>
    <AUST>125</AUST>
    <BRNN>125</BRNN>
    <COAC>125</COAC>
    <CORS>125</CORS>
    <FOGN>125</FOGN>
    <FRAN>125</FRAN>
    <GREC>125</GREC>
    <MFTV>125</MFTV>
    <PRGP>125</PRGP>
    <ROSN>125</ROSN>
    <SLOV>125</SLOV>
    <SVIZ>125</SVIZ>
    <MALT>125</MALT>
  </PrezziConvenzionali>
  <PrezziConvenzionali>
    <Data>20180403</Data>
    <Mercato>MGP</Mercato>
    <Ora>16</Ora>
    <CNOR>125</CNOR>
    <CSUD>125</CSUD>
    <NORD>125</NORD>
    <SARD>125</SARD>
    <SICI>125</SICI>
    <SUD>125</SUD>
    <AUST>125</AUST>
    <BRNN>125</BRNN>
    <COAC>125</COAC>
    <CORS>125</CORS>
    <FOGN>125</FOGN>
    <FRAN>125</FRAN>
    <GREC>125</GREC>
    <MFTV>125</MFTV>
    <PRGP>125</PRGP>
    <ROSN>125</ROSN>
    <SLOV>125</SLOV>
    <SVIZ>125</SVIZ>
    <MALT>125</MALT>
  </PrezziConvenzionali>
  <PrezziConvenzionali>
    <Data>20180403</Data>
    <Mercato>MGP</Mercato>
    <Ora>17</Ora>
    <CNOR>125</CNOR>
    <CSUD>125</CSUD>
    <NORD>125</NORD>
    <SARD>125</SARD>
    <SICI>125</SICI>
    <SUD>125</SUD>
    <AUST>125</AUST>
    <BRNN>125</BRNN>
    <COAC>125</COAC>
    <CORS>125</CORS>
    <FOGN>125</FOGN>
    <FRAN>125</FRAN>
    <GREC>125</GREC>
    <MFTV>125</MFTV>
    <PRGP>125</PRGP>
    <ROSN>125</ROSN>
    <SLOV>125</SLOV>
    <SVIZ>125</SVIZ>
    <MALT>125</MALT>
  </PrezziConvenzionali>
  <PrezziConvenzionali>
    <Data>20180403</Data>
    <Mercato>MGP</Mercato>
    <Ora>18</Ora>
    <CNOR>125</CNOR>
    <CSUD>125</CSUD>
    <NORD>125</NORD>
    <SARD>125</SARD>
    <SICI>125</SICI>
    <SUD>125</SUD>
    <AUST>125</AUST>
    <BRNN>125</BRNN>
    <COAC>125</COAC>
    <CORS>125</CORS>
    <FOGN>125</FOGN>
    <FRAN>125</FRAN>
    <GREC>125</GREC>
    <MFTV>125</MFTV>
    <PRGP>125</PRGP>
    <ROSN>125</ROSN>
    <SLOV>125</SLOV>
    <SVIZ>125</SVIZ>
    <MALT>125</MALT>
  </PrezziConvenzionali>
  <PrezziConvenzionali>
    <Data>20180403</Data>
    <Mercato>MGP</Mercato>
    <Ora>19</Ora>
    <CNOR>125</CNOR>
    <CSUD>125</CSUD>
    <NORD>125</NORD>
    <SARD>125</SARD>
    <SICI>125</SICI>
    <SUD>125</SUD>
    <AUST>125</AUST>
    <BRNN>125</BRNN>
    <COAC>125</COAC>
    <CORS>125</CORS>
    <FOGN>125</FOGN>
    <FRAN>125</FRAN>
    <GREC>125</GREC>
    <MFTV>125</MFTV>
    <PRGP>125</PRGP>
    <ROSN>125</ROSN>
    <SLOV>125</SLOV>
    <SVIZ>125</SVIZ>
    <MALT>125</MALT>
  </PrezziConvenzionali>
  <PrezziConvenzionali>
    <Data>20180403</Data>
    <Mercato>MGP</Mercato>
    <Ora>20</Ora>
    <CNOR>125</CNOR>
    <CSUD>125</CSUD>
    <NORD>125</NORD>
    <SARD>125</SARD>
    <SICI>125</SICI>
    <SUD>125</SUD>
    <AUST>125</AUST>
    <BRNN>125</BRNN>
    <COAC>125</COAC>
    <CORS>125</CORS>
    <FOGN>125</FOGN>
    <FRAN>125</FRAN>
    <GREC>125</GREC>
    <MFTV>125</MFTV>
    <PRGP>125</PRGP>
    <ROSN>125</ROSN>
    <SLOV>125</SLOV>
    <SVIZ>125</SVIZ>
    <MALT>125</MALT>
  </PrezziConvenzionali>
  <PrezziConvenzionali>
    <Data>20180403</Data>
    <Mercato>MGP</Mercato>
    <Ora>21</Ora>
    <CNOR>91</CNOR>
    <CSUD>91</CSUD>
    <NORD>91</NORD>
    <SARD>91</SARD>
    <SICI>91</SICI>
    <SUD>91</SUD>
    <AUST>91</AUST>
    <BRNN>91</BRNN>
    <COAC>91</COAC>
    <CORS>91</CORS>
    <FOGN>91</FOGN>
    <FRAN>91</FRAN>
    <GREC>91</GREC>
    <MFTV>91</MFTV>
    <PRGP>91</PRGP>
    <ROSN>91</ROSN>
    <SLOV>91</SLOV>
    <SVIZ>91</SVIZ>
    <MALT>91</MALT>
  </PrezziConvenzionali>
  <PrezziConvenzionali>
    <Data>20180403</Data>
    <Mercato>MGP</Mercato>
    <Ora>22</Ora>
    <CNOR>91</CNOR>
    <CSUD>91</CSUD>
    <NORD>91</NORD>
    <SARD>91</SARD>
    <SICI>91</SICI>
    <SUD>91</SUD>
    <AUST>91</AUST>
    <BRNN>91</BRNN>
    <COAC>91</COAC>
    <CORS>91</CORS>
    <FOGN>91</FOGN>
    <FRAN>91</FRAN>
    <GREC>91</GREC>
    <MFTV>91</MFTV>
    <PRGP>91</PRGP>
    <ROSN>91</ROSN>
    <SLOV>91</SLOV>
    <SVIZ>91</SVIZ>
    <MALT>91</MALT>
  </PrezziConvenzionali>
  <PrezziConvenzionali>
    <Data>20180403</Data>
    <Mercato>MGP</Mercato>
    <Ora>23</Ora>
    <CNOR>91</CNOR>
    <CSUD>91</CSUD>
    <NORD>91</NORD>
    <SARD>91</SARD>
    <SICI>91</SICI>
    <SUD>91</SUD>
    <AUST>91</AUST>
    <BRNN>91</BRNN>
    <COAC>91</COAC>
    <CORS>91</CORS>
    <FOGN>91</FOGN>
    <FRAN>91</FRAN>
    <GREC>91</GREC>
    <MFTV>91</MFTV>
    <PRGP>91</PRGP>
    <ROSN>91</ROSN>
    <SLOV>91</SLOV>
    <SVIZ>91</SVIZ>
    <MALT>91</MALT>
  </PrezziConvenzionali>
  <PrezziConvenzionali>
    <Data>20180403</Data>
    <Mercato>MGP</Mercato>
    <Ora>24</Ora>
    <CNOR>91</CNOR>
    <CSUD>91</CSUD>
    <NORD>91</NORD>
    <SARD>91</SARD>
    <SICI>91</SICI>
    <SUD>91</SUD>
    <AUST>91</AUST>
    <BRNN>91</BRNN>
    <COAC>91</COAC>
    <CORS>91</CORS>
    <FOGN>91</FOGN>
    <FRAN>91</FRAN>
    <GREC>91</GREC>
    <MFTV>91</MFTV>
    <PRGP>91</PRGP>
    <ROSN>91</ROSN>
    <SLOV>91</SLOV>
    <SVIZ>91</SVIZ>
    <MALT>91</MALT>
  </PrezziConvenzionali>
</NewDataSet>