<?xml version="1.0" standalone="yes"?>
<NewDataSet>
  <xs:schema id="NewDataSet" xmlns="" xmlns:xs="http://www.w3.org/2001/XMLSchema" xmlns:msdata="urn:schemas-microsoft-com:xml-msdata">
    <xs:element name="NewDataSet" msdata:IsDataSet="true" msdata:MainDataTable="PrezziConvenzionali" msdata:UseCurrentLocale="true">
      <xs:complexType>
        <xs:choice minOccurs="0" maxOccurs="unbounded">
          <xs:element name="PrezziConvenzionali">
            <xs:complexType>
              <xs:sequence>
                <xs:element name="Data" type="xs:string" minOccurs="0" />
                <xs:element name="Mercato" type="xs:string" minOccurs="0" />
                <xs:element name="Ora" type="xs:string" minOccurs="0" />
                <xs:element name="CNOR" type="xs:string" minOccurs="0" />
                <xs:element name="CSUD" type="xs:string" minOccurs="0" />
                <xs:element name="NORD" type="xs:string" minOccurs="0" />
                <xs:element name="SARD" type="xs:string" minOccurs="0" />
                <xs:element name="SICI" type="xs:string" minOccurs="0" />
                <xs:element name="SUD" type="xs:string" minOccurs="0" />
                <xs:element name="AUST" type="xs:string" minOccurs="0" />
                <xs:element name="BRNN" type="xs:string" minOccurs="0" />
                <xs:element name="COAC" type="xs:string" minOccurs="0" />
                <xs:element name="CORS" type="xs:string" minOccurs="0" />
                <xs:element name="FOGN" type="xs:string" minOccurs="0" />
                <xs:element name="FRAN" type="xs:string" minOccurs="0" />
                <xs:element name="GREC" type="xs:string" minOccurs="0" />
                <xs:element name="MFTV" type="xs:string" minOccurs="0" />
                <xs:element name="PRGP" type="xs:string" minOccurs="0" />
                <xs:element name="ROSN" type="xs:string" minOccurs="0" />
                <xs:element name="SLOV" type="xs:string" minOccurs="0" />
                <xs:element name="SVIZ" type="xs:string" minOccurs="0" />
                <xs:element name="BSP" type="xs:string" minOccurs="0" />
                <xs:element name="XAUS" type="xs:string" minOccurs="0" />
                <xs:element name="XFRA" type="xs:string" minOccurs="0" />
                <xs:element name="MALT" type="xs:string" minOccurs="0" />
              </xs:sequence>
            </xs:complexType>
          </xs:element>
        </xs:choice>
      </xs:complexType>
    </xs:element>
  </xs:schema>
  <PrezziConvenzionali>
    <Data>20180427</Data>
    <Mercato>MGP</Mercato>
    <Ora>01</Ora>
    <CNOR>90</CNOR>
    <CSUD>90</CSUD>
    <NORD>90</NORD>
    <SARD>90</SARD>
    <SICI>90</SICI>
    <SUD>90</SUD>
    <AUST>90</AUST>
    <BRNN>90</BRNN>
    <COAC>90</COAC>
    <CORS>90</CORS>
    <FOGN>90</FOGN>
    <FRAN>90</FRAN>
    <GREC>90</GREC>
    <MFTV>90</MFTV>
    <PRGP>90</PRGP>
    <ROSN>90</ROSN>
    <SLOV>90</SLOV>
    <SVIZ>90</SVIZ>
    <MALT>90</MALT>
  </PrezziConvenzionali>
  <PrezziConvenzionali>
    <Data>20180427</Data>
    <Mercato>MGP</Mercato>
    <Ora>02</Ora>
    <CNOR>90</CNOR>
    <CSUD>90</CSUD>
    <NORD>90</NORD>
    <SARD>90</SARD>
    <SICI>90</SICI>
    <SUD>90</SUD>
    <AUST>90</AUST>
    <BRNN>90</BRNN>
    <COAC>90</COAC>
    <CORS>90</CORS>
    <FOGN>90</FOGN>
    <FRAN>90</FRAN>
    <GREC>90</GREC>
    <MFTV>90</MFTV>
    <PRGP>90</PRGP>
    <ROSN>90</ROSN>
    <SLOV>90</SLOV>
    <SVIZ>90</SVIZ>
    <MALT>90</MALT>
  </PrezziConvenzionali>
  <PrezziConvenzionali>
    <Data>20180427</Data>
    <Mercato>MGP</Mercato>
    <Ora>03</Ora>
    <CNOR>90</CNOR>
    <CSUD>90</CSUD>
    <NORD>90</NORD>
    <SARD>90</SARD>
    <SICI>90</SICI>
    <SUD>90</SUD>
    <AUST>90</AUST>
    <BRNN>90</BRNN>
    <COAC>90</COAC>
    <CORS>90</CORS>
    <FOGN>90</FOGN>
    <FRAN>90</FRAN>
    <GREC>90</GREC>
    <MFTV>90</MFTV>
    <PRGP>90</PRGP>
    <ROSN>90</ROSN>
    <SLOV>90</SLOV>
    <SVIZ>90</SVIZ>
    <MALT>90</MALT>
  </PrezziConvenzionali>
  <PrezziConvenzionali>
    <Data>20180427</Data>
    <Mercato>MGP</Mercato>
    <Ora>04</Ora>
    <CNOR>90</CNOR>
    <CSUD>90</CSUD>
    <NORD>90</NORD>
    <SARD>90</SARD>
    <SICI>90</SICI>
    <SUD>90</SUD>
    <AUST>90</AUST>
    <BRNN>90</BRNN>
    <COAC>90</COAC>
    <CORS>90</CORS>
    <FOGN>90</FOGN>
    <FRAN>90</FRAN>
    <GREC>90</GREC>
    <MFTV>90</MFTV>
    <PRGP>90</PRGP>
    <ROSN>90</ROSN>
    <SLOV>90</SLOV>
    <SVIZ>90</SVIZ>
    <MALT>90</MALT>
  </PrezziConvenzionali>
  <PrezziConvenzionali>
    <Data>20180427</Data>
    <Mercato>MGP</Mercato>
    <Ora>05</Ora>
    <CNOR>90</CNOR>
    <CSUD>90</CSUD>
    <NORD>90</NORD>
    <SARD>90</SARD>
    <SICI>90</SICI>
    <SUD>90</SUD>
    <AUST>90</AUST>
    <BRNN>90</BRNN>
    <COAC>90</COAC>
    <CORS>90</CORS>
    <FOGN>90</FOGN>
    <FRAN>90</FRAN>
    <GREC>90</GREC>
    <MFTV>90</MFTV>
    <PRGP>90</PRGP>
    <ROSN>90</ROSN>
    <SLOV>90</SLOV>
    <SVIZ>90</SVIZ>
    <MALT>90</MALT>
  </PrezziConvenzionali>
  <PrezziConvenzionali>
    <Data>20180427</Data>
    <Mercato>MGP</Mercato>
    <Ora>06</Ora>
    <CNOR>90</CNOR>
    <CSUD>90</CSUD>
    <NORD>90</NORD>
    <SARD>90</SARD>
    <SICI>90</SICI>
    <SUD>90</SUD>
    <AUST>90</AUST>
    <BRNN>90</BRNN>
    <COAC>90</COAC>
    <CORS>90</CORS>
    <FOGN>90</FOGN>
    <FRAN>90</FRAN>
    <GREC>90</GREC>
    <MFTV>90</MFTV>
    <PRGP>90</PRGP>
    <ROSN>90</ROSN>
    <SLOV>90</SLOV>
    <SVIZ>90</SVIZ>
    <MALT>90</MALT>
  </PrezziConvenzionali>
  <PrezziConvenzionali>
    <Data>20180427</Data>
    <Mercato>MGP</Mercato>
    <Ora>07</Ora>
    <CNOR>90</CNOR>
    <CSUD>90</CSUD>
    <NORD>90</NORD>
    <SARD>90</SARD>
    <SICI>90</SICI>
    <SUD>90</SUD>
    <AUST>90</AUST>
    <BRNN>90</BRNN>
    <COAC>90</COAC>
    <CORS>90</CORS>
    <FOGN>90</FOGN>
    <FRAN>90</FRAN>
    <GREC>90</GREC>
    <MFTV>90</MFTV>
    <PRGP>90</PRGP>
    <ROSN>90</ROSN>
    <SLOV>90</SLOV>
    <SVIZ>90</SVIZ>
    <MALT>90</MALT>
  </PrezziConvenzionali>
  <PrezziConvenzionali>
    <Data>20180427</Data>
    <Mercato>MGP</Mercato>
    <Ora>08</Ora>
    <CNOR>90</CNOR>
    <CSUD>90</CSUD>
    <NORD>90</NORD>
    <SARD>90</SARD>
    <SICI>90</SICI>
    <SUD>90</SUD>
    <AUST>90</AUST>
    <BRNN>90</BRNN>
    <COAC>90</COAC>
    <CORS>90</CORS>
    <FOGN>90</FOGN>
    <FRAN>90</FRAN>
    <GREC>90</GREC>
    <MFTV>90</MFTV>
    <PRGP>90</PRGP>
    <ROSN>90</ROSN>
    <SLOV>90</SLOV>
    <SVIZ>90</SVIZ>
    <MALT>90</MALT>
  </PrezziConvenzionali>
  <PrezziConvenzionali>
    <Data>20180427</Data>
    <Mercato>MGP</Mercato>
    <Ora>09</Ora>
    <CNOR>113</CNOR>
    <CSUD>113</CSUD>
    <NORD>113</NORD>
    <SARD>113</SARD>
    <SICI>113</SICI>
    <SUD>113</SUD>
    <AUST>113</AUST>
    <BRNN>113</BRNN>
    <COAC>113</COAC>
    <CORS>113</CORS>
    <FOGN>113</FOGN>
    <FRAN>113</FRAN>
    <GREC>113</GREC>
    <MFTV>113</MFTV>
    <PRGP>113</PRGP>
    <ROSN>113</ROSN>
    <SLOV>113</SLOV>
    <SVIZ>113</SVIZ>
    <MALT>113</MALT>
  </PrezziConvenzionali>
  <PrezziConvenzionali>
    <Data>20180427</Data>
    <Mercato>MGP</Mercato>
    <Ora>10</Ora>
    <CNOR>113</CNOR>
    <CSUD>113</CSUD>
    <NORD>113</NORD>
    <SARD>113</SARD>
    <SICI>113</SICI>
    <SUD>113</SUD>
    <AUST>113</AUST>
    <BRNN>113</BRNN>
    <COAC>113</COAC>
    <CORS>113</CORS>
    <FOGN>113</FOGN>
    <FRAN>113</FRAN>
    <GREC>113</GREC>
    <MFTV>113</MFTV>
    <PRGP>113</PRGP>
    <ROSN>113</ROSN>
    <SLOV>113</SLOV>
    <SVIZ>113</SVIZ>
    <MALT>113</MALT>
  </PrezziConvenzionali>
  <PrezziConvenzionali>
    <Data>20180427</Data>
    <Mercato>MGP</Mercato>
    <Ora>11</Ora>
    <CNOR>113</CNOR>
    <CSUD>113</CSUD>
    <NORD>113</NORD>
    <SARD>113</SARD>
    <SICI>113</SICI>
    <SUD>113</SUD>
    <AUST>113</AUST>
    <BRNN>113</BRNN>
    <COAC>113</COAC>
    <CORS>113</CORS>
    <FOGN>113</FOGN>
    <FRAN>113</FRAN>
    <GREC>113</GREC>
    <MFTV>113</MFTV>
    <PRGP>113</PRGP>
    <ROSN>113</ROSN>
    <SLOV>113</SLOV>
    <SVIZ>113</SVIZ>
    <MALT>113</MALT>
  </PrezziConvenzionali>
  <PrezziConvenzionali>
    <Data>20180427</Data>
    <Mercato>MGP</Mercato>
    <Ora>12</Ora>
    <CNOR>113</CNOR>
    <CSUD>113</CSUD>
    <NORD>113</NORD>
    <SARD>113</SARD>
    <SICI>113</SICI>
    <SUD>113</SUD>
    <AUST>113</AUST>
    <BRNN>113</BRNN>
    <COAC>113</COAC>
    <CORS>113</CORS>
    <FOGN>113</FOGN>
    <FRAN>113</FRAN>
    <GREC>113</GREC>
    <MFTV>113</MFTV>
    <PRGP>113</PRGP>
    <ROSN>113</ROSN>
    <SLOV>113</SLOV>
    <SVIZ>113</SVIZ>
    <MALT>113</MALT>
  </PrezziConvenzionali>
  <PrezziConvenzionali>
    <Data>20180427</Data>
    <Mercato>MGP</Mercato>
    <Ora>13</Ora>
    <CNOR>113</CNOR>
    <CSUD>113</CSUD>
    <NORD>113</NORD>
    <SARD>113</SARD>
    <SICI>113</SICI>
    <SUD>113</SUD>
    <AUST>113</AUST>
    <BRNN>113</BRNN>
    <COAC>113</COAC>
    <CORS>113</CORS>
    <FOGN>113</FOGN>
    <FRAN>113</FRAN>
    <GREC>113</GREC>
    <MFTV>113</MFTV>
    <PRGP>113</PRGP>
    <ROSN>113</ROSN>
    <SLOV>113</SLOV>
    <SVIZ>113</SVIZ>
    <MALT>113</MALT>
  </PrezziConvenzionali>
  <PrezziConvenzionali>
    <Data>20180427</Data>
    <Mercato>MGP</Mercato>
    <Ora>14</Ora>
    <CNOR>113</CNOR>
    <CSUD>113</CSUD>
    <NORD>113</NORD>
    <SARD>113</SARD>
    <SICI>113</SICI>
    <SUD>113</SUD>
    <AUST>113</AUST>
    <BRNN>113</BRNN>
    <COAC>113</COAC>
    <CORS>113</CORS>
    <FOGN>113</FOGN>
    <FRAN>113</FRAN>
    <GREC>113</GREC>
    <MFTV>113</MFTV>
    <PRGP>113</PRGP>
    <ROSN>113</ROSN>
    <SLOV>113</SLOV>
    <SVIZ>113</SVIZ>
    <MALT>113</MALT>
  </PrezziConvenzionali>
  <PrezziConvenzionali>
    <Data>20180427</Data>
    <Mercato>MGP</Mercato>
    <Ora>15</Ora>
    <CNOR>113</CNOR>
    <CSUD>113</CSUD>
    <NORD>113</NORD>
    <SARD>113</SARD>
    <SICI>113</SICI>
    <SUD>113</SUD>
    <AUST>113</AUST>
    <BRNN>113</BRNN>
    <COAC>113</COAC>
    <CORS>113</CORS>
    <FOGN>113</FOGN>
    <FRAN>113</FRAN>
    <GREC>113</GREC>
    <MFTV>113</MFTV>
    <PRGP>113</PRGP>
    <ROSN>113</ROSN>
    <SLOV>113</SLOV>
    <SVIZ>113</SVIZ>
    <MALT>113</MALT>
  </PrezziConvenzionali>
  <PrezziConvenzionali>
    <Data>20180427</Data>
    <Mercato>MGP</Mercato>
    <Ora>16</Ora>
    <CNOR>113</CNOR>
    <CSUD>113</CSUD>
    <NORD>113</NORD>
    <SARD>113</SARD>
    <SICI>113</SICI>
    <SUD>113</SUD>
    <AUST>113</AUST>
    <BRNN>113</BRNN>
    <COAC>113</COAC>
    <CORS>113</CORS>
    <FOGN>113</FOGN>
    <FRAN>113</FRAN>
    <GREC>113</GREC>
    <MFTV>113</MFTV>
    <PRGP>113</PRGP>
    <ROSN>113</ROSN>
    <SLOV>113</SLOV>
    <SVIZ>113</SVIZ>
    <MALT>113</MALT>
  </PrezziConvenzionali>
  <PrezziConvenzionali>
    <Data>20180427</Data>
    <Mercato>MGP</Mercato>
    <Ora>17</Ora>
    <CNOR>113</CNOR>
    <CSUD>113</CSUD>
    <NORD>113</NORD>
    <SARD>113</SARD>
    <SICI>113</SICI>
    <SUD>113</SUD>
    <AUST>113</AUST>
    <BRNN>113</BRNN>
    <COAC>113</COAC>
    <CORS>113</CORS>
    <FOGN>113</FOGN>
    <FRAN>113</FRAN>
    <GREC>113</GREC>
    <MFTV>113</MFTV>
    <PRGP>113</PRGP>
    <ROSN>113</ROSN>
    <SLOV>113</SLOV>
    <SVIZ>113</SVIZ>
    <MALT>113</MALT>
  </PrezziConvenzionali>
  <PrezziConvenzionali>
    <Data>20180427</Data>
    <Mercato>MGP</Mercato>
    <Ora>18</Ora>
    <CNOR>113</CNOR>
    <CSUD>113</CSUD>
    <NORD>113</NORD>
    <SARD>113</SARD>
    <SICI>113</SICI>
    <SUD>113</SUD>
    <AUST>113</AUST>
    <BRNN>113</BRNN>
    <COAC>113</COAC>
    <CORS>113</CORS>
    <FOGN>113</FOGN>
    <FRAN>113</FRAN>
    <GREC>113</GREC>
    <MFTV>113</MFTV>
    <PRGP>113</PRGP>
    <ROSN>113</ROSN>
    <SLOV>113</SLOV>
    <SVIZ>113</SVIZ>
    <MALT>113</MALT>
  </PrezziConvenzionali>
  <PrezziConvenzionali>
    <Data>20180427</Data>
    <Mercato>MGP</Mercato>
    <Ora>19</Ora>
    <CNOR>113</CNOR>
    <CSUD>113</CSUD>
    <NORD>113</NORD>
    <SARD>113</SARD>
    <SICI>113</SICI>
    <SUD>113</SUD>
    <AUST>113</AUST>
    <BRNN>113</BRNN>
    <COAC>113</COAC>
    <CORS>113</CORS>
    <FOGN>113</FOGN>
    <FRAN>113</FRAN>
    <GREC>113</GREC>
    <MFTV>113</MFTV>
    <PRGP>113</PRGP>
    <ROSN>113</ROSN>
    <SLOV>113</SLOV>
    <SVIZ>113</SVIZ>
    <MALT>113</MALT>
  </PrezziConvenzionali>
  <PrezziConvenzionali>
    <Data>20180427</Data>
    <Mercato>MGP</Mercato>
    <Ora>20</Ora>
    <CNOR>113</CNOR>
    <CSUD>113</CSUD>
    <NORD>113</NORD>
    <SARD>113</SARD>
    <SICI>113</SICI>
    <SUD>113</SUD>
    <AUST>113</AUST>
    <BRNN>113</BRNN>
    <COAC>113</COAC>
    <CORS>113</CORS>
    <FOGN>113</FOGN>
    <FRAN>113</FRAN>
    <GREC>113</GREC>
    <MFTV>113</MFTV>
    <PRGP>113</PRGP>
    <ROSN>113</ROSN>
    <SLOV>113</SLOV>
    <SVIZ>113</SVIZ>
    <MALT>113</MALT>
  </PrezziConvenzionali>
  <PrezziConvenzionali>
    <Data>20180427</Data>
    <Mercato>MGP</Mercato>
    <Ora>21</Ora>
    <CNOR>90</CNOR>
    <CSUD>90</CSUD>
    <NORD>90</NORD>
    <SARD>90</SARD>
    <SICI>90</SICI>
    <SUD>90</SUD>
    <AUST>90</AUST>
    <BRNN>90</BRNN>
    <COAC>90</COAC>
    <CORS>90</CORS>
    <FOGN>90</FOGN>
    <FRAN>90</FRAN>
    <GREC>90</GREC>
    <MFTV>90</MFTV>
    <PRGP>90</PRGP>
    <ROSN>90</ROSN>
    <SLOV>90</SLOV>
    <SVIZ>90</SVIZ>
    <MALT>90</MALT>
  </PrezziConvenzionali>
  <PrezziConvenzionali>
    <Data>20180427</Data>
    <Mercato>MGP</Mercato>
    <Ora>22</Ora>
    <CNOR>90</CNOR>
    <CSUD>90</CSUD>
    <NORD>90</NORD>
    <SARD>90</SARD>
    <SICI>90</SICI>
    <SUD>90</SUD>
    <AUST>90</AUST>
    <BRNN>90</BRNN>
    <COAC>90</COAC>
    <CORS>90</CORS>
    <FOGN>90</FOGN>
    <FRAN>90</FRAN>
    <GREC>90</GREC>
    <MFTV>90</MFTV>
    <PRGP>90</PRGP>
    <ROSN>90</ROSN>
    <SLOV>90</SLOV>
    <SVIZ>90</SVIZ>
    <MALT>90</MALT>
  </PrezziConvenzionali>
  <PrezziConvenzionali>
    <Data>20180427</Data>
    <Mercato>MGP</Mercato>
    <Ora>23</Ora>
    <CNOR>90</CNOR>
    <CSUD>90</CSUD>
    <NORD>90</NORD>
    <SARD>90</SARD>
    <SICI>90</SICI>
    <SUD>90</SUD>
    <AUST>90</AUST>
    <BRNN>90</BRNN>
    <COAC>90</COAC>
    <CORS>90</CORS>
    <FOGN>90</FOGN>
    <FRAN>90</FRAN>
    <GREC>90</GREC>
    <MFTV>90</MFTV>
    <PRGP>90</PRGP>
    <ROSN>90</ROSN>
    <SLOV>90</SLOV>
    <SVIZ>90</SVIZ>
    <MALT>90</MALT>
  </PrezziConvenzionali>
  <PrezziConvenzionali>
    <Data>20180427</Data>
    <Mercato>MGP</Mercato>
    <Ora>24</Ora>
    <CNOR>90</CNOR>
    <CSUD>90</CSUD>
    <NORD>90</NORD>
    <SARD>90</SARD>
    <SICI>90</SICI>
    <SUD>90</SUD>
    <AUST>90</AUST>
    <BRNN>90</BRNN>
    <COAC>90</COAC>
    <CORS>90</CORS>
    <FOGN>90</FOGN>
    <FRAN>90</FRAN>
    <GREC>90</GREC>
    <MFTV>90</MFTV>
    <PRGP>90</PRGP>
    <ROSN>90</ROSN>
    <SLOV>90</SLOV>
    <SVIZ>90</SVIZ>
    <MALT>90</MALT>
  </PrezziConvenzionali>
</NewDataSet>