<?xml version="1.0" standalone="yes"?>
<NewDataSet>
  <xs:schema id="NewDataSet" xmlns="" xmlns:xs="http://www.w3.org/2001/XMLSchema" xmlns:msdata="urn:schemas-microsoft-com:xml-msdata">
    <xs:element name="NewDataSet" msdata:IsDataSet="true" msdata:MainDataTable="PrezziConvenzionali" msdata:UseCurrentLocale="true">
      <xs:complexType>
        <xs:choice minOccurs="0" maxOccurs="unbounded">
          <xs:element name="PrezziConvenzionali">
            <xs:complexType>
              <xs:sequence>
                <xs:element name="Data" type="xs:string" minOccurs="0" />
                <xs:element name="Mercato" type="xs:string" minOccurs="0" />
                <xs:element name="Ora" type="xs:string" minOccurs="0" />
                <xs:element name="CNOR" type="xs:string" minOccurs="0" />
                <xs:element name="CSUD" type="xs:string" minOccurs="0" />
                <xs:element name="NORD" type="xs:string" minOccurs="0" />
                <xs:element name="SARD" type="xs:string" minOccurs="0" />
                <xs:element name="SICI" type="xs:string" minOccurs="0" />
                <xs:element name="SUD" type="xs:string" minOccurs="0" />
                <xs:element name="AUST" type="xs:string" minOccurs="0" />
                <xs:element name="BRNN" type="xs:string" minOccurs="0" />
                <xs:element name="COAC" type="xs:string" minOccurs="0" />
                <xs:element name="CORS" type="xs:string" minOccurs="0" />
                <xs:element name="FOGN" type="xs:string" minOccurs="0" />
                <xs:element name="FRAN" type="xs:string" minOccurs="0" />
                <xs:element name="GREC" type="xs:string" minOccurs="0" />
                <xs:element name="MFTV" type="xs:string" minOccurs="0" />
                <xs:element name="PRGP" type="xs:string" minOccurs="0" />
                <xs:element name="ROSN" type="xs:string" minOccurs="0" />
                <xs:element name="SLOV" type="xs:string" minOccurs="0" />
                <xs:element name="SVIZ" type="xs:string" minOccurs="0" />
                <xs:element name="BSP" type="xs:string" minOccurs="0" />
                <xs:element name="XAUS" type="xs:string" minOccurs="0" />
                <xs:element name="XFRA" type="xs:string" minOccurs="0" />
                <xs:element name="MALT" type="xs:string" minOccurs="0" />
              </xs:sequence>
            </xs:complexType>
          </xs:element>
        </xs:choice>
      </xs:complexType>
    </xs:element>
  </xs:schema>
  <PrezziConvenzionali>
    <Data>20180420</Data>
    <Mercato>MGP</Mercato>
    <Ora>01</Ora>
    <CNOR>93</CNOR>
    <CSUD>93</CSUD>
    <NORD>93</NORD>
    <SARD>93</SARD>
    <SICI>93</SICI>
    <SUD>93</SUD>
    <AUST>93</AUST>
    <BRNN>93</BRNN>
    <COAC>93</COAC>
    <CORS>93</CORS>
    <FOGN>93</FOGN>
    <FRAN>93</FRAN>
    <GREC>93</GREC>
    <MFTV>93</MFTV>
    <PRGP>93</PRGP>
    <ROSN>93</ROSN>
    <SLOV>93</SLOV>
    <SVIZ>93</SVIZ>
    <MALT>93</MALT>
  </PrezziConvenzionali>
  <PrezziConvenzionali>
    <Data>20180420</Data>
    <Mercato>MGP</Mercato>
    <Ora>02</Ora>
    <CNOR>93</CNOR>
    <CSUD>93</CSUD>
    <NORD>93</NORD>
    <SARD>93</SARD>
    <SICI>93</SICI>
    <SUD>93</SUD>
    <AUST>93</AUST>
    <BRNN>93</BRNN>
    <COAC>93</COAC>
    <CORS>93</CORS>
    <FOGN>93</FOGN>
    <FRAN>93</FRAN>
    <GREC>93</GREC>
    <MFTV>93</MFTV>
    <PRGP>93</PRGP>
    <ROSN>93</ROSN>
    <SLOV>93</SLOV>
    <SVIZ>93</SVIZ>
    <MALT>93</MALT>
  </PrezziConvenzionali>
  <PrezziConvenzionali>
    <Data>20180420</Data>
    <Mercato>MGP</Mercato>
    <Ora>03</Ora>
    <CNOR>93</CNOR>
    <CSUD>93</CSUD>
    <NORD>93</NORD>
    <SARD>93</SARD>
    <SICI>93</SICI>
    <SUD>93</SUD>
    <AUST>93</AUST>
    <BRNN>93</BRNN>
    <COAC>93</COAC>
    <CORS>93</CORS>
    <FOGN>93</FOGN>
    <FRAN>93</FRAN>
    <GREC>93</GREC>
    <MFTV>93</MFTV>
    <PRGP>93</PRGP>
    <ROSN>93</ROSN>
    <SLOV>93</SLOV>
    <SVIZ>93</SVIZ>
    <MALT>93</MALT>
  </PrezziConvenzionali>
  <PrezziConvenzionali>
    <Data>20180420</Data>
    <Mercato>MGP</Mercato>
    <Ora>04</Ora>
    <CNOR>93</CNOR>
    <CSUD>93</CSUD>
    <NORD>93</NORD>
    <SARD>93</SARD>
    <SICI>93</SICI>
    <SUD>93</SUD>
    <AUST>93</AUST>
    <BRNN>93</BRNN>
    <COAC>93</COAC>
    <CORS>93</CORS>
    <FOGN>93</FOGN>
    <FRAN>93</FRAN>
    <GREC>93</GREC>
    <MFTV>93</MFTV>
    <PRGP>93</PRGP>
    <ROSN>93</ROSN>
    <SLOV>93</SLOV>
    <SVIZ>93</SVIZ>
    <MALT>93</MALT>
  </PrezziConvenzionali>
  <PrezziConvenzionali>
    <Data>20180420</Data>
    <Mercato>MGP</Mercato>
    <Ora>05</Ora>
    <CNOR>93</CNOR>
    <CSUD>93</CSUD>
    <NORD>93</NORD>
    <SARD>93</SARD>
    <SICI>93</SICI>
    <SUD>93</SUD>
    <AUST>93</AUST>
    <BRNN>93</BRNN>
    <COAC>93</COAC>
    <CORS>93</CORS>
    <FOGN>93</FOGN>
    <FRAN>93</FRAN>
    <GREC>93</GREC>
    <MFTV>93</MFTV>
    <PRGP>93</PRGP>
    <ROSN>93</ROSN>
    <SLOV>93</SLOV>
    <SVIZ>93</SVIZ>
    <MALT>93</MALT>
  </PrezziConvenzionali>
  <PrezziConvenzionali>
    <Data>20180420</Data>
    <Mercato>MGP</Mercato>
    <Ora>06</Ora>
    <CNOR>93</CNOR>
    <CSUD>93</CSUD>
    <NORD>93</NORD>
    <SARD>93</SARD>
    <SICI>93</SICI>
    <SUD>93</SUD>
    <AUST>93</AUST>
    <BRNN>93</BRNN>
    <COAC>93</COAC>
    <CORS>93</CORS>
    <FOGN>93</FOGN>
    <FRAN>93</FRAN>
    <GREC>93</GREC>
    <MFTV>93</MFTV>
    <PRGP>93</PRGP>
    <ROSN>93</ROSN>
    <SLOV>93</SLOV>
    <SVIZ>93</SVIZ>
    <MALT>93</MALT>
  </PrezziConvenzionali>
  <PrezziConvenzionali>
    <Data>20180420</Data>
    <Mercato>MGP</Mercato>
    <Ora>07</Ora>
    <CNOR>93</CNOR>
    <CSUD>93</CSUD>
    <NORD>93</NORD>
    <SARD>93</SARD>
    <SICI>93</SICI>
    <SUD>93</SUD>
    <AUST>93</AUST>
    <BRNN>93</BRNN>
    <COAC>93</COAC>
    <CORS>93</CORS>
    <FOGN>93</FOGN>
    <FRAN>93</FRAN>
    <GREC>93</GREC>
    <MFTV>93</MFTV>
    <PRGP>93</PRGP>
    <ROSN>93</ROSN>
    <SLOV>93</SLOV>
    <SVIZ>93</SVIZ>
    <MALT>93</MALT>
  </PrezziConvenzionali>
  <PrezziConvenzionali>
    <Data>20180420</Data>
    <Mercato>MGP</Mercato>
    <Ora>08</Ora>
    <CNOR>93</CNOR>
    <CSUD>93</CSUD>
    <NORD>93</NORD>
    <SARD>93</SARD>
    <SICI>93</SICI>
    <SUD>93</SUD>
    <AUST>93</AUST>
    <BRNN>93</BRNN>
    <COAC>93</COAC>
    <CORS>93</CORS>
    <FOGN>93</FOGN>
    <FRAN>93</FRAN>
    <GREC>93</GREC>
    <MFTV>93</MFTV>
    <PRGP>93</PRGP>
    <ROSN>93</ROSN>
    <SLOV>93</SLOV>
    <SVIZ>93</SVIZ>
    <MALT>93</MALT>
  </PrezziConvenzionali>
  <PrezziConvenzionali>
    <Data>20180420</Data>
    <Mercato>MGP</Mercato>
    <Ora>09</Ora>
    <CNOR>117</CNOR>
    <CSUD>117</CSUD>
    <NORD>117</NORD>
    <SARD>117</SARD>
    <SICI>117</SICI>
    <SUD>117</SUD>
    <AUST>117</AUST>
    <BRNN>117</BRNN>
    <COAC>117</COAC>
    <CORS>117</CORS>
    <FOGN>117</FOGN>
    <FRAN>117</FRAN>
    <GREC>117</GREC>
    <MFTV>117</MFTV>
    <PRGP>117</PRGP>
    <ROSN>117</ROSN>
    <SLOV>117</SLOV>
    <SVIZ>117</SVIZ>
    <MALT>117</MALT>
  </PrezziConvenzionali>
  <PrezziConvenzionali>
    <Data>20180420</Data>
    <Mercato>MGP</Mercato>
    <Ora>10</Ora>
    <CNOR>117</CNOR>
    <CSUD>117</CSUD>
    <NORD>117</NORD>
    <SARD>117</SARD>
    <SICI>117</SICI>
    <SUD>117</SUD>
    <AUST>117</AUST>
    <BRNN>117</BRNN>
    <COAC>117</COAC>
    <CORS>117</CORS>
    <FOGN>117</FOGN>
    <FRAN>117</FRAN>
    <GREC>117</GREC>
    <MFTV>117</MFTV>
    <PRGP>117</PRGP>
    <ROSN>117</ROSN>
    <SLOV>117</SLOV>
    <SVIZ>117</SVIZ>
    <MALT>117</MALT>
  </PrezziConvenzionali>
  <PrezziConvenzionali>
    <Data>20180420</Data>
    <Mercato>MGP</Mercato>
    <Ora>11</Ora>
    <CNOR>117</CNOR>
    <CSUD>117</CSUD>
    <NORD>117</NORD>
    <SARD>117</SARD>
    <SICI>117</SICI>
    <SUD>117</SUD>
    <AUST>117</AUST>
    <BRNN>117</BRNN>
    <COAC>117</COAC>
    <CORS>117</CORS>
    <FOGN>117</FOGN>
    <FRAN>117</FRAN>
    <GREC>117</GREC>
    <MFTV>117</MFTV>
    <PRGP>117</PRGP>
    <ROSN>117</ROSN>
    <SLOV>117</SLOV>
    <SVIZ>117</SVIZ>
    <MALT>117</MALT>
  </PrezziConvenzionali>
  <PrezziConvenzionali>
    <Data>20180420</Data>
    <Mercato>MGP</Mercato>
    <Ora>12</Ora>
    <CNOR>117</CNOR>
    <CSUD>117</CSUD>
    <NORD>117</NORD>
    <SARD>117</SARD>
    <SICI>117</SICI>
    <SUD>117</SUD>
    <AUST>117</AUST>
    <BRNN>117</BRNN>
    <COAC>117</COAC>
    <CORS>117</CORS>
    <FOGN>117</FOGN>
    <FRAN>117</FRAN>
    <GREC>117</GREC>
    <MFTV>117</MFTV>
    <PRGP>117</PRGP>
    <ROSN>117</ROSN>
    <SLOV>117</SLOV>
    <SVIZ>117</SVIZ>
    <MALT>117</MALT>
  </PrezziConvenzionali>
  <PrezziConvenzionali>
    <Data>20180420</Data>
    <Mercato>MGP</Mercato>
    <Ora>13</Ora>
    <CNOR>117</CNOR>
    <CSUD>117</CSUD>
    <NORD>117</NORD>
    <SARD>117</SARD>
    <SICI>117</SICI>
    <SUD>117</SUD>
    <AUST>117</AUST>
    <BRNN>117</BRNN>
    <COAC>117</COAC>
    <CORS>117</CORS>
    <FOGN>117</FOGN>
    <FRAN>117</FRAN>
    <GREC>117</GREC>
    <MFTV>117</MFTV>
    <PRGP>117</PRGP>
    <ROSN>117</ROSN>
    <SLOV>117</SLOV>
    <SVIZ>117</SVIZ>
    <MALT>117</MALT>
  </PrezziConvenzionali>
  <PrezziConvenzionali>
    <Data>20180420</Data>
    <Mercato>MGP</Mercato>
    <Ora>14</Ora>
    <CNOR>117</CNOR>
    <CSUD>117</CSUD>
    <NORD>117</NORD>
    <SARD>117</SARD>
    <SICI>117</SICI>
    <SUD>117</SUD>
    <AUST>117</AUST>
    <BRNN>117</BRNN>
    <COAC>117</COAC>
    <CORS>117</CORS>
    <FOGN>117</FOGN>
    <FRAN>117</FRAN>
    <GREC>117</GREC>
    <MFTV>117</MFTV>
    <PRGP>117</PRGP>
    <ROSN>117</ROSN>
    <SLOV>117</SLOV>
    <SVIZ>117</SVIZ>
    <MALT>117</MALT>
  </PrezziConvenzionali>
  <PrezziConvenzionali>
    <Data>20180420</Data>
    <Mercato>MGP</Mercato>
    <Ora>15</Ora>
    <CNOR>117</CNOR>
    <CSUD>117</CSUD>
    <NORD>117</NORD>
    <SARD>117</SARD>
    <SICI>117</SICI>
    <SUD>117</SUD>
    <AUST>117</AUST>
    <BRNN>117</BRNN>
    <COAC>117</COAC>
    <CORS>117</CORS>
    <FOGN>117</FOGN>
    <FRAN>117</FRAN>
    <GREC>117</GREC>
    <MFTV>117</MFTV>
    <PRGP>117</PRGP>
    <ROSN>117</ROSN>
    <SLOV>117</SLOV>
    <SVIZ>117</SVIZ>
    <MALT>117</MALT>
  </PrezziConvenzionali>
  <PrezziConvenzionali>
    <Data>20180420</Data>
    <Mercato>MGP</Mercato>
    <Ora>16</Ora>
    <CNOR>117</CNOR>
    <CSUD>117</CSUD>
    <NORD>117</NORD>
    <SARD>117</SARD>
    <SICI>117</SICI>
    <SUD>117</SUD>
    <AUST>117</AUST>
    <BRNN>117</BRNN>
    <COAC>117</COAC>
    <CORS>117</CORS>
    <FOGN>117</FOGN>
    <FRAN>117</FRAN>
    <GREC>117</GREC>
    <MFTV>117</MFTV>
    <PRGP>117</PRGP>
    <ROSN>117</ROSN>
    <SLOV>117</SLOV>
    <SVIZ>117</SVIZ>
    <MALT>117</MALT>
  </PrezziConvenzionali>
  <PrezziConvenzionali>
    <Data>20180420</Data>
    <Mercato>MGP</Mercato>
    <Ora>17</Ora>
    <CNOR>117</CNOR>
    <CSUD>117</CSUD>
    <NORD>117</NORD>
    <SARD>117</SARD>
    <SICI>117</SICI>
    <SUD>117</SUD>
    <AUST>117</AUST>
    <BRNN>117</BRNN>
    <COAC>117</COAC>
    <CORS>117</CORS>
    <FOGN>117</FOGN>
    <FRAN>117</FRAN>
    <GREC>117</GREC>
    <MFTV>117</MFTV>
    <PRGP>117</PRGP>
    <ROSN>117</ROSN>
    <SLOV>117</SLOV>
    <SVIZ>117</SVIZ>
    <MALT>117</MALT>
  </PrezziConvenzionali>
  <PrezziConvenzionali>
    <Data>20180420</Data>
    <Mercato>MGP</Mercato>
    <Ora>18</Ora>
    <CNOR>117</CNOR>
    <CSUD>117</CSUD>
    <NORD>117</NORD>
    <SARD>117</SARD>
    <SICI>117</SICI>
    <SUD>117</SUD>
    <AUST>117</AUST>
    <BRNN>117</BRNN>
    <COAC>117</COAC>
    <CORS>117</CORS>
    <FOGN>117</FOGN>
    <FRAN>117</FRAN>
    <GREC>117</GREC>
    <MFTV>117</MFTV>
    <PRGP>117</PRGP>
    <ROSN>117</ROSN>
    <SLOV>117</SLOV>
    <SVIZ>117</SVIZ>
    <MALT>117</MALT>
  </PrezziConvenzionali>
  <PrezziConvenzionali>
    <Data>20180420</Data>
    <Mercato>MGP</Mercato>
    <Ora>19</Ora>
    <CNOR>117</CNOR>
    <CSUD>117</CSUD>
    <NORD>117</NORD>
    <SARD>117</SARD>
    <SICI>117</SICI>
    <SUD>117</SUD>
    <AUST>117</AUST>
    <BRNN>117</BRNN>
    <COAC>117</COAC>
    <CORS>117</CORS>
    <FOGN>117</FOGN>
    <FRAN>117</FRAN>
    <GREC>117</GREC>
    <MFTV>117</MFTV>
    <PRGP>117</PRGP>
    <ROSN>117</ROSN>
    <SLOV>117</SLOV>
    <SVIZ>117</SVIZ>
    <MALT>117</MALT>
  </PrezziConvenzionali>
  <PrezziConvenzionali>
    <Data>20180420</Data>
    <Mercato>MGP</Mercato>
    <Ora>20</Ora>
    <CNOR>117</CNOR>
    <CSUD>117</CSUD>
    <NORD>117</NORD>
    <SARD>117</SARD>
    <SICI>117</SICI>
    <SUD>117</SUD>
    <AUST>117</AUST>
    <BRNN>117</BRNN>
    <COAC>117</COAC>
    <CORS>117</CORS>
    <FOGN>117</FOGN>
    <FRAN>117</FRAN>
    <GREC>117</GREC>
    <MFTV>117</MFTV>
    <PRGP>117</PRGP>
    <ROSN>117</ROSN>
    <SLOV>117</SLOV>
    <SVIZ>117</SVIZ>
    <MALT>117</MALT>
  </PrezziConvenzionali>
  <PrezziConvenzionali>
    <Data>20180420</Data>
    <Mercato>MGP</Mercato>
    <Ora>21</Ora>
    <CNOR>93</CNOR>
    <CSUD>93</CSUD>
    <NORD>93</NORD>
    <SARD>93</SARD>
    <SICI>93</SICI>
    <SUD>93</SUD>
    <AUST>93</AUST>
    <BRNN>93</BRNN>
    <COAC>93</COAC>
    <CORS>93</CORS>
    <FOGN>93</FOGN>
    <FRAN>93</FRAN>
    <GREC>93</GREC>
    <MFTV>93</MFTV>
    <PRGP>93</PRGP>
    <ROSN>93</ROSN>
    <SLOV>93</SLOV>
    <SVIZ>93</SVIZ>
    <MALT>93</MALT>
  </PrezziConvenzionali>
  <PrezziConvenzionali>
    <Data>20180420</Data>
    <Mercato>MGP</Mercato>
    <Ora>22</Ora>
    <CNOR>93</CNOR>
    <CSUD>93</CSUD>
    <NORD>93</NORD>
    <SARD>93</SARD>
    <SICI>93</SICI>
    <SUD>93</SUD>
    <AUST>93</AUST>
    <BRNN>93</BRNN>
    <COAC>93</COAC>
    <CORS>93</CORS>
    <FOGN>93</FOGN>
    <FRAN>93</FRAN>
    <GREC>93</GREC>
    <MFTV>93</MFTV>
    <PRGP>93</PRGP>
    <ROSN>93</ROSN>
    <SLOV>93</SLOV>
    <SVIZ>93</SVIZ>
    <MALT>93</MALT>
  </PrezziConvenzionali>
  <PrezziConvenzionali>
    <Data>20180420</Data>
    <Mercato>MGP</Mercato>
    <Ora>23</Ora>
    <CNOR>93</CNOR>
    <CSUD>93</CSUD>
    <NORD>93</NORD>
    <SARD>93</SARD>
    <SICI>93</SICI>
    <SUD>93</SUD>
    <AUST>93</AUST>
    <BRNN>93</BRNN>
    <COAC>93</COAC>
    <CORS>93</CORS>
    <FOGN>93</FOGN>
    <FRAN>93</FRAN>
    <GREC>93</GREC>
    <MFTV>93</MFTV>
    <PRGP>93</PRGP>
    <ROSN>93</ROSN>
    <SLOV>93</SLOV>
    <SVIZ>93</SVIZ>
    <MALT>93</MALT>
  </PrezziConvenzionali>
  <PrezziConvenzionali>
    <Data>20180420</Data>
    <Mercato>MGP</Mercato>
    <Ora>24</Ora>
    <CNOR>93</CNOR>
    <CSUD>93</CSUD>
    <NORD>93</NORD>
    <SARD>93</SARD>
    <SICI>93</SICI>
    <SUD>93</SUD>
    <AUST>93</AUST>
    <BRNN>93</BRNN>
    <COAC>93</COAC>
    <CORS>93</CORS>
    <FOGN>93</FOGN>
    <FRAN>93</FRAN>
    <GREC>93</GREC>
    <MFTV>93</MFTV>
    <PRGP>93</PRGP>
    <ROSN>93</ROSN>
    <SLOV>93</SLOV>
    <SVIZ>93</SVIZ>
    <MALT>93</MALT>
  </PrezziConvenzionali>
</NewDataSet>