<?xml version="1.0" standalone="yes"?>
<NewDataSet>
  <xs:schema id="NewDataSet" xmlns="" xmlns:xs="http://www.w3.org/2001/XMLSchema" xmlns:msdata="urn:schemas-microsoft-com:xml-msdata">
    <xs:element name="NewDataSet" msdata:IsDataSet="true" msdata:UseCurrentLocale="true">
      <xs:complexType>
        <xs:choice minOccurs="0" maxOccurs="unbounded">
          <xs:element name="Prezzi">
            <xs:complexType>
              <xs:sequence>
                <xs:element name="Data" type="xs:string" minOccurs="0" />
                <xs:element name="Mercato" type="xs:string" minOccurs="0" />
                <xs:element name="Ora" type="xs:string" minOccurs="0" />
                <xs:element name="PUN" type="xs:string" minOccurs="0" />
                <xs:element name="NAT" type="xs:string" minOccurs="0" />
                <xs:element name="CNOR" type="xs:string" minOccurs="0" />
                <xs:element name="CSUD" type="xs:string" minOccurs="0" />
                <xs:element name="NORD" type="xs:string" minOccurs="0" />
                <xs:element name="SARD" type="xs:string" minOccurs="0" />
                <xs:element name="SICI" type="xs:string" minOccurs="0" />
                <xs:element name="SUD" type="xs:string" minOccurs="0" />
                <xs:element name="AUST" type="xs:string" minOccurs="0" />
                <xs:element name="BRNN" type="xs:string" minOccurs="0" />
                <xs:element name="COAC" type="xs:string" minOccurs="0" />
                <xs:element name="CORS" type="xs:string" minOccurs="0" />
                <xs:element name="FOGN" type="xs:string" minOccurs="0" />
                <xs:element name="FRAN" type="xs:string" minOccurs="0" />
                <xs:element name="GREC" type="xs:string" minOccurs="0" />
                <xs:element name="MFTV" type="xs:string" minOccurs="0" />
                <xs:element name="PRGP" type="xs:string" minOccurs="0" />
                <xs:element name="ROSN" type="xs:string" minOccurs="0" />
                <xs:element name="SLOV" type="xs:string" minOccurs="0" />
                <xs:element name="SVIZ" type="xs:string" minOccurs="0" />
                <xs:element name="BSP" type="xs:string" minOccurs="0" />
                <xs:element name="MALT" type="xs:string" minOccurs="0" />
                <xs:element name="XAUS" type="xs:string" minOccurs="0" />
                <xs:element name="XFRA" type="xs:string" minOccurs="0" />
              </xs:sequence>
            </xs:complexType>
          </xs:element>
        </xs:choice>
      </xs:complexType>
    </xs:element>
  </xs:schema>
  <Prezzi>
    <Data>20170202</Data>
    <Mercato>MGP</Mercato>
    <Ora>1</Ora>
    <PUN>53,000000</PUN>
    <NAT>53,000000</NAT>
    <CNOR>53,000000</CNOR>
    <CSUD>53,000000</CSUD>
    <NORD>53,000000</NORD>
    <SARD>53,000000</SARD>
    <SICI>53,000000</SICI>
    <SUD>53,000000</SUD>
    <AUST>53,000000</AUST>
    <BRNN>53,000000</BRNN>
    <COAC>53,000000</COAC>
    <CORS>53,000000</CORS>
    <FOGN>53,000000</FOGN>
    <FRAN>53,000000</FRAN>
    <GREC>53,000000</GREC>
    <MFTV>53,000000</MFTV>
    <PRGP>53,000000</PRGP>
    <ROSN>53,000000</ROSN>
    <SLOV>53,000000</SLOV>
    <SVIZ>53,000000</SVIZ>
    <BSP>53,000000</BSP>
    <MALT>53,000000</MALT>
    <XAUS>53,000000</XAUS>
    <XFRA>53,000000</XFRA>
  </Prezzi>
  <Prezzi>
    <Data>20170202</Data>
    <Mercato>MGP</Mercato>
    <Ora>2</Ora>
    <PUN>51,000000</PUN>
    <NAT>51,000000</NAT>
    <CNOR>51,000000</CNOR>
    <CSUD>51,000000</CSUD>
    <NORD>51,000000</NORD>
    <SARD>51,000000</SARD>
    <SICI>51,000000</SICI>
    <SUD>51,000000</SUD>
    <AUST>51,000000</AUST>
    <BRNN>51,000000</BRNN>
    <COAC>51,000000</COAC>
    <CORS>51,000000</CORS>
    <FOGN>51,000000</FOGN>
    <FRAN>51,000000</FRAN>
    <GREC>51,000000</GREC>
    <MFTV>51,000000</MFTV>
    <PRGP>51,000000</PRGP>
    <ROSN>51,000000</ROSN>
    <SLOV>51,000000</SLOV>
    <SVIZ>51,000000</SVIZ>
    <BSP>51,000000</BSP>
    <MALT>51,000000</MALT>
    <XAUS>51,000000</XAUS>
    <XFRA>51,000000</XFRA>
  </Prezzi>
  <Prezzi>
    <Data>20170202</Data>
    <Mercato>MGP</Mercato>
    <Ora>3</Ora>
    <PUN>51,000000</PUN>
    <NAT>51,000000</NAT>
    <CNOR>51,000000</CNOR>
    <CSUD>51,000000</CSUD>
    <NORD>51,000000</NORD>
    <SARD>51,000000</SARD>
    <SICI>51,000000</SICI>
    <SUD>51,000000</SUD>
    <AUST>51,000000</AUST>
    <BRNN>51,000000</BRNN>
    <COAC>51,000000</COAC>
    <CORS>51,000000</CORS>
    <FOGN>51,000000</FOGN>
    <FRAN>51,000000</FRAN>
    <GREC>51,000000</GREC>
    <MFTV>51,000000</MFTV>
    <PRGP>51,000000</PRGP>
    <ROSN>51,000000</ROSN>
    <SLOV>51,000000</SLOV>
    <SVIZ>51,000000</SVIZ>
    <BSP>51,000000</BSP>
    <MALT>51,000000</MALT>
    <XAUS>51,000000</XAUS>
    <XFRA>51,000000</XFRA>
  </Prezzi>
  <Prezzi>
    <Data>20170202</Data>
    <Mercato>MGP</Mercato>
    <Ora>4</Ora>
    <PUN>50,330000</PUN>
    <NAT>50,330000</NAT>
    <CNOR>50,330000</CNOR>
    <CSUD>50,330000</CSUD>
    <NORD>50,330000</NORD>
    <SARD>50,330000</SARD>
    <SICI>50,330000</SICI>
    <SUD>50,330000</SUD>
    <AUST>50,330000</AUST>
    <BRNN>50,330000</BRNN>
    <COAC>50,330000</COAC>
    <CORS>50,330000</CORS>
    <FOGN>50,330000</FOGN>
    <FRAN>50,330000</FRAN>
    <GREC>50,330000</GREC>
    <MFTV>50,330000</MFTV>
    <PRGP>50,330000</PRGP>
    <ROSN>50,330000</ROSN>
    <SLOV>50,330000</SLOV>
    <SVIZ>50,330000</SVIZ>
    <BSP>50,330000</BSP>
    <MALT>50,330000</MALT>
    <XAUS>50,330000</XAUS>
    <XFRA>50,330000</XFRA>
  </Prezzi>
  <Prezzi>
    <Data>20170202</Data>
    <Mercato>MGP</Mercato>
    <Ora>5</Ora>
    <PUN>51,000000</PUN>
    <NAT>51,000000</NAT>
    <CNOR>51,000000</CNOR>
    <CSUD>51,000000</CSUD>
    <NORD>51,000000</NORD>
    <SARD>51,000000</SARD>
    <SICI>51,000000</SICI>
    <SUD>51,000000</SUD>
    <AUST>51,000000</AUST>
    <BRNN>51,000000</BRNN>
    <COAC>51,000000</COAC>
    <CORS>51,000000</CORS>
    <FOGN>51,000000</FOGN>
    <FRAN>51,000000</FRAN>
    <GREC>51,000000</GREC>
    <MFTV>51,000000</MFTV>
    <PRGP>51,000000</PRGP>
    <ROSN>51,000000</ROSN>
    <SLOV>51,000000</SLOV>
    <SVIZ>51,000000</SVIZ>
    <BSP>51,000000</BSP>
    <MALT>51,000000</MALT>
    <XAUS>51,000000</XAUS>
    <XFRA>51,000000</XFRA>
  </Prezzi>
  <Prezzi>
    <Data>20170202</Data>
    <Mercato>MGP</Mercato>
    <Ora>6</Ora>
    <PUN>52,000000</PUN>
    <NAT>52,000000</NAT>
    <CNOR>52,000000</CNOR>
    <CSUD>52,000000</CSUD>
    <NORD>52,000000</NORD>
    <SARD>52,000000</SARD>
    <SICI>52,000000</SICI>
    <SUD>52,000000</SUD>
    <AUST>52,000000</AUST>
    <BRNN>52,000000</BRNN>
    <COAC>52,000000</COAC>
    <CORS>52,000000</CORS>
    <FOGN>52,000000</FOGN>
    <FRAN>52,000000</FRAN>
    <GREC>52,000000</GREC>
    <MFTV>52,000000</MFTV>
    <PRGP>52,000000</PRGP>
    <ROSN>52,000000</ROSN>
    <SLOV>52,000000</SLOV>
    <SVIZ>52,000000</SVIZ>
    <BSP>52,000000</BSP>
    <MALT>52,000000</MALT>
    <XAUS>52,000000</XAUS>
    <XFRA>52,000000</XFRA>
  </Prezzi>
  <Prezzi>
    <Data>20170202</Data>
    <Mercato>MGP</Mercato>
    <Ora>7</Ora>
    <PUN>62,134930</PUN>
    <NAT>59,900000</NAT>
    <CNOR>58,830000</CNOR>
    <CSUD>58,830000</CSUD>
    <NORD>64,330000</NORD>
    <SARD>58,830000</SARD>
    <SICI>58,830000</SICI>
    <SUD>58,830000</SUD>
    <AUST>64,330000</AUST>
    <BRNN>58,830000</BRNN>
    <COAC>58,830000</COAC>
    <CORS>58,830000</CORS>
    <FOGN>58,830000</FOGN>
    <FRAN>64,330000</FRAN>
    <GREC>58,830000</GREC>
    <MFTV>64,330000</MFTV>
    <PRGP>58,830000</PRGP>
    <ROSN>58,830000</ROSN>
    <SLOV>64,330000</SLOV>
    <SVIZ>64,330000</SVIZ>
    <BSP>64,330000</BSP>
    <MALT>58,830000</MALT>
    <XAUS>64,330000</XAUS>
    <XFRA>64,330000</XFRA>
  </Prezzi>
  <Prezzi>
    <Data>20170202</Data>
    <Mercato>MGP</Mercato>
    <Ora>8</Ora>
    <PUN>72,110000</PUN>
    <NAT>72,110000</NAT>
    <CNOR>72,110000</CNOR>
    <CSUD>72,110000</CSUD>
    <NORD>72,110000</NORD>
    <SARD>72,110000</SARD>
    <SICI>72,110000</SICI>
    <SUD>72,110000</SUD>
    <AUST>72,110000</AUST>
    <BRNN>72,110000</BRNN>
    <COAC>72,110000</COAC>
    <CORS>72,110000</CORS>
    <FOGN>72,110000</FOGN>
    <FRAN>72,110000</FRAN>
    <GREC>72,110000</GREC>
    <MFTV>72,110000</MFTV>
    <PRGP>72,110000</PRGP>
    <ROSN>72,110000</ROSN>
    <SLOV>72,110000</SLOV>
    <SVIZ>72,110000</SVIZ>
    <BSP>72,110000</BSP>
    <MALT>72,110000</MALT>
    <XAUS>72,110000</XAUS>
    <XFRA>72,110000</XFRA>
  </Prezzi>
  <Prezzi>
    <Data>20170202</Data>
    <Mercato>MGP</Mercato>
    <Ora>9</Ora>
    <PUN>85,580000</PUN>
    <NAT>85,580000</NAT>
    <CNOR>85,580000</CNOR>
    <CSUD>85,580000</CSUD>
    <NORD>85,580000</NORD>
    <SARD>85,580000</SARD>
    <SICI>85,580000</SICI>
    <SUD>85,580000</SUD>
    <AUST>85,580000</AUST>
    <BRNN>85,580000</BRNN>
    <COAC>85,580000</COAC>
    <CORS>85,580000</CORS>
    <FOGN>85,580000</FOGN>
    <FRAN>85,580000</FRAN>
    <GREC>85,580000</GREC>
    <MFTV>85,580000</MFTV>
    <PRGP>85,580000</PRGP>
    <ROSN>85,580000</ROSN>
    <SLOV>85,580000</SLOV>
    <SVIZ>85,580000</SVIZ>
    <BSP>85,580000</BSP>
    <MALT>85,580000</MALT>
    <XAUS>85,580000</XAUS>
    <XFRA>85,580000</XFRA>
  </Prezzi>
  <Prezzi>
    <Data>20170202</Data>
    <Mercato>MGP</Mercato>
    <Ora>10</Ora>
    <PUN>76,691970</PUN>
    <NAT>75,000000</NAT>
    <CNOR>77,260000</CNOR>
    <CSUD>77,260000</CSUD>
    <NORD>77,260000</NORD>
    <SARD>77,260000</SARD>
    <SICI>72,660000</SICI>
    <SUD>72,660000</SUD>
    <AUST>77,260000</AUST>
    <BRNN>72,660000</BRNN>
    <COAC>77,260000</COAC>
    <CORS>77,260000</CORS>
    <FOGN>72,660000</FOGN>
    <FRAN>77,260000</FRAN>
    <GREC>72,660000</GREC>
    <MFTV>77,260000</MFTV>
    <PRGP>72,660000</PRGP>
    <ROSN>72,660000</ROSN>
    <SLOV>77,260000</SLOV>
    <SVIZ>77,260000</SVIZ>
    <BSP>77,260000</BSP>
    <MALT>72,660000</MALT>
    <XAUS>77,260000</XAUS>
    <XFRA>77,260000</XFRA>
  </Prezzi>
  <Prezzi>
    <Data>20170202</Data>
    <Mercato>MGP</Mercato>
    <Ora>11</Ora>
    <PUN>73,076010</PUN>
    <NAT>71,580000</NAT>
    <CNOR>75,000000</CNOR>
    <CSUD>75,000000</CSUD>
    <NORD>75,000000</NORD>
    <SARD>75,000000</SARD>
    <SICI>58,840000</SICI>
    <SUD>58,840000</SUD>
    <AUST>75,000000</AUST>
    <BRNN>58,840000</BRNN>
    <COAC>75,000000</COAC>
    <CORS>75,000000</CORS>
    <FOGN>58,840000</FOGN>
    <FRAN>75,000000</FRAN>
    <GREC>58,840000</GREC>
    <MFTV>75,000000</MFTV>
    <PRGP>58,840000</PRGP>
    <ROSN>58,840000</ROSN>
    <SLOV>75,000000</SLOV>
    <SVIZ>75,000000</SVIZ>
    <BSP>75,000000</BSP>
    <MALT>58,840000</MALT>
    <XAUS>75,000000</XAUS>
    <XFRA>75,000000</XFRA>
  </Prezzi>
  <Prezzi>
    <Data>20170202</Data>
    <Mercato>MGP</Mercato>
    <Ora>12</Ora>
    <PUN>72,812990</PUN>
    <NAT>68,300000</NAT>
    <CNOR>74,770000</CNOR>
    <CSUD>74,770000</CSUD>
    <NORD>74,770000</NORD>
    <SARD>74,770000</SARD>
    <SICI>58,210000</SICI>
    <SUD>58,210000</SUD>
    <AUST>74,770000</AUST>
    <BRNN>58,210000</BRNN>
    <COAC>74,770000</COAC>
    <CORS>74,770000</CORS>
    <FOGN>58,210000</FOGN>
    <FRAN>74,770000</FRAN>
    <GREC>58,210000</GREC>
    <MFTV>74,770000</MFTV>
    <PRGP>58,210000</PRGP>
    <ROSN>58,210000</ROSN>
    <SLOV>74,770000</SLOV>
    <SVIZ>74,770000</SVIZ>
    <BSP>74,770000</BSP>
    <MALT>58,210000</MALT>
    <XAUS>74,770000</XAUS>
    <XFRA>74,770000</XFRA>
  </Prezzi>
  <Prezzi>
    <Data>20170202</Data>
    <Mercato>MGP</Mercato>
    <Ora>13</Ora>
    <PUN>61,857840</PUN>
    <NAT>61,000000</NAT>
    <CNOR>59,600000</CNOR>
    <CSUD>59,600000</CSUD>
    <NORD>64,770000</NORD>
    <SARD>59,600000</SARD>
    <SICI>53,000000</SICI>
    <SUD>53,000000</SUD>
    <AUST>64,770000</AUST>
    <BRNN>53,000000</BRNN>
    <COAC>59,600000</COAC>
    <CORS>59,600000</CORS>
    <FOGN>53,000000</FOGN>
    <FRAN>64,770000</FRAN>
    <GREC>53,000000</GREC>
    <MFTV>64,770000</MFTV>
    <PRGP>53,000000</PRGP>
    <ROSN>53,000000</ROSN>
    <SLOV>64,770000</SLOV>
    <SVIZ>64,770000</SVIZ>
    <BSP>64,770000</BSP>
    <MALT>53,000000</MALT>
    <XAUS>64,770000</XAUS>
    <XFRA>64,770000</XFRA>
  </Prezzi>
  <Prezzi>
    <Data>20170202</Data>
    <Mercato>MGP</Mercato>
    <Ora>14</Ora>
    <PUN>60,801310</PUN>
    <NAT>59,600000</NAT>
    <CNOR>59,600000</CNOR>
    <CSUD>53,000000</CSUD>
    <NORD>64,830000</NORD>
    <SARD>53,000000</SARD>
    <SICI>53,000000</SICI>
    <SUD>53,000000</SUD>
    <AUST>64,830000</AUST>
    <BRNN>53,000000</BRNN>
    <COAC>53,000000</COAC>
    <CORS>59,600000</CORS>
    <FOGN>53,000000</FOGN>
    <FRAN>64,830000</FRAN>
    <GREC>53,000000</GREC>
    <MFTV>64,830000</MFTV>
    <PRGP>53,000000</PRGP>
    <ROSN>53,000000</ROSN>
    <SLOV>64,830000</SLOV>
    <SVIZ>64,830000</SVIZ>
    <BSP>64,830000</BSP>
    <MALT>53,000000</MALT>
    <XAUS>64,830000</XAUS>
    <XFRA>64,830000</XFRA>
  </Prezzi>
  <Prezzi>
    <Data>20170202</Data>
    <Mercato>MGP</Mercato>
    <Ora>15</Ora>
    <PUN>67,882160</PUN>
    <NAT>64,770000</NAT>
    <CNOR>65,100000</CNOR>
    <CSUD>64,790000</CSUD>
    <NORD>71,840000</NORD>
    <SARD>64,790000</SARD>
    <SICI>54,400000</SICI>
    <SUD>54,400000</SUD>
    <AUST>71,840000</AUST>
    <BRNN>54,400000</BRNN>
    <COAC>64,790000</COAC>
    <CORS>65,100000</CORS>
    <FOGN>54,400000</FOGN>
    <FRAN>71,840000</FRAN>
    <GREC>54,400000</GREC>
    <MFTV>71,840000</MFTV>
    <PRGP>54,400000</PRGP>
    <ROSN>54,400000</ROSN>
    <SLOV>71,840000</SLOV>
    <SVIZ>71,840000</SVIZ>
    <BSP>71,840000</BSP>
    <MALT>54,400000</MALT>
    <XAUS>71,840000</XAUS>
    <XFRA>71,840000</XFRA>
  </Prezzi>
  <Prezzi>
    <Data>20170202</Data>
    <Mercato>MGP</Mercato>
    <Ora>16</Ora>
    <PUN>69,469490</PUN>
    <NAT>65,000000</NAT>
    <CNOR>72,110000</CNOR>
    <CSUD>67,030000</CSUD>
    <NORD>72,110000</NORD>
    <SARD>67,030000</SARD>
    <SICI>57,030000</SICI>
    <SUD>57,030000</SUD>
    <AUST>72,110000</AUST>
    <BRNN>57,030000</BRNN>
    <COAC>67,030000</COAC>
    <CORS>72,110000</CORS>
    <FOGN>57,030000</FOGN>
    <FRAN>72,110000</FRAN>
    <GREC>57,030000</GREC>
    <MFTV>72,110000</MFTV>
    <PRGP>57,030000</PRGP>
    <ROSN>57,030000</ROSN>
    <SLOV>72,110000</SLOV>
    <SVIZ>72,110000</SVIZ>
    <BSP>72,110000</BSP>
    <MALT>57,030000</MALT>
    <XAUS>72,110000</XAUS>
    <XFRA>72,110000</XFRA>
  </Prezzi>
  <Prezzi>
    <Data>20170202</Data>
    <Mercato>MGP</Mercato>
    <Ora>17</Ora>
    <PUN>70,166660</PUN>
    <NAT>66,890000</NAT>
    <CNOR>72,300000</CNOR>
    <CSUD>72,300000</CSUD>
    <NORD>72,300000</NORD>
    <SARD>72,300000</SARD>
    <SICI>55,000000</SICI>
    <SUD>55,000000</SUD>
    <AUST>72,300000</AUST>
    <BRNN>55,000000</BRNN>
    <COAC>72,300000</COAC>
    <CORS>72,300000</CORS>
    <FOGN>55,000000</FOGN>
    <FRAN>72,300000</FRAN>
    <GREC>55,000000</GREC>
    <MFTV>72,300000</MFTV>
    <PRGP>55,000000</PRGP>
    <ROSN>55,000000</ROSN>
    <SLOV>72,300000</SLOV>
    <SVIZ>72,300000</SVIZ>
    <BSP>72,300000</BSP>
    <MALT>55,000000</MALT>
    <XAUS>72,300000</XAUS>
    <XFRA>72,300000</XFRA>
  </Prezzi>
  <Prezzi>
    <Data>20170202</Data>
    <Mercato>MGP</Mercato>
    <Ora>18</Ora>
    <PUN>73,565050</PUN>
    <NAT>70,760000</NAT>
    <CNOR>75,690000</CNOR>
    <CSUD>75,690000</CSUD>
    <NORD>75,690000</NORD>
    <SARD>75,690000</SARD>
    <SICI>61,580000</SICI>
    <SUD>58,830000</SUD>
    <AUST>75,690000</AUST>
    <BRNN>58,830000</BRNN>
    <COAC>75,690000</COAC>
    <CORS>75,690000</CORS>
    <FOGN>58,830000</FOGN>
    <FRAN>75,690000</FRAN>
    <GREC>58,830000</GREC>
    <MFTV>75,690000</MFTV>
    <PRGP>61,580000</PRGP>
    <ROSN>58,830000</ROSN>
    <SLOV>75,690000</SLOV>
    <SVIZ>75,690000</SVIZ>
    <BSP>75,690000</BSP>
    <MALT>61,580000</MALT>
    <XAUS>75,690000</XAUS>
    <XFRA>75,690000</XFRA>
  </Prezzi>
  <Prezzi>
    <Data>20170202</Data>
    <Mercato>MGP</Mercato>
    <Ora>19</Ora>
    <PUN>77,452760</PUN>
    <NAT>79,660000</NAT>
    <CNOR>79,970000</CNOR>
    <CSUD>79,970000</CSUD>
    <NORD>79,970000</NORD>
    <SARD>79,970000</SARD>
    <SICI>66,280000</SICI>
    <SUD>58,850000</SUD>
    <AUST>79,970000</AUST>
    <BRNN>58,850000</BRNN>
    <COAC>79,970000</COAC>
    <CORS>79,970000</CORS>
    <FOGN>58,850000</FOGN>
    <FRAN>79,970000</FRAN>
    <GREC>58,850000</GREC>
    <MFTV>79,970000</MFTV>
    <PRGP>66,280000</PRGP>
    <ROSN>58,850000</ROSN>
    <SLOV>79,970000</SLOV>
    <SVIZ>79,970000</SVIZ>
    <BSP>79,970000</BSP>
    <MALT>66,280000</MALT>
    <XAUS>79,970000</XAUS>
    <XFRA>79,970000</XFRA>
  </Prezzi>
  <Prezzi>
    <Data>20170202</Data>
    <Mercato>MGP</Mercato>
    <Ora>20</Ora>
    <PUN>75,788370</PUN>
    <NAT>75,000000</NAT>
    <CNOR>77,030000</CNOR>
    <CSUD>77,030000</CSUD>
    <NORD>77,030000</NORD>
    <SARD>77,030000</SARD>
    <SICI>81,760000</SICI>
    <SUD>58,850000</SUD>
    <AUST>77,030000</AUST>
    <BRNN>58,850000</BRNN>
    <COAC>77,030000</COAC>
    <CORS>77,030000</CORS>
    <FOGN>58,850000</FOGN>
    <FRAN>77,030000</FRAN>
    <GREC>58,850000</GREC>
    <MFTV>77,030000</MFTV>
    <PRGP>81,760000</PRGP>
    <ROSN>58,850000</ROSN>
    <SLOV>77,030000</SLOV>
    <SVIZ>77,030000</SVIZ>
    <BSP>77,030000</BSP>
    <MALT>81,760000</MALT>
    <XAUS>77,030000</XAUS>
    <XFRA>77,030000</XFRA>
  </Prezzi>
  <Prezzi>
    <Data>20170202</Data>
    <Mercato>MGP</Mercato>
    <Ora>21</Ora>
    <PUN>68,806430</PUN>
    <NAT>68,300000</NAT>
    <CNOR>70,000000</CNOR>
    <CSUD>70,000000</CSUD>
    <NORD>70,000000</NORD>
    <SARD>70,000000</SARD>
    <SICI>66,200000</SICI>
    <SUD>58,840000</SUD>
    <AUST>70,000000</AUST>
    <BRNN>58,840000</BRNN>
    <COAC>70,000000</COAC>
    <CORS>70,000000</CORS>
    <FOGN>58,840000</FOGN>
    <FRAN>70,000000</FRAN>
    <GREC>58,840000</GREC>
    <MFTV>70,000000</MFTV>
    <PRGP>66,200000</PRGP>
    <ROSN>58,840000</ROSN>
    <SLOV>70,000000</SLOV>
    <SVIZ>70,000000</SVIZ>
    <BSP>70,000000</BSP>
    <MALT>66,200000</MALT>
    <XAUS>70,000000</XAUS>
    <XFRA>70,000000</XFRA>
  </Prezzi>
  <Prezzi>
    <Data>20170202</Data>
    <Mercato>MGP</Mercato>
    <Ora>22</Ora>
    <PUN>63,033320</PUN>
    <NAT>61,780000</NAT>
    <CNOR>63,550000</CNOR>
    <CSUD>63,550000</CSUD>
    <NORD>63,550000</NORD>
    <SARD>63,550000</SARD>
    <SICI>61,580000</SICI>
    <SUD>58,830000</SUD>
    <AUST>63,550000</AUST>
    <BRNN>58,830000</BRNN>
    <COAC>63,550000</COAC>
    <CORS>63,550000</CORS>
    <FOGN>58,830000</FOGN>
    <FRAN>63,550000</FRAN>
    <GREC>58,830000</GREC>
    <MFTV>63,550000</MFTV>
    <PRGP>61,580000</PRGP>
    <ROSN>58,830000</ROSN>
    <SLOV>63,550000</SLOV>
    <SVIZ>63,550000</SVIZ>
    <BSP>63,550000</BSP>
    <MALT>61,580000</MALT>
    <XAUS>63,550000</XAUS>
    <XFRA>63,550000</XFRA>
  </Prezzi>
  <Prezzi>
    <Data>20170202</Data>
    <Mercato>MGP</Mercato>
    <Ora>23</Ora>
    <PUN>58,825680</PUN>
    <NAT>58,120000</NAT>
    <CNOR>59,600000</CNOR>
    <CSUD>57,310000</CSUD>
    <NORD>59,600000</NORD>
    <SARD>57,310000</SARD>
    <SICI>57,310000</SICI>
    <SUD>57,310000</SUD>
    <AUST>59,600000</AUST>
    <BRNN>57,310000</BRNN>
    <COAC>57,310000</COAC>
    <CORS>59,600000</CORS>
    <FOGN>57,310000</FOGN>
    <FRAN>59,600000</FRAN>
    <GREC>57,310000</GREC>
    <MFTV>59,600000</MFTV>
    <PRGP>57,310000</PRGP>
    <ROSN>57,310000</ROSN>
    <SLOV>59,600000</SLOV>
    <SVIZ>59,600000</SVIZ>
    <BSP>59,600000</BSP>
    <MALT>57,310000</MALT>
    <XAUS>59,600000</XAUS>
    <XFRA>59,600000</XFRA>
  </Prezzi>
  <Prezzi>
    <Data>20170202</Data>
    <Mercato>MGP</Mercato>
    <Ora>24</Ora>
    <PUN>54,005100</PUN>
    <NAT>53,000000</NAT>
    <CNOR>54,990000</CNOR>
    <CSUD>52,000000</CSUD>
    <NORD>54,990000</NORD>
    <SARD>52,000000</SARD>
    <SICI>52,000000</SICI>
    <SUD>52,000000</SUD>
    <AUST>54,990000</AUST>
    <BRNN>52,000000</BRNN>
    <COAC>52,000000</COAC>
    <CORS>54,990000</CORS>
    <FOGN>52,000000</FOGN>
    <FRAN>54,990000</FRAN>
    <GREC>52,000000</GREC>
    <MFTV>54,990000</MFTV>
    <PRGP>52,000000</PRGP>
    <ROSN>52,000000</ROSN>
    <SLOV>54,990000</SLOV>
    <SVIZ>54,990000</SVIZ>
    <BSP>54,990000</BSP>
    <MALT>52,000000</MALT>
    <XAUS>54,990000</XAUS>
    <XFRA>54,990000</XFRA>
  </Prezzi>
</NewDataSet>