<?xml version="1.0" standalone="yes"?>
<NewDataSet>
  <xs:schema id="NewDataSet" xmlns="" xmlns:xs="http://www.w3.org/2001/XMLSchema" xmlns:msdata="urn:schemas-microsoft-com:xml-msdata">
    <xs:element name="NewDataSet" msdata:IsDataSet="true" msdata:UseCurrentLocale="true">
      <xs:complexType>
        <xs:choice minOccurs="0" maxOccurs="unbounded">
          <xs:element name="Prezzi">
            <xs:complexType>
              <xs:sequence>
                <xs:element name="Data" type="xs:string" minOccurs="0" />
                <xs:element name="Mercato" type="xs:string" minOccurs="0" />
                <xs:element name="Ora" type="xs:string" minOccurs="0" />
                <xs:element name="PUN" type="xs:string" minOccurs="0" />
                <xs:element name="NAT" type="xs:string" minOccurs="0" />
                <xs:element name="CNOR" type="xs:string" minOccurs="0" />
                <xs:element name="CSUD" type="xs:string" minOccurs="0" />
                <xs:element name="NORD" type="xs:string" minOccurs="0" />
                <xs:element name="SARD" type="xs:string" minOccurs="0" />
                <xs:element name="SICI" type="xs:string" minOccurs="0" />
                <xs:element name="SUD" type="xs:string" minOccurs="0" />
                <xs:element name="AUST" type="xs:string" minOccurs="0" />
                <xs:element name="BRNN" type="xs:string" minOccurs="0" />
                <xs:element name="COAC" type="xs:string" minOccurs="0" />
                <xs:element name="CORS" type="xs:string" minOccurs="0" />
                <xs:element name="FOGN" type="xs:string" minOccurs="0" />
                <xs:element name="FRAN" type="xs:string" minOccurs="0" />
                <xs:element name="GREC" type="xs:string" minOccurs="0" />
                <xs:element name="MFTV" type="xs:string" minOccurs="0" />
                <xs:element name="PRGP" type="xs:string" minOccurs="0" />
                <xs:element name="ROSN" type="xs:string" minOccurs="0" />
                <xs:element name="SLOV" type="xs:string" minOccurs="0" />
                <xs:element name="SVIZ" type="xs:string" minOccurs="0" />
                <xs:element name="BSP" type="xs:string" minOccurs="0" />
                <xs:element name="MALT" type="xs:string" minOccurs="0" />
                <xs:element name="XAUS" type="xs:string" minOccurs="0" />
                <xs:element name="XFRA" type="xs:string" minOccurs="0" />
              </xs:sequence>
            </xs:complexType>
          </xs:element>
        </xs:choice>
      </xs:complexType>
    </xs:element>
  </xs:schema>
  <Prezzi>
    <Data>20170228</Data>
    <Mercato>MGP</Mercato>
    <Ora>1</Ora>
    <PUN>44,686190</PUN>
    <NAT>44,470000</NAT>
    <CNOR>44,470000</CNOR>
    <CSUD>44,470000</CSUD>
    <NORD>44,470000</NORD>
    <SARD>44,470000</SARD>
    <SICI>48,000000</SICI>
    <SUD>44,470000</SUD>
    <AUST>44,470000</AUST>
    <BRNN>44,470000</BRNN>
    <COAC>44,470000</COAC>
    <CORS>44,470000</CORS>
    <FOGN>44,470000</FOGN>
    <FRAN>44,470000</FRAN>
    <GREC>44,470000</GREC>
    <MFTV>44,470000</MFTV>
    <PRGP>48,000000</PRGP>
    <ROSN>44,470000</ROSN>
    <SLOV>44,470000</SLOV>
    <SVIZ>44,470000</SVIZ>
    <BSP>44,470000</BSP>
    <MALT>48,000000</MALT>
    <XAUS>44,470000</XAUS>
    <XFRA>44,470000</XFRA>
  </Prezzi>
  <Prezzi>
    <Data>20170228</Data>
    <Mercato>MGP</Mercato>
    <Ora>2</Ora>
    <PUN>42,600000</PUN>
    <NAT>42,600000</NAT>
    <CNOR>42,600000</CNOR>
    <CSUD>42,600000</CSUD>
    <NORD>42,600000</NORD>
    <SARD>42,600000</SARD>
    <SICI>42,600000</SICI>
    <SUD>42,600000</SUD>
    <AUST>42,600000</AUST>
    <BRNN>42,600000</BRNN>
    <COAC>42,600000</COAC>
    <CORS>42,600000</CORS>
    <FOGN>42,600000</FOGN>
    <FRAN>42,600000</FRAN>
    <GREC>42,600000</GREC>
    <MFTV>42,600000</MFTV>
    <PRGP>42,600000</PRGP>
    <ROSN>42,600000</ROSN>
    <SLOV>42,600000</SLOV>
    <SVIZ>42,600000</SVIZ>
    <BSP>42,600000</BSP>
    <MALT>42,600000</MALT>
    <XAUS>42,600000</XAUS>
    <XFRA>42,600000</XFRA>
  </Prezzi>
  <Prezzi>
    <Data>20170228</Data>
    <Mercato>MGP</Mercato>
    <Ora>3</Ora>
    <PUN>40,580000</PUN>
    <NAT>40,580000</NAT>
    <CNOR>40,580000</CNOR>
    <CSUD>40,580000</CSUD>
    <NORD>40,580000</NORD>
    <SARD>40,580000</SARD>
    <SICI>40,580000</SICI>
    <SUD>40,580000</SUD>
    <AUST>40,580000</AUST>
    <BRNN>40,580000</BRNN>
    <COAC>40,580000</COAC>
    <CORS>40,580000</CORS>
    <FOGN>40,580000</FOGN>
    <FRAN>40,580000</FRAN>
    <GREC>40,580000</GREC>
    <MFTV>40,580000</MFTV>
    <PRGP>40,580000</PRGP>
    <ROSN>40,580000</ROSN>
    <SLOV>40,580000</SLOV>
    <SVIZ>40,580000</SVIZ>
    <BSP>40,580000</BSP>
    <MALT>40,580000</MALT>
    <XAUS>40,580000</XAUS>
    <XFRA>40,580000</XFRA>
  </Prezzi>
  <Prezzi>
    <Data>20170228</Data>
    <Mercato>MGP</Mercato>
    <Ora>4</Ora>
    <PUN>39,020000</PUN>
    <NAT>39,020000</NAT>
    <CNOR>39,020000</CNOR>
    <CSUD>39,020000</CSUD>
    <NORD>39,020000</NORD>
    <SARD>39,020000</SARD>
    <SICI>39,020000</SICI>
    <SUD>39,020000</SUD>
    <AUST>39,020000</AUST>
    <BRNN>39,020000</BRNN>
    <COAC>39,020000</COAC>
    <CORS>39,020000</CORS>
    <FOGN>39,020000</FOGN>
    <FRAN>39,020000</FRAN>
    <GREC>39,020000</GREC>
    <MFTV>39,020000</MFTV>
    <PRGP>39,020000</PRGP>
    <ROSN>39,020000</ROSN>
    <SLOV>39,020000</SLOV>
    <SVIZ>39,020000</SVIZ>
    <BSP>39,020000</BSP>
    <MALT>39,020000</MALT>
    <XAUS>39,020000</XAUS>
    <XFRA>39,020000</XFRA>
  </Prezzi>
  <Prezzi>
    <Data>20170228</Data>
    <Mercato>MGP</Mercato>
    <Ora>5</Ora>
    <PUN>40,000000</PUN>
    <NAT>40,000000</NAT>
    <CNOR>40,000000</CNOR>
    <CSUD>40,000000</CSUD>
    <NORD>40,000000</NORD>
    <SARD>40,000000</SARD>
    <SICI>40,000000</SICI>
    <SUD>40,000000</SUD>
    <AUST>40,000000</AUST>
    <BRNN>40,000000</BRNN>
    <COAC>40,000000</COAC>
    <CORS>40,000000</CORS>
    <FOGN>40,000000</FOGN>
    <FRAN>40,000000</FRAN>
    <GREC>40,000000</GREC>
    <MFTV>40,000000</MFTV>
    <PRGP>40,000000</PRGP>
    <ROSN>40,000000</ROSN>
    <SLOV>40,000000</SLOV>
    <SVIZ>40,000000</SVIZ>
    <BSP>40,000000</BSP>
    <MALT>40,000000</MALT>
    <XAUS>40,000000</XAUS>
    <XFRA>40,000000</XFRA>
  </Prezzi>
  <Prezzi>
    <Data>20170228</Data>
    <Mercato>MGP</Mercato>
    <Ora>6</Ora>
    <PUN>43,150000</PUN>
    <NAT>43,150000</NAT>
    <CNOR>43,150000</CNOR>
    <CSUD>43,150000</CSUD>
    <NORD>43,150000</NORD>
    <SARD>43,150000</SARD>
    <SICI>43,150000</SICI>
    <SUD>43,150000</SUD>
    <AUST>43,150000</AUST>
    <BRNN>43,150000</BRNN>
    <COAC>43,150000</COAC>
    <CORS>43,150000</CORS>
    <FOGN>43,150000</FOGN>
    <FRAN>43,150000</FRAN>
    <GREC>43,150000</GREC>
    <MFTV>43,150000</MFTV>
    <PRGP>43,150000</PRGP>
    <ROSN>43,150000</ROSN>
    <SLOV>43,150000</SLOV>
    <SVIZ>43,150000</SVIZ>
    <BSP>43,150000</BSP>
    <MALT>43,150000</MALT>
    <XAUS>43,150000</XAUS>
    <XFRA>43,150000</XFRA>
  </Prezzi>
  <Prezzi>
    <Data>20170228</Data>
    <Mercato>MGP</Mercato>
    <Ora>7</Ora>
    <PUN>48,280000</PUN>
    <NAT>48,280000</NAT>
    <CNOR>48,280000</CNOR>
    <CSUD>48,280000</CSUD>
    <NORD>48,280000</NORD>
    <SARD>48,280000</SARD>
    <SICI>48,280000</SICI>
    <SUD>48,280000</SUD>
    <AUST>48,280000</AUST>
    <BRNN>48,280000</BRNN>
    <COAC>48,280000</COAC>
    <CORS>48,280000</CORS>
    <FOGN>48,280000</FOGN>
    <FRAN>48,280000</FRAN>
    <GREC>48,280000</GREC>
    <MFTV>48,280000</MFTV>
    <PRGP>48,280000</PRGP>
    <ROSN>48,280000</ROSN>
    <SLOV>48,280000</SLOV>
    <SVIZ>48,280000</SVIZ>
    <BSP>48,280000</BSP>
    <MALT>48,280000</MALT>
    <XAUS>48,280000</XAUS>
    <XFRA>48,280000</XFRA>
  </Prezzi>
  <Prezzi>
    <Data>20170228</Data>
    <Mercato>MGP</Mercato>
    <Ora>8</Ora>
    <PUN>52,687020</PUN>
    <NAT>52,000000</NAT>
    <CNOR>52,000000</CNOR>
    <CSUD>52,000000</CSUD>
    <NORD>52,000000</NORD>
    <SARD>52,000000</SARD>
    <SICI>65,000000</SICI>
    <SUD>52,000000</SUD>
    <AUST>52,000000</AUST>
    <BRNN>52,000000</BRNN>
    <COAC>52,000000</COAC>
    <CORS>52,000000</CORS>
    <FOGN>52,000000</FOGN>
    <FRAN>52,000000</FRAN>
    <GREC>52,000000</GREC>
    <MFTV>52,000000</MFTV>
    <PRGP>65,000000</PRGP>
    <ROSN>52,000000</ROSN>
    <SLOV>52,000000</SLOV>
    <SVIZ>52,000000</SVIZ>
    <BSP>52,000000</BSP>
    <MALT>65,000000</MALT>
    <XAUS>52,000000</XAUS>
    <XFRA>52,000000</XFRA>
  </Prezzi>
  <Prezzi>
    <Data>20170228</Data>
    <Mercato>MGP</Mercato>
    <Ora>9</Ora>
    <PUN>55,958780</PUN>
    <NAT>54,450000</NAT>
    <CNOR>55,150000</CNOR>
    <CSUD>55,150000</CSUD>
    <NORD>55,150000</NORD>
    <SARD>55,150000</SARD>
    <SICI>73,000000</SICI>
    <SUD>53,000000</SUD>
    <AUST>55,150000</AUST>
    <BRNN>53,000000</BRNN>
    <COAC>55,150000</COAC>
    <CORS>55,150000</CORS>
    <FOGN>53,000000</FOGN>
    <FRAN>55,150000</FRAN>
    <GREC>53,000000</GREC>
    <MFTV>55,150000</MFTV>
    <PRGP>73,000000</PRGP>
    <ROSN>36,920000</ROSN>
    <SLOV>55,150000</SLOV>
    <SVIZ>55,150000</SVIZ>
    <BSP>55,150000</BSP>
    <MALT>73,000000</MALT>
    <XAUS>55,150000</XAUS>
    <XFRA>55,150000</XFRA>
  </Prezzi>
  <Prezzi>
    <Data>20170228</Data>
    <Mercato>MGP</Mercato>
    <Ora>10</Ora>
    <PUN>54,818960</PUN>
    <NAT>53,000000</NAT>
    <CNOR>54,420000</CNOR>
    <CSUD>54,420000</CSUD>
    <NORD>54,420000</NORD>
    <SARD>54,420000</SARD>
    <SICI>65,000000</SICI>
    <SUD>51,980000</SUD>
    <AUST>54,420000</AUST>
    <BRNN>51,980000</BRNN>
    <COAC>54,420000</COAC>
    <CORS>54,420000</CORS>
    <FOGN>51,980000</FOGN>
    <FRAN>54,420000</FRAN>
    <GREC>51,980000</GREC>
    <MFTV>54,420000</MFTV>
    <PRGP>65,000000</PRGP>
    <ROSN>36,920000</ROSN>
    <SLOV>54,420000</SLOV>
    <SVIZ>54,420000</SVIZ>
    <BSP>54,420000</BSP>
    <MALT>65,000000</MALT>
    <XAUS>54,420000</XAUS>
    <XFRA>54,420000</XFRA>
  </Prezzi>
  <Prezzi>
    <Data>20170228</Data>
    <Mercato>MGP</Mercato>
    <Ora>11</Ora>
    <PUN>52,499680</PUN>
    <NAT>51,000000</NAT>
    <CNOR>53,990000</CNOR>
    <CSUD>53,990000</CSUD>
    <NORD>53,990000</NORD>
    <SARD>53,990000</SARD>
    <SICI>36,920000</SICI>
    <SUD>44,710000</SUD>
    <AUST>53,990000</AUST>
    <BRNN>44,710000</BRNN>
    <COAC>53,990000</COAC>
    <CORS>53,990000</CORS>
    <FOGN>44,710000</FOGN>
    <FRAN>53,990000</FRAN>
    <GREC>44,710000</GREC>
    <MFTV>53,990000</MFTV>
    <PRGP>36,920000</PRGP>
    <ROSN>36,920000</ROSN>
    <SLOV>53,990000</SLOV>
    <SVIZ>53,990000</SVIZ>
    <BSP>53,990000</BSP>
    <MALT>36,920000</MALT>
    <XAUS>53,990000</XAUS>
    <XFRA>53,990000</XFRA>
  </Prezzi>
  <Prezzi>
    <Data>20170228</Data>
    <Mercato>MGP</Mercato>
    <Ora>12</Ora>
    <PUN>51,248220</PUN>
    <NAT>50,210000</NAT>
    <CNOR>54,420000</CNOR>
    <CSUD>46,000000</CSUD>
    <NORD>54,420000</NORD>
    <SARD>46,000000</SARD>
    <SICI>35,000000</SICI>
    <SUD>42,690000</SUD>
    <AUST>54,420000</AUST>
    <BRNN>42,690000</BRNN>
    <COAC>46,000000</COAC>
    <CORS>54,420000</CORS>
    <FOGN>42,690000</FOGN>
    <FRAN>54,420000</FRAN>
    <GREC>42,690000</GREC>
    <MFTV>54,420000</MFTV>
    <PRGP>35,000000</PRGP>
    <ROSN>35,000000</ROSN>
    <SLOV>54,420000</SLOV>
    <SVIZ>54,420000</SVIZ>
    <BSP>54,420000</BSP>
    <MALT>35,000000</MALT>
    <XAUS>54,420000</XAUS>
    <XFRA>54,420000</XFRA>
  </Prezzi>
  <Prezzi>
    <Data>20170228</Data>
    <Mercato>MGP</Mercato>
    <Ora>13</Ora>
    <PUN>47,342810</PUN>
    <NAT>46,400000</NAT>
    <CNOR>49,680000</CNOR>
    <CSUD>46,000000</CSUD>
    <NORD>49,680000</NORD>
    <SARD>46,000000</SARD>
    <SICI>34,950000</SICI>
    <SUD>36,360000</SUD>
    <AUST>49,680000</AUST>
    <BRNN>36,360000</BRNN>
    <COAC>46,000000</COAC>
    <CORS>49,680000</CORS>
    <FOGN>36,360000</FOGN>
    <FRAN>49,680000</FRAN>
    <GREC>36,360000</GREC>
    <MFTV>49,680000</MFTV>
    <PRGP>34,950000</PRGP>
    <ROSN>34,950000</ROSN>
    <SLOV>49,680000</SLOV>
    <SVIZ>49,680000</SVIZ>
    <BSP>49,680000</BSP>
    <MALT>34,950000</MALT>
    <XAUS>49,680000</XAUS>
    <XFRA>49,680000</XFRA>
  </Prezzi>
  <Prezzi>
    <Data>20170228</Data>
    <Mercato>MGP</Mercato>
    <Ora>14</Ora>
    <PUN>46,037940</PUN>
    <NAT>46,100000</NAT>
    <CNOR>50,380000</CNOR>
    <CSUD>38,400000</CSUD>
    <NORD>50,380000</NORD>
    <SARD>38,400000</SARD>
    <SICI>25,000000</SICI>
    <SUD>36,000000</SUD>
    <AUST>50,380000</AUST>
    <BRNN>36,000000</BRNN>
    <COAC>38,400000</COAC>
    <CORS>50,380000</CORS>
    <FOGN>36,000000</FOGN>
    <FRAN>50,380000</FRAN>
    <GREC>36,000000</GREC>
    <MFTV>50,380000</MFTV>
    <PRGP>25,000000</PRGP>
    <ROSN>25,000000</ROSN>
    <SLOV>50,380000</SLOV>
    <SVIZ>50,380000</SVIZ>
    <BSP>50,380000</BSP>
    <MALT>25,000000</MALT>
    <XAUS>50,380000</XAUS>
    <XFRA>50,380000</XFRA>
  </Prezzi>
  <Prezzi>
    <Data>20170228</Data>
    <Mercato>MGP</Mercato>
    <Ora>15</Ora>
    <PUN>49,466280</PUN>
    <NAT>48,450000</NAT>
    <CNOR>52,680000</CNOR>
    <CSUD>43,000000</CSUD>
    <NORD>52,680000</NORD>
    <SARD>43,000000</SARD>
    <SICI>34,950000</SICI>
    <SUD>41,990000</SUD>
    <AUST>52,680000</AUST>
    <BRNN>41,990000</BRNN>
    <COAC>43,000000</COAC>
    <CORS>52,680000</CORS>
    <FOGN>41,990000</FOGN>
    <FRAN>52,680000</FRAN>
    <GREC>41,990000</GREC>
    <MFTV>52,680000</MFTV>
    <PRGP>34,950000</PRGP>
    <ROSN>34,950000</ROSN>
    <SLOV>52,680000</SLOV>
    <SVIZ>52,680000</SVIZ>
    <BSP>52,680000</BSP>
    <MALT>34,950000</MALT>
    <XAUS>52,680000</XAUS>
    <XFRA>52,680000</XFRA>
  </Prezzi>
  <Prezzi>
    <Data>20170228</Data>
    <Mercato>MGP</Mercato>
    <Ora>16</Ora>
    <PUN>51,072650</PUN>
    <NAT>50,470000</NAT>
    <CNOR>53,890000</CNOR>
    <CSUD>46,090000</CSUD>
    <NORD>53,890000</NORD>
    <SARD>46,090000</SARD>
    <SICI>35,950000</SICI>
    <SUD>45,330000</SUD>
    <AUST>53,890000</AUST>
    <BRNN>45,330000</BRNN>
    <COAC>46,090000</COAC>
    <CORS>53,890000</CORS>
    <FOGN>45,330000</FOGN>
    <FRAN>53,890000</FRAN>
    <GREC>45,330000</GREC>
    <MFTV>53,890000</MFTV>
    <PRGP>35,950000</PRGP>
    <ROSN>35,950000</ROSN>
    <SLOV>53,890000</SLOV>
    <SVIZ>53,890000</SVIZ>
    <BSP>53,890000</BSP>
    <MALT>35,950000</MALT>
    <XAUS>53,890000</XAUS>
    <XFRA>53,890000</XFRA>
  </Prezzi>
  <Prezzi>
    <Data>20170228</Data>
    <Mercato>MGP</Mercato>
    <Ora>17</Ora>
    <PUN>53,718160</PUN>
    <NAT>52,360000</NAT>
    <CNOR>54,420000</CNOR>
    <CSUD>51,430000</CSUD>
    <NORD>54,420000</NORD>
    <SARD>51,430000</SARD>
    <SICI>58,530000</SICI>
    <SUD>48,450000</SUD>
    <AUST>54,420000</AUST>
    <BRNN>48,450000</BRNN>
    <COAC>51,430000</COAC>
    <CORS>54,420000</CORS>
    <FOGN>48,450000</FOGN>
    <FRAN>54,420000</FRAN>
    <GREC>48,450000</GREC>
    <MFTV>54,420000</MFTV>
    <PRGP>58,530000</PRGP>
    <ROSN>36,920000</ROSN>
    <SLOV>54,420000</SLOV>
    <SVIZ>54,420000</SVIZ>
    <BSP>54,420000</BSP>
    <MALT>58,530000</MALT>
    <XAUS>54,420000</XAUS>
    <XFRA>54,420000</XFRA>
  </Prezzi>
  <Prezzi>
    <Data>20170228</Data>
    <Mercato>MGP</Mercato>
    <Ora>18</Ora>
    <PUN>54,273400</PUN>
    <NAT>53,290000</NAT>
    <CNOR>53,290000</CNOR>
    <CSUD>53,290000</CSUD>
    <NORD>53,290000</NORD>
    <SARD>53,290000</SARD>
    <SICI>71,110000</SICI>
    <SUD>53,000000</SUD>
    <AUST>53,290000</AUST>
    <BRNN>53,000000</BRNN>
    <COAC>53,290000</COAC>
    <CORS>53,290000</CORS>
    <FOGN>53,000000</FOGN>
    <FRAN>53,290000</FRAN>
    <GREC>53,000000</GREC>
    <MFTV>53,290000</MFTV>
    <PRGP>71,110000</PRGP>
    <ROSN>53,000000</ROSN>
    <SLOV>53,290000</SLOV>
    <SVIZ>53,290000</SVIZ>
    <BSP>53,290000</BSP>
    <MALT>71,110000</MALT>
    <XAUS>53,290000</XAUS>
    <XFRA>53,290000</XFRA>
  </Prezzi>
  <Prezzi>
    <Data>20170228</Data>
    <Mercato>MGP</Mercato>
    <Ora>19</Ora>
    <PUN>56,230680</PUN>
    <NAT>54,420000</NAT>
    <CNOR>54,180000</CNOR>
    <CSUD>54,180000</CSUD>
    <NORD>54,180000</NORD>
    <SARD>54,180000</SARD>
    <SICI>89,690000</SICI>
    <SUD>53,000000</SUD>
    <AUST>54,180000</AUST>
    <BRNN>53,000000</BRNN>
    <COAC>54,180000</COAC>
    <CORS>54,180000</CORS>
    <FOGN>53,000000</FOGN>
    <FRAN>54,180000</FRAN>
    <GREC>53,000000</GREC>
    <MFTV>54,180000</MFTV>
    <PRGP>89,690000</PRGP>
    <ROSN>53,000000</ROSN>
    <SLOV>54,180000</SLOV>
    <SVIZ>54,180000</SVIZ>
    <BSP>54,180000</BSP>
    <MALT>89,690000</MALT>
    <XAUS>54,180000</XAUS>
    <XFRA>54,180000</XFRA>
  </Prezzi>
  <Prezzi>
    <Data>20170228</Data>
    <Mercato>MGP</Mercato>
    <Ora>20</Ora>
    <PUN>55,879430</PUN>
    <NAT>54,420000</NAT>
    <CNOR>53,680000</CNOR>
    <CSUD>53,680000</CSUD>
    <NORD>53,680000</NORD>
    <SARD>53,680000</SARD>
    <SICI>89,690000</SICI>
    <SUD>53,000000</SUD>
    <AUST>53,680000</AUST>
    <BRNN>53,000000</BRNN>
    <COAC>53,680000</COAC>
    <CORS>53,680000</CORS>
    <FOGN>53,000000</FOGN>
    <FRAN>53,680000</FRAN>
    <GREC>53,000000</GREC>
    <MFTV>53,680000</MFTV>
    <PRGP>89,690000</PRGP>
    <ROSN>53,000000</ROSN>
    <SLOV>53,680000</SLOV>
    <SVIZ>53,680000</SVIZ>
    <BSP>53,680000</BSP>
    <MALT>89,690000</MALT>
    <XAUS>53,680000</XAUS>
    <XFRA>53,680000</XFRA>
  </Prezzi>
  <Prezzi>
    <Data>20170228</Data>
    <Mercato>MGP</Mercato>
    <Ora>21</Ora>
    <PUN>53,924700</PUN>
    <NAT>52,000000</NAT>
    <CNOR>51,420000</CNOR>
    <CSUD>51,420000</CSUD>
    <NORD>51,420000</NORD>
    <SARD>51,420000</SARD>
    <SICI>89,690000</SICI>
    <SUD>51,420000</SUD>
    <AUST>51,420000</AUST>
    <BRNN>51,420000</BRNN>
    <COAC>51,420000</COAC>
    <CORS>51,420000</CORS>
    <FOGN>51,420000</FOGN>
    <FRAN>51,420000</FRAN>
    <GREC>51,420000</GREC>
    <MFTV>51,420000</MFTV>
    <PRGP>89,690000</PRGP>
    <ROSN>51,420000</ROSN>
    <SLOV>51,420000</SLOV>
    <SVIZ>51,420000</SVIZ>
    <BSP>51,420000</BSP>
    <MALT>89,690000</MALT>
    <XAUS>51,420000</XAUS>
    <XFRA>51,420000</XFRA>
  </Prezzi>
  <Prezzi>
    <Data>20170228</Data>
    <Mercato>MGP</Mercato>
    <Ora>22</Ora>
    <PUN>50,376300</PUN>
    <NAT>48,730000</NAT>
    <CNOR>48,410000</CNOR>
    <CSUD>48,410000</CSUD>
    <NORD>48,410000</NORD>
    <SARD>48,410000</SARD>
    <SICI>78,310000</SICI>
    <SUD>48,410000</SUD>
    <AUST>48,410000</AUST>
    <BRNN>48,410000</BRNN>
    <COAC>48,410000</COAC>
    <CORS>48,410000</CORS>
    <FOGN>48,410000</FOGN>
    <FRAN>48,410000</FRAN>
    <GREC>48,410000</GREC>
    <MFTV>48,410000</MFTV>
    <PRGP>78,310000</PRGP>
    <ROSN>48,410000</ROSN>
    <SLOV>48,410000</SLOV>
    <SVIZ>48,410000</SVIZ>
    <BSP>48,410000</BSP>
    <MALT>78,310000</MALT>
    <XAUS>48,410000</XAUS>
    <XFRA>48,410000</XFRA>
  </Prezzi>
  <Prezzi>
    <Data>20170228</Data>
    <Mercato>MGP</Mercato>
    <Ora>23</Ora>
    <PUN>47,879850</PUN>
    <NAT>47,330000</NAT>
    <CNOR>47,000000</CNOR>
    <CSUD>47,000000</CSUD>
    <NORD>47,000000</NORD>
    <SARD>47,000000</SARD>
    <SICI>60,300000</SICI>
    <SUD>47,000000</SUD>
    <AUST>47,000000</AUST>
    <BRNN>47,000000</BRNN>
    <COAC>47,000000</COAC>
    <CORS>47,000000</CORS>
    <FOGN>47,000000</FOGN>
    <FRAN>47,000000</FRAN>
    <GREC>47,000000</GREC>
    <MFTV>47,000000</MFTV>
    <PRGP>60,300000</PRGP>
    <ROSN>47,000000</ROSN>
    <SLOV>47,000000</SLOV>
    <SVIZ>47,000000</SVIZ>
    <BSP>47,000000</BSP>
    <MALT>60,300000</MALT>
    <XAUS>47,000000</XAUS>
    <XFRA>47,000000</XFRA>
  </Prezzi>
  <Prezzi>
    <Data>20170228</Data>
    <Mercato>MGP</Mercato>
    <Ora>24</Ora>
    <PUN>43,500000</PUN>
    <NAT>43,500000</NAT>
    <CNOR>43,500000</CNOR>
    <CSUD>43,500000</CSUD>
    <NORD>43,500000</NORD>
    <SARD>43,500000</SARD>
    <SICI>43,500000</SICI>
    <SUD>43,500000</SUD>
    <AUST>43,500000</AUST>
    <BRNN>43,500000</BRNN>
    <COAC>43,500000</COAC>
    <CORS>43,500000</CORS>
    <FOGN>43,500000</FOGN>
    <FRAN>43,500000</FRAN>
    <GREC>43,500000</GREC>
    <MFTV>43,500000</MFTV>
    <PRGP>43,500000</PRGP>
    <ROSN>43,500000</ROSN>
    <SLOV>43,500000</SLOV>
    <SVIZ>43,500000</SVIZ>
    <BSP>43,500000</BSP>
    <MALT>43,500000</MALT>
    <XAUS>43,500000</XAUS>
    <XFRA>43,500000</XFRA>
  </Prezzi>
</NewDataSet>