<?xml version="1.0" standalone="yes"?>
<NewDataSet>
  <xs:schema id="NewDataSet" xmlns="" xmlns:xs="http://www.w3.org/2001/XMLSchema" xmlns:msdata="urn:schemas-microsoft-com:xml-msdata">
    <xs:element name="NewDataSet" msdata:IsDataSet="true" msdata:UseCurrentLocale="true">
      <xs:complexType>
        <xs:choice minOccurs="0" maxOccurs="unbounded">
          <xs:element name="Prezzi">
            <xs:complexType>
              <xs:sequence>
                <xs:element name="Data" type="xs:string" minOccurs="0" />
                <xs:element name="Mercato" type="xs:string" minOccurs="0" />
                <xs:element name="Ora" type="xs:string" minOccurs="0" />
                <xs:element name="PUN" type="xs:string" minOccurs="0" />
                <xs:element name="NAT" type="xs:string" minOccurs="0" />
                <xs:element name="CNOR" type="xs:string" minOccurs="0" />
                <xs:element name="CSUD" type="xs:string" minOccurs="0" />
                <xs:element name="NORD" type="xs:string" minOccurs="0" />
                <xs:element name="SARD" type="xs:string" minOccurs="0" />
                <xs:element name="SICI" type="xs:string" minOccurs="0" />
                <xs:element name="SUD" type="xs:string" minOccurs="0" />
                <xs:element name="AUST" type="xs:string" minOccurs="0" />
                <xs:element name="BRNN" type="xs:string" minOccurs="0" />
                <xs:element name="COAC" type="xs:string" minOccurs="0" />
                <xs:element name="CORS" type="xs:string" minOccurs="0" />
                <xs:element name="FOGN" type="xs:string" minOccurs="0" />
                <xs:element name="FRAN" type="xs:string" minOccurs="0" />
                <xs:element name="GREC" type="xs:string" minOccurs="0" />
                <xs:element name="MFTV" type="xs:string" minOccurs="0" />
                <xs:element name="PRGP" type="xs:string" minOccurs="0" />
                <xs:element name="ROSN" type="xs:string" minOccurs="0" />
                <xs:element name="SLOV" type="xs:string" minOccurs="0" />
                <xs:element name="SVIZ" type="xs:string" minOccurs="0" />
                <xs:element name="BSP" type="xs:string" minOccurs="0" />
                <xs:element name="MALT" type="xs:string" minOccurs="0" />
                <xs:element name="XAUS" type="xs:string" minOccurs="0" />
                <xs:element name="XFRA" type="xs:string" minOccurs="0" />
              </xs:sequence>
            </xs:complexType>
          </xs:element>
        </xs:choice>
      </xs:complexType>
    </xs:element>
  </xs:schema>
  <Prezzi>
    <Data>20170212</Data>
    <Mercato>MGP</Mercato>
    <Ora>1</Ora>
    <PUN>51,296500</PUN>
    <NAT>50,880000</NAT>
    <CNOR>50,600000</CNOR>
    <CSUD>50,600000</CSUD>
    <NORD>50,600000</NORD>
    <SARD>50,600000</SARD>
    <SICI>60,340000</SICI>
    <SUD>50,600000</SUD>
    <AUST>50,600000</AUST>
    <BRNN>50,600000</BRNN>
    <COAC>50,600000</COAC>
    <CORS>50,600000</CORS>
    <FOGN>50,600000</FOGN>
    <FRAN>50,600000</FRAN>
    <GREC>50,600000</GREC>
    <MFTV>50,600000</MFTV>
    <PRGP>60,340000</PRGP>
    <ROSN>50,600000</ROSN>
    <SLOV>50,600000</SLOV>
    <SVIZ>50,600000</SVIZ>
    <BSP>50,600000</BSP>
    <MALT>60,340000</MALT>
    <XAUS>50,600000</XAUS>
    <XFRA>50,600000</XFRA>
  </Prezzi>
  <Prezzi>
    <Data>20170212</Data>
    <Mercato>MGP</Mercato>
    <Ora>2</Ora>
    <PUN>45,660000</PUN>
    <NAT>45,660000</NAT>
    <CNOR>45,660000</CNOR>
    <CSUD>45,660000</CSUD>
    <NORD>45,660000</NORD>
    <SARD>45,660000</SARD>
    <SICI>45,660000</SICI>
    <SUD>45,660000</SUD>
    <AUST>45,660000</AUST>
    <BRNN>45,660000</BRNN>
    <COAC>45,660000</COAC>
    <CORS>45,660000</CORS>
    <FOGN>45,660000</FOGN>
    <FRAN>45,660000</FRAN>
    <GREC>45,660000</GREC>
    <MFTV>45,660000</MFTV>
    <PRGP>45,660000</PRGP>
    <ROSN>45,660000</ROSN>
    <SLOV>45,660000</SLOV>
    <SVIZ>45,660000</SVIZ>
    <BSP>45,660000</BSP>
    <MALT>45,660000</MALT>
    <XAUS>45,660000</XAUS>
    <XFRA>45,660000</XFRA>
  </Prezzi>
  <Prezzi>
    <Data>20170212</Data>
    <Mercato>MGP</Mercato>
    <Ora>3</Ora>
    <PUN>42,990000</PUN>
    <NAT>42,990000</NAT>
    <CNOR>42,990000</CNOR>
    <CSUD>42,990000</CSUD>
    <NORD>42,990000</NORD>
    <SARD>42,990000</SARD>
    <SICI>42,990000</SICI>
    <SUD>42,990000</SUD>
    <AUST>42,990000</AUST>
    <BRNN>42,990000</BRNN>
    <COAC>42,990000</COAC>
    <CORS>42,990000</CORS>
    <FOGN>42,990000</FOGN>
    <FRAN>42,990000</FRAN>
    <GREC>42,990000</GREC>
    <MFTV>42,990000</MFTV>
    <PRGP>42,990000</PRGP>
    <ROSN>42,990000</ROSN>
    <SLOV>42,990000</SLOV>
    <SVIZ>42,990000</SVIZ>
    <BSP>42,990000</BSP>
    <MALT>42,990000</MALT>
    <XAUS>42,990000</XAUS>
    <XFRA>42,990000</XFRA>
  </Prezzi>
  <Prezzi>
    <Data>20170212</Data>
    <Mercato>MGP</Mercato>
    <Ora>4</Ora>
    <PUN>42,070000</PUN>
    <NAT>42,020000</NAT>
    <CNOR>42,070000</CNOR>
    <CSUD>42,070000</CSUD>
    <NORD>42,070000</NORD>
    <SARD>42,070000</SARD>
    <SICI>42,070000</SICI>
    <SUD>42,070000</SUD>
    <AUST>42,070000</AUST>
    <BRNN>42,070000</BRNN>
    <COAC>42,070000</COAC>
    <CORS>42,070000</CORS>
    <FOGN>42,070000</FOGN>
    <FRAN>42,070000</FRAN>
    <GREC>42,070000</GREC>
    <MFTV>42,070000</MFTV>
    <PRGP>42,070000</PRGP>
    <ROSN>42,070000</ROSN>
    <SLOV>42,070000</SLOV>
    <SVIZ>42,070000</SVIZ>
    <BSP>42,070000</BSP>
    <MALT>42,070000</MALT>
    <XAUS>42,070000</XAUS>
    <XFRA>42,070000</XFRA>
  </Prezzi>
  <Prezzi>
    <Data>20170212</Data>
    <Mercato>MGP</Mercato>
    <Ora>5</Ora>
    <PUN>41,453760</PUN>
    <NAT>38,240000</NAT>
    <CNOR>41,453760</CNOR>
    <CSUD>41,453760</CSUD>
    <NORD>41,453760</NORD>
    <SARD>41,453760</SARD>
    <SICI>41,453760</SICI>
    <SUD>41,453760</SUD>
    <AUST>41,453760</AUST>
    <BRNN>41,453760</BRNN>
    <COAC>41,453760</COAC>
    <CORS>41,453760</CORS>
    <FOGN>41,453760</FOGN>
    <FRAN>41,453760</FRAN>
    <GREC>41,453760</GREC>
    <MFTV>41,453760</MFTV>
    <PRGP>41,453760</PRGP>
    <ROSN>41,453760</ROSN>
    <SLOV>41,453760</SLOV>
    <SVIZ>41,453760</SVIZ>
    <BSP>41,453760</BSP>
    <MALT>41,453760</MALT>
    <XAUS>41,453760</XAUS>
    <XFRA>41,453760</XFRA>
  </Prezzi>
  <Prezzi>
    <Data>20170212</Data>
    <Mercato>MGP</Mercato>
    <Ora>6</Ora>
    <PUN>40,760000</PUN>
    <NAT>36,400000</NAT>
    <CNOR>40,760000</CNOR>
    <CSUD>40,760000</CSUD>
    <NORD>40,760000</NORD>
    <SARD>40,760000</SARD>
    <SICI>40,760000</SICI>
    <SUD>40,760000</SUD>
    <AUST>40,760000</AUST>
    <BRNN>40,760000</BRNN>
    <COAC>40,760000</COAC>
    <CORS>40,760000</CORS>
    <FOGN>40,760000</FOGN>
    <FRAN>40,760000</FRAN>
    <GREC>40,760000</GREC>
    <MFTV>40,760000</MFTV>
    <PRGP>40,760000</PRGP>
    <ROSN>40,760000</ROSN>
    <SLOV>40,760000</SLOV>
    <SVIZ>40,760000</SVIZ>
    <BSP>40,760000</BSP>
    <MALT>40,760000</MALT>
    <XAUS>40,760000</XAUS>
    <XFRA>40,760000</XFRA>
  </Prezzi>
  <Prezzi>
    <Data>20170212</Data>
    <Mercato>MGP</Mercato>
    <Ora>7</Ora>
    <PUN>43,320000</PUN>
    <NAT>43,320000</NAT>
    <CNOR>43,320000</CNOR>
    <CSUD>43,320000</CSUD>
    <NORD>43,320000</NORD>
    <SARD>43,320000</SARD>
    <SICI>43,320000</SICI>
    <SUD>43,320000</SUD>
    <AUST>43,320000</AUST>
    <BRNN>43,320000</BRNN>
    <COAC>43,320000</COAC>
    <CORS>43,320000</CORS>
    <FOGN>43,320000</FOGN>
    <FRAN>43,320000</FRAN>
    <GREC>43,320000</GREC>
    <MFTV>43,320000</MFTV>
    <PRGP>43,320000</PRGP>
    <ROSN>43,320000</ROSN>
    <SLOV>43,320000</SLOV>
    <SVIZ>43,320000</SVIZ>
    <BSP>43,320000</BSP>
    <MALT>43,320000</MALT>
    <XAUS>43,320000</XAUS>
    <XFRA>43,320000</XFRA>
  </Prezzi>
  <Prezzi>
    <Data>20170212</Data>
    <Mercato>MGP</Mercato>
    <Ora>8</Ora>
    <PUN>44,570000</PUN>
    <NAT>44,570000</NAT>
    <CNOR>44,570000</CNOR>
    <CSUD>44,570000</CSUD>
    <NORD>44,570000</NORD>
    <SARD>44,570000</SARD>
    <SICI>44,570000</SICI>
    <SUD>44,570000</SUD>
    <AUST>44,570000</AUST>
    <BRNN>44,570000</BRNN>
    <COAC>44,570000</COAC>
    <CORS>44,570000</CORS>
    <FOGN>44,570000</FOGN>
    <FRAN>44,570000</FRAN>
    <GREC>44,570000</GREC>
    <MFTV>44,570000</MFTV>
    <PRGP>44,570000</PRGP>
    <ROSN>44,570000</ROSN>
    <SLOV>44,570000</SLOV>
    <SVIZ>44,570000</SVIZ>
    <BSP>44,570000</BSP>
    <MALT>44,570000</MALT>
    <XAUS>44,570000</XAUS>
    <XFRA>44,570000</XFRA>
  </Prezzi>
  <Prezzi>
    <Data>20170212</Data>
    <Mercato>MGP</Mercato>
    <Ora>9</Ora>
    <PUN>45,850000</PUN>
    <NAT>45,850000</NAT>
    <CNOR>45,850000</CNOR>
    <CSUD>45,850000</CSUD>
    <NORD>45,850000</NORD>
    <SARD>45,850000</SARD>
    <SICI>45,850000</SICI>
    <SUD>45,850000</SUD>
    <AUST>45,850000</AUST>
    <BRNN>45,850000</BRNN>
    <COAC>45,850000</COAC>
    <CORS>45,850000</CORS>
    <FOGN>45,850000</FOGN>
    <FRAN>45,850000</FRAN>
    <GREC>45,850000</GREC>
    <MFTV>45,850000</MFTV>
    <PRGP>45,850000</PRGP>
    <ROSN>45,850000</ROSN>
    <SLOV>45,850000</SLOV>
    <SVIZ>45,850000</SVIZ>
    <BSP>45,850000</BSP>
    <MALT>45,850000</MALT>
    <XAUS>45,850000</XAUS>
    <XFRA>45,850000</XFRA>
  </Prezzi>
  <Prezzi>
    <Data>20170212</Data>
    <Mercato>MGP</Mercato>
    <Ora>10</Ora>
    <PUN>50,960000</PUN>
    <NAT>50,960000</NAT>
    <CNOR>50,960000</CNOR>
    <CSUD>50,960000</CSUD>
    <NORD>50,960000</NORD>
    <SARD>50,960000</SARD>
    <SICI>50,960000</SICI>
    <SUD>50,960000</SUD>
    <AUST>50,960000</AUST>
    <BRNN>50,960000</BRNN>
    <COAC>50,960000</COAC>
    <CORS>50,960000</CORS>
    <FOGN>50,960000</FOGN>
    <FRAN>50,960000</FRAN>
    <GREC>50,960000</GREC>
    <MFTV>50,960000</MFTV>
    <PRGP>50,960000</PRGP>
    <ROSN>50,960000</ROSN>
    <SLOV>50,960000</SLOV>
    <SVIZ>50,960000</SVIZ>
    <BSP>50,960000</BSP>
    <MALT>50,960000</MALT>
    <XAUS>50,960000</XAUS>
    <XFRA>50,960000</XFRA>
  </Prezzi>
  <Prezzi>
    <Data>20170212</Data>
    <Mercato>MGP</Mercato>
    <Ora>11</Ora>
    <PUN>54,340000</PUN>
    <NAT>52,000000</NAT>
    <CNOR>52,000000</CNOR>
    <CSUD>52,000000</CSUD>
    <NORD>56,298300</NORD>
    <SARD>52,000000</SARD>
    <SICI>52,000000</SICI>
    <SUD>52,000000</SUD>
    <AUST>56,298300</AUST>
    <BRNN>52,000000</BRNN>
    <COAC>52,000000</COAC>
    <CORS>52,000000</CORS>
    <FOGN>52,000000</FOGN>
    <FRAN>56,298300</FRAN>
    <GREC>52,000000</GREC>
    <MFTV>56,298300</MFTV>
    <PRGP>52,000000</PRGP>
    <ROSN>52,000000</ROSN>
    <SLOV>56,298300</SLOV>
    <SVIZ>56,298300</SVIZ>
    <BSP>56,298300</BSP>
    <MALT>52,000000</MALT>
    <XAUS>56,298300</XAUS>
    <XFRA>56,298300</XFRA>
  </Prezzi>
  <Prezzi>
    <Data>20170212</Data>
    <Mercato>MGP</Mercato>
    <Ora>12</Ora>
    <PUN>54,900950</PUN>
    <NAT>52,000000</NAT>
    <CNOR>51,000000</CNOR>
    <CSUD>51,000000</CSUD>
    <NORD>58,100000</NORD>
    <SARD>51,000000</SARD>
    <SICI>51,000000</SICI>
    <SUD>51,000000</SUD>
    <AUST>58,100000</AUST>
    <BRNN>51,000000</BRNN>
    <COAC>51,000000</COAC>
    <CORS>51,000000</CORS>
    <FOGN>51,000000</FOGN>
    <FRAN>58,100000</FRAN>
    <GREC>51,000000</GREC>
    <MFTV>58,100000</MFTV>
    <PRGP>51,000000</PRGP>
    <ROSN>51,000000</ROSN>
    <SLOV>58,100000</SLOV>
    <SVIZ>58,100000</SVIZ>
    <BSP>58,100000</BSP>
    <MALT>51,000000</MALT>
    <XAUS>58,100000</XAUS>
    <XFRA>58,100000</XFRA>
  </Prezzi>
  <Prezzi>
    <Data>20170212</Data>
    <Mercato>MGP</Mercato>
    <Ora>13</Ora>
    <PUN>51,690780</PUN>
    <NAT>51,270000</NAT>
    <CNOR>51,000000</CNOR>
    <CSUD>51,000000</CSUD>
    <NORD>52,280000</NORD>
    <SARD>51,000000</SARD>
    <SICI>51,000000</SICI>
    <SUD>51,000000</SUD>
    <AUST>52,280000</AUST>
    <BRNN>51,000000</BRNN>
    <COAC>51,000000</COAC>
    <CORS>51,000000</CORS>
    <FOGN>51,000000</FOGN>
    <FRAN>52,280000</FRAN>
    <GREC>51,000000</GREC>
    <MFTV>52,280000</MFTV>
    <PRGP>51,000000</PRGP>
    <ROSN>51,000000</ROSN>
    <SLOV>52,280000</SLOV>
    <SVIZ>52,280000</SVIZ>
    <BSP>52,280000</BSP>
    <MALT>51,000000</MALT>
    <XAUS>52,280000</XAUS>
    <XFRA>52,280000</XFRA>
  </Prezzi>
  <Prezzi>
    <Data>20170212</Data>
    <Mercato>MGP</Mercato>
    <Ora>14</Ora>
    <PUN>48,230000</PUN>
    <NAT>48,230000</NAT>
    <CNOR>48,230000</CNOR>
    <CSUD>48,230000</CSUD>
    <NORD>48,230000</NORD>
    <SARD>48,230000</SARD>
    <SICI>48,230000</SICI>
    <SUD>48,230000</SUD>
    <AUST>48,230000</AUST>
    <BRNN>48,230000</BRNN>
    <COAC>48,230000</COAC>
    <CORS>48,230000</CORS>
    <FOGN>48,230000</FOGN>
    <FRAN>48,230000</FRAN>
    <GREC>48,230000</GREC>
    <MFTV>48,230000</MFTV>
    <PRGP>48,230000</PRGP>
    <ROSN>48,230000</ROSN>
    <SLOV>48,230000</SLOV>
    <SVIZ>48,230000</SVIZ>
    <BSP>48,230000</BSP>
    <MALT>48,230000</MALT>
    <XAUS>48,230000</XAUS>
    <XFRA>48,230000</XFRA>
  </Prezzi>
  <Prezzi>
    <Data>20170212</Data>
    <Mercato>MGP</Mercato>
    <Ora>15</Ora>
    <PUN>45,800000</PUN>
    <NAT>45,800000</NAT>
    <CNOR>45,800000</CNOR>
    <CSUD>45,800000</CSUD>
    <NORD>45,800000</NORD>
    <SARD>45,800000</SARD>
    <SICI>45,800000</SICI>
    <SUD>45,800000</SUD>
    <AUST>45,800000</AUST>
    <BRNN>45,800000</BRNN>
    <COAC>45,800000</COAC>
    <CORS>45,800000</CORS>
    <FOGN>45,800000</FOGN>
    <FRAN>45,800000</FRAN>
    <GREC>45,800000</GREC>
    <MFTV>45,800000</MFTV>
    <PRGP>45,800000</PRGP>
    <ROSN>45,800000</ROSN>
    <SLOV>45,800000</SLOV>
    <SVIZ>45,800000</SVIZ>
    <BSP>45,800000</BSP>
    <MALT>45,800000</MALT>
    <XAUS>45,800000</XAUS>
    <XFRA>45,800000</XFRA>
  </Prezzi>
  <Prezzi>
    <Data>20170212</Data>
    <Mercato>MGP</Mercato>
    <Ora>16</Ora>
    <PUN>50,130000</PUN>
    <NAT>50,130000</NAT>
    <CNOR>50,130000</CNOR>
    <CSUD>50,130000</CSUD>
    <NORD>50,130000</NORD>
    <SARD>50,130000</SARD>
    <SICI>50,130000</SICI>
    <SUD>50,130000</SUD>
    <AUST>50,130000</AUST>
    <BRNN>50,130000</BRNN>
    <COAC>50,130000</COAC>
    <CORS>50,130000</CORS>
    <FOGN>50,130000</FOGN>
    <FRAN>50,130000</FRAN>
    <GREC>50,130000</GREC>
    <MFTV>50,130000</MFTV>
    <PRGP>50,130000</PRGP>
    <ROSN>50,130000</ROSN>
    <SLOV>50,130000</SLOV>
    <SVIZ>50,130000</SVIZ>
    <BSP>50,130000</BSP>
    <MALT>50,130000</MALT>
    <XAUS>50,130000</XAUS>
    <XFRA>50,130000</XFRA>
  </Prezzi>
  <Prezzi>
    <Data>20170212</Data>
    <Mercato>MGP</Mercato>
    <Ora>17</Ora>
    <PUN>51,660510</PUN>
    <NAT>51,000000</NAT>
    <CNOR>51,000000</CNOR>
    <CSUD>51,000000</CSUD>
    <NORD>51,000000</NORD>
    <SARD>51,000000</SARD>
    <SICI>60,480000</SICI>
    <SUD>51,000000</SUD>
    <AUST>51,000000</AUST>
    <BRNN>51,000000</BRNN>
    <COAC>51,000000</COAC>
    <CORS>51,000000</CORS>
    <FOGN>51,000000</FOGN>
    <FRAN>51,000000</FRAN>
    <GREC>51,000000</GREC>
    <MFTV>51,000000</MFTV>
    <PRGP>60,480000</PRGP>
    <ROSN>51,000000</ROSN>
    <SLOV>51,000000</SLOV>
    <SVIZ>51,000000</SVIZ>
    <BSP>51,000000</BSP>
    <MALT>60,480000</MALT>
    <XAUS>51,000000</XAUS>
    <XFRA>51,000000</XFRA>
  </Prezzi>
  <Prezzi>
    <Data>20170212</Data>
    <Mercato>MGP</Mercato>
    <Ora>18</Ora>
    <PUN>54,758830</PUN>
    <NAT>55,000000</NAT>
    <CNOR>53,580000</CNOR>
    <CSUD>53,580000</CSUD>
    <NORD>53,580000</NORD>
    <SARD>53,580000</SARD>
    <SICI>70,690000</SICI>
    <SUD>53,580000</SUD>
    <AUST>53,580000</AUST>
    <BRNN>53,580000</BRNN>
    <COAC>53,580000</COAC>
    <CORS>53,580000</CORS>
    <FOGN>53,580000</FOGN>
    <FRAN>53,580000</FRAN>
    <GREC>53,580000</GREC>
    <MFTV>53,580000</MFTV>
    <PRGP>70,690000</PRGP>
    <ROSN>53,580000</ROSN>
    <SLOV>53,580000</SLOV>
    <SVIZ>53,580000</SVIZ>
    <BSP>53,580000</BSP>
    <MALT>70,690000</MALT>
    <XAUS>53,580000</XAUS>
    <XFRA>53,580000</XFRA>
  </Prezzi>
  <Prezzi>
    <Data>20170212</Data>
    <Mercato>MGP</Mercato>
    <Ora>19</Ora>
    <PUN>65,829840</PUN>
    <NAT>69,720000</NAT>
    <CNOR>64,500000</CNOR>
    <CSUD>64,500000</CSUD>
    <NORD>64,500000</NORD>
    <SARD>64,500000</SARD>
    <SICI>83,690000</SICI>
    <SUD>64,500000</SUD>
    <AUST>64,500000</AUST>
    <BRNN>64,500000</BRNN>
    <COAC>64,500000</COAC>
    <CORS>64,500000</CORS>
    <FOGN>64,500000</FOGN>
    <FRAN>64,500000</FRAN>
    <GREC>64,500000</GREC>
    <MFTV>64,500000</MFTV>
    <PRGP>83,690000</PRGP>
    <ROSN>64,500000</ROSN>
    <SLOV>64,500000</SLOV>
    <SVIZ>64,500000</SVIZ>
    <BSP>64,500000</BSP>
    <MALT>83,690000</MALT>
    <XAUS>64,500000</XAUS>
    <XFRA>64,500000</XFRA>
  </Prezzi>
  <Prezzi>
    <Data>20170212</Data>
    <Mercato>MGP</Mercato>
    <Ora>20</Ora>
    <PUN>69,570840</PUN>
    <NAT>68,500000</NAT>
    <CNOR>68,000000</CNOR>
    <CSUD>68,000000</CSUD>
    <NORD>68,000000</NORD>
    <SARD>68,000000</SARD>
    <SICI>90,690000</SICI>
    <SUD>68,000000</SUD>
    <AUST>68,000000</AUST>
    <BRNN>68,000000</BRNN>
    <COAC>68,000000</COAC>
    <CORS>68,000000</CORS>
    <FOGN>68,000000</FOGN>
    <FRAN>68,000000</FRAN>
    <GREC>68,000000</GREC>
    <MFTV>68,000000</MFTV>
    <PRGP>90,690000</PRGP>
    <ROSN>68,000000</ROSN>
    <SLOV>68,000000</SLOV>
    <SVIZ>68,000000</SVIZ>
    <BSP>68,000000</BSP>
    <MALT>90,690000</MALT>
    <XAUS>68,000000</XAUS>
    <XFRA>68,000000</XFRA>
  </Prezzi>
  <Prezzi>
    <Data>20170212</Data>
    <Mercato>MGP</Mercato>
    <Ora>21</Ora>
    <PUN>63,799380</PUN>
    <NAT>64,370000</NAT>
    <CNOR>61,710000</CNOR>
    <CSUD>61,710000</CSUD>
    <NORD>61,710000</NORD>
    <SARD>61,710000</SARD>
    <SICI>90,690000</SICI>
    <SUD>61,710000</SUD>
    <AUST>61,710000</AUST>
    <BRNN>61,710000</BRNN>
    <COAC>61,710000</COAC>
    <CORS>61,710000</CORS>
    <FOGN>61,710000</FOGN>
    <FRAN>61,710000</FRAN>
    <GREC>61,710000</GREC>
    <MFTV>61,710000</MFTV>
    <PRGP>90,690000</PRGP>
    <ROSN>61,710000</ROSN>
    <SLOV>61,710000</SLOV>
    <SVIZ>61,710000</SVIZ>
    <BSP>61,710000</BSP>
    <MALT>90,690000</MALT>
    <XAUS>61,710000</XAUS>
    <XFRA>61,710000</XFRA>
  </Prezzi>
  <Prezzi>
    <Data>20170212</Data>
    <Mercato>MGP</Mercato>
    <Ora>22</Ora>
    <PUN>54,601130</PUN>
    <NAT>55,000000</NAT>
    <CNOR>53,000000</CNOR>
    <CSUD>53,000000</CSUD>
    <NORD>53,000000</NORD>
    <SARD>53,000000</SARD>
    <SICI>74,890000</SICI>
    <SUD>53,000000</SUD>
    <AUST>53,000000</AUST>
    <BRNN>53,000000</BRNN>
    <COAC>53,000000</COAC>
    <CORS>53,000000</CORS>
    <FOGN>53,000000</FOGN>
    <FRAN>53,000000</FRAN>
    <GREC>53,000000</GREC>
    <MFTV>53,000000</MFTV>
    <PRGP>74,890000</PRGP>
    <ROSN>53,000000</ROSN>
    <SLOV>53,000000</SLOV>
    <SVIZ>53,000000</SVIZ>
    <BSP>53,000000</BSP>
    <MALT>74,890000</MALT>
    <XAUS>53,000000</XAUS>
    <XFRA>53,000000</XFRA>
  </Prezzi>
  <Prezzi>
    <Data>20170212</Data>
    <Mercato>MGP</Mercato>
    <Ora>23</Ora>
    <PUN>51,797910</PUN>
    <NAT>51,060000</NAT>
    <CNOR>51,000000</CNOR>
    <CSUD>51,000000</CSUD>
    <NORD>51,000000</NORD>
    <SARD>51,000000</SARD>
    <SICI>61,890000</SICI>
    <SUD>51,000000</SUD>
    <AUST>51,000000</AUST>
    <BRNN>51,000000</BRNN>
    <COAC>51,000000</COAC>
    <CORS>51,000000</CORS>
    <FOGN>51,000000</FOGN>
    <FRAN>51,000000</FRAN>
    <GREC>51,000000</GREC>
    <MFTV>51,000000</MFTV>
    <PRGP>61,890000</PRGP>
    <ROSN>51,000000</ROSN>
    <SLOV>51,000000</SLOV>
    <SVIZ>51,000000</SVIZ>
    <BSP>51,000000</BSP>
    <MALT>61,890000</MALT>
    <XAUS>51,000000</XAUS>
    <XFRA>51,000000</XFRA>
  </Prezzi>
  <Prezzi>
    <Data>20170212</Data>
    <Mercato>MGP</Mercato>
    <Ora>24</Ora>
    <PUN>47,099960</PUN>
    <NAT>46,070000</NAT>
    <CNOR>46,070000</CNOR>
    <CSUD>46,070000</CSUD>
    <NORD>46,070000</NORD>
    <SARD>46,070000</SARD>
    <SICI>60,350000</SICI>
    <SUD>46,070000</SUD>
    <AUST>46,070000</AUST>
    <BRNN>46,070000</BRNN>
    <COAC>46,070000</COAC>
    <CORS>46,070000</CORS>
    <FOGN>46,070000</FOGN>
    <FRAN>46,070000</FRAN>
    <GREC>46,070000</GREC>
    <MFTV>46,070000</MFTV>
    <PRGP>60,350000</PRGP>
    <ROSN>46,070000</ROSN>
    <SLOV>46,070000</SLOV>
    <SVIZ>46,070000</SVIZ>
    <BSP>46,070000</BSP>
    <MALT>60,350000</MALT>
    <XAUS>46,070000</XAUS>
    <XFRA>46,070000</XFRA>
  </Prezzi>
</NewDataSet>