,MGPpO,MGPqO,MGPpD,MGPqD,MIpO,MIqO,MIpD,MIqD,MSDpO,MSDqO,MSDpD,MSDqD,op
0,8.898305045436608,2096.669439800715,200.0,1479.2613132282838,0.0,316.85287216962394,0.0,60.635594147126085,235.0,624.0,0.02500000037252903,624.0,2V ENERGY SRL
1,0.0,0.0,97.62711864406779,294.91525423728814,-1.0,-1.0,0.0,0.0,-1.0,-1.0,-1.0,-1.0,WATT AND VOLT S.A.
2,-1.0,-1.0,0.0,383.6957764093924,-1.0,-1.0,-1.0,-1.0,-1.0,-1.0,-1.0,-1.0,A.B. ENERGIE SPA
3,-1.0,-1.0,0.0,107185.10831567796,-1.0,-1.0,-1.0,-1.0,-1.0,-1.0,-1.0,-1.0,ACQUIRENTE UNICO S.P.A.
4,-1.0,-1.0,0.0,18.683135751950537,-1.0,-1.0,-1.0,-1.0,-1.0,-1.0,-1.0,-1.0,ALTEA ENERGIA SPA
5,-1.0,-1.0,0.0,48.55433784096928,-1.0,-1.0,-1.0,-1.0,-1.0,-1.0,-1.0,-1.0,CAMER PETROLEUM EUROPA SRL
6,0.0,1113.931354070114,220.0,164.0108308953754,0.0,134.5099941835565,220.0,57.22405036021087,-1.0,-1.0,-1.0,-1.0,ENERGY.DIS S.R.L.
7,0.0,0.0,0.0,6516.264979475635,0.0,0.0,0.0,7.826271453589261e-07,-1.0,-1.0,-1.0,-1.0,REPOWER ITALIA SPA
8,0.0,0.0,0.0,0.0,0.0,0.0,0.0,8.881784197001252e-16,-1.0,-1.0,-1.0,-1.0,PUBLIC POWER CORPORATION S.A.
9,10.795969445826644,2746.64406779661,0.0,2398.033896550733,2.220446049250313e-16,0.0,14.986571291875336,2318.3898340267947,-1.0,-1.0,-1.0,-1.0,ENERGI DANMARK A/S
10,-1.0,-1.0,0.0,6.449339061775149,-1.0,-1.0,-1.0,-1.0,-1.0,-1.0,-1.0,-1.0,POMI GAS  POWER SRL
11,-1.0,-1.0,0.0,0.0,-1.0,-1.0,-1.0,-1.0,-1.0,-1.0,-1.0,-1.0,POLISENERGIA S.R.L.
12,0.0,0.0,0.0,0.0,0.0,0.0,0.0,0.0,0.0,0.0,0.0,0.0,C.V.A. TRADING S.R.L. A S.U.
13,-1.0,-1.0,0.0,75.50004913847326,-1.0,-1.0,-1.0,-1.0,-1.0,-1.0,-1.0,-1.0,ENERG.IT S.P.A.
14,-1.0,-1.0,200.0,175.1802187127582,-1.0,-1.0,-1.0,-1.0,-1.0,-1.0,-1.0,-1.0,PASSUELLO FRATELLI SRL
15,268.7388967084876,546.7796610169491,201.88861989166776,2.0720338983050857,0.0,0.0,0.0,0.0,500.0,1440.0,0.10000000149011612,480.0,OTTANA ENERGIA SPA
16,-1.0,-1.0,0.0,36.46623683027666,-1.0,-1.0,-1.0,-1.0,-1.0,-1.0,-1.0,-1.0,ENERFIN SRL
17,-1.0,-1.0,0.0,127.48693653688592,0.0,0.0,0.0,0.0,-1.0,-1.0,-1.0,-1.0,OPTIMA ITALIA SPA
18,21.7608579700276,11960.994008209746,0.0,4116.720418868176,52.35744696148371,3203.8529032044494,23.044499219474147,0.0,1459.724739721266,2774.49195262352,4.313916918305976,2503.2373377913136,ALPIQ ENERGIA ITALIA S.P.A.
19,0.008305081975977763,1299.727003194518,79.6590585223699,1888.0747153072034,50.463705806408896,202.41793228408036,43.19612483654992,1295.9312082064355,266.6666564941406,38.0,0.0,0.0,C.U.RA. CONSORZIO UTILITIES RAVENNA S.C.R.L.
20,193.87098166073108,277820.24205508473,14.379661366090936,6888.941174523306,7.179443529096701,7367.088238215042,90.65377367957164,7181.170286016949,209.02021349890757,91929.96848516949,22.31375201150788,38076.323159427964,ENEL PRODUZIONE S.P.A.
21,-1.0,-1.0,32.15719934237205,1153.9661016949153,0.0,302.7118644067797,149.23728813076355,78.93220338983052,-1.0,-1.0,-1.0,-1.0,NRG TRADING HOUSE SA
22,0.0,88.84593019647113,250.37937966039624,4127.710796808792,2.0204964590320174e-08,41.821406024997515,200.07629743673033,575.3556161654197,-1.0,-1.0,-1.0,-1.0,NOVA AEG S.P.A.
23,-1.0,-1.0,0.0,44.73062828839836,-1.0,-1.0,-1.0,-1.0,-1.0,-1.0,-1.0,-1.0,ENEIDE S.R.L.
24,10.0,2.472406702021421,200.0,39.86104984606727,16.682726811554474,1203.6175241308697,30.347027794789458,10600.627697960805,-1.0,-1.0,-1.0,-1.0,NEWATT SRL
25,44.23728813559322,40.67796610169492,72.45788082834018,3527.2203389830506,0.0,549.7966101694915,100.0,2.033983327574642,-1.0,-1.0,-1.0,-1.0,MYTILINEOS GROUP OF COMPANIES SOCIETE ANONYME
26,16.027304374564963,1765.8974878343486,0.0,95.87252730030124,41.779111700542906,1150.0730539095605,36.83458632129734,349.5764483435679,75.0,0.017999999225139618,0.0,0.0,BURGO ENERGIA S.R.L.
27,-1.0,-1.0,0.0,413.58261263572564,0.0,0.0,0.0,0.0,-1.0,-1.0,-1.0,-1.0,ENEGA SRL
28,-1.0,-1.0,78.30508483952276,5.296271372649629,0.0,0.0,0.0,0.0,-1.0,-1.0,-1.0,-1.0,MINERAL BARIUM ITALIA GAS E LUCE SRL
29,0.0,0.0,0.0,172.17989680997812,2.220446049250313e-16,0.0,0.0,0.0,3048.8355939186226,1181.7659260378045,0.0,241.22033898305085,METAENERGIA SPA
30,-1.0,-1.0,70.22013324802205,3485.1858613610166,35.42209360155009,109.89810335838189,4.9214141247636185,78.82344255609027,-1.0,-1.0,-1.0,-1.0,ENEGAN POWER TRADING SRL
31,-1.0,-1.0,0.0,224.86924019506424,-1.0,-1.0,120.50847457627118,59.64667898921643,-1.0,-1.0,-1.0,-1.0,LENERGIA SPA
32,0.0,1996.7769092624471,0.0,9.279898449525994,1.6163971605642757e-08,8.081988411845487e-09,2.220446049250313e-16,0.0,-1.0,-1.0,-1.0,-1.0,ITAL GREEN ENERGY SRL
33,6.624970003621685,3098.533989340572,0.0,114.2902063919326,0.0,46.92347303487487,87.90446821309753,1.4735420518002296,350.4633483886719,0.0,1.6666666263892302,0.0,ACEA ENERGIA SPA
34,6.061489307013224e-09,5444.402550272649,13.610878895905058,2216.237288135593,0.17700201475014163,570.4657656782765,56.63123708602459,54.622546179819906,-1.0,-1.0,-1.0,-1.0,ALPIQ AG
35,0.0,15.913220510553327,13.217792579109117,1589.6081874006886,40.351761844755885,33.271998997462,22.95430807339943,104.82535462460275,-1.0,-1.0,-1.0,-1.0,BLUENERGY GROUP SPA
36,-1.0,-1.0,9.96230623110742,364.25702369819254,34.89085530426543,64.24225441884187,35.20492970741401,189.2028653419624,-1.0,-1.0,-1.0,-1.0,EN-GAS SRL
37,-1.0,-1.0,0.0,76.43728476055598,-1.0,-1.0,-1.0,-1.0,-1.0,-1.0,-1.0,-1.0,ITALIA POWER SPA
38,-1.0,-1.0,0.0,44.73513645236775,-1.0,-1.0,-1.0,-1.0,-1.0,-1.0,-1.0,-1.0,ITALIAN ENERGY COMPANY SRL
39,-1.0,-1.0,0.0,8.881784197001252e-16,-1.0,-1.0,-1.0,-1.0,-1.0,-1.0,-1.0,-1.0,"ELPEDISON POWER GNERATION SA (ELPEDISON SA),"
40,28.896913237490896,12573.524116128177,0.12281572466848,2447.609457759534,69.54987891245696,26586.100619041314,252.22134606312898,6027.103983216366,158.34415112511587,13213.489601264566,5.487270500700353,8608.64946371822,IREN ENERGIA SPA
41,48.60052061889131,2005.9826287738347,12.041042909783831,623.4237288135594,0.0,0.0,0.0,0.0,119.95904217026599,316.1525423728813,16.110169491525422,45.25423728813559,BKW ENERGIE AG
42,12.070155030490104,2182.6766171212926,162.9255651840189,167.93796397063693,22.190354428048863,3508.3659281326554,27.338002802961963,887.0039630663597,3000.0,12.0,0.0,0.0,ELECTRADE SPA
43,-1.0,-1.0,0.0,29.85508566387629,-1.0,-1.0,-1.0,-1.0,-1.0,-1.0,-1.0,-1.0,INVOLTA S.R.L.
44,1.0,2030.9322033898304,150.620937988568,993.457627118644,8.854802406440347,446.1016951738778,6.465588753279405e-08,1.4210854715202004e-14,-1.0,-1.0,-1.0,-1.0,INTERENERGO D.O.O.
45,4.593905626717261,13785.397477489407,62.54062031891387,38.055914022154724,81.06284435724808,10500.09807004767,18.277778108241193,5161.16333628509,400.0,562.4000244140625,1.0,0.0,EGO ENERGY S.R.L.
46,0.0,80.69103628902111,37.67514839818922,950.3659295550848,0.0,0.0,42.6672098192118,90.66522359039824,-1.0,-1.0,-1.0,-1.0,INTERCONSULT SPA
47,0.0,867.8375690508698,0.0,3439.831203654661,0.0,0.0,0.0,0.0,-1.0,-1.0,-1.0,-1.0,ILLUMIA SPA
48,-1.0,-1.0,0.0,0.0,-1.0,-1.0,-1.0,-1.0,-1.0,-1.0,-1.0,-1.0,ALPHERG S.P.A.
49,26.137491840427206,1613.6872181003378,58.687817783678994,166.43420203257415,12.683544255919376,700.7113034523139,66.01251537516966,732.8945135380258,-1.0,-1.0,-1.0,-1.0,BANCO ENERGIA SPA
50,0.0,0.0,0.0,3411.8905918961864,0.0,0.0,0.0,0.0,-1.0,-1.0,-1.0,-1.0,EGEA COMMERCIALE S.R.L.
51,-1.0,-1.0,0.0,0.0,-1.0,-1.0,0.0,0.0,-1.0,-1.0,-1.0,-1.0,ILEKTROPARAGOGI SOUSAKIOU AE
52,-1.0,-1.0,3000.0,2923.441935911017,-1.0,-1.0,-1.0,-1.0,-1.0,-1.0,-1.0,-1.0,IBERDROLA GENERACION ESPANA S.A.U.
53,-1.0,-1.0,42.342703706127104,231.77966101694915,0.0,111.86440677966101,0.0,0.0,-1.0,-1.0,-1.0,-1.0,VOLTON HELLENIC ENERGY S.A.
54,-1.0,-1.0,0.0,3.4526780150476046,-1.0,-1.0,-1.0,-1.0,-1.0,-1.0,-1.0,-1.0,EDP ENERGIA ITALIA SRL
55,0.0,975.5932203389831,167.53042912887315,1238.6440677966102,3.232794293372976e-08,1.8862724617495807e-06,121.11897245504088,37.67796610169492,-1.0,-1.0,-1.0,-1.0,HSE D.O.O.
56,3.4511140021040396,2648.775283037606,0.0,15184.907044491525,33.314120826074635,860.6312773106462,1.6163971161553548e-08,423.0000010344942,293.50282830829366,0.0,10.583333015441895,0.0,HERA TRADING S.R.L.
57,26.639768115544722,148.4745795637157,0.060240128282773364,810.9152542372881,-1.0,-1.0,-1.0,-1.0,-1.0,-1.0,-1.0,-1.0,AXPO SOLUTIONS AG
58,0.0,0.0,400.0,1520.8983050847457,0.0,0.0,19.223244230625994,3438.3050847457625,-1.0,-1.0,-1.0,-1.0,EDF TRADING LIMITED
59,-1.0,-1.0,0.0,129.92007110078455,-1.0,-1.0,-1.0,-1.0,-1.0,-1.0,-1.0,-1.0,HELIOS S.P.A.
60,-1.0,-1.0,0.0,819.2708016088453,0.0,0.0,0.0,0.0,-1.0,-1.0,-1.0,-1.0,HB TRADING S.P.A.
61,2.587559831344475,4904.653883077331,200.0,364.442010653221,8.244512392302692,1069.7763397734045,88.09029181528899,1408.2503541133167,396.4166564941406,196.3800048828125,0.0,0.0,EDELWEISS ENERGIA S.P.A.
62,0.0,77424.8266684322,0.0,12506.104310116525,0.0,4.440892098500626e-16,50.85635764587325,315.76271186440675,-1.0,-1.0,-1.0,-1.0,GSE SPA
63,12.388464297278453,1725.865751622087,83.50285442804886,6.881373211488886,17.272817837989937,172.63391320180085,72.97570749056541,170.9405088263043,200.0,88.80000305175781,0.0,0.07199999690055847,4ENERGIA SRL
64,-1.0,-1.0,0.0,0.0,-1.0,-1.0,-1.0,-1.0,-1.0,-1.0,-1.0,-1.0,ACCIAIERIA ARVEDI S.P.A.
65,24.503866421974312,12455.906961731991,0.0,6712.674175715042,37.63855058055813,21506.733708614243,62.168031627849,2227.3491750167586,124.72034182790982,2403.5518612619176,11.320176431688212,1291.812566207627,ALPERIA TRADING SRL
66,1.3776761495460899,12618.064585540254,0.0,25058.435712394068,47.067751415705274,1506.9165964934787,12.762905468374996,9231.972710819568,1127.7012173927437,5370.142371226165,2.4831811918133546,2294.6101694915255,AXPO ITALIA SPA
67,-1.0,-1.0,0.0,0.0,16.89522820812161,316.41453726816985,74.77953660837932,79.12968236645008,-1.0,-1.0,-1.0,-1.0,ECO TRADE SRL
68,-1.0,-1.0,0.0,9.690033668353394,-1.0,-1.0,-1.0,-1.0,-1.0,-1.0,-1.0,-1.0,GRUPPO OPENLOGS SRL
69,-1.0,-1.0,9.928896278714527,345.1784300723318,34.349483296022576,113.66786752594251,29.92228811878269,333.32845164153537,-1.0,-1.0,-1.0,-1.0,GRITTI ENERGIA
70,-1.0,-1.0,0.0,168.87241169557734,-1.0,-1.0,-1.0,-1.0,-1.0,-1.0,-1.0,-1.0,ECOENERGIA SRL
71,0.0,36.23940580982273,0.0,10167.548331567796,0.0,184.00896288984913,296.21539865914036,1097.878524937519,-1.0,-1.0,-1.0,-1.0,GREEN NETWORK SPA
72,0.0,0.0,90.0,82.79661016949153,0.0,2.220446049250313e-16,0.0,0.0,-1.0,-1.0,-1.0,-1.0,GREEK ENVIRONMENTAL & ENERGY NETWORK
73,-1.0,-1.0,175.0,168.86202097747287,-1.0,-1.0,128.6913390078787,40.614476284738316,-1.0,-1.0,-1.0,-1.0,AUDAX ENERGIA SRL
74,0.0,137.78891327421545,0.0,33.4406779661017,0.0,0.0,0.0,0.0,-1.0,-1.0,-1.0,-1.0,E.ON ENERGIA SPA
75,-1.0,-1.0,10.000000254161234,3812.134335275424,40.261377884169754,61.68440489685637,24.716425750215173,139.55389520677468,-1.0,-1.0,-1.0,-1.0,GLOBAL POWER S.P.A.
76,-1.0,-1.0,0.0,7.261016746500014,-1.0,-1.0,-1.0,-1.0,-1.0,-1.0,-1.0,-1.0,E.JA S.P.A.
77,14.989152575184903,693.9603721489341,0.0,0.0,0.0,0.0,0.0,0.0,-1.0,-1.0,-1.0,-1.0,GEOENERGIE S.P.A.
78,0.0,5068.016949152542,148.41952747409627,843.0435025489936,9.822341821961484,386.9969880702132,0.0,0.0,-1.0,-1.0,-1.0,-1.0,GEN-I TRGOVANJE IN PRODAJA ELEKTRICNE ENERGIJE D.O.O.
79,-1.0,-1.0,0.0,86.52803563263457,-1.0,-1.0,-1.0,-1.0,-1.0,-1.0,-1.0,-1.0,ALFANO ENERGIA S.P.A.
80,-1.0,-1.0,100.0,22.445678594149324,-1.0,-1.0,-1.0,-1.0,-1.0,-1.0,-1.0,-1.0,ATS POWER SRL
81,8.268788623860328,20339.03207759534,249.0,3.352711972543749,89.58119007692498,14532.72980667373,146.54723103356721,3468.6213172007415,1050.0,110.80000305175781,1050.0,110.80000305175781,DXT COMMODITIES SA
82,-1.0,-1.0,0.0,0.0,-1.0,-1.0,-1.0,-1.0,-1.0,-1.0,-1.0,-1.0,GELSIA SRL
83,-1.0,-1.0,0.0,165.56751471050714,0.0,0.0,0.0,0.0,-1.0,-1.0,-1.0,-1.0,GEKO SPA
84,1.8560370590727209,6903.754104872882,0.0,5394.725751456568,2.260630708629802,94.41438422768803,212.13561313435181,576.7078536728682,400.0,1144.800048828125,400.0,0.1679999977350235,DUFERCO ENERGIA S.P.A.
85,0.0,0.0,0.0,897.0107794292902,0.0,0.0,17.796610169491526,48.81355951600156,-1.0,-1.0,-1.0,-1.0,GAS SALES S.R.L
86,-1.0,-1.0,0.0,6.249966030647254,-1.0,-1.0,-1.0,-1.0,-1.0,-1.0,-1.0,-1.0,GALA SPA IN LIQUIDAZIONE
87,-1.0,-1.0,0.0,55.89695063566643,-1.0,-1.0,-1.0,-1.0,-1.0,-1.0,-1.0,-1.0,ATENA TRADING SRL
88,6.9232221377097956,9365.043498411016,154.68356892213984,4469.2477323887715,4.056608309832005,693.9586295434983,180.06000472291964,4054.3522969908636,278.93609800177103,280.67796484567026,2.8351368661654197,0.0,DOLOMITI ENERGIA TRADING SPA
89,-1.0,-1.0,350.0,35.94945639325522,-1.0,-1.0,-1.0,-1.0,-1.0,-1.0,-1.0,-1.0,FREE LUCEEGAS SRL
90,-1.0,-1.0,120.0,24.889830767098122,-1.0,-1.0,-1.0,-1.0,-1.0,-1.0,-1.0,-1.0,FONTEL SPA
91,-1.0,-1.0,150.0,40.256458848209704,16.629548476914227,189.47084239495007,53.97427051350222,250.48358619819254,-1.0,-1.0,-1.0,-1.0,DINAMO TRADE SRL
92,18.708190093606206,2048.182991674391,0.0,0.0,17.33948659088652,90.50033682483738,29.31387885142181,919.055960315769,-1.0,-1.0,-1.0,-1.0,FENIX SRL
93,-1.0,-1.0,0.0,963.3496879965572,-1.0,-1.0,-1.0,-1.0,-1.0,-1.0,-1.0,-1.0,EXERGIA SPA
94,126.22144731424622,183970.6814088983,0.0,23999.798596398305,105.15962710623013,147057.56898834746,94.22400742870266,6367.91442664195,124.15746578927768,53283.29131355932,18.863335883139797,19019.309851694914,A2A SPA
95,0.0,150.939798306216,0.0,20.52306918907108,0.0,0.0,150.85445342629643,4.768236580541583,2550.281398967161,112.58898606387402,0.009999999776482582,0.0,ALEA ENERGIA SPA
96,-1.0,-1.0,200.0,33.081338462183034,0.0,0.0,-1.0,-1.0,-1.0,-1.0,-1.0,-1.0,ASPM ENERGIA S.R.L.
97,-1.0,-1.0,99.99999981661357,4.669813708003044,-1.0,-1.0,0.0,0.0,-1.0,-1.0,-1.0,-1.0,DIMENSIONE SOLARE SRL
98,0.0,119.12613432286149,0.0,505.0858868097855,26.798625234830176,1078.4148994057866,18.008642824248653,2563.416164592161,-1.0,-1.0,-1.0,-1.0,EVISO S.R.L.
99,0.0,164.10287863521253,0.0,188.463182352357,3.7672166975731525,7.768813228805723,86.42462481482555,23.916593147536457,-1.0,-1.0,-1.0,-1.0,EUROPE ENERGY S.P.A.
100,6.0,7.133864241131281,146.0,10.133050385168044,0.0,0.0,0.0,0.0,-1.0,-1.0,-1.0,-1.0,DENCO SRL
101,-1.0,-1.0,0.0,38.971644902633415,-1.0,-1.0,-1.0,-1.0,-1.0,-1.0,-1.0,-1.0,EUROPA GESTIONI IMMOBILIARI S.P.A.
102,-1.0,-1.0,0.0,0.0,0.0,0.0,0.0,0.0,-1.0,-1.0,-1.0,-1.0,EUNICE TRADING S.A.
103,-1.0,-1.0,0.0,528.5804484739142,-1.0,-1.0,-1.0,-1.0,-1.0,-1.0,-1.0,-1.0,ASCOPIAVE ENERGIE SPA
104,85.91084444724908,10770.071148371293,250.9081834696107,0.0,158.21926233323953,9522.02773271981,11.38527498406879,8147.260798050185,-1.0,-1.0,-1.0,-1.0,DANSKE COMMODITIES A.S
105,-1.0,-1.0,9.995930687855866,127.55501672777079,34.348551216772044,41.90466095229327,29.592620332362287,116.76911926269531,-1.0,-1.0,-1.0,-1.0,ETRURIALUCEGAS SPA
106,-1.0,-1.0,24.926036834716797,1795.1651094081037,36.2246715739622,839.5650908906581,33.09569643311581,1087.0738484010858,-1.0,-1.0,-1.0,-1.0,ESTRA ENERGIE SRL
107,0.0,36.33408436532748,0.0,253.85769653320312,0.0,4.440892098500626e-16,37.57169432559256,87.55322213900291,400.0,21.600000381469727,0.0,0.0,VIVIGAS SPA
108,50.97407693377996,688.0222767975371,71.50908880718684,1186.8559756521452,38.38165890968452,1742.8879766949153,3.9015322216486528,2301.9788880429023,1733.3333740234375,240.0,0.0,0.0,VEOS SPA
109,0.0,0.0,0.0,273.4190152055126,-1.0,-1.0,0.0,0.0,-1.0,-1.0,-1.0,-1.0,DALMINE SPA
110,48.77124721721067,16617.969230005296,0.0,3046.250355865996,87.55038969395524,8523.141053280588,5.197803093215167,823.2474416959084,94.89372059450311,4973.401694087659,0.0,3021.064304157839,ERG POWER GENERATION S.P.A.
111,-1.0,-1.0,23.81779053251622,192.38345331785536,29.32273282843121,281.2423729330806,24.04322582014026,416.78094482421875,-1.0,-1.0,-1.0,-1.0,UTILITA S.P.A.
112,-1.0,-1.0,0.0,3334.078712592691,-1.0,-1.0,-1.0,-1.0,-1.0,-1.0,-1.0,-1.0,UNOGAS ENERGIA SPA
113,0.0,725.6949152542373,78.67732768947795,504.79661016949154,0.0,110.61016949152543,1.7763568394002505e-15,0.0,-1.0,-1.0,-1.0,-1.0,ENSCO ENERGY SERVICES COMPANY AG
114,0.0,0.0,0.0,0.0,4.440892098500626e-16,0.0,0.0,0.0,-1.0,-1.0,-1.0,-1.0,TRAILSTONE GMBH
115,-1.0,-1.0,0.0,1454.7796610169491,-1.0,-1.0,-1.0,-1.0,-1.0,-1.0,-1.0,-1.0,TELENERGIA S.R.L.
116,-1.0,-1.0,0.0,520.2314670368777,-1.0,-1.0,-1.0,-1.0,-1.0,-1.0,-1.0,-1.0,AIM ENERGY SRL
117,-1.0,-1.0,0.0,144.64457444013175,-1.0,-1.0,-1.0,-1.0,-1.0,-1.0,-1.0,-1.0,ARGOS S.R.L.
118,0.0,374.7482148217938,0.0,951.5661600403866,0.0,0.0,3.3306690738754696e-16,2.220446049250313e-15,-1.0,-1.0,-1.0,-1.0,CRE SCPA CONSORZIO PER LE RISORSE ENERGETICHE SCPA
119,-1.0,-1.0,0.0,15.521118713637529,-1.0,-1.0,-1.0,-1.0,-1.0,-1.0,-1.0,-1.0,ENONE SRL
120,-1.0,-1.0,0.0,547.7230928065413,-1.0,-1.0,-1.0,-1.0,-1.0,-1.0,-1.0,-1.0,TEAENERGIA S.R.L.
121,14.469166771840241,158.1931216999636,100.0,0.1461186301471887,14.767052391828116,23.691170128153136,100.46705355886685,1.5245592796196374,-1.0,-1.0,-1.0,-1.0,ENOI S.P.A.
122,0.0,535.9830508474577,0.0,186.33898305084745,-1.0,-1.0,-1.0,-1.0,-1.0,-1.0,-1.0,-1.0,STATKRAFT MARKETS GMBH
123,-1.0,-1.0,100.4817630315231,331.3612324342889,24.227984768509547,0.0,85.70208901874089,43.137712397817836,-1.0,-1.0,-1.0,-1.0,SPIENERGY S.P.A
124,-1.0,-1.0,0.0,13.231220064571716,-1.0,-1.0,-1.0,-1.0,-1.0,-1.0,-1.0,-1.0,CONVERGENZE SPA
125,75.52557373046875,26360.823291843222,0.0,3039.0678628177966,43.80369529077562,1010.2108268091234,20.64636815604517,9635.787978350107,200.53270872990817,9600.0,17.788897595163117,9600.0,SORGENIA S.P.A.
126,30.469609276723055,37.91194855938589,6.458750155012487,0.023999999820733885,30.630685579978813,81.14125570200257,7.333795286358358,17.90249218448386,-1.0,-1.0,-1.0,-1.0,SOLARYS ENERGIE RINNOVABILI
127,-1.0,-1.0,0.0,1085.5808891684321,0.0,0.0,0.0,0.0,228.57142639160156,8.0,228.57142639160156,8.0,ENI GAS E LUCE SPA
128,0.0,0.0,100.0,584.457627118644,0.0,0.0,-1.0,-1.0,-1.0,-1.0,-1.0,-1.0,SOLARIS POWER SA
129,0.0,3.803864327022585,0.0,46.090357376357254,-1.0,-1.0,-1.0,-1.0,-1.0,-1.0,-1.0,-1.0,SOENERGY SRL
130,-1.0,-1.0,9.684211407677601,830.6785764532574,34.06821661480402,250.80064909336932,16.071883880485924,899.8212228548729,-1.0,-1.0,-1.0,-1.0,CONSORZI ENERGETICI INDUSTRIALI RIUNITI S.C.A R.L.
131,19.35212265839011,18627.76283600371,6.690015372583422,11290.12749106197,8.52102611024501,11905.920418432204,119.80897030587924,14873.51377118644,266.8794494172475,9942.305084745763,5.811011831638919,4745.6949152542375,ENGIE ITALIA SPA
132,-1.0,-1.0,0.0,0.0,-1.0,-1.0,-1.0,-1.0,-1.0,-1.0,-1.0,-1.0,SISTEMA ENERGIA ITALIA
133,-1.0,-1.0,0.0,11.681118577213608,0.0,0.0,250.0,436.50234830177436,-1.0,-1.0,-1.0,-1.0,ENERPARTNER SRL
134,0.0,2745.462843038268,0.0,711.4305440611759,0.0,0.0,0.0,0.0,-1.0,-1.0,-1.0,-1.0,SHELL ENERGY EUROPE LIMITED
135,14.281281512422714,164.26919701139806,85.55480051848848,54.21490025924424,17.899082862724693,120.93891350697663,68.6308626077943,71.06609940932968,-1.0,-1.0,-1.0,-1.0,SEV ENERGIES SPA
136,14.348399275440281,11.190271612691495,25.798022577318093,127.07214614092294,24.678953704187425,111.10210407992541,26.50003465555482,194.57275258080435,-1.0,-1.0,-1.0,-1.0,COGEME NUOVE ENERGIE SRL
137,1.0,697.2881355932203,110.84745762711864,318.7118644067797,-1.0,-1.0,0.0,0.0,-1.0,-1.0,-1.0,-1.0,ENERGY FINANCING TEAM AG
138,0.0,0.0,0.0,0.0,-1.0,-1.0,0.0,0.0,-1.0,-1.0,-1.0,-1.0,SENTRADE S.A.
139,0.0,184.8827798770646,0.0,16.603187261753156,0.0,8.241830381296449,0.0,8.326672684688674e-17,0.0,0.0,0.0,0.0,SEA ENERGIA SPA
140,-1.0,-1.0,0.0,667.9271012645656,-1.0,-1.0,0.0,0.0,-1.0,-1.0,-1.0,-1.0,ENERGYSERVICES S.R.L.
141,13.908824077760958,837.3983143951933,0.0,618.2870069600768,0.0,0.0,0.0,0.0,-1.0,-1.0,-1.0,-1.0,SASOL ITALY SPA
142,0.0,0.0,0.0,1233.4432874776548,-1.0,-1.0,-1.0,-1.0,-1.0,-1.0,-1.0,-1.0,ROMA GAS E POWER SPA
143,27.034341650494074,26134.272576800846,0.0,0.0,37.56695912247997,81030.17348053496,28.025351037148432,28630.54343220339,125.78333282470703,24.0,22.5,0.0,ENI SPA
144,-1.0,-1.0,0.0,42.06140560858571,-1.0,-1.0,0.0,0.0,-1.0,-1.0,-1.0,-1.0,APE SRL
145,25.65952514389814,4170.657718981726,0.0,0.0,29.760843147665767,5031.193820759401,21.37473445827678,10085.565876588984,-1.0,-1.0,-1.0,-1.0,GNERA ENERGIA Y TECNOLOGIA
146,79.70882570945611,2674.7192545832027,203.38983295934025,5.406101679397842,14.82341860916655,897.3959289809405,34.34350327313957,1702.5823084297826,0.0,0.0,0.0,0.0,SUNCITY ENERGY SRL
147,12.421857316615219,7311.847457627118,0.0,0.0,2.0338983050847457,516.6101694915254,-1.0,-1.0,-1.0,-1.0,-1.0,-1.0,IN COMMODITIES A/S
148,16.93370237188824,111312.12089512713,91.52542372881356,73.22033898305085,35.97693924984689,155174.6103681144,13.284986188856223,73413.18908898305,112.2289943768555,15099.265492584746,19.215321668123796,3706.645884368379,EDISON SPA
149,2.0338983050847457,4.393220513147644,0.0,2.020496422949769e-09,0.0,0.0,0.0,0.0,-1.0,-1.0,-1.0,-1.0,CER SCARL
150,-1.0,-1.0,78.30508431862917,10.830508038149041,-1.0,-1.0,0.0,5.551115123125783e-17,-1.0,-1.0,-1.0,-1.0,MBI SORGENTE GAS E POWER S.R.L.
151,0.0,0.0,0.0,0.0,0.0,0.0,-1.0,-1.0,-1.0,-1.0,-1.0,-1.0,COMPAGNIE NATIONALE DU RHONE (CNR)
152,0.9999999967443762,2332.8813559322034,0.0,1.7763568394002505e-15,0.0,0.0,0.0,0.0,-1.0,-1.0,-1.0,-1.0,NVALUE SA
153,0.0,0.0,0.0,1.7763568394002505e-15,0.0,0.0,0.0,0.0,-1.0,-1.0,-1.0,-1.0,EZPADA S.R.O.
154,0.0,5271.881355932203,0.0,0.0,0.0,0.0,13.193483449644962,8761.118644067796,-1.0,-1.0,-1.0,-1.0,CENTRICA ENERGY TRADING A/S
155,-1.0,-1.0,0.0,10.811185998431707,-1.0,-1.0,-1.0,-1.0,-1.0,-1.0,-1.0,-1.0,SUPREMA S.P.A.
156,-1.0,-1.0,6.264663081070086,9.964068109453734,27.777068574549787,2.718305183669268,18.701579788983878,16.986100636403602,-1.0,-1.0,-1.0,-1.0,BANCO ENERGIA FORNITURE SRL
157,-1.0,-1.0,11.768220481225999,0.12203389557741456,44.26715918718758,0.013220338450808172,7.328599016545183,0.3274576214968025,-1.0,-1.0,-1.0,-1.0,VISITEL SRL
158,1.0169491520331677,1464.406779661017,4.440892098500626e-16,0.0,0.0,0.0,-1.0,-1.0,-1.0,-1.0,-1.0,-1.0,"CEZ, A. S."
159,0.0,0.0,0.0,0.0,0.0,107.28813559322033,0.0,0.0,-1.0,-1.0,-1.0,-1.0,ITALGEN S.P.A.
160,-1.0,-1.0,0.0,0.0,-1.0,-1.0,-1.0,-1.0,-1.0,-1.0,-1.0,-1.0,ELECTRABEL S.A.
161,-1.0,-1.0,0.0,0.7677966046679248,-1.0,-1.0,-1.0,-1.0,-1.0,-1.0,-1.0,-1.0,CENTREX ITALIA SPA
162,0.0,53.71233843140683,0.0,0.024406779728763178,0.0,0.0,45.557209431973085,39.65678093367452,-1.0,-1.0,-1.0,-1.0,ZENERGIA SRL
163,-1.0,-1.0,152.54237288135593,2.3776271828150346,-1.0,-1.0,-1.0,-1.0,-1.0,-1.0,-1.0,-1.0,EPLUS S.R.L.
164,48.51707250944205,6286.2196355270125,71.51619345454846,33.76474542132879,4.033081074892465,3280.6820073531844,89.12655044814288,536.9819672148107,-1.0,-1.0,-1.0,-1.0,BAYWA R.E. CLEAN ENERGY S.R.L.
165,13.724786790750795,8939.906647245763,0.0,3066.7861990201272,9.899007506289712,5907.2267362950215,1.4364127021724895,1337.0338983050847,71.21186618853226,901.830495659728,17.796610225556538,1293.5593220338983,C.V.A. ENERGIE S.R.L. A S.U.
166,-1.0,-1.0,0.0,117.95084807832362,-1.0,-1.0,-1.0,-1.0,-1.0,-1.0,-1.0,-1.0,SISTEMA ENERGIA ITALIA SPA
167,-1.0,-1.0,0.0,0.0,-1.0,-1.0,-1.0,-1.0,-1.0,-1.0,-1.0,-1.0,QUA ENERGIA SRLS
168,0.0,514.9322033898305,0.0,0.0,-1.0,-1.0,-1.0,-1.0,-1.0,-1.0,-1.0,-1.0,OMPEX AG
169,1.4117723824614186,1830.9999958620233,-1.0,-1.0,26.414970785884535,156.46165912434208,18.185718988968155,841.1592024463719,-1.0,-1.0,-1.0,-1.0,FRI-EL TRADING SRL
170,0.0,134.3488527071678,-1.0,-1.0,0.0,0.0,16.533385131318692,52.83289867336468,66.66666412353516,23.200000762939453,0.0,8.0,FREE ENERGIA SPA
171,3.6040105051913502,6020.00783732786,-1.0,-1.0,3.6661182419728426,614.0655107659809,75.76847748837228,2488.088869256488,389.1891784667969,128.0,389.1891784667969,0.0,FALCK NEXT ENERGY SRL
172,0.0,2650.169491525424,-1.0,-1.0,-1.0,-1.0,-1.0,-1.0,-1.0,-1.0,-1.0,-1.0,VATTENFALL ENERGY TRADING GMBH
173,1.0,6001.220334531339,-1.0,-1.0,-1.0,-1.0,-1.0,-1.0,-1.0,-1.0,-1.0,-1.0,UNIPER GLOBAL COMMODITIES SE
174,8.0,5453.989096431409,-1.0,-1.0,8.538013943171098,949.1722125037242,31.95839820473881,652.3342088602357,-1.0,-1.0,-1.0,-1.0,TRAILSTONE RENEWABLES GMBH
175,0.0,0.0,-1.0,-1.0,4.214110212810969,52.96593108419646,150.0,303.4631694211798,344.53601694915255,15481.187268273305,0.0,6593.789972854873,TIRRENO POWER S.P.A.
176,3000.0,1440000.0,-1.0,-1.0,-1.0,-1.0,-1.0,-1.0,-1.0,-1.0,-1.0,-1.0,TERNA S.P.A.
177,0.0,209.23728813559325,-1.0,-1.0,-1.0,-1.0,-1.0,-1.0,-1.0,-1.0,-1.0,-1.0,AZIENDA ELETTRICA TICINESE
178,35.09515956296759,36.0,-1.0,-1.0,35.16902697288384,127.4322033898305,0.0,0.0,-1.0,-1.0,-1.0,-1.0,TERMICA COLLEFERRO SPA
179,219.5527690952107,72575.08474576271,-1.0,-1.0,33.83219366558527,52021.2210217492,14.260180812771038,14141.500529661016,96.87157440185547,52972.5959514036,14.028926105822547,29591.84474311441,EP PRODUZIONE SPA
180,0.0,18.882864547988117,-1.0,-1.0,-1.0,-1.0,-1.0,-1.0,-1.0,-1.0,-1.0,-1.0,EOLICA ENERGIA SRL
181,1.0,3358.3050847457625,-1.0,-1.0,-1.0,-1.0,-1.0,-1.0,-1.0,-1.0,-1.0,-1.0,RWE SUPPLY  TRADING GMBH
182,0.0,1243.1931328207759,-1.0,-1.0,0.0,371.9076313049981,52.194402791685974,1388.3139751886918,-1.0,-1.0,-1.0,-1.0,RENEWABLE DISPATCHING S.R.L.
183,0.0,444.51205108125333,-1.0,-1.0,0.0,22.42542333117986,220.0,5.332915330337266,-1.0,-1.0,-1.0,-1.0,ENERGY.TRADE SRL
184,0.0,0.0,-1.0,-1.0,0.0,0.0,-1.0,-1.0,-1.0,-1.0,-1.0,-1.0,PETROL SLOVENSKA ENERGETSKA DRUZBA D.D. LJUBLJANA
185,8.13077779543602,81.54510329941571,-1.0,-1.0,0.0,0.8341017229072119,200.0,0.6353558986368826,0.0,0.0,0.0,0.0,NEXT KRAFTWERKE GMBH
186,0.0,0.0,-1.0,-1.0,-1.0,-1.0,-1.0,-1.0,-1.0,-1.0,-1.0,-1.0,AXOPOWER SPA
187,0.0,144.72406483645588,-1.0,-1.0,-1.0,-1.0,-1.0,-1.0,-1.0,-1.0,-1.0,-1.0,ENECO SRL
188,1.0700000472762476,770.728813559322,-1.0,-1.0,-1.0,-1.0,-1.0,-1.0,-1.0,-1.0,-1.0,-1.0,MFT ENERGY
189,0.0,1985.2692105568062,-1.0,-1.0,2.220446049250313e-16,316.5681398682675,149.15254237288136,733.5163462364068,-1.0,-1.0,-1.0,-1.0,MARGHERITA SRL
190,0.0,0.0,-1.0,-1.0,-1.0,-1.0,-1.0,-1.0,-1.0,-1.0,-1.0,-1.0,IWB INDUSTRIELLE WERKE BASEL
191,6.098587715019614,11140.152542372882,-1.0,-1.0,0.0,0.0,0.0,0.0,0.0,0.0,0.0,0.0,ISAB S.R.L.
192,0.0,2036.0922598111426,-1.0,-1.0,0.0,0.0,0.0,0.0,-1.0,-1.0,-1.0,-1.0,EDP RENEWABLES ITALIA HOLDING SRL
193,6.465588597848182e-08,0.0,-1.0,-1.0,-1.0,-1.0,0.0,0.0,144.78276036142546,5281.492882680085,100.25521007005838,1440.0,A2A ENERGIEFUTURE S.P.A.
194,0.0,0.0,-1.0,-1.0,0.0,0.0,0.0,0.0,-1.0,-1.0,-1.0,-1.0,GAZPROM MARKETING & TRADING LIMITED
195,0.0,26.847457247265314,-1.0,-1.0,-1.0,-1.0,-1.0,-1.0,-1.0,-1.0,-1.0,-1.0,CONSORZIO TOSCANA ENERGIA SPA
196,-1.0,-1.0,-1.0,-1.0,20.018749948275293,74.53928763179455,25.561198024426478,197.7977835445081,-1.0,-1.0,-1.0,-1.0,OPERATORE FITTIZIO PER PCR
197,-1.0,-1.0,-1.0,-1.0,3.964915081606073,59.1235592082395,17.9612131926973,23317.85171146716,-1.0,-1.0,-1.0,-1.0,EGERIA TRADING SRL
198,-1.0,-1.0,-1.0,-1.0,29.3455106444278,86.67943973864539,23.148940975383177,140.32203260518736,-1.0,-1.0,-1.0,-1.0,BSP REGIONAL ENERGY EXCHANGE LL C
199,-1.0,-1.0,-1.0,-1.0,0.0,0.0,0.0,0.0,-1.0,-1.0,-1.0,-1.0,ENERGYA VM GESTION DE ENERGIA S.L.U.
200,-1.0,-1.0,-1.0,-1.0,0.0,0.0,0.0,0.0,-1.0,-1.0,-1.0,-1.0,POWERMART APS
201,-1.0,-1.0,-1.0,-1.0,-1.0,-1.0,-1.0,-1.0,400.0,0.0,0.0,0.0,CONSORZIO APUANIA ENERGIA
202,-1.0,-1.0,-1.0,-1.0,-1.0,-1.0,-1.0,-1.0,363.62560984625316,539.705096159846,363.62560984625316,0.0,EPQ S.R.L.
203,-1.0,-1.0,-1.0,-1.0,-1.0,-1.0,-1.0,-1.0,400.0,40.0,0.0,0.0,ACTILITY ENERGY SAS
204,-1.0,-1.0,-1.0,-1.0,-1.0,-1.0,-1.0,-1.0,106.80095607951536,5493.295122566869,16.01266660528668,1342.4915254237287,ENIPOWER S.P.A.
205,-1.0,-1.0,-1.0,-1.0,-1.0,-1.0,-1.0,-1.0,87.1053002566128,2716.9830508474574,17.92231637340481,544.6576569120763,ENIPOWER MANTOVA SPA
206,-1.0,-1.0,-1.0,-1.0,-1.0,-1.0,-1.0,-1.0,494.95762711864404,2040.0,0.0,2040.0,SET S.P.A.
207,-1.0,-1.0,-1.0,-1.0,-1.0,-1.0,-1.0,-1.0,83.68326633259402,2225.423728813559,16.87231716627583,319.77879617981995,S.E.F. SRL
