<?xml version="1.0" standalone="yes"?>
<NewDataSet>
  <xs:schema id="NewDataSet" xmlns="" xmlns:xs="http://www.w3.org/2001/XMLSchema" xmlns:msdata="urn:schemas-microsoft-com:xml-msdata">
    <xs:element name="NewDataSet" msdata:IsDataSet="true" msdata:MainDataTable="PrezziConvenzionali" msdata:UseCurrentLocale="true">
      <xs:complexType>
        <xs:choice minOccurs="0" maxOccurs="unbounded">
          <xs:element name="PrezziConvenzionali">
            <xs:complexType>
              <xs:sequence>
                <xs:element name="Data" type="xs:string" minOccurs="0" />
                <xs:element name="Mercato" type="xs:string" minOccurs="0" />
                <xs:element name="Ora" type="xs:string" minOccurs="0" />
                <xs:element name="CNOR" type="xs:string" minOccurs="0" />
                <xs:element name="CSUD" type="xs:string" minOccurs="0" />
                <xs:element name="NORD" type="xs:string" minOccurs="0" />
                <xs:element name="SARD" type="xs:string" minOccurs="0" />
                <xs:element name="SICI" type="xs:string" minOccurs="0" />
                <xs:element name="SUD" type="xs:string" minOccurs="0" />
                <xs:element name="AUST" type="xs:string" minOccurs="0" />
                <xs:element name="BRNN" type="xs:string" minOccurs="0" />
                <xs:element name="COAC" type="xs:string" minOccurs="0" />
                <xs:element name="CORS" type="xs:string" minOccurs="0" />
                <xs:element name="FOGN" type="xs:string" minOccurs="0" />
                <xs:element name="FRAN" type="xs:string" minOccurs="0" />
                <xs:element name="GREC" type="xs:string" minOccurs="0" />
                <xs:element name="MFTV" type="xs:string" minOccurs="0" />
                <xs:element name="PRGP" type="xs:string" minOccurs="0" />
                <xs:element name="ROSN" type="xs:string" minOccurs="0" />
                <xs:element name="SLOV" type="xs:string" minOccurs="0" />
                <xs:element name="SVIZ" type="xs:string" minOccurs="0" />
                <xs:element name="BSP" type="xs:string" minOccurs="0" />
                <xs:element name="XAUS" type="xs:string" minOccurs="0" />
                <xs:element name="XFRA" type="xs:string" minOccurs="0" />
                <xs:element name="MALT" type="xs:string" minOccurs="0" />
              </xs:sequence>
            </xs:complexType>
          </xs:element>
        </xs:choice>
      </xs:complexType>
    </xs:element>
  </xs:schema>
  <PrezziConvenzionali>
    <Data>20170215</Data>
    <Mercato>MGP</Mercato>
    <Ora>01</Ora>
    <CNOR>88</CNOR>
    <CSUD>88</CSUD>
    <NORD>88</NORD>
    <SARD>88</SARD>
    <SICI>88</SICI>
    <SUD>88</SUD>
    <AUST>88</AUST>
    <BRNN>88</BRNN>
    <COAC>88</COAC>
    <CORS>88</CORS>
    <FOGN>88</FOGN>
    <FRAN>88</FRAN>
    <GREC>88</GREC>
    <MFTV>88</MFTV>
    <PRGP>88</PRGP>
    <ROSN>88</ROSN>
    <SLOV>88</SLOV>
    <SVIZ>88</SVIZ>
    <MALT>88</MALT>
  </PrezziConvenzionali>
  <PrezziConvenzionali>
    <Data>20170215</Data>
    <Mercato>MGP</Mercato>
    <Ora>02</Ora>
    <CNOR>88</CNOR>
    <CSUD>88</CSUD>
    <NORD>88</NORD>
    <SARD>88</SARD>
    <SICI>88</SICI>
    <SUD>88</SUD>
    <AUST>88</AUST>
    <BRNN>88</BRNN>
    <COAC>88</COAC>
    <CORS>88</CORS>
    <FOGN>88</FOGN>
    <FRAN>88</FRAN>
    <GREC>88</GREC>
    <MFTV>88</MFTV>
    <PRGP>88</PRGP>
    <ROSN>88</ROSN>
    <SLOV>88</SLOV>
    <SVIZ>88</SVIZ>
    <MALT>88</MALT>
  </PrezziConvenzionali>
  <PrezziConvenzionali>
    <Data>20170215</Data>
    <Mercato>MGP</Mercato>
    <Ora>03</Ora>
    <CNOR>88</CNOR>
    <CSUD>88</CSUD>
    <NORD>88</NORD>
    <SARD>88</SARD>
    <SICI>88</SICI>
    <SUD>88</SUD>
    <AUST>88</AUST>
    <BRNN>88</BRNN>
    <COAC>88</COAC>
    <CORS>88</CORS>
    <FOGN>88</FOGN>
    <FRAN>88</FRAN>
    <GREC>88</GREC>
    <MFTV>88</MFTV>
    <PRGP>88</PRGP>
    <ROSN>88</ROSN>
    <SLOV>88</SLOV>
    <SVIZ>88</SVIZ>
    <MALT>88</MALT>
  </PrezziConvenzionali>
  <PrezziConvenzionali>
    <Data>20170215</Data>
    <Mercato>MGP</Mercato>
    <Ora>04</Ora>
    <CNOR>88</CNOR>
    <CSUD>88</CSUD>
    <NORD>88</NORD>
    <SARD>88</SARD>
    <SICI>88</SICI>
    <SUD>88</SUD>
    <AUST>88</AUST>
    <BRNN>88</BRNN>
    <COAC>88</COAC>
    <CORS>88</CORS>
    <FOGN>88</FOGN>
    <FRAN>88</FRAN>
    <GREC>88</GREC>
    <MFTV>88</MFTV>
    <PRGP>88</PRGP>
    <ROSN>88</ROSN>
    <SLOV>88</SLOV>
    <SVIZ>88</SVIZ>
    <MALT>88</MALT>
  </PrezziConvenzionali>
  <PrezziConvenzionali>
    <Data>20170215</Data>
    <Mercato>MGP</Mercato>
    <Ora>05</Ora>
    <CNOR>88</CNOR>
    <CSUD>88</CSUD>
    <NORD>88</NORD>
    <SARD>88</SARD>
    <SICI>88</SICI>
    <SUD>88</SUD>
    <AUST>88</AUST>
    <BRNN>88</BRNN>
    <COAC>88</COAC>
    <CORS>88</CORS>
    <FOGN>88</FOGN>
    <FRAN>88</FRAN>
    <GREC>88</GREC>
    <MFTV>88</MFTV>
    <PRGP>88</PRGP>
    <ROSN>88</ROSN>
    <SLOV>88</SLOV>
    <SVIZ>88</SVIZ>
    <MALT>88</MALT>
  </PrezziConvenzionali>
  <PrezziConvenzionali>
    <Data>20170215</Data>
    <Mercato>MGP</Mercato>
    <Ora>06</Ora>
    <CNOR>88</CNOR>
    <CSUD>88</CSUD>
    <NORD>88</NORD>
    <SARD>88</SARD>
    <SICI>88</SICI>
    <SUD>88</SUD>
    <AUST>88</AUST>
    <BRNN>88</BRNN>
    <COAC>88</COAC>
    <CORS>88</CORS>
    <FOGN>88</FOGN>
    <FRAN>88</FRAN>
    <GREC>88</GREC>
    <MFTV>88</MFTV>
    <PRGP>88</PRGP>
    <ROSN>88</ROSN>
    <SLOV>88</SLOV>
    <SVIZ>88</SVIZ>
    <MALT>88</MALT>
  </PrezziConvenzionali>
  <PrezziConvenzionali>
    <Data>20170215</Data>
    <Mercato>MGP</Mercato>
    <Ora>07</Ora>
    <CNOR>88</CNOR>
    <CSUD>88</CSUD>
    <NORD>88</NORD>
    <SARD>88</SARD>
    <SICI>88</SICI>
    <SUD>88</SUD>
    <AUST>88</AUST>
    <BRNN>88</BRNN>
    <COAC>88</COAC>
    <CORS>88</CORS>
    <FOGN>88</FOGN>
    <FRAN>88</FRAN>
    <GREC>88</GREC>
    <MFTV>88</MFTV>
    <PRGP>88</PRGP>
    <ROSN>88</ROSN>
    <SLOV>88</SLOV>
    <SVIZ>88</SVIZ>
    <MALT>88</MALT>
  </PrezziConvenzionali>
  <PrezziConvenzionali>
    <Data>20170215</Data>
    <Mercato>MGP</Mercato>
    <Ora>08</Ora>
    <CNOR>88</CNOR>
    <CSUD>88</CSUD>
    <NORD>88</NORD>
    <SARD>88</SARD>
    <SICI>88</SICI>
    <SUD>88</SUD>
    <AUST>88</AUST>
    <BRNN>88</BRNN>
    <COAC>88</COAC>
    <CORS>88</CORS>
    <FOGN>88</FOGN>
    <FRAN>88</FRAN>
    <GREC>88</GREC>
    <MFTV>88</MFTV>
    <PRGP>88</PRGP>
    <ROSN>88</ROSN>
    <SLOV>88</SLOV>
    <SVIZ>88</SVIZ>
    <MALT>88</MALT>
  </PrezziConvenzionali>
  <PrezziConvenzionali>
    <Data>20170215</Data>
    <Mercato>MGP</Mercato>
    <Ora>09</Ora>
    <CNOR>154</CNOR>
    <CSUD>154</CSUD>
    <NORD>154</NORD>
    <SARD>154</SARD>
    <SICI>154</SICI>
    <SUD>154</SUD>
    <AUST>154</AUST>
    <BRNN>154</BRNN>
    <COAC>154</COAC>
    <CORS>154</CORS>
    <FOGN>154</FOGN>
    <FRAN>154</FRAN>
    <GREC>154</GREC>
    <MFTV>154</MFTV>
    <PRGP>154</PRGP>
    <ROSN>154</ROSN>
    <SLOV>154</SLOV>
    <SVIZ>154</SVIZ>
    <MALT>154</MALT>
  </PrezziConvenzionali>
  <PrezziConvenzionali>
    <Data>20170215</Data>
    <Mercato>MGP</Mercato>
    <Ora>10</Ora>
    <CNOR>154</CNOR>
    <CSUD>154</CSUD>
    <NORD>154</NORD>
    <SARD>154</SARD>
    <SICI>154</SICI>
    <SUD>154</SUD>
    <AUST>154</AUST>
    <BRNN>154</BRNN>
    <COAC>154</COAC>
    <CORS>154</CORS>
    <FOGN>154</FOGN>
    <FRAN>154</FRAN>
    <GREC>154</GREC>
    <MFTV>154</MFTV>
    <PRGP>154</PRGP>
    <ROSN>154</ROSN>
    <SLOV>154</SLOV>
    <SVIZ>154</SVIZ>
    <MALT>154</MALT>
  </PrezziConvenzionali>
  <PrezziConvenzionali>
    <Data>20170215</Data>
    <Mercato>MGP</Mercato>
    <Ora>11</Ora>
    <CNOR>154</CNOR>
    <CSUD>154</CSUD>
    <NORD>154</NORD>
    <SARD>154</SARD>
    <SICI>154</SICI>
    <SUD>154</SUD>
    <AUST>154</AUST>
    <BRNN>154</BRNN>
    <COAC>154</COAC>
    <CORS>154</CORS>
    <FOGN>154</FOGN>
    <FRAN>154</FRAN>
    <GREC>154</GREC>
    <MFTV>154</MFTV>
    <PRGP>154</PRGP>
    <ROSN>154</ROSN>
    <SLOV>154</SLOV>
    <SVIZ>154</SVIZ>
    <MALT>154</MALT>
  </PrezziConvenzionali>
  <PrezziConvenzionali>
    <Data>20170215</Data>
    <Mercato>MGP</Mercato>
    <Ora>12</Ora>
    <CNOR>154</CNOR>
    <CSUD>154</CSUD>
    <NORD>154</NORD>
    <SARD>154</SARD>
    <SICI>154</SICI>
    <SUD>154</SUD>
    <AUST>154</AUST>
    <BRNN>154</BRNN>
    <COAC>154</COAC>
    <CORS>154</CORS>
    <FOGN>154</FOGN>
    <FRAN>154</FRAN>
    <GREC>154</GREC>
    <MFTV>154</MFTV>
    <PRGP>154</PRGP>
    <ROSN>154</ROSN>
    <SLOV>154</SLOV>
    <SVIZ>154</SVIZ>
    <MALT>154</MALT>
  </PrezziConvenzionali>
  <PrezziConvenzionali>
    <Data>20170215</Data>
    <Mercato>MGP</Mercato>
    <Ora>13</Ora>
    <CNOR>154</CNOR>
    <CSUD>154</CSUD>
    <NORD>154</NORD>
    <SARD>154</SARD>
    <SICI>154</SICI>
    <SUD>154</SUD>
    <AUST>154</AUST>
    <BRNN>154</BRNN>
    <COAC>154</COAC>
    <CORS>154</CORS>
    <FOGN>154</FOGN>
    <FRAN>154</FRAN>
    <GREC>154</GREC>
    <MFTV>154</MFTV>
    <PRGP>154</PRGP>
    <ROSN>154</ROSN>
    <SLOV>154</SLOV>
    <SVIZ>154</SVIZ>
    <MALT>154</MALT>
  </PrezziConvenzionali>
  <PrezziConvenzionali>
    <Data>20170215</Data>
    <Mercato>MGP</Mercato>
    <Ora>14</Ora>
    <CNOR>154</CNOR>
    <CSUD>154</CSUD>
    <NORD>154</NORD>
    <SARD>154</SARD>
    <SICI>154</SICI>
    <SUD>154</SUD>
    <AUST>154</AUST>
    <BRNN>154</BRNN>
    <COAC>154</COAC>
    <CORS>154</CORS>
    <FOGN>154</FOGN>
    <FRAN>154</FRAN>
    <GREC>154</GREC>
    <MFTV>154</MFTV>
    <PRGP>154</PRGP>
    <ROSN>154</ROSN>
    <SLOV>154</SLOV>
    <SVIZ>154</SVIZ>
    <MALT>154</MALT>
  </PrezziConvenzionali>
  <PrezziConvenzionali>
    <Data>20170215</Data>
    <Mercato>MGP</Mercato>
    <Ora>15</Ora>
    <CNOR>154</CNOR>
    <CSUD>154</CSUD>
    <NORD>154</NORD>
    <SARD>154</SARD>
    <SICI>154</SICI>
    <SUD>154</SUD>
    <AUST>154</AUST>
    <BRNN>154</BRNN>
    <COAC>154</COAC>
    <CORS>154</CORS>
    <FOGN>154</FOGN>
    <FRAN>154</FRAN>
    <GREC>154</GREC>
    <MFTV>154</MFTV>
    <PRGP>154</PRGP>
    <ROSN>154</ROSN>
    <SLOV>154</SLOV>
    <SVIZ>154</SVIZ>
    <MALT>154</MALT>
  </PrezziConvenzionali>
  <PrezziConvenzionali>
    <Data>20170215</Data>
    <Mercato>MGP</Mercato>
    <Ora>16</Ora>
    <CNOR>154</CNOR>
    <CSUD>154</CSUD>
    <NORD>154</NORD>
    <SARD>154</SARD>
    <SICI>154</SICI>
    <SUD>154</SUD>
    <AUST>154</AUST>
    <BRNN>154</BRNN>
    <COAC>154</COAC>
    <CORS>154</CORS>
    <FOGN>154</FOGN>
    <FRAN>154</FRAN>
    <GREC>154</GREC>
    <MFTV>154</MFTV>
    <PRGP>154</PRGP>
    <ROSN>154</ROSN>
    <SLOV>154</SLOV>
    <SVIZ>154</SVIZ>
    <MALT>154</MALT>
  </PrezziConvenzionali>
  <PrezziConvenzionali>
    <Data>20170215</Data>
    <Mercato>MGP</Mercato>
    <Ora>17</Ora>
    <CNOR>154</CNOR>
    <CSUD>154</CSUD>
    <NORD>154</NORD>
    <SARD>154</SARD>
    <SICI>154</SICI>
    <SUD>154</SUD>
    <AUST>154</AUST>
    <BRNN>154</BRNN>
    <COAC>154</COAC>
    <CORS>154</CORS>
    <FOGN>154</FOGN>
    <FRAN>154</FRAN>
    <GREC>154</GREC>
    <MFTV>154</MFTV>
    <PRGP>154</PRGP>
    <ROSN>154</ROSN>
    <SLOV>154</SLOV>
    <SVIZ>154</SVIZ>
    <MALT>154</MALT>
  </PrezziConvenzionali>
  <PrezziConvenzionali>
    <Data>20170215</Data>
    <Mercato>MGP</Mercato>
    <Ora>18</Ora>
    <CNOR>154</CNOR>
    <CSUD>154</CSUD>
    <NORD>154</NORD>
    <SARD>154</SARD>
    <SICI>154</SICI>
    <SUD>154</SUD>
    <AUST>154</AUST>
    <BRNN>154</BRNN>
    <COAC>154</COAC>
    <CORS>154</CORS>
    <FOGN>154</FOGN>
    <FRAN>154</FRAN>
    <GREC>154</GREC>
    <MFTV>154</MFTV>
    <PRGP>154</PRGP>
    <ROSN>154</ROSN>
    <SLOV>154</SLOV>
    <SVIZ>154</SVIZ>
    <MALT>154</MALT>
  </PrezziConvenzionali>
  <PrezziConvenzionali>
    <Data>20170215</Data>
    <Mercato>MGP</Mercato>
    <Ora>19</Ora>
    <CNOR>154</CNOR>
    <CSUD>154</CSUD>
    <NORD>154</NORD>
    <SARD>154</SARD>
    <SICI>154</SICI>
    <SUD>154</SUD>
    <AUST>154</AUST>
    <BRNN>154</BRNN>
    <COAC>154</COAC>
    <CORS>154</CORS>
    <FOGN>154</FOGN>
    <FRAN>154</FRAN>
    <GREC>154</GREC>
    <MFTV>154</MFTV>
    <PRGP>154</PRGP>
    <ROSN>154</ROSN>
    <SLOV>154</SLOV>
    <SVIZ>154</SVIZ>
    <MALT>154</MALT>
  </PrezziConvenzionali>
  <PrezziConvenzionali>
    <Data>20170215</Data>
    <Mercato>MGP</Mercato>
    <Ora>20</Ora>
    <CNOR>154</CNOR>
    <CSUD>154</CSUD>
    <NORD>154</NORD>
    <SARD>154</SARD>
    <SICI>154</SICI>
    <SUD>154</SUD>
    <AUST>154</AUST>
    <BRNN>154</BRNN>
    <COAC>154</COAC>
    <CORS>154</CORS>
    <FOGN>154</FOGN>
    <FRAN>154</FRAN>
    <GREC>154</GREC>
    <MFTV>154</MFTV>
    <PRGP>154</PRGP>
    <ROSN>154</ROSN>
    <SLOV>154</SLOV>
    <SVIZ>154</SVIZ>
    <MALT>154</MALT>
  </PrezziConvenzionali>
  <PrezziConvenzionali>
    <Data>20170215</Data>
    <Mercato>MGP</Mercato>
    <Ora>21</Ora>
    <CNOR>88</CNOR>
    <CSUD>88</CSUD>
    <NORD>88</NORD>
    <SARD>88</SARD>
    <SICI>88</SICI>
    <SUD>88</SUD>
    <AUST>88</AUST>
    <BRNN>88</BRNN>
    <COAC>88</COAC>
    <CORS>88</CORS>
    <FOGN>88</FOGN>
    <FRAN>88</FRAN>
    <GREC>88</GREC>
    <MFTV>88</MFTV>
    <PRGP>88</PRGP>
    <ROSN>88</ROSN>
    <SLOV>88</SLOV>
    <SVIZ>88</SVIZ>
    <MALT>88</MALT>
  </PrezziConvenzionali>
  <PrezziConvenzionali>
    <Data>20170215</Data>
    <Mercato>MGP</Mercato>
    <Ora>22</Ora>
    <CNOR>88</CNOR>
    <CSUD>88</CSUD>
    <NORD>88</NORD>
    <SARD>88</SARD>
    <SICI>88</SICI>
    <SUD>88</SUD>
    <AUST>88</AUST>
    <BRNN>88</BRNN>
    <COAC>88</COAC>
    <CORS>88</CORS>
    <FOGN>88</FOGN>
    <FRAN>88</FRAN>
    <GREC>88</GREC>
    <MFTV>88</MFTV>
    <PRGP>88</PRGP>
    <ROSN>88</ROSN>
    <SLOV>88</SLOV>
    <SVIZ>88</SVIZ>
    <MALT>88</MALT>
  </PrezziConvenzionali>
  <PrezziConvenzionali>
    <Data>20170215</Data>
    <Mercato>MGP</Mercato>
    <Ora>23</Ora>
    <CNOR>88</CNOR>
    <CSUD>88</CSUD>
    <NORD>88</NORD>
    <SARD>88</SARD>
    <SICI>88</SICI>
    <SUD>88</SUD>
    <AUST>88</AUST>
    <BRNN>88</BRNN>
    <COAC>88</COAC>
    <CORS>88</CORS>
    <FOGN>88</FOGN>
    <FRAN>88</FRAN>
    <GREC>88</GREC>
    <MFTV>88</MFTV>
    <PRGP>88</PRGP>
    <ROSN>88</ROSN>
    <SLOV>88</SLOV>
    <SVIZ>88</SVIZ>
    <MALT>88</MALT>
  </PrezziConvenzionali>
  <PrezziConvenzionali>
    <Data>20170215</Data>
    <Mercato>MGP</Mercato>
    <Ora>24</Ora>
    <CNOR>88</CNOR>
    <CSUD>88</CSUD>
    <NORD>88</NORD>
    <SARD>88</SARD>
    <SICI>88</SICI>
    <SUD>88</SUD>
    <AUST>88</AUST>
    <BRNN>88</BRNN>
    <COAC>88</COAC>
    <CORS>88</CORS>
    <FOGN>88</FOGN>
    <FRAN>88</FRAN>
    <GREC>88</GREC>
    <MFTV>88</MFTV>
    <PRGP>88</PRGP>
    <ROSN>88</ROSN>
    <SLOV>88</SLOV>
    <SVIZ>88</SVIZ>
    <MALT>88</MALT>
  </PrezziConvenzionali>
</NewDataSet>