<?xml version="1.0" standalone="yes"?>
<NewDataSet>
  <xs:schema id="NewDataSet" xmlns="" xmlns:xs="http://www.w3.org/2001/XMLSchema" xmlns:msdata="urn:schemas-microsoft-com:xml-msdata">
    <xs:element name="NewDataSet" msdata:IsDataSet="true" msdata:MainDataTable="PrezziConvenzionali" msdata:UseCurrentLocale="true">
      <xs:complexType>
        <xs:choice minOccurs="0" maxOccurs="unbounded">
          <xs:element name="PrezziConvenzionali">
            <xs:complexType>
              <xs:sequence>
                <xs:element name="Data" type="xs:string" minOccurs="0" />
                <xs:element name="Mercato" type="xs:string" minOccurs="0" />
                <xs:element name="Ora" type="xs:string" minOccurs="0" />
                <xs:element name="CNOR" type="xs:string" minOccurs="0" />
                <xs:element name="CSUD" type="xs:string" minOccurs="0" />
                <xs:element name="NORD" type="xs:string" minOccurs="0" />
                <xs:element name="SARD" type="xs:string" minOccurs="0" />
                <xs:element name="SICI" type="xs:string" minOccurs="0" />
                <xs:element name="SUD" type="xs:string" minOccurs="0" />
                <xs:element name="AUST" type="xs:string" minOccurs="0" />
                <xs:element name="BRNN" type="xs:string" minOccurs="0" />
                <xs:element name="COAC" type="xs:string" minOccurs="0" />
                <xs:element name="CORS" type="xs:string" minOccurs="0" />
                <xs:element name="FOGN" type="xs:string" minOccurs="0" />
                <xs:element name="FRAN" type="xs:string" minOccurs="0" />
                <xs:element name="GREC" type="xs:string" minOccurs="0" />
                <xs:element name="MFTV" type="xs:string" minOccurs="0" />
                <xs:element name="PRGP" type="xs:string" minOccurs="0" />
                <xs:element name="ROSN" type="xs:string" minOccurs="0" />
                <xs:element name="SLOV" type="xs:string" minOccurs="0" />
                <xs:element name="SVIZ" type="xs:string" minOccurs="0" />
                <xs:element name="BSP" type="xs:string" minOccurs="0" />
                <xs:element name="XAUS" type="xs:string" minOccurs="0" />
                <xs:element name="XFRA" type="xs:string" minOccurs="0" />
                <xs:element name="MALT" type="xs:string" minOccurs="0" />
              </xs:sequence>
            </xs:complexType>
          </xs:element>
        </xs:choice>
      </xs:complexType>
    </xs:element>
  </xs:schema>
  <PrezziConvenzionali>
    <Data>20170220</Data>
    <Mercato>MGP</Mercato>
    <Ora>01</Ora>
    <CNOR>83</CNOR>
    <CSUD>83</CSUD>
    <NORD>83</NORD>
    <SARD>83</SARD>
    <SICI>83</SICI>
    <SUD>83</SUD>
    <AUST>83</AUST>
    <BRNN>83</BRNN>
    <COAC>83</COAC>
    <CORS>83</CORS>
    <FOGN>83</FOGN>
    <FRAN>83</FRAN>
    <GREC>83</GREC>
    <MFTV>83</MFTV>
    <PRGP>83</PRGP>
    <ROSN>83</ROSN>
    <SLOV>83</SLOV>
    <SVIZ>83</SVIZ>
    <MALT>83</MALT>
  </PrezziConvenzionali>
  <PrezziConvenzionali>
    <Data>20170220</Data>
    <Mercato>MGP</Mercato>
    <Ora>02</Ora>
    <CNOR>83</CNOR>
    <CSUD>83</CSUD>
    <NORD>83</NORD>
    <SARD>83</SARD>
    <SICI>83</SICI>
    <SUD>83</SUD>
    <AUST>83</AUST>
    <BRNN>83</BRNN>
    <COAC>83</COAC>
    <CORS>83</CORS>
    <FOGN>83</FOGN>
    <FRAN>83</FRAN>
    <GREC>83</GREC>
    <MFTV>83</MFTV>
    <PRGP>83</PRGP>
    <ROSN>83</ROSN>
    <SLOV>83</SLOV>
    <SVIZ>83</SVIZ>
    <MALT>83</MALT>
  </PrezziConvenzionali>
  <PrezziConvenzionali>
    <Data>20170220</Data>
    <Mercato>MGP</Mercato>
    <Ora>03</Ora>
    <CNOR>83</CNOR>
    <CSUD>83</CSUD>
    <NORD>83</NORD>
    <SARD>83</SARD>
    <SICI>83</SICI>
    <SUD>83</SUD>
    <AUST>83</AUST>
    <BRNN>83</BRNN>
    <COAC>83</COAC>
    <CORS>83</CORS>
    <FOGN>83</FOGN>
    <FRAN>83</FRAN>
    <GREC>83</GREC>
    <MFTV>83</MFTV>
    <PRGP>83</PRGP>
    <ROSN>83</ROSN>
    <SLOV>83</SLOV>
    <SVIZ>83</SVIZ>
    <MALT>83</MALT>
  </PrezziConvenzionali>
  <PrezziConvenzionali>
    <Data>20170220</Data>
    <Mercato>MGP</Mercato>
    <Ora>04</Ora>
    <CNOR>83</CNOR>
    <CSUD>83</CSUD>
    <NORD>83</NORD>
    <SARD>83</SARD>
    <SICI>83</SICI>
    <SUD>83</SUD>
    <AUST>83</AUST>
    <BRNN>83</BRNN>
    <COAC>83</COAC>
    <CORS>83</CORS>
    <FOGN>83</FOGN>
    <FRAN>83</FRAN>
    <GREC>83</GREC>
    <MFTV>83</MFTV>
    <PRGP>83</PRGP>
    <ROSN>83</ROSN>
    <SLOV>83</SLOV>
    <SVIZ>83</SVIZ>
    <MALT>83</MALT>
  </PrezziConvenzionali>
  <PrezziConvenzionali>
    <Data>20170220</Data>
    <Mercato>MGP</Mercato>
    <Ora>05</Ora>
    <CNOR>83</CNOR>
    <CSUD>83</CSUD>
    <NORD>83</NORD>
    <SARD>83</SARD>
    <SICI>83</SICI>
    <SUD>83</SUD>
    <AUST>83</AUST>
    <BRNN>83</BRNN>
    <COAC>83</COAC>
    <CORS>83</CORS>
    <FOGN>83</FOGN>
    <FRAN>83</FRAN>
    <GREC>83</GREC>
    <MFTV>83</MFTV>
    <PRGP>83</PRGP>
    <ROSN>83</ROSN>
    <SLOV>83</SLOV>
    <SVIZ>83</SVIZ>
    <MALT>83</MALT>
  </PrezziConvenzionali>
  <PrezziConvenzionali>
    <Data>20170220</Data>
    <Mercato>MGP</Mercato>
    <Ora>06</Ora>
    <CNOR>83</CNOR>
    <CSUD>83</CSUD>
    <NORD>83</NORD>
    <SARD>83</SARD>
    <SICI>83</SICI>
    <SUD>83</SUD>
    <AUST>83</AUST>
    <BRNN>83</BRNN>
    <COAC>83</COAC>
    <CORS>83</CORS>
    <FOGN>83</FOGN>
    <FRAN>83</FRAN>
    <GREC>83</GREC>
    <MFTV>83</MFTV>
    <PRGP>83</PRGP>
    <ROSN>83</ROSN>
    <SLOV>83</SLOV>
    <SVIZ>83</SVIZ>
    <MALT>83</MALT>
  </PrezziConvenzionali>
  <PrezziConvenzionali>
    <Data>20170220</Data>
    <Mercato>MGP</Mercato>
    <Ora>07</Ora>
    <CNOR>83</CNOR>
    <CSUD>83</CSUD>
    <NORD>83</NORD>
    <SARD>83</SARD>
    <SICI>83</SICI>
    <SUD>83</SUD>
    <AUST>83</AUST>
    <BRNN>83</BRNN>
    <COAC>83</COAC>
    <CORS>83</CORS>
    <FOGN>83</FOGN>
    <FRAN>83</FRAN>
    <GREC>83</GREC>
    <MFTV>83</MFTV>
    <PRGP>83</PRGP>
    <ROSN>83</ROSN>
    <SLOV>83</SLOV>
    <SVIZ>83</SVIZ>
    <MALT>83</MALT>
  </PrezziConvenzionali>
  <PrezziConvenzionali>
    <Data>20170220</Data>
    <Mercato>MGP</Mercato>
    <Ora>08</Ora>
    <CNOR>83</CNOR>
    <CSUD>83</CSUD>
    <NORD>83</NORD>
    <SARD>83</SARD>
    <SICI>83</SICI>
    <SUD>83</SUD>
    <AUST>83</AUST>
    <BRNN>83</BRNN>
    <COAC>83</COAC>
    <CORS>83</CORS>
    <FOGN>83</FOGN>
    <FRAN>83</FRAN>
    <GREC>83</GREC>
    <MFTV>83</MFTV>
    <PRGP>83</PRGP>
    <ROSN>83</ROSN>
    <SLOV>83</SLOV>
    <SVIZ>83</SVIZ>
    <MALT>83</MALT>
  </PrezziConvenzionali>
  <PrezziConvenzionali>
    <Data>20170220</Data>
    <Mercato>MGP</Mercato>
    <Ora>09</Ora>
    <CNOR>143</CNOR>
    <CSUD>143</CSUD>
    <NORD>143</NORD>
    <SARD>143</SARD>
    <SICI>143</SICI>
    <SUD>143</SUD>
    <AUST>143</AUST>
    <BRNN>143</BRNN>
    <COAC>143</COAC>
    <CORS>143</CORS>
    <FOGN>143</FOGN>
    <FRAN>143</FRAN>
    <GREC>143</GREC>
    <MFTV>143</MFTV>
    <PRGP>143</PRGP>
    <ROSN>143</ROSN>
    <SLOV>143</SLOV>
    <SVIZ>143</SVIZ>
    <MALT>143</MALT>
  </PrezziConvenzionali>
  <PrezziConvenzionali>
    <Data>20170220</Data>
    <Mercato>MGP</Mercato>
    <Ora>10</Ora>
    <CNOR>143</CNOR>
    <CSUD>143</CSUD>
    <NORD>143</NORD>
    <SARD>143</SARD>
    <SICI>143</SICI>
    <SUD>143</SUD>
    <AUST>143</AUST>
    <BRNN>143</BRNN>
    <COAC>143</COAC>
    <CORS>143</CORS>
    <FOGN>143</FOGN>
    <FRAN>143</FRAN>
    <GREC>143</GREC>
    <MFTV>143</MFTV>
    <PRGP>143</PRGP>
    <ROSN>143</ROSN>
    <SLOV>143</SLOV>
    <SVIZ>143</SVIZ>
    <MALT>143</MALT>
  </PrezziConvenzionali>
  <PrezziConvenzionali>
    <Data>20170220</Data>
    <Mercato>MGP</Mercato>
    <Ora>11</Ora>
    <CNOR>143</CNOR>
    <CSUD>143</CSUD>
    <NORD>143</NORD>
    <SARD>143</SARD>
    <SICI>143</SICI>
    <SUD>143</SUD>
    <AUST>143</AUST>
    <BRNN>143</BRNN>
    <COAC>143</COAC>
    <CORS>143</CORS>
    <FOGN>143</FOGN>
    <FRAN>143</FRAN>
    <GREC>143</GREC>
    <MFTV>143</MFTV>
    <PRGP>143</PRGP>
    <ROSN>143</ROSN>
    <SLOV>143</SLOV>
    <SVIZ>143</SVIZ>
    <MALT>143</MALT>
  </PrezziConvenzionali>
  <PrezziConvenzionali>
    <Data>20170220</Data>
    <Mercato>MGP</Mercato>
    <Ora>12</Ora>
    <CNOR>143</CNOR>
    <CSUD>143</CSUD>
    <NORD>143</NORD>
    <SARD>143</SARD>
    <SICI>143</SICI>
    <SUD>143</SUD>
    <AUST>143</AUST>
    <BRNN>143</BRNN>
    <COAC>143</COAC>
    <CORS>143</CORS>
    <FOGN>143</FOGN>
    <FRAN>143</FRAN>
    <GREC>143</GREC>
    <MFTV>143</MFTV>
    <PRGP>143</PRGP>
    <ROSN>143</ROSN>
    <SLOV>143</SLOV>
    <SVIZ>143</SVIZ>
    <MALT>143</MALT>
  </PrezziConvenzionali>
  <PrezziConvenzionali>
    <Data>20170220</Data>
    <Mercato>MGP</Mercato>
    <Ora>13</Ora>
    <CNOR>143</CNOR>
    <CSUD>143</CSUD>
    <NORD>143</NORD>
    <SARD>143</SARD>
    <SICI>143</SICI>
    <SUD>143</SUD>
    <AUST>143</AUST>
    <BRNN>143</BRNN>
    <COAC>143</COAC>
    <CORS>143</CORS>
    <FOGN>143</FOGN>
    <FRAN>143</FRAN>
    <GREC>143</GREC>
    <MFTV>143</MFTV>
    <PRGP>143</PRGP>
    <ROSN>143</ROSN>
    <SLOV>143</SLOV>
    <SVIZ>143</SVIZ>
    <MALT>143</MALT>
  </PrezziConvenzionali>
  <PrezziConvenzionali>
    <Data>20170220</Data>
    <Mercato>MGP</Mercato>
    <Ora>14</Ora>
    <CNOR>143</CNOR>
    <CSUD>143</CSUD>
    <NORD>143</NORD>
    <SARD>143</SARD>
    <SICI>143</SICI>
    <SUD>143</SUD>
    <AUST>143</AUST>
    <BRNN>143</BRNN>
    <COAC>143</COAC>
    <CORS>143</CORS>
    <FOGN>143</FOGN>
    <FRAN>143</FRAN>
    <GREC>143</GREC>
    <MFTV>143</MFTV>
    <PRGP>143</PRGP>
    <ROSN>143</ROSN>
    <SLOV>143</SLOV>
    <SVIZ>143</SVIZ>
    <MALT>143</MALT>
  </PrezziConvenzionali>
  <PrezziConvenzionali>
    <Data>20170220</Data>
    <Mercato>MGP</Mercato>
    <Ora>15</Ora>
    <CNOR>143</CNOR>
    <CSUD>143</CSUD>
    <NORD>143</NORD>
    <SARD>143</SARD>
    <SICI>143</SICI>
    <SUD>143</SUD>
    <AUST>143</AUST>
    <BRNN>143</BRNN>
    <COAC>143</COAC>
    <CORS>143</CORS>
    <FOGN>143</FOGN>
    <FRAN>143</FRAN>
    <GREC>143</GREC>
    <MFTV>143</MFTV>
    <PRGP>143</PRGP>
    <ROSN>143</ROSN>
    <SLOV>143</SLOV>
    <SVIZ>143</SVIZ>
    <MALT>143</MALT>
  </PrezziConvenzionali>
  <PrezziConvenzionali>
    <Data>20170220</Data>
    <Mercato>MGP</Mercato>
    <Ora>16</Ora>
    <CNOR>143</CNOR>
    <CSUD>143</CSUD>
    <NORD>143</NORD>
    <SARD>143</SARD>
    <SICI>143</SICI>
    <SUD>143</SUD>
    <AUST>143</AUST>
    <BRNN>143</BRNN>
    <COAC>143</COAC>
    <CORS>143</CORS>
    <FOGN>143</FOGN>
    <FRAN>143</FRAN>
    <GREC>143</GREC>
    <MFTV>143</MFTV>
    <PRGP>143</PRGP>
    <ROSN>143</ROSN>
    <SLOV>143</SLOV>
    <SVIZ>143</SVIZ>
    <MALT>143</MALT>
  </PrezziConvenzionali>
  <PrezziConvenzionali>
    <Data>20170220</Data>
    <Mercato>MGP</Mercato>
    <Ora>17</Ora>
    <CNOR>143</CNOR>
    <CSUD>143</CSUD>
    <NORD>143</NORD>
    <SARD>143</SARD>
    <SICI>143</SICI>
    <SUD>143</SUD>
    <AUST>143</AUST>
    <BRNN>143</BRNN>
    <COAC>143</COAC>
    <CORS>143</CORS>
    <FOGN>143</FOGN>
    <FRAN>143</FRAN>
    <GREC>143</GREC>
    <MFTV>143</MFTV>
    <PRGP>143</PRGP>
    <ROSN>143</ROSN>
    <SLOV>143</SLOV>
    <SVIZ>143</SVIZ>
    <MALT>143</MALT>
  </PrezziConvenzionali>
  <PrezziConvenzionali>
    <Data>20170220</Data>
    <Mercato>MGP</Mercato>
    <Ora>18</Ora>
    <CNOR>143</CNOR>
    <CSUD>143</CSUD>
    <NORD>143</NORD>
    <SARD>143</SARD>
    <SICI>143</SICI>
    <SUD>143</SUD>
    <AUST>143</AUST>
    <BRNN>143</BRNN>
    <COAC>143</COAC>
    <CORS>143</CORS>
    <FOGN>143</FOGN>
    <FRAN>143</FRAN>
    <GREC>143</GREC>
    <MFTV>143</MFTV>
    <PRGP>143</PRGP>
    <ROSN>143</ROSN>
    <SLOV>143</SLOV>
    <SVIZ>143</SVIZ>
    <MALT>143</MALT>
  </PrezziConvenzionali>
  <PrezziConvenzionali>
    <Data>20170220</Data>
    <Mercato>MGP</Mercato>
    <Ora>19</Ora>
    <CNOR>143</CNOR>
    <CSUD>143</CSUD>
    <NORD>143</NORD>
    <SARD>143</SARD>
    <SICI>143</SICI>
    <SUD>143</SUD>
    <AUST>143</AUST>
    <BRNN>143</BRNN>
    <COAC>143</COAC>
    <CORS>143</CORS>
    <FOGN>143</FOGN>
    <FRAN>143</FRAN>
    <GREC>143</GREC>
    <MFTV>143</MFTV>
    <PRGP>143</PRGP>
    <ROSN>143</ROSN>
    <SLOV>143</SLOV>
    <SVIZ>143</SVIZ>
    <MALT>143</MALT>
  </PrezziConvenzionali>
  <PrezziConvenzionali>
    <Data>20170220</Data>
    <Mercato>MGP</Mercato>
    <Ora>20</Ora>
    <CNOR>143</CNOR>
    <CSUD>143</CSUD>
    <NORD>143</NORD>
    <SARD>143</SARD>
    <SICI>143</SICI>
    <SUD>143</SUD>
    <AUST>143</AUST>
    <BRNN>143</BRNN>
    <COAC>143</COAC>
    <CORS>143</CORS>
    <FOGN>143</FOGN>
    <FRAN>143</FRAN>
    <GREC>143</GREC>
    <MFTV>143</MFTV>
    <PRGP>143</PRGP>
    <ROSN>143</ROSN>
    <SLOV>143</SLOV>
    <SVIZ>143</SVIZ>
    <MALT>143</MALT>
  </PrezziConvenzionali>
  <PrezziConvenzionali>
    <Data>20170220</Data>
    <Mercato>MGP</Mercato>
    <Ora>21</Ora>
    <CNOR>83</CNOR>
    <CSUD>83</CSUD>
    <NORD>83</NORD>
    <SARD>83</SARD>
    <SICI>83</SICI>
    <SUD>83</SUD>
    <AUST>83</AUST>
    <BRNN>83</BRNN>
    <COAC>83</COAC>
    <CORS>83</CORS>
    <FOGN>83</FOGN>
    <FRAN>83</FRAN>
    <GREC>83</GREC>
    <MFTV>83</MFTV>
    <PRGP>83</PRGP>
    <ROSN>83</ROSN>
    <SLOV>83</SLOV>
    <SVIZ>83</SVIZ>
    <MALT>83</MALT>
  </PrezziConvenzionali>
  <PrezziConvenzionali>
    <Data>20170220</Data>
    <Mercato>MGP</Mercato>
    <Ora>22</Ora>
    <CNOR>83</CNOR>
    <CSUD>83</CSUD>
    <NORD>83</NORD>
    <SARD>83</SARD>
    <SICI>83</SICI>
    <SUD>83</SUD>
    <AUST>83</AUST>
    <BRNN>83</BRNN>
    <COAC>83</COAC>
    <CORS>83</CORS>
    <FOGN>83</FOGN>
    <FRAN>83</FRAN>
    <GREC>83</GREC>
    <MFTV>83</MFTV>
    <PRGP>83</PRGP>
    <ROSN>83</ROSN>
    <SLOV>83</SLOV>
    <SVIZ>83</SVIZ>
    <MALT>83</MALT>
  </PrezziConvenzionali>
  <PrezziConvenzionali>
    <Data>20170220</Data>
    <Mercato>MGP</Mercato>
    <Ora>23</Ora>
    <CNOR>83</CNOR>
    <CSUD>83</CSUD>
    <NORD>83</NORD>
    <SARD>83</SARD>
    <SICI>83</SICI>
    <SUD>83</SUD>
    <AUST>83</AUST>
    <BRNN>83</BRNN>
    <COAC>83</COAC>
    <CORS>83</CORS>
    <FOGN>83</FOGN>
    <FRAN>83</FRAN>
    <GREC>83</GREC>
    <MFTV>83</MFTV>
    <PRGP>83</PRGP>
    <ROSN>83</ROSN>
    <SLOV>83</SLOV>
    <SVIZ>83</SVIZ>
    <MALT>83</MALT>
  </PrezziConvenzionali>
  <PrezziConvenzionali>
    <Data>20170220</Data>
    <Mercato>MGP</Mercato>
    <Ora>24</Ora>
    <CNOR>83</CNOR>
    <CSUD>83</CSUD>
    <NORD>83</NORD>
    <SARD>83</SARD>
    <SICI>83</SICI>
    <SUD>83</SUD>
    <AUST>83</AUST>
    <BRNN>83</BRNN>
    <COAC>83</COAC>
    <CORS>83</CORS>
    <FOGN>83</FOGN>
    <FRAN>83</FRAN>
    <GREC>83</GREC>
    <MFTV>83</MFTV>
    <PRGP>83</PRGP>
    <ROSN>83</ROSN>
    <SLOV>83</SLOV>
    <SVIZ>83</SVIZ>
    <MALT>83</MALT>
  </PrezziConvenzionali>
</NewDataSet>