<?xml version="1.0" standalone="yes"?>
<NewDataSet>
  <xs:schema id="NewDataSet" xmlns="" xmlns:xs="http://www.w3.org/2001/XMLSchema" xmlns:msdata="urn:schemas-microsoft-com:xml-msdata">
    <xs:element name="NewDataSet" msdata:IsDataSet="true" msdata:MainDataTable="PrezziConvenzionali" msdata:UseCurrentLocale="true">
      <xs:complexType>
        <xs:choice minOccurs="0" maxOccurs="unbounded">
          <xs:element name="PrezziConvenzionali">
            <xs:complexType>
              <xs:sequence>
                <xs:element name="Data" type="xs:string" minOccurs="0" />
                <xs:element name="Mercato" type="xs:string" minOccurs="0" />
                <xs:element name="Ora" type="xs:string" minOccurs="0" />
                <xs:element name="CNOR" type="xs:string" minOccurs="0" />
                <xs:element name="CSUD" type="xs:string" minOccurs="0" />
                <xs:element name="NORD" type="xs:string" minOccurs="0" />
                <xs:element name="SARD" type="xs:string" minOccurs="0" />
                <xs:element name="SICI" type="xs:string" minOccurs="0" />
                <xs:element name="SUD" type="xs:string" minOccurs="0" />
                <xs:element name="AUST" type="xs:string" minOccurs="0" />
                <xs:element name="BRNN" type="xs:string" minOccurs="0" />
                <xs:element name="COAC" type="xs:string" minOccurs="0" />
                <xs:element name="CORS" type="xs:string" minOccurs="0" />
                <xs:element name="FOGN" type="xs:string" minOccurs="0" />
                <xs:element name="FRAN" type="xs:string" minOccurs="0" />
                <xs:element name="GREC" type="xs:string" minOccurs="0" />
                <xs:element name="MFTV" type="xs:string" minOccurs="0" />
                <xs:element name="PRGP" type="xs:string" minOccurs="0" />
                <xs:element name="ROSN" type="xs:string" minOccurs="0" />
                <xs:element name="SLOV" type="xs:string" minOccurs="0" />
                <xs:element name="SVIZ" type="xs:string" minOccurs="0" />
                <xs:element name="BSP" type="xs:string" minOccurs="0" />
                <xs:element name="XAUS" type="xs:string" minOccurs="0" />
                <xs:element name="XFRA" type="xs:string" minOccurs="0" />
                <xs:element name="MALT" type="xs:string" minOccurs="0" />
              </xs:sequence>
            </xs:complexType>
          </xs:element>
        </xs:choice>
      </xs:complexType>
    </xs:element>
  </xs:schema>
  <PrezziConvenzionali>
    <Data>20170217</Data>
    <Mercato>MGP</Mercato>
    <Ora>01</Ora>
    <CNOR>85</CNOR>
    <CSUD>85</CSUD>
    <NORD>85</NORD>
    <SARD>85</SARD>
    <SICI>85</SICI>
    <SUD>85</SUD>
    <AUST>85</AUST>
    <BRNN>85</BRNN>
    <COAC>85</COAC>
    <CORS>85</CORS>
    <FOGN>85</FOGN>
    <FRAN>85</FRAN>
    <GREC>85</GREC>
    <MFTV>85</MFTV>
    <PRGP>85</PRGP>
    <ROSN>85</ROSN>
    <SLOV>85</SLOV>
    <SVIZ>85</SVIZ>
    <MALT>85</MALT>
  </PrezziConvenzionali>
  <PrezziConvenzionali>
    <Data>20170217</Data>
    <Mercato>MGP</Mercato>
    <Ora>02</Ora>
    <CNOR>85</CNOR>
    <CSUD>85</CSUD>
    <NORD>85</NORD>
    <SARD>85</SARD>
    <SICI>85</SICI>
    <SUD>85</SUD>
    <AUST>85</AUST>
    <BRNN>85</BRNN>
    <COAC>85</COAC>
    <CORS>85</CORS>
    <FOGN>85</FOGN>
    <FRAN>85</FRAN>
    <GREC>85</GREC>
    <MFTV>85</MFTV>
    <PRGP>85</PRGP>
    <ROSN>85</ROSN>
    <SLOV>85</SLOV>
    <SVIZ>85</SVIZ>
    <MALT>85</MALT>
  </PrezziConvenzionali>
  <PrezziConvenzionali>
    <Data>20170217</Data>
    <Mercato>MGP</Mercato>
    <Ora>03</Ora>
    <CNOR>85</CNOR>
    <CSUD>85</CSUD>
    <NORD>85</NORD>
    <SARD>85</SARD>
    <SICI>85</SICI>
    <SUD>85</SUD>
    <AUST>85</AUST>
    <BRNN>85</BRNN>
    <COAC>85</COAC>
    <CORS>85</CORS>
    <FOGN>85</FOGN>
    <FRAN>85</FRAN>
    <GREC>85</GREC>
    <MFTV>85</MFTV>
    <PRGP>85</PRGP>
    <ROSN>85</ROSN>
    <SLOV>85</SLOV>
    <SVIZ>85</SVIZ>
    <MALT>85</MALT>
  </PrezziConvenzionali>
  <PrezziConvenzionali>
    <Data>20170217</Data>
    <Mercato>MGP</Mercato>
    <Ora>04</Ora>
    <CNOR>85</CNOR>
    <CSUD>85</CSUD>
    <NORD>85</NORD>
    <SARD>85</SARD>
    <SICI>85</SICI>
    <SUD>85</SUD>
    <AUST>85</AUST>
    <BRNN>85</BRNN>
    <COAC>85</COAC>
    <CORS>85</CORS>
    <FOGN>85</FOGN>
    <FRAN>85</FRAN>
    <GREC>85</GREC>
    <MFTV>85</MFTV>
    <PRGP>85</PRGP>
    <ROSN>85</ROSN>
    <SLOV>85</SLOV>
    <SVIZ>85</SVIZ>
    <MALT>85</MALT>
  </PrezziConvenzionali>
  <PrezziConvenzionali>
    <Data>20170217</Data>
    <Mercato>MGP</Mercato>
    <Ora>05</Ora>
    <CNOR>85</CNOR>
    <CSUD>85</CSUD>
    <NORD>85</NORD>
    <SARD>85</SARD>
    <SICI>85</SICI>
    <SUD>85</SUD>
    <AUST>85</AUST>
    <BRNN>85</BRNN>
    <COAC>85</COAC>
    <CORS>85</CORS>
    <FOGN>85</FOGN>
    <FRAN>85</FRAN>
    <GREC>85</GREC>
    <MFTV>85</MFTV>
    <PRGP>85</PRGP>
    <ROSN>85</ROSN>
    <SLOV>85</SLOV>
    <SVIZ>85</SVIZ>
    <MALT>85</MALT>
  </PrezziConvenzionali>
  <PrezziConvenzionali>
    <Data>20170217</Data>
    <Mercato>MGP</Mercato>
    <Ora>06</Ora>
    <CNOR>85</CNOR>
    <CSUD>85</CSUD>
    <NORD>85</NORD>
    <SARD>85</SARD>
    <SICI>85</SICI>
    <SUD>85</SUD>
    <AUST>85</AUST>
    <BRNN>85</BRNN>
    <COAC>85</COAC>
    <CORS>85</CORS>
    <FOGN>85</FOGN>
    <FRAN>85</FRAN>
    <GREC>85</GREC>
    <MFTV>85</MFTV>
    <PRGP>85</PRGP>
    <ROSN>85</ROSN>
    <SLOV>85</SLOV>
    <SVIZ>85</SVIZ>
    <MALT>85</MALT>
  </PrezziConvenzionali>
  <PrezziConvenzionali>
    <Data>20170217</Data>
    <Mercato>MGP</Mercato>
    <Ora>07</Ora>
    <CNOR>85</CNOR>
    <CSUD>85</CSUD>
    <NORD>85</NORD>
    <SARD>85</SARD>
    <SICI>85</SICI>
    <SUD>85</SUD>
    <AUST>85</AUST>
    <BRNN>85</BRNN>
    <COAC>85</COAC>
    <CORS>85</CORS>
    <FOGN>85</FOGN>
    <FRAN>85</FRAN>
    <GREC>85</GREC>
    <MFTV>85</MFTV>
    <PRGP>85</PRGP>
    <ROSN>85</ROSN>
    <SLOV>85</SLOV>
    <SVIZ>85</SVIZ>
    <MALT>85</MALT>
  </PrezziConvenzionali>
  <PrezziConvenzionali>
    <Data>20170217</Data>
    <Mercato>MGP</Mercato>
    <Ora>08</Ora>
    <CNOR>85</CNOR>
    <CSUD>85</CSUD>
    <NORD>85</NORD>
    <SARD>85</SARD>
    <SICI>85</SICI>
    <SUD>85</SUD>
    <AUST>85</AUST>
    <BRNN>85</BRNN>
    <COAC>85</COAC>
    <CORS>85</CORS>
    <FOGN>85</FOGN>
    <FRAN>85</FRAN>
    <GREC>85</GREC>
    <MFTV>85</MFTV>
    <PRGP>85</PRGP>
    <ROSN>85</ROSN>
    <SLOV>85</SLOV>
    <SVIZ>85</SVIZ>
    <MALT>85</MALT>
  </PrezziConvenzionali>
  <PrezziConvenzionali>
    <Data>20170217</Data>
    <Mercato>MGP</Mercato>
    <Ora>09</Ora>
    <CNOR>146</CNOR>
    <CSUD>146</CSUD>
    <NORD>146</NORD>
    <SARD>146</SARD>
    <SICI>146</SICI>
    <SUD>146</SUD>
    <AUST>146</AUST>
    <BRNN>146</BRNN>
    <COAC>146</COAC>
    <CORS>146</CORS>
    <FOGN>146</FOGN>
    <FRAN>146</FRAN>
    <GREC>146</GREC>
    <MFTV>146</MFTV>
    <PRGP>146</PRGP>
    <ROSN>146</ROSN>
    <SLOV>146</SLOV>
    <SVIZ>146</SVIZ>
    <MALT>146</MALT>
  </PrezziConvenzionali>
  <PrezziConvenzionali>
    <Data>20170217</Data>
    <Mercato>MGP</Mercato>
    <Ora>10</Ora>
    <CNOR>146</CNOR>
    <CSUD>146</CSUD>
    <NORD>146</NORD>
    <SARD>146</SARD>
    <SICI>146</SICI>
    <SUD>146</SUD>
    <AUST>146</AUST>
    <BRNN>146</BRNN>
    <COAC>146</COAC>
    <CORS>146</CORS>
    <FOGN>146</FOGN>
    <FRAN>146</FRAN>
    <GREC>146</GREC>
    <MFTV>146</MFTV>
    <PRGP>146</PRGP>
    <ROSN>146</ROSN>
    <SLOV>146</SLOV>
    <SVIZ>146</SVIZ>
    <MALT>146</MALT>
  </PrezziConvenzionali>
  <PrezziConvenzionali>
    <Data>20170217</Data>
    <Mercato>MGP</Mercato>
    <Ora>11</Ora>
    <CNOR>146</CNOR>
    <CSUD>146</CSUD>
    <NORD>146</NORD>
    <SARD>146</SARD>
    <SICI>146</SICI>
    <SUD>146</SUD>
    <AUST>146</AUST>
    <BRNN>146</BRNN>
    <COAC>146</COAC>
    <CORS>146</CORS>
    <FOGN>146</FOGN>
    <FRAN>146</FRAN>
    <GREC>146</GREC>
    <MFTV>146</MFTV>
    <PRGP>146</PRGP>
    <ROSN>146</ROSN>
    <SLOV>146</SLOV>
    <SVIZ>146</SVIZ>
    <MALT>146</MALT>
  </PrezziConvenzionali>
  <PrezziConvenzionali>
    <Data>20170217</Data>
    <Mercato>MGP</Mercato>
    <Ora>12</Ora>
    <CNOR>146</CNOR>
    <CSUD>146</CSUD>
    <NORD>146</NORD>
    <SARD>146</SARD>
    <SICI>146</SICI>
    <SUD>146</SUD>
    <AUST>146</AUST>
    <BRNN>146</BRNN>
    <COAC>146</COAC>
    <CORS>146</CORS>
    <FOGN>146</FOGN>
    <FRAN>146</FRAN>
    <GREC>146</GREC>
    <MFTV>146</MFTV>
    <PRGP>146</PRGP>
    <ROSN>146</ROSN>
    <SLOV>146</SLOV>
    <SVIZ>146</SVIZ>
    <MALT>146</MALT>
  </PrezziConvenzionali>
  <PrezziConvenzionali>
    <Data>20170217</Data>
    <Mercato>MGP</Mercato>
    <Ora>13</Ora>
    <CNOR>146</CNOR>
    <CSUD>146</CSUD>
    <NORD>146</NORD>
    <SARD>146</SARD>
    <SICI>146</SICI>
    <SUD>146</SUD>
    <AUST>146</AUST>
    <BRNN>146</BRNN>
    <COAC>146</COAC>
    <CORS>146</CORS>
    <FOGN>146</FOGN>
    <FRAN>146</FRAN>
    <GREC>146</GREC>
    <MFTV>146</MFTV>
    <PRGP>146</PRGP>
    <ROSN>146</ROSN>
    <SLOV>146</SLOV>
    <SVIZ>146</SVIZ>
    <MALT>146</MALT>
  </PrezziConvenzionali>
  <PrezziConvenzionali>
    <Data>20170217</Data>
    <Mercato>MGP</Mercato>
    <Ora>14</Ora>
    <CNOR>146</CNOR>
    <CSUD>146</CSUD>
    <NORD>146</NORD>
    <SARD>146</SARD>
    <SICI>146</SICI>
    <SUD>146</SUD>
    <AUST>146</AUST>
    <BRNN>146</BRNN>
    <COAC>146</COAC>
    <CORS>146</CORS>
    <FOGN>146</FOGN>
    <FRAN>146</FRAN>
    <GREC>146</GREC>
    <MFTV>146</MFTV>
    <PRGP>146</PRGP>
    <ROSN>146</ROSN>
    <SLOV>146</SLOV>
    <SVIZ>146</SVIZ>
    <MALT>146</MALT>
  </PrezziConvenzionali>
  <PrezziConvenzionali>
    <Data>20170217</Data>
    <Mercato>MGP</Mercato>
    <Ora>15</Ora>
    <CNOR>146</CNOR>
    <CSUD>146</CSUD>
    <NORD>146</NORD>
    <SARD>146</SARD>
    <SICI>146</SICI>
    <SUD>146</SUD>
    <AUST>146</AUST>
    <BRNN>146</BRNN>
    <COAC>146</COAC>
    <CORS>146</CORS>
    <FOGN>146</FOGN>
    <FRAN>146</FRAN>
    <GREC>146</GREC>
    <MFTV>146</MFTV>
    <PRGP>146</PRGP>
    <ROSN>146</ROSN>
    <SLOV>146</SLOV>
    <SVIZ>146</SVIZ>
    <MALT>146</MALT>
  </PrezziConvenzionali>
  <PrezziConvenzionali>
    <Data>20170217</Data>
    <Mercato>MGP</Mercato>
    <Ora>16</Ora>
    <CNOR>146</CNOR>
    <CSUD>146</CSUD>
    <NORD>146</NORD>
    <SARD>146</SARD>
    <SICI>146</SICI>
    <SUD>146</SUD>
    <AUST>146</AUST>
    <BRNN>146</BRNN>
    <COAC>146</COAC>
    <CORS>146</CORS>
    <FOGN>146</FOGN>
    <FRAN>146</FRAN>
    <GREC>146</GREC>
    <MFTV>146</MFTV>
    <PRGP>146</PRGP>
    <ROSN>146</ROSN>
    <SLOV>146</SLOV>
    <SVIZ>146</SVIZ>
    <MALT>146</MALT>
  </PrezziConvenzionali>
  <PrezziConvenzionali>
    <Data>20170217</Data>
    <Mercato>MGP</Mercato>
    <Ora>17</Ora>
    <CNOR>146</CNOR>
    <CSUD>146</CSUD>
    <NORD>146</NORD>
    <SARD>146</SARD>
    <SICI>146</SICI>
    <SUD>146</SUD>
    <AUST>146</AUST>
    <BRNN>146</BRNN>
    <COAC>146</COAC>
    <CORS>146</CORS>
    <FOGN>146</FOGN>
    <FRAN>146</FRAN>
    <GREC>146</GREC>
    <MFTV>146</MFTV>
    <PRGP>146</PRGP>
    <ROSN>146</ROSN>
    <SLOV>146</SLOV>
    <SVIZ>146</SVIZ>
    <MALT>146</MALT>
  </PrezziConvenzionali>
  <PrezziConvenzionali>
    <Data>20170217</Data>
    <Mercato>MGP</Mercato>
    <Ora>18</Ora>
    <CNOR>146</CNOR>
    <CSUD>146</CSUD>
    <NORD>146</NORD>
    <SARD>146</SARD>
    <SICI>146</SICI>
    <SUD>146</SUD>
    <AUST>146</AUST>
    <BRNN>146</BRNN>
    <COAC>146</COAC>
    <CORS>146</CORS>
    <FOGN>146</FOGN>
    <FRAN>146</FRAN>
    <GREC>146</GREC>
    <MFTV>146</MFTV>
    <PRGP>146</PRGP>
    <ROSN>146</ROSN>
    <SLOV>146</SLOV>
    <SVIZ>146</SVIZ>
    <MALT>146</MALT>
  </PrezziConvenzionali>
  <PrezziConvenzionali>
    <Data>20170217</Data>
    <Mercato>MGP</Mercato>
    <Ora>19</Ora>
    <CNOR>146</CNOR>
    <CSUD>146</CSUD>
    <NORD>146</NORD>
    <SARD>146</SARD>
    <SICI>146</SICI>
    <SUD>146</SUD>
    <AUST>146</AUST>
    <BRNN>146</BRNN>
    <COAC>146</COAC>
    <CORS>146</CORS>
    <FOGN>146</FOGN>
    <FRAN>146</FRAN>
    <GREC>146</GREC>
    <MFTV>146</MFTV>
    <PRGP>146</PRGP>
    <ROSN>146</ROSN>
    <SLOV>146</SLOV>
    <SVIZ>146</SVIZ>
    <MALT>146</MALT>
  </PrezziConvenzionali>
  <PrezziConvenzionali>
    <Data>20170217</Data>
    <Mercato>MGP</Mercato>
    <Ora>20</Ora>
    <CNOR>146</CNOR>
    <CSUD>146</CSUD>
    <NORD>146</NORD>
    <SARD>146</SARD>
    <SICI>146</SICI>
    <SUD>146</SUD>
    <AUST>146</AUST>
    <BRNN>146</BRNN>
    <COAC>146</COAC>
    <CORS>146</CORS>
    <FOGN>146</FOGN>
    <FRAN>146</FRAN>
    <GREC>146</GREC>
    <MFTV>146</MFTV>
    <PRGP>146</PRGP>
    <ROSN>146</ROSN>
    <SLOV>146</SLOV>
    <SVIZ>146</SVIZ>
    <MALT>146</MALT>
  </PrezziConvenzionali>
  <PrezziConvenzionali>
    <Data>20170217</Data>
    <Mercato>MGP</Mercato>
    <Ora>21</Ora>
    <CNOR>85</CNOR>
    <CSUD>85</CSUD>
    <NORD>85</NORD>
    <SARD>85</SARD>
    <SICI>85</SICI>
    <SUD>85</SUD>
    <AUST>85</AUST>
    <BRNN>85</BRNN>
    <COAC>85</COAC>
    <CORS>85</CORS>
    <FOGN>85</FOGN>
    <FRAN>85</FRAN>
    <GREC>85</GREC>
    <MFTV>85</MFTV>
    <PRGP>85</PRGP>
    <ROSN>85</ROSN>
    <SLOV>85</SLOV>
    <SVIZ>85</SVIZ>
    <MALT>85</MALT>
  </PrezziConvenzionali>
  <PrezziConvenzionali>
    <Data>20170217</Data>
    <Mercato>MGP</Mercato>
    <Ora>22</Ora>
    <CNOR>85</CNOR>
    <CSUD>85</CSUD>
    <NORD>85</NORD>
    <SARD>85</SARD>
    <SICI>85</SICI>
    <SUD>85</SUD>
    <AUST>85</AUST>
    <BRNN>85</BRNN>
    <COAC>85</COAC>
    <CORS>85</CORS>
    <FOGN>85</FOGN>
    <FRAN>85</FRAN>
    <GREC>85</GREC>
    <MFTV>85</MFTV>
    <PRGP>85</PRGP>
    <ROSN>85</ROSN>
    <SLOV>85</SLOV>
    <SVIZ>85</SVIZ>
    <MALT>85</MALT>
  </PrezziConvenzionali>
  <PrezziConvenzionali>
    <Data>20170217</Data>
    <Mercato>MGP</Mercato>
    <Ora>23</Ora>
    <CNOR>85</CNOR>
    <CSUD>85</CSUD>
    <NORD>85</NORD>
    <SARD>85</SARD>
    <SICI>85</SICI>
    <SUD>85</SUD>
    <AUST>85</AUST>
    <BRNN>85</BRNN>
    <COAC>85</COAC>
    <CORS>85</CORS>
    <FOGN>85</FOGN>
    <FRAN>85</FRAN>
    <GREC>85</GREC>
    <MFTV>85</MFTV>
    <PRGP>85</PRGP>
    <ROSN>85</ROSN>
    <SLOV>85</SLOV>
    <SVIZ>85</SVIZ>
    <MALT>85</MALT>
  </PrezziConvenzionali>
  <PrezziConvenzionali>
    <Data>20170217</Data>
    <Mercato>MGP</Mercato>
    <Ora>24</Ora>
    <CNOR>85</CNOR>
    <CSUD>85</CSUD>
    <NORD>85</NORD>
    <SARD>85</SARD>
    <SICI>85</SICI>
    <SUD>85</SUD>
    <AUST>85</AUST>
    <BRNN>85</BRNN>
    <COAC>85</COAC>
    <CORS>85</CORS>
    <FOGN>85</FOGN>
    <FRAN>85</FRAN>
    <GREC>85</GREC>
    <MFTV>85</MFTV>
    <PRGP>85</PRGP>
    <ROSN>85</ROSN>
    <SLOV>85</SLOV>
    <SVIZ>85</SVIZ>
    <MALT>85</MALT>
  </PrezziConvenzionali>
</NewDataSet>