<?xml version="1.0" standalone="yes"?>
<NewDataSet>
  <xs:schema id="NewDataSet" xmlns="" xmlns:xs="http://www.w3.org/2001/XMLSchema" xmlns:msdata="urn:schemas-microsoft-com:xml-msdata">
    <xs:element name="NewDataSet" msdata:IsDataSet="true" msdata:MainDataTable="PrezziConvenzionali" msdata:UseCurrentLocale="true">
      <xs:complexType>
        <xs:choice minOccurs="0" maxOccurs="unbounded">
          <xs:element name="PrezziConvenzionali">
            <xs:complexType>
              <xs:sequence>
                <xs:element name="Data" type="xs:string" minOccurs="0" />
                <xs:element name="Mercato" type="xs:string" minOccurs="0" />
                <xs:element name="Ora" type="xs:string" minOccurs="0" />
                <xs:element name="CNOR" type="xs:string" minOccurs="0" />
                <xs:element name="CSUD" type="xs:string" minOccurs="0" />
                <xs:element name="NORD" type="xs:string" minOccurs="0" />
                <xs:element name="SARD" type="xs:string" minOccurs="0" />
                <xs:element name="SICI" type="xs:string" minOccurs="0" />
                <xs:element name="SUD" type="xs:string" minOccurs="0" />
                <xs:element name="AUST" type="xs:string" minOccurs="0" />
                <xs:element name="BRNN" type="xs:string" minOccurs="0" />
                <xs:element name="COAC" type="xs:string" minOccurs="0" />
                <xs:element name="CORS" type="xs:string" minOccurs="0" />
                <xs:element name="FOGN" type="xs:string" minOccurs="0" />
                <xs:element name="FRAN" type="xs:string" minOccurs="0" />
                <xs:element name="GREC" type="xs:string" minOccurs="0" />
                <xs:element name="MFTV" type="xs:string" minOccurs="0" />
                <xs:element name="PRGP" type="xs:string" minOccurs="0" />
                <xs:element name="ROSN" type="xs:string" minOccurs="0" />
                <xs:element name="SLOV" type="xs:string" minOccurs="0" />
                <xs:element name="SVIZ" type="xs:string" minOccurs="0" />
                <xs:element name="BSP" type="xs:string" minOccurs="0" />
                <xs:element name="XAUS" type="xs:string" minOccurs="0" />
                <xs:element name="XFRA" type="xs:string" minOccurs="0" />
                <xs:element name="MALT" type="xs:string" minOccurs="0" />
              </xs:sequence>
            </xs:complexType>
          </xs:element>
        </xs:choice>
      </xs:complexType>
    </xs:element>
  </xs:schema>
  <PrezziConvenzionali>
    <Data>20170214</Data>
    <Mercato>MGP</Mercato>
    <Ora>01</Ora>
    <CNOR>89</CNOR>
    <CSUD>89</CSUD>
    <NORD>89</NORD>
    <SARD>89</SARD>
    <SICI>89</SICI>
    <SUD>89</SUD>
    <AUST>89</AUST>
    <BRNN>89</BRNN>
    <COAC>89</COAC>
    <CORS>89</CORS>
    <FOGN>89</FOGN>
    <FRAN>89</FRAN>
    <GREC>89</GREC>
    <MFTV>89</MFTV>
    <PRGP>89</PRGP>
    <ROSN>89</ROSN>
    <SLOV>89</SLOV>
    <SVIZ>89</SVIZ>
    <MALT>89</MALT>
  </PrezziConvenzionali>
  <PrezziConvenzionali>
    <Data>20170214</Data>
    <Mercato>MGP</Mercato>
    <Ora>02</Ora>
    <CNOR>89</CNOR>
    <CSUD>89</CSUD>
    <NORD>89</NORD>
    <SARD>89</SARD>
    <SICI>89</SICI>
    <SUD>89</SUD>
    <AUST>89</AUST>
    <BRNN>89</BRNN>
    <COAC>89</COAC>
    <CORS>89</CORS>
    <FOGN>89</FOGN>
    <FRAN>89</FRAN>
    <GREC>89</GREC>
    <MFTV>89</MFTV>
    <PRGP>89</PRGP>
    <ROSN>89</ROSN>
    <SLOV>89</SLOV>
    <SVIZ>89</SVIZ>
    <MALT>89</MALT>
  </PrezziConvenzionali>
  <PrezziConvenzionali>
    <Data>20170214</Data>
    <Mercato>MGP</Mercato>
    <Ora>03</Ora>
    <CNOR>89</CNOR>
    <CSUD>89</CSUD>
    <NORD>89</NORD>
    <SARD>89</SARD>
    <SICI>89</SICI>
    <SUD>89</SUD>
    <AUST>89</AUST>
    <BRNN>89</BRNN>
    <COAC>89</COAC>
    <CORS>89</CORS>
    <FOGN>89</FOGN>
    <FRAN>89</FRAN>
    <GREC>89</GREC>
    <MFTV>89</MFTV>
    <PRGP>89</PRGP>
    <ROSN>89</ROSN>
    <SLOV>89</SLOV>
    <SVIZ>89</SVIZ>
    <MALT>89</MALT>
  </PrezziConvenzionali>
  <PrezziConvenzionali>
    <Data>20170214</Data>
    <Mercato>MGP</Mercato>
    <Ora>04</Ora>
    <CNOR>89</CNOR>
    <CSUD>89</CSUD>
    <NORD>89</NORD>
    <SARD>89</SARD>
    <SICI>89</SICI>
    <SUD>89</SUD>
    <AUST>89</AUST>
    <BRNN>89</BRNN>
    <COAC>89</COAC>
    <CORS>89</CORS>
    <FOGN>89</FOGN>
    <FRAN>89</FRAN>
    <GREC>89</GREC>
    <MFTV>89</MFTV>
    <PRGP>89</PRGP>
    <ROSN>89</ROSN>
    <SLOV>89</SLOV>
    <SVIZ>89</SVIZ>
    <MALT>89</MALT>
  </PrezziConvenzionali>
  <PrezziConvenzionali>
    <Data>20170214</Data>
    <Mercato>MGP</Mercato>
    <Ora>05</Ora>
    <CNOR>89</CNOR>
    <CSUD>89</CSUD>
    <NORD>89</NORD>
    <SARD>89</SARD>
    <SICI>89</SICI>
    <SUD>89</SUD>
    <AUST>89</AUST>
    <BRNN>89</BRNN>
    <COAC>89</COAC>
    <CORS>89</CORS>
    <FOGN>89</FOGN>
    <FRAN>89</FRAN>
    <GREC>89</GREC>
    <MFTV>89</MFTV>
    <PRGP>89</PRGP>
    <ROSN>89</ROSN>
    <SLOV>89</SLOV>
    <SVIZ>89</SVIZ>
    <MALT>89</MALT>
  </PrezziConvenzionali>
  <PrezziConvenzionali>
    <Data>20170214</Data>
    <Mercato>MGP</Mercato>
    <Ora>06</Ora>
    <CNOR>89</CNOR>
    <CSUD>89</CSUD>
    <NORD>89</NORD>
    <SARD>89</SARD>
    <SICI>89</SICI>
    <SUD>89</SUD>
    <AUST>89</AUST>
    <BRNN>89</BRNN>
    <COAC>89</COAC>
    <CORS>89</CORS>
    <FOGN>89</FOGN>
    <FRAN>89</FRAN>
    <GREC>89</GREC>
    <MFTV>89</MFTV>
    <PRGP>89</PRGP>
    <ROSN>89</ROSN>
    <SLOV>89</SLOV>
    <SVIZ>89</SVIZ>
    <MALT>89</MALT>
  </PrezziConvenzionali>
  <PrezziConvenzionali>
    <Data>20170214</Data>
    <Mercato>MGP</Mercato>
    <Ora>07</Ora>
    <CNOR>89</CNOR>
    <CSUD>89</CSUD>
    <NORD>89</NORD>
    <SARD>89</SARD>
    <SICI>89</SICI>
    <SUD>89</SUD>
    <AUST>89</AUST>
    <BRNN>89</BRNN>
    <COAC>89</COAC>
    <CORS>89</CORS>
    <FOGN>89</FOGN>
    <FRAN>89</FRAN>
    <GREC>89</GREC>
    <MFTV>89</MFTV>
    <PRGP>89</PRGP>
    <ROSN>89</ROSN>
    <SLOV>89</SLOV>
    <SVIZ>89</SVIZ>
    <MALT>89</MALT>
  </PrezziConvenzionali>
  <PrezziConvenzionali>
    <Data>20170214</Data>
    <Mercato>MGP</Mercato>
    <Ora>08</Ora>
    <CNOR>89</CNOR>
    <CSUD>89</CSUD>
    <NORD>89</NORD>
    <SARD>89</SARD>
    <SICI>89</SICI>
    <SUD>89</SUD>
    <AUST>89</AUST>
    <BRNN>89</BRNN>
    <COAC>89</COAC>
    <CORS>89</CORS>
    <FOGN>89</FOGN>
    <FRAN>89</FRAN>
    <GREC>89</GREC>
    <MFTV>89</MFTV>
    <PRGP>89</PRGP>
    <ROSN>89</ROSN>
    <SLOV>89</SLOV>
    <SVIZ>89</SVIZ>
    <MALT>89</MALT>
  </PrezziConvenzionali>
  <PrezziConvenzionali>
    <Data>20170214</Data>
    <Mercato>MGP</Mercato>
    <Ora>09</Ora>
    <CNOR>157</CNOR>
    <CSUD>157</CSUD>
    <NORD>157</NORD>
    <SARD>157</SARD>
    <SICI>157</SICI>
    <SUD>157</SUD>
    <AUST>157</AUST>
    <BRNN>157</BRNN>
    <COAC>157</COAC>
    <CORS>157</CORS>
    <FOGN>157</FOGN>
    <FRAN>157</FRAN>
    <GREC>157</GREC>
    <MFTV>157</MFTV>
    <PRGP>157</PRGP>
    <ROSN>157</ROSN>
    <SLOV>157</SLOV>
    <SVIZ>157</SVIZ>
    <MALT>157</MALT>
  </PrezziConvenzionali>
  <PrezziConvenzionali>
    <Data>20170214</Data>
    <Mercato>MGP</Mercato>
    <Ora>10</Ora>
    <CNOR>157</CNOR>
    <CSUD>157</CSUD>
    <NORD>157</NORD>
    <SARD>157</SARD>
    <SICI>157</SICI>
    <SUD>157</SUD>
    <AUST>157</AUST>
    <BRNN>157</BRNN>
    <COAC>157</COAC>
    <CORS>157</CORS>
    <FOGN>157</FOGN>
    <FRAN>157</FRAN>
    <GREC>157</GREC>
    <MFTV>157</MFTV>
    <PRGP>157</PRGP>
    <ROSN>157</ROSN>
    <SLOV>157</SLOV>
    <SVIZ>157</SVIZ>
    <MALT>157</MALT>
  </PrezziConvenzionali>
  <PrezziConvenzionali>
    <Data>20170214</Data>
    <Mercato>MGP</Mercato>
    <Ora>11</Ora>
    <CNOR>157</CNOR>
    <CSUD>157</CSUD>
    <NORD>157</NORD>
    <SARD>157</SARD>
    <SICI>157</SICI>
    <SUD>157</SUD>
    <AUST>157</AUST>
    <BRNN>157</BRNN>
    <COAC>157</COAC>
    <CORS>157</CORS>
    <FOGN>157</FOGN>
    <FRAN>157</FRAN>
    <GREC>157</GREC>
    <MFTV>157</MFTV>
    <PRGP>157</PRGP>
    <ROSN>157</ROSN>
    <SLOV>157</SLOV>
    <SVIZ>157</SVIZ>
    <MALT>157</MALT>
  </PrezziConvenzionali>
  <PrezziConvenzionali>
    <Data>20170214</Data>
    <Mercato>MGP</Mercato>
    <Ora>12</Ora>
    <CNOR>157</CNOR>
    <CSUD>157</CSUD>
    <NORD>157</NORD>
    <SARD>157</SARD>
    <SICI>157</SICI>
    <SUD>157</SUD>
    <AUST>157</AUST>
    <BRNN>157</BRNN>
    <COAC>157</COAC>
    <CORS>157</CORS>
    <FOGN>157</FOGN>
    <FRAN>157</FRAN>
    <GREC>157</GREC>
    <MFTV>157</MFTV>
    <PRGP>157</PRGP>
    <ROSN>157</ROSN>
    <SLOV>157</SLOV>
    <SVIZ>157</SVIZ>
    <MALT>157</MALT>
  </PrezziConvenzionali>
  <PrezziConvenzionali>
    <Data>20170214</Data>
    <Mercato>MGP</Mercato>
    <Ora>13</Ora>
    <CNOR>157</CNOR>
    <CSUD>157</CSUD>
    <NORD>157</NORD>
    <SARD>157</SARD>
    <SICI>157</SICI>
    <SUD>157</SUD>
    <AUST>157</AUST>
    <BRNN>157</BRNN>
    <COAC>157</COAC>
    <CORS>157</CORS>
    <FOGN>157</FOGN>
    <FRAN>157</FRAN>
    <GREC>157</GREC>
    <MFTV>157</MFTV>
    <PRGP>157</PRGP>
    <ROSN>157</ROSN>
    <SLOV>157</SLOV>
    <SVIZ>157</SVIZ>
    <MALT>157</MALT>
  </PrezziConvenzionali>
  <PrezziConvenzionali>
    <Data>20170214</Data>
    <Mercato>MGP</Mercato>
    <Ora>14</Ora>
    <CNOR>157</CNOR>
    <CSUD>157</CSUD>
    <NORD>157</NORD>
    <SARD>157</SARD>
    <SICI>157</SICI>
    <SUD>157</SUD>
    <AUST>157</AUST>
    <BRNN>157</BRNN>
    <COAC>157</COAC>
    <CORS>157</CORS>
    <FOGN>157</FOGN>
    <FRAN>157</FRAN>
    <GREC>157</GREC>
    <MFTV>157</MFTV>
    <PRGP>157</PRGP>
    <ROSN>157</ROSN>
    <SLOV>157</SLOV>
    <SVIZ>157</SVIZ>
    <MALT>157</MALT>
  </PrezziConvenzionali>
  <PrezziConvenzionali>
    <Data>20170214</Data>
    <Mercato>MGP</Mercato>
    <Ora>15</Ora>
    <CNOR>157</CNOR>
    <CSUD>157</CSUD>
    <NORD>157</NORD>
    <SARD>157</SARD>
    <SICI>157</SICI>
    <SUD>157</SUD>
    <AUST>157</AUST>
    <BRNN>157</BRNN>
    <COAC>157</COAC>
    <CORS>157</CORS>
    <FOGN>157</FOGN>
    <FRAN>157</FRAN>
    <GREC>157</GREC>
    <MFTV>157</MFTV>
    <PRGP>157</PRGP>
    <ROSN>157</ROSN>
    <SLOV>157</SLOV>
    <SVIZ>157</SVIZ>
    <MALT>157</MALT>
  </PrezziConvenzionali>
  <PrezziConvenzionali>
    <Data>20170214</Data>
    <Mercato>MGP</Mercato>
    <Ora>16</Ora>
    <CNOR>157</CNOR>
    <CSUD>157</CSUD>
    <NORD>157</NORD>
    <SARD>157</SARD>
    <SICI>157</SICI>
    <SUD>157</SUD>
    <AUST>157</AUST>
    <BRNN>157</BRNN>
    <COAC>157</COAC>
    <CORS>157</CORS>
    <FOGN>157</FOGN>
    <FRAN>157</FRAN>
    <GREC>157</GREC>
    <MFTV>157</MFTV>
    <PRGP>157</PRGP>
    <ROSN>157</ROSN>
    <SLOV>157</SLOV>
    <SVIZ>157</SVIZ>
    <MALT>157</MALT>
  </PrezziConvenzionali>
  <PrezziConvenzionali>
    <Data>20170214</Data>
    <Mercato>MGP</Mercato>
    <Ora>17</Ora>
    <CNOR>157</CNOR>
    <CSUD>157</CSUD>
    <NORD>157</NORD>
    <SARD>157</SARD>
    <SICI>157</SICI>
    <SUD>157</SUD>
    <AUST>157</AUST>
    <BRNN>157</BRNN>
    <COAC>157</COAC>
    <CORS>157</CORS>
    <FOGN>157</FOGN>
    <FRAN>157</FRAN>
    <GREC>157</GREC>
    <MFTV>157</MFTV>
    <PRGP>157</PRGP>
    <ROSN>157</ROSN>
    <SLOV>157</SLOV>
    <SVIZ>157</SVIZ>
    <MALT>157</MALT>
  </PrezziConvenzionali>
  <PrezziConvenzionali>
    <Data>20170214</Data>
    <Mercato>MGP</Mercato>
    <Ora>18</Ora>
    <CNOR>157</CNOR>
    <CSUD>157</CSUD>
    <NORD>157</NORD>
    <SARD>157</SARD>
    <SICI>157</SICI>
    <SUD>157</SUD>
    <AUST>157</AUST>
    <BRNN>157</BRNN>
    <COAC>157</COAC>
    <CORS>157</CORS>
    <FOGN>157</FOGN>
    <FRAN>157</FRAN>
    <GREC>157</GREC>
    <MFTV>157</MFTV>
    <PRGP>157</PRGP>
    <ROSN>157</ROSN>
    <SLOV>157</SLOV>
    <SVIZ>157</SVIZ>
    <MALT>157</MALT>
  </PrezziConvenzionali>
  <PrezziConvenzionali>
    <Data>20170214</Data>
    <Mercato>MGP</Mercato>
    <Ora>19</Ora>
    <CNOR>157</CNOR>
    <CSUD>157</CSUD>
    <NORD>157</NORD>
    <SARD>157</SARD>
    <SICI>157</SICI>
    <SUD>157</SUD>
    <AUST>157</AUST>
    <BRNN>157</BRNN>
    <COAC>157</COAC>
    <CORS>157</CORS>
    <FOGN>157</FOGN>
    <FRAN>157</FRAN>
    <GREC>157</GREC>
    <MFTV>157</MFTV>
    <PRGP>157</PRGP>
    <ROSN>157</ROSN>
    <SLOV>157</SLOV>
    <SVIZ>157</SVIZ>
    <MALT>157</MALT>
  </PrezziConvenzionali>
  <PrezziConvenzionali>
    <Data>20170214</Data>
    <Mercato>MGP</Mercato>
    <Ora>20</Ora>
    <CNOR>157</CNOR>
    <CSUD>157</CSUD>
    <NORD>157</NORD>
    <SARD>157</SARD>
    <SICI>157</SICI>
    <SUD>157</SUD>
    <AUST>157</AUST>
    <BRNN>157</BRNN>
    <COAC>157</COAC>
    <CORS>157</CORS>
    <FOGN>157</FOGN>
    <FRAN>157</FRAN>
    <GREC>157</GREC>
    <MFTV>157</MFTV>
    <PRGP>157</PRGP>
    <ROSN>157</ROSN>
    <SLOV>157</SLOV>
    <SVIZ>157</SVIZ>
    <MALT>157</MALT>
  </PrezziConvenzionali>
  <PrezziConvenzionali>
    <Data>20170214</Data>
    <Mercato>MGP</Mercato>
    <Ora>21</Ora>
    <CNOR>89</CNOR>
    <CSUD>89</CSUD>
    <NORD>89</NORD>
    <SARD>89</SARD>
    <SICI>89</SICI>
    <SUD>89</SUD>
    <AUST>89</AUST>
    <BRNN>89</BRNN>
    <COAC>89</COAC>
    <CORS>89</CORS>
    <FOGN>89</FOGN>
    <FRAN>89</FRAN>
    <GREC>89</GREC>
    <MFTV>89</MFTV>
    <PRGP>89</PRGP>
    <ROSN>89</ROSN>
    <SLOV>89</SLOV>
    <SVIZ>89</SVIZ>
    <MALT>89</MALT>
  </PrezziConvenzionali>
  <PrezziConvenzionali>
    <Data>20170214</Data>
    <Mercato>MGP</Mercato>
    <Ora>22</Ora>
    <CNOR>89</CNOR>
    <CSUD>89</CSUD>
    <NORD>89</NORD>
    <SARD>89</SARD>
    <SICI>89</SICI>
    <SUD>89</SUD>
    <AUST>89</AUST>
    <BRNN>89</BRNN>
    <COAC>89</COAC>
    <CORS>89</CORS>
    <FOGN>89</FOGN>
    <FRAN>89</FRAN>
    <GREC>89</GREC>
    <MFTV>89</MFTV>
    <PRGP>89</PRGP>
    <ROSN>89</ROSN>
    <SLOV>89</SLOV>
    <SVIZ>89</SVIZ>
    <MALT>89</MALT>
  </PrezziConvenzionali>
  <PrezziConvenzionali>
    <Data>20170214</Data>
    <Mercato>MGP</Mercato>
    <Ora>23</Ora>
    <CNOR>89</CNOR>
    <CSUD>89</CSUD>
    <NORD>89</NORD>
    <SARD>89</SARD>
    <SICI>89</SICI>
    <SUD>89</SUD>
    <AUST>89</AUST>
    <BRNN>89</BRNN>
    <COAC>89</COAC>
    <CORS>89</CORS>
    <FOGN>89</FOGN>
    <FRAN>89</FRAN>
    <GREC>89</GREC>
    <MFTV>89</MFTV>
    <PRGP>89</PRGP>
    <ROSN>89</ROSN>
    <SLOV>89</SLOV>
    <SVIZ>89</SVIZ>
    <MALT>89</MALT>
  </PrezziConvenzionali>
  <PrezziConvenzionali>
    <Data>20170214</Data>
    <Mercato>MGP</Mercato>
    <Ora>24</Ora>
    <CNOR>89</CNOR>
    <CSUD>89</CSUD>
    <NORD>89</NORD>
    <SARD>89</SARD>
    <SICI>89</SICI>
    <SUD>89</SUD>
    <AUST>89</AUST>
    <BRNN>89</BRNN>
    <COAC>89</COAC>
    <CORS>89</CORS>
    <FOGN>89</FOGN>
    <FRAN>89</FRAN>
    <GREC>89</GREC>
    <MFTV>89</MFTV>
    <PRGP>89</PRGP>
    <ROSN>89</ROSN>
    <SLOV>89</SLOV>
    <SVIZ>89</SVIZ>
    <MALT>89</MALT>
  </PrezziConvenzionali>
</NewDataSet>