<?xml version="1.0" standalone="yes"?>
<NewDataSet>
  <xs:schema id="NewDataSet" xmlns="" xmlns:xs="http://www.w3.org/2001/XMLSchema" xmlns:msdata="urn:schemas-microsoft-com:xml-msdata">
    <xs:element name="NewDataSet" msdata:IsDataSet="true" msdata:MainDataTable="PrezziConvenzionali" msdata:UseCurrentLocale="true">
      <xs:complexType>
        <xs:choice minOccurs="0" maxOccurs="unbounded">
          <xs:element name="PrezziConvenzionali">
            <xs:complexType>
              <xs:sequence>
                <xs:element name="Data" type="xs:string" minOccurs="0" />
                <xs:element name="Mercato" type="xs:string" minOccurs="0" />
                <xs:element name="Ora" type="xs:string" minOccurs="0" />
                <xs:element name="CNOR" type="xs:string" minOccurs="0" />
                <xs:element name="CSUD" type="xs:string" minOccurs="0" />
                <xs:element name="NORD" type="xs:string" minOccurs="0" />
                <xs:element name="SARD" type="xs:string" minOccurs="0" />
                <xs:element name="SICI" type="xs:string" minOccurs="0" />
                <xs:element name="SUD" type="xs:string" minOccurs="0" />
                <xs:element name="AUST" type="xs:string" minOccurs="0" />
                <xs:element name="BRNN" type="xs:string" minOccurs="0" />
                <xs:element name="COAC" type="xs:string" minOccurs="0" />
                <xs:element name="CORS" type="xs:string" minOccurs="0" />
                <xs:element name="FOGN" type="xs:string" minOccurs="0" />
                <xs:element name="FRAN" type="xs:string" minOccurs="0" />
                <xs:element name="GREC" type="xs:string" minOccurs="0" />
                <xs:element name="MFTV" type="xs:string" minOccurs="0" />
                <xs:element name="PRGP" type="xs:string" minOccurs="0" />
                <xs:element name="ROSN" type="xs:string" minOccurs="0" />
                <xs:element name="SLOV" type="xs:string" minOccurs="0" />
                <xs:element name="SVIZ" type="xs:string" minOccurs="0" />
                <xs:element name="BSP" type="xs:string" minOccurs="0" />
                <xs:element name="XAUS" type="xs:string" minOccurs="0" />
                <xs:element name="XFRA" type="xs:string" minOccurs="0" />
                <xs:element name="MALT" type="xs:string" minOccurs="0" />
              </xs:sequence>
            </xs:complexType>
          </xs:element>
        </xs:choice>
      </xs:complexType>
    </xs:element>
  </xs:schema>
  <PrezziConvenzionali>
    <Data>20170228</Data>
    <Mercato>MGP</Mercato>
    <Ora>01</Ora>
    <CNOR>72</CNOR>
    <CSUD>72</CSUD>
    <NORD>72</NORD>
    <SARD>72</SARD>
    <SICI>72</SICI>
    <SUD>72</SUD>
    <AUST>72</AUST>
    <BRNN>72</BRNN>
    <COAC>72</COAC>
    <CORS>72</CORS>
    <FOGN>72</FOGN>
    <FRAN>72</FRAN>
    <GREC>72</GREC>
    <MFTV>72</MFTV>
    <PRGP>72</PRGP>
    <ROSN>72</ROSN>
    <SLOV>72</SLOV>
    <SVIZ>72</SVIZ>
    <MALT>72</MALT>
  </PrezziConvenzionali>
  <PrezziConvenzionali>
    <Data>20170228</Data>
    <Mercato>MGP</Mercato>
    <Ora>02</Ora>
    <CNOR>72</CNOR>
    <CSUD>72</CSUD>
    <NORD>72</NORD>
    <SARD>72</SARD>
    <SICI>72</SICI>
    <SUD>72</SUD>
    <AUST>72</AUST>
    <BRNN>72</BRNN>
    <COAC>72</COAC>
    <CORS>72</CORS>
    <FOGN>72</FOGN>
    <FRAN>72</FRAN>
    <GREC>72</GREC>
    <MFTV>72</MFTV>
    <PRGP>72</PRGP>
    <ROSN>72</ROSN>
    <SLOV>72</SLOV>
    <SVIZ>72</SVIZ>
    <MALT>72</MALT>
  </PrezziConvenzionali>
  <PrezziConvenzionali>
    <Data>20170228</Data>
    <Mercato>MGP</Mercato>
    <Ora>03</Ora>
    <CNOR>72</CNOR>
    <CSUD>72</CSUD>
    <NORD>72</NORD>
    <SARD>72</SARD>
    <SICI>72</SICI>
    <SUD>72</SUD>
    <AUST>72</AUST>
    <BRNN>72</BRNN>
    <COAC>72</COAC>
    <CORS>72</CORS>
    <FOGN>72</FOGN>
    <FRAN>72</FRAN>
    <GREC>72</GREC>
    <MFTV>72</MFTV>
    <PRGP>72</PRGP>
    <ROSN>72</ROSN>
    <SLOV>72</SLOV>
    <SVIZ>72</SVIZ>
    <MALT>72</MALT>
  </PrezziConvenzionali>
  <PrezziConvenzionali>
    <Data>20170228</Data>
    <Mercato>MGP</Mercato>
    <Ora>04</Ora>
    <CNOR>72</CNOR>
    <CSUD>72</CSUD>
    <NORD>72</NORD>
    <SARD>72</SARD>
    <SICI>72</SICI>
    <SUD>72</SUD>
    <AUST>72</AUST>
    <BRNN>72</BRNN>
    <COAC>72</COAC>
    <CORS>72</CORS>
    <FOGN>72</FOGN>
    <FRAN>72</FRAN>
    <GREC>72</GREC>
    <MFTV>72</MFTV>
    <PRGP>72</PRGP>
    <ROSN>72</ROSN>
    <SLOV>72</SLOV>
    <SVIZ>72</SVIZ>
    <MALT>72</MALT>
  </PrezziConvenzionali>
  <PrezziConvenzionali>
    <Data>20170228</Data>
    <Mercato>MGP</Mercato>
    <Ora>05</Ora>
    <CNOR>72</CNOR>
    <CSUD>72</CSUD>
    <NORD>72</NORD>
    <SARD>72</SARD>
    <SICI>72</SICI>
    <SUD>72</SUD>
    <AUST>72</AUST>
    <BRNN>72</BRNN>
    <COAC>72</COAC>
    <CORS>72</CORS>
    <FOGN>72</FOGN>
    <FRAN>72</FRAN>
    <GREC>72</GREC>
    <MFTV>72</MFTV>
    <PRGP>72</PRGP>
    <ROSN>72</ROSN>
    <SLOV>72</SLOV>
    <SVIZ>72</SVIZ>
    <MALT>72</MALT>
  </PrezziConvenzionali>
  <PrezziConvenzionali>
    <Data>20170228</Data>
    <Mercato>MGP</Mercato>
    <Ora>06</Ora>
    <CNOR>72</CNOR>
    <CSUD>72</CSUD>
    <NORD>72</NORD>
    <SARD>72</SARD>
    <SICI>72</SICI>
    <SUD>72</SUD>
    <AUST>72</AUST>
    <BRNN>72</BRNN>
    <COAC>72</COAC>
    <CORS>72</CORS>
    <FOGN>72</FOGN>
    <FRAN>72</FRAN>
    <GREC>72</GREC>
    <MFTV>72</MFTV>
    <PRGP>72</PRGP>
    <ROSN>72</ROSN>
    <SLOV>72</SLOV>
    <SVIZ>72</SVIZ>
    <MALT>72</MALT>
  </PrezziConvenzionali>
  <PrezziConvenzionali>
    <Data>20170228</Data>
    <Mercato>MGP</Mercato>
    <Ora>07</Ora>
    <CNOR>72</CNOR>
    <CSUD>72</CSUD>
    <NORD>72</NORD>
    <SARD>72</SARD>
    <SICI>72</SICI>
    <SUD>72</SUD>
    <AUST>72</AUST>
    <BRNN>72</BRNN>
    <COAC>72</COAC>
    <CORS>72</CORS>
    <FOGN>72</FOGN>
    <FRAN>72</FRAN>
    <GREC>72</GREC>
    <MFTV>72</MFTV>
    <PRGP>72</PRGP>
    <ROSN>72</ROSN>
    <SLOV>72</SLOV>
    <SVIZ>72</SVIZ>
    <MALT>72</MALT>
  </PrezziConvenzionali>
  <PrezziConvenzionali>
    <Data>20170228</Data>
    <Mercato>MGP</Mercato>
    <Ora>08</Ora>
    <CNOR>72</CNOR>
    <CSUD>72</CSUD>
    <NORD>72</NORD>
    <SARD>72</SARD>
    <SICI>72</SICI>
    <SUD>72</SUD>
    <AUST>72</AUST>
    <BRNN>72</BRNN>
    <COAC>72</COAC>
    <CORS>72</CORS>
    <FOGN>72</FOGN>
    <FRAN>72</FRAN>
    <GREC>72</GREC>
    <MFTV>72</MFTV>
    <PRGP>72</PRGP>
    <ROSN>72</ROSN>
    <SLOV>72</SLOV>
    <SVIZ>72</SVIZ>
    <MALT>72</MALT>
  </PrezziConvenzionali>
  <PrezziConvenzionali>
    <Data>20170228</Data>
    <Mercato>MGP</Mercato>
    <Ora>09</Ora>
    <CNOR>119</CNOR>
    <CSUD>119</CSUD>
    <NORD>119</NORD>
    <SARD>119</SARD>
    <SICI>119</SICI>
    <SUD>119</SUD>
    <AUST>119</AUST>
    <BRNN>119</BRNN>
    <COAC>119</COAC>
    <CORS>119</CORS>
    <FOGN>119</FOGN>
    <FRAN>119</FRAN>
    <GREC>119</GREC>
    <MFTV>119</MFTV>
    <PRGP>119</PRGP>
    <ROSN>119</ROSN>
    <SLOV>119</SLOV>
    <SVIZ>119</SVIZ>
    <MALT>119</MALT>
  </PrezziConvenzionali>
  <PrezziConvenzionali>
    <Data>20170228</Data>
    <Mercato>MGP</Mercato>
    <Ora>10</Ora>
    <CNOR>119</CNOR>
    <CSUD>119</CSUD>
    <NORD>119</NORD>
    <SARD>119</SARD>
    <SICI>119</SICI>
    <SUD>119</SUD>
    <AUST>119</AUST>
    <BRNN>119</BRNN>
    <COAC>119</COAC>
    <CORS>119</CORS>
    <FOGN>119</FOGN>
    <FRAN>119</FRAN>
    <GREC>119</GREC>
    <MFTV>119</MFTV>
    <PRGP>119</PRGP>
    <ROSN>119</ROSN>
    <SLOV>119</SLOV>
    <SVIZ>119</SVIZ>
    <MALT>119</MALT>
  </PrezziConvenzionali>
  <PrezziConvenzionali>
    <Data>20170228</Data>
    <Mercato>MGP</Mercato>
    <Ora>11</Ora>
    <CNOR>119</CNOR>
    <CSUD>119</CSUD>
    <NORD>119</NORD>
    <SARD>119</SARD>
    <SICI>119</SICI>
    <SUD>119</SUD>
    <AUST>119</AUST>
    <BRNN>119</BRNN>
    <COAC>119</COAC>
    <CORS>119</CORS>
    <FOGN>119</FOGN>
    <FRAN>119</FRAN>
    <GREC>119</GREC>
    <MFTV>119</MFTV>
    <PRGP>119</PRGP>
    <ROSN>119</ROSN>
    <SLOV>119</SLOV>
    <SVIZ>119</SVIZ>
    <MALT>119</MALT>
  </PrezziConvenzionali>
  <PrezziConvenzionali>
    <Data>20170228</Data>
    <Mercato>MGP</Mercato>
    <Ora>12</Ora>
    <CNOR>119</CNOR>
    <CSUD>119</CSUD>
    <NORD>119</NORD>
    <SARD>119</SARD>
    <SICI>119</SICI>
    <SUD>119</SUD>
    <AUST>119</AUST>
    <BRNN>119</BRNN>
    <COAC>119</COAC>
    <CORS>119</CORS>
    <FOGN>119</FOGN>
    <FRAN>119</FRAN>
    <GREC>119</GREC>
    <MFTV>119</MFTV>
    <PRGP>119</PRGP>
    <ROSN>119</ROSN>
    <SLOV>119</SLOV>
    <SVIZ>119</SVIZ>
    <MALT>119</MALT>
  </PrezziConvenzionali>
  <PrezziConvenzionali>
    <Data>20170228</Data>
    <Mercato>MGP</Mercato>
    <Ora>13</Ora>
    <CNOR>119</CNOR>
    <CSUD>119</CSUD>
    <NORD>119</NORD>
    <SARD>119</SARD>
    <SICI>119</SICI>
    <SUD>119</SUD>
    <AUST>119</AUST>
    <BRNN>119</BRNN>
    <COAC>119</COAC>
    <CORS>119</CORS>
    <FOGN>119</FOGN>
    <FRAN>119</FRAN>
    <GREC>119</GREC>
    <MFTV>119</MFTV>
    <PRGP>119</PRGP>
    <ROSN>119</ROSN>
    <SLOV>119</SLOV>
    <SVIZ>119</SVIZ>
    <MALT>119</MALT>
  </PrezziConvenzionali>
  <PrezziConvenzionali>
    <Data>20170228</Data>
    <Mercato>MGP</Mercato>
    <Ora>14</Ora>
    <CNOR>119</CNOR>
    <CSUD>119</CSUD>
    <NORD>119</NORD>
    <SARD>119</SARD>
    <SICI>119</SICI>
    <SUD>119</SUD>
    <AUST>119</AUST>
    <BRNN>119</BRNN>
    <COAC>119</COAC>
    <CORS>119</CORS>
    <FOGN>119</FOGN>
    <FRAN>119</FRAN>
    <GREC>119</GREC>
    <MFTV>119</MFTV>
    <PRGP>119</PRGP>
    <ROSN>119</ROSN>
    <SLOV>119</SLOV>
    <SVIZ>119</SVIZ>
    <MALT>119</MALT>
  </PrezziConvenzionali>
  <PrezziConvenzionali>
    <Data>20170228</Data>
    <Mercato>MGP</Mercato>
    <Ora>15</Ora>
    <CNOR>119</CNOR>
    <CSUD>119</CSUD>
    <NORD>119</NORD>
    <SARD>119</SARD>
    <SICI>119</SICI>
    <SUD>119</SUD>
    <AUST>119</AUST>
    <BRNN>119</BRNN>
    <COAC>119</COAC>
    <CORS>119</CORS>
    <FOGN>119</FOGN>
    <FRAN>119</FRAN>
    <GREC>119</GREC>
    <MFTV>119</MFTV>
    <PRGP>119</PRGP>
    <ROSN>119</ROSN>
    <SLOV>119</SLOV>
    <SVIZ>119</SVIZ>
    <MALT>119</MALT>
  </PrezziConvenzionali>
  <PrezziConvenzionali>
    <Data>20170228</Data>
    <Mercato>MGP</Mercato>
    <Ora>16</Ora>
    <CNOR>119</CNOR>
    <CSUD>119</CSUD>
    <NORD>119</NORD>
    <SARD>119</SARD>
    <SICI>119</SICI>
    <SUD>119</SUD>
    <AUST>119</AUST>
    <BRNN>119</BRNN>
    <COAC>119</COAC>
    <CORS>119</CORS>
    <FOGN>119</FOGN>
    <FRAN>119</FRAN>
    <GREC>119</GREC>
    <MFTV>119</MFTV>
    <PRGP>119</PRGP>
    <ROSN>119</ROSN>
    <SLOV>119</SLOV>
    <SVIZ>119</SVIZ>
    <MALT>119</MALT>
  </PrezziConvenzionali>
  <PrezziConvenzionali>
    <Data>20170228</Data>
    <Mercato>MGP</Mercato>
    <Ora>17</Ora>
    <CNOR>119</CNOR>
    <CSUD>119</CSUD>
    <NORD>119</NORD>
    <SARD>119</SARD>
    <SICI>119</SICI>
    <SUD>119</SUD>
    <AUST>119</AUST>
    <BRNN>119</BRNN>
    <COAC>119</COAC>
    <CORS>119</CORS>
    <FOGN>119</FOGN>
    <FRAN>119</FRAN>
    <GREC>119</GREC>
    <MFTV>119</MFTV>
    <PRGP>119</PRGP>
    <ROSN>119</ROSN>
    <SLOV>119</SLOV>
    <SVIZ>119</SVIZ>
    <MALT>119</MALT>
  </PrezziConvenzionali>
  <PrezziConvenzionali>
    <Data>20170228</Data>
    <Mercato>MGP</Mercato>
    <Ora>18</Ora>
    <CNOR>119</CNOR>
    <CSUD>119</CSUD>
    <NORD>119</NORD>
    <SARD>119</SARD>
    <SICI>119</SICI>
    <SUD>119</SUD>
    <AUST>119</AUST>
    <BRNN>119</BRNN>
    <COAC>119</COAC>
    <CORS>119</CORS>
    <FOGN>119</FOGN>
    <FRAN>119</FRAN>
    <GREC>119</GREC>
    <MFTV>119</MFTV>
    <PRGP>119</PRGP>
    <ROSN>119</ROSN>
    <SLOV>119</SLOV>
    <SVIZ>119</SVIZ>
    <MALT>119</MALT>
  </PrezziConvenzionali>
  <PrezziConvenzionali>
    <Data>20170228</Data>
    <Mercato>MGP</Mercato>
    <Ora>19</Ora>
    <CNOR>119</CNOR>
    <CSUD>119</CSUD>
    <NORD>119</NORD>
    <SARD>119</SARD>
    <SICI>119</SICI>
    <SUD>119</SUD>
    <AUST>119</AUST>
    <BRNN>119</BRNN>
    <COAC>119</COAC>
    <CORS>119</CORS>
    <FOGN>119</FOGN>
    <FRAN>119</FRAN>
    <GREC>119</GREC>
    <MFTV>119</MFTV>
    <PRGP>119</PRGP>
    <ROSN>119</ROSN>
    <SLOV>119</SLOV>
    <SVIZ>119</SVIZ>
    <MALT>119</MALT>
  </PrezziConvenzionali>
  <PrezziConvenzionali>
    <Data>20170228</Data>
    <Mercato>MGP</Mercato>
    <Ora>20</Ora>
    <CNOR>119</CNOR>
    <CSUD>119</CSUD>
    <NORD>119</NORD>
    <SARD>119</SARD>
    <SICI>119</SICI>
    <SUD>119</SUD>
    <AUST>119</AUST>
    <BRNN>119</BRNN>
    <COAC>119</COAC>
    <CORS>119</CORS>
    <FOGN>119</FOGN>
    <FRAN>119</FRAN>
    <GREC>119</GREC>
    <MFTV>119</MFTV>
    <PRGP>119</PRGP>
    <ROSN>119</ROSN>
    <SLOV>119</SLOV>
    <SVIZ>119</SVIZ>
    <MALT>119</MALT>
  </PrezziConvenzionali>
  <PrezziConvenzionali>
    <Data>20170228</Data>
    <Mercato>MGP</Mercato>
    <Ora>21</Ora>
    <CNOR>72</CNOR>
    <CSUD>72</CSUD>
    <NORD>72</NORD>
    <SARD>72</SARD>
    <SICI>72</SICI>
    <SUD>72</SUD>
    <AUST>72</AUST>
    <BRNN>72</BRNN>
    <COAC>72</COAC>
    <CORS>72</CORS>
    <FOGN>72</FOGN>
    <FRAN>72</FRAN>
    <GREC>72</GREC>
    <MFTV>72</MFTV>
    <PRGP>72</PRGP>
    <ROSN>72</ROSN>
    <SLOV>72</SLOV>
    <SVIZ>72</SVIZ>
    <MALT>72</MALT>
  </PrezziConvenzionali>
  <PrezziConvenzionali>
    <Data>20170228</Data>
    <Mercato>MGP</Mercato>
    <Ora>22</Ora>
    <CNOR>72</CNOR>
    <CSUD>72</CSUD>
    <NORD>72</NORD>
    <SARD>72</SARD>
    <SICI>72</SICI>
    <SUD>72</SUD>
    <AUST>72</AUST>
    <BRNN>72</BRNN>
    <COAC>72</COAC>
    <CORS>72</CORS>
    <FOGN>72</FOGN>
    <FRAN>72</FRAN>
    <GREC>72</GREC>
    <MFTV>72</MFTV>
    <PRGP>72</PRGP>
    <ROSN>72</ROSN>
    <SLOV>72</SLOV>
    <SVIZ>72</SVIZ>
    <MALT>72</MALT>
  </PrezziConvenzionali>
  <PrezziConvenzionali>
    <Data>20170228</Data>
    <Mercato>MGP</Mercato>
    <Ora>23</Ora>
    <CNOR>72</CNOR>
    <CSUD>72</CSUD>
    <NORD>72</NORD>
    <SARD>72</SARD>
    <SICI>72</SICI>
    <SUD>72</SUD>
    <AUST>72</AUST>
    <BRNN>72</BRNN>
    <COAC>72</COAC>
    <CORS>72</CORS>
    <FOGN>72</FOGN>
    <FRAN>72</FRAN>
    <GREC>72</GREC>
    <MFTV>72</MFTV>
    <PRGP>72</PRGP>
    <ROSN>72</ROSN>
    <SLOV>72</SLOV>
    <SVIZ>72</SVIZ>
    <MALT>72</MALT>
  </PrezziConvenzionali>
  <PrezziConvenzionali>
    <Data>20170228</Data>
    <Mercato>MGP</Mercato>
    <Ora>24</Ora>
    <CNOR>72</CNOR>
    <CSUD>72</CSUD>
    <NORD>72</NORD>
    <SARD>72</SARD>
    <SICI>72</SICI>
    <SUD>72</SUD>
    <AUST>72</AUST>
    <BRNN>72</BRNN>
    <COAC>72</COAC>
    <CORS>72</CORS>
    <FOGN>72</FOGN>
    <FRAN>72</FRAN>
    <GREC>72</GREC>
    <MFTV>72</MFTV>
    <PRGP>72</PRGP>
    <ROSN>72</ROSN>
    <SLOV>72</SLOV>
    <SVIZ>72</SVIZ>
    <MALT>72</MALT>
  </PrezziConvenzionali>
</NewDataSet>