<?xml version="1.0" standalone="yes"?>
<NewDataSet>
  <xs:schema id="NewDataSet" xmlns="" xmlns:xs="http://www.w3.org/2001/XMLSchema" xmlns:msdata="urn:schemas-microsoft-com:xml-msdata">
    <xs:element name="NewDataSet" msdata:IsDataSet="true" msdata:MainDataTable="PrezziConvenzionali" msdata:UseCurrentLocale="true">
      <xs:complexType>
        <xs:choice minOccurs="0" maxOccurs="unbounded">
          <xs:element name="PrezziConvenzionali">
            <xs:complexType>
              <xs:sequence>
                <xs:element name="Data" type="xs:string" minOccurs="0" />
                <xs:element name="Mercato" type="xs:string" minOccurs="0" />
                <xs:element name="Ora" type="xs:string" minOccurs="0" />
                <xs:element name="CNOR" type="xs:string" minOccurs="0" />
                <xs:element name="CSUD" type="xs:string" minOccurs="0" />
                <xs:element name="NORD" type="xs:string" minOccurs="0" />
                <xs:element name="SARD" type="xs:string" minOccurs="0" />
                <xs:element name="SICI" type="xs:string" minOccurs="0" />
                <xs:element name="SUD" type="xs:string" minOccurs="0" />
                <xs:element name="AUST" type="xs:string" minOccurs="0" />
                <xs:element name="BRNN" type="xs:string" minOccurs="0" />
                <xs:element name="COAC" type="xs:string" minOccurs="0" />
                <xs:element name="CORS" type="xs:string" minOccurs="0" />
                <xs:element name="FOGN" type="xs:string" minOccurs="0" />
                <xs:element name="FRAN" type="xs:string" minOccurs="0" />
                <xs:element name="GREC" type="xs:string" minOccurs="0" />
                <xs:element name="MFTV" type="xs:string" minOccurs="0" />
                <xs:element name="PRGP" type="xs:string" minOccurs="0" />
                <xs:element name="ROSN" type="xs:string" minOccurs="0" />
                <xs:element name="SLOV" type="xs:string" minOccurs="0" />
                <xs:element name="SVIZ" type="xs:string" minOccurs="0" />
                <xs:element name="BSP" type="xs:string" minOccurs="0" />
                <xs:element name="XAUS" type="xs:string" minOccurs="0" />
                <xs:element name="XFRA" type="xs:string" minOccurs="0" />
                <xs:element name="MALT" type="xs:string" minOccurs="0" />
              </xs:sequence>
            </xs:complexType>
          </xs:element>
        </xs:choice>
      </xs:complexType>
    </xs:element>
  </xs:schema>
  <PrezziConvenzionali>
    <Data>20170208</Data>
    <Mercato>MGP</Mercato>
    <Ora>01</Ora>
    <CNOR>94</CNOR>
    <CSUD>94</CSUD>
    <NORD>94</NORD>
    <SARD>94</SARD>
    <SICI>94</SICI>
    <SUD>94</SUD>
    <AUST>94</AUST>
    <BRNN>94</BRNN>
    <COAC>94</COAC>
    <CORS>94</CORS>
    <FOGN>94</FOGN>
    <FRAN>94</FRAN>
    <GREC>94</GREC>
    <MFTV>94</MFTV>
    <PRGP>94</PRGP>
    <ROSN>94</ROSN>
    <SLOV>94</SLOV>
    <SVIZ>94</SVIZ>
    <MALT>94</MALT>
  </PrezziConvenzionali>
  <PrezziConvenzionali>
    <Data>20170208</Data>
    <Mercato>MGP</Mercato>
    <Ora>02</Ora>
    <CNOR>94</CNOR>
    <CSUD>94</CSUD>
    <NORD>94</NORD>
    <SARD>94</SARD>
    <SICI>94</SICI>
    <SUD>94</SUD>
    <AUST>94</AUST>
    <BRNN>94</BRNN>
    <COAC>94</COAC>
    <CORS>94</CORS>
    <FOGN>94</FOGN>
    <FRAN>94</FRAN>
    <GREC>94</GREC>
    <MFTV>94</MFTV>
    <PRGP>94</PRGP>
    <ROSN>94</ROSN>
    <SLOV>94</SLOV>
    <SVIZ>94</SVIZ>
    <MALT>94</MALT>
  </PrezziConvenzionali>
  <PrezziConvenzionali>
    <Data>20170208</Data>
    <Mercato>MGP</Mercato>
    <Ora>03</Ora>
    <CNOR>94</CNOR>
    <CSUD>94</CSUD>
    <NORD>94</NORD>
    <SARD>94</SARD>
    <SICI>94</SICI>
    <SUD>94</SUD>
    <AUST>94</AUST>
    <BRNN>94</BRNN>
    <COAC>94</COAC>
    <CORS>94</CORS>
    <FOGN>94</FOGN>
    <FRAN>94</FRAN>
    <GREC>94</GREC>
    <MFTV>94</MFTV>
    <PRGP>94</PRGP>
    <ROSN>94</ROSN>
    <SLOV>94</SLOV>
    <SVIZ>94</SVIZ>
    <MALT>94</MALT>
  </PrezziConvenzionali>
  <PrezziConvenzionali>
    <Data>20170208</Data>
    <Mercato>MGP</Mercato>
    <Ora>04</Ora>
    <CNOR>94</CNOR>
    <CSUD>94</CSUD>
    <NORD>94</NORD>
    <SARD>94</SARD>
    <SICI>94</SICI>
    <SUD>94</SUD>
    <AUST>94</AUST>
    <BRNN>94</BRNN>
    <COAC>94</COAC>
    <CORS>94</CORS>
    <FOGN>94</FOGN>
    <FRAN>94</FRAN>
    <GREC>94</GREC>
    <MFTV>94</MFTV>
    <PRGP>94</PRGP>
    <ROSN>94</ROSN>
    <SLOV>94</SLOV>
    <SVIZ>94</SVIZ>
    <MALT>94</MALT>
  </PrezziConvenzionali>
  <PrezziConvenzionali>
    <Data>20170208</Data>
    <Mercato>MGP</Mercato>
    <Ora>05</Ora>
    <CNOR>94</CNOR>
    <CSUD>94</CSUD>
    <NORD>94</NORD>
    <SARD>94</SARD>
    <SICI>94</SICI>
    <SUD>94</SUD>
    <AUST>94</AUST>
    <BRNN>94</BRNN>
    <COAC>94</COAC>
    <CORS>94</CORS>
    <FOGN>94</FOGN>
    <FRAN>94</FRAN>
    <GREC>94</GREC>
    <MFTV>94</MFTV>
    <PRGP>94</PRGP>
    <ROSN>94</ROSN>
    <SLOV>94</SLOV>
    <SVIZ>94</SVIZ>
    <MALT>94</MALT>
  </PrezziConvenzionali>
  <PrezziConvenzionali>
    <Data>20170208</Data>
    <Mercato>MGP</Mercato>
    <Ora>06</Ora>
    <CNOR>94</CNOR>
    <CSUD>94</CSUD>
    <NORD>94</NORD>
    <SARD>94</SARD>
    <SICI>94</SICI>
    <SUD>94</SUD>
    <AUST>94</AUST>
    <BRNN>94</BRNN>
    <COAC>94</COAC>
    <CORS>94</CORS>
    <FOGN>94</FOGN>
    <FRAN>94</FRAN>
    <GREC>94</GREC>
    <MFTV>94</MFTV>
    <PRGP>94</PRGP>
    <ROSN>94</ROSN>
    <SLOV>94</SLOV>
    <SVIZ>94</SVIZ>
    <MALT>94</MALT>
  </PrezziConvenzionali>
  <PrezziConvenzionali>
    <Data>20170208</Data>
    <Mercato>MGP</Mercato>
    <Ora>07</Ora>
    <CNOR>94</CNOR>
    <CSUD>94</CSUD>
    <NORD>94</NORD>
    <SARD>94</SARD>
    <SICI>94</SICI>
    <SUD>94</SUD>
    <AUST>94</AUST>
    <BRNN>94</BRNN>
    <COAC>94</COAC>
    <CORS>94</CORS>
    <FOGN>94</FOGN>
    <FRAN>94</FRAN>
    <GREC>94</GREC>
    <MFTV>94</MFTV>
    <PRGP>94</PRGP>
    <ROSN>94</ROSN>
    <SLOV>94</SLOV>
    <SVIZ>94</SVIZ>
    <MALT>94</MALT>
  </PrezziConvenzionali>
  <PrezziConvenzionali>
    <Data>20170208</Data>
    <Mercato>MGP</Mercato>
    <Ora>08</Ora>
    <CNOR>94</CNOR>
    <CSUD>94</CSUD>
    <NORD>94</NORD>
    <SARD>94</SARD>
    <SICI>94</SICI>
    <SUD>94</SUD>
    <AUST>94</AUST>
    <BRNN>94</BRNN>
    <COAC>94</COAC>
    <CORS>94</CORS>
    <FOGN>94</FOGN>
    <FRAN>94</FRAN>
    <GREC>94</GREC>
    <MFTV>94</MFTV>
    <PRGP>94</PRGP>
    <ROSN>94</ROSN>
    <SLOV>94</SLOV>
    <SVIZ>94</SVIZ>
    <MALT>94</MALT>
  </PrezziConvenzionali>
  <PrezziConvenzionali>
    <Data>20170208</Data>
    <Mercato>MGP</Mercato>
    <Ora>09</Ora>
    <CNOR>165</CNOR>
    <CSUD>165</CSUD>
    <NORD>165</NORD>
    <SARD>165</SARD>
    <SICI>165</SICI>
    <SUD>165</SUD>
    <AUST>165</AUST>
    <BRNN>165</BRNN>
    <COAC>165</COAC>
    <CORS>165</CORS>
    <FOGN>165</FOGN>
    <FRAN>165</FRAN>
    <GREC>165</GREC>
    <MFTV>165</MFTV>
    <PRGP>165</PRGP>
    <ROSN>165</ROSN>
    <SLOV>165</SLOV>
    <SVIZ>165</SVIZ>
    <MALT>165</MALT>
  </PrezziConvenzionali>
  <PrezziConvenzionali>
    <Data>20170208</Data>
    <Mercato>MGP</Mercato>
    <Ora>10</Ora>
    <CNOR>165</CNOR>
    <CSUD>165</CSUD>
    <NORD>165</NORD>
    <SARD>165</SARD>
    <SICI>165</SICI>
    <SUD>165</SUD>
    <AUST>165</AUST>
    <BRNN>165</BRNN>
    <COAC>165</COAC>
    <CORS>165</CORS>
    <FOGN>165</FOGN>
    <FRAN>165</FRAN>
    <GREC>165</GREC>
    <MFTV>165</MFTV>
    <PRGP>165</PRGP>
    <ROSN>165</ROSN>
    <SLOV>165</SLOV>
    <SVIZ>165</SVIZ>
    <MALT>165</MALT>
  </PrezziConvenzionali>
  <PrezziConvenzionali>
    <Data>20170208</Data>
    <Mercato>MGP</Mercato>
    <Ora>11</Ora>
    <CNOR>165</CNOR>
    <CSUD>165</CSUD>
    <NORD>165</NORD>
    <SARD>165</SARD>
    <SICI>165</SICI>
    <SUD>165</SUD>
    <AUST>165</AUST>
    <BRNN>165</BRNN>
    <COAC>165</COAC>
    <CORS>165</CORS>
    <FOGN>165</FOGN>
    <FRAN>165</FRAN>
    <GREC>165</GREC>
    <MFTV>165</MFTV>
    <PRGP>165</PRGP>
    <ROSN>165</ROSN>
    <SLOV>165</SLOV>
    <SVIZ>165</SVIZ>
    <MALT>165</MALT>
  </PrezziConvenzionali>
  <PrezziConvenzionali>
    <Data>20170208</Data>
    <Mercato>MGP</Mercato>
    <Ora>12</Ora>
    <CNOR>165</CNOR>
    <CSUD>165</CSUD>
    <NORD>165</NORD>
    <SARD>165</SARD>
    <SICI>165</SICI>
    <SUD>165</SUD>
    <AUST>165</AUST>
    <BRNN>165</BRNN>
    <COAC>165</COAC>
    <CORS>165</CORS>
    <FOGN>165</FOGN>
    <FRAN>165</FRAN>
    <GREC>165</GREC>
    <MFTV>165</MFTV>
    <PRGP>165</PRGP>
    <ROSN>165</ROSN>
    <SLOV>165</SLOV>
    <SVIZ>165</SVIZ>
    <MALT>165</MALT>
  </PrezziConvenzionali>
  <PrezziConvenzionali>
    <Data>20170208</Data>
    <Mercato>MGP</Mercato>
    <Ora>13</Ora>
    <CNOR>165</CNOR>
    <CSUD>165</CSUD>
    <NORD>165</NORD>
    <SARD>165</SARD>
    <SICI>165</SICI>
    <SUD>165</SUD>
    <AUST>165</AUST>
    <BRNN>165</BRNN>
    <COAC>165</COAC>
    <CORS>165</CORS>
    <FOGN>165</FOGN>
    <FRAN>165</FRAN>
    <GREC>165</GREC>
    <MFTV>165</MFTV>
    <PRGP>165</PRGP>
    <ROSN>165</ROSN>
    <SLOV>165</SLOV>
    <SVIZ>165</SVIZ>
    <MALT>165</MALT>
  </PrezziConvenzionali>
  <PrezziConvenzionali>
    <Data>20170208</Data>
    <Mercato>MGP</Mercato>
    <Ora>14</Ora>
    <CNOR>165</CNOR>
    <CSUD>165</CSUD>
    <NORD>165</NORD>
    <SARD>165</SARD>
    <SICI>165</SICI>
    <SUD>165</SUD>
    <AUST>165</AUST>
    <BRNN>165</BRNN>
    <COAC>165</COAC>
    <CORS>165</CORS>
    <FOGN>165</FOGN>
    <FRAN>165</FRAN>
    <GREC>165</GREC>
    <MFTV>165</MFTV>
    <PRGP>165</PRGP>
    <ROSN>165</ROSN>
    <SLOV>165</SLOV>
    <SVIZ>165</SVIZ>
    <MALT>165</MALT>
  </PrezziConvenzionali>
  <PrezziConvenzionali>
    <Data>20170208</Data>
    <Mercato>MGP</Mercato>
    <Ora>15</Ora>
    <CNOR>165</CNOR>
    <CSUD>165</CSUD>
    <NORD>165</NORD>
    <SARD>165</SARD>
    <SICI>165</SICI>
    <SUD>165</SUD>
    <AUST>165</AUST>
    <BRNN>165</BRNN>
    <COAC>165</COAC>
    <CORS>165</CORS>
    <FOGN>165</FOGN>
    <FRAN>165</FRAN>
    <GREC>165</GREC>
    <MFTV>165</MFTV>
    <PRGP>165</PRGP>
    <ROSN>165</ROSN>
    <SLOV>165</SLOV>
    <SVIZ>165</SVIZ>
    <MALT>165</MALT>
  </PrezziConvenzionali>
  <PrezziConvenzionali>
    <Data>20170208</Data>
    <Mercato>MGP</Mercato>
    <Ora>16</Ora>
    <CNOR>165</CNOR>
    <CSUD>165</CSUD>
    <NORD>165</NORD>
    <SARD>165</SARD>
    <SICI>165</SICI>
    <SUD>165</SUD>
    <AUST>165</AUST>
    <BRNN>165</BRNN>
    <COAC>165</COAC>
    <CORS>165</CORS>
    <FOGN>165</FOGN>
    <FRAN>165</FRAN>
    <GREC>165</GREC>
    <MFTV>165</MFTV>
    <PRGP>165</PRGP>
    <ROSN>165</ROSN>
    <SLOV>165</SLOV>
    <SVIZ>165</SVIZ>
    <MALT>165</MALT>
  </PrezziConvenzionali>
  <PrezziConvenzionali>
    <Data>20170208</Data>
    <Mercato>MGP</Mercato>
    <Ora>17</Ora>
    <CNOR>165</CNOR>
    <CSUD>165</CSUD>
    <NORD>165</NORD>
    <SARD>165</SARD>
    <SICI>165</SICI>
    <SUD>165</SUD>
    <AUST>165</AUST>
    <BRNN>165</BRNN>
    <COAC>165</COAC>
    <CORS>165</CORS>
    <FOGN>165</FOGN>
    <FRAN>165</FRAN>
    <GREC>165</GREC>
    <MFTV>165</MFTV>
    <PRGP>165</PRGP>
    <ROSN>165</ROSN>
    <SLOV>165</SLOV>
    <SVIZ>165</SVIZ>
    <MALT>165</MALT>
  </PrezziConvenzionali>
  <PrezziConvenzionali>
    <Data>20170208</Data>
    <Mercato>MGP</Mercato>
    <Ora>18</Ora>
    <CNOR>165</CNOR>
    <CSUD>165</CSUD>
    <NORD>165</NORD>
    <SARD>165</SARD>
    <SICI>165</SICI>
    <SUD>165</SUD>
    <AUST>165</AUST>
    <BRNN>165</BRNN>
    <COAC>165</COAC>
    <CORS>165</CORS>
    <FOGN>165</FOGN>
    <FRAN>165</FRAN>
    <GREC>165</GREC>
    <MFTV>165</MFTV>
    <PRGP>165</PRGP>
    <ROSN>165</ROSN>
    <SLOV>165</SLOV>
    <SVIZ>165</SVIZ>
    <MALT>165</MALT>
  </PrezziConvenzionali>
  <PrezziConvenzionali>
    <Data>20170208</Data>
    <Mercato>MGP</Mercato>
    <Ora>19</Ora>
    <CNOR>165</CNOR>
    <CSUD>165</CSUD>
    <NORD>165</NORD>
    <SARD>165</SARD>
    <SICI>165</SICI>
    <SUD>165</SUD>
    <AUST>165</AUST>
    <BRNN>165</BRNN>
    <COAC>165</COAC>
    <CORS>165</CORS>
    <FOGN>165</FOGN>
    <FRAN>165</FRAN>
    <GREC>165</GREC>
    <MFTV>165</MFTV>
    <PRGP>165</PRGP>
    <ROSN>165</ROSN>
    <SLOV>165</SLOV>
    <SVIZ>165</SVIZ>
    <MALT>165</MALT>
  </PrezziConvenzionali>
  <PrezziConvenzionali>
    <Data>20170208</Data>
    <Mercato>MGP</Mercato>
    <Ora>20</Ora>
    <CNOR>165</CNOR>
    <CSUD>165</CSUD>
    <NORD>165</NORD>
    <SARD>165</SARD>
    <SICI>165</SICI>
    <SUD>165</SUD>
    <AUST>165</AUST>
    <BRNN>165</BRNN>
    <COAC>165</COAC>
    <CORS>165</CORS>
    <FOGN>165</FOGN>
    <FRAN>165</FRAN>
    <GREC>165</GREC>
    <MFTV>165</MFTV>
    <PRGP>165</PRGP>
    <ROSN>165</ROSN>
    <SLOV>165</SLOV>
    <SVIZ>165</SVIZ>
    <MALT>165</MALT>
  </PrezziConvenzionali>
  <PrezziConvenzionali>
    <Data>20170208</Data>
    <Mercato>MGP</Mercato>
    <Ora>21</Ora>
    <CNOR>94</CNOR>
    <CSUD>94</CSUD>
    <NORD>94</NORD>
    <SARD>94</SARD>
    <SICI>94</SICI>
    <SUD>94</SUD>
    <AUST>94</AUST>
    <BRNN>94</BRNN>
    <COAC>94</COAC>
    <CORS>94</CORS>
    <FOGN>94</FOGN>
    <FRAN>94</FRAN>
    <GREC>94</GREC>
    <MFTV>94</MFTV>
    <PRGP>94</PRGP>
    <ROSN>94</ROSN>
    <SLOV>94</SLOV>
    <SVIZ>94</SVIZ>
    <MALT>94</MALT>
  </PrezziConvenzionali>
  <PrezziConvenzionali>
    <Data>20170208</Data>
    <Mercato>MGP</Mercato>
    <Ora>22</Ora>
    <CNOR>94</CNOR>
    <CSUD>94</CSUD>
    <NORD>94</NORD>
    <SARD>94</SARD>
    <SICI>94</SICI>
    <SUD>94</SUD>
    <AUST>94</AUST>
    <BRNN>94</BRNN>
    <COAC>94</COAC>
    <CORS>94</CORS>
    <FOGN>94</FOGN>
    <FRAN>94</FRAN>
    <GREC>94</GREC>
    <MFTV>94</MFTV>
    <PRGP>94</PRGP>
    <ROSN>94</ROSN>
    <SLOV>94</SLOV>
    <SVIZ>94</SVIZ>
    <MALT>94</MALT>
  </PrezziConvenzionali>
  <PrezziConvenzionali>
    <Data>20170208</Data>
    <Mercato>MGP</Mercato>
    <Ora>23</Ora>
    <CNOR>94</CNOR>
    <CSUD>94</CSUD>
    <NORD>94</NORD>
    <SARD>94</SARD>
    <SICI>94</SICI>
    <SUD>94</SUD>
    <AUST>94</AUST>
    <BRNN>94</BRNN>
    <COAC>94</COAC>
    <CORS>94</CORS>
    <FOGN>94</FOGN>
    <FRAN>94</FRAN>
    <GREC>94</GREC>
    <MFTV>94</MFTV>
    <PRGP>94</PRGP>
    <ROSN>94</ROSN>
    <SLOV>94</SLOV>
    <SVIZ>94</SVIZ>
    <MALT>94</MALT>
  </PrezziConvenzionali>
  <PrezziConvenzionali>
    <Data>20170208</Data>
    <Mercato>MGP</Mercato>
    <Ora>24</Ora>
    <CNOR>94</CNOR>
    <CSUD>94</CSUD>
    <NORD>94</NORD>
    <SARD>94</SARD>
    <SICI>94</SICI>
    <SUD>94</SUD>
    <AUST>94</AUST>
    <BRNN>94</BRNN>
    <COAC>94</COAC>
    <CORS>94</CORS>
    <FOGN>94</FOGN>
    <FRAN>94</FRAN>
    <GREC>94</GREC>
    <MFTV>94</MFTV>
    <PRGP>94</PRGP>
    <ROSN>94</ROSN>
    <SLOV>94</SLOV>
    <SVIZ>94</SVIZ>
    <MALT>94</MALT>
  </PrezziConvenzionali>
</NewDataSet>