<?xml version="1.0" standalone="yes"?>
<NewDataSet>
  <xs:schema id="NewDataSet" xmlns="" xmlns:xs="http://www.w3.org/2001/XMLSchema" xmlns:msdata="urn:schemas-microsoft-com:xml-msdata">
    <xs:element name="NewDataSet" msdata:IsDataSet="true" msdata:MainDataTable="PrezziConvenzionali" msdata:UseCurrentLocale="true">
      <xs:complexType>
        <xs:choice minOccurs="0" maxOccurs="unbounded">
          <xs:element name="PrezziConvenzionali">
            <xs:complexType>
              <xs:sequence>
                <xs:element name="Data" type="xs:string" minOccurs="0" />
                <xs:element name="Mercato" type="xs:string" minOccurs="0" />
                <xs:element name="Ora" type="xs:string" minOccurs="0" />
                <xs:element name="CNOR" type="xs:string" minOccurs="0" />
                <xs:element name="CSUD" type="xs:string" minOccurs="0" />
                <xs:element name="NORD" type="xs:string" minOccurs="0" />
                <xs:element name="SARD" type="xs:string" minOccurs="0" />
                <xs:element name="SICI" type="xs:string" minOccurs="0" />
                <xs:element name="SUD" type="xs:string" minOccurs="0" />
                <xs:element name="AUST" type="xs:string" minOccurs="0" />
                <xs:element name="BRNN" type="xs:string" minOccurs="0" />
                <xs:element name="COAC" type="xs:string" minOccurs="0" />
                <xs:element name="CORS" type="xs:string" minOccurs="0" />
                <xs:element name="FOGN" type="xs:string" minOccurs="0" />
                <xs:element name="FRAN" type="xs:string" minOccurs="0" />
                <xs:element name="GREC" type="xs:string" minOccurs="0" />
                <xs:element name="MFTV" type="xs:string" minOccurs="0" />
                <xs:element name="PRGP" type="xs:string" minOccurs="0" />
                <xs:element name="ROSN" type="xs:string" minOccurs="0" />
                <xs:element name="SLOV" type="xs:string" minOccurs="0" />
                <xs:element name="SVIZ" type="xs:string" minOccurs="0" />
                <xs:element name="BSP" type="xs:string" minOccurs="0" />
                <xs:element name="XAUS" type="xs:string" minOccurs="0" />
                <xs:element name="XFRA" type="xs:string" minOccurs="0" />
                <xs:element name="MALT" type="xs:string" minOccurs="0" />
              </xs:sequence>
            </xs:complexType>
          </xs:element>
        </xs:choice>
      </xs:complexType>
    </xs:element>
  </xs:schema>
  <PrezziConvenzionali>
    <Data>20170216</Data>
    <Mercato>MGP</Mercato>
    <Ora>01</Ora>
    <CNOR>86</CNOR>
    <CSUD>86</CSUD>
    <NORD>86</NORD>
    <SARD>86</SARD>
    <SICI>86</SICI>
    <SUD>86</SUD>
    <AUST>86</AUST>
    <BRNN>86</BRNN>
    <COAC>86</COAC>
    <CORS>86</CORS>
    <FOGN>86</FOGN>
    <FRAN>86</FRAN>
    <GREC>86</GREC>
    <MFTV>86</MFTV>
    <PRGP>86</PRGP>
    <ROSN>86</ROSN>
    <SLOV>86</SLOV>
    <SVIZ>86</SVIZ>
    <MALT>86</MALT>
  </PrezziConvenzionali>
  <PrezziConvenzionali>
    <Data>20170216</Data>
    <Mercato>MGP</Mercato>
    <Ora>02</Ora>
    <CNOR>86</CNOR>
    <CSUD>86</CSUD>
    <NORD>86</NORD>
    <SARD>86</SARD>
    <SICI>86</SICI>
    <SUD>86</SUD>
    <AUST>86</AUST>
    <BRNN>86</BRNN>
    <COAC>86</COAC>
    <CORS>86</CORS>
    <FOGN>86</FOGN>
    <FRAN>86</FRAN>
    <GREC>86</GREC>
    <MFTV>86</MFTV>
    <PRGP>86</PRGP>
    <ROSN>86</ROSN>
    <SLOV>86</SLOV>
    <SVIZ>86</SVIZ>
    <MALT>86</MALT>
  </PrezziConvenzionali>
  <PrezziConvenzionali>
    <Data>20170216</Data>
    <Mercato>MGP</Mercato>
    <Ora>03</Ora>
    <CNOR>86</CNOR>
    <CSUD>86</CSUD>
    <NORD>86</NORD>
    <SARD>86</SARD>
    <SICI>86</SICI>
    <SUD>86</SUD>
    <AUST>86</AUST>
    <BRNN>86</BRNN>
    <COAC>86</COAC>
    <CORS>86</CORS>
    <FOGN>86</FOGN>
    <FRAN>86</FRAN>
    <GREC>86</GREC>
    <MFTV>86</MFTV>
    <PRGP>86</PRGP>
    <ROSN>86</ROSN>
    <SLOV>86</SLOV>
    <SVIZ>86</SVIZ>
    <MALT>86</MALT>
  </PrezziConvenzionali>
  <PrezziConvenzionali>
    <Data>20170216</Data>
    <Mercato>MGP</Mercato>
    <Ora>04</Ora>
    <CNOR>86</CNOR>
    <CSUD>86</CSUD>
    <NORD>86</NORD>
    <SARD>86</SARD>
    <SICI>86</SICI>
    <SUD>86</SUD>
    <AUST>86</AUST>
    <BRNN>86</BRNN>
    <COAC>86</COAC>
    <CORS>86</CORS>
    <FOGN>86</FOGN>
    <FRAN>86</FRAN>
    <GREC>86</GREC>
    <MFTV>86</MFTV>
    <PRGP>86</PRGP>
    <ROSN>86</ROSN>
    <SLOV>86</SLOV>
    <SVIZ>86</SVIZ>
    <MALT>86</MALT>
  </PrezziConvenzionali>
  <PrezziConvenzionali>
    <Data>20170216</Data>
    <Mercato>MGP</Mercato>
    <Ora>05</Ora>
    <CNOR>86</CNOR>
    <CSUD>86</CSUD>
    <NORD>86</NORD>
    <SARD>86</SARD>
    <SICI>86</SICI>
    <SUD>86</SUD>
    <AUST>86</AUST>
    <BRNN>86</BRNN>
    <COAC>86</COAC>
    <CORS>86</CORS>
    <FOGN>86</FOGN>
    <FRAN>86</FRAN>
    <GREC>86</GREC>
    <MFTV>86</MFTV>
    <PRGP>86</PRGP>
    <ROSN>86</ROSN>
    <SLOV>86</SLOV>
    <SVIZ>86</SVIZ>
    <MALT>86</MALT>
  </PrezziConvenzionali>
  <PrezziConvenzionali>
    <Data>20170216</Data>
    <Mercato>MGP</Mercato>
    <Ora>06</Ora>
    <CNOR>86</CNOR>
    <CSUD>86</CSUD>
    <NORD>86</NORD>
    <SARD>86</SARD>
    <SICI>86</SICI>
    <SUD>86</SUD>
    <AUST>86</AUST>
    <BRNN>86</BRNN>
    <COAC>86</COAC>
    <CORS>86</CORS>
    <FOGN>86</FOGN>
    <FRAN>86</FRAN>
    <GREC>86</GREC>
    <MFTV>86</MFTV>
    <PRGP>86</PRGP>
    <ROSN>86</ROSN>
    <SLOV>86</SLOV>
    <SVIZ>86</SVIZ>
    <MALT>86</MALT>
  </PrezziConvenzionali>
  <PrezziConvenzionali>
    <Data>20170216</Data>
    <Mercato>MGP</Mercato>
    <Ora>07</Ora>
    <CNOR>86</CNOR>
    <CSUD>86</CSUD>
    <NORD>86</NORD>
    <SARD>86</SARD>
    <SICI>86</SICI>
    <SUD>86</SUD>
    <AUST>86</AUST>
    <BRNN>86</BRNN>
    <COAC>86</COAC>
    <CORS>86</CORS>
    <FOGN>86</FOGN>
    <FRAN>86</FRAN>
    <GREC>86</GREC>
    <MFTV>86</MFTV>
    <PRGP>86</PRGP>
    <ROSN>86</ROSN>
    <SLOV>86</SLOV>
    <SVIZ>86</SVIZ>
    <MALT>86</MALT>
  </PrezziConvenzionali>
  <PrezziConvenzionali>
    <Data>20170216</Data>
    <Mercato>MGP</Mercato>
    <Ora>08</Ora>
    <CNOR>86</CNOR>
    <CSUD>86</CSUD>
    <NORD>86</NORD>
    <SARD>86</SARD>
    <SICI>86</SICI>
    <SUD>86</SUD>
    <AUST>86</AUST>
    <BRNN>86</BRNN>
    <COAC>86</COAC>
    <CORS>86</CORS>
    <FOGN>86</FOGN>
    <FRAN>86</FRAN>
    <GREC>86</GREC>
    <MFTV>86</MFTV>
    <PRGP>86</PRGP>
    <ROSN>86</ROSN>
    <SLOV>86</SLOV>
    <SVIZ>86</SVIZ>
    <MALT>86</MALT>
  </PrezziConvenzionali>
  <PrezziConvenzionali>
    <Data>20170216</Data>
    <Mercato>MGP</Mercato>
    <Ora>09</Ora>
    <CNOR>149</CNOR>
    <CSUD>149</CSUD>
    <NORD>149</NORD>
    <SARD>149</SARD>
    <SICI>149</SICI>
    <SUD>149</SUD>
    <AUST>149</AUST>
    <BRNN>149</BRNN>
    <COAC>149</COAC>
    <CORS>149</CORS>
    <FOGN>149</FOGN>
    <FRAN>149</FRAN>
    <GREC>149</GREC>
    <MFTV>149</MFTV>
    <PRGP>149</PRGP>
    <ROSN>149</ROSN>
    <SLOV>149</SLOV>
    <SVIZ>149</SVIZ>
    <MALT>149</MALT>
  </PrezziConvenzionali>
  <PrezziConvenzionali>
    <Data>20170216</Data>
    <Mercato>MGP</Mercato>
    <Ora>10</Ora>
    <CNOR>149</CNOR>
    <CSUD>149</CSUD>
    <NORD>149</NORD>
    <SARD>149</SARD>
    <SICI>149</SICI>
    <SUD>149</SUD>
    <AUST>149</AUST>
    <BRNN>149</BRNN>
    <COAC>149</COAC>
    <CORS>149</CORS>
    <FOGN>149</FOGN>
    <FRAN>149</FRAN>
    <GREC>149</GREC>
    <MFTV>149</MFTV>
    <PRGP>149</PRGP>
    <ROSN>149</ROSN>
    <SLOV>149</SLOV>
    <SVIZ>149</SVIZ>
    <MALT>149</MALT>
  </PrezziConvenzionali>
  <PrezziConvenzionali>
    <Data>20170216</Data>
    <Mercato>MGP</Mercato>
    <Ora>11</Ora>
    <CNOR>149</CNOR>
    <CSUD>149</CSUD>
    <NORD>149</NORD>
    <SARD>149</SARD>
    <SICI>149</SICI>
    <SUD>149</SUD>
    <AUST>149</AUST>
    <BRNN>149</BRNN>
    <COAC>149</COAC>
    <CORS>149</CORS>
    <FOGN>149</FOGN>
    <FRAN>149</FRAN>
    <GREC>149</GREC>
    <MFTV>149</MFTV>
    <PRGP>149</PRGP>
    <ROSN>149</ROSN>
    <SLOV>149</SLOV>
    <SVIZ>149</SVIZ>
    <MALT>149</MALT>
  </PrezziConvenzionali>
  <PrezziConvenzionali>
    <Data>20170216</Data>
    <Mercato>MGP</Mercato>
    <Ora>12</Ora>
    <CNOR>149</CNOR>
    <CSUD>149</CSUD>
    <NORD>149</NORD>
    <SARD>149</SARD>
    <SICI>149</SICI>
    <SUD>149</SUD>
    <AUST>149</AUST>
    <BRNN>149</BRNN>
    <COAC>149</COAC>
    <CORS>149</CORS>
    <FOGN>149</FOGN>
    <FRAN>149</FRAN>
    <GREC>149</GREC>
    <MFTV>149</MFTV>
    <PRGP>149</PRGP>
    <ROSN>149</ROSN>
    <SLOV>149</SLOV>
    <SVIZ>149</SVIZ>
    <MALT>149</MALT>
  </PrezziConvenzionali>
  <PrezziConvenzionali>
    <Data>20170216</Data>
    <Mercato>MGP</Mercato>
    <Ora>13</Ora>
    <CNOR>149</CNOR>
    <CSUD>149</CSUD>
    <NORD>149</NORD>
    <SARD>149</SARD>
    <SICI>149</SICI>
    <SUD>149</SUD>
    <AUST>149</AUST>
    <BRNN>149</BRNN>
    <COAC>149</COAC>
    <CORS>149</CORS>
    <FOGN>149</FOGN>
    <FRAN>149</FRAN>
    <GREC>149</GREC>
    <MFTV>149</MFTV>
    <PRGP>149</PRGP>
    <ROSN>149</ROSN>
    <SLOV>149</SLOV>
    <SVIZ>149</SVIZ>
    <MALT>149</MALT>
  </PrezziConvenzionali>
  <PrezziConvenzionali>
    <Data>20170216</Data>
    <Mercato>MGP</Mercato>
    <Ora>14</Ora>
    <CNOR>149</CNOR>
    <CSUD>149</CSUD>
    <NORD>149</NORD>
    <SARD>149</SARD>
    <SICI>149</SICI>
    <SUD>149</SUD>
    <AUST>149</AUST>
    <BRNN>149</BRNN>
    <COAC>149</COAC>
    <CORS>149</CORS>
    <FOGN>149</FOGN>
    <FRAN>149</FRAN>
    <GREC>149</GREC>
    <MFTV>149</MFTV>
    <PRGP>149</PRGP>
    <ROSN>149</ROSN>
    <SLOV>149</SLOV>
    <SVIZ>149</SVIZ>
    <MALT>149</MALT>
  </PrezziConvenzionali>
  <PrezziConvenzionali>
    <Data>20170216</Data>
    <Mercato>MGP</Mercato>
    <Ora>15</Ora>
    <CNOR>149</CNOR>
    <CSUD>149</CSUD>
    <NORD>149</NORD>
    <SARD>149</SARD>
    <SICI>149</SICI>
    <SUD>149</SUD>
    <AUST>149</AUST>
    <BRNN>149</BRNN>
    <COAC>149</COAC>
    <CORS>149</CORS>
    <FOGN>149</FOGN>
    <FRAN>149</FRAN>
    <GREC>149</GREC>
    <MFTV>149</MFTV>
    <PRGP>149</PRGP>
    <ROSN>149</ROSN>
    <SLOV>149</SLOV>
    <SVIZ>149</SVIZ>
    <MALT>149</MALT>
  </PrezziConvenzionali>
  <PrezziConvenzionali>
    <Data>20170216</Data>
    <Mercato>MGP</Mercato>
    <Ora>16</Ora>
    <CNOR>149</CNOR>
    <CSUD>149</CSUD>
    <NORD>149</NORD>
    <SARD>149</SARD>
    <SICI>149</SICI>
    <SUD>149</SUD>
    <AUST>149</AUST>
    <BRNN>149</BRNN>
    <COAC>149</COAC>
    <CORS>149</CORS>
    <FOGN>149</FOGN>
    <FRAN>149</FRAN>
    <GREC>149</GREC>
    <MFTV>149</MFTV>
    <PRGP>149</PRGP>
    <ROSN>149</ROSN>
    <SLOV>149</SLOV>
    <SVIZ>149</SVIZ>
    <MALT>149</MALT>
  </PrezziConvenzionali>
  <PrezziConvenzionali>
    <Data>20170216</Data>
    <Mercato>MGP</Mercato>
    <Ora>17</Ora>
    <CNOR>149</CNOR>
    <CSUD>149</CSUD>
    <NORD>149</NORD>
    <SARD>149</SARD>
    <SICI>149</SICI>
    <SUD>149</SUD>
    <AUST>149</AUST>
    <BRNN>149</BRNN>
    <COAC>149</COAC>
    <CORS>149</CORS>
    <FOGN>149</FOGN>
    <FRAN>149</FRAN>
    <GREC>149</GREC>
    <MFTV>149</MFTV>
    <PRGP>149</PRGP>
    <ROSN>149</ROSN>
    <SLOV>149</SLOV>
    <SVIZ>149</SVIZ>
    <MALT>149</MALT>
  </PrezziConvenzionali>
  <PrezziConvenzionali>
    <Data>20170216</Data>
    <Mercato>MGP</Mercato>
    <Ora>18</Ora>
    <CNOR>149</CNOR>
    <CSUD>149</CSUD>
    <NORD>149</NORD>
    <SARD>149</SARD>
    <SICI>149</SICI>
    <SUD>149</SUD>
    <AUST>149</AUST>
    <BRNN>149</BRNN>
    <COAC>149</COAC>
    <CORS>149</CORS>
    <FOGN>149</FOGN>
    <FRAN>149</FRAN>
    <GREC>149</GREC>
    <MFTV>149</MFTV>
    <PRGP>149</PRGP>
    <ROSN>149</ROSN>
    <SLOV>149</SLOV>
    <SVIZ>149</SVIZ>
    <MALT>149</MALT>
  </PrezziConvenzionali>
  <PrezziConvenzionali>
    <Data>20170216</Data>
    <Mercato>MGP</Mercato>
    <Ora>19</Ora>
    <CNOR>149</CNOR>
    <CSUD>149</CSUD>
    <NORD>149</NORD>
    <SARD>149</SARD>
    <SICI>149</SICI>
    <SUD>149</SUD>
    <AUST>149</AUST>
    <BRNN>149</BRNN>
    <COAC>149</COAC>
    <CORS>149</CORS>
    <FOGN>149</FOGN>
    <FRAN>149</FRAN>
    <GREC>149</GREC>
    <MFTV>149</MFTV>
    <PRGP>149</PRGP>
    <ROSN>149</ROSN>
    <SLOV>149</SLOV>
    <SVIZ>149</SVIZ>
    <MALT>149</MALT>
  </PrezziConvenzionali>
  <PrezziConvenzionali>
    <Data>20170216</Data>
    <Mercato>MGP</Mercato>
    <Ora>20</Ora>
    <CNOR>149</CNOR>
    <CSUD>149</CSUD>
    <NORD>149</NORD>
    <SARD>149</SARD>
    <SICI>149</SICI>
    <SUD>149</SUD>
    <AUST>149</AUST>
    <BRNN>149</BRNN>
    <COAC>149</COAC>
    <CORS>149</CORS>
    <FOGN>149</FOGN>
    <FRAN>149</FRAN>
    <GREC>149</GREC>
    <MFTV>149</MFTV>
    <PRGP>149</PRGP>
    <ROSN>149</ROSN>
    <SLOV>149</SLOV>
    <SVIZ>149</SVIZ>
    <MALT>149</MALT>
  </PrezziConvenzionali>
  <PrezziConvenzionali>
    <Data>20170216</Data>
    <Mercato>MGP</Mercato>
    <Ora>21</Ora>
    <CNOR>86</CNOR>
    <CSUD>86</CSUD>
    <NORD>86</NORD>
    <SARD>86</SARD>
    <SICI>86</SICI>
    <SUD>86</SUD>
    <AUST>86</AUST>
    <BRNN>86</BRNN>
    <COAC>86</COAC>
    <CORS>86</CORS>
    <FOGN>86</FOGN>
    <FRAN>86</FRAN>
    <GREC>86</GREC>
    <MFTV>86</MFTV>
    <PRGP>86</PRGP>
    <ROSN>86</ROSN>
    <SLOV>86</SLOV>
    <SVIZ>86</SVIZ>
    <MALT>86</MALT>
  </PrezziConvenzionali>
  <PrezziConvenzionali>
    <Data>20170216</Data>
    <Mercato>MGP</Mercato>
    <Ora>22</Ora>
    <CNOR>86</CNOR>
    <CSUD>86</CSUD>
    <NORD>86</NORD>
    <SARD>86</SARD>
    <SICI>86</SICI>
    <SUD>86</SUD>
    <AUST>86</AUST>
    <BRNN>86</BRNN>
    <COAC>86</COAC>
    <CORS>86</CORS>
    <FOGN>86</FOGN>
    <FRAN>86</FRAN>
    <GREC>86</GREC>
    <MFTV>86</MFTV>
    <PRGP>86</PRGP>
    <ROSN>86</ROSN>
    <SLOV>86</SLOV>
    <SVIZ>86</SVIZ>
    <MALT>86</MALT>
  </PrezziConvenzionali>
  <PrezziConvenzionali>
    <Data>20170216</Data>
    <Mercato>MGP</Mercato>
    <Ora>23</Ora>
    <CNOR>86</CNOR>
    <CSUD>86</CSUD>
    <NORD>86</NORD>
    <SARD>86</SARD>
    <SICI>86</SICI>
    <SUD>86</SUD>
    <AUST>86</AUST>
    <BRNN>86</BRNN>
    <COAC>86</COAC>
    <CORS>86</CORS>
    <FOGN>86</FOGN>
    <FRAN>86</FRAN>
    <GREC>86</GREC>
    <MFTV>86</MFTV>
    <PRGP>86</PRGP>
    <ROSN>86</ROSN>
    <SLOV>86</SLOV>
    <SVIZ>86</SVIZ>
    <MALT>86</MALT>
  </PrezziConvenzionali>
  <PrezziConvenzionali>
    <Data>20170216</Data>
    <Mercato>MGP</Mercato>
    <Ora>24</Ora>
    <CNOR>86</CNOR>
    <CSUD>86</CSUD>
    <NORD>86</NORD>
    <SARD>86</SARD>
    <SICI>86</SICI>
    <SUD>86</SUD>
    <AUST>86</AUST>
    <BRNN>86</BRNN>
    <COAC>86</COAC>
    <CORS>86</CORS>
    <FOGN>86</FOGN>
    <FRAN>86</FRAN>
    <GREC>86</GREC>
    <MFTV>86</MFTV>
    <PRGP>86</PRGP>
    <ROSN>86</ROSN>
    <SLOV>86</SLOV>
    <SVIZ>86</SVIZ>
    <MALT>86</MALT>
  </PrezziConvenzionali>
</NewDataSet>