<?xml version="1.0" standalone="yes"?>
<NewDataSet>
  <xs:schema id="NewDataSet" xmlns="" xmlns:xs="http://www.w3.org/2001/XMLSchema" xmlns:msdata="urn:schemas-microsoft-com:xml-msdata">
    <xs:element name="NewDataSet" msdata:IsDataSet="true" msdata:MainDataTable="PrezziConvenzionali" msdata:UseCurrentLocale="true">
      <xs:complexType>
        <xs:choice minOccurs="0" maxOccurs="unbounded">
          <xs:element name="PrezziConvenzionali">
            <xs:complexType>
              <xs:sequence>
                <xs:element name="Data" type="xs:string" minOccurs="0" />
                <xs:element name="Mercato" type="xs:string" minOccurs="0" />
                <xs:element name="Ora" type="xs:string" minOccurs="0" />
                <xs:element name="CNOR" type="xs:string" minOccurs="0" />
                <xs:element name="CSUD" type="xs:string" minOccurs="0" />
                <xs:element name="NORD" type="xs:string" minOccurs="0" />
                <xs:element name="SARD" type="xs:string" minOccurs="0" />
                <xs:element name="SICI" type="xs:string" minOccurs="0" />
                <xs:element name="SUD" type="xs:string" minOccurs="0" />
                <xs:element name="AUST" type="xs:string" minOccurs="0" />
                <xs:element name="BRNN" type="xs:string" minOccurs="0" />
                <xs:element name="COAC" type="xs:string" minOccurs="0" />
                <xs:element name="CORS" type="xs:string" minOccurs="0" />
                <xs:element name="FOGN" type="xs:string" minOccurs="0" />
                <xs:element name="FRAN" type="xs:string" minOccurs="0" />
                <xs:element name="GREC" type="xs:string" minOccurs="0" />
                <xs:element name="MFTV" type="xs:string" minOccurs="0" />
                <xs:element name="PRGP" type="xs:string" minOccurs="0" />
                <xs:element name="ROSN" type="xs:string" minOccurs="0" />
                <xs:element name="SLOV" type="xs:string" minOccurs="0" />
                <xs:element name="SVIZ" type="xs:string" minOccurs="0" />
                <xs:element name="BSP" type="xs:string" minOccurs="0" />
                <xs:element name="XAUS" type="xs:string" minOccurs="0" />
                <xs:element name="XFRA" type="xs:string" minOccurs="0" />
                <xs:element name="MALT" type="xs:string" minOccurs="0" />
              </xs:sequence>
            </xs:complexType>
          </xs:element>
        </xs:choice>
      </xs:complexType>
    </xs:element>
  </xs:schema>
  <PrezziConvenzionali>
    <Data>20170221</Data>
    <Mercato>MGP</Mercato>
    <Ora>01</Ora>
    <CNOR>82</CNOR>
    <CSUD>82</CSUD>
    <NORD>82</NORD>
    <SARD>82</SARD>
    <SICI>82</SICI>
    <SUD>82</SUD>
    <AUST>82</AUST>
    <BRNN>82</BRNN>
    <COAC>82</COAC>
    <CORS>82</CORS>
    <FOGN>82</FOGN>
    <FRAN>82</FRAN>
    <GREC>82</GREC>
    <MFTV>82</MFTV>
    <PRGP>82</PRGP>
    <ROSN>82</ROSN>
    <SLOV>82</SLOV>
    <SVIZ>82</SVIZ>
    <MALT>82</MALT>
  </PrezziConvenzionali>
  <PrezziConvenzionali>
    <Data>20170221</Data>
    <Mercato>MGP</Mercato>
    <Ora>02</Ora>
    <CNOR>82</CNOR>
    <CSUD>82</CSUD>
    <NORD>82</NORD>
    <SARD>82</SARD>
    <SICI>82</SICI>
    <SUD>82</SUD>
    <AUST>82</AUST>
    <BRNN>82</BRNN>
    <COAC>82</COAC>
    <CORS>82</CORS>
    <FOGN>82</FOGN>
    <FRAN>82</FRAN>
    <GREC>82</GREC>
    <MFTV>82</MFTV>
    <PRGP>82</PRGP>
    <ROSN>82</ROSN>
    <SLOV>82</SLOV>
    <SVIZ>82</SVIZ>
    <MALT>82</MALT>
  </PrezziConvenzionali>
  <PrezziConvenzionali>
    <Data>20170221</Data>
    <Mercato>MGP</Mercato>
    <Ora>03</Ora>
    <CNOR>82</CNOR>
    <CSUD>82</CSUD>
    <NORD>82</NORD>
    <SARD>82</SARD>
    <SICI>82</SICI>
    <SUD>82</SUD>
    <AUST>82</AUST>
    <BRNN>82</BRNN>
    <COAC>82</COAC>
    <CORS>82</CORS>
    <FOGN>82</FOGN>
    <FRAN>82</FRAN>
    <GREC>82</GREC>
    <MFTV>82</MFTV>
    <PRGP>82</PRGP>
    <ROSN>82</ROSN>
    <SLOV>82</SLOV>
    <SVIZ>82</SVIZ>
    <MALT>82</MALT>
  </PrezziConvenzionali>
  <PrezziConvenzionali>
    <Data>20170221</Data>
    <Mercato>MGP</Mercato>
    <Ora>04</Ora>
    <CNOR>82</CNOR>
    <CSUD>82</CSUD>
    <NORD>82</NORD>
    <SARD>82</SARD>
    <SICI>82</SICI>
    <SUD>82</SUD>
    <AUST>82</AUST>
    <BRNN>82</BRNN>
    <COAC>82</COAC>
    <CORS>82</CORS>
    <FOGN>82</FOGN>
    <FRAN>82</FRAN>
    <GREC>82</GREC>
    <MFTV>82</MFTV>
    <PRGP>82</PRGP>
    <ROSN>82</ROSN>
    <SLOV>82</SLOV>
    <SVIZ>82</SVIZ>
    <MALT>82</MALT>
  </PrezziConvenzionali>
  <PrezziConvenzionali>
    <Data>20170221</Data>
    <Mercato>MGP</Mercato>
    <Ora>05</Ora>
    <CNOR>82</CNOR>
    <CSUD>82</CSUD>
    <NORD>82</NORD>
    <SARD>82</SARD>
    <SICI>82</SICI>
    <SUD>82</SUD>
    <AUST>82</AUST>
    <BRNN>82</BRNN>
    <COAC>82</COAC>
    <CORS>82</CORS>
    <FOGN>82</FOGN>
    <FRAN>82</FRAN>
    <GREC>82</GREC>
    <MFTV>82</MFTV>
    <PRGP>82</PRGP>
    <ROSN>82</ROSN>
    <SLOV>82</SLOV>
    <SVIZ>82</SVIZ>
    <MALT>82</MALT>
  </PrezziConvenzionali>
  <PrezziConvenzionali>
    <Data>20170221</Data>
    <Mercato>MGP</Mercato>
    <Ora>06</Ora>
    <CNOR>82</CNOR>
    <CSUD>82</CSUD>
    <NORD>82</NORD>
    <SARD>82</SARD>
    <SICI>82</SICI>
    <SUD>82</SUD>
    <AUST>82</AUST>
    <BRNN>82</BRNN>
    <COAC>82</COAC>
    <CORS>82</CORS>
    <FOGN>82</FOGN>
    <FRAN>82</FRAN>
    <GREC>82</GREC>
    <MFTV>82</MFTV>
    <PRGP>82</PRGP>
    <ROSN>82</ROSN>
    <SLOV>82</SLOV>
    <SVIZ>82</SVIZ>
    <MALT>82</MALT>
  </PrezziConvenzionali>
  <PrezziConvenzionali>
    <Data>20170221</Data>
    <Mercato>MGP</Mercato>
    <Ora>07</Ora>
    <CNOR>82</CNOR>
    <CSUD>82</CSUD>
    <NORD>82</NORD>
    <SARD>82</SARD>
    <SICI>82</SICI>
    <SUD>82</SUD>
    <AUST>82</AUST>
    <BRNN>82</BRNN>
    <COAC>82</COAC>
    <CORS>82</CORS>
    <FOGN>82</FOGN>
    <FRAN>82</FRAN>
    <GREC>82</GREC>
    <MFTV>82</MFTV>
    <PRGP>82</PRGP>
    <ROSN>82</ROSN>
    <SLOV>82</SLOV>
    <SVIZ>82</SVIZ>
    <MALT>82</MALT>
  </PrezziConvenzionali>
  <PrezziConvenzionali>
    <Data>20170221</Data>
    <Mercato>MGP</Mercato>
    <Ora>08</Ora>
    <CNOR>82</CNOR>
    <CSUD>82</CSUD>
    <NORD>82</NORD>
    <SARD>82</SARD>
    <SICI>82</SICI>
    <SUD>82</SUD>
    <AUST>82</AUST>
    <BRNN>82</BRNN>
    <COAC>82</COAC>
    <CORS>82</CORS>
    <FOGN>82</FOGN>
    <FRAN>82</FRAN>
    <GREC>82</GREC>
    <MFTV>82</MFTV>
    <PRGP>82</PRGP>
    <ROSN>82</ROSN>
    <SLOV>82</SLOV>
    <SVIZ>82</SVIZ>
    <MALT>82</MALT>
  </PrezziConvenzionali>
  <PrezziConvenzionali>
    <Data>20170221</Data>
    <Mercato>MGP</Mercato>
    <Ora>09</Ora>
    <CNOR>141</CNOR>
    <CSUD>141</CSUD>
    <NORD>141</NORD>
    <SARD>141</SARD>
    <SICI>141</SICI>
    <SUD>141</SUD>
    <AUST>141</AUST>
    <BRNN>141</BRNN>
    <COAC>141</COAC>
    <CORS>141</CORS>
    <FOGN>141</FOGN>
    <FRAN>141</FRAN>
    <GREC>141</GREC>
    <MFTV>141</MFTV>
    <PRGP>141</PRGP>
    <ROSN>141</ROSN>
    <SLOV>141</SLOV>
    <SVIZ>141</SVIZ>
    <MALT>141</MALT>
  </PrezziConvenzionali>
  <PrezziConvenzionali>
    <Data>20170221</Data>
    <Mercato>MGP</Mercato>
    <Ora>10</Ora>
    <CNOR>141</CNOR>
    <CSUD>141</CSUD>
    <NORD>141</NORD>
    <SARD>141</SARD>
    <SICI>141</SICI>
    <SUD>141</SUD>
    <AUST>141</AUST>
    <BRNN>141</BRNN>
    <COAC>141</COAC>
    <CORS>141</CORS>
    <FOGN>141</FOGN>
    <FRAN>141</FRAN>
    <GREC>141</GREC>
    <MFTV>141</MFTV>
    <PRGP>141</PRGP>
    <ROSN>141</ROSN>
    <SLOV>141</SLOV>
    <SVIZ>141</SVIZ>
    <MALT>141</MALT>
  </PrezziConvenzionali>
  <PrezziConvenzionali>
    <Data>20170221</Data>
    <Mercato>MGP</Mercato>
    <Ora>11</Ora>
    <CNOR>141</CNOR>
    <CSUD>141</CSUD>
    <NORD>141</NORD>
    <SARD>141</SARD>
    <SICI>141</SICI>
    <SUD>141</SUD>
    <AUST>141</AUST>
    <BRNN>141</BRNN>
    <COAC>141</COAC>
    <CORS>141</CORS>
    <FOGN>141</FOGN>
    <FRAN>141</FRAN>
    <GREC>141</GREC>
    <MFTV>141</MFTV>
    <PRGP>141</PRGP>
    <ROSN>141</ROSN>
    <SLOV>141</SLOV>
    <SVIZ>141</SVIZ>
    <MALT>141</MALT>
  </PrezziConvenzionali>
  <PrezziConvenzionali>
    <Data>20170221</Data>
    <Mercato>MGP</Mercato>
    <Ora>12</Ora>
    <CNOR>141</CNOR>
    <CSUD>141</CSUD>
    <NORD>141</NORD>
    <SARD>141</SARD>
    <SICI>141</SICI>
    <SUD>141</SUD>
    <AUST>141</AUST>
    <BRNN>141</BRNN>
    <COAC>141</COAC>
    <CORS>141</CORS>
    <FOGN>141</FOGN>
    <FRAN>141</FRAN>
    <GREC>141</GREC>
    <MFTV>141</MFTV>
    <PRGP>141</PRGP>
    <ROSN>141</ROSN>
    <SLOV>141</SLOV>
    <SVIZ>141</SVIZ>
    <MALT>141</MALT>
  </PrezziConvenzionali>
  <PrezziConvenzionali>
    <Data>20170221</Data>
    <Mercato>MGP</Mercato>
    <Ora>13</Ora>
    <CNOR>141</CNOR>
    <CSUD>141</CSUD>
    <NORD>141</NORD>
    <SARD>141</SARD>
    <SICI>141</SICI>
    <SUD>141</SUD>
    <AUST>141</AUST>
    <BRNN>141</BRNN>
    <COAC>141</COAC>
    <CORS>141</CORS>
    <FOGN>141</FOGN>
    <FRAN>141</FRAN>
    <GREC>141</GREC>
    <MFTV>141</MFTV>
    <PRGP>141</PRGP>
    <ROSN>141</ROSN>
    <SLOV>141</SLOV>
    <SVIZ>141</SVIZ>
    <MALT>141</MALT>
  </PrezziConvenzionali>
  <PrezziConvenzionali>
    <Data>20170221</Data>
    <Mercato>MGP</Mercato>
    <Ora>14</Ora>
    <CNOR>141</CNOR>
    <CSUD>141</CSUD>
    <NORD>141</NORD>
    <SARD>141</SARD>
    <SICI>141</SICI>
    <SUD>141</SUD>
    <AUST>141</AUST>
    <BRNN>141</BRNN>
    <COAC>141</COAC>
    <CORS>141</CORS>
    <FOGN>141</FOGN>
    <FRAN>141</FRAN>
    <GREC>141</GREC>
    <MFTV>141</MFTV>
    <PRGP>141</PRGP>
    <ROSN>141</ROSN>
    <SLOV>141</SLOV>
    <SVIZ>141</SVIZ>
    <MALT>141</MALT>
  </PrezziConvenzionali>
  <PrezziConvenzionali>
    <Data>20170221</Data>
    <Mercato>MGP</Mercato>
    <Ora>15</Ora>
    <CNOR>141</CNOR>
    <CSUD>141</CSUD>
    <NORD>141</NORD>
    <SARD>141</SARD>
    <SICI>141</SICI>
    <SUD>141</SUD>
    <AUST>141</AUST>
    <BRNN>141</BRNN>
    <COAC>141</COAC>
    <CORS>141</CORS>
    <FOGN>141</FOGN>
    <FRAN>141</FRAN>
    <GREC>141</GREC>
    <MFTV>141</MFTV>
    <PRGP>141</PRGP>
    <ROSN>141</ROSN>
    <SLOV>141</SLOV>
    <SVIZ>141</SVIZ>
    <MALT>141</MALT>
  </PrezziConvenzionali>
  <PrezziConvenzionali>
    <Data>20170221</Data>
    <Mercato>MGP</Mercato>
    <Ora>16</Ora>
    <CNOR>141</CNOR>
    <CSUD>141</CSUD>
    <NORD>141</NORD>
    <SARD>141</SARD>
    <SICI>141</SICI>
    <SUD>141</SUD>
    <AUST>141</AUST>
    <BRNN>141</BRNN>
    <COAC>141</COAC>
    <CORS>141</CORS>
    <FOGN>141</FOGN>
    <FRAN>141</FRAN>
    <GREC>141</GREC>
    <MFTV>141</MFTV>
    <PRGP>141</PRGP>
    <ROSN>141</ROSN>
    <SLOV>141</SLOV>
    <SVIZ>141</SVIZ>
    <MALT>141</MALT>
  </PrezziConvenzionali>
  <PrezziConvenzionali>
    <Data>20170221</Data>
    <Mercato>MGP</Mercato>
    <Ora>17</Ora>
    <CNOR>141</CNOR>
    <CSUD>141</CSUD>
    <NORD>141</NORD>
    <SARD>141</SARD>
    <SICI>141</SICI>
    <SUD>141</SUD>
    <AUST>141</AUST>
    <BRNN>141</BRNN>
    <COAC>141</COAC>
    <CORS>141</CORS>
    <FOGN>141</FOGN>
    <FRAN>141</FRAN>
    <GREC>141</GREC>
    <MFTV>141</MFTV>
    <PRGP>141</PRGP>
    <ROSN>141</ROSN>
    <SLOV>141</SLOV>
    <SVIZ>141</SVIZ>
    <MALT>141</MALT>
  </PrezziConvenzionali>
  <PrezziConvenzionali>
    <Data>20170221</Data>
    <Mercato>MGP</Mercato>
    <Ora>18</Ora>
    <CNOR>141</CNOR>
    <CSUD>141</CSUD>
    <NORD>141</NORD>
    <SARD>141</SARD>
    <SICI>141</SICI>
    <SUD>141</SUD>
    <AUST>141</AUST>
    <BRNN>141</BRNN>
    <COAC>141</COAC>
    <CORS>141</CORS>
    <FOGN>141</FOGN>
    <FRAN>141</FRAN>
    <GREC>141</GREC>
    <MFTV>141</MFTV>
    <PRGP>141</PRGP>
    <ROSN>141</ROSN>
    <SLOV>141</SLOV>
    <SVIZ>141</SVIZ>
    <MALT>141</MALT>
  </PrezziConvenzionali>
  <PrezziConvenzionali>
    <Data>20170221</Data>
    <Mercato>MGP</Mercato>
    <Ora>19</Ora>
    <CNOR>141</CNOR>
    <CSUD>141</CSUD>
    <NORD>141</NORD>
    <SARD>141</SARD>
    <SICI>141</SICI>
    <SUD>141</SUD>
    <AUST>141</AUST>
    <BRNN>141</BRNN>
    <COAC>141</COAC>
    <CORS>141</CORS>
    <FOGN>141</FOGN>
    <FRAN>141</FRAN>
    <GREC>141</GREC>
    <MFTV>141</MFTV>
    <PRGP>141</PRGP>
    <ROSN>141</ROSN>
    <SLOV>141</SLOV>
    <SVIZ>141</SVIZ>
    <MALT>141</MALT>
  </PrezziConvenzionali>
  <PrezziConvenzionali>
    <Data>20170221</Data>
    <Mercato>MGP</Mercato>
    <Ora>20</Ora>
    <CNOR>141</CNOR>
    <CSUD>141</CSUD>
    <NORD>141</NORD>
    <SARD>141</SARD>
    <SICI>141</SICI>
    <SUD>141</SUD>
    <AUST>141</AUST>
    <BRNN>141</BRNN>
    <COAC>141</COAC>
    <CORS>141</CORS>
    <FOGN>141</FOGN>
    <FRAN>141</FRAN>
    <GREC>141</GREC>
    <MFTV>141</MFTV>
    <PRGP>141</PRGP>
    <ROSN>141</ROSN>
    <SLOV>141</SLOV>
    <SVIZ>141</SVIZ>
    <MALT>141</MALT>
  </PrezziConvenzionali>
  <PrezziConvenzionali>
    <Data>20170221</Data>
    <Mercato>MGP</Mercato>
    <Ora>21</Ora>
    <CNOR>82</CNOR>
    <CSUD>82</CSUD>
    <NORD>82</NORD>
    <SARD>82</SARD>
    <SICI>82</SICI>
    <SUD>82</SUD>
    <AUST>82</AUST>
    <BRNN>82</BRNN>
    <COAC>82</COAC>
    <CORS>82</CORS>
    <FOGN>82</FOGN>
    <FRAN>82</FRAN>
    <GREC>82</GREC>
    <MFTV>82</MFTV>
    <PRGP>82</PRGP>
    <ROSN>82</ROSN>
    <SLOV>82</SLOV>
    <SVIZ>82</SVIZ>
    <MALT>82</MALT>
  </PrezziConvenzionali>
  <PrezziConvenzionali>
    <Data>20170221</Data>
    <Mercato>MGP</Mercato>
    <Ora>22</Ora>
    <CNOR>82</CNOR>
    <CSUD>82</CSUD>
    <NORD>82</NORD>
    <SARD>82</SARD>
    <SICI>82</SICI>
    <SUD>82</SUD>
    <AUST>82</AUST>
    <BRNN>82</BRNN>
    <COAC>82</COAC>
    <CORS>82</CORS>
    <FOGN>82</FOGN>
    <FRAN>82</FRAN>
    <GREC>82</GREC>
    <MFTV>82</MFTV>
    <PRGP>82</PRGP>
    <ROSN>82</ROSN>
    <SLOV>82</SLOV>
    <SVIZ>82</SVIZ>
    <MALT>82</MALT>
  </PrezziConvenzionali>
  <PrezziConvenzionali>
    <Data>20170221</Data>
    <Mercato>MGP</Mercato>
    <Ora>23</Ora>
    <CNOR>82</CNOR>
    <CSUD>82</CSUD>
    <NORD>82</NORD>
    <SARD>82</SARD>
    <SICI>82</SICI>
    <SUD>82</SUD>
    <AUST>82</AUST>
    <BRNN>82</BRNN>
    <COAC>82</COAC>
    <CORS>82</CORS>
    <FOGN>82</FOGN>
    <FRAN>82</FRAN>
    <GREC>82</GREC>
    <MFTV>82</MFTV>
    <PRGP>82</PRGP>
    <ROSN>82</ROSN>
    <SLOV>82</SLOV>
    <SVIZ>82</SVIZ>
    <MALT>82</MALT>
  </PrezziConvenzionali>
  <PrezziConvenzionali>
    <Data>20170221</Data>
    <Mercato>MGP</Mercato>
    <Ora>24</Ora>
    <CNOR>82</CNOR>
    <CSUD>82</CSUD>
    <NORD>82</NORD>
    <SARD>82</SARD>
    <SICI>82</SICI>
    <SUD>82</SUD>
    <AUST>82</AUST>
    <BRNN>82</BRNN>
    <COAC>82</COAC>
    <CORS>82</CORS>
    <FOGN>82</FOGN>
    <FRAN>82</FRAN>
    <GREC>82</GREC>
    <MFTV>82</MFTV>
    <PRGP>82</PRGP>
    <ROSN>82</ROSN>
    <SLOV>82</SLOV>
    <SVIZ>82</SVIZ>
    <MALT>82</MALT>
  </PrezziConvenzionali>
</NewDataSet>